player_id,season,player_name,position,team,games,attempts,completions,pass_yards,pass_tds,interceptions,sacks_suffered,pass_air_yards,pass_yac,pass_epa,cpoe_w,carries,rush_yards,rush_tds,rush_epa,ppr,pfr_pocket_time,times_blitzed,times_hurried,times_hit,times_pressured,pfr_pressure_pct,bad_throws,pfr_bad_throw_pct,pfr_on_target_pct,pfr_team_drop_pct,throwaways,batted_balls,rpo_plays,pa_pass_att,pfr_iay_per_att,pfr_cay_per_comp,pfr_scrambles,pfr_scramble_ypa,pfr_pass_attempts,pfr_blitz_rate,pfr_pa_rate,pfr_rpo_rate,ngs_avg_time_to_throw,ngs_avg_completed_air_yards,ngs_avg_intended_air_yards_pass,ngs_avg_air_yards_differential,ngs_aggressiveness,ngs_avg_air_yards_to_sticks,ngs_expected_completion_percentage,ngs_completion_percentage_above_expectation,ngs_avg_air_distance,ngs_max_air_distance,ngs_passer_rating,dropbacks,qb_epa_total,cpoe_sum,cpoe_n,sacks,scrambles,pbp_air_yards,pbp_air_yards_n,qb_hits,espn_qbr,espn_qbr_raw,espn_pts_added,qb_plays,epa_total,pbp_carries,gl5_carries,third_down_carries,rush_epa_total,comp_pct,ypa,adot,td_rate,int_rate,td_int,epa_per_dropback,cpoe,sack_rate,scramble_rate,pressure_rate_pbp,designed_rushes,rush_epa_per_att,rush_ppr,rush_share_of_ppr,attempts_pg,pass_yards_pg,pass_tds_pg,interceptions_pg,carries_pg,rush_yards_pg,rush_tds_pg,ppr_pg,dropbacks_pg,designed_rushes_pg,rush_ppr_pg,sacks_pg,scrambles_pg,gl5_carries_pg
00-0022924,2018,Ben Roethlisberger,QB,PIT,16,675,452,5129,34,16,24,5254,2802,146.1111890163953,2.7374072007290393,31,98,3,11.136703057476542,341.86,2.3,164,58,37,119,17.62962962962963,122,18.074074074074073,,3.6,7,,,,,,,,675,0.24296296296296296,,,2.55290327380952,4.8095796460177,7.67011904761905,-2.86053940160135,16.8888888888889,-0.893869047619047,66.4337558028875,0.529207160075501,20.3217619635354,59.2881311899777,96.466049382716,705,157.17544760869987,1126.3547465205193,661,24.0,12.0,5219.0,669,70.0,69.6,71.0,48.2,762.0,113.5,7.0,2.0,4.0,2.3109794120828155,0.6696296296296296,7.598518518518518,7.783703703703703,0.05037037037037037,0.023703703703703703,2.125,0.22294389731730477,1.704016257973554,0.03404255319148936,0.01702127659574468,0.13333333333333333,19.0,0.3301399160118308,27.8,0.08131983853039255,42.1875,320.5625,2.125,1.0,1.9375,6.125,0.1875,21.36625,44.0625,1.1875,1.7375,1.5,0.75,0.125
00-0029668,2018,Andrew Luck,QB,IND,16,639,430,4593,39,15,18,4770,1968,112.33887004126812,1.0958675982777377,46,148,0,-9.114091660718213,327.92,2.3,154,50,51,119,18.622848200312987,88,13.77151799687011,,5.9,8,,,,,,,,639,0.24100156494522693,,,2.63175039246468,6.06904651162791,7.60037735849057,-1.53133084686266,17.9968701095462,-1.16220125786164,66.015679219589,1.2769655378445,20.0216671314294,61.802020193518,98.6730568596766,676,119.43367275255055,532.403427362442,629,18.0,21.0,4770.0,637,75.0,69.6,69.4,42.9,741.0,103.0,6.0,0.0,6.0,0.6124045705364551,0.672926447574335,7.187793427230047,7.464788732394366,0.06103286384976526,0.023474178403755867,2.6,0.17667703069903928,0.8464283423886201,0.026627218934911243,0.03106508875739645,0.13757396449704143,25.0,0.10206742842274252,14.8,0.0451329592583557,39.9375,287.0625,2.4375,0.9375,2.875,9.25,0.0,20.495,42.25,1.5625,0.925,1.125,1.3125,0.0
00-0026143,2018,Matt Ryan,QB,ATL,16,608,422,4924,35,7,42,5201,2133,120.77863280527059,4.17239015523086,33,125,3,5.749050383927903,354.96,2.3,201,53,48,143,23.519736842105264,79,12.993421052631579,,6.1,18,,,,,,,,608,0.3305921052631579,,,2.68038550247117,6.54708530805687,8.50196046128501,-1.95487515322814,16.7763157894737,-0.545815485996705,64.7371582671583,4.67073646968377,20.9017306534588,59.2919033258336,107.373903508772,666,137.0229725579502,2588.18581700325,595,42.0,17.0,5201.0,607,105.0,65.7,68.5,39.7,722.0,92.9,7.0,2.0,4.0,2.5469649368315004,0.694078947368421,8.098684210526315,8.554276315789474,0.05756578947368421,0.011513157894736841,5.0,0.20574019903596125,4.349892129417227,0.06306306306306306,0.025525525525525526,0.22072072072072071,16.0,0.36385213383307147,30.5,0.08592517466756819,38.0,307.75,2.1875,0.4375,2.0625,7.8125,0.1875,22.185,41.625,1.0,1.90625,2.625,1.0625,0.125
00-0029604,2018,Kirk Cousins,QB,MIN,16,606,425,4298,30,10,40,4396,1947,-10.796679241282337,2.550333393208036,44,123,1,-22.55701791605679,283.12,2.5,143,97,39,176,29.042904290429046,68,11.221122112211221,,4.3,17,,,,,,,,606,0.23597359735973597,,,2.73712271973466,5.56390588235294,7.43568822553897,-1.87178234318603,12.8712871287129,-1.19117744610282,65.1766690757532,4.955344125567,20.9453305852855,62.871848231144,99.7043454345435,660,-13.641799921728602,1545.4859554767609,592,40.0,17.0,4396.0,603,94.0,59.5,58.2,16.8,718.0,71.8,12.0,1.0,4.0,4.25452371960273,0.7013201320132013,7.092409240924092,7.254125412541254,0.04950495049504951,0.0165016501650165,3.0,-0.02066939382080091,2.610618168035069,0.06060606060606061,0.025757575757575757,0.20303030303030303,27.0,0.35454364330022753,18.3,0.0646369030799661,37.875,268.625,1.875,0.625,2.75,7.6875,0.0625,17.695,41.25,1.6875,1.14375,2.5,1.0625,0.0625
00-0023459,2018,Aaron Rodgers,QB,GB,16,597,372,4442,25,2,49,5241,2134,53.97709843791429,-0.20690420050219313,43,269,2,22.653117174534025,312.58,2.5,153,90,38,177,29.64824120603015,106,17.75544388609715,,4.9,48,,,,,,,,597,0.2562814070351759,,,2.94966722689076,5.98325268817204,8.79534453781513,-2.81209184964308,13.7353433835846,-0.164319327731093,63.3533890151623,-1.04183122621758,23.2701963051622,63.0004857124134,97.5746789503071,677,79.45136951798159,-341.2924885749817,575,49.0,33.0,5241.0,595,94.0,58.0,54.4,9.1,737.0,70.0,5.0,1.0,1.0,-1.0187800821731798,0.6231155778894473,7.440536013400335,8.77889447236181,0.04187604690117253,0.0033500837520938024,12.5,0.11735800519642775,-0.5935521540434464,0.0723781388478582,0.04874446085672083,0.21122599704579026,10.0,-0.20375601643463598,38.900000000000006,0.12444814127583341,37.3125,277.625,1.5625,0.125,2.6875,16.8125,0.125,19.53625,42.3125,0.625,2.4312500000000004,3.0625,2.0625,0.0625
00-0028986,2018,Case Keenum,QB,DEN,16,586,365,3890,18,15,34,4369,1795,-20.644758365198054,-1.18440668459978,26,93,2,3.1723808853277076,214.9,2.3,180,77,51,162,27.64505119453925,95,16.21160409556314,,6.2,35,,,,,,,,586,0.30716723549488056,,,2.68452054794521,5.56901369863014,7.45382504288165,-1.88481134425151,16.0409556313993,-1.4998627787307,63.7946111289943,-1.5079217091991,20.7420449568344,55.2887294120601,81.221558589306,629,-5.047661953174106,-703.6302372813225,562,34.0,12.0,4375.0,583,90.0,44.5,45.5,-8.8,685.0,50.6,3.0,1.0,1.0,6.440726508386433,0.6228668941979523,6.638225255972697,7.455631399317406,0.030716723549488054,0.025597269624573378,1.2,-0.008024899766572505,-1.2520110983653425,0.05405405405405406,0.019077901430842606,0.1971383147853736,14.0,2.146908836128811,21.3,0.09911586784550953,36.625,243.125,1.125,0.9375,1.625,5.8125,0.125,13.43125,39.3125,0.875,1.33125,2.125,0.75,0.0625
00-0033873,2018,Patrick Mahomes,QB,KC,16,580,383,5097,50,12,26,5255,2613,221.761403859503,4.598798885849664,60,272,2,15.273857628499666,417.08000000000004,2.4,127,121,67,214,36.896551724137936,95,16.379310344827587,,5.0,24,,,,,,,,580,0.2189655172413793,,,2.90960276338515,6.38355091383812,9.15321739130435,-2.76966647746623,12.2413793103448,0.248869565217392,64.5218346919864,1.51264806663426,21.2121494179198,64.9350475475301,113.843390804598,632,235.5744778652799,2470.5647006630898,560,26.0,28.0,5239.0,578,104.0,80.3,80.4,72.2,722.0,126.0,18.0,4.0,6.0,7.57822661017417,0.6603448275862069,8.787931034482758,9.060344827586206,0.08620689655172414,0.020689655172413793,4.166666666666667,0.37274442700202515,4.411722679755518,0.04113924050632911,0.04430379746835443,0.20569620253164558,32.0,0.42101258945412057,39.2,0.09398676512899204,36.25,318.5625,3.125,0.75,3.75,17.0,0.125,26.067500000000003,39.5,2.0,2.45,1.625,1.75,0.25
00-0022803,2018,Eli Manning,QB,NYG,16,576,380,4299,21,11,47,4229,2162,29.098344210250623,1.873537134288586,15,20,1,6.784902483151341,239.95999999999998,2.4,122,64,41,152,26.38888888888889,94,16.319444444444446,,4.2,9,,,,,,,,576,0.21180555555555555,,,2.64693739130435,5.26921052631579,7.19775652173913,-1.92854599542334,18.75,-1.99528695652174,67.4214779248966,-1.44925570267434,20.141730761862,58.4446926589575,92.3538773148148,626,28.129064701764463,263.35710883140564,567,47.0,4.0,4229.0,575,94.0,49.1,48.7,-2.5,684.0,54.8,7.0,3.0,0.0,6.818816371058347,0.6597222222222222,7.463541666666667,7.342013888888889,0.036458333333333336,0.019097222222222224,1.9090909090909092,0.044934608149783485,0.4644746187502745,0.07507987220447285,0.006389776357827476,0.22523961661341854,11.0,0.9741166244369067,8.0,0.033338889814969165,36.0,268.6875,1.3125,0.6875,0.9375,1.25,0.0625,14.997499999999999,39.125,0.6875,0.5,2.9375,0.25,0.1875
00-0019596,2018,Tom Brady,QB,NE,16,570,375,4355,29,11,21,4487,2121,91.6049442171317,0.49081117416435494,23,35,2,2.0642284156909207,281.3,2.4,108,48,39,108,18.947368421052634,103,18.070175438596493,,4.6,22,,,,,,,,570,0.18947368421052632,,,2.61571302816901,5.64429333333333,7.65393298059965,-2.00963964726631,13.859649122807,-1.10091710758377,67.3524461640862,-1.56297247987567,20.759877126824,56.6244275909258,97.6608187134503,594,99.46313519724579,567.1478927135468,552,21.0,5.0,4487.0,568,65.0,68.4,66.6,31.4,643.0,82.6,8.0,1.0,4.0,1.7531432974190517,0.6578947368421053,7.640350877192983,7.871929824561404,0.05087719298245614,0.01929824561403509,2.6363636363636362,0.16744635555091883,1.0274418346259906,0.03535353535353535,0.008417508417508417,0.1447811447811448,18.0,0.21914291217738147,15.5,0.05510131532172058,35.625,272.1875,1.8125,0.6875,1.4375,2.1875,0.125,17.58125,37.125,1.125,0.96875,1.3125,0.3125,0.0625
00-0033106,2018,Jared Goff,QB,LA,16,561,364,4688,32,12,33,4865,2126,118.90923145140022,1.9505116999103167,43,108,2,-9.530824036037192,310.32,2.6,151,66,34,133,23.707664884135475,93,16.577540106951872,,2.5,29,,,,,,,,561,0.26916221033868093,,,2.94961538461538,6.95521978021978,8.80908765652952,-1.85386787630974,13.1907308377897,0.0899463327370303,64.6697022751266,0.214433197244176,21.9074662440254,62.731383692694,101.073232323232,612,123.12762260105056,819.4387912750244,538,33.0,20.0,4865.0,559,70.0,63.6,63.1,25.2,665.0,79.9,5.0,1.0,1.0,-4.106652629154269,0.6488413547237076,8.35650623885918,8.672014260249554,0.0570409982174688,0.0213903743315508,2.6666666666666665,0.20118892581871006,1.5231204298792276,0.05392156862745098,0.032679738562091505,0.16830065359477125,23.0,-0.8213305258308538,22.8,0.07347254447022429,35.0625,293.0,2.0,0.75,2.6875,6.75,0.125,19.395,38.25,1.4375,1.425,2.0625,1.25,0.0625
00-0026498,2018,Matthew Stafford,QB,DET,16,555,367,3777,21,11,40,3836,2030,7.4154323858591304,-1.6096430993059831,25,71,0,-7.474139096347603,212.18,2.3,165,56,34,130,23.423423423423422,94,16.936936936936934,,5.4,15,,,,,,,,555,0.2972972972972973,,,2.63678700361011,4.70136239782016,7.00318264014467,-2.3018202423245,16.036036036036,-1.9678842676311,65.7916514518427,0.334474674283385,20.2114849827243,58.4230262824513,89.8986486486487,607,8.853694192385834,-1147.8536486625671,544,40.0,13.0,3836.0,554,79.0,51.3,48.4,-2.8,647.0,49.2,4.0,0.0,1.0,1.3614670962560922,0.6612612612612613,6.805405405405406,6.911711711711711,0.03783783783783784,0.01981981981981982,1.9090909090909092,0.014585987137373697,-2.1100250894532486,0.06589785831960461,0.0214168039538715,0.19604612850082373,12.0,0.34036677406402305,7.1000000000000005,0.033462154774248284,34.6875,236.0625,1.3125,0.6875,1.5625,4.4375,0.0,13.26125,37.9375,0.75,0.44375000000000003,2.5,0.8125,0.0
00-0031280,2018,Derek Carr,QB,LV,16,553,381,4049,19,10,51,3778,1994,-0.1528469585130523,4.232292228675452,24,47,1,-3.5603660875931435,216.76,2.3,141,69,28,148,26.763110307414106,66,11.934900542495479,,6.3,21,,,,,,,,553,0.2549728752260398,,,2.55742124542125,4.97837270341208,6.7317247706422,-1.75335206723013,13.2007233273056,-1.99304587155963,67.7155910453896,1.18133481356162,19.4006688740365,60.4051471316808,93.9232971669681,605,2.6995881994461,2008.7684765458107,529,51.0,8.0,3778.0,546,84.0,46.5,46.9,-5.9,669.0,50.8,5.0,1.0,1.0,-0.20844208120252006,0.6889692585895117,7.321880650994575,6.831826401446655,0.034358047016274866,0.018083182640144666,1.9,0.00446212925528281,3.79729390651382,0.08429752066115702,0.013223140495867768,0.2231404958677686,16.0,-0.04168841624050401,10.7,0.04936335117180291,34.5625,253.0625,1.1875,0.625,1.5,2.9375,0.0625,13.5475,37.8125,1.0,0.66875,3.1875,0.5,0.0625
00-0033077,2018,Dak Prescott,QB,DAL,16,526,356,3885,22,8,56,3973,1892,24.431834138462097,0.9541574437995406,75,305,6,9.551345463682825,285.9,2.4,168,73,49,178,33.840304182509506,89,16.920152091254753,,4.3,13,,,,,,,,526,0.3193916349809886,,,2.82399809885932,5.5023595505618,7.57304761904762,-2.07068806848582,17.680608365019,-1.52028571428571,65.4038848383742,2.27672352664484,20.9535848854048,60.9946202545766,96.8631178707224,610,39.379794542209936,551.9551604986191,515,56.0,29.0,3968.0,525,104.0,55.2,56.2,12.2,693.0,71.7,30.0,4.0,6.0,4.092542452359975,0.6768060836501901,7.385931558935361,7.553231939163498,0.04182509505703422,0.015209125475285171,2.75,0.06455704023313104,1.071757593201202,0.09180327868852459,0.047540983606557376,0.26229508196721313,46.0,0.13641808174533251,66.5,0.23259881077299757,32.875,242.8125,1.375,0.5,4.6875,19.0625,0.375,17.86875,38.125,2.875,4.15625,3.5,1.8125,0.25
00-0022942,2018,Philip Rivers,QB,LAC,16,508,347,4308,32,12,32,3948,2119,141.0976528023679,3.670278569969517,18,7,0,-14.580907153040537,285.02,2.4,151,45,46,123,24.21259842519685,64,12.598425196850393,,4.6,13,,,,,,,,508,0.297244094488189,,,2.61796653543307,6.25731988472623,7.9059251968504,-1.64860531212417,15.748031496063,-1.1413188976378,65.7907111687571,2.51637544541612,20.208580317573,57.1483551819298,105.495406824147,545,136.747698770712,1815.1012241840363,503,32.0,5.0,3948.0,508,81.0,67.8,69.1,33.9,595.0,79.1,4.0,1.0,1.0,1.5079609620567562,0.6830708661417323,8.48031496062992,7.771653543307087,0.06299212598425197,0.023622047244094488,2.6666666666666665,0.25091320875359996,3.6085511415189586,0.05871559633027523,0.009174311926605505,0.20733944954128442,13.0,0.37699024051418906,0.7000000000000001,0.0024559680022454566,31.75,269.25,2.0,0.75,1.125,0.4375,0.0,17.81375,34.0625,0.8125,0.043750000000000004,2.0,0.3125,0.0625
00-0033537,2018,Deshaun Watson,QB,HOU,16,505,345,4165,26,9,62,4320,1753,60.15564543369622,4.609533824429034,99,551,5,9.93491346927699,331.7,2.5,163,77,59,198,39.20792079207921,84,16.633663366336634,,3.5,13,,,,,,,,505,0.3227722772277228,,,3.01136472945892,6.77211594202899,8.76523046092184,-1.99311451889286,14.4554455445545,-0.212725450901803,64.7156846323189,3.60114705084942,21.2213348776546,63.8130785967892,103.114686468647,619,83.778735218197,2271.974268555641,493,62.0,58.0,4319.0,499,124.0,61.8,60.7,21.5,702.0,79.5,29.0,8.0,4.0,6.5099866542441305,0.6831683168316832,8.247524752475247,8.554455445544555,0.05148514851485148,0.01782178217821782,2.888888888888889,0.13534529114409855,4.608467076177771,0.10016155088852989,0.09369951534733441,0.30048465266558966,41.0,0.2244822984222114,85.1,0.2565571299366898,31.5625,260.3125,1.625,0.5625,6.1875,34.4375,0.3125,20.73125,38.6875,2.5625,5.31875,3.875,3.625,0.5
00-0020531,2018,Drew Brees,QB,NO,15,489,364,3992,32,5,17,3502,1827,157.3049550512213,6.590105541552106,31,22,4,7.614698947552828,304.98,2.4,137,43,24,84,17.177914110429448,49,10.020449897750511,,4.6,13,,,,,,,,489,0.28016359918200406,,,2.5861881390593,5.87714285714286,7.11339468302659,-1.23625182588373,15.5419222903885,-1.57167689161554,67.2785587654523,7.1590690464086,20.1911928652771,51.34780618488,115.682515337423,510,164.91878035958374,3130.3830057382584,482,17.0,4.0,3502.0,489,46.0,79.2,80.4,56.1,562.0,100.5,9.0,3.0,4.0,11.70046513187117,0.7443762781186094,8.16359918200409,7.161554192229039,0.065439672801636,0.010224948875255624,6.4,0.32337015756781123,6.494570551324188,0.03333333333333333,0.00784313725490196,0.12352941176470589,27.0,1.3000516813190188,26.2,0.08590727260803986,32.6,266.1333333333333,2.1333333333333333,0.3333333333333333,2.066666666666667,1.4666666666666666,0.26666666666666666,20.332,34.0,1.8,1.7466666666666666,1.1333333333333333,0.26666666666666666,0.2
00-0034855,2018,Baker Mayfield,QB,CLE,14,486,310,3725,27,14,25,4515,1696,33.30804157179602,3.0700152544593102,39,131,0,-9.446474089549172,240.1,2.2,169,84,18,127,26.13168724279835,81,16.666666666666664,,6.6,13,,,,,,,,486,0.3477366255144033,,,2.79188612836439,6.29467741935484,9.04461538461539,-2.74993796526055,15.6378600823045,0.0446153846153842,64.1358251346145,-0.34981690416182,22.097933164465,63.7934518583217,93.6899862825789,524,49.46861495132477,604.9962565302849,471,25.0,17.0,4511.0,482,46.0,51.2,53.2,5.3,580.0,51.5,8.0,1.0,4.0,-5.1328032843302935,0.6378600823045267,7.6646090534979425,9.290123456790123,0.05555555555555555,0.02880658436213992,1.9285714285714286,0.09440575372390222,1.2844931136524096,0.04770992366412214,0.03244274809160305,0.13549618320610687,22.0,-0.6416004105412867,13.100000000000001,0.05456059975010413,34.714285714285715,266.07142857142856,1.9285714285714286,1.0,2.7857142857142856,9.357142857142858,0.0,17.15,37.42857142857143,1.5714285714285714,0.9357142857142858,1.7857142857142858,1.2142857142857142,0.07142857142857142
00-0027939,2018,Cam Newton,QB,CAR,14,471,320,3395,24,13,29,3380,1743,32.34535891689214,3.4205364818328374,101,488,4,10.191035671254223,282.6,2.3,135,49,22,100,21.231422505307858,62,13.163481953290871,,5.3,16,,,,,,,,471,0.28662420382165604,,,2.69327564102564,5.0395625,7.10094218415418,-2.06137968415418,17.1974522292994,-1.67207708779443,64.9588780631875,2.98167395379767,21.0496746020231,51.4544186635123,94.2188605803255,523,41.267737543206096,1381.3844054937363,454,29.0,26.0,3380.0,468,59.0,53.2,55.0,8.9,629.0,62.6,62.0,5.0,18.0,6.077172308032463,0.6794055201698513,7.208067940552017,7.176220806794055,0.050955414012738856,0.027600849256900213,1.8461538461538463,0.07890580792200018,3.0426969284003,0.055449330783938815,0.0497131931166348,0.1682600382409178,75.0,0.09801890819407198,72.80000000000001,0.25760792639773533,33.642857142857146,242.5,1.7142857142857142,0.9285714285714286,7.214285714285714,34.857142857142854,0.2857142857142857,20.185714285714287,37.357142857142854,5.357142857142857,5.200000000000001,2.0714285714285716,1.8571428571428572,0.35714285714285715
00-0033869,2018,Mitchell Trubisky,QB,CHI,14,434,289,3223,24,12,24,3859,1404,54.04980859030137,2.4217702828101766,68,421,3,28.393517534105143,263.02,2.4,120,59,18,101,23.27188940092166,78,17.972350230414747,,2.6,10,,,,,,,,434,0.2764976958525346,,,2.65972517321016,6.03934256055363,8.78113163972286,-2.74178907916923,17.741935483871,0.0790531177829099,65.3425079774678,1.24735377368427,22.0436660028549,63.7769433259387,95.4301075268817,493,77.7961557567844,850.6897062063217,426,24.0,36.0,3859.0,433,45.0,71.0,70.8,35.3,565.0,80.3,20.0,2.0,6.0,10.5360802191135,0.6658986175115207,7.426267281105991,8.891705069124423,0.055299539170506916,0.027649769585253458,2.0,0.1578015329752219,1.9969241929725863,0.0486815415821501,0.07302231237322515,0.13995943204868155,32.0,0.5268040109556751,60.1,0.22849973386054295,31.0,230.21428571428572,1.7142857142857142,0.8571428571428571,4.857142857142857,30.071428571428573,0.21428571428571427,18.787142857142857,35.214285714285715,2.2857142857142856,4.292857142857143,1.7142857142857142,2.5714285714285716,0.14285714285714285
00-0029263,2018,Russell Wilson,QB,SEA,16,427,280,3448,35,7,51,3833,1385,64.52902963982189,7.678196736635594,67,376,0,15.946136747907298,299.42,2.5,145,82,31,164,38.40749414519906,61,14.285714285714285,,4.6,24,,,,,,,,427,0.3395784543325527,,,3.01626014319809,7.33475,9.24251196172249,-1.90776196172249,14.2857142857143,0.0272009569377991,61.5274305147854,4.04633997701789,22.5110263423959,64.5129831894325,110.865534738486,498,86.0337346887186,3014.2518892884254,399,51.0,29.0,3804.0,418,92.0,63.3,62.8,21.1,571.0,69.0,19.0,1.0,3.0,4.502265365968924,0.6557377049180327,8.074941451990632,8.976580796252927,0.08196721311475409,0.01639344262295082,5.0,0.17275850339100118,7.554516013254199,0.10240963855421686,0.05823293172690763,0.28714859437751006,38.0,0.236961335050996,37.6,0.1255761138200521,26.6875,215.5,2.1875,0.4375,4.1875,23.5,0.0,18.71375,31.125,2.375,2.35,3.1875,1.8125,0.0625
00-0034869,2018,Sam Darnold,QB,NYJ,13,414,239,2865,17,15,30,3832,1278,-14.11760973225359,-3.994384453583666,43,135,1,-5.928581931061881,168.1,2.4,107,69,12,111,26.811594202898554,75,18.115942028985508,,4.9,24,,,,,,,,414,0.2584541062801932,,,2.90794673123487,6.51502092050209,9.35021791767555,-2.83519699717345,19.5652173913043,0.108087167070218,59.7036090216055,-1.97414042257168,22.6251013883366,60.7883442775011,77.6167471819646,458,-6.045147288997557,-1853.7559419870377,400,30.0,15.0,3832.0,413,47.0,45.9,45.5,-6.6,510.0,36.6,12.0,2.0,8.0,3.6018633347994182,0.5772946859903382,6.920289855072464,9.256038647342995,0.04106280193236715,0.036231884057971016,1.1333333333333333,-0.0131990115480296,-4.634389854967594,0.06550218340611354,0.03275109170305677,0.16812227074235808,28.0,0.3001552778999515,19.5,0.11600237953599049,31.846153846153847,220.3846153846154,1.3076923076923077,1.1538461538461537,3.3076923076923075,10.384615384615385,0.07692307692307693,12.930769230769231,35.23076923076923,2.1538461538461537,1.5,2.3076923076923075,1.1538461538461537,0.15384615384615385
00-0031407,2018,Blake Bortles,QB,JAX,13,403,243,2718,13,11,31,2889,1480,-24.306520929399262,-6.665704559736198,58,365,1,15.997698533858067,173.22,2.4,128,30,31,92,22.8287841191067,70,17.3697270471464,,6.1,12,,,,,,,,403,0.3176178660049628,,,2.76612158808933,4.91711934156379,6.97583126550869,-2.0587119239449,16.8734491315137,-1.59240694789082,67.2255849701447,-6.92781822076505,18.4130280390802,49.1353436947377,79.8128618693135,473,-8.94245399031165,-2772.777183353901,400,31.0,39.0,2889.0,403,66.0,43.4,41.7,-12.2,515.0,30.5,12.0,0.0,3.0,11.12354593037162,0.6029776674937966,6.744416873449132,7.168734491315137,0.03225806451612903,0.02729528535980149,1.1818181818181819,-0.018905822389665223,-6.931942958384752,0.06553911205073996,0.0824524312896406,0.20507399577167018,19.0,0.9269621608643016,42.5,0.2453527306315668,31.0,209.07692307692307,1.0,0.8461538461538461,4.461538461538462,28.076923076923077,0.07692307692307693,13.324615384615385,36.38461538461539,1.4615384615384615,3.269230769230769,2.3846153846153846,3.0,0.0
00-0032950,2018,Carson Wentz,QB,PHI,11,401,279,3074,21,7,31,3120,1397,37.265094869056675,5.061961786579558,34,93,0,-1.7959565051919917,193.66,2.3,124,44,31,106,26.433915211970078,57,14.214463840399002,,3.8,3,,,,,,,,401,0.3092269326683292,,,2.66339097744361,5.7991726618705,7.78625628140703,-1.98708361953653,15.9600997506234,-1.08560301507538,66.2238423586823,3.35221749169176,20.5133879538494,59.0770683091164,102.187240232751,445,39.881038969731264,1993.2307302951813,395,31.0,16.0,3120.0,398,70.0,62.0,62.6,17.8,488.0,58.5,9.0,3.0,3.0,-0.39044811185754114,0.6957605985037406,7.665835411471321,7.780548628428928,0.05236907730673317,0.017456359102244388,3.0,0.08962031229153093,5.046153747582737,0.0696629213483146,0.035955056179775284,0.22696629213483147,18.0,-0.043383123539726794,9.3,0.04802230713621812,36.45454545454545,279.45454545454544,1.9090909090909092,0.6363636363636364,3.090909090909091,8.454545454545455,0.0,17.605454545454545,40.45454545454545,1.6363636363636365,0.8454545454545456,2.8181818181818183,1.4545454545454546,0.2727272727272727
00-0034343,2018,Josh Rosen,QB,ARI,14,393,217,2278,11,14,45,3262,977,-150.63271166350518,-8.322271948876251,23,138,0,3.882553987593643,112.92,2.3,106,39,38,122,31.043256997455472,76,19.338422391857506,,5.7,22,,,,,,,,393,0.2697201017811705,,,2.76584693877551,5.85184331797235,8.37413881748072,-2.52229549950837,21.6284987277354,-0.962622107969152,58.5252708080047,-3.30898582072734,21.1139215224938,58.6232888876085,66.7355810008482,447,-140.579842937894,-2913.707660138607,369,44.0,15.0,3241.0,389,87.0,24.1,24.7,-38.7,491.0,7.9,,,,,0.5521628498727735,5.796437659033079,8.30025445292621,0.027989821882951654,0.035623409669211195,0.7857142857142857,-0.31449629292593734,-7.896226721242837,0.09843400447427293,0.03355704697986577,0.2930648769574944,8.0,,13.8,0.12221041445270989,28.071428571428573,162.71428571428572,0.7857142857142857,1.0,1.6428571428571428,9.857142857142858,0.0,8.065714285714286,31.928571428571427,0.5714285714285714,0.9857142857142858,3.142857142857143,1.0714285714285714,
00-0026158,2018,Joe Flacco,QB,BAL,9,379,232,2465,12,6,16,3237,1015,17.285783355289748,-2.025357776196568,19,45,0,0.17475584469501726,137.1,2.3,116,47,22,85,22.427440633245382,65,17.150395778364118,,6.0,9,,,,,,,,379,0.30606860158311344,,,2.71335904255319,5.92784482758621,8.40290666666667,-2.47506183908046,16.8865435356201,-0.373093333333333,63.9229239767482,-2.70920366012547,21.2181636520435,58.4915318657325,84.1523746701847,396,20.470401293171975,-963.9305919408798,369,16.0,5.0,3237.0,376,40.0,54.8,56.3,7.9,441.0,43.4,8.0,0.0,6.0,6.427537642070092,0.6121372031662269,6.503957783641161,8.54089709762533,0.0316622691292876,0.0158311345646438,2.0,0.051692932558515085,-2.6122780269400536,0.04040404040404041,0.012626262626262626,0.1414141414141414,14.0,0.8034422052587615,4.5,0.03282275711159738,42.111111111111114,273.8888888888889,1.3333333333333333,0.6666666666666666,2.111111111111111,5.0,0.0,15.233333333333333,44.0,1.5555555555555556,0.5,1.7777777777777777,0.5555555555555556,0.0
00-0031503,2018,Jameis Winston,QB,TB,11,378,244,2992,19,14,27,4086,895,43.695390217023785,2.8391119561253673,49,281,1,13.511506807551445,195.78,2.4,84,43,29,99,26.190476190476193,60,15.873015873015872,,4.8,5,,,,,,,,378,0.2222222222222222,,,2.80137400530504,8.43147540983606,10.8553050397878,-2.42382962995173,20.3703703703704,1.55822281167109,62.3856000237601,2.1646645265045,22.5270640945395,60.2777944188405,90.1785714285714,439,67.70748630876393,856.4477160573006,372,27.0,36.0,4057.0,376,58.0,66.2,69.7,28.6,485.0,65.6,7.0,0.0,4.0,0.023311102266220907,0.6455026455026455,7.915343915343915,10.80952380952381,0.05026455026455026,0.037037037037037035,1.3571428571428572,0.15423117610196796,2.3022788066056465,0.06150341685649203,0.08200455580865604,0.19362186788154898,13.0,0.0033301574666029865,34.1,0.1741750944938196,34.36363636363637,272.0,1.7272727272727273,1.2727272727272727,4.454545454545454,25.545454545454547,0.09090909090909091,17.798181818181817,39.90909090909091,1.1818181818181819,3.1,2.4545454545454546,3.272727272727273,0.0
00-0027973,2018,Andy Dalton,QB,CIN,11,365,226,2566,21,11,21,2947,1142,26.430023859967747,-3.3626386827156227,16,99,0,-3.2377783769512396,174.54,2.3,100,54,15,90,24.65753424657534,55,15.068493150684931,,5.1,9,,,,,,,,365,0.273972602739726,,,2.60820165745856,6.15022123893805,8.36761111111111,-2.21738987217306,17.2602739726027,-0.607388888888889,62.4919852359246,-0.574177016746504,21.6734135524131,55.2247281568683,89.5947488584475,395,31.772051555911947,-1085.85754185915,357,21.0,12.0,2947.0,362,38.0,59.4,62.3,15.4,433.0,50.6,1.0,0.0,0.0,-0.45641101337969303,0.6191780821917808,7.03013698630137,8.073972602739726,0.057534246575342465,0.030136986301369864,1.9090909090909092,0.08043557355927075,-3.0416177643113445,0.053164556962025315,0.030379746835443037,0.14936708860759493,4.0,-0.45641101337969303,9.9,0.05672052251632864,33.18181818181818,233.27272727272728,1.9090909090909092,1.0,1.4545454545454546,9.0,0.0,15.867272727272727,35.90909090909091,0.36363636363636365,0.9,1.9090909090909092,1.0909090909090908,0.0
00-0032268,2018,Marcus Mariota,QB,TEN,14,331,228,2528,11,8,42,2516,1266,8.214828941137668,3.0975276651317034,64,357,2,9.620992577576544,175.92000000000002,2.4,108,59,14,115,34.74320241691843,53,16.012084592145015,,4.7,12,,,,,,,,331,0.32628398791540786,,,2.68318429003021,5.24925438596491,7.47543806646526,-2.22618368050034,12.0845921450151,-1.32818731117825,68.7338659635483,0.14830926303776,19.8173020974595,55.559734520604,92.3149546827795,407,27.245389489918583,1106.4216285943985,321,42.0,34.0,2516.0,331,57.0,53.2,50.6,0.8,471.0,42.2,23.0,4.0,9.0,2.678375972318463,0.6888217522658611,7.637462235649547,7.601208459214502,0.03323262839879154,0.02416918429003021,1.375,0.06694198891871887,3.446796350761366,0.10319410319410319,0.08353808353808354,0.24324324324324326,30.0,0.11645112923123753,47.7,0.27114597544338337,23.642857142857142,180.57142857142858,0.7857142857142857,0.5714285714285714,4.571428571428571,25.5,0.14285714285714285,12.565714285714288,29.071428571428573,2.142857142857143,3.4071428571428575,3.0,2.4285714285714284,0.2857142857142857
00-0023436,2018,Alex Smith,QB,WAS,10,328,205,2180,10,5,22,2650,975,-7.5640124047216215,-2.0965298957811243,41,168,1,11.927961189125195,138.0,2.4,82,51,23,96,29.268292682926827,56,17.073170731707318,,4.8,14,,,,,,,,328,0.25,,,2.78976380368098,5.69517073170732,8.06870769230769,-2.37353696060038,17.6829268292683,-0.91283076923077,61.8850531607367,0.61494683926334,20.4190673851311,55.0144744590003,85.6707317073171,369,0.8186687973231486,-536.0659286379814,315,22.0,21.0,2650.0,325,50.0,46.9,51.4,1.6,422.0,35.0,13.0,1.0,2.0,10.233055234828498,0.625,6.646341463414634,8.079268292682928,0.03048780487804878,0.01524390243902439,2.0,0.0022186146268920017,-1.7017965988507346,0.05962059620596206,0.056910569105691054,0.1951219512195122,20.0,0.7871580949868076,22.8,0.16521739130434784,32.8,218.0,1.0,0.5,4.1,16.8,0.1,13.8,36.9,2.0,2.2800000000000002,2.2,2.1,0.1
00-0034857,2018,Josh Allen,QB,BUF,12,319,168,2044,10,12,28,3509,913,-39.51235742536214,-6.711145175955461,89,631,8,33.82010488156171,206.86,2.4,126,54,33,115,35.9375,78,24.375,,5.9,17,,,,,,,,320,0.39375,,,3.217784375,6.47869822485207,11.02934375,-4.55064552514793,13.75,1.40121875,60.9191933600232,-8.10669336002322,23.969448079536,67.2575229992898,67.890625,394,-4.127795336407045,-2084.9279895424843,303,28.0,47.0,3509.0,319,68.0,49.8,49.8,-0.3,461.0,35.6,34.0,4.0,11.0,7.97262388783649,0.5266457680250783,6.407523510971787,11.0,0.03134796238244514,0.03761755485893417,0.8333333333333334,-0.01047663790966255,-6.880950460536252,0.07106598984771574,0.11928934010152284,0.2436548223350254,42.0,0.23448893787754382,111.1,0.5370782171516968,26.583333333333332,170.33333333333334,0.8333333333333334,1.0,7.416666666666667,52.583333333333336,0.6666666666666666,17.238333333333333,32.833333333333336,3.5,9.258333333333333,2.3333333333333335,3.9166666666666665,0.3333333333333333
00-0029701,2018,Ryan Tannehill,QB,MIA,11,274,176,1979,17,9,35,2229,1071,-53.82381453888732,-0.7421127699132763,32,145,0,-10.76178561876572,142.96,2.4,97,30,32,97,35.4014598540146,41,14.963503649635038,,4.2,9,,,,,,,,274,0.354014598540146,,,2.64855311355311,4.88619318181818,7.9007326007326,-3.01453941891442,13.5036496350365,-1.48754578754579,65.2505832744667,-1.01700663213094,21.3693305158968,57.6568001193268,92.7007299270073,315,-49.02023277355841,-249.67986047267914,267,35.0,7.0,2229.0,273,75.0,33.2,31.0,-20.6,363.0,13.4,14.0,0.0,3.0,2.1147529277282575,0.6423357664233577,7.2226277372262775,8.135036496350365,0.06204379562043796,0.032846715328467155,1.8888888888888888,-0.15561978658272513,-0.9351305635680867,0.1111111111111111,0.022222222222222223,0.3492063492063492,25.0,0.1510537805520184,14.5,0.10142697257974258,24.90909090909091,179.9090909090909,1.5454545454545454,0.8181818181818182,2.909090909090909,13.181818181818182,0.0,12.996363636363638,28.636363636363637,2.272727272727273,1.3181818181818181,3.1818181818181817,0.6363636363636364,0.0
00-0033319,2018,Nick Mullens,QB,SF,8,274,176,2277,13,10,17,1900,1220,32.17042121404918,2.0076405944190587,18,-16,0,-9.980393811550924,123.48,2.3,79,32,41,90,32.846715328467155,34,12.408759124087592,,4.7,13,,,,,,,,274,0.28832116788321166,,,2.69749259259259,5.75278409090909,7.41460966542751,-1.66182557451842,12.043795620438,-1.40323420074349,64.5701551639958,-0.336578521660002,19.6810588583685,54.5973808895628,90.845498783455,288,30.729899975592094,505.4947316646576,261,17.0,1.0,1900.0,270,62.0,51.7,53.8,3.6,334.0,29.0,4.0,1.0,2.0,-2.9108983877813444,0.6423357664233577,8.31021897810219,6.934306569343065,0.04744525547445255,0.0364963503649635,1.3,0.106701041581917,1.9367614240025195,0.059027777777777776,0.003472222222222222,0.2743055555555556,17.0,-0.7277245969453361,-1.6,-0.01295756397797214,34.25,284.625,1.625,1.25,2.25,-2.0,0.0,15.435,36.0,2.125,-0.2,2.125,0.125,0.125
00-0023682,2018,Ryan Fitzpatrick,QB,TB,8,246,164,2366,17,12,14,2546,874,60.62122162937669,4.650549094452127,36,152,2,1.1229270898180919,165.84,2.4,76,24,27,65,26.422764227642276,36,14.634146341463413,,3.3,6,,,,,,,,246,0.3089430894308943,,,2.64536991869919,8.84396341463415,10.1942276422764,-1.35026422764228,20.3252032520325,1.16983739837398,62.4645489820741,4.20211768459255,22.3524121947608,54.4912561793174,100.423441734417,282,62.08087635887478,1249.2632746696472,244,14.0,23.0,2534.0,245,49.0,61.0,62.1,10.8,310.0,33.0,6.0,3.0,2.0,-0.11055246973410249,0.6666666666666666,9.617886178861788,10.34959349593496,0.06910569105691057,0.04878048780487805,1.4166666666666667,0.22014495162721553,5.119931453564128,0.04964539007092199,0.08156028368794327,0.22340425531914893,13.0,-0.018425411622350413,27.200000000000003,0.1640135069946937,30.75,295.75,2.125,1.5,4.5,19.0,0.25,20.73,35.25,1.625,3.4000000000000004,1.75,2.875,0.375
00-0029567,2018,Nick Foles,QB,PHI,5,195,141,1413,7,4,9,1320,717,16.223552850342458,5.525583329709244,9,17,0,8.282084548787685,76.22,2.4,38,19,16,44,22.564102564102566,20,10.256410256410255,,4.2,3,,,,,,,,195,0.19487179487179487,,,2.68062176165803,4.64666666666667,6.65518134715026,-2.00851468048359,14.8717948717949,-2.50025906735751,67.1396999634229,5.16799234426938,19.645747393093,56.8852748960573,95.9508547008547,202,19.18464236827812,1082.9811215400696,192,8.0,2.0,1316.0,192,28.0,65.4,67.4,11.8,230.0,31.7,6.0,0.0,1.0,7.6474052729899995,0.7230769230769231,7.246153846153846,6.769230769230769,0.035897435897435895,0.020512820512820513,1.75,0.09497347707068376,5.640526674687862,0.039603960396039604,0.009900990099009901,0.1782178217821782,7.0,1.2745675454983332,1.7000000000000002,0.02230385725531357,39.0,282.6,1.4,0.8,1.8,3.4,0.0,15.244,40.4,1.4,0.34,1.6,0.4,0.0
00-0029682,2018,Brock Osweiler,QB,MIA,7,178,113,1247,6,4,17,1424,669,-8.481884581689167,2.714611896523816,8,21,0,-4.900161778845359,67.98,2.3,41,31,11,59,33.146067415730336,29,16.292134831460675,,3.0,11,,,,,,,,178,0.2303370786516854,,,2.7704011299435,4.81840707964602,7.80193181818182,-2.9835247385358,8.98876404494382,-0.226477272727273,64.1311659153258,-0.648019847910049,20.5140186002108,56.5506940717795,86.0486891385768,198,-8.530708077240106,41.30716323852539,165,17.0,4.0,1424.0,177,32.0,,,,,,1.0,0.0,1.0,0.66533791157417,0.6348314606741573,7.00561797752809,8.0,0.033707865168539325,0.02247191011235955,1.5,-0.04308438422848539,0.25034644386985083,0.08585858585858586,0.020202020202020204,0.2474747474747475,4.0,0.66533791157417,2.1,0.03089143865842895,25.428571428571427,178.14285714285714,0.8571428571428571,0.5714285714285714,1.1428571428571428,3.0,0.0,9.711428571428572,28.285714285714285,0.5714285714285714,0.3,2.4285714285714284,0.5714285714285714,0.0
00-0032436,2018,Jeff Driskel,QB,CIN,8,176,105,1003,6,2,16,1378,506,-15.10121311374685,1.090006900923731,25,130,2,7.029480925470123,85.12,2.4,57,9,16,41,23.295454545454543,37,21.022727272727273,,7.0,5,,,,,,,,176,0.32386363636363635,,,2.55754545454545,4.62809523809524,7.76875,-3.14065476190476,21.0227272727273,-1.83920454545455,62.5591629862108,-2.90007207711989,20.8612909272299,51.3912716324475,82.1732954545455,203,-6.510474146700697,-773.3905553817749,171,16.0,12.0,1378.0,176,31.0,,,,,,10.0,1.0,1.0,0.9273700808989815,0.5965909090909091,5.698863636363637,7.829545454545454,0.03409090909090909,0.011363636363636364,3.0,-0.03207130121527437,-4.522751785858333,0.07881773399014778,0.059113300492610835,0.2315270935960591,13.0,0.09273700808989815,25.0,0.29370300751879697,22.0,125.375,0.75,0.25,3.125,16.25,0.25,10.64,25.375,1.625,3.125,2.0,1.5,0.125
00-0034796,2018,Lamar Jackson,QB,BAL,16,170,99,1201,6,3,16,1475,510,-7.153491226755806,-3.603767019262577,147,695,5,1.9272301576465454,157.54,2.5,51,33,9,58,34.11764705882353,34,20.0,,4.3,6,,,,,,,,170,0.3,,,3.10125294117647,6.49707070707071,8.32339285714286,-1.82632215007215,17.6470588235294,-0.509940476190476,63.6406174652717,-5.4053233476246,19.6363296490306,58.583551445777,84.4607843137255,203,-2.722727256277337,-986.9363993406296,164,16.0,17.0,1475.0,170,23.0,42.6,46.3,-3.6,338.0,27.7,110.0,5.0,27.0,18.314455746255533,0.5823529411764706,7.064705882352941,8.676470588235293,0.03529411764705882,0.01764705882352941,2.0,-0.013412449538312004,-6.017904874028229,0.07881773399014778,0.08374384236453201,0.1921182266009852,130.0,0.16649505223868666,99.5,0.6315856290465913,10.625,75.0625,0.375,0.1875,9.1875,43.4375,0.3125,9.84625,12.6875,8.125,6.21875,1.0,1.0625,0.3125
00-0033936,2018,C.J. Beathard,QB,SF,5,169,102,1252,8,7,18,1115,728,-26.175466675058153,-7.035439914983259,19,69,1,-0.026305980581966093,74.98,2.3,62,10,18,46,27.218934911242602,27,15.976331360946746,,6.1,5,,,,,,,,169,0.3668639053254438,,,2.61151479289941,5.00813725490196,6.80656804733728,-1.79843079243532,14.792899408284,-2.30585798816568,67.8666165021397,-7.51158691634088,19.6975606381371,53.6063317155726,81.7677514792899,197,-20.638949766819913,-1099.25517141819,166,18.0,11.0,1120.0,168,39.0,,,,,,6.0,2.0,3.0,-0.3147293830520854,0.6035502958579881,7.408284023668639,6.597633136094674,0.047337278106508875,0.04142011834319527,1.1428571428571428,-0.10476624247116707,-6.622019104928856,0.09137055837563451,0.05583756345177665,0.2893401015228426,8.0,-0.05245489717534757,12.9,0.17204587890104028,33.8,250.4,1.6,1.4,3.8,13.8,0.2,14.996,39.4,1.6,2.58,3.6,2.2,0.4
00-0033104,2018,Cody Kessler,QB,JAX,5,131,85,709,2,2,22,880,345,-39.812439870402,2.7094915735148497,19,123,0,11.155480950229572,38.660000000000004,2.5,42,27,13,62,47.32824427480916,18,13.740458015267176,,7.4,10,,,,,,,,131,0.32061068702290074,,,2.9151679389313,4.19741176470588,6.6806106870229,-2.48319892231702,12.2137404580153,-2.72396946564886,62.9184108796238,1.9670853035823,20.2566268935553,50.0610227622249,77.4332061068702,168,-30.170282851370544,325.9753242135048,122,22.0,15.0,880.0,131,39.0,,,,,,3.0,2.0,2.0,1.5133239311981015,0.648854961832061,5.412213740458015,6.717557251908397,0.015267175572519083,0.015267175572519083,1.0,-0.17958501697244372,2.671928886995941,0.13095238095238096,0.08928571428571429,0.3630952380952381,4.0,0.5044413103993671,12.3,0.31815830315571647,26.2,141.8,0.4,0.4,3.8,24.6,0.0,7.732000000000001,33.6,0.8,2.46,4.4,3.0,0.4
00-0021206,2018,Josh McCown,QB,NYJ,4,110,60,539,1,4,7,805,308,-32.38688326054923,-26.139813918353266,5,32,0,2.84682585380506,20.759999999999998,2.3,47,8,14,29,26.36363636363636,24,21.818181818181817,,6.6,3,,,,,,,,110,0.42727272727272725,,,,,,,,,,,,,,121,-29.59620919000144,-1001.5449091792107,105,7.0,5.0,805.0,109,27.0,,,,,,,,,,0.5454545454545454,4.9,7.318181818181818,0.00909090909090909,0.03636363636363636,0.25,-0.24459677016530115,-9.538522944563912,0.05785123966942149,0.04132231404958678,0.2809917355371901,0.0,,3.2,0.15414258188824664,27.5,134.75,0.25,1.0,1.25,8.0,0.0,5.1899999999999995,30.25,0.0,0.8,1.75,1.25,
00-0027948,2018,Blaine Gabbert,QB,TEN,8,101,61,626,4,4,5,710,301,-23.275365386910433,-9.90592301195914,6,0,0,2.00376456684899,33.04,2.1,28,9,2,16,15.841584158415841,24,23.762376237623762,,4.0,2,,,,,,,,101,0.27722772277227725,,,,,,,,,,,,,,106,-23.27536538691046,-795.9909588098526,99,5.0,0.0,710.0,101,7.0,,,,,,2.0,0.0,1.0,2.003764566848986,0.6039603960396039,6.198019801980198,7.02970297029703,0.039603960396039604,0.039603960396039604,1.0,-0.21957891874443833,-8.040312715251037,0.04716981132075472,0.0,0.11320754716981132,6.0,1.001882283424493,0.0,0.0,12.625,78.25,0.5,0.5,0.75,0.0,0.0,4.13,13.25,0.75,0.0,0.625,0.0,0.0
00-0026300,2018,Josh Johnson,QB,WAS,4,91,52,590,3,4,9,839,302,-10.12819985959134,-3.5679677875511207,23,120,1,2.44781783311085,49.6,2.6,36,18,6,33,36.26373626373626,12,13.186813186813188,,9.4,6,,,,,,,,91,0.3956043956043956,,,,,,,,,,,,,,113,-8.515496531366932,-423.9863395690918,87,9.0,13.0,839.0,90,20.0,,,,,,9.0,0.0,3.0,-0.9188904975890182,0.5714285714285714,6.483516483516484,9.219780219780219,0.03296703296703297,0.04395604395604396,0.75,-0.07535837638377815,-4.873406201943584,0.07964601769911504,0.11504424778761062,0.25663716814159293,10.0,-0.10209894417655757,18.0,0.3629032258064516,22.75,147.5,0.75,1.0,5.75,30.0,0.25,12.4,28.25,2.5,4.5,2.25,3.25,0.0
00-0031345,2018,Jimmy Garoppolo,QB,SF,3,89,53,718,5,3,13,792,368,-0.48411393099178923,-6.281647386857206,8,33,0,1.0095272401813378,48.019999999999996,2.4,21,16,4,33,37.07865168539326,16,17.97752808988764,,5.7,2,,,,,,,,89,0.23595505617977527,,,,,,,,,,,,,,107,0.2897947979891584,-598.2683941721916,87,13.0,5.0,792.0,89,21.0,,,,,,1.0,0.0,0.0,1.437178831838537,0.5955056179775281,8.067415730337078,8.898876404494382,0.056179775280898875,0.033707865168539325,1.6666666666666667,0.002708362598029518,-6.876648208875766,0.12149532710280374,0.04672897196261682,0.3177570093457944,3.0,1.437178831838537,3.3000000000000003,0.06872136609745941,29.666666666666668,239.33333333333334,1.6666666666666667,1.0,2.6666666666666665,11.0,0.0,16.006666666666664,35.666666666666664,1.0,1.1,4.333333333333333,1.6666666666666667,0.0
00-0028118,2018,Tyrod Taylor,QB,CLE,4,85,42,473,2,2,13,846,198,-28.32597711209416,-8.197247409004097,16,125,1,9.02954963222146,41.419999999999995,2.4,37,21,9,43,50.588235294117645,19,22.35294117647059,,6.3,5,,,,,,,,85,0.43529411764705883,,,,,,,,,,,,,,107,-19.189912187952913,-995.3268319368362,82,13.0,10.0,846.0,84,23.0,,,,,,6.0,0.0,2.0,-0.6467754910700023,0.49411764705882355,5.564705882352941,9.952941176470588,0.023529411764705882,0.023529411764705882,1.0,-0.17934497371918612,-12.138132096790686,0.12149532710280374,0.09345794392523364,0.3364485981308411,6.0,-0.10779591517833371,18.5,0.44664413326895225,21.25,118.25,0.5,0.5,4.0,31.25,0.25,10.354999999999999,26.75,1.5,4.625,3.25,2.5,0.0
00-0033958,2018,Nathan Peterman,QB,BUF,4,81,44,296,1,7,7,493,183,-46.03248223019443,-10.57540581563825,10,50,1,2.232307866564949,12.840000000000002,2.4,32,12,7,26,32.098765432098766,15,18.51851851851852,,3.8,3,,,,,,,,81,0.3950617283950617,,,,,,,,,,,,,,96,-45.842535085120325,-1097.2588196396828,79,7.0,8.0,493.0,81,14.0,,,,,,2.0,1.0,1.0,2.9893607214908116,0.5432098765432098,3.654320987654321,6.08641975308642,0.012345679012345678,0.08641975308641975,0.14285714285714285,-0.47752640713667005,-13.889352147337757,0.07291666666666667,0.08333333333333333,0.21875,2.0,1.4946803607454058,11.0,0.8566978193146416,20.25,74.0,0.25,1.75,2.5,12.5,0.25,3.2100000000000004,24.0,0.5,2.75,1.75,2.0,0.25
00-0027854,2018,Sam Bradford,QB,ARI,3,80,50,400,2,4,6,512,192,-32.02339148496671,-5.93546082376773,2,7,0,0.39248498622328,12.7,2.2,17,8,9,23,28.749999999999996,11,13.750000000000002,,6.4,2,,,,,,,,80,0.2125,,,,,,,,,,,,,,87,-30.683906498743454,-584.702479839325,80,6.0,1.0,512.0,80,17.0,,,,,,,,,,0.625,5.0,6.4,0.025,0.05,0.5,-0.3526885804453271,-7.308780997991562,0.06896551724137931,0.011494252873563218,0.26436781609195403,1.0,,0.7000000000000001,0.05511811023622048,26.666666666666668,133.33333333333334,0.6666666666666666,1.3333333333333333,0.6666666666666666,2.3333333333333335,0.0,4.233333333333333,29.0,0.3333333333333333,0.23333333333333336,2.0,0.3333333333333333,
00-0026544,2018,Chase Daniel,QB,CHI,4,76,53,515,3,2,9,648,168,-5.774031971985901,4.19872341082481,13,3,0,-5.1544916284037745,30.7,2.5,20,5,5,19,25.0,12,15.789473684210526,,2.6,0,,,,,,,,76,0.2631578947368421,,,,,,,,,,,,,,87,-3.2933254282516065,317.9388254880905,76,9.0,2.0,648.0,76,14.0,,,,,,2.0,0.0,1.0,-1.624722452601418,0.6973684210526315,6.776315789473684,8.526315789473685,0.039473684210526314,0.02631578947368421,1.5,-0.037854315267259846,4.183405598527507,0.10344827586206896,0.022988505747126436,0.26436781609195403,11.0,-0.812361226300709,0.30000000000000004,0.00977198697068404,19.0,128.75,0.75,0.5,3.25,0.75,0.0,7.675,21.75,2.75,0.07500000000000001,2.25,0.5,0.0
00-0023645,2018,Derek Anderson,QB,BUF,2,70,42,465,0,4,5,618,174,-38.5977860581913,-5.01348299997367,1,-1,0,1.4740977678448,6.5,2.4,18,14,5,24,34.285714285714285,12,17.142857142857142,,4.3,1,,,,,,,,70,0.2571428571428571,,,,,,,,,,,,,,74,-38.09922369067475,-260.07057428359985,68,5.0,0.0,618.0,69,11.0,,,,,,,,,,0.6,6.642857142857143,8.82857142857143,0.0,0.05714285714285714,0.0,-0.5148543741983074,-3.8245672688764683,0.06756756756756757,0.0,0.21621621621621623,1.0,,-0.1,-0.015384615384615385,35.0,232.5,0.0,2.0,0.5,-0.5,0.0,3.25,37.0,0.5,-0.05,2.5,0.0,
00-0031800,2018,Taylor Heinicke,QB,CAR,5,57,35,320,1,3,2,508,151,-17.191150184179886,7.408086908798597,5,31,0,2.89048714458477,13.9,2.3,17,5,8,15,26.31578947368421,14,24.561403508771928,,0.0,3,,,,,,,,57,0.2982456140350877,,,,,,,,,,,,,,60,-13.818107912416377,20.41407972574234,55,2.0,2.0,508.0,56,10.0,,,,,,1.0,0.0,0.0,-0.35376076330430806,0.6140350877192983,5.614035087719298,8.912280701754385,0.017543859649122806,0.05263157894736842,0.3333333333333333,-0.23030179854027294,0.371165085922588,0.03333333333333333,0.03333333333333333,0.2,3.0,-0.35376076330430806,3.1,0.22302158273381295,11.4,64.0,0.2,0.6,1.0,6.2,0.0,2.7800000000000002,12.0,0.6,0.62,0.4,0.4,0.0
00-0027688,2018,Colt McCoy,QB,WAS,3,54,34,372,3,3,6,479,151,-5.961726266455798,9.176974986728867,10,63,0,4.20730971824377,27.18,2.3,6,8,3,17,31.48148148148148,7,12.962962962962962,,0.0,0,,,,,,,,54,0.1111111111111111,,,,,,,,,,,,,,65,-3.415492132395004,-21.394944190979004,52,6.0,7.0,479.0,52,12.0,,,,,,2.0,0.0,0.0,1.9302946761017665,0.6296296296296297,6.888888888888889,8.87037037037037,0.05555555555555555,0.05555555555555555,1.0,-0.05254603280607698,-0.41144123444190395,0.09230769230769231,0.1076923076923077,0.27692307692307694,3.0,0.9651473380508833,6.300000000000001,0.2317880794701987,18.0,124.0,1.0,1.0,3.3333333333333335,21.0,0.0,9.06,21.666666666666668,1.0,2.1,2.0,2.3333333333333335,0.0
00-0033899,2018,DeShone Kizer,QB,GB,3,42,20,187,0,2,4,428,63,-26.913568605435998,-10.447660434458914,5,39,0,7.478996561549138,5.38,2.5,5,5,4,13,30.952380952380953,10,23.809523809523807,,10.5,3,,,,,,,,42,0.11904761904761904,,,,,,,,,,,,,,49,-18.47489421791397,-533.9705288410187,39,4.0,4.0,429.0,41,7.0,,,,,,,,,,0.47619047619047616,4.4523809523809526,10.19047619047619,0.0,0.047619047619047616,0.0,-0.3770386575084484,-13.691552021564581,0.08163265306122448,0.08163265306122448,0.22448979591836735,1.0,,3.9000000000000004,0.7249070631970261,14.0,62.333333333333336,0.0,0.6666666666666666,1.6666666666666667,13.0,0.0,1.7933333333333332,16.333333333333332,0.3333333333333333,1.3,1.3333333333333333,1.3333333333333333,
00-0026898,2018,Mark Sanchez,QB,WAS,2,35,19,138,0,3,7,220,87,-31.68757938128978,-16.849120259284994,1,8,0,1.59005501493812,0.31999999999999984,2.4,8,10,4,21,60.0,5,14.285714285714285,,17.1,0,,,,,,,,35,0.22857142857142856,,,,,,,,,,,,,,43,-30.097524366351685,-490.6686455011368,34,7.0,1.0,220.0,35,12.0,,,,,,,,,,0.5428571428571428,3.942857142857143,6.285714285714286,0.0,0.08571428571428572,0.0,-0.6999424271244578,-14.431430750033435,0.16279069767441862,0.023255813953488372,0.4418604651162791,0.0,,0.8,2.5000000000000013,17.5,69.0,0.0,1.5,0.5,4.0,0.0,0.15999999999999992,21.5,0.0,0.4,3.5,0.5,
00-0034577,2018,Kyle Allen,QB,CAR,2,31,20,266,2,0,0,243,92,13.0936192231719,14.84762718556105,5,19,1,1.64399372815387,26.54,2.4,11,3,5,8,25.806451612903224,9,29.03225806451613,,0.0,1,,,,,,,,31,0.3548387096774194,,,,,,,,,,,,,,34,14.626918435166694,40.212371945381165,31,0.0,3.0,243.0,31,5.0,95.2,96.4,9.5,41.0,9.9,2.0,1.0,0.0,0.1106945161591284,0.6451612903225806,8.580645161290322,7.838709677419355,0.06451612903225806,0.0,,0.43020348338725567,1.2971732885606828,0.0,0.08823529411764706,0.14705882352941177,2.0,0.0553472580795642,7.9,0.2976639035418237,15.5,133.0,1.0,0.0,2.5,9.5,0.5,13.27,17.0,1.0,3.95,0.0,1.5,0.5
00-0030533,2018,Matt Barkley,QB,BUF,1,25,15,232,2,0,1,310,77,14.3523848957248,4.73017537593842,3,-2,0,-3.7684879747394,17.08,2.3,8,2,3,6,24.0,4,16.0,,0.0,0,,,,,,,,25,0.32,,,,,,,,,,,,,,26,14.352384895724782,118.25438439846039,25,1.0,0.0,310.0,25,4.0,85.8,83.4,3.1,27.0,3.4,1.0,1.0,0.0,-0.371592737181345,0.6,9.28,12.4,0.08,0.0,,0.5520148036817224,4.7301753759384155,0.038461538461538464,0.0,0.19230769230769232,3.0,-0.371592737181345,-0.2,-0.011709601873536302,25.0,232.0,2.0,0.0,3.0,-2.0,0.0,17.08,26.0,3.0,-0.2,1.0,0.0,1.0
00-0031237,2018,Teddy Bridgewater,QB,NO,4,23,14,118,1,1,2,141,53,-8.28122925839898,-38.73281407923927,11,5,0,-9.121405210928058,7.22,2.7,6,5,0,7,30.434782608695656,2,8.695652173913043,,0.0,1,,,,,,,,23,0.2608695652173913,,,,,,,,,,,,,,28,-8.872370464960568,-163.40500712394714,22,2.0,3.0,141.0,23,2.0,,,,,,1.0,0.0,0.0,-0.33447046414949,0.6086956521739131,5.130434782608695,6.130434782608695,0.043478260869565216,0.043478260869565216,1.0,-0.3168703737485917,-7.427500323815779,0.07142857142857142,0.10714285714285714,0.14285714285714285,8.0,-0.33447046414949,0.5,0.06925207756232687,5.75,29.5,0.25,0.25,2.75,1.25,0.0,1.805,7.0,2.0,0.125,0.5,0.75,0.0
00-0030520,2018,Mike Glennon,QB,ARI,2,21,15,174,1,0,1,177,84,8.74151767115108,5.88656780975206,0,0,0,0.0,10.959999999999999,2.0,4,1,0,2,9.523809523809524,5,23.809523809523807,,0.0,0,,,,,,,,21,0.19047619047619047,,,,,,,,,,,,,,22,8.741517671151087,147.2103387117386,21,1.0,0.0,177.0,21,2.0,75.0,77.7,2.0,23.0,1.1,,,,,0.7142857142857143,8.285714285714286,8.428571428571429,0.047619047619047616,0.0,,0.3973417123250494,7.010016129130409,0.045454545454545456,0.0,0.13636363636363635,0.0,,0.0,0.0,10.5,87.0,0.5,0.0,0.0,0.0,0.0,5.4799999999999995,11.0,0.0,0.0,0.5,0.0,
00-0023662,2018,Matt Cassel,QB,DET,2,17,7,59,0,1,1,124,29,-15.96698008093517,-31.0879538953304,2,13,0,2.352628548746,1.6600000000000001,2.3,3,1,0,2,11.76470588235294,5,29.411764705882355,,6.3,1,,,,,,,,17,0.17647058823529413,,,,,,,,,,,,,,19,-13.614351532189175,-463.20302188396454,16,1.0,1.0,124.0,17,2.0,,,,,,,,,,0.4117647058823529,3.4705882352941178,7.294117647058823,0.0,0.058823529411764705,0.0,-0.7165448174836409,-28.950188867747784,0.05263157894736842,0.05263157894736842,0.15789473684210525,1.0,,1.3,0.7831325301204819,8.5,29.5,0.0,0.5,1.0,6.5,0.0,0.8300000000000001,9.5,0.5,0.65,0.5,0.5,
00-0033949,2018,Joshua Dobbs,QB,PIT,5,12,6,43,0,1,0,59,19,-10.65412902296525,0.18994733691216817,4,11,0,1.4192640763358302,0.8200000000000001,2.5,2,1,1,2,16.666666666666664,2,16.666666666666664,,0.0,0,,,,,,,,12,0.16666666666666666,,,,,,,,,,,,,,14,-6.9297360454220325,-193.67492496967316,11,0.0,2.0,59.0,12,1.0,51.0,58.0,0.3,14.0,1.5,,,,,0.5,3.5833333333333335,4.916666666666667,0.0,0.08333333333333333,0.0,-0.49498114610157373,-17.606811360879377,0.0,0.14285714285714285,0.07142857142857142,2.0,,1.1,1.3414634146341464,2.4,8.6,0.0,0.2,0.8,2.2,0.0,0.164,2.8,0.4,0.22000000000000003,0.0,0.4,
00-0022787,2018,Matt Schaub,QB,ATL,2,7,5,20,0,0,0,32,8,-2.43650824035285,0.208765268325806,1,0,0,-1.40485743503086,1.1,1.5,0,0,0,0,0.0,1,14.285714285714285,,14.3,0,,,,,,,,7,0.0,,,,,,,,,,,,,,7,-2.4365082403528504,1.4613568782806396,7,0.0,0.0,32.0,7,0.0,63.2,60.6,0.2,7.0,0.2,,,,,0.7142857142857143,2.857142857142857,4.571428571428571,0.0,0.0,,-0.3480726057646929,0.20876526832580566,0.0,0.0,0.0,1.0,,0.0,0.0,3.5,10.0,0.0,0.0,0.5,0.0,0.0,0.55,3.5,0.5,0.0,0.0,0.0,
00-0029665,2018,Robert Griffin III,QB,BAL,2,6,2,21,0,0,0,72,26,0.05996812060383305,-24.56964328885076,0,0,0,0.0,0.84,2.3,4,1,0,1,16.666666666666664,2,33.33333333333333,,0.0,1,,,,,,,,6,0.6666666666666666,,,,,,,,,,,,,,6,0.059968120603833164,-94.80691999197006,5,0.0,0.0,72.0,6,1.0,,,,,,,,,,0.3333333333333333,3.5,12.0,0.0,0.0,,0.009994686767305527,-18.961383998394012,0.0,0.0,0.16666666666666666,0.0,,0.0,0.0,3.0,10.5,0.0,0.0,0.0,0.0,0.0,0.42,3.0,0.0,0.0,0.0,0.0,
00-0034369,2018,Kyle Lauletta,QB,NYG,1,5,0,0,0,1,0,76,0,-6.70542445906904,-50.9848684072495,1,-2,0,-1.81398891989375,-2.2,2.5,2,0,3,3,60.0,2,40.0,,0.0,0,,,,,,,,5,0.4,,,,,,,,,,,,,,5,-6.705424459069036,-254.92434203624725,5,0.0,0.0,76.0,5,2.0,,,,,,,,,,0.0,0.0,15.2,0.0,0.2,0.0,-1.3410848918138072,-50.98486840724945,0.0,0.0,0.4,1.0,,-0.2,0.09090909090909091,5.0,0.0,0.0,1.0,1.0,-2.0,0.0,-2.2,5.0,1.0,-0.2,0.0,0.0,
00-0030565,2018,Geno Smith,QB,LAC,4,4,1,8,0,0,1,11,11,-6.865301073891591,-18.6350792646408,8,2,0,-5.66564137884416,-1.4800000000000002,2.6,1,2,2,5,125.0,0,0.0,,0.0,1,,,,,,,,4,0.25,,,,,,,,,,,,,,6,-6.230927534414935,-84.60707068443298,3,1.0,1.0,11.0,4,3.0,,,,,,,,,,0.25,2.0,2.75,0.0,0.0,,-1.0384879224024892,-28.202356894810993,0.16666666666666666,0.16666666666666666,0.6666666666666666,7.0,,0.2,-0.13513513513513511,1.0,2.0,0.0,0.0,2.0,0.5,0.0,-0.37000000000000005,1.5,1.75,0.05,0.25,0.25,
00-0033119,2018,Jacoby Brissett,QB,IND,4,4,2,2,0,0,0,82,1,-0.67803789128084,-3.1443054477373997,7,-7,0,-3.73944531055167,-0.62,2.1,2,1,1,2,50.0,1,25.0,,0.0,0,,,,,,,,4,0.5,,,,,,,,,,,,,,4,-0.6780378912808374,-22.32745885848999,4,0.0,0.0,82.0,4,1.0,100.0,100.0,2.8,4.0,1.5,,,,,0.5,0.5,20.5,0.0,0.0,,-0.16950947282020934,-5.581864714622498,0.0,0.0,0.25,7.0,,-0.7000000000000001,1.1290322580645162,1.0,0.5,0.0,0.0,1.75,-1.75,0.0,-0.155,1.0,1.75,-0.17500000000000002,0.0,0.0,
00-0026197,2018,Chad Henne,QB,KC,1,3,2,29,0,0,0,18,15,0.37695603776956,-6.72556161880493,1,3,0,-0.330853099003434,1.46,1.8,2,0,0,0,0.0,0,0.0,,33.3,0,,,,,,,,3,0.6666666666666666,,,,,,,,,,,,,,3,0.37695603776955977,-20.176684856414795,3,0.0,0.0,18.0,3,0.0,69.6,80.7,0.4,4.0,0.2,1.0,0.0,0.0,-0.3308530990034342,0.6666666666666666,9.666666666666666,6.0,0.0,0.0,,0.12565201258985326,-6.725561618804932,0.0,0.0,0.0,1.0,-0.3308530990034342,0.30000000000000004,0.20547945205479456,3.0,29.0,0.0,0.0,1.0,3.0,0.0,1.46,3.0,1.0,0.30000000000000004,0.0,0.0,0.0
00-0031288,2018,AJ McCarron,QB,LV,2,3,1,8,0,0,1,7,1,-2.60523065755842,21.733033657074,3,-2,0,-3.24600089224987,0.12,2.6,0,1,1,3,100.0,0,0.0,,0.0,2,,,,,,,,3,0.0,,,,,,,,,,,,,,4,-2.6052306575584225,21.733033657073975,1,1.0,0.0,7.0,3,2.0,,,,,,1.0,0.0,0.0,-3.2460008922498673,0.3333333333333333,2.6666666666666665,2.3333333333333335,0.0,0.0,,-0.6513076643896056,21.733033657073975,0.25,0.0,0.75,3.0,-3.2460008922498673,-0.2,-1.6666666666666667,1.5,4.0,0.0,0.0,1.5,-1.0,0.0,0.06,2.0,1.5,-0.1,0.5,0.0,0.0
00-0031395,2018,Garrett Gilbert,QB,CAR,1,3,2,40,0,0,1,17,30,-0.356549131684005,0.70605476697286,0,0,0,0.0,1.6,3.3,3,1,1,3,100.0,0,0.0,,0.0,1,,,,,,,,3,1.0,,,,,,,,,,,,,,4,-0.35654913168400526,2.118164300918579,3,1.0,0.0,17.0,3,2.0,,,,,,,,,,0.6666666666666666,13.333333333333334,5.666666666666667,0.0,0.0,,-0.08913728292100132,0.7060547669728597,0.25,0.0,0.75,0.0,,0.0,0.0,3.0,40.0,0.0,0.0,0.0,0.0,0.0,1.6,4.0,0.0,0.0,1.0,0.0,
00-0032245,2018,Sean Mannion,QB,LA,3,3,2,23,0,0,0,-10,27,1.25644253120733,-14.918847878774,7,-9,0,-1.165068507310934,0.01999999999999999,2.2,1,0,0,0,0.0,0,0.0,,33.3,0,,,,,,,,3,0.3333333333333333,,,,,,,,,,,,,,3,1.2564425312073348,-44.75654363632202,3,0.0,0.0,-10.0,3,0.0,,,,,,1.0,0.0,1.0,-0.47528057801537216,0.6666666666666666,7.666666666666667,-3.3333333333333335,0.0,0.0,,0.4188141770691116,-14.918847878774008,0.0,0.0,0.0,7.0,-0.47528057801537216,-0.9,-45.00000000000002,1.0,7.666666666666667,0.0,0.0,2.3333333333333335,-3.0,0.0,0.006666666666666664,1.0,2.3333333333333335,-0.3,0.0,0.0,0.0
00-0026625,2018,Brian Hoyer,QB,NE,5,2,1,7,0,0,0,4,10,-3.001938008470465,-28.5696029663086,11,-8,0,0.12633825396187603,-0.52,1.4,0,0,0,0,0.0,1,50.0,,0.0,0,,,,,,,,2,0.0,,,,,,,,,,,,,,2,-3.0019380084704608,-57.13920593261719,2,0.0,0.0,4.0,2,0.0,,,,,,1.0,0.0,0.0,0.7522916577290744,0.5,3.5,2.0,0.0,0.0,,-1.5009690042352304,-28.569602966308594,0.0,0.0,0.0,11.0,0.7522916577290744,-0.8,1.5384615384615385,0.4,1.4,0.0,0.0,2.2,-1.6,0.0,-0.10400000000000001,0.4,2.2,-0.16,0.0,0.0,0.0
00-0032792,2018,Nate Sudfeld,QB,PHI,2,2,1,22,1,0,0,9,23,2.761273758951572,-23.551008105278,2,-2,0,-2.18673707678681,4.68,2.1,1,1,0,1,50.0,1,50.0,,0.0,0,,,,,,,,2,0.5,,,,,,,,,,,,,,2,2.7612737589515746,-47.10201621055603,2,0.0,0.0,9.0,2,0.0,,,,,,,,,,0.5,11.0,4.5,0.5,0.0,,1.3806368794757873,-23.551008105278015,0.0,0.0,0.0,2.0,,-0.2,-0.04273504273504274,1.0,11.0,0.5,0.0,1.0,-1.0,0.0,2.34,1.0,1.0,-0.1,0.0,0.0,
00-0031503,2019,Jameis Winston,QB,TB,16,626,380,5109,33,30,47,6481,1885,44.0461509363926,0.6708911092308656,59,250,1,7.492714253614706,305.36,2.5,241,60,54,161,25.718849840255594,124,19.808306709265175,69.9,3.8,22,11.0,9.0,93.0,,,,,626,0.38498402555910544,0.1485623003194888,0.01437699680511182,2.77142788461538,8.1923947368421,10.5341487603306,-2.34175402348848,16.7731629392971,1.38042975206612,60.369594949491,0.33328044987001,22.9449338871892,64.2075268173444,84.2784877529286,704,56.05925078007211,402.7772292494774,604,47.0,33.0,6481.0,624,103.0,55.7,59.1,20.1,772.0,78.4,9.0,1.0,2.0,8.484988018211945,0.6070287539936102,8.161341853035143,10.353035143769969,0.052715654952076675,0.04792332268370607,1.1,0.0796296175853297,0.6668497173004593,0.06676136363636363,0.046875,0.21306818181818182,26.0,0.942776446467994,31.0,0.10151951794603091,39.125,319.3125,2.0625,1.875,3.6875,15.625,0.0625,19.085,44.0,1.625,1.9375,2.9375,2.0625,0.0625
00-0033106,2019,Jared Goff,QB,LA,16,626,394,4638,22,16,22,4841,2244,60.89775038160341,-1.6121026441036674,33,40,2,-12.760811810235808,247.52,2.6,219,52,48,122,19.488817891373802,123,19.64856230031949,71.6,4.4,15,17.0,2.0,182.0,,,,,626,0.3498402555910543,0.29073482428115016,0.003194888178913738,2.8004656,5.90482233502538,7.79939044481054,-1.89456810978516,12.779552715655,-1.20225700164745,66.1376816146195,-3.19838449001883,21.0566447483676,60.4609791518464,86.4683173588924,657,64.49711170669761,-1085.7085943222046,607,22.0,10.0,4841.0,625,76.0,50.6,50.2,0.5,734.0,57.5,8.0,5.0,2.0,0.9325943270814605,0.6293929712460063,7.4089456869009584,7.733226837060703,0.03514376996805112,0.025559105431309903,1.375,0.09816911979710442,-1.788646778125543,0.0334855403348554,0.015220700152207,0.1491628614916286,23.0,0.11657429088518256,16.0,0.06464124111182934,39.125,289.875,1.375,1.0,2.0625,2.5,0.125,15.47,41.0625,1.4375,1.0,1.375,0.625,0.3125
00-0026143,2019,Matt Ryan,QB,ATL,15,616,408,4466,26,14,48,5051,1626,17.735534984003706,2.137204855227873,34,147,1,10.213850674169866,267.34000000000003,2.5,199,54,62,164,26.623376623376622,86,13.96103896103896,75.3,2.9,27,19.0,31.0,108.0,,,,,616,0.32305194805194803,0.17532467532467533,0.05032467532467533,2.77389918699187,6.78877450980392,8.28391525423729,-1.49514074443337,16.5584415584416,-1.18727118644068,64.0053603698367,2.22840586392958,20.0265667459558,55.5514365250801,92.086038961039,685,31.027689362705775,1062.8457427024841,590,48.0,22.0,5051.0,615,128.0,59.6,60.4,22.3,748.0,75.1,3.0,1.0,1.0,3.260841305949725,0.6623376623376623,7.25,8.199675324675324,0.04220779220779221,0.022727272727272728,1.8571428571428572,0.04529589687986245,1.8014334622076003,0.07007299270072993,0.032116788321167884,0.2569343065693431,12.0,1.0869471019832417,20.700000000000003,0.0774294905363956,41.06666666666667,297.73333333333335,1.7333333333333334,0.9333333333333333,2.2666666666666666,9.8,0.06666666666666667,17.82266666666667,45.666666666666664,0.8,1.3800000000000001,3.2,1.4666666666666666,0.06666666666666667
00-0019596,2019,Tom Brady,QB,NE,16,613,373,4057,24,8,27,4613,1863,31.60153647076919,-2.224334997040498,26,34,3,0.8319189805644002,263.68,2.5,198,55,37,119,19.412724306688418,118,19.249592169657422,73.1,5.9,40,6.0,21.0,124.0,,,,,613,0.32300163132137033,0.20228384991843393,0.03425774877650897,2.74539151712887,5.57196765498652,7.5777508650519,-2.00578321006538,15.1712887438825,-1.59352941176471,63.845328411641,-2.99704129907982,20.4842689825874,53.1877655105006,87.9792006525286,642,35.60702790570212,-1185.6416523456573,579,27.0,3.0,4593.0,612,87.0,55.7,54.5,8.9,691.0,61.0,8.0,6.0,3.0,4.360135272174375,0.6084828711256117,6.618270799347472,7.525285481239805,0.03915171288743882,0.013050570962479609,3.0,0.05546266028925564,-2.0477403322032077,0.04205607476635514,0.004672897196261682,0.17757009345794392,23.0,0.5450169090217969,21.4,0.08115898058252427,38.3125,253.5625,1.5,0.5,1.625,2.125,0.1875,16.48,40.125,1.4375,1.3375,1.6875,0.1875,0.375
00-0032950,2019,Carson Wentz,QB,PHI,16,607,388,4039,27,7,37,4889,1805,42.528689767627476,-0.7418161276998241,62,243,1,-10.60850588252627,275.86,2.4,184,67,53,157,25.86490939044481,106,17.462932454695224,72.3,4.7,10,16.0,79.0,149.0,,,,,607,0.3031301482701812,0.24546952224052718,0.1301482701812191,2.70992574257426,5.49090206185567,8.08926666666667,-2.598364604811,15.9802306425041,-0.465733333333333,64.7642368239027,-0.84331425388622,20.8585549955072,64.6957842521443,93.0978857770456,669,50.042386248373404,-379.10776138305664,596,36.0,28.0,4908.0,604,96.0,62.8,64.8,32.2,745.0,90.5,22.0,3.0,10.0,7.015117831906537,0.6392092257001647,6.654036243822076,8.054365733113674,0.044481054365733116,0.011532125205930808,3.857142857142857,0.07480177316647743,-0.6360868479581487,0.053811659192825115,0.04185351270553064,0.19730941704035873,34.0,0.31886899235938804,30.3,0.1098383237874284,37.9375,252.4375,1.6875,0.4375,3.875,15.1875,0.0625,17.24125,41.8125,2.125,1.89375,2.25,1.75,0.1875
00-0033077,2019,Dak Prescott,QB,DAL,16,596,388,4902,30,11,23,5613,1880,124.63704022900048,1.6300083642708068,52,277,3,16.779960711639397,337.78,2.6,155,40,57,120,20.13422818791946,86,14.429530201342283,77.6,6.2,14,9.0,54.0,129.0,,,,,596,0.2600671140939597,0.21644295302013422,0.09060402684563758,2.87671596638656,7.58659793814433,9.42025862068965,-1.83366068254532,17.9530201342282,0.570258620689656,62.2420509430211,2.85862019791848,22.3488361959062,67.2606013948731,99.6923937360179,638,135.9453763340233,556.5264314413071,576,23.0,20.0,5613.0,595,82.0,71.9,72.8,48.1,690.0,93.1,21.0,3.0,8.0,7.499186823821064,0.6510067114093959,8.224832214765101,9.417785234899329,0.050335570469798654,0.018456375838926176,2.727272727272727,0.21308052716931553,0.9661917212522693,0.03605015673981191,0.03134796238244514,0.164576802507837,32.0,0.3571041344676697,45.7,0.13529516253182547,37.25,306.375,1.875,0.6875,3.25,17.3125,0.1875,21.11125,39.875,2.0,2.85625,1.4375,1.25,0.1875
00-0022942,2019,Philip Rivers,QB,LAC,16,591,390,4615,23,20,34,5047,2154,68.73409827071941,4.678529517238962,12,29,0,-10.250968653534075,235.5,2.5,114,40,56,130,21.99661590524535,88,14.890016920473773,76.7,4.4,16,13.0,36.0,90.0,,,,,591,0.19289340101522842,0.15228426395939088,0.06091370558375635,2.62782142857143,5.98584615384615,8.59336842105263,-2.60752226720648,17.0896785109983,-0.703122807017544,63.7655658247154,2.22428189102061,21.3279171197294,57.6991525067743,88.4835025380711,628,68.9947832061113,2121.2939977645874,571,34.0,6.0,5047.0,588,92.0,50.5,50.8,1.5,691.0,57.1,1.0,0.0,0.0,-1.0775339662795886,0.6598984771573604,7.808798646362098,8.539763113367174,0.038917089678511,0.0338409475465313,1.15,0.10986430446833008,3.71505078417616,0.054140127388535034,0.009554140127388535,0.20063694267515925,6.0,-1.0775339662795886,2.9000000000000004,0.012314225053078557,36.9375,288.4375,1.4375,1.25,0.75,1.8125,0.0,14.71875,39.25,0.375,0.18125000000000002,2.125,0.375,0.0
00-0023459,2019,Aaron Rodgers,QB,GB,16,569,353,4002,26,4,36,5006,2020,59.8134504901262,1.067333867470568,46,183,1,0.22593683262120906,278.38,2.6,154,57,45,138,24.253075571177504,114,20.035149384885763,74.7,4.5,31,3.0,32.0,124.0,,,,,569,0.27065026362038663,0.2179261862917399,0.056239015817223195,2.88210211267606,5.38824362606232,8.94649350649351,-3.55824988043118,14.2355008787346,0.137588126159555,64.1878660334526,-2.14920171007829,23.2052921019911,60.4882046352841,95.3903046280023,630,74.40655539517645,355.02804815769196,538,36.0,26.0,5006.0,568,83.0,52.5,55.6,10.9,691.0,66.4,1.0,0.0,1.0,-0.4911168706603348,0.6203866432337434,7.033391915641476,8.797891036906854,0.04569420035149385,0.007029876977152899,6.5,0.11810564348440707,0.6599034352373456,0.05714285714285714,0.04126984126984127,0.18888888888888888,20.0,-0.4911168706603348,24.3,0.08729075364609527,35.5625,250.125,1.625,0.25,2.875,11.4375,0.0625,17.39875,39.375,1.25,1.51875,2.25,1.625,0.0
00-0035228,2019,Kyler Murray,QB,ARI,16,542,349,3722,20,12,48,4055,1846,4.996438923084709,-1.3264445824756683,93,544,4,-0.44547750936300545,285.28000000000003,2.3,151,63,16,127,23.43173431734317,92,16.974169741697416,73.5,3.3,24,18.0,108.0,116.0,,,,,542,0.2785977859778598,0.2140221402214022,0.1992619926199262,2.72767657992565,5.08106017191977,7.1168085106383,-2.03574833871853,14.0221402214022,-1.86191489361702,67.163522428802,-2.7723785173629,20.9544924200917,55.3319808067631,87.4308118081181,614,6.100441404439719,-784.0651214122772,517,48.0,28.0,4055.0,538,58.0,57.7,58.0,16.2,709.0,71.6,53.0,2.0,6.0,15.201823672192404,0.6439114391143912,6.867158671586716,7.481549815498155,0.03690036900369004,0.02214022140221402,1.6666666666666667,0.009935572319934395,-1.5165669659811938,0.0781758957654723,0.04560260586319218,0.17263843648208468,65.0,0.2868268617394793,78.4,0.2748177229388671,33.875,232.625,1.25,0.75,5.8125,34.0,0.25,17.830000000000002,38.375,4.0625,4.9,3.0,1.75,0.125
00-0034855,2019,Baker Mayfield,QB,CLE,16,534,317,3827,22,21,40,4521,1820,-11.716585903776338,-3.633155506280763,28,141,3,10.774565149855324,229.18,2.3,211,65,24,129,24.15730337078652,93,17.415730337078653,70.6,5.8,19,20.0,60.0,125.0,,,,,534,0.3951310861423221,0.2340823970037453,0.11235955056179775,2.78490413533835,6.26135646687697,8.72369649805448,-2.46234003117751,18.9138576779026,-0.391089494163424,62.1199960482031,-2.75670016805331,21.7358680048499,66.6494126005624,78.7609238451935,589,5.676264633553918,-1516.0280406475067,513,40.0,17.0,4516.0,532,65.0,54.4,51.2,2.3,664.0,54.4,7.0,2.0,3.0,-1.3781480753677897,0.5936329588014981,7.166666666666667,8.46629213483146,0.04119850187265917,0.03932584269662921,1.0476190476190477,0.009637121618937042,-2.9552203521393894,0.06791171477079797,0.028862478777589132,0.17826825127334464,11.0,-0.19687829648111282,32.1,0.14006457806091283,33.375,239.1875,1.375,1.3125,1.75,8.8125,0.1875,14.32375,36.8125,0.6875,2.00625,2.5,1.0625,0.125
00-0027973,2019,Andy Dalton,QB,CIN,13,528,314,3494,16,14,37,4278,1547,-15.90274026075698,-3.8365775923877234,32,73,4,4.4528643763900915,203.66000000000003,2.3,188,36,24,97,18.37121212121212,92,17.424242424242426,71.8,5.4,17,14.0,38.0,103.0,,,,,528,0.3560606060606061,0.19507575757575757,0.07196969696969698,2.51034548944338,5.95665605095541,8.09361111111111,-2.1369550601557,20.8333333333333,-0.914325396825397,61.5961150149815,-2.12641804528451,21.4469689296838,57.2882256663619,78.2670454545455,567,-5.855766486422418,-1581.0220941901207,503,37.0,10.0,4278.0,520,60.0,42.1,38.9,-20.1,632.0,30.3,11.0,3.0,5.0,-2.276754124672152,0.5946969696969697,6.617424242424242,8.102272727272727,0.030303030303030304,0.026515151515151516,1.1428571428571428,-0.010327630487517492,-3.143185077912765,0.06525573192239859,0.01763668430335097,0.1710758377425044,22.0,-0.20697764769746838,31.3,0.15368751841304132,40.61538461538461,268.7692307692308,1.2307692307692308,1.0769230769230769,2.4615384615384617,5.615384615384615,0.3076923076923077,15.666153846153849,43.61538461538461,1.6923076923076923,2.4076923076923076,2.8461538461538463,0.7692307692307693,0.23076923076923078
00-0029263,2019,Russell Wilson,QB,SEA,16,516,341,4110,31,5,48,4830,1723,87.89840900825465,7.662528356081654,75,342,3,-8.743588212382743,328.6,2.5,221,71,57,176,34.10852713178294,91,17.635658914728683,76.3,3.4,20,9.0,51.0,117.0,,,,,516,0.42829457364341084,0.22674418604651161,0.09883720930232558,2.85043859649123,6.84794721407625,9.43910750507099,-2.59116029099475,18.6046511627907,0.244381338742394,61.4829632038496,4.60230811397985,22.8790635226766,62.3743897765742,106.330749354005,606,107.82921649652654,3438.9854565262794,493,48.0,45.0,4830.0,513,108.0,71.5,71.2,43.0,674.0,90.9,12.0,1.0,2.0,-2.7942699003615417,0.6608527131782945,7.965116279069767,9.36046511627907,0.060077519379844964,0.009689922480620155,6.2,0.17793600081935074,6.97562972926223,0.07920792079207921,0.07425742574257425,0.25742574257425743,30.0,-0.23285582503012847,52.2,0.1588557516737675,32.25,256.875,1.9375,0.3125,4.6875,21.375,0.1875,20.5375,37.875,1.875,3.2625,3.0,2.8125,0.0625
00-0033869,2019,Mitchell Trubisky,QB,CHI,15,516,326,3138,17,10,38,4108,1403,-35.023205003466565,-2.871258145201381,48,193,2,-1.078091627981077,202.82,2.3,140,56,32,126,24.418604651162788,93,18.023255813953487,74.5,5.5,7,8.0,40.0,86.0,,,,,516,0.2713178294573643,0.16666666666666666,0.07751937984496124,2.63931384015595,5.11944785276074,8.01431411530815,-2.89486626254742,17.8294573643411,-1.0831013916501,63.9302232323522,-0.751928658708764,21.2730288683152,59.0100677850823,82.9780361757106,573,-30.511369478250465,-1169.6562513709068,503,38.0,22.0,4107.0,513,67.0,41.5,42.6,-13.5,644.0,39.8,18.0,2.0,4.0,-2.007915171678178,0.6317829457364341,6.0813953488372094,7.961240310077519,0.03294573643410853,0.01937984496124031,1.7,-0.05324846331282804,-2.3253603406976278,0.06631762652705062,0.038394415357766144,0.18324607329842932,26.0,-0.11155084287100989,31.3,0.15432403116063506,34.4,209.2,1.1333333333333333,0.6666666666666666,3.2,12.866666666666667,0.13333333333333333,13.521333333333333,38.2,1.7333333333333334,2.086666666666667,2.533333333333333,1.4666666666666666,0.13333333333333333
00-0031280,2019,Derek Carr,QB,LV,16,513,361,4054,21,8,29,3355,2135,98.1758995771477,5.947011786441263,27,82,2,-11.06646577149514,244.36,2.5,107,67,17,113,22.027290448343077,53,10.33138401559454,82.6,5.2,28,9.0,18.0,84.0,,,,,513,0.20857699805068225,0.16374269005847952,0.03508771929824561,2.81571037181996,4.92770083102493,6.48724637681159,-1.55954554578666,11.6959064327485,-2.09867494824017,68.1013500161803,2.26902035419006,18.9004979350063,55.6929699333767,100.800032488629,551,105.46320518397025,2704.745000600815,480,29.0,14.0,3339.0,508,47.0,64.1,65.6,27.3,598.0,70.3,2.0,0.0,0.0,0.8881353338365443,0.7037037037037037,7.902534113060429,6.539961013645224,0.04093567251461988,0.015594541910331383,2.625,0.19140327619595326,5.6348854179183645,0.05263157894736842,0.025408348457350273,0.13793103448275862,13.0,0.44406766691827215,20.200000000000003,0.08266492060893764,32.0625,253.375,1.3125,0.5,1.6875,5.125,0.125,15.2725,34.4375,0.8125,1.2625000000000002,1.8125,0.875,0.0
00-0023682,2019,Ryan Fitzpatrick,QB,MIA,15,502,311,3529,20,13,40,4513,1239,23.528554388908994,1.7500867548242787,54,243,4,3.4864561622928982,241.46,2.3,192,48,66,154,30.677290836653388,87,17.330677290836654,72.8,5.7,7,15.0,15.0,66.0,,,,,502,0.38247011952191234,0.13147410358565736,0.029880478087649404,2.60885971943888,7.13147909967846,9.02505070993915,-1.89357161026069,20.9163346613546,-0.0216024340770794,62.5753876322739,-0.623196397214173,20.7100443172005,59.2866266539091,85.4913678618858,574,45.99882553105094,-269.09529119729996,493,40.0,35.0,4513.0,499,113.0,68.3,66.6,30.2,620.0,70.7,7.0,2.0,0.0,-11.762040676258039,0.6195219123505976,7.02988047808765,8.99003984063745,0.0398406374501992,0.025896414342629483,1.5384615384615385,0.08013732670914799,-0.5458322336659228,0.06968641114982578,0.06097560975609756,0.2665505226480836,19.0,-1.68029152517972,48.3,0.20003313178166154,33.46666666666667,235.26666666666668,1.3333333333333333,0.8666666666666667,3.6,16.2,0.26666666666666666,16.097333333333335,38.266666666666666,1.2666666666666666,3.2199999999999998,2.6666666666666665,2.3333333333333335,0.13333333333333333
00-0033537,2019,Deshaun Watson,QB,HOU,15,495,333,3852,26,12,44,4420,1672,76.134708510361,2.3753027799769812,82,413,7,24.37231022286297,320.98,2.5,167,47,39,130,26.262626262626267,80,16.161616161616163,76.8,4.4,15,6.0,92.0,94.0,,,,,495,0.3373737373737374,0.1898989898989899,0.18585858585858586,2.81638742393509,6.46483483483484,8.82078512396694,-2.35595028913211,15.7575757575758,0.219545454545454,66.5656461796225,0.70708109310479,20.8070143590416,63.1476689989425,97.9755892255892,579,95.89958742891731,893.1198790669441,482,44.0,43.0,4404.0,492,80.0,70.5,71.2,42.3,662.0,91.6,26.0,3.0,1.0,8.314145191194257,0.6727272727272727,7.781818181818182,8.929292929292929,0.052525252525252523,0.024242424242424242,2.1666666666666665,0.16562968467861366,1.8529458071928302,0.07599309153713299,0.07426597582037997,0.2141623488773748,39.0,0.31977481504593297,83.30000000000001,0.2595177269611814,33.0,256.8,1.7333333333333334,0.8,5.466666666666667,27.533333333333335,0.4666666666666667,21.398666666666667,38.6,2.6,5.553333333333334,2.933333333333333,2.8666666666666667,0.2
00-0034577,2019,Kyle Allen,QB,CAR,13,489,303,3322,17,16,46,3989,1647,-30.03240231823981,-0.7136601770357353,32,106,2,-2.123188533948291,177.48000000000002,2.4,131,50,28,124,25.357873210633947,77,15.746421267893659,76.2,6.0,25,14.0,56.0,103.0,,,,,489,0.26789366053169733,0.21063394683026584,0.11451942740286299,2.71046106557377,5.29257425742574,8.28308855291577,-2.99051429549002,16.5644171779141,-0.475010799136069,63.3113715169163,-1.34818133286721,21.1985146833574,57.5544133842054,79.9804021813224,553,-21.108412317851556,-449.27624464035034,463,46.0,19.0,3989.0,488,79.0,38.3,39.7,-17.4,588.0,28.0,5.0,2.0,4.0,-0.07227738586955956,0.6196319018404908,6.793456032719837,8.157464212678937,0.034764826175869123,0.032719836400818,1.0625,-0.03817072751871891,-0.9703590596983809,0.08318264014466546,0.034358047016274866,0.22603978300180833,13.0,-0.014455477173911912,22.6,0.12733829163849447,37.61538461538461,255.53846153846155,1.3076923076923077,1.2307692307692308,2.4615384615384617,8.153846153846153,0.15384615384615385,13.652307692307694,42.53846153846154,1.0,1.7384615384615385,3.5384615384615383,1.4615384615384615,0.15384615384615385
00-0033873,2019,Patrick Mahomes,QB,KC,14,484,319,4031,26,5,17,4281,1947,138.7470407919532,2.7080303436860023,43,218,2,12.167492475244206,287.04,2.5,108,54,34,105,21.694214876033058,85,17.56198347107438,77.2,5.4,19,6.0,71.0,115.0,,,,,484,0.2231404958677686,0.23760330578512398,0.14669421487603307,2.81676446280992,6.24815047021944,8.63768085106383,-2.3895303808444,12.1900826446281,-0.675085106382979,67.0635653709731,-1.1544744618822,21.9044318087551,59.2587790964343,105.311639118457,524,158.66856664739996,1156.675162911415,470,17.0,23.0,4281.0,484,52.0,77.7,79.4,55.8,585.0,97.3,7.0,1.0,2.0,2.5879743606201373,0.6590909090909091,8.328512396694215,8.84504132231405,0.05371900826446281,0.010330578512396695,5.2,0.3028026081057251,2.4610109849179045,0.03244274809160305,0.04389312977099236,0.1316793893129771,20.0,0.3697106229457339,33.8,0.11775362318840578,34.57142857142857,287.92857142857144,1.8571428571428572,0.35714285714285715,3.0714285714285716,15.571428571428571,0.14285714285714285,20.502857142857145,37.42857142857143,1.4285714285714286,2.414285714285714,1.2142857142857142,1.6428571428571428,0.07142857142857142
00-0031345,2019,Jimmy Garoppolo,QB,SF,16,476,329,3978,27,13,36,3108,2159,82.43363817109059,2.628071902898083,46,62,1,-14.429174174774815,247.32,2.4,201,41,32,109,22.899159663865547,64,13.445378151260504,80.7,6.0,7,6.0,24.0,125.0,,,,,476,0.4222689075630252,0.26260504201680673,0.05042016806722689,2.65296624472574,5.37577507598784,6.50922580645161,-1.13345073046377,15.3361344537815,-2.45206451612903,67.0906985287179,2.02694853010564,19.3119346735926,57.158905692814,102.03081232493,522,85.45697235750598,1110.2586656808853,465,36.0,12.0,3108.0,474,73.0,60.8,62.1,20.8,593.0,69.3,11.0,1.0,8.0,5.468348361551762,0.6911764705882353,8.357142857142858,6.529411764705882,0.05672268907563025,0.0273109243697479,2.076923076923077,0.16371067501437928,2.387653044475022,0.06896551724137931,0.022988505747126436,0.20881226053639848,34.0,0.4971225783228874,12.2,0.04932880478732007,29.75,248.625,1.6875,0.8125,2.875,3.875,0.0625,15.4575,32.625,2.125,0.7625,2.25,0.75,0.0625
00-0035289,2019,Gardner Minshew,QB,JAX,14,470,285,3271,21,6,33,3472,1531,-12.463492822133603,-3.8741755806709377,67,344,0,-3.941189094611476,229.24,2.4,147,55,29,117,24.893617021276597,84,17.872340425531917,73.6,5.3,18,8.0,19.0,58.0,,,,,470,0.3127659574468085,0.12340425531914893,0.04042553191489362,2.85182089552239,5.90021052631579,7.51384955752212,-1.61363903120633,15.531914893617,-1.7803982300885,65.398128171392,-4.75983029905152,20.0465105040863,53.9972906727736,91.1879432624114,552,-1.7912591571845624,-1731.6433683037758,451,33.0,50.0,3472.0,469,60.0,44.6,47.2,-4.7,600.0,41.8,3.0,0.0,0.0,-0.6164356875233352,0.6063829787234043,6.959574468085107,7.3872340425531915,0.04468085106382979,0.01276595744680851,3.5,-0.003245034705044497,-3.83956400954274,0.059782608695652176,0.09057971014492754,0.16847826086956522,17.0,-0.2054785625077784,34.4,0.15006107136625368,33.57142857142857,233.64285714285714,1.5,0.42857142857142855,4.785714285714286,24.571428571428573,0.0,16.374285714285715,39.42857142857143,1.2142857142857142,2.457142857142857,2.357142857142857,3.5714285714285716,0.0
00-0034857,2019,Josh Allen,QB,BUF,16,461,271,3089,20,9,38,4262,1340,-12.051732063957285,-1.5236241774858508,109,510,9,19.629663022731098,288.56,2.3,201,45,43,126,27.331887201735356,88,19.088937093275486,73.2,7.2,25,10.0,42.0,93.0,,,,,461,0.4360086767895879,0.2017353579175705,0.0911062906724512,2.85698253275109,6.24365313653137,9.39760368663595,-3.15395055010458,15.4013015184382,0.0796313364055303,62.8688192104117,-4.08356975271102,22.2185337330631,58.1033079953285,85.3172451193059,539,5.223979002301639,-703.2139360904694,434,37.0,44.0,4262.0,458,80.0,49.4,47.9,-3.8,639.0,51.4,50.0,4.0,15.0,12.15947477647569,0.5878524945770065,6.700650759219089,9.245119305856832,0.04338394793926247,0.019522776572668113,2.2222222222222223,0.009691983306682075,-1.6203086085033855,0.0686456400742115,0.08163265306122448,0.21706864564007422,65.0,0.2431894955295138,105.0,0.36387579706126977,28.8125,193.0625,1.25,0.5625,6.8125,31.875,0.5625,18.035,33.6875,4.0625,6.5625,2.3125,2.75,0.25
00-0035710,2019,Daniel Jones,QB,NYG,13,459,284,3027,24,12,38,3689,1395,-40.2038568348077,-1.0345230216897205,45,279,2,16.204136191050853,214.98000000000002,2.5,131,48,66,152,33.11546840958606,80,17.429193899782135,71.1,3.8,12,6.0,37.0,75.0,,,,,459,0.28540305010893247,0.16339869281045752,0.08061002178649238,2.84372984749455,5.67707746478873,8.19433035714286,-2.51725289235412,22.4400871459695,-0.689598214285715,61.2717405616961,0.601897782530457,21.3153767745814,53.4064761990529,87.6588598402324,523,-21.462991480456175,-867.5423234701157,447,38.0,27.0,3689.0,458,104.0,55.7,57.0,11.5,577.0,55.1,12.0,0.0,3.0,7.821759887214284,0.6187363834422658,6.594771241830065,8.037037037037036,0.05228758169934641,0.026143790849673203,2.0,-0.04103822462802328,-1.9408105670472386,0.07265774378585087,0.05162523900573614,0.27151051625239003,18.0,0.6518133239345237,39.900000000000006,0.1855986603404968,35.30769230769231,232.84615384615384,1.8461538461538463,0.9230769230769231,3.4615384615384617,21.46153846153846,0.15384615384615385,16.536923076923078,40.23076923076923,1.3846153846153846,3.06923076923077,2.923076923076923,2.076923076923077,0.0
00-0033119,2019,Jacoby Brissett,QB,IND,15,447,272,2942,18,6,27,3545,1519,11.997698714470518,-2.430378665914722,56,228,4,9.501062926240749,217.68,2.6,135,56,54,137,30.648769574944073,78,17.449664429530202,74.5,5.7,21,12.0,60.0,110.0,,,,,447,0.30201342281879195,0.24608501118568232,0.1342281879194631,2.92728378378378,5.08102941176471,7.88971631205674,-2.80868690029203,17.0022371364653,-1.4838061465721,64.4401092232274,-3.58999736640411,21.2653422973148,65.1828336297219,88.0453020134228,503,19.649520120447484,-1383.753289282322,424,27.0,32.0,3545.0,444,79.0,52.1,54.1,6.6,564.0,52.2,13.0,2.0,4.0,11.739370696945116,0.6085011185682326,6.58165548098434,7.930648769574944,0.040268456375838924,0.013422818791946308,3.0,0.03906465232693337,-3.2635690784960425,0.0536779324055666,0.0636182902584493,0.21073558648111332,24.0,0.9030285151496243,46.8,0.2149944873208379,29.8,196.13333333333333,1.2,0.4,3.7333333333333334,15.2,0.26666666666666666,14.512,33.53333333333333,1.6,3.1199999999999997,1.8,2.1333333333333333,0.13333333333333333
00-0029604,2019,Kirk Cousins,QB,MIN,15,444,307,3603,26,6,28,3391,1789,86.19796045875447,5.6420364460421295,31,63,1,-6.171784859092442,244.42,2.7,107,48,30,106,23.873873873873876,65,14.63963963963964,79.0,4.0,24,9.0,1.0,124.0,,,,,444,0.240990990990991,0.27927927927927926,0.0022522522522522522,3.00602252252252,5.9985342019544,8.00554502369668,-2.00701082174229,13.0630630630631,-0.989715639810426,62.983124033204,6.16102011094021,20.8607006063157,60.5072111404914,107.404279279279,481,92.41036495058499,1844.0288200974464,421,28.0,9.0,3391.0,444,63.0,60.4,61.7,18.1,537.0,59.0,9.0,2.0,4.0,-0.9643411930883303,0.6914414414414415,8.114864864864865,7.637387387387387,0.05855855855855856,0.013513513513513514,4.333333333333333,0.19212134085360705,4.380115962226713,0.058212058212058215,0.018711018711018712,0.1891891891891892,22.0,-0.10714902145425892,12.3,0.050323214139595784,29.6,240.2,1.7333333333333334,0.4,2.066666666666667,4.2,0.06666666666666667,16.294666666666664,32.06666666666667,1.4666666666666666,0.8200000000000001,1.8666666666666667,0.6,0.13333333333333333
00-0034869,2019,Sam Darnold,QB,NYJ,13,441,273,3024,19,13,33,3755,1466,-14.31523434354941,1.4125695588208709,33,62,2,-7.713248144544188,189.16,2.5,166,63,39,135,30.612244897959183,74,16.780045351473923,75.2,6.0,23,10.0,35.0,92.0,,,,,441,0.3764172335600907,0.20861678004535147,0.07936507936507936,2.92050797266515,5.59318681318681,8.58596618357488,-2.99277937038807,17.9138321995465,0.0183333333333332,61.3294533658731,0.575308538888862,21.62962608093,54.9294392835026,84.3206727135299,480,-14.148709337103352,387.22924888134,413,33.0,9.0,3743.0,438,74.0,45.6,43.5,-9.7,525.0,31.6,4.0,2.0,0.0,1.6379374790703878,0.6190476190476191,6.857142857142857,8.514739229024944,0.04308390022675737,0.02947845804988662,1.4615384615384615,-0.029476477785631984,0.937601086879758,0.06875,0.01875,0.22291666666666668,24.0,0.40948436976759695,18.2,0.0962148445760203,33.92307692307692,232.6153846153846,1.4615384615384615,1.0,2.5384615384615383,4.769230769230769,0.15384615384615385,14.55076923076923,36.92307692307692,1.8461538461538463,1.4,2.5384615384615383,0.6923076923076923,0.15384615384615385
00-0034796,2019,Lamar Jackson,QB,BAL,15,401,265,3127,36,6,23,3545,1360,144.00265207331512,5.561081634340073,176,1206,7,54.889087093445355,415.68,2.6,138,31,21,75,18.703241895261847,68,16.957605985037407,76.0,3.6,11,12.0,173.0,116.0,,,,,401,0.34413965087281795,0.2892768079800499,0.4314214463840399,2.91869423558897,6.51651515151515,8.7869170984456,-2.27040194693045,14.713216957606,0.0511658031088084,65.9188869460486,0.165901083876605,20.8166355473669,55.8519184988305,113.336450540316,459,174.37724281002698,1471.6867372393608,386,23.0,37.0,3545.0,399,48.0,83.0,82.3,66.7,613.0,103.7,115.0,6.0,23.0,37.53134443835413,0.6608478802992519,7.798004987531172,8.840399002493765,0.08977556109725686,0.014962593516209476,6.0,0.3799068470806688,3.8126599410346134,0.05010893246187364,0.08061002178649238,0.15468409586056645,139.0,0.32635951685525333,162.60000000000002,0.39116628175519635,26.733333333333334,208.46666666666667,2.4,0.4,11.733333333333333,80.4,0.4666666666666667,27.712,30.6,9.266666666666667,10.840000000000002,1.5333333333333334,2.466666666666667,0.4
00-0020531,2019,Drew Brees,QB,NO,11,378,281,2979,27,4,12,2425,1495,92.84857726935634,5.228061294915998,9,-4,1,2.23256184102502,224.76000000000002,2.3,114,25,17,54,14.285714285714285,39,10.317460317460316,84.1,3.6,9,4.0,2.0,53.0,,,,,378,0.30158730158730157,0.1402116402116402,0.005291005291005291,2.57013136729223,5.24056939501779,6.66142465753425,-1.42085526251645,13.7566137566138,-2.01254794520548,67.6580344223314,6.68058991629296,19.8940501696606,53.0644372437888,116.269841269841,385,93.92994223985643,2211.0564708709717,365,12.0,0.0,2425.0,373,34.0,73.3,75.7,33.7,419.0,62.6,2.0,1.0,0.0,4.1417313436977565,0.7433862433862434,7.880952380952381,6.415343915343915,0.07142857142857142,0.010582010582010581,6.75,0.24397387594767905,6.057688961290333,0.03116883116883117,0.0,0.11948051948051948,9.0,2.0708656718488783,5.6,0.024915465385299873,34.36363636363637,270.8181818181818,2.4545454545454546,0.36363636363636365,0.8181818181818182,-0.36363636363636365,0.09090909090909091,20.432727272727274,35.0,0.8181818181818182,0.509090909090909,1.0909090909090908,0.0,0.09090909090909091
00-0026498,2019,Matthew Stafford,QB,DET,8,291,187,2499,19,5,18,3109,890,68.66149178939008,2.252688070948508,20,66,0,-6.597905584349071,166.56,2.4,87,23,20,61,20.962199312714777,59,20.274914089347078,70.8,3.2,5,5.0,14.0,69.0,,,,,291,0.29896907216494845,0.23711340206185566,0.048109965635738834,2.68520761245675,8.34358288770054,10.896013986014,-2.55243109831345,23.3676975945017,2.08482517482517,60.6581684829238,3.60299990195589,23.7415573991578,60.7547668911667,106.020904925544,316,72.54949940963756,592.9226011037827,284,18.0,9.0,3109.0,289,36.0,71.3,74.7,27.0,353.0,56.1,3.0,0.0,0.0,-0.4902129168040119,0.6426116838487973,8.587628865979381,10.683848797250858,0.06529209621993128,0.01718213058419244,3.8,0.22958702344822013,2.0877556376893756,0.056962025316455694,0.028481012658227847,0.17088607594936708,11.0,-0.1634043056013373,6.6000000000000005,0.03962536023054755,36.375,312.375,2.375,0.625,2.5,8.25,0.0,20.82,39.5,1.375,0.8250000000000001,2.25,1.125,0.0
00-0029701,2019,Ryan Tannehill,QB,TEN,12,286,201,2742,22,6,31,2739,1224,63.036028706269036,8.588313256454335,43,185,4,16.692480350451714,224.18,2.6,104,25,24,80,27.972027972027973,35,12.237762237762238,80.9,3.2,5,6.0,7.0,74.0,,,,,286,0.36363636363636365,0.25874125874125875,0.024475524475524476,2.90312367491166,7.51696517412935,9.64989208633093,-2.13292691220158,19.5804195804196,0.552769784172662,61.7500876239338,8.52963265578647,21.9374123636754,60.0836325466429,117.497086247086,329,81.93355743331351,2151.640549302101,278,31.0,15.0,2739.0,283,56.0,64.2,67.2,19.0,374.0,45.8,10.0,2.0,4.0,1.874587285798043,0.7027972027972028,9.587412587412587,9.576923076923077,0.07692307692307693,0.02097902097902098,3.6666666666666665,0.24903816849031463,7.739714206122666,0.09422492401215805,0.04559270516717325,0.26443768996960487,28.0,0.1874587285798043,42.5,0.18957980194486573,23.833333333333332,228.5,1.8333333333333333,0.5,3.5833333333333335,15.416666666666666,0.3333333333333333,18.68166666666667,27.416666666666668,2.3333333333333335,3.5416666666666665,2.5833333333333335,1.25,0.16666666666666666
00-0034771,2019,Mason Rudolph,QB,PIT,10,283,176,1765,13,9,15,2286,934,-18.302914257979328,-0.6750833475508159,21,42,0,-14.875537410160709,108.8,2.6,113,35,30,80,28.26855123674912,54,19.081272084805654,71.4,5.9,14,4.0,14.0,39.0,,,,,283,0.3992932862190813,0.13780918727915195,0.04946996466431095,2.79912014134276,4.49414772727273,8.02729927007299,-3.53315154280027,18.0212014134276,-1.20992700729927,61.9582884895612,0.23252423128686,20.753311672492,56.1593625319946,81.9567137809187,308,-18.597580554200434,-338.2523372769356,274,15.0,10.0,2286.0,283,45.0,36.2,36.8,-12.9,336.0,16.9,3.0,0.0,2.0,-0.9041703680995852,0.6219081272084805,6.236749116607774,8.07773851590106,0.045936395759717315,0.03180212014134275,1.4444444444444444,-0.0603817550461053,-1.2344975813026846,0.048701298701298704,0.032467532467532464,0.19480519480519481,11.0,-0.3013901226998617,4.2,0.03860294117647059,28.3,176.5,1.3,0.9,2.1,4.2,0.0,10.879999999999999,30.8,1.1,0.42000000000000004,1.5,1.0,0.0
00-0026158,2019,Joe Flacco,QB,DEN,8,262,171,1822,6,5,26,1777,907,-22.228209896883918,0.21625678447130503,12,20,0,2.0091208135418133,84.88,2.4,76,41,14,81,30.916030534351147,40,15.267175572519085,77.9,6.0,12,9.0,4.0,38.0,,,,,262,0.2900763358778626,0.1450381679389313,0.015267175572519083,2.62454022988506,5.05438596491228,6.7566,-1.70221403508772,12.2137404580153,-2.2074,65.3634964907897,-0.096320918270635,19.8216685520805,51.6963451319337,85.1304071246819,292,-19.942455386376977,-52.856189012527466,250,26.0,5.0,1777.0,261,40.0,50.8,50.4,0.4,315.0,25.5,2.0,1.0,1.0,0.377976957737701,0.6526717557251909,6.9541984732824424,6.782442748091603,0.022900763358778626,0.019083969465648856,1.2,-0.06829608009033211,-0.21142475605010985,0.08904109589041095,0.017123287671232876,0.22602739726027396,7.0,0.1889884788688505,2.0,0.023562676720075403,32.75,227.75,0.75,0.625,1.5,2.5,0.0,10.61,36.5,0.875,0.25,3.25,0.625,0.125
00-0028986,2019,Case Keenum,QB,WAS,10,247,160,1707,11,5,15,1700,800,-5.105230231121112,-1.0347588472213554,9,12,1,-6.386571974988329,103.48,2.5,64,35,27,77,31.17408906882591,41,16.599190283400812,72.7,5.0,7,6.0,14.0,48.0,,,,,247,0.2591093117408907,0.19433198380566802,0.05668016194331984,2.75484897959184,5.478375,6.91466666666667,-1.43629166666667,17.4089068825911,-1.9145,63.9140606590128,0.863267276209854,19.4245524074865,50.1937366610616,91.2702429149797,263,-0.9886929432901326,-262.70143687725067,240,15.0,3.0,1701.0,245,41.0,,,,,,2.0,0.0,0.0,-4.351329786062706,0.6477732793522267,6.910931174089069,6.882591093117409,0.044534412955465584,0.020242914979757085,2.2,-0.003759288757757158,-1.0945893203218777,0.057034220532319393,0.011406844106463879,0.21292775665399238,6.0,-2.175664893031353,7.2,0.06957866254348666,24.7,170.7,1.1,0.5,0.9,1.2,0.1,10.348,26.3,0.6,0.72,1.5,0.3,0.0
00-0035232,2019,Dwayne Haskins,QB,WAS,9,203,119,1365,7,7,29,1751,615,-52.23089594989858,-4.5837109357729044,20,101,0,1.2255697326902926,76.7,2.6,75,30,17,76,37.4384236453202,38,18.7192118226601,74.0,7.1,6,4.0,7.0,40.0,,,,,203,0.3694581280788177,0.19704433497536947,0.034482758620689655,2.87339603960396,6.37579831932773,8.73178571428572,-2.35598739495798,22.6600985221675,-0.701887755102041,63.0144333641224,-4.39374370894996,21.5876423594237,55.9348201034025,76.0775862068966,243,-45.05386004037534,-912.250030040741,196,29.0,12.0,1751.0,202,44.0,,,,,,3.0,0.0,1.0,0.3140015278477222,0.5862068965517241,6.724137931034483,8.625615763546797,0.034482758620689655,0.034482758620689655,1.0,-0.18540683144187384,-4.654336887962964,0.11934156378600823,0.04938271604938271,0.3004115226337449,8.0,0.10466717594924073,10.100000000000001,0.1316818774445893,22.555555555555557,151.66666666666666,0.7777777777777778,0.7777777777777778,2.2222222222222223,11.222222222222221,0.0,8.522222222222222,27.0,0.8888888888888888,1.1222222222222225,3.2222222222222223,1.3333333333333333,0.0
00-0031237,2019,Teddy Bridgewater,QB,NO,9,196,133,1384,9,2,12,1212,748,23.955843418472362,6.262039496846569,28,31,0,-17.341101923788365,90.46000000000001,2.5,46,22,10,44,22.448979591836736,22,11.224489795918368,81.3,8.6,9,4.0,0.0,29.0,,,,,196,0.23469387755102042,0.14795918367346939,0.0,2.81679081632653,4.6118045112782,6.16860962566845,-1.55680511439026,13.7755102040816,-3.31267379679144,66.9744159722207,0.882726884922207,19.2342804904763,46.2481880726153,99.1071428571428,220,21.61950605210705,76.23794376850128,187,12.0,12.0,1212.0,196,23.0,50.9,47.1,-2.0,239.0,17.6,3.0,1.0,2.0,-0.7918290661764331,0.6785714285714286,7.061224489795919,6.183673469387755,0.04591836734693878,0.01020408163265306,4.5,0.09827048205503204,0.4076895388689908,0.05454545454545454,0.05454545454545454,0.1590909090909091,16.0,-0.26394302205881104,3.1,0.034269290294052616,21.77777777777778,153.77777777777777,1.0,0.2222222222222222,3.111111111111111,3.4444444444444446,0.0,10.051111111111112,24.444444444444443,1.7777777777777777,0.34444444444444444,1.3333333333333333,1.3333333333333333,0.1111111111111111
00-0035040,2019,David Blough,QB,DET,5,174,94,984,4,6,14,1484,329,-43.665677157215555,-13.756287349291052,8,31,0,1.4897350555984268,55.36,2.6,63,18,12,44,25.287356321839084,43,24.71264367816092,60.1,4.8,6,6.0,2.0,31.0,,,,,174,0.3620689655172414,0.1781609195402299,0.011494252873563218,2.87571264367816,6.82457446808511,8.52869047619048,-1.70411600810537,19.5402298850575,-0.191547619047619,61.9842033062516,-7.96121480050443,21.9288765423012,50.2209219349864,63.9607279693487,194,-41.62155202600056,-2283.823047578335,168,14.0,6.0,1484.0,174,26.0,,,,,,,,,,0.5402298850574713,5.655172413793103,8.528735632183908,0.022988505747126436,0.034482758620689655,0.6666666666666666,-0.2145440826082503,-13.594184807013898,0.07216494845360824,0.030927835051546393,0.20618556701030927,2.0,,3.1,0.0559971098265896,34.8,196.8,0.8,1.2,1.6,6.2,0.0,11.072,38.8,0.4,0.62,2.8,1.2,
00-0032268,2019,Marcus Mariota,QB,TEN,7,160,95,1203,7,2,25,1127,604,-7.321407091243128,-0.7232675153587148,24,129,0,3.8239719644099166,85.02,2.4,57,23,12,60,37.5,31,19.375,71.8,6.7,9,2.0,19.0,42.0,,,,,160,0.35625,0.2625,0.11875,2.83738607594937,6.24505263157895,7.48418918918919,-1.23913655761024,15.0,-2.15094594594595,61.8361038388684,-2.46110383886844,19.7711322636346,48.8194223644647,92.265625,197,-4.521790013096799,-525.786891579628,148,25.0,14.0,1126.0,158,41.0,,,,,,9.0,1.0,3.0,1.7495823167846538,0.59375,7.51875,7.04375,0.04375,0.0125,3.5,-0.02295324879744568,-3.5526141322947837,0.12690355329949238,0.07106598984771574,0.3350253807106599,10.0,0.19439803519829488,12.9,0.15172900494001412,22.857142857142858,171.85714285714286,1.0,0.2857142857142857,3.4285714285714284,18.428571428571427,0.0,12.145714285714286,28.142857142857142,1.4285714285714286,1.842857142857143,3.5714285714285716,2.0,0.14285714285714285
00-0035577,2019,Devlin Hodges,QB,PIT,8,160,100,1063,5,8,15,1175,574,-21.942790638822096,2.3740638183070395,21,68,0,-13.208305108692226,51.32,2.5,73,15,13,43,26.875,28,17.5,77.2,6.2,15,2.0,14.0,18.0,,,,,160,0.45625,0.1125,0.0875,2.8417375,4.5437,7.22069444444445,-2.67699444444445,10.625,-1.97375,62.235238654539,0.264761345461004,21.4993784320335,56.0275646445569,71.4322916666667,181,-16.464298844390285,332.5146496295929,143,15.0,8.0,1146.0,158,26.0,,,,,,5.0,1.0,3.0,-6.68949029383315,0.625,6.64375,7.34375,0.03125,0.05,0.625,-0.0909629770408303,2.3252772701370135,0.08287292817679558,0.04419889502762431,0.2265193370165746,13.0,-1.33789805876663,6.800000000000001,0.13250194855806705,20.0,132.875,0.625,1.0,2.625,8.5,0.0,6.415,22.625,1.625,0.8500000000000001,1.875,1.0,0.125
00-0035704,2019,Drew Lock,QB,DEN,5,156,100,1020,7,3,5,1065,550,13.724927441140341,0.5284058498235502,18,72,0,-8.38855215546209,68.0,2.6,47,16,18,39,25.0,27,17.307692307692307,73.0,5.9,4,1.0,13.0,31.0,,,,,156,0.30128205128205127,0.1987179487179487,0.08333333333333333,2.82908333333333,4.6407,6.94506578947369,-2.30436578947368,14.1025641025641,-1.93651315789474,66.4599323788515,-2.35736827628735,20.816353504745,58.2059833694097,89.690170940171,172,15.577740255142773,-125.50107538700104,152,5.0,11.0,1065.0,156,23.0,,,,,,1.0,0.0,1.0,0.22716394672170281,0.6410256410256411,6.538461538461538,6.826923076923077,0.04487179487179487,0.019230769230769232,2.3333333333333335,0.0905682572973417,-0.8256649696513226,0.029069767441860465,0.06395348837209303,0.16279069767441862,7.0,0.22716394672170281,7.2,0.10588235294117647,31.2,204.0,1.4,0.6,3.6,14.4,0.0,13.6,34.4,1.4,1.44,1.0,2.2,0.0
00-0022803,2019,Eli Manning,QB,NYG,4,147,91,1042,6,5,5,1199,417,-6.980309829768169,-2.3871288229108725,4,7,0,-0.76428158167982,54.379999999999995,2.4,37,10,8,23,15.646258503401361,28,19.047619047619047,74.1,2.8,4,4.0,14.0,34.0,,,,,147,0.25170068027210885,0.23129251700680273,0.09523809523809523,2.65755102040816,6.67131868131868,8.50598591549296,-1.83466723417428,19.0476190476191,-0.494014084507043,64.7147173378743,-2.80995543311243,21.2416195822132,55.4985116917562,82.6388888888889,153,-6.693379583373113,-367.6840603351593,141,5.0,1.0,1199.0,147,13.0,,,,,,1.0,0.0,1.0,0.3196330413920805,0.6190476190476191,7.08843537414966,8.156462585034014,0.04081632653061224,0.034013605442176874,1.2,-0.04374757897629485,-2.6076883711713426,0.032679738562091505,0.006535947712418301,0.11764705882352941,3.0,0.3196330413920805,0.7000000000000001,0.01287237955130563,36.75,260.5,1.5,1.25,1.0,1.75,0.0,13.594999999999999,38.25,0.75,0.17500000000000002,1.25,0.25,0.0
00-0029567,2019,Nick Foles,QB,JAX,4,117,77,736,3,2,8,990,354,-16.422143405052594,-2.478487635269395,4,23,0,1.518970590899698,37.74,2.3,27,7,5,20,17.094017094017094,13,11.11111111111111,78.6,3.6,5,2.0,6.0,14.0,,,,,117,0.23076923076923078,0.11965811965811966,0.05128205128205128,,,,,,,,,,,,127,-13.657044024902111,161.48606538772583,110,8.0,2.0,990.0,117,20.0,,,,,,2.0,0.0,1.0,1.594871210749261,0.6581196581196581,6.2905982905982905,8.461538461538462,0.02564102564102564,0.017094017094017096,1.5,-0.10753577972363867,1.4680551398884167,0.06299212598425197,0.015748031496062992,0.2204724409448819,2.0,0.7974356053746305,2.3000000000000003,0.06094329623741389,29.25,184.0,0.75,0.5,1.0,5.75,0.0,9.435,31.75,0.5,0.5750000000000001,2.0,0.5,0.0
00-0034343,2019,Josh Rosen,QB,MIA,5,109,58,567,1,5,16,899,319,-49.465133077538866,-15.870426584283512,3,13,0,-1.04286969662644,17.98,2.4,28,16,15,47,43.11926605504588,24,22.018348623853214,67.6,7.4,1,7.0,11.0,15.0,,,,,109,0.25688073394495414,0.13761467889908258,0.10091743119266056,,,,,,,,,,,,128,-50.50800277416525,-1383.9945018291473,109,16.0,3.0,899.0,109,30.0,,,,,,,,,,0.5321100917431193,5.201834862385321,8.247706422018348,0.009174311926605505,0.045871559633027525,0.2,-0.394593771673166,-12.69719726448759,0.125,0.0234375,0.359375,0.0,,1.3,0.07230255839822025,21.8,113.4,0.2,1.0,0.6,2.6,0.0,3.596,25.6,0.0,0.26,3.2,0.6,
00-0032436,2019,Jeff Driskel,QB,DET,3,105,62,685,4,4,11,851,290,-9.507895203102219,-2.4310841782918575,22,151,1,9.90981815831038,58.1,2.6,26,18,15,44,41.904761904761905,23,21.904761904761905,69.4,3.1,5,2.0,8.0,14.0,,,,,105,0.24761904761904763,0.13333333333333333,0.0761904761904762,,,,,,,,,,,,126,0.2052953058604312,-269.3297103047371,97,11.0,12.0,851.0,103,27.0,,,,,,9.0,1.0,0.0,1.4717609893414192,0.5904761904761905,6.523809523809524,8.104761904761904,0.0380952380952381,0.0380952380952381,1.0,0.0016293278242891366,-2.7765949515952277,0.0873015873015873,0.09523809523809523,0.30158730158730157,10.0,0.16352899881571326,21.1,0.36316695352839934,35.0,228.33333333333334,1.3333333333333333,1.3333333333333333,7.333333333333333,50.333333333333336,0.3333333333333333,19.366666666666667,42.0,3.3333333333333335,7.033333333333334,3.6666666666666665,4.0,0.3333333333333333
00-0025708,2019,Matt Moore,QB,KC,6,91,59,659,4,0,8,630,287,6.9990180101982595,-22.692711923608822,5,-1,0,-3.805097816861235,42.26,2.4,21,6,11,25,27.472527472527474,15,16.483516483516482,76.4,3.4,1,3.0,14.0,30.0,,,,,91,0.23076923076923078,0.32967032967032966,0.15384615384615385,,,,,,,,,,,,99,6.298319424290159,-48.92689883708954,88,8.0,1.0,630.0,90,19.0,57.5,53.8,1.1,103.0,9.6,,,,,0.6483516483516484,7.241758241758242,6.923076923076923,0.04395604395604396,0.0,,0.06361938812414301,-0.5559874867851083,0.08080808080808081,0.010101010101010102,0.2727272727272727,4.0,,-0.1,-0.0023663038334122105,15.166666666666666,109.83333333333333,0.6666666666666666,0.0,0.8333333333333334,-0.16666666666666666,0.0,7.043333333333333,16.5,0.6666666666666666,-0.016666666666666666,1.3333333333333333,0.16666666666666666,
00-0027939,2019,Cam Newton,QB,CAR,2,89,50,572,0,1,6,793,204,-6.7085142950889995,-6.208012454824045,5,-2,0,-9.36749292595778,16.68,2.2,43,12,5,23,25.842696629213485,26,29.213483146067414,62.8,3.5,2,2.0,15.0,22.0,,,,,89,0.48314606741573035,0.24719101123595505,0.16853932584269662,,,,,,,,,,,,95,-7.7137560116163,-586.6006195545197,86,6.0,1.0,793.0,88,11.0,,,,,,4.0,0.0,0.0,-8.817075944389217,0.5617977528089888,6.426966292134831,8.910112359550562,0.0,0.011235955056179775,0.0,-0.0811974317012242,-6.820937436680461,0.06315789473684211,0.010526315789473684,0.17894736842105263,4.0,-2.204268986097304,-0.2,-0.011990407673860911,44.5,286.0,0.0,0.5,2.5,-1.0,0.0,8.34,47.5,2.0,-0.1,3.0,0.5,0.0
00-0035652,2019,Ryan Finley,QB,CIN,3,87,41,474,2,2,11,721,203,-52.63675865250962,-15.687838038950604,10,77,0,0.28010357875609404,24.66,2.7,40,19,7,37,42.5287356321839,19,21.839080459770116,61.9,4.8,3,2.0,3.0,14.0,,,,,87,0.45977011494252873,0.16091954022988506,0.034482758620689655,,,,,,,,,,,,104,-50.534747987106456,-1340.2837306261063,84,11.0,6.0,721.0,87,21.0,,,,,,3.0,0.0,2.0,0.17689640971366316,0.47126436781609193,5.448275862068965,8.28735632183908,0.022988505747126436,0.022988505747126436,1.0,-0.4859110383375621,-15.955758697929836,0.10576923076923077,0.057692307692307696,0.3076923076923077,4.0,0.05896546990455439,7.7,0.3122465531224655,29.0,158.0,0.6666666666666666,0.6666666666666666,3.3333333333333335,25.666666666666668,0.0,8.22,34.666666666666664,1.3333333333333333,2.566666666666667,3.6666666666666665,2.0,0.0
00-0032434,2019,Brandon Allen,QB,DEN,3,84,39,515,3,2,9,646,234,-21.548339772038993,-13.177751016916432,10,39,0,5.02444953180384,32.5,2.3,30,5,4,18,21.428571428571427,18,21.428571428571427,68.0,4.0,9,2.0,8.0,24.0,,,,,84,0.35714285714285715,0.2857142857142857,0.09523809523809523,,,,,,,,,,,,98,-18.148369000177702,-1101.9419640302658,77,9.0,5.0,646.0,84,17.0,,,,,,2.0,0.0,1.0,1.6244787599425763,0.4642857142857143,6.130952380952381,7.690476190476191,0.03571428571428571,0.023809523809523808,1.5,-0.1851874387773235,-14.31093459779566,0.09183673469387756,0.05102040816326531,0.2653061224489796,5.0,0.8122393799712881,3.9000000000000004,0.12000000000000001,28.0,171.66666666666666,1.0,0.6666666666666666,3.3333333333333335,13.0,0.0,10.833333333333334,32.666666666666664,1.6666666666666667,1.3,3.0,1.6666666666666667,0.0
00-0034412,2019,Luke Falk,QB,NYJ,3,73,47,416,0,3,16,404,264,-55.89626764161595,-4.416863087451817,0,0,0,0.0,8.64,2.4,33,12,9,37,50.68493150684932,11,15.068493150684931,74.6,5.6,2,3.0,3.0,14.0,,,,,73,0.4520547945205479,0.1917808219178082,0.0410958904109589,,,,,,,,,,,,89,-54.94926764161591,-288.5123014450073,72,16.0,0.0,404.0,73,27.0,,,,,,,,,,0.6438356164383562,5.698630136986301,5.534246575342466,0.0,0.0410958904109589,0.0,-0.6174075015911901,-4.007115297847324,0.1797752808988764,0.0,0.48314606741573035,0.0,,0.0,0.0,24.333333333333332,138.66666666666666,0.0,1.0,0.0,0.0,0.0,2.8800000000000003,29.666666666666668,0.0,0.0,5.333333333333333,0.0,
00-0022787,2019,Matt Schaub,QB,ATL,5,67,50,580,3,1,2,488,266,24.93600657053594,9.57040579163118,3,-3,0,-3.30602060747333,32.9,2.2,17,2,6,10,14.925373134328357,10,14.925373134328357,78.1,0.0,1,0.0,2.0,13.0,,,,,67,0.2537313432835821,0.19402985074626866,0.029850746268656716,,,,,,,,,,,,67,27.50315765037018,477.92477905750275,64,2.0,0.0,488.0,65,8.0,80.2,82.4,8.3,76.0,8.3,,,,,0.746268656716418,8.656716417910447,7.2835820895522385,0.04477611940298507,0.014925373134328358,3.0,0.4104948903040325,7.46757467277348,0.029850746268656716,0.0,0.14925373134328357,3.0,,-0.30000000000000004,-0.009118541033434652,13.4,116.0,0.6,0.2,0.6,-0.6,0.0,6.58,13.4,0.6,-0.06000000000000001,0.4,0.0,
00-0026625,2019,Brian Hoyer,QB,IND,4,65,35,372,4,4,5,559,157,-27.04113859785785,-7.094625396606267,8,2,0,-3.950651133025531,21.080000000000002,2.5,30,7,7,19,29.230769230769234,14,21.53846153846154,70.3,4.7,1,0.0,3.0,9.0,,,,,65,0.46153846153846156,0.13846153846153847,0.046153846153846156,,,,,,,,,,,,72,-30.044789730883405,-558.2655906677246,64,5.0,2.0,559.0,65,13.0,,,,,,,,,,0.5384615384615384,5.723076923076923,8.6,0.06153846153846154,0.06153846153846154,1.0,-0.4172887462622695,-8.722899854183197,0.06944444444444445,0.027777777777777776,0.25,6.0,,0.2,0.009487666034155597,16.25,93.0,1.0,1.0,2.0,0.5,0.0,5.2700000000000005,18.0,1.5,0.05,1.25,0.5,
00-0026544,2019,Chase Daniel,QB,CHI,3,64,45,435,3,2,7,430,135,4.713880895449909,-13.378577099906073,6,6,0,-1.017934062212047,26.0,2.5,12,8,5,20,31.25,9,14.0625,79.7,6.3,0,1.0,4.0,14.0,,,,,64,0.1875,0.21875,0.0625,,,,,,,,,,,,73,3.4502601659650445,137.06311285495758,64,7.0,2.0,430.0,64,12.0,59.6,65.5,3.7,82.0,9.4,4.0,0.0,1.0,0.24568666727282107,0.703125,6.796875,6.71875,0.046875,0.03125,1.5,0.04726383788993212,2.141611138358712,0.0958904109589041,0.0273972602739726,0.2602739726027397,4.0,0.06142166681820527,0.6000000000000001,0.02307692307692308,21.333333333333332,145.0,1.0,0.6666666666666666,2.0,2.0,0.0,8.666666666666666,24.333333333333332,1.3333333333333333,0.20000000000000004,2.3333333333333335,0.6666666666666666,0.0
00-0022924,2019,Ben Roethlisberger,QB,PIT,2,62,35,351,0,1,2,576,193,-13.16525822050605,-12.54151239885507,1,7,0,0.0324347489513457,12.74,2.3,17,14,2,18,29.03225806451613,12,19.35483870967742,71.0,11.3,0,2.0,0.0,1.0,,,,,62,0.27419354838709675,0.016129032258064516,0.0,,,,,,,,,,,,64,-11.556670436511904,-655.5642426013947,61,2.0,1.0,575.0,61,4.0,,,,,,,,,,0.5645161290322581,5.661290322580645,9.290322580645162,0.0,0.016129032258064516,0.0,-0.1805729755704985,-10.746954796744175,0.03125,0.015625,0.09375,0.0,,0.7000000000000001,0.05494505494505495,31.0,175.5,0.0,0.5,0.5,3.5,0.0,6.37,32.0,0.0,0.35000000000000003,1.0,0.5,
00-0035251,2019,Will Grier,QB,CAR,2,52,28,228,0,4,6,491,179,-28.1793307845158,-25.350435514275624,7,22,0,-8.6278243223592,1.3200000000000003,2.4,9,12,2,20,38.46153846153847,11,21.153846153846153,63.3,4.1,3,1.0,2.0,7.0,,,,,52,0.17307692307692307,0.1346153846153846,0.038461538461538464,,,,,,,,,,,,63,-27.62606185752145,-479.2279928922653,49,6.0,5.0,491.0,52,10.0,,,,,,1.0,0.0,0.0,-4.239192901761271,0.5384615384615384,4.384615384615385,9.442307692307692,0.0,0.07692307692307693,0.0,-0.4385089183733563,-9.780163120250313,0.09523809523809523,0.07936507936507936,0.25396825396825395,2.0,-4.239192901761271,2.2,1.6666666666666665,26.0,114.0,0.0,2.0,3.5,11.0,0.0,0.6600000000000001,31.5,1.0,1.1,3.0,2.5,0.0
00-0030533,2019,Matt Barkley,QB,BUF,2,51,27,359,0,3,2,403,156,-10.37013738477155,-12.43007787886789,2,-4,0,-2.4658190527698,5.96,2.2,24,2,1,5,9.803921568627452,9,17.647058823529413,68.0,10.0,0,3.0,0.0,10.0,,,,,51,0.47058823529411764,0.19607843137254902,0.0,,,,,,,,,,,,52,-9.581727415325318,-667.6929831504822,50,2.0,0.0,403.0,50,3.0,,,,,,1.0,0.0,0.0,-1.3656088564312086,0.5294117647058824,7.03921568627451,7.901960784313726,0.0,0.058823529411764705,0.0,-0.1842639887562561,-13.353859663009644,0.038461538461538464,0.0,0.09615384615384616,2.0,-1.3656088564312086,-0.4,-0.06711409395973154,25.5,179.5,0.0,1.5,1.0,-2.0,0.0,2.98,26.0,1.0,-0.2,1.0,0.0,0.0
00-0029665,2019,Robert Griffin III,QB,BAL,6,38,23,225,1,2,5,282,84,-0.30862840273245595,-9.83033996489314,20,70,0,-13.680803567112891,16.0,2.5,24,0,4,9,23.684210526315788,6,15.789473684210526,73.0,0.0,1,2.0,15.0,10.0,,,,,38,0.631578947368421,0.2631578947368421,0.39473684210526316,,,,,,,,,,,,44,0.8016562479658553,-117.4852579832077,37,5.0,1.0,282.0,38,11.0,54.9,46.7,-0.6,64.0,3.4,13.0,1.0,4.0,-1.8804774236050434,0.6052631578947368,5.921052631578948,7.421052631578948,0.02631578947368421,0.05263157894736842,0.5,0.018219460181042167,-3.1752772427893974,0.11363636363636363,0.022727272727272728,0.36363636363636365,19.0,-0.14465210950808027,7.0,0.4375,6.333333333333333,37.5,0.16666666666666666,0.3333333333333333,3.3333333333333335,11.666666666666666,0.0,2.6666666666666665,7.333333333333333,3.1666666666666665,1.1666666666666667,0.8333333333333334,0.16666666666666666,0.16666666666666666
00-0031288,2019,AJ McCarron,QB,HOU,2,37,21,225,0,1,5,313,130,-8.24808175218641,-37.34947303310038,5,39,1,0.599034820799716,16.9,2.8,15,8,2,15,40.54054054054054,7,18.91891891891892,78.1,0.0,5,0.0,2.0,7.0,,,,,37,0.40540540540540543,0.1891891891891892,0.05405405405405406,,,,,,,,,,,,47,-7.6490469313866924,-204.7003984451294,33,5.0,5.0,313.0,37,7.0,,,,,,,,,,0.5675675675675675,6.081081081081081,8.45945945945946,0.0,0.02702702702702703,0.0,-0.1627456793912062,-6.203042377125133,0.10638297872340426,0.10638297872340426,0.2553191489361702,0.0,,9.9,0.5857988165680474,18.5,112.5,0.0,0.5,2.5,19.5,0.5,8.45,23.5,0.0,4.95,2.5,2.5,
00-0027688,2019,Colt McCoy,QB,WAS,1,27,18,122,0,1,6,177,34,-22.0164105785079,-5.39811948935191,2,14,0,1.19350969139487,4.28,2.4,7,3,3,12,44.44444444444444,6,22.22222222222222,74.1,0.0,0,1.0,0.0,4.0,,,,,27,0.25925925925925924,0.14814814814814814,0.0,,,,,,,,,,,,35,-20.822900887113065,-145.74922621250153,27,6.0,2.0,177.0,27,8.0,,,,,,,,,,0.6666666666666666,4.518518518518518,6.555555555555555,0.0,0.037037037037037035,0.0,-0.5949400253460876,-5.398119489351909,0.17142857142857143,0.05714285714285714,0.4,0.0,,1.4000000000000001,0.3271028037383178,27.0,122.0,0.0,1.0,2.0,14.0,0.0,4.28,35.0,0.0,1.4000000000000001,6.0,2.0,
00-0032245,2019,Sean Mannion,QB,MIN,3,21,12,126,0,2,0,132,66,-4.06089604231895,-13.5623654723167,6,-5,0,-5.88351687102113,-1.46,2.5,3,8,3,11,52.38095238095239,3,14.285714285714285,76.2,14.3,0,2.0,0.0,2.0,,,,,21,0.14285714285714285,0.09523809523809523,0.0,,,,,,,,,,,,21,-4.060896042318954,-271.24730944633484,20,0.0,0.0,132.0,21,3.0,,,,,,,,,,0.5714285714285714,6.0,6.285714285714286,0.0,0.09523809523809523,0.0,-0.1933760020151883,-13.562365472316742,0.0,0.0,0.14285714285714285,6.0,,-0.5,0.3424657534246575,7.0,42.0,0.0,0.6666666666666666,2.0,-1.6666666666666667,0.0,-0.48666666666666664,7.0,2.0,-0.16666666666666666,0.0,0.0,
00-0031589,2019,Brett Hundley,QB,ARI,3,11,5,49,0,0,2,114,34,-3.366053305552133,-9.383056119636267,7,41,0,1.846868218563031,6.06,2.5,4,0,0,2,18.181818181818183,1,9.090909090909092,72.7,9.1,0,0.0,4.0,3.0,,,,,11,0.36363636363636365,0.2727272727272727,0.36363636363636365,,,,,,,,,,,,15,0.21075375132166574,-183.25791954994202,11,2.0,2.0,114.0,11,2.0,80.6,77.9,1.6,18.0,2.4,3.0,0.0,0.0,1.8286805651441682,0.45454545454545453,4.454545454545454,10.363636363636363,0.0,0.0,,0.01405025008811105,-16.659810868176546,0.13333333333333333,0.13333333333333333,0.26666666666666666,5.0,0.6095601883813894,4.1000000000000005,0.6765676567656767,3.6666666666666665,16.333333333333332,0.0,0.0,2.3333333333333335,13.666666666666666,0.0,2.02,5.0,1.6666666666666667,1.366666666666667,0.6666666666666666,0.6666666666666666,0.0
00-0030520,2019,Mike Glennon,QB,LV,2,10,6,56,1,0,0,112,18,1.0464354921714398,7.963065803050995,2,0,0,-0.862523504067212,4.24,2.5,4,0,2,2,20.0,3,30.0,70.0,0.0,0,0.0,0.0,0.0,,,,,10,0.4,0.0,0.0,,,,,,,,,,,,9,1.9446623151306994,8.20220410823822,9,0.0,0.0,116.0,9,2.0,,,,,,,,,,0.6,5.6,11.2,0.1,0.0,,0.21607359057007772,0.9113560120264689,0.0,0.0,0.2222222222222222,2.0,,0.0,0.0,5.0,28.0,0.5,0.0,1.0,0.0,0.0,2.12,4.5,1.0,0.0,0.0,0.0,
00-0028118,2019,Tyrod Taylor,QB,LAC,4,6,4,33,1,0,0,32,19,3.65237386233639,15.05423724651336,10,7,0,-9.08793641894591,6.02,2.1,1,0,0,0,0.0,1,16.666666666666664,83.3,16.7,0,0.0,3.0,2.0,,,,,6,0.16666666666666666,0.3333333333333333,0.5,,,,,,,,,,,,6,3.6523738623363897,4.247802495956421,6,0.0,0.0,32.0,6,0.0,,,,,,4.0,0.0,1.0,-2.2994764900649898,0.6666666666666666,5.5,5.333333333333333,0.16666666666666666,0.0,,0.608728977056065,0.7079670826594034,0.0,0.0,0.0,10.0,-0.5748691225162474,0.7000000000000001,0.11627906976744189,1.5,8.25,0.25,0.0,2.5,1.75,0.0,1.505,1.5,2.5,0.17500000000000002,0.0,0.0,0.0
00-0032156,2019,Trevor Siemian,QB,NYJ,1,6,3,3,0,0,2,41,11,-5.56111275777221,-6.65137469768524,0,0,0,0.0,0.12,2.6,4,1,1,4,66.66666666666666,2,33.33333333333333,60.0,0.0,1,0.0,2.0,2.0,,,,,6,0.6666666666666666,0.3333333333333333,0.3333333333333333,,,,,,,,,,,,8,-5.561112757772207,-33.25687348842621,5,2.0,0.0,41.0,6,3.0,,,,,,,,,,0.5,0.5,6.833333333333333,0.0,0.0,,-0.6951390947215259,-6.651374697685242,0.25,0.0,0.625,0.0,,0.0,0.0,6.0,3.0,0.0,0.0,0.0,0.0,0.0,0.12,8.0,0.0,0.0,2.0,0.0,
00-0021206,2019,Josh McCown,QB,PHI,2,5,3,24,0,0,0,22,15,1.12892975431168,-15.5915355682373,2,-2,0,0.0,0.76,1.9,0,0,0,0,0.0,0,0.0,80.0,20.0,0,1.0,1.0,1.0,,,,,5,0.0,0.2,0.2,,,,,,,,,,,,5,1.1289297543116845,-77.95767784118652,5,0.0,0.0,22.0,5,0.0,54.3,59.7,0.1,5.0,0.6,,,,,0.6,4.8,4.4,0.0,0.0,,0.2257859508623369,-15.591535568237305,0.0,0.0,0.0,2.0,,-0.2,-0.2631578947368421,2.5,12.0,0.0,0.0,1.0,-1.0,0.0,0.38,2.5,1.0,-0.1,0.0,0.0,
00-0029857,2019,Ryan Griffin,QB,TB,2,4,2,18,0,0,0,12,13,-0.623921526828781,-3.98518641789754,4,-1,0,-2.46599764697021,0.62,2.4,2,1,0,1,25.0,1,25.0,66.7,0.0,1,0.0,0.0,0.0,,,,,4,0.5,0.0,0.0,,,,,,,,,,,,4,-0.6239215268287808,-11.955559253692627,3,0.0,0.0,12.0,4,0.0,,,,,,,,,,0.5,4.5,3.0,0.0,0.0,,-0.1559803817071952,-3.9851864178975425,0.0,0.0,0.0,4.0,,-0.1,-0.16129032258064518,2.0,9.0,0.0,0.0,2.0,-0.5,0.0,0.31,2.0,2.0,-0.05,0.0,0.0,
00-0034177,2019,Tim Boyle,QB,GB,3,4,3,15,0,0,0,10,14,-0.454420716734603,8.47948342561722,5,-7,0,0.0,-0.10000000000000003,1.7,0,0,1,1,25.0,1,25.0,75.0,0.0,0,0.0,1.0,2.0,,,,,4,0.0,0.5,0.25,,,,,,,,,,,,4,-0.45442071673460305,33.91793370246887,4,0.0,0.0,10.0,4,1.0,96.7,95.2,1.1,5.0,0.4,,,,,0.75,3.75,2.5,0.0,0.0,,-0.11360517918365076,8.479483425617218,0.0,0.0,0.25,5.0,,-0.7000000000000001,6.999999999999998,1.3333333333333333,5.0,0.0,0.0,1.6666666666666667,-2.3333333333333335,0.0,-0.03333333333333335,1.3333333333333333,1.6666666666666667,-0.23333333333333336,0.0,0.0,
00-0035264,2019,Jarrett Stidham,QB,NE,3,4,2,14,0,1,1,21,5,-10.149865640560165,-40.86184302965801,2,-2,0,0.0,-1.64,2.4,2,0,0,1,25.0,2,50.0,50.0,0.0,0,0.0,0.0,0.0,,,,,4,0.5,0.0,0.0,,,,,,,,,,,,5,-10.149865640560165,-93.90941858291626,4,1.0,0.0,21.0,4,1.0,,,,,,,,,,0.5,3.5,5.25,0.0,0.25,0.0,-2.029973128112033,-23.477354645729065,0.2,0.0,0.4,2.0,,-0.2,0.12195121951219513,1.3333333333333333,4.666666666666667,0.0,0.3333333333333333,0.6666666666666666,-0.6666666666666666,0.0,-0.5466666666666666,1.6666666666666667,0.6666666666666666,-0.06666666666666667,0.3333333333333333,0.0,
00-0031395,2019,Garrett Gilbert,QB,CLE,5,3,0,0,0,0,0,47,0,-1.0598793326935252,-66.51498079299925,3,-3,0,-2.7127359190199103,-0.30000000000000004,2.6,1,0,0,0,0.0,0,0.0,50.0,50.0,1,0.0,0.0,0.0,,,,,3,0.3333333333333333,0.0,0.0,,,,,,,,,,,,3,-1.0598793326935265,-133.02996158599854,2,0.0,0.0,47.0,3,0.0,,,,,,,,,,0.0,0.0,15.666666666666666,0.0,0.0,,-0.35329311089784216,-66.51498079299927,0.0,0.0,0.0,3.0,,-0.30000000000000004,1.0,0.6,0.0,0.0,0.0,0.6,-0.6,0.0,-0.06000000000000001,0.6,0.6,-0.06000000000000001,0.0,0.0,
00-0031407,2019,Blake Bortles,QB,LA,2,2,1,3,0,0,0,-3,6,-1.42863588384353,12.4197781085968,2,-9,0,-1.599709604342929,-0.78,2.3,1,0,0,0,0.0,0,0.0,100.0,0.0,1,0.0,1.0,1.0,,,,,2,0.5,0.5,0.5,,,,,,,,,,,,2,-1.4286358838435262,12.419778108596802,1,0.0,0.0,-3.0,2,0.0,,,,,,2.0,0.0,2.0,-1.5997096043429337,0.5,1.5,-1.5,0.0,0.0,,-0.7143179419217631,12.419778108596802,0.0,0.0,0.0,2.0,-0.7998548021714669,-0.9,1.1538461538461537,1.0,1.5,0.0,0.0,1.0,-4.5,0.0,-0.39,1.0,1.0,-0.45,0.0,0.0,0.0
00-0029623,2019,Alex Tanney,QB,NYG,1,1,1,1,0,0,0,1,0,-0.0452440076041967,18.0108189582825,0,0,0,0.0,0.04,2.9,1,0,0,0,0.0,0,0.0,100.0,0.0,0,0.0,0.0,1.0,,,,,1,1.0,1.0,0.0,,,,,,,,,,,,1,-0.04524400760419667,18.01081895828247,1,0.0,0.0,1.0,1,0.0,,,,,,,,,,1.0,1.0,1.0,0.0,0.0,,-0.04524400760419667,18.01081895828247,0.0,0.0,0.0,0.0,,0.0,0.0,1.0,1.0,0.0,0.0,0.0,0.0,0.0,0.04,1.0,0.0,0.0,0.0,0.0,
00-0026143,2020,Matt Ryan,QB,ATL,16,626,407,4581,26,11,41,5342,1642,67.56989281225395,1.1055960045021889,29,92,2,0.8246250891162656,282.44,2.6,204,55,70,166,26.517571884984026,89,14.217252396166133,75.5,5.4,18,6.0,18.0,152.0,,,,,626,0.3258785942492013,0.24281150159744408,0.02875399361022364,2.8736848,7.1609828009828,8.9096204620462,-1.7486376610634,14.6964856230032,0.267706270627063,64.0423074376564,0.973667003238162,21.3919670290792,56.6807427615412,93.2774227902023,682,79.97402875268298,743.3935984969139,603,41.0,16.0,5342.0,624,110.0,59.8,61.2,23.6,731.0,90.1,3.0,1.0,0.0,-0.20178285340909863,0.6501597444089456,7.317891373801917,8.533546325878595,0.04153354632587859,0.01757188498402556,2.3636363636363638,0.11726397177812754,1.232825204804169,0.060117302052785926,0.02346041055718475,0.22140762463343108,13.0,-0.06726095113636621,21.200000000000003,0.07506018977481944,39.125,286.3125,1.625,0.6875,1.8125,5.75,0.125,17.6525,42.625,0.8125,1.3250000000000002,2.5625,1.0,0.0625
00-0019596,2020,Tom Brady,QB,TB,16,610,401,4633,40,12,21,5532,1810,131.41217357296804,4.061261232066382,30,6,3,-18.186051896421557,337.92,2.4,161,34,58,113,18.524590163934427,122,20.0,73.9,5.2,13,4.0,15.0,110.0,,,,,610,0.2639344262295082,0.18032786885245902,0.02459016393442623,2.57070627062706,7.02411471321696,9.30483050847458,-2.28071579525762,14.7540983606557,0.542118644067797,64.1107100220855,1.62699489594728,22.1363431903501,57.6050292943247,102.172131147541,631,131.92780356678009,2102.7090802788734,590,21.0,4.0,5532.0,606,78.0,66.0,67.1,34.3,681.0,94.7,6.0,3.0,3.0,6.083925269107567,0.6573770491803279,7.5950819672131145,9.068852459016393,0.06557377049180328,0.019672131147540985,3.3333333333333335,0.20907734321201282,3.563913695387921,0.03328050713153724,0.006339144215530904,0.15689381933438987,26.0,1.0139875448512612,18.6,0.05504261363636364,38.125,289.5625,2.5,0.75,1.875,0.375,0.1875,21.12,39.4375,1.625,1.1625,1.3125,0.25,0.1875
00-0022924,2020,Ben Roethlisberger,QB,PIT,15,608,399,3803,33,10,13,4225,1956,55.32286141312223,-1.032025919389539,25,11,0,-19.628475091041764,267.21999999999997,2.1,175,42,51,106,17.434210526315788,91,14.967105263157896,76.4,6.4,2,13.0,26.0,48.0,,,,,608,0.2878289473684211,0.07894736842105263,0.04276315789473684,2.30010526315789,4.61288220551378,7.13993399339934,-2.52705178788556,17.2697368421053,-1.30561056105611,66.9266151319454,-1.3016151319454,20.3232930560117,56.4687046070653,94.0720942982456,624,56.2163136266168,-642.7113026380539,606,13.0,3.0,4225.0,608,64.0,52.5,53.3,6.4,677.0,76.0,3.0,1.0,0.0,1.4394043814390898,0.65625,6.254934210526316,6.949013157894737,0.054276315789473686,0.01644736842105263,3.3,0.09009024619650129,-1.0605797073235212,0.020833333333333332,0.004807692307692308,0.1233974358974359,22.0,0.4798014604796966,1.1,0.004116458348925979,40.53333333333333,253.53333333333333,2.2,0.6666666666666666,1.6666666666666667,0.7333333333333333,0.0,17.814666666666664,41.6,1.4666666666666666,0.07333333333333333,0.8666666666666667,0.2,0.06666666666666667
00-0036355,2020,Justin Herbert,QB,LAC,15,595,396,4336,31,10,32,4368,2220,90.67423688016169,1.0285268264886096,55,234,5,-0.2823207686450502,332.84,2.4,170,85,70,187,31.428571428571427,105,17.647058823529413,76.5,3.9,7,7.0,32.0,127.0,,,,,595,0.2857142857142857,0.2134453781512605,0.05378151260504202,2.68730456852792,5.21684343434343,7.50234482758621,-2.28550139324277,17.9831932773109,-1.27351724137931,64.138552873638,2.41606897510148,20.8425954279132,63.1634609564739,98.2738095238095,648,99.08280668250623,6.8708062171936035,580,32.0,25.0,4368.0,591,101.0,62.6,67.6,36.4,699.0,102.3,18.0,6.0,1.0,2.040050484763924,0.6655462184873949,7.287394957983193,7.341176470588235,0.052100840336134456,0.01680672268907563,3.1,0.15290556586806517,0.011846217615851041,0.04938271604938271,0.038580246913580245,0.2052469135802469,30.0,0.11333613804244022,53.400000000000006,0.16043744742218485,39.666666666666664,289.06666666666666,2.066666666666667,0.6666666666666666,3.6666666666666665,15.6,0.3333333333333333,22.18933333333333,43.2,2.0,3.5600000000000005,2.1333333333333333,1.6666666666666667,0.4
00-0033873,2020,Patrick Mahomes,QB,KC,15,588,390,4740,38,6,22,4917,2241,186.02940399905006,3.1869983191817335,62,308,2,17.55606427490582,374.4,2.6,141,62,59,143,24.31972789115646,100,17.006802721088434,76.9,4.9,20,8.0,100.0,144.0,,,,,588,0.23979591836734693,0.24489795918367346,0.17006802721088435,2.88855536626917,6.31817948717949,8.50643859649123,-2.18825910931174,11.3945578231293,-0.260228070175439,67.6655371362964,-1.33900652405153,21.1690035235644,64.4643405302498,108.234126984127,649,207.08719989085154,1615.6078606843948,570,22.0,40.0,4917.0,587,80.0,78.1,80.4,70.9,710.0,138.1,6.0,1.0,1.0,4.194323651259765,0.6632653061224489,8.061224489795919,8.362244897959183,0.06462585034013606,0.01020408163265306,6.333333333333333,0.3190865945929916,2.8343997555866576,0.03389830508474576,0.061633281972265024,0.15716486902927582,22.0,0.6990539418766275,42.8,0.11431623931623931,39.2,316.0,2.533333333333333,0.4,4.133333333333334,20.533333333333335,0.13333333333333333,24.959999999999997,43.266666666666666,1.4666666666666666,2.853333333333333,1.4666666666666666,2.6666666666666665,0.06666666666666667
00-0034857,2020,Josh Allen,QB,BUF,16,572,396,4544,37,10,26,4857,1871,168.9074832495571,6.462030823850696,102,421,8,0.1238734730745816,396.06,2.6,244,64,47,137,23.95104895104895,88,15.384615384615385,79.1,4.5,22,4.0,82.0,160.0,,,,,572,0.42657342657342656,0.27972027972027974,0.14335664335664336,3.04345104895105,6.86431818181818,8.76525547445256,-1.90093729263437,13.1118881118881,-0.384379562043796,65.0748163461685,4.15595288460071,21.9899043085402,65.2045803605851,107.153263403263,627,190.50304367468826,3612.988843023777,548,26.0,29.0,4857.0,572,69.0,76.6,77.3,63.2,729.0,128.6,49.0,10.0,13.0,7.1300816908548,0.6923076923076923,7.944055944055944,8.491258741258742,0.06468531468531469,0.017482517482517484,3.7,0.30383260554176755,6.593045333984994,0.04146730462519936,0.046251993620414676,0.15151515151515152,73.0,0.14551187124193468,90.1,0.2274907842246124,35.75,284.0,2.3125,0.625,6.375,26.3125,0.5,24.75375,39.1875,4.5625,5.63125,1.625,1.8125,0.625
00-0029263,2020,Russell Wilson,QB,SEA,16,558,384,4212,40,13,47,4809,1827,78.37755225282837,7.234341967292954,83,513,2,2.0186417865624993,359.78,2.6,206,65,67,179,32.07885304659498,84,15.053763440860216,79.5,5.1,24,4.0,42.0,124.0,,,,,558,0.36917562724014336,0.2222222222222222,0.07526881720430108,2.97314901256733,6.22265625,8.61834896810507,-2.39569271810507,11.2903225806452,0.0780112570356473,64.8534927253468,3.9637115757285,21.6966723957432,64.4453729913948,105.070191158901,657,94.04641324373146,3642.0514792203903,532,47.0,53.0,4809.0,557,114.0,67.1,65.6,32.7,716.0,102.9,8.0,2.0,0.0,5.790307749353815,0.6881720430107527,7.548387096774194,8.618279569892474,0.07168458781362007,0.023297491039426525,3.076923076923077,0.1431452256373386,6.845961427105997,0.0715372907153729,0.0806697108066971,0.2450532724505327,30.0,0.7237884686692269,63.300000000000004,0.17594085274334317,34.875,263.25,2.5,0.8125,5.1875,32.0625,0.125,22.48625,41.0625,1.875,3.9562500000000003,2.9375,3.3125,0.125
00-0035228,2020,Kyler Murray,QB,ARI,16,558,375,3971,26,12,27,4355,1743,31.909793531032992,1.849076720037796,133,819,11,42.98469529697409,378.74,2.4,156,55,24,106,18.996415770609318,88,15.770609318996415,77.1,2.5,25,14.0,171.0,107.0,,,,,558,0.27956989247311825,0.1917562724014337,0.3064516129032258,2.73745454545455,5.87864,7.98721590909091,-2.10857590909091,13.2616487455197,-0.902935606060606,65.2621605323367,1.94214054293209,21.5388490942222,58.2527741828662,94.3100358422939,627,66.03188706826296,1174.6352940797806,528,27.0,50.0,4355.0,550,48.0,61.9,61.3,24.7,763.0,99.9,72.0,7.0,11.0,18.75703908875091,0.6720430107526881,7.116487455197133,7.804659498207886,0.04659498207885305,0.021505376344086023,2.1666666666666665,0.10531401446293934,2.2246880569692813,0.0430622009569378,0.07974481658692185,0.11961722488038277,83.0,0.2605144317882071,147.9,0.3905053598774885,34.875,248.1875,1.625,0.75,8.3125,51.1875,0.6875,23.67125,39.1875,5.1875,9.24375,1.6875,3.125,0.4375
00-0033106,2020,Jared Goff,QB,LA,15,552,370,3952,20,13,23,3579,2152,25.888128745911903,1.0955725168066626,51,99,4,-6.068835410987973,239.98,2.5,185,42,54,119,21.557971014492754,84,15.217391304347828,78.5,5.1,24,6.0,2.0,172.0,,,,,552,0.3351449275362319,0.3115942028985507,0.0036231884057971015,2.75909636363636,4.76948648648649,6.54813333333333,-1.77864684684685,12.6811594202899,-1.91281904761905,66.529338327034,0.499647180212364,20.0148177913475,61.9354575344366,90.036231884058,595,21.02921091962962,485.30768156051636,525,23.0,22.0,3579.0,550,75.0,50.8,49.2,-1.6,650.0,64.0,11.0,4.0,3.0,7.829652134038042,0.6702898550724637,7.159420289855072,6.483695652173913,0.036231884057971016,0.02355072463768116,1.5384615384615385,0.03534321162962961,0.924395583924793,0.03865546218487395,0.03697478991596639,0.16470588235294117,29.0,0.711786557639822,33.9,0.14126177181431787,36.8,263.46666666666664,1.3333333333333333,0.8666666666666667,3.4,6.6,0.26666666666666666,15.998666666666667,39.666666666666664,1.9333333333333333,2.26,1.5333333333333334,1.4666666666666666,0.26666666666666666
00-0033537,2020,Deshaun Watson,QB,HOU,16,544,382,4823,33,7,49,4842,1971,131.65595564471164,6.4408088284326555,90,444,3,14.33218831539851,369.32,2.5,168,75,47,171,31.433823529411764,79,14.522058823529413,80.3,3.6,19,5.0,73.0,81.0,,,,,544,0.3088235294117647,0.1488970588235294,0.13419117647058823,2.85232472324723,7.29806282722513,8.98116634799235,-1.68310352076722,14.7058823529412,0.243116634799235,65.3916361484923,4.82895208680181,20.3309512867795,63.4410348276256,112.400428921569,653,159.4792477417626,3411.2931340932846,523,49.0,62.0,4842.0,542,95.0,63.7,65.3,31.9,715.0,99.6,15.0,3.0,5.0,0.15758360215113498,0.7022058823529411,8.865808823529411,8.900735294117647,0.06066176470588235,0.012867647058823529,4.714285714285714,0.24422549424465942,6.522549013562686,0.07503828483920368,0.09494640122511486,0.22052067381316998,28.0,0.010505573476742332,62.400000000000006,0.1689591682010181,34.0,301.4375,2.0625,0.4375,5.625,27.75,0.1875,23.0825,40.8125,1.75,3.9000000000000004,3.0625,3.875,0.1875
00-0022942,2020,Philip Rivers,QB,IND,16,543,369,4169,24,11,19,3888,2226,104.44405718987286,0.9334620247836244,18,-8,0,-10.118697630008688,239.96,2.3,124,37,37,93,17.12707182320442,84,15.469613259668508,77.2,3.2,14,11.0,44.0,86.0,,,,,543,0.2283609576427256,0.15837937384898712,0.08103130755064457,2.52062962962963,5.15048780487805,7.41440227703985,-2.2639144721618,15.8379373848987,-1.77914611005693,66.3070562328204,1.64874487215204,20.5323951986991,55.5152879844823,96.9958563535912,560,104.01767142648038,392.39978790283203,527,19.0,1.0,3888.0,540,55.0,55.0,58.0,13.7,600.0,73.4,1.0,0.0,0.0,-0.38180711294990033,0.6795580110497238,7.677716390423573,7.1602209944751385,0.04419889502762431,0.020257826887661142,2.1818181818181817,0.18574584183300066,0.744591627899112,0.033928571428571426,0.0017857142857142857,0.13214285714285715,17.0,-0.38180711294990033,-0.8,-0.0033338889814969164,33.9375,260.5625,1.5,0.6875,1.125,-0.5,0.0,14.9975,35.0,1.0625,-0.05,1.1875,0.0625,0.0
00-0026498,2020,Matthew Stafford,QB,DET,16,528,339,4084,26,10,38,4609,1741,56.058898293824655,-1.5773420169855636,29,112,0,4.1827688675783286,260.56,2.4,179,45,39,122,23.106060606060606,94,17.803030303030305,77.6,6.4,7,7.0,27.0,105.0,,,,,528,0.3390151515151515,0.19886363636363635,0.05113636363636364,2.65439923224568,6.78333333333333,9.04516634050881,-2.26183300717547,16.8560606060606,0.221291585127201,65.4255821186146,-1.22103666406915,21.4954612739761,65.0996159742898,96.3383838383838,575,68.73773870661775,-522.3139971494675,510,38.0,16.0,4613.0,520,77.0,61.3,61.5,20.7,626.0,77.3,6.0,0.0,0.0,1.175558157143667,0.6420454545454546,7.734848484848484,8.729166666666666,0.04924242424242424,0.01893939393939394,2.6,0.11954389340281348,-1.0241450924499362,0.06608695652173913,0.02782608695652174,0.2,13.0,0.19592635952394452,11.200000000000001,0.04298434141848327,33.0,255.25,1.625,0.625,1.8125,7.0,0.0,16.285,35.9375,0.8125,0.7000000000000001,2.375,1.0,0.0
00-0023459,2020,Aaron Rodgers,QB,GB,16,526,372,4299,48,5,20,4135,2248,186.25184805318398,7.3534423372058235,38,149,3,2.9403034197166797,383.26,2.5,168,33,28,81,15.399239543726237,69,13.11787072243346,81.2,5.4,23,3.0,42.0,145.0,,,,,526,0.3193916349809886,0.27566539923954375,0.07984790874524715,2.7242447418738,5.48306451612903,8.07532934131737,-2.59226482518833,11.2167300380228,-0.415688622754491,67.3702785228255,3.35215493725053,22.4321015003712,65.1960159825737,121.530418250951,567,203.8251298278303,3599.9630764126778,501,20.0,24.0,4135.0,523,48.0,79.8,81.7,64.4,608.0,113.1,2.0,0.0,0.0,2.501459301332943,0.7072243346007605,8.173003802281368,7.861216730038023,0.09125475285171103,0.009505703422053232,9.6,0.3594799467862968,7.1855550427398756,0.03527336860670194,0.042328042328042326,0.11992945326278659,14.0,1.2507296506664716,32.9,0.08584250900172206,32.875,268.6875,3.0,0.3125,2.375,9.3125,0.1875,23.95375,35.4375,0.875,2.05625,1.25,1.5,0.0
00-0031280,2020,Derek Carr,QB,LV,16,517,348,4103,27,9,26,4184,1956,61.2241940404073,2.788439215512989,39,140,3,7.8221109423639605,272.12,2.5,173,56,30,112,21.663442940038685,79,15.28046421663443,78.9,4.1,20,5.0,27.0,91.0,,,,,517,0.3346228239845261,0.1760154738878143,0.05222437137330754,2.78257699805068,5.94063218390805,8.22211812627291,-2.28148594236487,16.247582205029,-0.0222810590631362,64.1501460581067,3.16126593415639,20.840064844671,57.0533338202072,101.398291424887,562,70.966413697493,1263.2452800869942,491,26.0,23.0,4183.0,513,50.0,64.3,66.2,28.8,609.0,91.1,6.0,1.0,1.0,8.459929712611483,0.6731141199226306,7.9361702127659575,8.09284332688588,0.05222437137330754,0.017408123791102514,3.0,0.12627475746884875,2.5728009777739187,0.046263345195729534,0.04092526690391459,0.13523131672597866,16.0,1.4099882854352472,32.0,0.1175951785976775,32.3125,256.4375,1.6875,0.5625,2.4375,8.75,0.1875,17.0075,35.125,1.0,2.0,1.625,1.4375,0.0625
00-0029604,2020,Kirk Cousins,QB,MIN,16,516,349,4265,35,13,39,4103,1936,94.00742289253432,4.26865398236962,32,156,1,0.6995529236011109,306.2,2.6,181,56,78,173,33.52713178294574,67,12.984496124031008,81.3,3.7,27,11.0,3.0,127.0,,,,,516,0.3507751937984496,0.24612403100775193,0.005813953488372093,2.8840701754386,6.81438395415473,8.28809034907598,-1.47370639492125,16.2790697674419,-0.580492813141684,62.155192731627,5.48046618310172,20.7396530024793,57.0954402732828,104.99838501292,569,101.95817504280086,2223.5001251101494,485,39.0,17.0,4103.0,513,113.0,55.8,58.7,15.7,629.0,76.9,6.0,1.0,2.0,4.353469989087898,0.6763565891472868,8.265503875968992,7.9515503875969,0.06782945736434108,0.025193798449612403,2.6923076923076925,0.1791883568414778,4.5845363404332975,0.06854130052724078,0.029876977152899824,0.2671353251318102,15.0,0.7255783315146497,21.6,0.07054212932723711,32.25,266.5625,2.1875,0.8125,2.0,9.75,0.0625,19.1375,35.5625,0.9375,1.35,2.4375,1.0625,0.0625
00-0031237,2020,Teddy Bridgewater,QB,CAR,15,492,340,3733,15,11,31,3507,1884,33.61792745043793,3.44536482331149,53,279,5,11.53534864639346,241.22,2.3,154,42,38,111,22.5609756097561,61,12.398373983739837,80.5,4.2,19,5.0,22.0,91.0,,,,,492,0.3130081300813008,0.18495934959349594,0.044715447154471545,2.60270204081633,5.14964705882353,7.27761194029851,-2.12796488147498,12.1951219512195,-1.6818763326226,66.6813501826965,2.42434087421412,19.7559226990155,56.479753009375,92.1324525745257,558,57.32229195816528,1894.125634431839,469,31.0,37.0,3507.0,490,68.0,56.8,57.0,12.0,607.0,71.7,6.0,3.0,2.0,-7.629680777783506,0.6910569105691057,7.587398373983739,7.128048780487805,0.03048780487804878,0.022357723577235773,1.3636363636363635,0.10272812178882666,4.038647408170233,0.05555555555555555,0.06630824372759857,0.1774193548387097,16.0,-1.2716134629639175,57.900000000000006,0.24002984827128765,32.8,248.86666666666667,1.0,0.7333333333333333,3.533333333333333,18.6,0.3333333333333333,16.081333333333333,37.2,1.0666666666666667,3.8600000000000003,2.066666666666667,2.466666666666667,0.2
00-0034855,2020,Baker Mayfield,QB,CLE,16,486,305,3563,26,8,26,4135,1361,88.8011414073411,3.541360396550718,54,165,1,-7.009694477849197,248.62,2.7,179,49,26,101,20.781893004115226,85,17.48971193415638,74.8,4.6,28,8.0,7.0,121.0,,,,,486,0.3683127572016461,0.24897119341563786,0.01440329218106996,3.05041995841996,7.35767213114754,9.03644591611479,-1.67877378496725,13.7860082304527,0.416136865342163,62.2520823976428,0.505119248447706,21.8739650607553,68.1022062785047,95.9019204389575,531,102.3629021512332,1266.8274357914925,453,26.0,25.0,4135.0,480,47.0,65.5,65.0,26.1,597.0,83.6,13.0,0.0,6.0,-2.6992024887586012,0.6275720164609053,7.3312757201646095,8.508230452674898,0.053497942386831275,0.01646090534979424,3.25,0.1927738270268045,2.796528555831109,0.04896421845574388,0.047080979284369114,0.1374764595103578,29.0,-0.20763096067373857,22.5,0.0904995575577186,30.375,222.6875,1.625,0.5,3.375,10.3125,0.0625,15.53875,33.1875,1.8125,1.40625,1.625,1.5625,0.0
00-0029701,2020,Ryan Tannehill,QB,TEN,16,481,315,3819,33,7,24,4024,1529,126.23642575347858,1.9778744506357302,43,266,7,27.48942217283207,344.36,2.5,161,36,61,121,25.155925155925157,63,13.097713097713099,77.3,4.3,19,8.0,17.0,158.0,,,,,481,0.33471933471933474,0.3284823284823285,0.035343035343035345,2.68891683991684,7.25022222222222,8.42258620689655,-1.17236398467433,18.7110187110187,-0.0903448275862071,62.1833207414886,3.30524474707685,20.6704280618726,55.5139802212019,106.544525294525,524,142.67514295523773,1232.4292242527008,464,23.0,20.0,4024.0,481,82.0,72.6,74.0,43.9,594.0,95.3,14.0,4.0,6.0,17.54871902053128,0.6548856548856549,7.9397089397089395,8.365904365904365,0.06860706860706861,0.014553014553014554,4.714285714285714,0.27228080716648423,2.6560974660618553,0.04389312977099236,0.03816793893129771,0.20038167938931298,23.0,1.2534799300379487,68.6,0.1992101289348356,30.0625,238.6875,2.0625,0.4375,2.6875,16.625,0.4375,21.5225,32.75,1.4375,4.2875,1.4375,1.25,0.25
00-0035710,2020,Daniel Jones,QB,NYG,14,448,280,2943,11,10,45,3402,1114,-24.321688355243744,-2.0700315429123974,65,423,1,-0.7701259768491706,180.02,2.5,200,56,55,156,34.82142857142857,76,16.964285714285715,75.2,5.3,14,8.0,46.0,101.0,,,,,448,0.44642857142857145,0.22544642857142858,0.10267857142857142,2.75813901345292,6.43657142857143,7.70351851851852,-1.26694708994709,17.6339285714286,-1.49092592592593,61.3512490152581,1.14875098474191,20.2287585306625,59.1227942506103,80.4222470238095,513,-12.506743185010299,-969.1240772604942,432,45.0,22.0,3397.0,446,99.0,54.0,49.4,-1.0,586.0,57.6,27.0,0.0,3.0,8.65934867607027,0.625,6.569196428571429,7.59375,0.024553571428571428,0.022321428571428572,1.1,-0.024379616345049315,-2.243342771436329,0.08771929824561403,0.042884990253411304,0.2807017543859649,43.0,0.3207166176322322,48.300000000000004,0.26830352183090767,32.0,210.21428571428572,0.7857142857142857,0.7142857142857143,4.642857142857143,30.214285714285715,0.07142857142857142,12.858571428571429,36.642857142857146,3.0714285714285716,3.45,3.2142857142857144,1.5714285714285714,0.0
00-0035704,2020,Drew Lock,QB,DEN,13,443,254,2933,16,15,19,3908,1394,-35.50687464963783,-6.693927417176493,44,160,3,1.3622140979858335,181.32,2.6,148,53,46,118,26.63656884875846,98,22.121896162528216,68.9,5.8,13,5.0,25.0,92.0,,,,,443,0.3340857787810384,0.2076749435665914,0.056433408577878104,2.87261904761905,6.11964566929134,9.22466042154567,-3.10501475225433,19.6388261851016,0.454168618266979,60.9985679413274,-3.66222482620324,22.643613119969,59.3814954341839,75.3809255079007,481,-28.261945022035782,-2361.4597648382187,426,19.0,21.0,3910.0,441,63.0,41.2,46.6,-5.1,523.0,44.8,12.0,3.0,6.0,3.597211007581791,0.5733634311512416,6.6207674943566595,8.821670428893905,0.03611738148984198,0.033860045146726865,1.0666666666666667,-0.05875664245745485,-5.543332781310372,0.0395010395010395,0.04365904365904366,0.1704781704781705,23.0,0.29976758396514924,34.0,0.18751378777851313,34.07692307692308,225.6153846153846,1.2307692307692308,1.1538461538461537,3.3846153846153846,12.307692307692308,0.23076923076923078,13.947692307692307,37.0,1.7692307692307692,2.6153846153846154,1.4615384615384615,1.6153846153846154,0.23076923076923078
00-0032950,2020,Carson Wentz,QB,PHI,12,437,251,2620,16,15,50,3871,996,-82.6803338663418,-4.090562111329099,52,276,5,8.870294361433707,198.4,2.6,167,35,64,149,34.09610983981693,90,20.59496567505721,70.4,5.5,21,6.0,64.0,103.0,,,,,437,0.38215102974828374,0.23569794050343248,0.14645308924485126,2.91064908256881,6.34247011952191,9.09901678657075,-2.75654666704883,18.9931350114416,-0.0712470023980816,61.4873742356522,-4.05030329743703,22.5940174436031,64.4560136837518,72.8308543096873,508,-71.27326925696741,-1456.9031283259392,417,50.0,22.0,3870.0,436,113.0,41.9,37.1,-21.6,581.0,39.4,26.0,3.0,12.0,-0.33202498525497504,0.5743707093821511,5.995423340961098,8.858123569794051,0.036613272311212815,0.034324942791762014,1.0666666666666667,-0.14030171113576262,-3.493772489990262,0.0984251968503937,0.04330708661417323,0.32086614173228345,30.0,-0.012770191740575964,57.6,0.2903225806451613,36.416666666666664,218.33333333333334,1.3333333333333333,1.25,4.333333333333333,23.0,0.4166666666666667,16.533333333333335,42.333333333333336,2.5,4.8,4.166666666666667,1.8333333333333333,0.25
00-0036442,2020,Joe Burrow,QB,CIN,10,404,264,2688,13,5,32,3429,1142,48.96672468471526,1.898640994911887,37,142,3,-0.14122071868429398,173.72,2.3,138,30,47,109,26.980198019801982,58,14.356435643564355,75.3,4.8,8,4.0,38.0,78.0,,,,,404,0.3415841584158416,0.19306930693069307,0.09405940594059406,2.64860099750623,5.72753787878788,8.78208651399491,-3.05454863520703,21.5346534653465,-0.14412213740458,60.8580479845589,4.48848666890645,21.0457653767545,65.7571479004374,89.8308580858086,448,46.350048917566056,823.4881490468979,392,32.0,16.0,3429.0,400,77.0,48.5,46.8,-4.6,510.0,47.8,14.0,5.0,5.0,8.427099187887507,0.6534653465346535,6.653465346534653,8.487623762376238,0.03217821782178218,0.012376237623762377,2.6,0.10345993061956708,2.100735074099229,0.07142857142857142,0.03571428571428571,0.24330357142857142,21.0,0.6019356562776791,32.2,0.18535574487681328,40.4,268.8,1.3,0.5,3.7,14.2,0.3,17.372,44.8,2.1,3.22,3.2,1.6,0.5
00-0020531,2020,Drew Brees,QB,NO,12,390,275,2942,24,6,13,2361,1478,68.77344695507286,1.2228866391306712,18,-2,2,-4.355731324154778,209.48,2.4,92,13,33,59,15.128205128205128,51,13.076923076923078,80.8,5.5,7,3.0,5.0,55.0,,,,,390,0.2358974358974359,0.14102564102564102,0.01282051282051282,2.6612706185567,5.42425454545455,6.30145118733509,-0.877196641880547,12.3076923076923,-2.30277044854881,69.0415533918601,1.47126712096043,19.4635897492862,50.803961459713,106.378205128205,403,68.51029788711655,605.6470602750778,379,13.0,2.0,2361.0,388,46.0,68.3,71.0,27.1,428.0,66.2,4.0,2.0,3.0,3.640193873026874,0.7051282051282052,7.543589743589743,6.053846153846154,0.06153846153846154,0.015384615384615385,4.0,0.17000073917398648,1.5980133516492818,0.03225806451612903,0.004962779156327543,0.14640198511166252,16.0,0.9100484682567185,11.8,0.056329959900706515,32.5,245.16666666666666,2.0,0.5,1.5,-0.16666666666666666,0.16666666666666666,17.456666666666667,33.583333333333336,1.3333333333333333,0.9833333333333334,1.0833333333333333,0.16666666666666666,0.16666666666666666
00-0034796,2020,Lamar Jackson,QB,BAL,15,376,242,2757,26,9,29,3248,1159,57.34845503721208,1.8853594490416772,159,1005,7,39.97330370073516,332.78,2.5,104,49,24,102,27.127659574468083,64,17.02127659574468,75.3,5.5,9,6.0,157.0,87.0,,,,,376,0.2765957446808511,0.23138297872340424,0.4175531914893617,2.97784718498659,6.58111570247934,8.88771349862259,-2.30659779614325,14.3617021276596,-0.250027548209367,66.1132114647115,-1.75150933705191,20.4288057957059,55.2778726074005,99.3461879432624,451,78.81814959778995,372.6775601506233,363,29.0,49.0,3248.0,373,51.0,67.3,68.4,31.9,585.0,82.9,100.0,2.0,24.0,33.30354495370476,0.6436170212765957,7.332446808510638,8.638297872340425,0.06914893617021277,0.023936170212765957,2.888888888888889,0.17476308114809302,1.0266599453185214,0.06430155210643015,0.10864745011086474,0.17738359201773837,110.0,0.33303544953704756,142.5,0.4282108299777631,25.066666666666666,183.8,1.7333333333333334,0.6,10.6,67.0,0.4666666666666667,22.185333333333332,30.066666666666666,7.333333333333333,9.5,1.9333333333333333,3.2666666666666666,0.13333333333333333
00-0027939,2020,Cam Newton,QB,NE,15,368,242,2657,8,10,31,2496,1258,-3.487039214108572,-2.4580909100984316,137,592,12,18.399553087851878,260.98,2.6,178,48,30,109,29.6195652173913,70,19.021739130434785,74.6,4.2,11,9.0,36.0,99.0,,,,,368,0.483695652173913,0.26902173913043476,0.09782608695652174,2.83889890710383,5.62161157024793,7.02276056338028,-1.40114899313235,12.7717391304348,-2.27301408450704,67.7542576181662,-1.99338805294879,19.3795679732692,58.0170845527419,82.8917572463768,417,5.9056912958392775,-363.3814677596092,355,31.0,20.0,2496.0,366,61.0,39.4,40.9,-14.1,538.0,42.9,103.0,21.0,31.0,19.51420023233657,0.657608695652174,7.220108695652174,6.782608695652174,0.021739130434782608,0.02717391304347826,0.8,0.014162329246616973,-1.0236097683369274,0.07434052757793765,0.047961630695443645,0.22062350119904076,117.0,0.18945825468287933,131.2,0.5027205149819909,24.533333333333335,177.13333333333333,0.5333333333333333,0.6666666666666666,9.133333333333333,39.46666666666667,0.8,17.398666666666667,27.8,7.8,8.746666666666666,2.066666666666667,1.3333333333333333,1.4
00-0034869,2020,Sam Darnold,QB,NYJ,12,364,217,2208,9,11,35,2794,1155,-76.85715407624824,-1.8286930121390883,37,217,2,12.573174108983954,134.02,2.4,143,43,38,116,31.868131868131865,62,17.032967032967033,71.8,4.1,21,7.0,8.0,63.0,,,,,364,0.39285714285714285,0.17307692307692307,0.02197802197802198,2.85328254847645,4.65917050691244,7.92678466076696,-3.26761415385452,13.4615384615385,-0.969970501474926,62.4112427081135,-2.79585809272888,21.4489410528706,52.9819969423577,72.6877289377289,422,-65.73064386182777,-651.611116528511,338,35.0,26.0,2795.0,361,69.0,32.9,33.1,-22.6,455.0,24.3,4.0,1.0,2.0,2.5505573601694778,0.5961538461538461,6.065934065934066,7.675824175824176,0.024725274725274724,0.03021978021978022,0.8181818181818182,-0.15575981957779092,-1.9278435400251805,0.08293838862559241,0.061611374407582936,0.24644549763033174,11.0,0.6376393400423694,33.7,0.2514550067154156,30.333333333333332,184.0,0.75,0.9166666666666666,3.0833333333333335,18.083333333333332,0.16666666666666666,11.168333333333335,35.166666666666664,0.9166666666666666,2.8083333333333336,2.9166666666666665,2.1666666666666665,0.08333333333333333
00-0027973,2020,Andy Dalton,QB,DAL,11,333,216,2170,14,8,24,2289,1043,-11.200869862838992,0.032264964737754996,28,114,0,2.2415807287036857,136.9,2.3,119,15,25,64,19.21921921921922,48,14.414414414414415,78.4,6.6,14,5.0,21.0,61.0,,,,,333,0.35735735735735735,0.1831831831831832,0.06306306306306306,2.49926726726727,5.16615740740741,6.97556603773585,-1.80940863032844,15.015015015015,-1.59990566037736,64.6001902215921,0.264674643272755,20.6223403530591,48.3196657687116,87.2935435435436,372,-4.622898450620903,-129.57812547683716,318,24.0,15.0,2289.0,333,49.0,46.1,42.3,-8.9,409.0,30.9,8.0,1.0,3.0,5.373203111085152,0.6486486486486487,6.516516516516517,6.873873873873874,0.042042042042042045,0.024024024024024024,1.75,-0.012427146372636836,-0.4074783820026326,0.06451612903225806,0.04032258064516129,0.19623655913978494,13.0,0.671650388885644,11.4,0.08327246165084003,30.272727272727273,197.27272727272728,1.2727272727272727,0.7272727272727273,2.5454545454545454,10.363636363636363,0.0,12.445454545454545,33.81818181818182,1.1818181818181819,1.0363636363636364,2.1818181818181817,1.3636363636363635,0.09090909090909091
00-0035289,2020,Gardner Minshew,QB,JAX,9,327,216,2259,16,5,27,2558,1016,16.78118203768224,5.170852073063751,29,153,1,7.624186916643604,160.66,2.4,90,38,20,85,25.993883792048926,58,17.737003058103976,76.5,3.2,15,4.0,18.0,47.0,,,,,327,0.27522935779816515,0.1437308868501529,0.05504587155963303,2.76726073619632,5.62180555555556,8.1884142394822,-2.56660868392664,17.1253822629969,-0.264660194174757,62.6961760120381,3.35886985952155,20.8750007703224,52.3962823108663,95.8524464831804,377,30.918535267728366,1320.7961797714233,309,27.0,24.0,2558.0,326,45.0,44.0,48.2,-2.0,403.0,31.9,2.0,0.0,1.0,-2.617855849210173,0.6605504587155964,6.908256880733945,7.82262996941896,0.04892966360856269,0.01529051987767584,3.2,0.08201202988787365,4.274421293758651,0.07161803713527852,0.0636604774535809,0.1909814323607427,5.0,-1.3089279246050864,21.3,0.13257811527449273,36.333333333333336,251.0,1.7777777777777777,0.5555555555555556,3.2222222222222223,17.0,0.1111111111111111,17.85111111111111,41.888888888888886,0.5555555555555556,2.3666666666666667,3.0,2.6666666666666665,0.0
00-0033319,2020,Nick Mullens,QB,SF,10,326,211,2437,12,12,19,2053,1239,3.124369012898377,-1.199539389418012,9,8,0,-2.545378165435976,116.28,2.4,116,33,56,108,33.12883435582822,48,14.723926380368098,75.3,5.3,6,7.0,13.0,86.0,,,,,326,0.3558282208588957,0.26380368098159507,0.03987730061349693,2.63166257668712,5.62156398104266,6.63394984326019,-1.01238586221753,14.4171779141104,-2.49144200626959,66.946773932664,-2.22284755229585,18.728682575361,54.126705053975,84.1002044989775,347,3.1547248224166164,-830.6558668613434,319,19.0,2.0,2053.0,326,73.0,36.3,31.3,-21.0,379.0,17.2,2.0,1.0,1.0,-2.6817339749541134,0.647239263803681,7.475460122699387,6.2975460122699385,0.03680981595092025,0.03680981595092025,1.0,0.009091426001200624,-2.6039368867126753,0.05475504322766571,0.005763688760806916,0.26512968299711814,7.0,-1.3408669874770567,0.8,0.0068799449604403165,32.6,243.7,1.2,1.2,0.9,0.8,0.0,11.628,34.7,0.7,0.08,1.9,0.2,0.1
00-0029567,2020,Nick Foles,QB,CHI,9,312,202,1852,10,8,18,2502,701,-34.6021630022892,-5.766236753439318,16,1,1,-6.658684139663827,104.17999999999999,2.2,99,15,41,74,23.717948717948715,48,15.384615384615385,76.3,3.0,11,5.0,32.0,59.0,,,,,312,0.3173076923076923,0.1891025641025641,0.10256410256410256,2.51433118971061,5.31356435643564,7.81486666666667,-2.50130231023102,20.8333333333333,-0.955133333333333,62.3575934913391,2.38599625225061,21.2376830905411,56.347771916909,80.7692307692308,332,-32.82782289348109,497.29407131671906,299,18.0,3.0,2502.0,310,60.0,36.0,36.0,-14.6,359.0,22.3,2.0,1.0,1.0,0.5166559474891983,0.6474358974358975,5.935897435897436,8.01923076923077,0.03205128205128205,0.02564102564102564,1.25,-0.09887898461891895,1.66319087396896,0.05421686746987952,0.009036144578313253,0.23493975903614459,13.0,0.25832797374459915,6.1,0.05855250527932425,34.666666666666664,205.77777777777777,1.1111111111111112,0.8888888888888888,1.7777777777777777,0.1111111111111111,0.1111111111111111,11.575555555555555,36.888888888888886,1.4444444444444444,0.6777777777777777,2.0,0.3333333333333333,0.1111111111111111
00-0033869,2020,Mitchell Trubisky,QB,CHI,10,297,199,2055,16,8,18,2325,1003,28.66577748692668,1.048028138315891,33,195,1,9.217595116330223,153.7,2.3,80,25,21,64,21.548821548821547,53,17.845117845117844,75.8,3.1,4,1.0,31.0,96.0,,,,,297,0.26936026936026936,0.32323232323232326,0.10437710437710437,2.66108754208754,5.05909547738694,7.93215017064847,-2.87305469326153,21.2121212121212,-0.115631399317406,65.0817494359562,1.92161756741081,20.8745291896671,58.5518172220129,93.4834455667789,332,39.71644118211707,321.99582755565643,293,18.0,17.0,2325.0,297,37.0,53.8,57.1,7.6,376.0,41.0,16.0,2.0,4.0,-2.886068578860116,0.67003367003367,6.91919191919192,7.828282828282828,0.05387205387205387,0.026936026936026935,2.0,0.1196278348858948,1.0989618687906364,0.05421686746987952,0.05120481927710843,0.16566265060240964,16.0,-0.18037928617875726,25.5,0.16590761223162004,29.7,205.5,1.6,0.8,3.3,19.5,0.1,15.37,33.2,1.6,2.55,1.8,1.7,0.2
00-0036212,2020,Tua Tagovailoa,QB,MIA,10,290,186,1814,11,5,20,2175,766,-14.351189482975077,2.1130319914139712,36,109,3,2.237040388019501,135.46,2.3,115,14,14,48,16.551724137931036,53,18.275862068965516,74.1,4.3,5,2.0,32.0,78.0,,,,,290,0.39655172413793105,0.2689655172413793,0.1103448275862069,2.54508362369338,5.32172043010753,7.66427046263345,-2.34255003252592,20.3448275862069,-0.755658362989324,65.2766455812701,-1.13871454678734,20.2260989344887,55.5144125430505,87.0545977011494,323,-5.261820969905628,-339.47482109069824,281,20.0,16.0,2175.0,287,32.0,44.8,47.9,-2.1,362.0,32.4,11.0,3.0,3.0,3.0049964866193477,0.6413793103448275,6.255172413793104,7.5,0.03793103448275862,0.017241379310344827,2.2,-0.016290467399088633,-1.208095448721346,0.06191950464396285,0.04953560371517028,0.1609907120743034,20.0,0.27318149878357706,28.9,0.21334711353905209,29.0,181.4,1.1,0.5,3.6,10.9,0.3,13.546000000000001,32.3,2.0,2.8899999999999997,2.0,1.6,0.3
00-0023682,2020,Ryan Fitzpatrick,QB,MIA,9,267,183,2091,13,8,14,2080,855,48.69321821586507,5.595822776814475,30,151,2,4.8928383966477025,153.74,2.2,99,22,31,67,25.0936329588015,37,13.857677902621724,79.9,3.8,2,5.0,16.0,41.0,,,,,267,0.3707865168539326,0.15355805243445692,0.0599250936329588,2.38062781954887,6.45530054644809,7.88723484848485,-1.43193430203676,21.3483146067416,-0.658219696969697,63.6856960558266,4.85362978687,19.5980428027712,55.2984131779566,95.5758426966292,295,52.60477686792862,900.1045241951942,264,14.0,15.0,2080.0,266,45.0,70.9,72.8,22.5,324.0,49.9,8.0,2.0,4.0,8.598639004689176,0.6853932584269663,7.831460674157303,7.790262172284645,0.04868913857677903,0.0299625468164794,1.625,0.1783212775184021,3.4094868340727054,0.04745762711864407,0.05084745762711865,0.2,15.0,1.074829875586147,27.1,0.17627162742292182,29.666666666666668,232.33333333333334,1.4444444444444444,0.8888888888888888,3.3333333333333335,16.77777777777778,0.2222222222222222,17.082222222222224,32.77777777777778,1.6666666666666667,3.011111111111111,1.5555555555555556,1.6666666666666667,0.2222222222222222
00-0023436,2020,Alex Smith,QB,WAS,8,252,168,1582,6,8,22,1286,949,-32.68786900252314,-2.9915391607580175,10,3,0,-6.434063424385389,71.58,2.3,63,37,27,86,34.12698412698413,42,16.666666666666664,76.3,3.3,12,4.0,22.0,48.0,,,,,252,0.25,0.19047619047619047,0.0873015873015873,2.63011507936508,3.75315476190476,5.04949579831933,-1.29634103641457,13.4920634920635,-3.98411764705882,67.3677144897363,-0.701047823069601,18.4908953606175,53.6387509175969,78.505291005291,277,-33.610492301760026,-201.16431415081024,238,22.0,3.0,1286.0,252,48.0,,,,,,,,,,0.6666666666666666,6.277777777777778,5.103174603174603,0.023809523809523808,0.031746031746031744,0.75,-0.12133751733487375,-0.84522821071769,0.07942238267148015,0.010830324909747292,0.2527075812274368,7.0,,0.30000000000000004,0.004191114836546522,31.5,197.75,0.75,1.0,1.25,0.375,0.0,8.9475,34.625,0.875,0.037500000000000006,2.75,0.375,
00-0035232,2020,Dwayne Haskins,QB,WAS,7,241,148,1439,5,7,20,1622,867,-40.51915019320607,-7.633124559726562,20,46,1,0.030252385142488514,68.16,2.3,66,17,24,61,25.311203319502074,53,21.991701244813278,69.6,5.1,4,5.0,40.0,36.0,,,,,241,0.27385892116182575,0.14937759336099585,0.16597510373443983,2.55248547717842,3.61047297297297,6.86818565400844,-3.25771268103547,17.4273858921162,-2.09383966244726,68.4293075654022,-7.01851918365946,20.5296053267192,51.6404734680076,72.951244813278,268,-35.91033212269425,-1284.7136050462723,234,20.0,7.0,1622.0,240,41.0,,,,,,5.0,2.0,1.0,2.397149799071485,0.6141078838174274,5.970954356846473,6.730290456431535,0.02074688796680498,0.029045643153526972,0.7142857142857143,-0.13399377657721734,-5.490229081394326,0.07462686567164178,0.026119402985074626,0.22761194029850745,13.0,0.47942995981429704,10.600000000000001,0.15551643192488265,34.42857142857143,205.57142857142858,0.7142857142857143,1.0,2.857142857142857,6.571428571428571,0.14285714285714285,9.737142857142857,38.285714285714285,1.8571428571428572,1.5142857142857145,2.857142857142857,1.0,0.2857142857142857
00-0033077,2020,Dak Prescott,QB,DAL,5,222,151,1856,9,4,10,1762,810,32.12379560960996,-0.47659585076069605,18,93,3,9.907285621841794,135.64000000000001,2.5,66,23,19,52,23.423423423423422,33,14.864864864864865,77.1,6.0,3,1.0,34.0,58.0,,,,,222,0.2972972972972973,0.26126126126126126,0.15315315315315314,2.77099095022625,6.78549668874172,7.96319634703196,-1.17769965829024,15.3153153153153,-0.580182648401827,64.0815034307338,3.93651458728422,21.0546735266961,52.2620368910359,99.6058558558559,239,34.92329265744066,66.17394089698792,218,10.0,8.0,1762.0,221,26.0,73.1,69.2,15.0,263.0,36.5,9.0,4.0,1.0,5.596734042454045,0.6801801801801802,8.36036036036036,7.936936936936937,0.04054054054054054,0.018018018018018018,2.25,0.14612256342025381,0.303550187600862,0.04184100418410042,0.03347280334728033,0.1506276150627615,10.0,0.6218593380504495,27.3,0.20126806251843113,44.4,371.2,1.8,0.8,3.6,18.6,0.6,27.128000000000004,47.8,2.0,5.46,2.0,1.6,0.8
00-0030520,2020,Mike Glennon,QB,JAX,5,179,111,1072,7,5,9,1424,405,-18.639893215352622,-3.995889289382036,6,17,0,-3.8118124931352257,60.58,2.3,32,10,12,31,17.318435754189945,25,13.966480446927374,71.9,4.1,5,3.0,3.0,26.0,,,,,179,0.1787709497206704,0.1452513966480447,0.01675977653631285,2.57548587570621,5.92054054054054,8.32309941520468,-2.40255887466414,22.3463687150838,-0.0979532163742685,62.560217498734,-0.549044314376467,20.9594878497832,54.9331903315291,80.1094040968343,190,-23.431035840181945,-630.0955355167389,171,9.0,4.0,1424.0,177,21.0,,,,,,2.0,0.0,2.0,0.9265228401054628,0.6201117318435754,5.988826815642458,7.955307262569832,0.03910614525139665,0.027932960893854747,1.4,-0.1233212412641155,-3.6847692135481807,0.04736842105263158,0.021052631578947368,0.15789473684210525,2.0,0.4632614200527314,1.7000000000000002,0.028062066688676134,35.8,214.4,1.4,1.0,1.2,3.4,0.0,12.116,38.0,0.4,0.34,1.8,0.8,0.0
00-0036389,2020,Jalen Hurts,QB,PHI,14,148,77,1061,6,4,13,1353,468,-5.568174206143194,2.5306384348248976,63,354,3,0.8847296265887525,109.14,2.3,55,16,12,41,27.7027027027027,36,24.324324324324326,60.7,3.0,12,5.0,40.0,19.0,,,,,148,0.3716216216216216,0.12837837837837837,0.2702702702702703,3.1131768707483,7.7848051948052,9.73592592592593,-1.95112073112073,14.1891891891892,0.395185185185185,55.6553562121416,-3.62832918511452,24.2589848527644,53.8163367389495,77.561936936937,184,2.5146007213325037,-1116.6680678725243,134,13.0,25.0,1353.0,147,21.0,,,,,,34.0,1.0,6.0,-0.2902019683388062,0.5202702702702703,7.168918918918919,9.141891891891891,0.04054054054054054,0.02702702702702703,1.5,0.013666308268111433,-8.333343790093465,0.07065217391304347,0.1358695652173913,0.18478260869565216,38.0,-0.008535352009964888,53.4,0.48927982407916437,10.571428571428571,75.78571428571429,0.42857142857142855,0.2857142857142857,4.5,25.285714285714285,0.21428571428571427,7.795714285714285,13.142857142857142,2.7142857142857144,3.814285714285714,0.9285714285714286,1.7857142857142858,0.07142857142857142
00-0032434,2020,Brandon Allen,QB,CIN,5,142,90,925,5,4,7,940,557,-9.506670263064919,-7.076312938876908,13,27,0,2.463241860512277,49.7,2.3,37,4,16,27,19.014084507042252,23,16.19718309859155,78.4,5.8,3,1.0,20.0,35.0,,,,,142,0.2605633802816901,0.24647887323943662,0.14084507042253522,2.50577464788732,3.954,6.96561151079137,-3.01161151079137,19.7183098591549,-1.70345323741007,64.63314680986,-1.25286511971916,20.5613751399584,48.7212735876229,82.0422535211268,154,-11.239173506204944,-507.32942819595337,139,7.0,5.0,940.0,142,23.0,,,,,,6.0,0.0,5.0,4.195745103652223,0.6338028169014085,6.514084507042254,6.619718309859155,0.035211267605633804,0.028169014084507043,1.25,-0.07298164614418795,-3.6498520014097364,0.045454545454545456,0.032467532467532464,0.19480519480519481,8.0,0.6992908506087039,2.7,0.05432595573440644,28.4,185.0,1.0,0.8,2.6,5.4,0.0,9.940000000000001,30.8,1.6,0.54,1.4,1.0,0.0
00-0031345,2020,Jimmy Garoppolo,QB,SF,6,140,94,1096,7,5,11,879,714,24.87557400059921,0.6801680792853406,10,25,0,1.8931924603600514,64.34,2.3,50,8,14,33,23.57142857142857,24,17.142857142857142,77.9,6.4,0,1.0,10.0,40.0,,,,,140,0.35714285714285715,0.2857142857142857,0.07142857142857142,2.57165714285714,3.87404255319149,6.24253623188406,-2.36849367869257,13.5714285714286,-2.59079710144928,70.5087672493288,-3.36591010647162,19.6175856746847,57.0040735386516,92.4404761904762,155,25.692651554728258,33.803534507751465,138,11.0,4.0,879.0,140,25.0,54.0,53.2,1.5,166.0,18.0,2.0,0.0,2.0,1.100821106461808,0.6714285714285714,7.828571428571428,6.2785714285714285,0.05,0.03571428571428571,1.4,0.1657590422885694,0.24495314860689468,0.07096774193548387,0.025806451612903226,0.23225806451612904,6.0,0.550410553230904,2.5,0.03885607709045694,23.333333333333332,182.66666666666666,1.1666666666666667,0.8333333333333334,1.6666666666666667,4.166666666666667,0.0,10.723333333333334,25.833333333333332,1.0,0.4166666666666667,1.8333333333333333,0.6666666666666666,0.0
00-0026158,2020,Joe Flacco,QB,NYJ,5,134,74,864,6,3,7,1425,342,-9.165092194288722,2.5280218615795342,6,22,0,-0.23114876751787783,54.760000000000005,2.3,56,16,20,43,32.08955223880597,29,21.641791044776117,71.0,4.0,10,1.0,4.0,28.0,,,,,134,0.417910447761194,0.208955223880597,0.029850746268656716,2.87711194029851,6.94837837837838,10.9127419354839,-3.96436355710549,19.4029850746269,2.22725806451613,57.3223254295872,-2.09844483257229,23.6278513555098,54.3459520111664,80.56592039801,146,-7.1800330989749614,-286.8966683745384,124,7.0,5.0,1425.0,134,27.0,,,,,,,,,,0.5522388059701493,6.447761194029851,10.634328358208956,0.04477611940298507,0.022388059701492536,2.0,-0.049178308897088775,-2.313682809472084,0.04794520547945205,0.03424657534246575,0.2328767123287671,1.0,,2.2,0.04017531044558072,26.8,172.8,1.2,0.6,1.2,4.4,0.0,10.952000000000002,29.2,0.2,0.44000000000000006,1.4,1.0,
00-0036312,2020,Jake Luton,QB,JAX,3,110,60,624,2,6,7,876,275,-36.1280857456714,-10.926270316979283,1,13,1,2.30460903738276,28.26,2.3,44,10,8,25,22.727272727272727,30,27.27272727272727,65.4,4.8,6,3.0,4.0,18.0,,,,,110,0.4,0.16363636363636364,0.03636363636363636,,,,,,,,,,,,118,-32.87647670828858,-1098.3129143714905,105,7.0,1.0,876.0,110,15.0,,,,,,,,,,0.5454545454545454,5.672727272727273,7.963636363636364,0.01818181818181818,0.05454545454545454,0.3333333333333333,-0.2786142093922761,-10.460122994014196,0.059322033898305086,0.00847457627118644,0.1864406779661017,0.0,,7.3,0.25831564048124556,36.666666666666664,208.0,0.6666666666666666,2.0,0.3333333333333333,4.333333333333333,0.3333333333333333,9.42,39.333333333333336,0.0,2.433333333333333,2.3333333333333335,0.3333333333333333,
00-0033936,2020,C.J. Beathard,QB,SF,6,104,66,787,6,0,9,851,344,9.21819843427737,-5.7163722237582,6,28,0,-1.925921024405397,52.28,2.6,27,4,13,26,25.0,17,16.346153846153847,77.6,8.2,5,1.0,6.0,16.0,,,,,104,0.25961538461538464,0.15384615384615385,0.057692307692307696,,,,,,,,,,,,113,10.589095713820232,-88.07443082332611,97,9.0,1.0,851.0,103,20.0,,,,,,4.0,0.0,0.0,-1.2713247323408723,0.6346153846153846,7.5673076923076925,8.182692307692308,0.057692307692307696,0.0,,0.09370881162672771,-0.9079838229208878,0.07964601769911504,0.008849557522123894,0.25663716814159293,5.0,-0.31783118308521807,2.8000000000000003,0.05355776587605203,17.333333333333332,131.16666666666666,1.0,0.0,1.0,4.666666666666667,0.0,8.713333333333333,18.833333333333332,0.8333333333333334,0.46666666666666673,1.5,0.16666666666666666,0.0
00-0034577,2020,Kyle Allen,QB,WAS,4,87,60,610,4,1,7,523,324,5.793599212707242,6.858756895060148,7,26,1,1.21906227333238,45.0,2.5,31,9,9,25,28.735632183908045,8,9.195402298850574,81.0,2.5,8,1.0,11.0,29.0,,,,,87,0.3563218390804598,0.3333333333333333,0.12643678160919541,,,,,,,,,,,,98,12.804932392570871,633.3115428686142,79,7.0,4.0,523.0,87,16.0,68.2,65.1,4.8,108.0,15.3,1.0,1.0,0.0,-3.898270906531252,0.6896551724137931,7.011494252873563,6.011494252873563,0.04597701149425287,0.011494252873563218,4.0,0.13066257543439663,8.01660180846347,0.07142857142857142,0.04081632653061224,0.23469387755102042,3.0,-3.898270906531252,8.6,0.1911111111111111,21.75,152.5,1.0,0.25,1.75,6.5,0.25,11.25,24.5,0.75,2.15,1.75,1.0,0.25
00-0027688,2020,Colt McCoy,QB,NYG,4,66,40,375,1,1,5,590,127,-8.61105274132785,-0.31740250162423195,9,12,0,-4.819352985650767,18.200000000000003,2.4,21,6,8,19,28.78787878787879,14,21.21212121212121,75.8,7.6,0,0.0,3.0,14.0,,,,,66,0.3181818181818182,0.21212121212121213,0.045454545454545456,,,,,,,,,,,,75,-11.009981106925355,-95.18357813358307,66,5.0,4.0,590.0,66,13.0,,,,,,1.0,0.0,0.0,-0.19940895872423425,0.6060606060606061,5.681818181818182,8.93939393939394,0.015151515151515152,0.015151515151515152,1.0,-0.14679974809233806,-1.4421754262664102,0.06666666666666667,0.05333333333333334,0.24,5.0,-0.19940895872423425,1.2000000000000002,0.06593406593406594,16.5,93.75,0.25,0.25,2.25,3.0,0.0,4.550000000000001,18.75,1.25,0.30000000000000004,1.25,1.0,0.0
00-0032436,2020,Jeff Driskel,QB,DEN,3,64,35,432,3,2,11,638,131,-13.5397855855416,-6.1547379236174,6,28,0,3.5131844757706867,30.08,2.5,47,8,14,33,51.5625,15,23.4375,68.3,7.9,1,2.0,3.0,6.0,,,,,64,0.734375,0.09375,0.046875,,,,,,,,,,,,78,-13.215374615495374,-366.8218865990639,62,11.0,3.0,638.0,64,25.0,,,,,,3.0,0.0,2.0,2.135773505724501,0.546875,6.75,9.96875,0.046875,0.03125,1.5,-0.16942787968583814,-5.916482041920385,0.14102564102564102,0.038461538461538464,0.46153846153846156,3.0,0.7119245019081669,2.8000000000000003,0.09308510638297873,21.333333333333332,144.0,1.0,0.6666666666666666,2.0,9.333333333333334,0.0,10.026666666666666,26.0,1.0,0.9333333333333335,3.6666666666666665,1.0,0.0
00-0033275,2020,PJ Walker,QB,CAR,4,56,32,368,1,5,4,583,141,-22.446498822602457,-12.614221695591418,5,-2,0,-2.39879782876233,8.52,2.3,23,4,4,12,21.428571428571427,13,23.214285714285715,66.1,10.7,0,2.0,3.0,8.0,,,,,56,0.4107142857142857,0.14285714285714285,0.05357142857142857,,,,,,,,,,,,60,-22.44649882260243,-285.28599441051483,56,4.0,0.0,583.0,56,7.0,,,,,,1.0,1.0,0.0,0.022711815603543073,0.5714285714285714,6.571428571428571,10.410714285714286,0.017857142857142856,0.08928571428571429,0.2,-0.3741083137100405,-5.094392757330622,0.06666666666666667,0.0,0.18333333333333332,5.0,0.022711815603543073,-0.2,-0.02347417840375587,14.0,92.0,0.25,1.25,1.25,-0.5,0.0,2.13,15.0,1.25,-0.05,1.0,0.0,0.25
00-0035264,2020,Jarrett Stidham,QB,NE,5,44,22,256,2,3,4,268,174,-19.06952885928331,-9.251777086229556,7,7,0,-4.4784375071758395,12.940000000000001,2.7,18,5,8,17,38.63636363636363,9,20.454545454545457,68.4,7.9,6,1.0,3.0,10.0,,,,,44,0.4090909090909091,0.22727272727272727,0.06818181818181818,,,,,,,,,,,,50,-19.86472075578058,-434.7649335861206,38,4.0,2.0,268.0,44,12.0,,,,,,3.0,0.0,1.0,1.0270002312026918,0.5,5.818181818181818,6.090909090909091,0.045454545454545456,0.06818181818181818,0.6666666666666666,-0.39729441511561164,-11.441182462792648,0.08,0.04,0.32,5.0,0.34233341040089726,0.7000000000000001,0.05409582689335394,8.8,51.2,0.4,0.6,1.4,1.4,0.0,2.588,10.0,1.0,0.14,0.8,0.4,0.0
00-0026544,2020,Chase Daniel,QB,DET,4,43,29,264,1,2,3,275,119,-14.956961511568636,-0.7413390147335364,2,16,0,0.8681841916404667,12.16,2.3,14,3,4,10,23.25581395348837,5,11.627906976744185,80.5,7.3,1,1.0,1.0,5.0,,,,,43,0.32558139534883723,0.11627906976744186,0.023255813953488372,,,,,,,,,,,,47,-14.071103521673484,-46.79649472236633,41,3.0,2.0,275.0,42,7.0,,,,,,,,,,0.6744186046511628,6.1395348837209305,6.395348837209302,0.023255813953488372,0.046511627906976744,0.5,-0.29938518131220176,-1.1413779200577154,0.06382978723404255,0.0425531914893617,0.2127659574468085,0.0,,1.6,0.13157894736842105,10.75,66.0,0.25,0.5,0.5,4.0,0.0,3.04,11.75,0.0,0.4,0.75,0.5,
00-0034771,2020,Mason Rudolph,QB,PIT,4,43,25,324,2,1,1,432,102,9.245174881280498,1.6361888171288033,7,-6,0,-7.5980325792334,18.36,2.2,12,12,3,16,37.2093023255814,9,20.930232558139537,76.2,9.5,1,0.0,1.0,2.0,,,,,43,0.27906976744186046,0.046511627906976744,0.023255813953488372,,,,,,,,,,,,45,8.954117814128352,-54.62567061185837,42,1.0,1.0,432.0,43,4.0,72.7,67.7,2.6,49.0,7.4,,,,,0.5813953488372093,7.534883720930233,10.046511627906977,0.046511627906976744,0.023255813953488372,2.0,0.19898039586951893,-1.3006112050442469,0.022222222222222223,0.022222222222222223,0.1111111111111111,6.0,,-0.6000000000000001,-0.03267973856209151,10.75,81.0,0.5,0.25,1.75,-1.5,0.0,4.59,11.25,1.5,-0.15000000000000002,0.25,0.25,
00-0036384,2020,Ben DiNucci,QB,DAL,2,43,23,219,0,0,7,349,134,-27.57760754621041,-2.4193034621707405,6,22,0,0.51628661109134,6.960000000000001,2.5,14,8,3,18,41.86046511627907,13,30.23255813953488,63.4,4.9,1,0.0,4.0,6.0,,,,,43,0.32558139534883723,0.13953488372093023,0.09302325581395349,,,,,,,,,,,,50,-26.945716054096497,-405.70048093795776,41,7.0,1.0,349.0,42,10.0,,,,,,4.0,0.0,0.0,1.515880367718637,0.5348837209302325,5.093023255813954,8.116279069767442,0.0,0.0,,-0.5389143210819299,-9.895133681413604,0.14,0.02,0.34,5.0,0.37897009192965925,2.2,0.3160919540229885,21.5,109.5,0.0,0.0,3.0,11.0,0.0,3.4800000000000004,25.0,2.5,1.1,3.5,0.5,0.0
00-0034955,2020,Brett Rypien,QB,DEN,2,40,27,295,2,4,1,346,82,-1.68559286122043,11.294661323347736,5,-5,0,-4.39208767510718,11.299999999999999,2.4,17,4,6,11,27.500000000000004,2,5.0,77.8,2.8,4,1.0,1.0,5.0,,,,,40,0.425,0.125,0.025,,,,,,,,,,,,41,-1.6855928612204254,304.2502835392952,37,1.0,0.0,346.0,40,7.0,,,,,,,,,,0.675,7.375,8.65,0.05,0.1,0.5,-0.041112021005376226,8.222980636197168,0.024390243902439025,0.0,0.1951219512195122,5.0,,-0.5,-0.044247787610619475,20.0,147.5,1.0,2.0,2.5,-2.5,0.0,5.6499999999999995,20.5,2.5,-0.25,0.5,0.0,
00-0026197,2020,Chad Henne,QB,KC,3,38,28,248,2,0,2,158,200,13.95628409754131,8.853209627571927,7,-2,1,-1.590775938500891,23.72,1.9,8,2,4,8,21.052631578947366,6,15.789473684210526,83.8,2.7,1,0.0,3.0,9.0,,,,,38,0.21052631578947367,0.23684210526315788,0.07894736842105263,,,,,,,,,,,,40,13.956284097541356,164.44236636161804,37,2.0,0.0,158.0,38,6.0,,,,,,2.0,2.0,0.0,0.6387821645184886,0.7368421052631579,6.526315789473684,4.157894736842105,0.05263157894736842,0.0,,0.3489071024385339,4.44438828004373,0.05,0.0,0.2,7.0,0.3193910822592443,5.8,0.24451939291736932,12.666666666666666,82.66666666666667,0.6666666666666666,0.0,2.3333333333333335,-0.6666666666666666,0.3333333333333333,7.906666666666666,13.333333333333334,2.3333333333333335,1.9333333333333333,0.6666666666666666,0.0,0.6666666666666666
00-0031395,2020,Garrett Gilbert,QB,DAL,1,38,21,243,1,1,2,348,52,-5.15978855543367,-6.42581171280629,3,28,0,1.59519055101555,14.52,2.3,17,10,6,18,47.368421052631575,11,28.947368421052634,56.8,0.0,0,3.0,1.0,2.0,,,,,38,0.4473684210526316,0.05263157894736842,0.02631578947368421,,,,,,,,,,,,41,-3.1345115292032015,-237.7550333738327,37,2.0,2.0,348.0,37,8.0,56.8,41.8,-1.0,42.0,3.6,1.0,0.0,0.0,-0.4489071140997112,0.5526315789473685,6.394736842105263,9.157894736842104,0.02631578947368421,0.02631578947368421,1.0,-0.0764515007122732,-6.425811712806289,0.04878048780487805,0.04878048780487805,0.24390243902439024,1.0,-0.4489071140997112,2.8000000000000003,0.19283746556473833,38.0,243.0,1.0,1.0,3.0,28.0,0.0,14.52,41.0,1.0,2.8000000000000003,2.0,2.0,0.0
00-0034899,2020,John Wolford,QB,LA,1,38,22,231,0,1,2,358,93,-3.34627331362243,-5.84488438593375,6,56,0,7.07973306300119,12.84,2.1,18,3,4,9,23.684210526315788,10,26.31578947368421,67.6,2.7,1,1.0,8.0,7.0,,,,,38,0.47368421052631576,0.18421052631578946,0.21052631578947367,,,,,,,,,,,,42,-0.3347095962348172,-216.26072227954865,37,2.0,2.0,358.0,38,5.0,68.5,72.2,3.5,52.0,9.1,4.0,1.0,2.0,4.068169345613569,0.5789473684210527,6.078947368421052,9.421052631578947,0.0,0.02631578947368421,0.0,-0.007969276100828981,-5.844884385933748,0.047619047619047616,0.047619047619047616,0.16666666666666666,4.0,1.0170423364033923,5.6000000000000005,0.4361370716510904,38.0,231.0,0.0,1.0,6.0,56.0,0.0,12.84,42.0,4.0,5.6000000000000005,2.0,2.0,1.0
00-0035652,2020,Ryan Finley,QB,CIN,4,32,17,164,1,2,9,335,71,-24.1366241700348,-6.901959125157245,11,66,1,3.3806534229566836,19.16,2.3,18,3,8,20,62.5,7,21.875,75.0,3.1,0,0.0,5.0,1.0,,,,,32,0.5625,0.03125,0.15625,,,,,,,,,,,,43,-21.330549801849468,-193.1050032377243,32,9.0,2.0,335.0,32,17.0,,,,,,8.0,0.0,4.0,0.5745790547713194,0.53125,5.125,10.46875,0.03125,0.0625,0.5,-0.4960592977174295,-6.0345313511788845,0.20930232558139536,0.046511627906976744,0.6046511627906976,9.0,0.07182238184641493,12.600000000000001,0.6576200417536535,8.0,41.0,0.25,0.5,2.75,16.5,0.25,4.79,10.75,2.25,3.1500000000000004,2.25,0.5,0.0
00-0028118,2020,Tyrod Taylor,QB,LAC,2,30,16,208,0,0,2,335,80,-0.191233058797651,-2.46861844227232,6,7,0,-6.47157445650362,9.02,2.5,9,5,2,9,30.0,6,20.0,71.4,3.6,2,0.0,5.0,7.0,,,,,30,0.3,0.23333333333333334,0.16666666666666666,,,,,,,,,,,,34,0.3118834010209057,-71.58993482589722,29,2.0,2.0,335.0,30,4.0,,,,,,3.0,0.0,0.0,-6.027690916322172,0.5333333333333333,6.933333333333334,11.166666666666666,0.0,0.0,,0.009173041206497227,-2.4686184422723176,0.058823529411764705,0.058823529411764705,0.17647058823529413,4.0,-2.009230305440724,0.7000000000000001,0.07760532150776055,15.0,104.0,0.0,0.0,3.0,3.5,0.0,4.51,17.0,2.0,0.35000000000000003,1.0,1.0,0.0
00-0032268,2020,Marcus Mariota,QB,LV,1,28,17,226,1,1,0,273,76,8.42639411066545,-2.65423575272927,9,88,1,11.2447907409514,25.84,2.4,4,3,2,5,17.857142857142858,6,21.428571428571427,73.1,3.8,1,0.0,3.0,5.0,,,,,28,0.14285714285714285,0.17857142857142858,0.10714285714285714,,,,,,,,,,,,31,14.744246775578961,-69.010129570961,26,0.0,4.0,273.0,27,2.0,97.4,98.1,10.3,37.0,14.5,5.0,0.0,0.0,4.882356954971328,0.6071428571428571,8.071428571428571,9.75,0.03571428571428571,0.03571428571428571,1.0,0.4756208637283536,-2.654235752729269,0.0,0.12903225806451613,0.06451612903225806,5.0,0.9764713909942657,14.8,0.5727554179566564,28.0,226.0,1.0,1.0,9.0,88.0,1.0,25.84,31.0,5.0,14.8,0.0,4.0,0.0
00-0026625,2020,Brian Hoyer,QB,NE,1,24,15,130,0,1,2,196,56,-9.24764575094061,-1.33741653483847,1,8,0,1.70234154490754,2.0,2.2,11,0,1,3,12.5,4,16.666666666666664,82.6,4.3,1,0.0,3.0,9.0,,,,,24,0.4583333333333333,0.375,0.125,,,,,,,,,,,,27,-7.5453042060330695,-30.76058030128479,23,2.0,1.0,196.0,24,3.0,,,,,,,,,,0.625,5.416666666666667,8.166666666666666,0.0,0.041666666666666664,0.0,-0.27945571133455815,-1.3374165348384692,0.07407407407407407,0.037037037037037035,0.18518518518518517,0.0,,0.8,0.4,24.0,130.0,0.0,1.0,1.0,8.0,0.0,2.0,27.0,0.0,0.8,2.0,1.0,
00-0030533,2020,Matt Barkley,QB,BUF,4,21,11,197,1,1,1,251,55,0.142900417267807,-9.825557602776447,6,-6,0,-1.51553018909181,9.28,2.6,10,1,1,3,14.285714285714285,5,23.809523809523807,61.9,9.5,0,1.0,2.0,7.0,,,,,21,0.47619047619047616,0.3333333333333333,0.09523809523809523,,,,,,,,,,,,22,0.14290041726781055,-246.8852996826172,21,1.0,0.0,251.0,21,2.0,,,,,,,,,,0.5238095238095238,9.380952380952381,11.952380952380953,0.047619047619047616,0.047619047619047616,1.0,0.006495473512173207,-11.75644284202939,0.045454545454545456,0.0,0.13636363636363635,6.0,,-0.6000000000000001,-0.06465517241379312,5.25,49.25,0.25,0.25,1.5,-1.5,0.0,2.32,5.5,1.5,-0.15000000000000002,0.25,0.0,
00-0031800,2020,Taylor Heinicke,QB,WAS,1,19,12,137,1,0,1,255,49,2.37478059725254,1.57765612790459,3,22,0,3.20535241166363,11.68,3.0,3,1,1,3,15.789473684210526,4,21.052631578947366,68.4,5.3,0,0.0,0.0,0.0,,,,,19,0.15789473684210525,0.0,0.0,,,,,,,,,,,,23,5.580133008916164,29.975466430187225,19,1.0,3.0,255.0,19,2.0,,,,,,,,,,0.631578947368421,7.2105263157894735,13.421052631578947,0.05263157894736842,0.0,,0.24261447864852886,1.5776561279045909,0.043478260869565216,0.13043478260869565,0.13043478260869565,0.0,,2.2,0.18835616438356168,19.0,137.0,1.0,0.0,3.0,22.0,0.0,11.68,23.0,0.0,2.2,1.0,3.0,
00-0027948,2020,Blaine Gabbert,QB,TB,4,16,9,143,2,0,1,108,80,-0.590525572521549,-42.381504476070404,9,16,0,-4.023622662352864,15.32,1.6,8,1,0,2,12.5,5,31.25,68.8,6.3,0,0.0,0.0,2.0,,,,,16,0.5,0.125,0.0,,,,,,,,,,,,19,1.4252358238022471,-231.12267553806305,16,1.0,2.0,108.0,16,0.0,,,,,,,,,,0.5625,8.9375,6.75,0.125,0.0,,0.07501241177906563,-14.44516722112894,0.05263157894736842,0.10526315789473684,0.05263157894736842,7.0,,1.6,0.10443864229765014,4.0,35.75,0.5,0.0,2.25,4.0,0.0,3.83,4.75,1.75,0.4,0.25,0.5,
00-0035752,2020,Chris Streveler,QB,ARI,2,16,11,105,1,1,2,106,98,-13.4181053760403,-2.85700485110283,4,15,0,0.968356810684782,7.7,1.8,4,0,1,3,18.75,2,12.5,87.5,0.0,0,0.0,3.0,5.0,,,,,16,0.25,0.3125,0.1875,,,,,,,,,,,,18,-13.41810537604033,-45.712077617645264,16,2.0,0.0,106.0,16,3.0,,,,,,3.0,0.0,1.0,0.9683568106847815,0.6875,6.5625,6.625,0.0625,0.0625,1.0,-0.7454502986689072,-2.857004851102829,0.1111111111111111,0.0,0.2777777777777778,4.0,0.32278560356159386,1.5,0.19480519480519481,8.0,52.5,0.5,0.5,2.0,7.5,0.0,3.85,9.0,2.0,0.75,1.0,0.0,0.0
00-0029665,2020,Robert Griffin III,QB,BAL,4,14,8,42,0,2,3,123,34,-20.32961379346673,0.09416279693446643,12,69,0,-1.89388790848898,2.58,2.1,7,0,3,6,42.857142857142854,4,28.57142857142857,57.1,0.0,0,0.0,4.0,4.0,,,,,14,0.5,0.2857142857142857,0.2857142857142857,,,,,,,,,,,,17,-20.329613793466706,-120.0432762503624,14,3.0,0.0,123.0,14,6.0,,,,,,8.0,0.0,3.0,0.4878982507507317,0.5714285714285714,3.0,8.785714285714286,0.0,0.14285714285714285,0.0,-1.1958596349098063,-8.574519732168742,0.17647058823529413,0.0,0.5294117647058824,12.0,0.06098728134384146,6.9,2.6744186046511627,3.5,10.5,0.0,0.5,3.0,17.25,0.0,0.645,4.25,3.0,1.725,0.75,0.0,0.0
00-0032792,2020,Nate Sudfeld,QB,PHI,1,12,5,32,0,1,2,118,18,-4.72489049087744,-10.5925765302446,2,12,0,-5.975564588618,-1.52,2.3,7,2,3,7,58.333333333333336,3,25.0,60.0,10.0,2,0.0,1.0,2.0,,,,,12,0.5833333333333334,0.16666666666666666,0.08333333333333333,,,,,,,,,,,,15,-4.4499907494173385,-95.33318877220154,9,2.0,1.0,118.0,12,4.0,,,,,,,,,,0.4166666666666667,2.6666666666666665,9.833333333333334,0.0,0.08333333333333333,0.0,-0.2966660499611559,-10.592576530244616,0.13333333333333333,0.06666666666666667,0.4,1.0,,1.2000000000000002,-0.7894736842105264,12.0,32.0,0.0,1.0,2.0,12.0,0.0,-1.52,15.0,1.0,1.2000000000000002,2.0,1.0,
00-0031503,2020,Jameis Winston,QB,NO,3,11,7,75,0,0,2,51,61,0.8000611140638598,10.96337720751765,8,-6,0,-3.0916061552125043,2.4,2.2,5,1,1,4,36.36363636363637,3,27.27272727272727,63.6,0.0,0,0.0,0.0,3.0,,,,,11,0.45454545454545453,0.2727272727272727,0.0,,,,,,,,,,,,14,1.01769200117691,-75.74792802333832,11,2.0,1.0,51.0,11,3.0,,,,,,,,,,0.6363636363636364,6.818181818181818,4.636363636363637,0.0,0.0,,0.07269228579835071,-6.886175274848938,0.14285714285714285,0.07142857142857142,0.35714285714285715,7.0,,-0.6000000000000001,-0.25000000000000006,3.6666666666666665,25.0,0.0,0.0,2.6666666666666665,-2.0,0.0,0.7999999999999999,4.666666666666667,2.3333333333333335,-0.20000000000000004,0.6666666666666666,0.3333333333333333,
00-0028986,2020,Case Keenum,QB,CLE,1,10,5,46,0,0,0,27,28,-4.15652082965244,-19.2343499925401,0,0,0,0.0,1.84,2.2,2,0,2,2,20.0,3,30.0,50.0,0.0,0,0.0,0.0,1.0,,,,,10,0.2,0.1,0.0,,,,,,,,,,,,10,-4.156520829652436,-173.10914993286133,9,0.0,0.0,27.0,10,2.0,,,,,,,,,,0.5,4.6,2.7,0.0,0.0,,-0.4156520829652436,-19.234349992540146,0.0,0.0,0.2,0.0,,0.0,0.0,10.0,46.0,0.0,0.0,0.0,0.0,0.0,1.84,10.0,0.0,0.0,0.0,0.0,
00-0035040,2020,David Blough,QB,DET,1,10,6,49,0,1,1,82,27,-9.72741835156921,0.588459372520447,1,18,0,1.870511373505,1.76,2.9,1,0,6,7,70.0,2,20.0,60.0,0.0,0,1.0,0.0,1.0,,,,,10,0.1,0.1,0.0,,,,,,,,,,,,12,-7.856906978064217,5.884593725204468,10,1.0,1.0,82.0,10,7.0,,,,,,,,,,0.6,4.9,8.2,0.0,0.1,0.0,-0.6547422481720181,0.5884593725204468,0.08333333333333333,0.08333333333333333,0.6666666666666666,0.0,,1.8,1.0227272727272727,10.0,49.0,0.0,1.0,1.0,18.0,0.0,1.76,12.0,0.0,1.8,1.0,1.0,
00-0035146,2020,Trace McSorley,QB,BAL,2,10,3,90,1,0,0,89,53,2.184552317834461,-33.1826816002528,5,17,0,0.12438346166163994,9.299999999999999,2.3,2,2,0,2,20.0,3,30.0,44.4,11.1,1,1.0,5.0,2.0,,,,,10,0.2,0.2,0.5,,,,,,,,,,,,11,2.6570458572823554,-306.34307861328125,9,0.0,1.0,89.0,10,0.0,,,,,,4.0,0.0,1.0,-0.34811007778625935,0.3,9.0,8.9,0.1,0.0,,0.24154962338930505,-34.038119845920136,0.0,0.09090909090909091,0.0,4.0,-0.08702751944656484,1.7000000000000002,0.18279569892473121,5.0,45.0,0.5,0.0,2.5,8.5,0.0,4.6499999999999995,5.5,2.0,0.8500000000000001,0.0,0.5,0.0
00-0033119,2020,Jacoby Brissett,QB,IND,11,8,2,17,0,0,2,65,18,-8.438660981715659,-40.5386298894882,17,19,3,5.717470161140623,20.580000000000002,2.8,3,3,0,5,62.5,3,37.5,57.1,14.3,1,0.0,4.0,2.0,,,,,8,0.375,0.25,0.5,,,,,,,,,,,,11,-6.07438553578686,-267.08766520023346,7,2.0,1.0,65.0,8,2.0,58.3,63.8,0.9,23.0,2.4,10.0,3.0,6.0,6.971035359649656,0.25,2.125,8.125,0.0,0.0,,-0.5522168668897145,-38.15538074289049,0.18181818181818182,0.09090909090909091,0.36363636363636365,16.0,0.6971035359649657,19.9,0.9669582118561709,0.7272727272727273,1.5454545454545454,0.0,0.0,1.5454545454545454,1.7272727272727273,0.2727272727272727,1.870909090909091,1.0,1.4545454545454546,1.8090909090909089,0.18181818181818182,0.09090909090909091,0.2727272727272727
00-0030151,2020,Tyler Bray,QB,CHI,1,5,1,18,0,0,0,43,13,-1.12561105343048,-32.680319994688,0,0,0,0.0,0.72,2.1,0,0,1,1,20.0,3,60.0,25.0,0.0,0,0.0,0.0,0.0,,,,,5,0.0,0.0,0.0,,,,,,,,,,,,4,-1.0610926861409098,-130.72127997875214,4,0.0,0.0,43.0,4,1.0,,,,,,,,,,0.2,3.6,8.6,0.0,0.0,,-0.26527317153522745,-32.680319994688034,0.0,0.0,0.25,0.0,,0.0,0.0,5.0,18.0,0.0,0.0,0.0,0.0,0.0,0.72,4.0,0.0,0.0,0.0,0.0,
00-0030565,2020,Geno Smith,QB,SEA,1,5,4,33,0,0,1,25,14,0.638793860969599,9.43228602409363,2,-2,0,-3.00831707182806,1.12,2.1,4,0,1,2,40.0,1,20.0,80.0,0.0,0,0.0,3.0,1.0,,,,,5,0.8,0.2,0.6,,,,,,,,,,,,6,0.6387938609695993,47.16143012046814,5,1.0,0.0,25.0,5,2.0,,,,,,1.0,0.0,0.0,-0.9123529185308143,0.8,6.6,5.0,0.0,0.0,,0.10646564349493322,9.432286024093628,0.16666666666666666,0.0,0.5,2.0,-0.9123529185308143,-0.2,-0.17857142857142858,5.0,33.0,0.0,0.0,2.0,-2.0,0.0,1.12,6.0,2.0,-0.2,1.0,0.0,0.0
00-0033949,2020,Joshua Dobbs,QB,PIT,1,5,4,2,0,0,0,0,13,-2.62308801856125,17.8332224488258,2,20,0,0.661198644535474,2.08,1.5,0,0,1,1,20.0,0,0.0,100.0,0.0,1,0.0,0.0,0.0,,,,,5,0.0,0.0,0.0,,,,,,,,,,,,5,-2.6230880185612477,71.33288979530334,4,0.0,0.0,0.0,5,1.0,,,,,,2.0,0.0,1.0,0.6611986445354741,0.8,0.4,0.0,0.0,0.0,,-0.5246176037122495,17.833222448825836,0.0,0.0,0.2,2.0,0.33059932226773703,2.0,0.9615384615384615,5.0,2.0,0.0,0.0,2.0,20.0,0.0,2.08,5.0,2.0,2.0,0.0,0.0,0.0
00-0033958,2020,Nathan Peterman,QB,LV,1,5,3,25,0,0,2,9,21,-3.52555091207614,-20.998283624649,1,9,0,1.33063503849553,1.9,2.6,1,0,0,2,40.0,1,20.0,60.0,0.0,0,0.0,0.0,1.0,,,,,5,0.2,0.2,0.0,,,,,,,,,,,,8,-2.1949158735806122,-104.99141812324524,5,2.0,1.0,9.0,5,2.0,,,,,,,,,,0.6,5.0,1.8,0.0,0.0,,-0.27436448419757653,-20.998283624649048,0.25,0.125,0.5,0.0,,0.9,0.4736842105263158,5.0,25.0,0.0,0.0,1.0,9.0,0.0,1.9,8.0,0.0,0.9,2.0,1.0,
00-0035993,2020,Tyler Huntley,QB,BAL,2,5,3,15,0,0,0,62,10,-3.5331766121089467,8.400433324277405,10,23,0,-5.943390332802661,2.9,2.1,2,0,1,1,20.0,2,40.0,60.0,0.0,0,0.0,6.0,1.0,,,,,5,0.4,0.2,1.2,,,,,,,,,,,,5,-3.533176612108946,-3.0881837010383606,5,0.0,0.0,62.0,5,1.0,,,,,,7.0,0.0,3.0,-4.558265290397685,0.6,3.0,12.4,0.0,0.0,,-0.7066353224217892,-0.6176367402076721,0.0,0.0,0.2,10.0,-0.6511807557710979,2.3000000000000003,0.7931034482758622,2.5,7.5,0.0,0.0,5.0,11.5,0.0,1.45,2.5,5.0,1.1500000000000001,0.0,0.0,0.0
00-0034438,2020,Logan Woodside,QB,TEN,5,3,1,7,0,0,0,17,0,1.53480455151293,-17.402535676956198,7,10,0,-3.55476421414642,1.28,1.4,0,1,0,1,33.33333333333333,1,33.33333333333333,0.0,0.0,0,0.0,0.0,0.0,,,,,3,0.0,0.0,0.0,,,,,,,,,,,,3,1.5348045515129343,-108.77576470375061,3,0.0,0.0,17.0,3,0.0,65.1,61.1,0.1,4.0,0.1,1.0,0.0,1.0,1.0518266370054334,0.3333333333333333,2.3333333333333335,5.666666666666667,0.0,0.0,,0.5116015171709781,-36.258588234583534,0.0,0.0,0.0,7.0,1.0518266370054334,1.0,0.78125,0.6,1.4,0.0,0.0,1.4,2.0,0.0,0.256,0.6,1.4,0.2,0.0,0.0,0.0
00-0031288,2020,AJ McCarron,QB,HOU,2,1,1,20,0,0,1,18,2,-1.2490409561432902,46.1400330066681,0,0,0,0.0,0.8,0.0,1,0,0,1,100.0,0,0.0,0.0,0.0,0,0.0,0.0,0.0,,,,,1,1.0,0.0,0.0,,,,,,,,,,,,2,-1.2490409561432898,46.14003300666809,1,1.0,0.0,18.0,1,1.0,,,,,,,,,,1.0,20.0,18.0,0.0,0.0,,-0.6245204780716449,46.14003300666809,0.5,0.0,1.0,0.0,,0.0,0.0,0.5,10.0,0.0,0.0,0.0,0.0,0.0,0.4,1.0,0.0,0.0,0.5,0.0,
00-0035282,2020,Easton Stick,QB,LAC,1,1,1,4,0,0,0,0,4,-0.238974097417668,21.7206239700317,1,-2,0,-1.07891246816143,-0.04,2.3,1,0,0,0,0.0,0,0.0,100.0,0.0,0,0.0,0.0,1.0,,,,,1,1.0,1.0,0.0,,,,,,,,,,,,1,-0.2389740974176675,21.72062397003174,1,0.0,0.0,0.0,1,0.0,,,,,,1.0,0.0,0.0,-1.078912468161434,1.0,4.0,0.0,0.0,0.0,,-0.2389740974176675,21.72062397003174,0.0,0.0,0.0,1.0,-1.078912468161434,-0.2,5.0,1.0,4.0,0.0,0.0,1.0,-2.0,0.0,-0.04,1.0,1.0,-0.2,0.0,0.0,0.0
00-0019596,2021,Tom Brady,QB,TB,17,719,485,5316,43,12,22,5804,2534,144.76788371139241,1.8055735921309874,28,81,2,3.8504785491117905,374.74,2.3,176,30,31,83,11.543810848400557,127,17.663421418636997,75.4,4.5,13,8.0,8.0,113.0,,,,,719,0.24478442280945759,0.1571627260083449,0.011126564673157162,2.49865829846583,5.49445360824742,7.97046808510638,-2.47601447685896,14.4645340751043,-0.388397163120567,68.5866432697078,-1.13184493869252,20.6809624639474,64.5196473952,102.083333333333,749,150.2554688172551,1190.7260954380035,704,22.0,10.0,5804.0,717,56.0,73.1,72.2,53.8,798.0,118.5,7.0,2.0,3.0,6.495684825989883,0.674547983310153,7.393602225312935,8.072322670375522,0.059805285118219746,0.016689847009735744,3.5833333333333335,0.20060810255975312,1.691372294656255,0.029372496662216287,0.01335113484646195,0.1041388518024032,18.0,0.9279549751414119,20.1,0.05363718845065912,42.294117647058826,312.70588235294116,2.5294117647058822,0.7058823529411765,1.6470588235294117,4.764705882352941,0.11764705882352941,22.043529411764705,44.05882352941177,1.0588235294117647,1.1823529411764706,1.2941176470588236,0.5882352941176471,0.11764705882352941
00-0036355,2021,Justin Herbert,QB,LAC,17,672,443,5014,38,15,31,5058,2403,121.55570376370692,0.03264494024845674,63,302,3,11.158099026499455,380.76,2.4,155,51,61,143,21.279761904761905,96,14.285714285714285,80.2,5.8,14,17.0,54.0,166.0,,,,,672,0.23065476190476192,0.24702380952380953,0.08035714285714286,2.82513710879285,5.82758465011287,7.64526636225267,-1.8176817121398,17.5595238095238,-0.925509893455099,65.7939084679244,0.128710579694683,21.4335208060986,65.9652529745775,97.65625,738,139.36908893217617,-404.35798168182373,657,31.0,36.0,5058.0,671,97.0,70.9,71.9,53.8,808.0,120.3,14.0,2.0,6.0,7.362068813235965,0.6592261904761905,7.461309523809524,7.526785714285714,0.05654761904761905,0.022321428571428572,2.533333333333333,0.18884700397313844,-0.615461159333065,0.04200542005420054,0.04878048780487805,0.17344173441734417,27.0,0.5258620580882832,48.2,0.1265889274083412,39.529411764705884,294.94117647058823,2.235294117647059,0.8823529411764706,3.7058823529411766,17.764705882352942,0.17647058823529413,22.39764705882353,43.411764705882355,1.588235294117647,2.835294117647059,1.8235294117647058,2.1176470588235294,0.11764705882352941
00-0033873,2021,Patrick Mahomes,QB,KC,17,658,436,4839,37,13,28,4829,2699,138.7874491262119,3.3418868783261124,66,381,2,14.328448703119752,361.66,2.4,112,76,58,162,24.620060790273556,118,17.933130699088146,77.5,5.0,32,7.0,97.0,148.0,,,,,658,0.1702127659574468,0.22492401215805471,0.1474164133738602,2.84007598784195,4.81885321100917,7.33549839228296,-2.51664518127378,8.66261398176292,-1.23845659163987,68.6607493914234,-2.39935121513156,19.5156849506203,65.0926739349368,98.4549138804458,732,170.29904402996905,1657.6109260320663,620,28.0,46.0,4829.0,658,85.0,67.7,68.4,43.9,803.0,108.3,2.0,0.0,1.0,-0.7365524238557555,0.662613981762918,7.354103343465046,7.338905775075988,0.05623100303951368,0.019756838905775075,2.8461538461538463,0.2326489672540561,2.6735660097291394,0.03825136612021858,0.06284153005464481,0.15437158469945356,20.0,-0.36827621192787774,50.1,0.13852789913178123,38.705882352941174,284.6470588235294,2.176470588235294,0.7647058823529411,3.8823529411764706,22.41176470588235,0.11764705882352941,21.274117647058826,43.05882352941177,1.1764705882352942,2.947058823529412,1.6470588235294117,2.7058823529411766,0.0
00-0034857,2021,Josh Allen,QB,BUF,17,646,409,4407,36,15,26,5295,1734,79.99285779358205,1.9687780349410502,122,763,6,55.646717634078364,402.58,2.4,182,95,64,185,28.637770897832816,107,16.563467492260063,74.8,5.7,32,16.0,124.0,178.0,,,,,646,0.28173374613003094,0.2755417956656347,0.19195046439628483,2.90048916408669,6.45606356968215,8.62570962479609,-2.16964605511394,11.4551083591331,-0.242153344208809,64.7413241810032,-1.42863068255122,21.7004842490299,64.4198727102127,92.1697626418989,718,126.26412472184849,1287.8992140293121,614,26.0,46.0,5295.0,646,90.0,66.3,67.4,42.4,828.0,110.8,62.0,6.0,14.0,18.90219994867983,0.6331269349845201,6.821981424148607,8.196594427244582,0.05572755417956656,0.02321981424148607,2.4,0.1758553269106525,2.0975557231747755,0.036211699164345405,0.06406685236768803,0.1615598885793872,76.0,0.3048741927206424,112.3,0.278950767549307,38.0,259.2352941176471,2.1176470588235294,0.8823529411764706,7.176470588235294,44.88235294117647,0.35294117647058826,23.681176470588234,42.23529411764706,4.470588235294118,6.605882352941176,1.5294117647058822,2.7058823529411766,0.35294117647058826
00-0031280,2021,Derek Carr,QB,LV,17,626,428,4804,23,14,40,5084,2283,37.46051882079076,2.648223116529362,40,108,0,-4.127118461962316,256.96,2.5,167,58,48,146,23.322683706070286,94,15.015974440894569,77.4,4.3,21,10.0,31.0,93.0,,,,,626,0.26677316293929715,0.1485623003194888,0.04952076677316294,2.82069823434992,5.55922716627635,8.04630615640599,-2.48707899012964,13.5782747603834,-0.757354409317804,66.6354754044058,1.73513162434816,21.2198536618156,68.0995051377027,93.9629925452609,679,46.703744951150966,1320.6026077270508,601,40.0,17.0,5089.0,622,85.0,58.4,59.8,21.0,747.0,83.9,9.0,2.0,5.0,4.107639417197788,0.6837060702875399,7.674121405750799,8.121405750798722,0.036741214057507986,0.022364217252396165,1.6428571428571428,0.0687831295304138,2.1973421093628134,0.05891016200294551,0.025036818851251842,0.18409425625920472,23.0,0.4564043796886431,10.8,0.04202988792029889,36.8235294117647,282.5882352941176,1.3529411764705883,0.8235294117647058,2.3529411764705883,6.352941176470588,0.0,15.115294117647057,39.94117647058823,1.3529411764705883,0.6352941176470589,2.3529411764705883,1.0,0.11764705882352941
00-0022924,2021,Ben Roethlisberger,QB,PIT,16,605,390,3740,22,10,38,4069,1932,-45.31755300954868,-2.1535338358042235,20,5,1,-1.979403428134374,218.1,2.2,145,44,38,120,19.834710743801654,110,18.181818181818183,75.5,5.0,6,13.0,23.0,90.0,,,,,605,0.2396694214876033,0.1487603305785124,0.03801652892561983,2.38075953565506,4.43238461538462,6.73555369127517,-2.30316907589055,17.8512396694215,-1.91713087248322,67.3504583044978,-2.88764838714245,19.8758620523855,53.0632415142535,86.7940771349862,644,-39.3828932930943,-1426.3214960694313,596,38.0,3.0,4069.0,603,72.0,41.3,40.5,-19.2,705.0,42.5,4.0,2.0,2.0,-0.8241619551542465,0.6446280991735537,6.181818181818182,6.725619834710744,0.03636363636363636,0.01652892561983471,2.2,-0.06115356101412158,-2.3931568725997168,0.059006211180124224,0.004658385093167702,0.17080745341614906,17.0,-0.20604048878856163,6.5,0.029802842732691428,37.8125,233.75,1.375,0.625,1.25,0.3125,0.0625,13.63125,40.25,1.0625,0.40625,2.375,0.1875,0.125
00-0036971,2021,Trevor Lawrence,QB,JAX,17,602,359,3641,12,17,32,4738,1634,-60.74785959799547,-4.281166818345797,73,334,2,11.314141616867092,199.04,2.4,147,67,52,151,25.083056478405314,119,19.767441860465116,71.3,5.7,18,8.0,74.0,124.0,,,,,602,0.2441860465116279,0.2059800664451827,0.12292358803986711,2.86844908180301,5.44013927576602,8.05557659208262,-2.6154373163166,13.2890365448505,-0.789518072289157,64.9387704666419,-5.30421897162532,21.3857835166268,58.729714795834,71.8576965669989,663,-48.049446784791854,-2788.8467997312546,581,32.0,32.0,4738.0,599,82.0,39.1,37.6,-27.1,758.0,37.9,34.0,6.0,9.0,2.477878981269896,0.5963455149501661,6.048172757475083,7.870431893687708,0.019933554817275746,0.02823920265780731,0.7058823529411765,-0.07247277041446736,-4.80008055031197,0.048265460030165915,0.048265460030165915,0.17194570135746606,41.0,0.07287879356676165,45.4,0.22809485530546625,35.411764705882355,214.1764705882353,0.7058823529411765,1.0,4.294117647058823,19.647058823529413,0.11764705882352941,11.708235294117646,39.0,2.411764705882353,2.6705882352941175,1.8823529411764706,1.8823529411764706,0.35294117647058826
00-0026498,2021,Matthew Stafford,QB,LA,17,601,404,4886,41,17,30,5094,2124,117.59542310095352,0.3977537095873454,32,43,0,-1.9016529319342332,329.74,2.5,137,32,42,104,17.304492512479204,111,18.469217970049918,76.6,5.2,3,9.0,25.0,122.0,,,,,601,0.22795341098169716,0.20299500831946754,0.04159733777038269,2.79733111480865,6.73024752475247,8.48862876254181,-1.75838123778933,12.1464226289517,0.117391304347826,68.3223806144964,-1.10108277755798,22.0428108355532,64.1409978095134,102.929145867998,639,120.58315111523592,-69.58371847867966,596,30.0,8.0,5094.0,601,72.0,69.2,69.6,40.1,686.0,92.7,6.0,1.0,3.0,0.41559671983122826,0.6722129783693843,8.129783693843594,8.475873544093178,0.06821963394342762,0.028286189683860232,2.411764705882353,0.18870602678440676,-0.11675120550114036,0.046948356807511735,0.012519561815336464,0.1596244131455399,24.0,0.06926611997187138,4.3,0.013040577424637592,35.35294117647059,287.4117647058824,2.411764705882353,1.0,1.8823529411764706,2.5294117647058822,0.0,19.396470588235296,37.588235294117645,1.411764705882353,0.2529411764705882,1.7647058823529411,0.47058823529411764,0.058823529411764705
00-0033077,2021,Dak Prescott,QB,DAL,16,596,410,4449,37,10,30,4629,2028,108.33346017476663,2.8096626953765425,48,146,1,-23.35592285798045,320.56,2.4,187,46,48,124,20.80536912751678,86,14.429530201342283,77.3,4.8,11,10.0,43.0,118.0,,,,,596,0.313758389261745,0.19798657718120805,0.07214765100671142,2.74593624161074,5.89121951219512,7.97354948805461,-2.08232997585948,15.2684563758389,-0.388225255972696,66.5143929865686,2.27755332215621,21.5515257187075,60.8910502455,104.215604026846,646,112.89745462938158,1356.095278263092,586,30.0,20.0,4629.0,596,74.0,60.5,63.2,27.5,721.0,85.8,9.0,3.0,2.0,-9.541023054800462,0.6879194630872483,7.464765100671141,7.766778523489933,0.06208053691275168,0.016778523489932886,3.7,0.17476386165538946,2.314155764954082,0.04643962848297214,0.030959752321981424,0.1609907120743034,28.0,-1.0601136727556069,20.6,0.06426254055403045,37.25,278.0625,2.3125,0.625,3.0,9.125,0.0625,20.035,40.375,1.75,1.2875,1.875,1.25,0.1875
00-0029604,2021,Kirk Cousins,QB,MIN,16,561,372,4221,33,7,28,4573,1813,68.79256777481535,0.7851476949997175,29,115,1,-4.479162720842505,300.34,2.4,168,68,65,161,28.698752228163993,93,16.577540106951872,77.0,4.1,13,4.0,8.0,113.0,,,,,561,0.2994652406417112,0.2014260249554367,0.0142602495543672,2.75575179856115,6.44900537634409,7.97936685288641,-1.53036147654232,15.8645276292335,-1.41914338919925,62.8503501242601,3.45981030354738,20.9127122927802,57.8300311257049,103.100861556744,599,74.55204878593787,725.0964418053627,537,28.0,15.0,4573.0,556,87.0,58.3,57.7,14.3,650.0,74.0,3.0,1.0,0.0,2.93817504751496,0.6631016042780749,7.524064171122995,8.151515151515152,0.058823529411764705,0.012477718360071301,4.714285714285714,0.12446084939221681,1.3502727035481614,0.04674457429048414,0.025041736227045076,0.19198664440734559,14.0,0.9793916825049868,17.5,0.058267297063328234,35.0625,263.8125,2.0625,0.4375,1.8125,7.1875,0.0625,18.77125,37.4375,0.875,1.09375,1.75,0.9375,0.0625
00-0026143,2021,Matt Ryan,QB,ATL,17,560,375,3968,20,12,40,4002,1721,6.33079179920046,1.2546745938666788,40,82,1,-17.84899176361524,222.92,2.4,166,48,84,172,30.714285714285715,79,14.107142857142858,78.1,3.9,15,9.0,28.0,131.0,,,,,560,0.29642857142857143,0.23392857142857143,0.05,2.77286404293381,5.74234666666667,7.21299632352941,-1.47064965686275,16.0714285714286,-1.2778125,65.5575371733201,1.40674854096558,19.2236320807506,51.9640770147994,90.3869047619048,616,4.789664235251203,953.5060971975327,542,40.0,17.0,4003.0,559,128.0,52.2,53.1,6.0,684.0,64.9,9.0,1.0,5.0,-2.8642403065187088,0.6696428571428571,7.085714285714285,7.146428571428571,0.03571428571428571,0.02142857142857143,1.6666666666666667,0.007775428953329874,1.7592363416928647,0.06493506493506493,0.027597402597402596,0.2727272727272727,23.0,-0.3182489229465232,14.200000000000001,0.06369998205634309,32.94117647058823,233.41176470588235,1.1764705882352942,0.7058823529411765,2.3529411764705883,4.823529411764706,0.058823529411764705,13.112941176470587,36.23529411764706,1.3529411764705883,0.8352941176470589,2.3529411764705883,1.0,0.058823529411764705
00-0023459,2021,Aaron Rodgers,QB,GB,16,531,366,4115,37,4,30,4084,2177,128.81906195780076,6.117476862810655,33,101,3,5.831224214693058,333.3,2.3,135,59,40,129,24.293785310734464,93,17.51412429378531,77.3,2.5,18,8.0,30.0,107.0,,,,,531,0.2542372881355932,0.2015065913370998,0.05649717514124294,2.63046022727273,4.94215846994536,7.6421722113503,-2.70001374140494,16.195856873823,-0.627886497064579,66.152908763166,2.77364490915042,21.6651651793393,72.391605176291,111.899717514124,575,141.11106048928247,2943.9315423369408,510,30.0,17.0,4084.0,528,72.0,74.1,73.2,43.3,610.0,95.8,2.0,1.0,1.0,3.3400835852953605,0.6892655367231638,7.749529190207157,7.691148775894539,0.0696798493408663,0.007532956685499058,9.25,0.2454105399813608,5.772414788895962,0.05217391304347826,0.029565217391304348,0.17739130434782607,16.0,1.6700417926476803,28.1,0.08430843084308431,33.1875,257.1875,2.3125,0.25,2.0625,6.3125,0.1875,20.83125,35.9375,1.0,1.75625,1.875,1.0625,0.0625
00-0029701,2021,Ryan Tannehill,QB,TEN,17,531,357,3734,21,14,47,3954,1778,25.66361344669437,2.3674002870072015,55,270,7,34.28934092627624,268.36,2.3,166,31,64,142,26.741996233521657,83,15.630885122410545,78.9,4.4,9,10.0,34.0,132.0,,,,,531,0.3126177024482109,0.24858757062146894,0.064030131826742,2.68158113207547,5.35946778711485,7.51156069364162,-2.15209290652677,15.4425612052731,-1.22447013487476,66.0643511148356,1.16728730324355,19.6417870232631,57.6105059863216,89.6068738229755,596,48.35562286422394,1225.9584069252014,519,47.0,19.0,3954.0,530,111.0,61.8,61.5,22.5,680.0,80.8,22.0,4.0,9.0,24.18206602612837,0.672316384180791,7.032015065913371,7.446327683615819,0.03954802259887006,0.026365348399246705,1.5,0.0811335954097717,2.362154926638153,0.07885906040268456,0.031879194630872486,0.2651006711409396,36.0,1.0991848193694713,69.0,0.2571173051125354,31.235294117647058,219.64705882352942,1.2352941176470589,0.8235294117647058,3.235294117647059,15.882352941176471,0.4117647058823529,15.785882352941178,35.05882352941177,2.1176470588235294,4.0588235294117645,2.764705882352941,1.1176470588235294,0.23529411764705882
00-0036972,2021,Mac Jones,QB,NE,17,521,352,3801,22,13,28,4158,1760,52.876136574809856,2.6628180507808037,44,129,0,-0.20518635401247387,224.94,2.4,181,29,47,104,19.961612284069098,90,17.274472168905948,76.0,3.1,12,9.0,33.0,104.0,,,,,521,0.3474088291746641,0.19961612284069097,0.06333973128598848,2.70759230769231,5.70880681818182,8.07517647058824,-2.36636965240642,14.9712092130518,-0.875803921568627,66.4415789249705,1.12080111341719,20.9829810731296,57.6484180181902,92.462412028151,563,57.34695642698321,1217.3006772994995,511,28.0,15.0,4158.0,520,75.0,56.9,56.4,11.4,631.0,62.9,18.0,0.0,8.0,7.059906480929872,0.6756238003838771,7.295585412667946,7.980806142034549,0.04222648752399232,0.02495201535508637,1.6923076923076923,0.10185960288984584,2.3821931062612514,0.0497335701598579,0.02664298401420959,0.18294849023090587,29.0,0.3922170267183262,12.9,0.05734862630034676,30.647058823529413,223.58823529411765,1.2941176470588236,0.7647058823529411,2.588235294117647,7.588235294117647,0.0,13.231764705882354,33.11764705882353,1.7058823529411764,0.7588235294117647,1.6470588235294117,0.8823529411764706,0.0
00-0036442,2021,Joe Burrow,QB,CIN,16,520,366,4611,34,14,51,4227,2251,99.65101362233645,6.6511091121116666,40,118,2,3.470520692237196,314.24,2.4,125,46,48,145,27.884615384615387,54,10.384615384615385,82.8,4.5,12,8.0,23.0,75.0,,,,,520,0.2403846153846154,0.14423076923076922,0.04423076923076923,2.69029343629344,6.3866393442623,8.33812252964427,-1.95148318538197,19.4230769230769,-0.600612648221344,64.3033171509608,6.08129823365464,21.259807184517,57.3254934562277,108.261217948718,589,112.39509794052088,3359.994362294674,506,51.0,20.0,4227.0,518,99.0,60.2,63.5,25.1,642.0,79.4,12.0,3.0,1.0,0.4945282353728544,0.7038461538461539,8.867307692307692,8.128846153846155,0.06538461538461539,0.026923076923076925,2.4285714285714284,0.1908235958243139,6.640305063823466,0.0865874363327674,0.03395585738539898,0.2546689303904924,20.0,0.0412106862810712,23.8,0.07573828920570265,32.5,288.1875,2.125,0.875,2.5,7.375,0.125,19.64,36.8125,1.25,1.4875,3.1875,1.25,0.1875
00-0032950,2021,Carson Wentz,QB,IND,17,516,322,3563,27,7,32,3937,1650,13.058730000047348,-2.7587619853786443,57,215,1,7.857901858292225,258.02,2.5,156,41,75,148,28.68217054263566,94,18.217054263565892,73.7,5.0,17,8.0,84.0,144.0,,,,,516,0.3023255813953488,0.27906976744186046,0.16279069767441862,2.83431395348837,5.95636645962733,7.89769076305221,-1.94132430342488,16.4728682170543,-1.28704819277108,64.599462451435,-2.19636167624122,20.8711686927395,61.5306769018512,94.6463178294574,574,19.475727693991516,-1054.0140554308891,497,32.0,26.0,3937.0,516,105.0,60.6,60.5,19.5,648.0,74.3,16.0,2.0,6.0,17.42328193384565,0.624031007751938,6.905038759689923,7.62984496124031,0.05232558139534884,0.013565891472868217,3.857142857142857,0.03392983918813853,-2.120752626621507,0.05574912891986063,0.04529616724738676,0.23867595818815332,31.0,1.0889551208653532,27.5,0.10658088520269747,30.352941176470587,209.58823529411765,1.588235294117647,0.4117647058823529,3.3529411764705883,12.647058823529411,0.058823529411764705,15.177647058823528,33.76470588235294,1.8235294117647058,1.6176470588235294,1.8823529411764706,1.5294117647058822,0.11764705882352941
00-0031800,2021,Taylor Heinicke,QB,WAS,16,494,321,3419,20,15,38,3779,1747,-29.35731557916748,0.23935042455763123,60,313,1,4.400262290615803,222.85999999999999,2.6,145,55,47,140,28.34008097165992,80,16.194331983805668,75.6,3.7,8,9.0,65.0,122.0,,,,,494,0.2935222672064777,0.24696356275303644,0.13157894736842105,2.97277189409369,5.15367601246106,7.91727650727651,-2.76360049481545,18.0161943319838,-1.1866735966736,65.4526695624175,-0.472912477397244,21.7569494589564,62.0343856260381,85.9143049932524,569,-14.163210116308932,143.3399349451065,480,38.0,40.0,3779.0,491,86.0,45.8,47.4,-4.5,624.0,50.9,7.0,1.0,1.0,-1.779327659169212,0.6497975708502024,6.921052631578948,7.649797570850202,0.04048582995951417,0.030364372469635626,1.3333333333333333,-0.0248914061798048,0.2986248644689719,0.06678383128295255,0.070298769771529,0.2179261862917399,20.0,-0.2541896655956017,37.3,0.16736964910706273,30.875,213.6875,1.25,0.9375,3.75,19.5625,0.0625,13.928749999999999,35.5625,1.25,2.33125,2.375,2.5,0.0625
00-0033106,2021,Jared Goff,QB,DET,14,494,332,3245,19,8,35,3148,1754,-25.531083544353272,0.9835992000550325,17,87,0,-13.913521254435194,194.5,2.4,110,50,48,133,26.923076923076923,77,15.587044534412955,80.1,4.5,21,5.0,24.0,79.0,,,,,494,0.22267206477732793,0.15991902834008098,0.048582995951417005,2.77309406952965,4.32469879518072,6.62875802997859,-2.30405923479786,10.7287449392713,-2.18066381156317,66.2492891094885,0.957188623305044,20.1972829443328,56.835131740852,91.531713900135,535,-26.57708126687942,258.2342654466629,467,35.0,11.0,3150.0,489,83.0,45.5,43.4,-11.1,587.0,37.4,4.0,1.0,0.0,-4.047826680471189,0.6720647773279352,6.568825910931174,6.372469635627531,0.038461538461538464,0.016194331983805668,2.375,-0.04967678741472789,0.5529641658386786,0.06542056074766354,0.020560747663551402,0.2205607476635514,6.0,-1.0119566701177973,8.700000000000001,0.04473007712082263,35.285714285714285,231.78571428571428,1.3571428571428572,0.5714285714285714,1.2142857142857142,6.214285714285714,0.0,13.892857142857142,38.214285714285715,0.42857142857142855,0.6214285714285716,2.5,0.7857142857142857,0.07142857142857142
00-0035228,2021,Kyler Murray,QB,ARI,14,481,333,3787,24,10,31,3823,1789,64.44055304935743,4.659470570119567,88,423,5,4.642070294140581,300.48,2.3,108,68,13,112,23.284823284823286,65,13.513513513513514,79.4,3.5,19,10.0,111.0,109.0,,,,,481,0.22453222453222454,0.22661122661122662,0.23076923076923078,2.77325987525988,5.75684684684685,7.88668112798265,-2.1298342811358,11.8503118503119,-1.07210412147505,65.948049150206,3.28272008056328,21.216363935677,54.2825146801436,100.550069300069,541,81.1544134748015,1942.5334200263023,461,31.0,29.0,3823.0,481,42.0,63.2,61.5,21.0,632.0,74.1,43.0,4.0,5.0,5.040278463682625,0.6923076923076923,7.873180873180873,7.948024948024948,0.0498960498960499,0.02079002079002079,2.4,0.15000815799408782,4.213738438234929,0.05730129390018484,0.053604436229205174,0.13493530499075784,59.0,0.11721577822517734,72.30000000000001,0.2406150159744409,34.357142857142854,270.5,1.7142857142857142,0.7142857142857143,6.285714285714286,30.214285714285715,0.35714285714285715,21.462857142857143,38.642857142857146,4.214285714285714,5.1642857142857155,2.2142857142857144,2.0714285714285716,0.2857142857142857
00-0031345,2021,Jimmy Garoppolo,QB,SF,15,441,301,3810,20,12,29,3306,1966,93.18086054271154,3.005855232487231,38,51,3,3.3076189078896636,227.5,2.4,100,24,36,89,20.181405895691608,55,12.471655328798185,81.5,5.4,11,5.0,38.0,100.0,,,,,441,0.22675736961451248,0.22675736961451248,0.08616780045351474,2.66814383561644,5.92943521594684,7.43169014084507,-1.50225492489823,15.6462585034014,-1.86643192488263,67.2202174220226,1.03375083194568,19.3580745577803,60.724332025968,98.7386621315193,473,91.69987601785452,1117.2145262360573,426,29.0,6.0,3307.0,438,64.0,59.2,58.0,12.0,530.0,57.8,15.0,3.0,10.0,11.942018151690718,0.6825396825396826,8.639455782312925,7.496598639455782,0.045351473922902494,0.027210884353741496,1.6666666666666667,0.1938686596571977,2.62256931041328,0.0613107822410148,0.012684989429175475,0.19661733615221988,32.0,0.7961345434460478,23.1,0.10153846153846155,29.4,254.0,1.3333333333333333,0.8,2.533333333333333,3.4,0.2,15.166666666666666,31.533333333333335,2.1333333333333333,1.54,1.9333333333333333,0.4,0.2
00-0036389,2021,Jalen Hurts,QB,PHI,15,432,265,3144,16,9,26,3882,1463,18.94735973315077,0.18417049274867742,139,784,10,40.591197685339104,312.16,2.6,124,76,32,134,31.01851851851852,57,13.194444444444445,78.2,5.4,22,11.0,154.0,111.0,,,,,432,0.28703703703703703,0.2569444444444444,0.35648148148148145,3.12261162790698,6.35139622641509,9.02772616136919,-2.6763299349541,16.2037037037037,0.0375061124694377,61.4296560115353,-0.0870634189427406,22.6470695831938,60.8969498415151,87.1913580246914,505,47.09651165954153,47.1975713968277,409,26.0,50.0,3877.0,429,56.0,54.6,58.4,14.9,622.0,65.7,74.0,11.0,14.0,27.074506465626186,0.6134259259259259,7.277777777777778,8.98611111111111,0.037037037037037035,0.020833333333333332,1.7777777777777777,0.093260419127805,0.11539748507781833,0.05148514851485148,0.09900990099009901,0.16237623762376238,89.0,0.3658717089949485,138.4,0.4433623782675551,28.8,209.6,1.0666666666666667,0.6,9.266666666666667,52.266666666666666,0.6666666666666666,20.81066666666667,33.666666666666664,5.933333333333334,9.226666666666667,1.7333333333333334,3.3333333333333335,0.7333333333333333
00-0031237,2021,Teddy Bridgewater,QB,DEN,14,426,285,3052,18,7,31,3424,1387,57.11457155321979,2.524410452849728,30,106,2,1.6456387290329673,202.68,2.5,118,64,42,137,32.159624413145536,68,15.96244131455399,77.8,3.2,20,9.0,23.0,76.0,,,,,426,0.27699530516431925,0.1784037558685446,0.0539906103286385,2.91377699530516,5.64740350877193,8.07311111111111,-2.42570760233918,12.6760563380282,-1.1417037037037,64.1436678121313,2.75774063857298,20.7414813294065,56.5428846098251,94.9237089201878,472,62.653076012396454,1583.774584531784,405,31.0,15.0,3424.0,426,76.0,53.4,56.8,10.1,519.0,52.5,9.0,1.0,5.0,7.9669232413580175,0.6690140845070423,7.164319248826291,8.03755868544601,0.04225352112676056,0.01643192488262911,2.5714285714285716,0.13273956782287386,3.910554529708109,0.06567796610169492,0.03177966101694915,0.2266949152542373,15.0,0.8852136934842242,22.6,0.1115058219853957,30.428571428571427,218.0,1.2857142857142858,0.5,2.142857142857143,7.571428571428571,0.14285714285714285,14.477142857142857,33.714285714285715,1.0714285714285714,1.6142857142857143,2.2142857142857144,1.0714285714285714,0.07142857142857142
00-0034855,2021,Baker Mayfield,QB,CLE,14,418,253,3010,17,13,43,3659,1383,-5.397413046271332,-1.4436767185932449,37,134,1,6.111318557494085,180.9,2.4,124,52,18,113,27.033492822966508,84,20.095693779904305,73.6,5.0,14,11.0,11.0,89.0,,,,,418,0.2966507177033493,0.21291866028708134,0.02631578947368421,2.81879567307692,6.18569169960474,8.6498,-2.46410830039526,16.2679425837321,-0.4177,64.9750463931897,-4.44873060371602,21.6846010979701,66.4254665019374,83.1240031897927,484,0.919955007864969,-1087.4831601977348,400,43.0,25.0,3659.0,416,58.0,40.9,40.6,-14.2,529.0,34.4,4.0,0.0,4.0,2.1323326595011167,0.6052631578947368,7.2009569377990434,8.753588516746412,0.04066985645933014,0.03110047846889952,1.3076923076923077,0.001900733487324316,-2.718707900494337,0.08884297520661157,0.05165289256198347,0.20867768595041322,12.0,0.5330831648752792,19.4,0.10724156992813708,29.857142857142858,215.0,1.2142857142857142,0.9285714285714286,2.642857142857143,9.571428571428571,0.07142857142857142,12.921428571428573,34.57142857142857,0.8571428571428571,1.3857142857142857,3.0714285714285716,1.7857142857142858,0.0
00-0034869,2021,Sam Darnold,QB,CAR,12,406,243,2527,9,13,35,2932,1387,-76.71357971897746,-5.311386736159749,48,222,5,3.878886218132825,157.28,2.5,128,60,40,135,33.251231527093594,71,17.48768472906404,74.5,7.0,22,6.0,26.0,87.0,,,,,406,0.31527093596059114,0.21428571428571427,0.06403940886699508,2.87654433497537,4.47934156378601,7.3625974025974,-2.8832558388114,13.7931034482759,-1.83480519480519,64.2100742692357,-4.35785752046725,20.1675037650054,57.2757583974233,71.9417077175698,464,-64.71592654637051,-1876.7429009079933,384,35.0,23.0,2932.0,405,68.0,38.8,37.9,-17.8,508.0,27.2,16.0,5.0,7.0,-1.1717992333578877,0.5985221674876847,6.224137931034483,7.221674876847291,0.022167487684729065,0.03201970443349754,0.6923076923076923,-0.13947397962579852,-4.8873513044479,0.07543103448275862,0.04956896551724138,0.22198275862068967,25.0,-0.07323745208486798,52.2,0.3318921668362157,33.833333333333336,210.58333333333334,0.75,1.0833333333333333,4.0,18.5,0.4166666666666667,13.106666666666667,38.666666666666664,2.0833333333333335,4.3500000000000005,2.9166666666666665,1.9166666666666667,0.4166666666666667
00-0029263,2021,Russell Wilson,QB,SEA,14,400,259,3113,25,6,33,3955,1383,16.612031373268863,3.6104571237385175,43,183,2,-2.4279138694765123,242.82,2.4,113,48,42,123,30.75,72,18.0,76.5,4.1,13,3.0,45.0,102.0,,,,,400,0.2825,0.255,0.1125,2.7976375,6.54332046332046,9.88515544041451,-3.34183497709404,15.5,1.05613989637306,65.4622525575105,-0.71225255751051,23.1433816740727,61.984780390028,103.052083333333,456,25.365073270754266,1233.7849035859108,386,33.0,23.0,3955.0,400,79.0,60.6,58.5,12.1,500.0,55.4,12.0,0.0,6.0,0.9906531593587715,0.6475,7.7825,9.8875,0.0625,0.015,4.166666666666667,0.05562516068147865,3.1963339471137586,0.07236842105263158,0.05043859649122807,0.24561403508771928,20.0,0.0825544299465643,30.3,0.12478379046207068,28.571428571428573,222.35714285714286,1.7857142857142858,0.42857142857142855,3.0714285714285716,13.071428571428571,0.14285714285714285,17.344285714285714,32.57142857142857,1.4285714285714286,2.164285714285714,2.357142857142857,1.6428571428571428,0.0
00-0036898,2021,Davis Mills,QB,HOU,13,394,263,2664,16,10,31,2869,1232,-44.68131005825816,-2.022205432497278,18,44,0,-7.287931496624702,156.95999999999998,2.3,121,30,30,91,23.096446700507613,66,16.751269035532996,75.7,3.2,13,11.0,18.0,65.0,,,,,394,0.30710659898477155,0.1649746192893401,0.04568527918781726,2.67263775510204,5.4280608365019,7.36604774535809,-1.93798690885619,14.2131979695432,-1.62068965517241,65.841536729125,0.909732306408017,20.5027662450718,62.2435795885809,88.843062605753,433,-50.514832917052935,-83.0406904220581,378,31.0,10.0,2869.0,392,59.0,41.2,40.5,-12.9,471.0,25.9,5.0,0.0,3.0,-0.6031517868395895,0.6675126903553299,6.761421319796955,7.281725888324873,0.04060913705583756,0.025380710659898477,1.6,-0.11666243167910609,-0.2196843661959209,0.07159353348729793,0.023094688221709007,0.20785219399538107,8.0,-0.1206303573679179,4.4,0.028032619775739048,30.307692307692307,204.92307692307693,1.2307692307692308,0.7692307692307693,1.3846153846153846,3.3846153846153846,0.0,12.073846153846151,33.30769230769231,0.6153846153846154,0.3384615384615385,2.3846153846153846,0.7692307692307693,0.0
00-0036212,2021,Tua Tagovailoa,QB,MIA,13,388,263,2653,16,10,20,2735,1231,20.96196812692662,-0.8301068329790298,42,128,3,-5.070938456561815,180.92,2.2,100,45,24,89,22.938144329896907,62,15.979381443298967,80.1,4.5,6,1.0,94.0,116.0,,,,,388,0.25773195876288657,0.29896907216494845,0.2422680412371134,2.52351679586563,5.1354752851711,6.99002631578947,-1.85455103061837,19.3298969072165,-1.43628947368421,66.772227587668,1.01127756697116,20.3203286893502,55.0768499462342,90.0665807560137,425,27.00979545673312,731.6594809293747,380,20.0,18.0,2735.0,387,42.0,55.7,57.2,9.6,471.0,51.8,8.0,4.0,3.0,2.8361372282670345,0.6778350515463918,6.837628865979381,7.048969072164948,0.041237113402061855,0.02577319587628866,1.6,0.06355245989819558,1.9254196866562492,0.047058823529411764,0.042352941176470586,0.14588235294117646,24.0,0.3545171535333793,30.8,0.17024099049303562,29.846153846153847,204.07692307692307,1.2307692307692308,0.7692307692307693,3.230769230769231,9.846153846153847,0.23076923076923078,13.916923076923077,32.69230769230769,1.8461538461538463,2.3692307692307693,1.5384615384615385,1.3846153846153846,0.3076923076923077
00-0037013,2021,Zach Wilson,QB,NYJ,13,383,213,2334,9,11,44,2885,1099,-95.57318635706595,-9.820057303152492,29,185,4,7.612972202916209,151.85999999999999,2.5,127,66,26,136,35.50913838120104,87,22.715404699738905,69.9,6.8,16,5.0,18.0,81.0,,,,,383,0.33159268929503916,0.21148825065274152,0.04699738903394256,2.9997722513089,5.79093896713615,7.6994262295082,-1.90848726237205,12.7937336814621,-1.49456284153005,66.3129943858239,-10.6994173623252,21.3183336851261,58.7327208632463,69.6855961705831,442,-85.14032639086965,-3528.005640208721,366,44.0,16.0,2885.0,382,67.0,33.4,32.5,-24.4,472.0,17.9,9.0,6.0,2.0,-2.986700357736729,0.556135770234987,6.093994778067885,7.532637075718016,0.02349869451697128,0.028720626631853787,0.8181818181818182,-0.1926251728300218,-9.639359672701424,0.09954751131221719,0.03619909502262444,0.251131221719457,13.0,-0.331855595304081,42.5,0.27986303173976035,29.46153846153846,179.53846153846155,0.6923076923076923,0.8461538461538461,2.230769230769231,14.23076923076923,0.3076923076923077,11.68153846153846,34.0,1.0,3.269230769230769,3.3846153846153846,1.2307692307692308,0.46153846153846156
00-0034796,2021,Lamar Jackson,QB,BAL,12,382,246,2882,16,13,38,3534,1150,18.43670087404861,2.676360110251281,133,767,2,15.515112108310792,239.98,2.4,151,39,29,106,27.748691099476442,73,19.10994764397906,73.3,4.9,7,9.0,119.0,93.0,,,,,382,0.39528795811518325,0.24345549738219896,0.31151832460732987,2.95759523809524,7.02012195121951,9.5744204851752,-2.55429853395569,13.0890052356021,0.291401617250674,66.4503056731524,-2.05239991399007,22.0554579366626,60.7998758222416,86.9655322862129,465,34.7475447015226,252.09430754184723,371,38.0,49.0,3534.0,378,66.0,56.8,56.8,11.1,574.0,62.7,77.0,6.0,16.0,5.030288907391096,0.643979057591623,7.544502617801047,9.25130890052356,0.041884816753926704,0.034031413612565446,1.2307692307692308,0.07472590258391956,0.6794994812448713,0.08172043010752689,0.1053763440860215,0.22365591397849463,84.0,0.06532842736871554,88.7,0.3696141345112093,31.833333333333332,240.16666666666666,1.3333333333333333,1.0833333333333333,11.083333333333334,63.916666666666664,0.16666666666666666,19.99833333333333,38.75,7.0,7.391666666666667,3.1666666666666665,4.083333333333333,0.5
00-0035710,2021,Daniel Jones,QB,NYG,11,361,232,2428,10,7,22,2640,1098,-11.398881251377462,-0.9223935266063553,62,298,2,7.627667821375423,167.51999999999998,2.4,120,37,36,95,26.31578947368421,64,17.72853185595568,76.1,5.5,12,5.0,38.0,93.0,,,,,361,0.33240997229916897,0.25761772853185594,0.10526315789473684,2.78241388888889,5.62879310344828,7.23330459770115,-1.60451149425287,17.7285318559557,-1.96784482758621,63.5732611047925,0.692666873046882,20.2045582956571,57.3127298250572,84.8164819944598,405,-9.837164280914795,-292.83634424209595,347,22.0,23.0,2640.0,360,60.0,47.5,50.5,0.7,472.0,41.7,29.0,3.0,4.0,4.9042449368862435,0.6426592797783933,6.725761772853185,7.313019390581718,0.027700831024930747,0.019390581717451522,1.4285714285714286,-0.02428929452077727,-0.8439087730319768,0.05432098765432099,0.056790123456790124,0.20246913580246914,39.0,0.1691118943753877,41.8,0.24952244508118435,32.81818181818182,220.72727272727272,0.9090909090909091,0.6363636363636364,5.636363636363637,27.09090909090909,0.18181818181818182,15.229090909090907,36.81818181818182,3.5454545454545454,3.8,2.0,2.090909090909091,0.2727272727272727
00-0036945,2021,Justin Fields,QB,CHI,12,270,159,1870,7,10,36,2645,683,-64.92877211484542,-1.5904246386364862,72,420,2,6.727855220108777,126.8,2.5,96,29,31,96,35.55555555555556,57,21.11111111111111,72.7,6.9,8,3.0,22.0,48.0,,,,,270,0.35555555555555557,0.17777777777777778,0.08148148148148149,2.91209701492537,7.11018867924528,9.51827586206897,-2.40808718282368,17.037037037037,0.158122605363985,61.6741855332145,-2.78529664432561,22.2888345185549,63.8292981318141,73.2253086419753,349,-42.966680046449774,-509.5260947942734,261,36.0,45.0,2645.0,268,71.0,31.4,31.0,-22.4,397.0,13.7,18.0,1.0,4.0,-9.041994849781037,0.5888888888888889,6.925925925925926,9.796296296296296,0.025925925925925925,0.037037037037037035,0.7,-0.12311369640816554,-1.9522072597481739,0.10315186246418338,0.12893982808022922,0.30659025787965616,27.0,-0.5023330472100577,54.0,0.42586750788643535,22.5,155.83333333333334,0.5833333333333334,0.8333333333333334,6.0,35.0,0.16666666666666666,10.566666666666666,29.083333333333332,2.25,4.5,3.0,3.75,0.08333333333333333
00-0027973,2021,Andy Dalton,QB,CHI,8,236,149,1515,8,9,18,1643,752,-30.054053774520128,0.6884769460509416,16,76,0,-0.7613289881432527,84.2,2.3,92,23,13,54,22.88135593220339,39,16.52542372881356,71.4,4.0,8,7.0,14.0,30.0,,,,,236,0.3898305084745763,0.1271186440677966,0.059322033898305086,2.64330212765957,4.89006711409396,7.1657268722467,-2.27565975815274,11.864406779661,-1.66246696035242,67.1903391352902,-4.05474591495122,20.3437935199001,50.6770954179499,76.853813559322,265,-28.886753766374234,-952.3132935166359,227,18.0,12.0,1642.0,235,30.0,,,,,,1.0,1.0,0.0,-0.3825017884373665,0.6313559322033898,6.419491525423729,6.961864406779661,0.03389830508474576,0.038135593220338986,0.8888888888888888,-0.10900661798631786,-4.195212746769321,0.06792452830188679,0.045283018867924525,0.1811320754716981,4.0,-0.3825017884373665,7.6000000000000005,0.09026128266033255,29.5,189.375,1.0,1.125,2.0,9.5,0.0,10.525,33.125,0.5,0.9500000000000001,2.25,1.5,0.125
00-0033119,2021,Jacoby Brissett,QB,MIA,10,225,141,1283,5,4,19,1703,508,-22.858021311611598,5.320673146621561,19,70,1,3.041909919760653,72.32000000000001,2.4,62,26,24,69,30.666666666666664,36,16.0,72.5,7.8,6,1.0,23.0,33.0,,,,,225,0.27555555555555555,0.14666666666666667,0.10222222222222223,2.82994196428571,5.13078014184397,7.49405529953917,-2.3632751576952,18.2222222222222,-0.727142857142857,63.79529009925,-1.12862343258328,20.2575052435045,59.4074826936809,78.0648148148148,255,-19.19887760318719,-392.82307624816895,216,19.0,13.0,1709.0,223,41.0,,,,,,5.0,1.0,2.0,-1.8510465784929693,0.6266666666666667,5.702222222222222,7.568888888888889,0.022222222222222223,0.017777777777777778,1.25,-0.07528971609093014,-1.818625353000782,0.07450980392156863,0.050980392156862744,0.23529411764705882,6.0,-0.37020931569859383,13.0,0.17975663716814158,22.5,128.3,0.5,0.4,1.9,7.0,0.1,7.232000000000001,25.5,0.6,1.3,1.9,1.3,0.1
00-0032156,2021,Trevor Siemian,QB,NO,6,188,108,1154,11,3,9,1329,507,-10.492305688234506,-4.127522829897955,9,20,1,-3.7715851247776317,90.16000000000001,2.5,47,20,16,45,23.93617021276596,26,13.829787234042554,74.0,4.0,11,6.0,3.0,34.0,,,,,188,0.25,0.18085106382978725,0.015957446808510637,2.89214361702128,6.0775,7.76594285714286,-1.68844285714286,16.4893617021277,-1.39405714285714,60.579696100978,-3.13288759033968,21.7402728076702,45.3678707898001,88.3865248226951,200,-5.741915959365184,-826.2999653816223,175,9.0,3.0,1329.0,187,26.0,,,,,,2.0,0.0,0.0,-1.0600292766466737,0.574468085106383,6.138297872340425,7.069148936170213,0.05851063829787234,0.015957446808510637,3.6666666666666665,-0.02870957979682592,-4.721714087894985,0.045,0.015,0.175,6.0,-0.5300146383233368,8.0,0.08873114463176573,31.333333333333332,192.33333333333334,1.8333333333333333,0.5,1.5,3.3333333333333335,0.16666666666666666,15.026666666666669,33.333333333333336,1.0,1.3333333333333333,1.5,0.5,0.0
00-0035993,2021,Tyler Huntley,QB,BAL,7,188,122,1081,3,4,18,1407,446,-30.69721204084302,-3.6523697524943377,47,294,2,15.720750949055626,82.64,2.3,62,22,10,50,26.595744680851062,34,18.085106382978726,74.7,2.2,3,6.0,33.0,12.0,,,,,188,0.32978723404255317,0.06382978723404255,0.17553191489361702,2.61777837837838,5.01040983606557,7.81653846153846,-2.80612862547289,17.5531914893617,-1.05159340659341,65.0666185515992,-0.173001530322622,20.8155137228738,59.0215045555431,76.5735815602837,228,-13.913721430854464,-191.69057309627533,182,18.0,25.0,1407.0,185,28.0,,,,,,18.0,0.0,4.0,6.77735779437465,0.648936170212766,5.75,7.48404255319149,0.015957446808510637,0.02127659574468085,0.75,-0.061025093994975715,-1.053244907122392,0.07894736842105263,0.10964912280701754,0.20175438596491227,22.0,0.37651987746525833,41.400000000000006,0.5009680542110359,26.857142857142858,154.42857142857142,0.42857142857142855,0.5714285714285714,6.714285714285714,42.0,0.2857142857142857,11.805714285714286,32.57142857142857,3.142857142857143,5.9142857142857155,2.5714285714285716,3.5714285714285716,0.0
00-0030520,2021,Mike Glennon,QB,NYG,6,167,90,790,4,10,9,1210,415,-81.78796342919404,-9.595286360489212,7,33,1,-3.7072508778016804,30.9,2.5,41,12,19,40,23.952095808383234,21,12.574850299401197,71.9,7.2,11,1.0,5.0,24.0,,,,,167,0.24550898203592814,0.1437125748502994,0.029940119760479042,2.70590243902439,3.86877777777778,7.49798701298701,-3.62920923520924,16.1676646706587,-1.28123376623377,62.1163679989512,-8.22415243008893,20.5260464535474,57.5900868205631,49.7380239520958,177,-77.56161061234073,-1213.2180720567703,154,9.0,4.0,1210.0,164,27.0,,,,,,1.0,0.0,0.0,-3.802277314593084,0.5389221556886228,4.730538922155689,7.245508982035928,0.023952095808383235,0.059880239520958084,0.4,-0.4382011899002301,-7.878039428940067,0.05084745762711865,0.022598870056497175,0.2033898305084746,3.0,-3.802277314593084,9.3,0.3009708737864078,27.833333333333332,131.66666666666666,0.6666666666666666,1.6666666666666667,1.1666666666666667,5.5,0.16666666666666666,5.1499999999999995,29.5,0.5,1.55,1.5,0.6666666666666666,0.0
00-0031503,2021,Jameis Winston,QB,NO,7,161,95,1170,14,3,11,1340,578,21.810387038916296,-3.4464922090827126,32,166,1,16.880672983243123,117.4,2.6,68,18,18,47,29.19254658385093,33,20.496894409937887,70.4,6.6,9,5.0,2.0,37.0,,,,,161,0.422360248447205,0.22981366459627328,0.012422360248447204,3.02300621118012,6.48768421052632,9.00771241830065,-2.52002820777434,11.8012422360248,-0.240653594771242,64.6789035835066,-5.6726924033824,21.7691913742422,58.9994745739316,102.756211180124,189,39.24187413026752,-480.0375208258629,153,11.0,17.0,1340.0,161,32.0,69.8,71.5,13.6,209.0,31.6,7.0,0.0,4.0,5.322541500849184,0.5900621118012422,7.267080745341615,8.322981366459627,0.08695652173913043,0.018633540372670808,4.666666666666667,0.2076289636522091,-3.137500136116751,0.0582010582010582,0.08994708994708994,0.2275132275132275,15.0,0.7603630715498834,22.6,0.19250425894378195,23.0,167.14285714285714,2.0,0.42857142857142855,4.571428571428571,23.714285714285715,0.14285714285714285,16.771428571428572,27.0,2.142857142857143,3.2285714285714286,1.5714285714285714,2.4285714285714284,0.0
00-0028118,2021,Tyrod Taylor,QB,HOU,6,150,91,966,5,5,13,1107,491,-14.875614879206138,-4.032346139757965,19,151,3,13.619090607910957,81.74,2.3,60,19,16,48,32.0,32,21.333333333333336,69.0,3.4,4,2.0,24.0,29.0,,,,,150,0.4,0.19333333333333333,0.16,2.78604697986577,5.16901098901099,7.4991724137931,-2.33016142478211,16.6666666666667,-0.742206896551724,64.4222494078179,-3.75558274115124,20.6810459657803,57.1478433538835,76.6944444444444,177,0.5291411455621233,-522.1416682004929,144,13.0,15.0,1107.0,149,30.0,,,,,,1.0,0.0,0.0,0.00868979748338461,0.6066666666666667,6.44,7.38,0.03333333333333333,0.03333333333333333,1.0,0.0029894979975261205,-3.625983806947867,0.07344632768361582,0.0847457627118644,0.24293785310734464,4.0,0.00868979748338461,33.1,0.4049425006116957,25.0,161.0,0.8333333333333334,0.8333333333333334,3.1666666666666665,25.166666666666668,0.5,13.623333333333333,29.5,0.6666666666666666,5.516666666666667,2.1666666666666665,2.5,0.0
00-0034401,2021,Mike White,QB,NYJ,4,132,88,953,5,8,4,781,566,1.9931785218303872,-2.208619697871792,5,-1,0,-0.670219584018923,44.019999999999996,2.4,29,8,14,26,19.696969696969695,19,14.393939393939394,71.0,3.8,1,6.0,4.0,18.0,,,,,132,0.2196969696969697,0.13636363636363635,0.030303030303030304,,,,,,,,,,,,136,2.940178521830399,-274.0704268217087,131,4.0,0.0,781.0,132,17.0,,,,,,2.0,0.0,2.0,-0.6702195840189233,0.6666666666666666,7.21969696969697,5.916666666666667,0.03787878787878788,0.06060606060606061,0.625,0.021618959719341167,-2.092140662761135,0.029411764705882353,0.0,0.15441176470588236,5.0,-0.33510979200946167,-0.1,-0.0022716946842344394,33.0,238.25,1.25,2.0,1.25,-0.25,0.0,11.004999999999999,34.0,1.25,-0.025,1.0,0.0,0.0
00-0027939,2021,Cam Newton,QB,CAR,7,126,69,684,4,5,10,878,309,-39.728420594714294,-11.985226902077605,47,230,5,1.764660668661355,86.36,2.2,59,15,10,35,27.77777777777778,28,22.22222222222222,65.3,4.8,2,6.0,32.0,19.0,,,,,126,0.46825396825396826,0.15079365079365079,0.25396825396825395,,,,,,,,,,,,141,-38.538640134262096,-1566.7833477258682,124,10.0,5.0,878.0,126,20.0,,,,,,37.0,4.0,8.0,9.8480223484803,0.5476190476190477,5.428571428571429,6.968253968253968,0.031746031746031744,0.03968253968253968,0.8,-0.27332368889547587,-12.635349578434422,0.07092198581560284,0.03546099290780142,0.2127659574468085,42.0,0.26616276617514323,53.0,0.6137100509495137,18.0,97.71428571428571,0.5714285714285714,0.7142857142857143,6.714285714285714,32.857142857142854,0.7142857142857143,12.337142857142856,20.142857142857142,6.0,7.571428571428571,1.4285714285714286,0.7142857142857143,0.5714285714285714
00-0035704,2021,Drew Lock,QB,DEN,6,111,67,787,2,2,9,1107,350,-9.218843522528498,-3.865517367866932,10,53,2,0.1383456455660017,51.88,2.5,29,14,8,31,27.927927927927925,24,21.62162162162162,72.5,6.4,1,2.0,10.0,21.0,,,,,111,0.26126126126126126,0.1891891891891892,0.09009009009009009,,,,,,,,,,,,126,-5.288658447086654,-360.69336235523224,109,9.0,7.0,1107.0,110,16.0,,,,,,3.0,0.0,2.0,-3.7794003315502778,0.6036036036036037,7.09009009009009,9.972972972972974,0.018018018018018018,0.018018018018018018,1.0,-0.041973479738782966,-3.309113416103048,0.07142857142857142,0.05555555555555555,0.1984126984126984,3.0,-1.2598001105167593,17.3,0.33346183500385507,18.5,131.16666666666666,0.3333333333333333,0.3333333333333333,1.6666666666666667,8.833333333333334,0.3333333333333333,8.646666666666667,21.0,0.5,2.8833333333333333,1.5,1.1666666666666667,0.0
00-0027688,2021,Colt McCoy,QB,ARI,7,99,74,740,3,1,6,512,452,14.31349176035533,-0.3689622183640946,22,37,0,-12.58592207922328,41.300000000000004,2.1,29,10,10,26,26.262626262626267,11,11.11111111111111,83.7,5.1,1,2.0,29.0,31.0,,,,,99,0.29292929292929293,0.31313131313131315,0.29292929292929293,,,,,,,,,,,,108,13.008698115391743,344.78819370269775,98,6.0,3.0,512.0,99,17.0,60.4,60.0,3.5,121.0,12.5,8.0,0.0,2.0,-0.14767856334140506,0.7474747474747475,7.474747474747475,5.171717171717172,0.030303030303030304,0.010101010101010102,3.0,0.12045090847584948,3.518246874517324,0.05555555555555555,0.027777777777777776,0.21296296296296297,19.0,-0.018459820417675632,3.7,0.08958837772397094,14.142857142857142,105.71428571428571,0.42857142857142855,0.14285714285714285,3.142857142857143,5.285714285714286,0.0,5.9,15.428571428571429,2.7142857142857144,0.5285714285714286,0.8571428571428571,0.42857142857142855,0.0
00-0030565,2021,Geno Smith,QB,SEA,4,95,65,702,5,1,13,664,360,-1.23674028156646,6.451777850559026,9,42,1,3.666902817145462,54.28,2.5,38,12,6,31,32.631578947368425,13,13.684210526315791,73.9,0.0,6,3.0,3.0,19.0,,,,,95,0.4,0.2,0.031578947368421054,,,,,,,,,,,,111,-0.4814082288761541,572.435986995697,88,13.0,4.0,664.0,94,19.0,,,,,,3.0,1.0,1.0,2.4694517325842753,0.6842105263157895,7.389473684210526,6.989473684210527,0.05263157894736842,0.010526315789473684,5.0,-0.004337011070956343,6.504954397678375,0.11711711711711711,0.036036036036036036,0.2882882882882883,5.0,0.8231505775280917,10.2,0.18791451731761236,23.75,175.5,1.25,0.25,2.25,10.5,0.25,13.57,27.75,1.25,2.55,3.25,1.0,0.25
00-0034177,2021,Tim Boyle,QB,DET,4,94,61,526,3,6,0,593,265,-3.8455106693562593,-3.85931550311728,2,13,0,1.87784462841228,24.34,2.3,15,5,10,15,15.957446808510639,20,21.27659574468085,68.1,3.2,0,1.0,4.0,24.0,,,,,94,0.1595744680851064,0.2553191489361702,0.0425531914893617,,,,,,,,,,,,95,-3.0206660409439827,-324.91303384304047,93,0.0,1.0,593.0,94,9.0,,,,,,,,,,0.648936170212766,5.595744680851064,6.308510638297872,0.031914893617021274,0.06382978723404255,0.5,-0.031796484641515604,-3.4936885359466716,0.0,0.010526315789473684,0.09473684210526316,1.0,,1.3,0.05341002465078061,23.5,131.5,0.75,1.5,0.5,3.25,0.0,6.085,23.75,0.25,0.325,0.0,0.25,
00-0026300,2021,Josh Johnson,QB,NYJ,4,85,57,638,5,2,3,620,283,27.38747693340361,-6.58732486315363,9,28,0,-3.085348045307674,46.32,,8,6,8,17,20.0,16,18.823529411764707,74.4,3.7,3,1.0,8.0,10.0,,,,,85,0.09411764705882353,0.11764705882352941,0.09411764705882353,,,,,,,,,,,,92,29.438313058384885,53.12936007976532,82,3.0,4.0,620.0,85,11.0,,,,,,3.0,0.0,2.0,-2.9114974832627922,0.6705882352941176,7.5058823529411764,7.294117647058823,0.058823529411764705,0.023529411764705882,2.5,0.3199816636780966,0.6479190253629917,0.03260869565217391,0.043478260869565216,0.15217391304347827,5.0,-0.9704991610875974,2.8000000000000003,0.06044905008635579,21.25,159.5,1.25,0.5,2.25,7.0,0.0,11.58,23.0,1.25,0.7000000000000001,0.75,1.0,0.0
00-0028986,2021,Case Keenum,QB,CLE,5,72,47,462,3,1,5,420,306,-8.27625317396733,-8.124431179638842,12,22,0,-4.510518270983814,28.68,2.3,18,6,8,19,26.38888888888889,13,18.055555555555554,75.7,4.3,2,0.0,1.0,19.0,,,,,72,0.25,0.2638888888888889,0.013888888888888888,,,,,,,,,,,,81,-4.302372118048794,-45.8204060792923,70,5.0,4.0,420.0,72,13.0,,,,,,4.0,0.0,4.0,1.1309921663196292,0.6527777777777778,6.416666666666667,5.833333333333333,0.041666666666666664,0.013888888888888888,3.0,-0.05311570516109622,-0.6545772297041756,0.06172839506172839,0.04938271604938271,0.2222222222222222,8.0,0.2827480415799073,2.2,0.07670850767085077,14.4,92.4,0.6,0.2,2.4,4.4,0.0,5.736,16.2,1.6,0.44000000000000006,1.0,0.8,0.0
00-0037012,2021,Trey Lance,QB,SF,6,71,41,603,5,2,4,658,288,10.68492744550112,5.129151315975143,38,168,1,-1.75603184085922,64.92,2.5,21,8,7,19,26.76056338028169,13,18.30985915492958,73.9,4.3,2,5.0,18.0,20.0,,,,,71,0.29577464788732394,0.28169014084507044,0.2535211267605634,,,,,,,,,,,,86,14.74268640305617,-285.9483242034912,69,4.0,11.0,658.0,71,12.0,,,,,,25.0,2.0,11.0,-6.866790798414262,0.5774647887323944,8.492957746478874,9.267605633802816,0.07042253521126761,0.028169014084507043,2.5,0.1714265860820485,-4.1441786116448,0.046511627906976744,0.12790697674418605,0.18604651162790697,27.0,-0.27467163193657046,22.8,0.3512014787430684,11.833333333333334,100.5,0.8333333333333334,0.3333333333333333,6.333333333333333,28.0,0.16666666666666666,10.82,14.333333333333334,4.5,3.8000000000000003,0.6666666666666666,1.8333333333333333,0.3333333333333333
00-0033275,2021,PJ Walker,QB,CAR,5,66,36,362,1,3,7,594,137,-14.449125904082496,-21.16033719409079,7,13,0,-5.591509621997831,13.78,2.5,15,7,9,23,34.84848484848485,20,30.303030303030305,63.1,3.1,0,1.0,2.0,6.0,,,,,66,0.22727272727272727,0.09090909090909091,0.030303030303030304,,,,,,,,,,,,74,-12.572140277822749,-598.3203649520874,65,7.0,2.0,594.0,65,17.0,,,,,,2.0,0.0,1.0,-0.7406314506661147,0.5454545454545454,5.484848484848484,9.0,0.015151515151515152,0.045454545454545456,0.3333333333333333,-0.16989378753814527,-9.204928691570576,0.0945945945945946,0.02702702702702703,0.32432432432432434,5.0,-0.37031572533305734,1.3,0.09433962264150944,13.2,72.4,0.2,0.6,1.4,2.6,0.0,2.756,14.8,1.0,0.26,1.4,0.4,0.0
00-0036264,2021,Jordan Love,QB,GB,6,62,36,411,2,3,3,494,233,-7.06991971802682,-5.805319018012394,12,27,0,1.707436201148198,21.14,2.4,29,9,7,19,30.64516129032258,15,24.193548387096776,66.7,3.3,2,0.0,2.0,10.0,,,,,62,0.46774193548387094,0.16129032258064516,0.03225806451612903,,,,,,,,,,,,70,-3.854048779166471,-330.8759242296219,60,3.0,5.0,494.0,62,10.0,,,,,,,,,,0.5806451612903226,6.629032258064516,7.967741935483871,0.03225806451612903,0.04838709677419355,0.6666666666666666,-0.05505783970237816,-5.514598737160365,0.04285714285714286,0.07142857142857142,0.18571428571428572,7.0,,2.7,0.12771996215704826,10.333333333333334,68.5,0.3333333333333333,0.5,2.0,4.5,0.0,3.5233333333333334,11.666666666666666,1.1666666666666667,0.45,0.5,0.8333333333333334,
00-0035289,2021,Gardner Minshew,QB,PHI,3,60,41,439,4,1,5,346,263,15.881597512397253,8.178848088389687,9,21,0,-1.082746757892892,33.660000000000004,2.5,19,7,5,17,28.333333333333332,7,11.666666666666666,80.4,8.9,4,1.0,6.0,15.0,,,,,60,0.31666666666666665,0.25,0.1,,,,,,,,,,,,69,16.654569193672643,180.1151543855667,57,5.0,4.0,346.0,60,9.0,66.2,66.1,3.6,77.0,9.9,3.0,0.0,1.0,1.6094499290920794,0.6833333333333333,7.316666666666666,5.766666666666667,0.06666666666666667,0.016666666666666666,4.0,0.2413705680242412,3.1599149892204688,0.07246376811594203,0.057971014492753624,0.2028985507246377,5.0,0.5364833096973598,2.1,0.062388591800356503,20.0,146.33333333333334,1.3333333333333333,0.3333333333333333,3.0,7.0,0.0,11.22,23.0,1.6666666666666667,0.7000000000000001,1.6666666666666667,1.3333333333333333,0.0
00-0036197,2021,Jake Fromm,QB,NYG,3,60,27,210,1,3,6,434,99,-35.15658075193648,-18.06244909349417,8,65,0,4.599917120358445,10.9,2.2,21,5,7,18,30.0,19,31.666666666666664,55.2,5.2,2,4.0,11.0,14.0,,,,,60,0.35,0.23333333333333334,0.18333333333333332,,,,,,,,,,,,72,-29.661908573820256,-1075.6299525499344,58,6.0,6.0,434.0,60,14.0,,,,,,2.0,0.0,1.0,-0.8947550577577204,0.45,3.5,7.233333333333333,0.016666666666666666,0.05,0.3333333333333333,-0.4119709524141702,-18.545344009481628,0.08333333333333333,0.08333333333333333,0.2777777777777778,2.0,-0.4473775288788602,6.5,0.5963302752293578,20.0,70.0,0.3333333333333333,1.0,2.6666666666666665,21.666666666666668,0.0,3.6333333333333333,24.0,0.6666666666666666,2.1666666666666665,2.0,2.0,0.0
00-0034771,2021,Mason Rudolph,QB,PIT,2,58,35,277,1,1,0,360,122,-8.75338016874487,-3.5978022582676963,5,53,0,3.055942297563887,18.38,2.0,15,0,1,1,1.7241379310344827,9,15.517241379310345,78.6,5.4,1,0.0,0.0,7.0,,,,,58,0.25862068965517243,0.1206896551724138,0.0,,,,,,,,,,,,60,-4.073478044991891,-343.6015635728836,56,0.0,3.0,360.0,57,1.0,,,,,,,,,,0.603448275862069,4.775862068965517,6.206896551724138,0.017241379310344827,0.017241379310344827,1.0,-0.06789130074986485,-6.135742206658636,0.0,0.05,0.016666666666666666,2.0,,5.300000000000001,0.28835690968443967,29.0,138.5,0.5,0.5,2.5,26.5,0.0,9.19,30.0,1.0,2.6500000000000004,0.0,1.5,
00-0033662,2021,Cooper Rush,QB,DAL,4,47,30,422,3,1,3,424,207,8.025694479129596,6.833193904409796,9,-8,0,-0.617726071272046,24.08,2.3,15,0,3,6,12.76595744680851,9,19.148936170212767,68.1,4.3,0,1.0,2.0,7.0,,,,,47,0.3191489361702128,0.14893617021276595,0.0425531914893617,,,,,,,,,,,,51,7.575269748351861,-162.90374100208282,47,3.0,1.0,424.0,47,6.0,,,,,,1.0,0.0,0.0,-0.1673013404943049,0.6382978723404256,8.97872340425532,9.02127659574468,0.06382978723404255,0.02127659574468085,3.0,0.1485347009480757,-3.466037042597507,0.058823529411764705,0.0196078431372549,0.17647058823529413,8.0,-0.1673013404943049,-0.8,-0.03322259136212625,11.75,105.5,0.75,0.25,2.25,-2.0,0.0,6.02,12.75,2.0,-0.2,0.75,0.25,0.0
00-0026158,2021,Joe Flacco,QB,NYJ,2,42,27,338,3,0,2,336,175,6.294119076454825,19.673059185345966,2,3,0,0.167107119690627,23.82,2.1,24,4,6,12,28.57142857142857,6,14.285714285714285,76.3,2.6,4,1.0,1.0,7.0,,,,,42,0.5714285714285714,0.16666666666666666,0.023809523809523808,,,,,,,,,,,,45,5.98866612941567,206.07948899269104,38,2.0,1.0,336.0,42,8.0,,,,,,1.0,0.0,1.0,0.472560066729784,0.6428571428571429,8.047619047619047,8.0,0.07142857142857142,0.0,,0.13308146954257044,5.42314444717608,0.044444444444444446,0.022222222222222223,0.2222222222222222,1.0,0.472560066729784,0.30000000000000004,0.012594458438287156,21.0,169.0,1.5,0.0,1.0,1.5,0.0,11.91,22.5,0.5,0.15000000000000002,1.0,0.5,0.0
00-0032245,2021,Sean Mannion,QB,MIN,1,36,22,189,1,0,2,233,94,-10.9115954580929,-5.38791282212033,2,14,0,2.50176163506694,12.96,2.4,6,5,2,9,25.0,7,19.444444444444446,70.6,2.9,2,1.0,1.0,1.0,,,,,36,0.16666666666666666,0.027777777777777776,0.027777777777777776,,,,,,,,,,,,39,-10.664098131165645,-183.18903595209122,34,2.0,1.0,233.0,36,4.0,,,,,,1.0,0.0,0.0,2.254264308139682,0.6111111111111112,5.25,6.472222222222222,0.027777777777777776,0.0,,-0.2734384136196319,-5.38791282212033,0.05128205128205128,0.02564102564102564,0.15384615384615385,1.0,2.254264308139682,1.4000000000000001,0.1080246913580247,36.0,189.0,1.0,0.0,2.0,14.0,0.0,12.96,39.0,1.0,1.4000000000000001,2.0,1.0,0.0
00-0029567,2021,Nick Foles,QB,CHI,1,35,24,250,1,0,4,198,165,5.53918238218337,2.47797335897173,4,8,0,-0.0154439123580232,16.8,2.7,5,4,1,9,25.71428571428571,4,11.428571428571429,85.7,2.9,0,1.0,4.0,3.0,,,,,35,0.14285714285714285,0.08571428571428572,0.11428571428571428,,,,,,,,,,,,40,5.112563555913264,86.72906756401062,35,4.0,1.0,198.0,35,9.0,,,,,,2.0,0.0,1.0,0.6572418552823365,0.6857142857142857,7.142857142857143,5.6571428571428575,0.02857142857142857,0.0,,0.12781408889783158,2.477973358971732,0.1,0.025,0.325,3.0,0.32862092764116824,0.8,0.047619047619047616,35.0,250.0,1.0,0.0,4.0,8.0,0.0,16.8,40.0,3.0,0.8,4.0,1.0,0.0
00-0032434,2021,Brandon Allen,QB,CIN,5,34,17,149,2,0,4,174,120,-11.59208546960455,-20.787320697102025,7,-1,0,-6.825553526228769,13.86,2.2,7,1,2,7,20.588235294117645,9,26.47058823529412,57.6,6.1,0,0.0,1.0,6.0,,,,,34,0.20588235294117646,0.17647058823529413,0.029411764705882353,,,,,,,,,,,,37,-10.208426215224243,-575.2391755580902,33,4.0,0.0,174.0,33,6.0,,,,,,2.0,0.0,1.0,-0.1065288315876387,0.5,4.382352941176471,5.117647058823529,0.058823529411764705,0.0,,-0.27590341122227685,-17.431490168426976,0.10810810810810811,0.0,0.2702702702702703,7.0,-0.05326441579381935,-0.1,-0.007215007215007216,6.8,29.8,0.4,0.0,1.4,-0.2,0.0,2.772,7.4,1.4,-0.02,0.8,0.0,0.0
00-0031395,2021,Garrett Gilbert,QB,WAS,1,31,20,194,0,0,2,197,97,-2.75039310650145,0.759597569704056,0,0,0,0.0,7.76,2.5,10,2,5,9,29.03225806451613,6,19.35483870967742,73.3,3.3,1,0.0,2.0,5.0,,,,,31,0.3225806451612903,0.16129032258064516,0.06451612903225806,,,,,,,,,,,,33,-2.7503931065014506,22.787927091121674,30,2.0,0.0,197.0,31,7.0,,,,,,,,,,0.6451612903225806,6.258064516129032,6.354838709677419,0.0,0.0,,-0.08334524565155911,0.7595975697040558,0.06060606060606061,0.0,0.2727272727272727,0.0,,0.0,0.0,31.0,194.0,0.0,0.0,0.0,0.0,0.0,7.76,33.0,0.0,0.0,2.0,0.0,
00-0033319,2021,Nick Mullens,QB,CLE,1,30,20,147,1,0,0,213,71,2.16466211134212,4.74357306957245,0,0,0,0.0,9.88,2.3,6,5,4,9,30.0,2,6.666666666666667,75.9,6.9,0,0.0,1.0,7.0,,,,,30,0.2,0.23333333333333334,0.03333333333333333,,,,,,,,,,,,29,2.302981056180947,137.563619017601,29,0.0,0.0,213.0,29,4.0,81.5,87.0,4.2,31.0,7.1,,,,,0.6666666666666666,4.9,7.1,0.03333333333333333,0.0,,0.07941313986830852,4.743573069572449,0.0,0.0,0.13793103448275862,0.0,,0.0,0.0,30.0,147.0,1.0,0.0,0.0,0.0,0.0,9.88,29.0,0.0,0.0,0.0,0.0,
00-0036929,2021,Ian Book,QB,NO,1,20,12,135,0,2,8,76,81,-29.7298099388718,-7.27827449639638,3,6,0,1.0195731476997,2.0,2.9,15,5,4,17,85.0,3,15.0,83.3,11.1,2,0.0,1.0,6.0,,,,,20,0.75,0.3,0.05,,,,,,,,,,,,30,-30.90607289003674,-131.0089409351349,18,8.0,2.0,76.0,20,11.0,,,,,,1.0,0.0,0.0,2.1958360988646746,0.6,6.75,3.8,0.0,0.1,0.0,-1.0302024296678913,-7.278274496396382,0.26666666666666666,0.06666666666666667,0.6333333333333333,1.0,2.1958360988646746,0.6000000000000001,0.30000000000000004,20.0,135.0,0.0,2.0,3.0,6.0,0.0,2.0,30.0,1.0,0.6000000000000001,8.0,2.0,0.0
00-0034577,2021,Kyle Allen,QB,WAS,2,19,12,120,1,0,2,135,46,0.3926021895459906,-4.8503990098834056,2,11,0,-0.235914076212794,7.8999999999999995,2.3,4,2,1,5,26.31578947368421,2,10.526315789473683,83.3,11.1,1,0.0,2.0,1.0,,,,,19,0.21052631578947367,0.05263157894736842,0.10526315789473684,,,,,,,,,,,,21,1.3396021895459853,-63.281163573265076,18,2.0,0.0,135.0,19,3.0,,,,,,2.0,1.0,1.0,-0.2359140762127936,0.631578947368421,6.315789473684211,7.105263157894737,0.05263157894736842,0.0,,0.06379058045457073,-3.5156201985147266,0.09523809523809523,0.0,0.23809523809523808,2.0,-0.1179570381063968,1.1,0.13924050632911394,9.5,60.0,0.5,0.0,1.0,5.5,0.0,3.9499999999999997,10.5,1.0,0.55,1.0,0.0,0.5
00-0026197,2021,Chad Henne,QB,KC,4,16,11,82,0,0,0,125,24,4.04798453045078,3.2737002770106,8,0,0,-1.9872949765413073,3.2800000000000002,2.2,3,1,2,3,18.75,3,18.75,80.0,6.7,1,0.0,0.0,0.0,,,,,16,0.1875,0.0,0.0,,,,,,,,,,,,17,4.173739509074949,49.105504155159,15,0.0,1.0,125.0,16,2.0,74.1,64.3,0.7,18.0,0.6,,,,,0.6875,5.125,7.8125,0.0,0.0,,0.24551408876911462,3.2737002770105996,0.0,0.058823529411764705,0.11764705882352941,7.0,,0.0,0.0,4.0,20.5,0.0,0.0,2.0,0.0,0.0,0.8200000000000001,4.25,1.75,0.0,0.0,0.25,
00-0026625,2021,Brian Hoyer,QB,NE,5,11,9,227,1,0,0,97,143,20.877134440845122,16.28043692972926,11,-8,0,-4.04850489262026,12.280000000000001,2.2,4,0,0,0,0.0,0,0.0,100.0,0.0,0,0.0,2.0,2.0,,,,,11,0.36363636363636365,0.18181818181818182,0.18181818181818182,,,,,,,,,,,,11,20.87713444084511,158.61823558807373,11,0.0,0.0,97.0,11,1.0,97.9,98.5,4.2,14.0,1.4,1.0,0.0,1.0,-1.4415099463658407,0.8181818181818182,20.636363636363637,8.818181818181818,0.09090909090909091,0.0,,1.897921312804101,14.419839598915793,0.0,0.0,0.09090909090909091,11.0,-1.4415099463658407,-0.8,-0.06514657980456026,2.2,45.4,0.2,0.0,2.2,-1.6,0.0,2.4560000000000004,2.2,2.2,-0.16,0.0,0.0,0.0
00-0027948,2021,Blaine Gabbert,QB,TB,6,11,7,67,0,0,1,90,39,0.19183512317985763,-8.09534460306168,9,-7,0,-14.470991324749779,1.98,2.0,3,1,0,2,18.181818181818183,2,18.181818181818183,63.6,0.0,0,1.0,1.0,1.0,,,,,11,0.2727272727272727,0.09090909090909091,0.09090909090909091,,,,,,,,,,,,12,0.1918351231798563,-7.829508185386658,11,1.0,0.0,90.0,11,1.0,,,,,,,,,,0.6363636363636364,6.090909090909091,8.181818181818182,0.0,0.0,,0.015986260264988023,-0.7117734713987871,0.08333333333333333,0.0,0.16666666666666666,9.0,,-0.7000000000000001,-0.3535353535353536,1.8333333333333333,11.166666666666666,0.0,0.0,1.5,-1.1666666666666667,0.0,0.33,2.0,1.5,-0.11666666666666668,0.16666666666666666,0.0,
00-0034343,2021,Josh Rosen,QB,ATL,3,11,2,19,0,2,0,121,11,-18.704876960255202,-43.843138962984106,0,0,0,0.0,-3.24,2.7,3,3,0,3,27.27272727272727,4,36.36363636363637,30.0,20.0,1,0.0,0.0,2.0,,,,,11,0.2727272727272727,0.18181818181818182,0.0,,,,,,,,,,,,11,-18.704876960255206,-432.22326189279556,10,0.0,0.0,121.0,11,0.0,,,,,,,,,,0.18181818181818182,1.7272727272727273,11.0,0.0,0.18181818181818182,0.0,-1.7004433600232005,-43.222326189279556,0.0,0.0,0.0,0.0,,0.0,-0.0,3.6666666666666665,6.333333333333333,0.0,0.6666666666666666,0.0,0.0,0.0,-1.08,3.6666666666666665,0.0,0.0,0.0,0.0,
00-0035752,2021,Chris Streveler,QB,ARI,2,9,6,36,0,0,2,38,22,-4.25655591860414,-8.50146247280969,3,6,0,-5.706268456298857,2.04,2.5,0,1,0,3,33.33333333333333,2,22.22222222222222,66.7,0.0,0,0.0,0.0,1.0,,,,,9,0.0,0.1111111111111111,0.0,,,,,,,,,,,,12,-5.250195359112695,-76.51316225528717,9,2.0,1.0,38.0,9,2.0,,,,,,1.0,0.0,0.0,-0.5836918661370873,0.6666666666666666,4.0,4.222222222222222,0.0,0.0,,-0.4375162799260579,-8.501462472809685,0.16666666666666666,0.08333333333333333,0.3333333333333333,2.0,-0.5836918661370873,0.6000000000000001,0.2941176470588236,4.5,18.0,0.0,0.0,1.5,3.0,0.0,1.02,6.0,1.0,0.30000000000000004,1.0,0.5,0.0
00-0033869,2021,Mitchell Trubisky,QB,BUF,5,8,6,43,0,1,0,41,17,-1.6611338711809338,16.476852297782898,13,24,1,-3.854454073036326,8.120000000000001,2.2,1,0,0,0,0.0,1,12.5,87.5,12.5,0,0.0,1.0,3.0,,,,,8,0.125,0.375,0.125,,,,,,,,,,,,9,0.5511516515398398,12.229764461517334,8,0.0,1.0,41.0,8,0.0,77.7,81.6,1.3,12.0,0.6,2.0,1.0,0.0,2.1468184520781506,0.75,5.375,5.125,0.0,0.125,0.0,0.06123907239331553,1.5287205576896667,0.0,0.1111111111111111,0.0,12.0,1.0734092260390753,8.4,1.0344827586206895,1.6,8.6,0.0,0.2,2.6,4.8,0.2,1.624,1.8,2.4,1.6800000000000002,0.0,0.2,0.2
00-0023682,2021,Ryan Fitzpatrick,QB,WAS,1,6,3,13,0,0,1,9,6,-4.27462314258315,-17.9195453723272,1,2,0,-1.19552433757689,0.72,1.8,0,1,2,4,66.66666666666666,1,16.666666666666664,83.3,16.7,0,0.0,0.0,2.0,,,,,6,0.0,0.3333333333333333,0.0,,,,,,,,,,,,8,-5.470147480160038,-107.51727223396301,6,1.0,1.0,9.0,6,3.0,,,,,,,,,,0.5,2.1666666666666665,1.5,0.0,0.0,,-0.6837684350200047,-17.919545372327168,0.125,0.125,0.5,0.0,,0.2,0.2777777777777778,6.0,13.0,0.0,0.0,1.0,2.0,0.0,0.72,8.0,0.0,0.2,1.0,1.0,
00-0036226,2021,Jacob Eason,QB,IND,1,5,2,25,0,1,0,63,7,-3.10254307748983,-24.6548360586166,0,0,0,0.0,-1.0,3.3,0,0,1,1,20.0,1,20.0,80.0,20.0,0,0.0,0.0,0.0,,,,,5,0.0,0.0,0.0,,,,,,,,,,,,5,-3.102543077489827,-123.27418029308319,5,0.0,0.0,63.0,5,1.0,,,,,,,,,,0.4,5.0,12.6,0.0,0.2,0.0,-0.6205086154979653,-24.654836058616638,0.0,0.0,0.2,0.0,,0.0,-0.0,5.0,25.0,0.0,1.0,0.0,0.0,0.0,-1.0,5.0,0.0,0.0,0.0,0.0,
00-0034899,2021,John Wolford,QB,LA,2,4,1,5,0,1,1,19,7,-6.360478993272411,-53.38567048311235,2,-1,0,-1.03255195403472,-1.9000000000000001,2.2,0,0,0,1,25.0,1,25.0,50.0,0.0,0,0.0,1.0,0.0,,,,,4,0.0,0.0,0.25,,,,,,,,,,,,5,-6.360478993272409,-213.54268193244934,4,1.0,0.0,19.0,4,1.0,,,,,,1.0,0.0,1.0,-1.032551954034716,0.25,1.25,4.75,0.0,0.25,0.0,-1.2720957986544819,-53.385670483112335,0.2,0.0,0.4,2.0,-1.032551954034716,-0.1,0.05263157894736842,2.0,2.5,0.0,0.5,1.0,-0.5,0.0,-0.9500000000000001,2.5,1.0,-0.05,0.5,0.0,0.0
00-0036946,2021,Kellen Mond,QB,MIN,1,3,2,5,0,0,0,0,9,-1.75755254249088,-6.2244713306427,0,0,0,0.0,0.2,1.8,2,0,1,1,33.33333333333333,1,33.33333333333333,66.7,0.0,0,0.0,0.0,1.0,,,,,3,0.6666666666666666,0.3333333333333333,0.0,,,,,,,,,,,,3,-1.7575525424908847,-18.6734139919281,3,0.0,0.0,0.0,3,1.0,,,,,,,,,,0.6666666666666666,1.6666666666666667,0.0,0.0,0.0,,-0.5858508474969616,-6.2244713306427,0.0,0.0,0.3333333333333333,0.0,,0.0,0.0,3.0,5.0,0.0,0.0,0.0,0.0,0.0,0.2,3.0,0.0,0.0,0.0,0.0,
00-0032268,2021,Marcus Mariota,QB,LV,7,2,1,4,0,0,0,31,8,-0.720428425469436,-10.4416310787201,13,87,1,7.243320881563713,14.86,2.4,0,0,0,0,0.0,0,0.0,50.0,0.0,0,0.0,9.0,0.0,,,,,2,0.0,0.0,4.5,,,,,,,,,,,,2,-0.7204284254694358,-20.883262157440186,2,0.0,0.0,31.0,2,0.0,,,,,,13.0,2.0,2.0,7.2433208815637045,0.5,2.0,15.5,0.0,0.0,,-0.3602142127347179,-10.441631078720093,0.0,0.0,0.0,13.0,0.5571785293510542,14.700000000000001,0.9892328398384928,0.2857142857142857,0.5714285714285714,0.0,0.0,1.8571428571428572,12.428571428571429,0.14285714285714285,2.1228571428571428,0.2857142857142857,1.8571428571428572,2.1,0.0,0.0,0.2857142857142857
00-0033936,2021,C.J. Beathard,QB,JAX,2,2,2,33,0,0,0,27,6,1.82905436865985,39.2721608281136,1,2,0,-0.550411908421665,1.52,2.2,1,1,0,1,50.0,0,0.0,100.0,0.0,0,0.0,0.0,0.0,,,,,2,0.5,0.0,0.0,,,,,,,,,,,,2,1.829054368659854,78.54432165622711,2,0.0,0.0,27.0,2,0.0,92.3,88.5,0.6,4.0,0.8,1.0,0.0,0.0,-0.5504119084216654,1.0,16.5,13.5,0.0,0.0,,0.914527184329927,39.272160828113556,0.0,0.0,0.0,1.0,-0.5504119084216654,0.2,0.13157894736842105,1.0,16.5,0.0,0.0,0.5,1.0,0.0,0.76,1.0,0.5,0.1,0.0,0.0,0.0
00-0034955,2021,Brett Rypien,QB,DEN,1,2,0,0,0,0,0,11,0,-2.05911778751761,-54.7191679477692,0,0,0,0.0,0.0,2.5,1,0,0,0,0.0,1,50.0,0.0,0.0,1,0.0,0.0,0.0,,,,,2,0.5,0.0,0.0,,,,,,,,,,,,2,-2.059117787517607,-54.719167947769165,1,0.0,0.0,11.0,2,0.0,,,,,,,,,,0.0,0.0,5.5,0.0,0.0,,-1.0295588937588036,-54.719167947769165,0.0,0.0,0.0,0.0,,0.0,,2.0,0.0,0.0,0.0,0.0,0.0,0.0,0.0,2.0,0.0,0.0,0.0,0.0,
00-0019596,2022,Tom Brady,QB,TB,17,733,490,4694,25,9,22,5027,2292,60.2242697716568,0.9978568303991276,29,-1,1,-20.46932075209593,271.66,2.2,130,23,55,100,13.642564802182811,116,15.82537517053206,77.1,4.5,22,11.0,23.0,123.0,,,,,733,0.17735334242837653,0.16780354706684858,0.03137789904502047,2.44889589041096,4.60665306122449,6.98778248587571,-2.38112942465122,14.8703956343793,-1.46984463276836,68.0558863849383,-1.20731885424252,20.1108684436317,59.5078356185133,90.7258981355162,756,57.47306582937786,360.282002389431,707,22.0,4.0,5027.0,730,76.0,54.6,54.6,10.7,823.0,77.0,6.0,1.0,2.0,5.16100494141574,0.6684856753069577,6.403819918144611,6.8581173260572985,0.034106412005457026,0.01227830832196453,2.7777777777777777,0.07602257384838342,0.5095926483584597,0.0291005291005291,0.005291005291005291,0.12962962962962962,25.0,0.8601674902359567,5.9,0.021718324376058307,43.11764705882353,276.11764705882354,1.4705882352941178,0.5294117647058824,1.7058823529411764,-0.058823529411764705,0.058823529411764705,15.980000000000002,44.470588235294116,1.4705882352941178,0.3470588235294118,1.2941176470588236,0.23529411764705882,0.058823529411764705
00-0036355,2022,Justin Herbert,QB,LAC,17,699,477,4739,25,10,38,4504,2489,24.511502653806424,1.8760739369017931,54,147,0,10.190712695417472,281.26,2.5,182,50,72,160,22.889842632331902,87,12.446351931330472,75.6,5.8,25,23.0,41.0,188.0,,,,,699,0.2603719599427754,0.26895565092989987,0.058655221745350504,2.86235581061693,4.52918238993711,6.66405325443787,-2.13487086450076,14.5922746781116,-1.92618343195266,66.3319870752305,1.90835627240897,20.3577444249302,60.9119306868531,93.1598712446352,757,35.50176406383462,888.324536383152,675,38.0,22.0,4504.0,697,107.0,60.2,61.7,27.3,812.0,95.2,13.0,1.0,8.0,7.216678378987126,0.6824034334763949,6.779685264663805,6.443490701001431,0.0357653791130186,0.01430615164520744,2.5,0.0468979710222386,1.3160363501972623,0.05019815059445178,0.02906208718626156,0.19154557463672392,32.0,0.5551291060759328,14.700000000000001,0.052264808362369346,41.11764705882353,278.7647058823529,1.4705882352941178,0.5882352941176471,3.176470588235294,8.647058823529411,0.0,16.54470588235294,44.529411764705884,1.8823529411764706,0.8647058823529412,2.235294117647059,1.2941176470588236,0.058823529411764705
00-0033873,2022,Patrick Mahomes,QB,KC,17,648,435,5250,41,12,26,4715,2830,193.13120477679914,3.5812865645033933,61,358,4,24.30949298417018,417.4,2.6,160,58,56,140,21.604938271604937,95,14.660493827160495,77.1,5.4,33,8.0,91.0,143.0,,,,,648,0.24691358024691357,0.22067901234567902,0.1404320987654321,2.89268055555556,5.44742528735632,7.45875613747954,-2.01133085012322,10.1851851851852,-0.847299509001637,67.8139835941019,-0.684353964472251,19.7533960358633,57.6338685149626,105.156893004115,720,227.46717123522106,2182.5947150588036,611,26.0,46.0,4715.0,648,86.0,79.0,79.0,71.4,763.0,132.8,3.0,0.0,0.0,1.7922647992381826,0.6712962962962963,8.101851851851851,7.276234567901234,0.06327160493827161,0.018518518518518517,3.4166666666666665,0.3159266267155848,3.5721681097525426,0.03611111111111111,0.06388888888888888,0.15555555555555556,15.0,0.5974215997460609,59.800000000000004,0.1432678485864878,38.11764705882353,308.8235294117647,2.411764705882353,0.7058823529411765,3.588235294117647,21.058823529411764,0.23529411764705882,24.552941176470586,42.35294117647059,0.8823529411764706,3.51764705882353,1.5294117647058822,2.7058823529411766,0.0
00-0029604,2022,Kirk Cousins,QB,MIN,17,643,424,4547,29,14,46,4821,1967,20.676406551715743,1.953585309402169,31,97,2,1.2276068408497776,291.58,2.5,159,36,84,166,25.816485225505442,93,14.463452566096425,76.5,4.1,27,14.0,20.0,191.0,,,,,643,0.24727838258164853,0.29704510108864696,0.03110419906687403,2.8307953125,6.07216981132076,7.68263071895425,-1.61046090763349,14.7744945567652,-0.982401960784314,63.4066399453356,2.53426207643738,21.412405945388,58.5566025312262,92.4604717470192,698,26.672151456930656,796.0092514753342,612,46.0,12.0,4821.0,640,129.0,52.3,54.1,9.1,771.0,71.5,7.0,3.0,5.0,-2.3492332456410705,0.6594090202177294,7.07153965785381,7.497667185069984,0.04510108864696734,0.02177293934681182,2.0714285714285716,0.03821225137096083,1.3006687115610036,0.0659025787965616,0.017191977077363897,0.2507163323782235,19.0,-0.3356047493772958,21.700000000000003,0.07442211399958847,37.8235294117647,267.47058823529414,1.7058823529411764,0.8235294117647058,1.8235294117647058,5.705882352941177,0.11764705882352941,17.151764705882353,41.05882352941177,1.1176470588235294,1.2764705882352942,2.7058823529411766,0.7058823529411765,0.17647058823529413
00-0036442,2022,Joe Burrow,QB,CIN,16,606,414,4475,35,12,41,4142,2135,89.21103731591248,2.5623969531808237,75,257,5,2.7372100922511784,350.7,2.2,110,22,48,111,18.316831683168317,76,12.541254125412541,79.1,5.8,17,24.0,65.0,95.0,,,,,606,0.18151815181518152,0.15676567656765678,0.10726072607260725,2.54951900826446,5.62297101449275,7.19066101694915,-1.5676900024564,15.6765676567657,-1.4161186440678,65.4729277024617,2.84390398070659,20.5093159138784,56.9086724498121,100.783828382838,673,106.75523387673961,1610.6688275933266,590,41.0,27.0,4142.0,605,83.0,60.8,59.0,19.3,750.0,79.6,26.0,7.0,9.0,3.2619808690506034,0.6831683168316832,7.384488448844884,6.8349834983498345,0.057755775577557754,0.019801980198019802,2.9166666666666665,0.15862590472026689,2.729947165412418,0.06092124814264487,0.04011887072808321,0.18424962852897475,48.0,0.12546080265579243,55.7,0.15882520672939837,37.875,279.6875,2.1875,0.75,4.6875,16.0625,0.3125,21.91875,42.0625,3.0,3.48125,2.5625,1.6875,0.4375
00-0033106,2022,Jared Goff,QB,DET,17,587,382,4438,29,7,23,4129,2285,102.0176757174493,-1.4997325525802845,29,73,0,-16.0403180844877,284.32,2.4,186,43,53,119,20.272572402044293,94,16.013628620102217,76.2,6.1,27,11.0,20.0,154.0,,,,,587,0.31686541737649065,0.262350936967632,0.034071550255536626,2.75194880546075,5.6401832460733,7.1779537366548,-1.53777049058151,12.7768313458262,-1.34161921708185,67.1359864312654,-2.05932544319046,20.190751190883,58.1886930597346,99.315019875071,623,104.98656109183557,-834.5289081335068,562,22.0,15.0,4129.0,586,76.0,63.3,64.8,28.8,668.0,78.5,2.0,0.0,2.0,1.0289260988356546,0.6507666098807495,7.560477001703577,7.034071550255536,0.049403747870528106,0.01192504258943782,4.142857142857143,0.1685177545615338,-1.484926882799834,0.03531300160513644,0.024077046548956663,0.15730337078651685,14.0,0.5144630494178273,7.300000000000001,0.02567529544175577,34.529411764705884,261.05882352941177,1.7058823529411764,0.4117647058823529,1.7058823529411764,4.294117647058823,0.0,16.72470588235294,36.64705882352941,0.8235294117647058,0.4294117647058824,1.2941176470588236,0.8823529411764706,0.0
00-0036971,2022,Trevor Lawrence,QB,JAX,17,584,387,4113,25,8,27,4294,2017,83.84365791030139,1.785433229908482,62,291,5,-5.219470042232725,295.62,2.2,158,45,39,111,19.006849315068493,85,14.554794520547945,76.1,7.1,16,17.0,64.0,140.0,,,,,584,0.2705479452054795,0.23972602739726026,0.1095890410958904,2.58761512027491,5.11488372093023,7.45470692717584,-2.33982320624561,10.6164383561644,-1.42806394316163,66.910222410352,-0.643099122680724,20.6218231762193,57.0448122093499,95.2126141552512,633,92.482186571074,801.9488841295242,562,27.0,24.0,4295.0,582,61.0,56.1,55.8,11.7,711.0,69.6,27.0,6.0,11.0,4.674342873564456,0.6626712328767124,7.042808219178082,7.352739726027397,0.04280821917808219,0.0136986301369863,3.125,0.14610140058621485,1.426955309839011,0.04265402843601896,0.037914691943127965,0.13902053712480253,38.0,0.1731238101320169,59.1,0.1999188146945403,34.35294117647059,241.94117647058823,1.4705882352941178,0.47058823529411764,3.6470588235294117,17.11764705882353,0.29411764705882354,17.389411764705883,37.23529411764706,2.235294117647059,3.476470588235294,1.588235294117647,1.411764705882353,0.35294117647058826
00-0030565,2022,Geno Smith,QB,SEA,17,572,399,4282,30,11,46,4311,1780,26.879135374029346,5.749226487547687,68,366,1,1.3382587222828568,303.88,2.4,170,37,64,147,25.699300699300696,65,11.363636363636363,78.8,3.3,20,11.0,37.0,135.0,,,,,572,0.2972027972027972,0.23601398601398602,0.06468531468531469,2.81139229422067,6.31907268170426,7.96905797101449,-1.64998528931023,13.1118881118881,-1.15594202898551,65.0003494180322,4.75489533721255,21.8231157777269,59.9681924023061,100.874125874126,650,51.289564626210385,3103.43137383461,552,46.0,33.0,4311.0,570,108.0,62.8,64.5,30.5,725.0,89.7,21.0,0.0,8.0,-3.7674376435073604,0.6975524475524476,7.486013986013986,7.536713286713287,0.05244755244755245,0.019230769230769232,2.727272727272727,0.07890702250186213,5.622158285932264,0.07076923076923076,0.05076923076923077,0.23692307692307693,35.0,-0.17940179254796954,42.6,0.14018691588785048,33.64705882352941,251.88235294117646,1.7647058823529411,0.6470588235294118,4.0,21.529411764705884,0.058823529411764705,17.87529411764706,38.23529411764706,2.0588235294117645,2.5058823529411764,2.7058823529411766,1.9411764705882353,0.0
00-0034857,2022,Josh Allen,QB,BUF,16,567,359,4283,35,14,33,5229,1588,101.72242584986509,0.562373034721826,124,762,7,40.40278244318232,395.52,2.5,144,41,40,114,20.105820105820104,91,16.049382716049383,73.7,6.8,18,14.0,69.0,145.0,,,,,567,0.25396825396825395,0.25573192239858905,0.12169312169312169,2.87119081272085,7.4375208913649,9.40659926470588,-1.96907837334098,12.3456790123457,0.691525735294118,64.6861660742649,-1.37046942523494,22.457279702757,69.3184513675832,96.6086125808348,650,153.03467950990938,545.4180181026459,544,33.0,51.0,5229.0,566,75.0,73.4,75.7,60.0,746.0,120.1,51.0,6.0,15.0,18.465957367930873,0.6331569664902998,7.553791887125221,9.222222222222221,0.06172839506172839,0.024691358024691357,2.5,0.23543796847678367,1.0026066509239815,0.05076923076923077,0.07846153846153846,0.16615384615384615,73.0,0.362077595449625,118.2,0.2988470873786408,35.4375,267.6875,2.1875,0.875,7.75,47.625,0.4375,24.72,40.625,4.5625,7.3875,2.0625,3.1875,0.375
00-0023459,2022,Aaron Rodgers,QB,GB,17,542,350,3695,26,12,32,4327,1893,-5.150945535983246,1.0704132273034588,34,94,1,-7.814973868954603,239.2,2.4,136,37,39,108,19.92619926199262,76,14.022140221402212,80.6,7.8,25,8.0,62.0,136.0,,,,,542,0.25092250922509224,0.25092250922509224,0.11439114391143912,2.69663148148148,4.93317142857143,8.00688461538462,-3.07371318681319,15.1291512915129,-0.496961538461539,66.2112283283274,-1.63558257186985,21.5556142688854,63.449776201339,91.0670356703567,585,8.060434062208014,284.46139693260193,520,32.0,13.0,4327.0,540,70.0,41.3,44.0,-10.6,624.0,42.6,4.0,0.0,2.0,2.8276900157216005,0.6457564575645757,6.817343173431734,7.983394833948339,0.04797047970479705,0.02214022140221402,2.1666666666666665,0.013778519764458144,0.5470411479473114,0.0547008547008547,0.022222222222222223,0.17435897435897435,21.0,0.7069225039304001,15.4,0.06438127090301003,31.88235294117647,217.35294117647058,1.5294117647058822,0.7058823529411765,2.0,5.529411764705882,0.058823529411764705,14.070588235294117,34.411764705882355,1.2352941176470589,0.9058823529411765,1.8823529411764706,0.7647058823529411,0.0
00-0031280,2022,Derek Carr,QB,LV,15,502,305,3522,24,14,27,4602,1509,26.454583846643807,-2.9996894746850855,24,102,0,1.731023923435711,219.08,2.6,119,33,40,100,19.9203187250996,95,18.92430278884462,71.8,5.3,27,11.0,17.0,108.0,,,,,502,0.23705179282868527,0.2151394422310757,0.03386454183266932,2.92673505976096,6.42072131147541,9.28493723849372,-2.86421592701832,18.9243027888446,-0.215062761506276,61.5579413569187,-0.800969245364932,21.8623678752987,59.803093565467,86.2632802124834,543,33.224279057306916,-1372.1692636609077,478,27.0,14.0,4602.0,502,70.0,57.6,56.7,11.2,591.0,62.3,4.0,0.0,2.0,2.751667086384259,0.6075697211155379,7.01593625498008,9.167330677290837,0.04780876494023904,0.027888446215139442,1.7142857142857142,0.06118651760093355,-2.8706469951065015,0.049723756906077346,0.02578268876611418,0.17863720073664824,10.0,0.6879167715960648,10.200000000000001,0.04655833485484755,33.46666666666667,234.8,1.6,0.9333333333333333,1.6,6.8,0.0,14.605333333333334,36.2,0.6666666666666666,0.68,1.8,0.9333333333333333,0.0
00-0029263,2022,Russell Wilson,QB,DEN,15,483,292,3524,16,11,55,4264,1720,-56.944009727900436,-0.6311413108647614,55,277,3,15.226056107818454,225.76,2.5,138,42,65,162,33.54037267080746,70,14.492753623188406,73.3,6.7,32,19.0,29.0,112.0,,,,,483,0.2857142857142857,0.2318840579710145,0.060041407867494824,2.97994813278008,5.96551369863014,8.75209251101322,-2.78657881238308,14.9068322981366,-0.76773127753304,64.6997692248559,-4.24428268241278,21.3410789789829,63.3653888175556,84.4159765355418,565,-41.626520419344146,-531.383590400219,454,55.0,28.0,4264.0,482,119.0,38.7,40.0,-18.5,642.0,37.3,18.0,1.0,5.0,8.331907075335039,0.6045548654244306,7.296066252587992,8.82815734989648,0.033126293995859216,0.022774327122153208,1.4545454545454546,-0.07367525737937017,-1.1704484370048875,0.09734513274336283,0.049557522123893805,0.30796460176991153,27.0,0.46288372640750214,45.7,0.2024273564847626,32.2,234.93333333333334,1.0666666666666667,0.7333333333333333,3.6666666666666665,18.466666666666665,0.2,15.050666666666666,37.666666666666664,1.8,3.046666666666667,3.6666666666666665,1.8666666666666667,0.06666666666666667
00-0036898,2022,Davis Mills,QB,HOU,15,479,292,3118,17,15,31,3734,1524,-74.22938193844656,-3.1627821645198972,32,108,2,2.1491521729541163,181.52,2.3,127,34,59,124,25.887265135699373,108,22.546972860125262,70.6,3.9,12,13.0,21.0,117.0,,,,,479,0.2651356993736952,0.24425887265135698,0.04384133611691023,2.78292050209205,5.35496575342466,7.87674568965517,-2.52177993623051,15.2400835073069,-1.18575431034483,63.6224358993931,-2.66210187016549,21.610132694742,69.0505213593641,78.7882741823243,526,-70.32367440536191,-1748.680455982685,463,31.0,17.0,3734.0,478,94.0,35.0,36.0,-23.3,573.0,24.8,6.0,1.0,1.0,-1.2164211507188156,0.6096033402922756,6.509394572025053,7.7954070981210855,0.03549060542797495,0.031315240083507306,1.1333333333333333,-0.13369519848928121,-3.776847637111631,0.058935361216730035,0.03231939163498099,0.2376425855513308,15.0,-0.20273685845313594,22.8,0.125605993829881,31.933333333333334,207.86666666666667,1.1333333333333333,1.0,2.1333333333333333,7.2,0.13333333333333333,12.101333333333335,35.06666666666667,1.0,1.52,2.066666666666667,1.1333333333333333,0.06666666666666667
00-0035710,2022,Daniel Jones,QB,NYG,16,472,317,3205,15,5,44,3031,1596,21.108247770812383,2.8688278468129944,120,708,7,39.27639706202614,289.0,2.5,137,46,53,143,30.29661016949153,54,11.440677966101696,81.0,6.5,24,11.0,49.0,141.0,,,,,472,0.2902542372881356,0.298728813559322,0.1038135593220339,2.89932976445396,4.85239747634069,6.33318284424379,-1.4807853679031,13.771186440678,-2.81580135440181,65.2098832312592,1.9511337178933,18.4860355325781,56.1503561876503,92.5229519774011,565,49.85136940052994,1032.223454117775,443,44.0,54.0,3032.0,467,101.0,62.9,64.2,27.5,665.0,81.1,53.0,6.0,13.0,17.528226879364958,0.6716101694915254,6.790254237288136,6.421610169491525,0.03177966101694915,0.01059322033898305,3.0,0.08823251221332733,2.3300755171958802,0.07787610619469026,0.09557522123893805,0.25663716814159293,66.0,0.33072126187481055,112.8,0.3903114186851211,29.5,200.3125,0.9375,0.3125,7.5,44.25,0.4375,18.0625,35.3125,4.125,7.05,2.75,3.375,0.375
00-0026143,2022,Matt Ryan,QB,IND,12,461,309,3057,14,13,38,2772,1405,-28.548005779762143,-0.408393697803546,27,70,1,-11.03530025352397,155.28,2.3,145,33,51,122,26.46420824295011,60,13.015184381778742,76.7,4.3,17,12.0,33.0,80.0,,,,,461,0.31453362255965295,0.1735357917570499,0.07158351409978309,2.68648043478261,5.22203883495146,6.38867881548975,-1.16663998053829,16.0520607375271,-2.59765375854214,65.5175950087268,1.51060455743378,18.8473184432709,51.8797889355768,83.9434201012292,508,-22.18995677269996,-43.309783935546875,439,38.0,10.0,2772.0,460,90.0,44.9,44.9,-8.0,554.0,39.0,8.0,1.0,1.0,0.956913931760937,0.6702819956616052,6.631236442516269,6.0130151843817785,0.03036876355748373,0.028199566160520606,1.0769230769230769,-0.04368101726909441,-0.09865554427231635,0.07480314960629922,0.01968503937007874,0.25196850393700787,17.0,0.11961424147011712,13.0,0.08371973209685729,38.416666666666664,254.75,1.1666666666666667,1.0833333333333333,2.25,5.833333333333333,0.08333333333333333,12.94,42.333333333333336,1.4166666666666667,1.0833333333333333,3.1666666666666665,0.8333333333333334,0.08333333333333333
00-0036389,2022,Jalen Hurts,QB,PHI,15,460,306,3701,22,6,38,3725,1782,71.27008704825755,2.511063861828247,165,760,13,49.74334291421792,378.04,2.3,172,39,22,99,21.521739130434785,62,13.478260869565217,77.8,5.0,23,13.0,148.0,133.0,,,,,460,0.3739130434782609,0.2891304347826087,0.3217391304347826,2.75512608695652,6.12150326797386,8.31138248847926,-2.18987922050541,14.7826086956522,-0.845299539170507,64.1297383695517,2.39200076088309,21.9069998913159,59.8510451036571,101.548913043478,541,103.23374835140818,1182.0199847221375,435,38.0,43.0,3725.0,460,55.0,68.3,70.8,42.8,683.0,95.7,97.0,17.0,29.0,45.1105745100678,0.6652173913043479,8.045652173913043,8.097826086956522,0.04782608695652174,0.013043478260869565,3.6666666666666665,0.19082023724844396,2.717287321200316,0.07024029574861368,0.07948243992606285,0.17190388170055454,122.0,0.4650574691759567,154.0,0.4073643000740662,30.666666666666668,246.73333333333332,1.4666666666666666,0.4,11.0,50.666666666666664,0.8666666666666667,25.20266666666667,36.06666666666667,8.133333333333333,10.266666666666667,2.533333333333333,2.8666666666666667,1.1333333333333333
00-0036972,2022,Mac Jones,QB,NE,14,442,288,2997,14,11,34,3459,1431,-30.194190213467962,-1.4215249240722634,47,102,1,-4.2705419037543155,170.08,2.2,94,34,27,95,21.49321266968326,57,12.895927601809957,75.0,6.6,16,8.0,21.0,80.0,,,,,442,0.21266968325791855,0.18099547511312217,0.04751131221719457,2.69395227272727,5.18538194444444,7.7911320754717,-2.60575013102725,13.8009049773756,-1.30792452830189,66.9645442093074,-1.80617316858344,21.6173582827297,55.8698818684987,84.8227752639517,494,-20.08307166678554,-186.98886632919312,424,34.0,20.0,3459.0,440,58.0,38.4,37.9,-18.8,538.0,27.9,9.0,0.0,5.0,0.5217115497506963,0.6515837104072398,6.780542986425339,7.82579185520362,0.03167420814479638,0.024886877828054297,1.2727272727272727,-0.04065399122831081,-0.4410114771914932,0.06882591093117409,0.04048582995951417,0.1862348178137652,27.0,0.05796794997229959,16.200000000000003,0.09524929444967076,31.571428571428573,214.07142857142858,1.0,0.7857142857142857,3.357142857142857,7.285714285714286,0.07142857142857142,12.14857142857143,35.285714285714285,1.9285714285714286,1.1571428571428573,2.4285714285714284,1.4285714285714286,0.0
00-0036212,2022,Tua Tagovailoa,QB,MIA,13,400,259,3548,25,8,21,3833,1274,96.42123342997454,0.7462625472903206,24,70,0,-9.16448224091437,230.92,2.3,86,40,25,86,21.5,61,15.25,76.7,6.7,13,6.0,74.0,159.0,,,,,400,0.215,0.3975,0.185,2.59834837092732,8.54262548262548,9.60736434108527,-1.06473885845979,14.5,0.692635658914729,65.9965262310579,-1.24652623105794,21.9792412224599,56.0786340775166,105.5,430,100.72604091078787,554.404678940773,387,21.0,10.0,3833.0,399,42.0,70.6,70.1,27.5,456.0,63.5,2.0,0.0,0.0,0.8790565475355834,0.6475,8.87,9.5825,0.0625,0.02,3.125,0.2342466067692741,1.432570229821119,0.04883720930232558,0.023255813953488372,0.14651162790697675,14.0,0.4395282737677917,7.0,0.030313528494716788,30.76923076923077,272.9230769230769,1.9230769230769231,0.6153846153846154,1.8461538461538463,5.384615384615385,0.0,17.763076923076923,33.07692307692308,1.0769230769230769,0.5384615384615384,1.6153846153846154,0.7692307692307693,0.0
00-0033077,2022,Dak Prescott,QB,DAL,12,394,261,2860,23,15,20,3223,1212,42.084686123318,0.966722381176727,45,182,1,5.523948678805015,198.6,2.5,102,29,37,86,21.82741116751269,67,17.00507614213198,76.3,6.2,6,4.0,46.0,94.0,,,,,394,0.25888324873096447,0.23857868020304568,0.116751269035533,2.72125888324873,6.18934865900383,8.3319587628866,-2.14261010388277,19.7969543147208,-0.397422680412371,64.6320709079353,1.61158391439976,20.661930764332,62.1415295917312,91.1273265651438,429,39.268867352121894,7.9331085085868835,388,20.0,15.0,3223.0,394,55.0,59.9,62.0,16.7,480.0,56.6,20.0,0.0,9.0,15.700904387747869,0.6624365482233503,7.258883248730965,8.180203045685278,0.0583756345177665,0.03807106598984772,1.5333333333333334,0.09153582133361747,0.020446155949966193,0.046620046620046623,0.03496503496503497,0.17482517482517482,30.0,0.7850452193873935,24.2,0.12185297079556898,32.833333333333336,238.33333333333334,1.9166666666666667,1.25,3.75,15.166666666666666,0.08333333333333333,16.55,35.75,2.5,2.0166666666666666,1.6666666666666667,1.25,0.0
00-0035228,2022,Kyler Murray,QB,ARI,11,390,259,2368,14,7,25,2678,1254,-17.928843285701475,1.1676782325791089,67,418,3,12.53674734706457,200.51999999999998,2.2,89,42,15,82,21.025641025641026,44,11.282051282051283,77.9,5.9,16,9.0,50.0,61.0,,,,,390,0.2282051282051282,0.1564102564102564,0.1282051282051282,2.65326873385013,4.05984555984556,6.67454301075269,-2.61469745090713,12.8205128205128,-2.11846774193548,67.5525995382132,-1.14234312795675,19.8781061940636,55.3618108446608,87.2115384615385,437,-2.248339622101331,-299.9426007270813,372,25.0,25.0,2678.0,387,38.0,53.6,55.3,7.7,512.0,49.0,34.0,3.0,4.0,6.576460386859253,0.6641025641025641,6.0717948717948715,6.866666666666666,0.035897435897435895,0.017948717948717947,2.0,-0.005144941927005334,-0.8062973137824766,0.057208237986270026,0.057208237986270026,0.14416475972540047,42.0,0.19342530549586037,59.800000000000004,0.2982246159984042,35.45454545454545,215.27272727272728,1.2727272727272727,0.6363636363636364,6.090909090909091,38.0,0.2727272727272727,18.229090909090907,39.72727272727273,3.8181818181818183,5.4363636363636365,2.272727272727273,2.272727272727273,0.2727272727272727
00-0038102,2022,Kenny Pickett,QB,PIT,13,389,245,2404,7,9,27,2957,1042,-8.959706766791504,-3.6830386479449513,55,237,3,9.780994230386568,149.85999999999999,2.5,95,34,32,93,23.90745501285347,67,17.223650385604113,72.1,4.3,19,8.0,34.0,65.0,,,,,389,0.2442159383033419,0.16709511568123395,0.08740359897172237,2.98180670103093,5.46497959183674,7.80508108108108,-2.34010148924435,15.4241645244216,-1.16248648648649,63.5368794590656,-0.554874317677431,21.5221886456809,67.6317854266764,76.6763067694944,443,-2.9738923607498995,301.88962668180466,369,27.0,28.0,2957.0,388,62.0,53.6,52.4,3.4,496.0,43.2,20.0,4.0,9.0,11.298316507454729,0.6298200514138818,6.179948586118252,7.6015424164524426,0.017994858611825194,0.02313624678663239,0.7777777777777778,-0.0067130753064331816,0.8181290695983866,0.060948081264108354,0.06320541760722348,0.20090293453724606,27.0,0.5649158253727364,41.7,0.27825970906179104,29.923076923076923,184.92307692307693,0.5384615384615384,0.6923076923076923,4.230769230769231,18.23076923076923,0.23076923076923078,11.527692307692307,34.07692307692308,2.076923076923077,3.207692307692308,2.076923076923077,2.1538461538461537,0.3076923076923077
00-0027973,2022,Andy Dalton,QB,NO,14,378,252,2871,18,9,25,2981,1318,19.04359704006997,0.3714147528023046,30,54,0,-8.73576250477078,174.24,2.3,99,15,21,61,16.137566137566136,45,11.904761904761903,78.0,6.9,14,10.0,9.0,61.0,,,,,378,0.2619047619047619,0.16137566137566137,0.023809523809523808,2.62310052910053,6.01892857142857,7.8339010989011,-1.81497252747253,15.0793650793651,-0.792472527472528,65.6497948078646,1.01687185880211,21.1667121121037,54.0782553342839,95.2380952380952,414,18.412129063916208,224.9517098069191,364,25.0,11.0,2981.0,378,46.0,53.1,52.1,2.7,453.0,39.7,6.0,1.0,4.0,-1.6997842710115947,0.6666666666666666,7.595238095238095,7.886243386243386,0.047619047619047616,0.023809523809523808,2.0,0.04447374170028069,0.6179992027662613,0.06038647342995169,0.026570048309178744,0.17149758454106281,19.0,-0.28329737850193243,5.4,0.030991735537190084,27.0,205.07142857142858,1.2857142857142858,0.6428571428571429,2.142857142857143,3.857142857142857,0.0,12.445714285714287,29.571428571428573,1.3571428571428572,0.38571428571428573,1.7857142857142858,0.7857142857142857,0.07142857142857142
00-0033119,2022,Jacoby Brissett,QB,CLE,14,369,236,2608,12,6,24,3221,1063,18.745632323502736,1.6345635790185327,49,243,2,19.83640926267254,168.62,2.5,101,39,39,102,27.64227642276423,48,13.008130081300814,75.7,7.1,16,5.0,11.0,76.0,,,,,369,0.27371273712737126,0.20596205962059622,0.02981029810298103,2.8896174863388,6.54309322033898,9.1334375,-2.59034427966102,15.9891598915989,0.3521875,60.6512008045565,3.30543876183914,22.1237686507122,65.1603391642493,88.8945347786811,413,37.37554782110011,1013.7616232037544,351,24.0,23.0,3220.0,366,65.0,62.0,61.4,15.3,466.0,51.5,20.0,0.0,8.0,11.568652389803901,0.6395663956639567,7.067750677506775,8.7289972899729,0.032520325203252036,0.016260162601626018,2.0,0.0904976944820826,2.8882097527172492,0.05811138014527845,0.05569007263922518,0.21549636803874092,26.0,0.5784326194901951,36.3,0.21527695409797173,26.357142857142858,186.28571428571428,0.8571428571428571,0.42857142857142855,3.5,17.357142857142858,0.14285714285714285,12.044285714285715,29.5,1.8571428571428572,2.5928571428571425,1.7142857142857142,1.6428571428571428,0.0
00-0034855,2022,Baker Mayfield,QB,CAR,12,335,201,2163,10,8,36,2276,1127,-51.28869718310755,-6.855945276905694,31,89,1,-7.133565690585924,121.42,,110,23,21,80,23.88059701492537,60,17.91044776119403,70.8,5.3,15,16.0,20.0,97.0,,,,,335,0.3283582089552239,0.28955223880597014,0.05970149253731343,2.81839221556886,4.96109452736318,6.76071428571429,-1.7996197583511,13.4328358208955,-2.39767080745342,67.2414478592908,-7.24144785929082,20.8030358919026,56.8114469099318,78.9863184079602,385,-47.03717582609187,-2258.9115649461746,322,36.0,15.0,2276.0,334,55.0,26.3,25.9,-31.0,417.0,6.0,6.0,0.0,2.0,-2.129824213741813,0.6,6.456716417910448,6.794029850746269,0.029850746268656716,0.023880597014925373,1.25,-0.12217448266517368,-7.015253307286256,0.09350649350649351,0.03896103896103896,0.23636363636363636,16.0,-0.35497070229030214,14.9,0.12271454455608631,27.916666666666668,180.25,0.8333333333333334,0.6666666666666666,2.5833333333333335,7.416666666666667,0.08333333333333333,10.118333333333334,32.083333333333336,1.3333333333333333,1.2416666666666667,3.0,1.25,0.0
00-0034796,2022,Lamar Jackson,QB,BAL,12,326,203,2242,17,7,26,2754,974,10.480335525684719,-1.4510748148342127,112,764,3,39.772101101628365,236.08,2.6,125,32,15,73,22.392638036809817,56,17.177914110429448,75.4,8.4,16,8.0,110.0,99.0,,,,,326,0.3834355828220859,0.30368098159509205,0.3374233128834356,2.99927692307692,6.08704433497537,8.79348387096774,-2.70643953599237,11.3496932515337,-0.383935483870968,64.715543696714,-2.44560504640722,22.1294842003528,63.9482618997577,91.0659509202454,377,23.60828236228196,-190.7679706811905,309,26.0,26.0,2754.0,325,36.0,61.1,58.7,11.9,478.0,53.0,72.0,2.0,20.0,33.02104987977063,0.6226993865030674,6.877300613496932,8.447852760736197,0.05214723926380368,0.02147239263803681,2.4285714285714284,0.0626214386267426,-0.617372073401911,0.06896551724137931,0.06896551724137931,0.16445623342175067,86.0,0.4586256927745921,94.4,0.39986445272788884,27.166666666666668,186.83333333333334,1.4166666666666667,0.5833333333333334,9.333333333333334,63.666666666666664,0.25,19.673333333333336,31.416666666666668,7.166666666666667,7.866666666666667,2.1666666666666665,2.1666666666666665,0.16666666666666666
00-0029701,2022,Ryan Tannehill,QB,TEN,12,325,212,2536,13,6,33,2532,1179,20.770154413364562,0.9637508210823699,34,98,2,-3.5539609027036914,161.24,2.5,105,22,35,90,27.692307692307693,38,11.692307692307692,74.1,6.3,7,11.0,28.0,84.0,,,,,325,0.3230769230769231,0.25846153846153846,0.08615384615384615,2.73427160493827,6.28245283018868,7.92299684542587,-1.64054401523719,18.1538461538462,-0.947665615141956,63.3743867599047,1.85638247086452,20.7239478877621,61.708944246357,94.5961538461538,370,28.788330332225467,170.79088985919952,317,33.0,13.0,2532.0,324,72.0,51.2,51.2,1.4,416.0,36.2,9.0,3.0,3.0,3.066597412689589,0.6523076923076923,7.803076923076923,7.7907692307692304,0.04,0.018461538461538463,2.1666666666666665,0.07780629819520396,0.5387725232151405,0.0891891891891892,0.03513513513513514,0.28378378378378377,21.0,0.3407330458543988,21.8,0.1352021830811213,27.083333333333332,211.33333333333334,1.0833333333333333,0.5,2.8333333333333335,8.166666666666666,0.16666666666666666,13.436666666666667,30.833333333333332,1.75,1.8166666666666667,2.75,1.0833333333333333,0.25
00-0036945,2022,Justin Fields,QB,CHI,15,318,192,2242,17,11,55,2889,958,-67.55924912026883,-3.2303910625427337,160,1143,8,65.18292775351819,295.98,2.7,102,33,31,119,37.42138364779874,59,18.553459119496853,71.1,5.2,13,12.0,90.0,83.0,,,,,318,0.32075471698113206,0.2610062893081761,0.2830188679245283,3.12186163522013,6.46239583333333,8.94384868421053,-2.4814528508772,9.11949685534591,-0.375230263157895,65.9249981988292,-5.54763970826313,21.951991362984,58.9740027469732,85.1808176100629,439,-13.680778483675493,-751.6399458050728,303,55.0,66.0,2889.0,318,81.0,56.3,58.5,13.4,556.0,59.2,77.0,7.0,17.0,26.362498473501056,0.6037735849056604,7.050314465408805,9.084905660377359,0.05345911949685535,0.03459119496855346,1.5454545454545454,-0.03116350451862299,-2.4806598871454546,0.1252847380410023,0.15034168564920272,0.3097949886104784,94.0,0.34237011004546825,162.3,0.5483478613419825,21.2,149.46666666666667,1.1333333333333333,0.7333333333333333,10.666666666666666,76.2,0.5333333333333333,19.732000000000003,29.266666666666666,6.266666666666667,10.82,3.6666666666666665,4.4,0.4666666666666667
00-0031345,2022,Jimmy Garoppolo,QB,SF,11,308,207,2437,16,4,18,2124,1443,75.5064205218911,-1.9660623823062027,23,33,2,-3.066392077616441,164.78,2.3,87,9,24,51,16.558441558441558,39,12.662337662337661,74.5,6.9,2,10.0,32.0,52.0,,,,,308,0.2824675324675325,0.16883116883116883,0.1038961038961039,2.65723376623377,4.66932367149758,6.83663398692811,-2.16731031543052,13.961038961039,-2.12415032679739,69.7508553575192,-2.543063149727,19.6823588775255,57.6011562383951,102.962662337662,329,75.31763696613383,-319.917494058609,306,18.0,3.0,2124.0,308,41.0,56.3,58.3,8.7,367.0,38.5,13.0,3.0,8.0,7.390337800985435,0.672077922077922,7.912337662337662,6.896103896103896,0.05194805194805195,0.012987012987012988,4.0,0.2289289877390086,-1.0454820067274804,0.0547112462006079,0.00911854103343465,0.17933130699088146,20.0,0.5684875231527258,15.3,0.09285107415948538,28.0,221.54545454545453,1.4545454545454546,0.36363636363636365,2.090909090909091,3.0,0.18181818181818182,14.98,29.90909090909091,1.8181818181818181,1.3909090909090909,1.6363636363636365,0.2727272727272727,0.2727272727272727
00-0026498,2022,Matthew Stafford,QB,LA,9,303,206,2087,10,8,29,2027,1119,-24.037346815501763,-0.1482163967580294,13,9,1,-2.502639315964193,108.38,2.3,77,23,27,79,26.072607260726073,54,17.82178217821782,75.7,3.7,6,3.0,14.0,68.0,,,,,303,0.25412541254125415,0.22442244224422442,0.0462046204620462,2.71783828382838,4.64325242718447,6.68898648648649,-2.04573405930202,13.5313531353135,-1.71641891891892,68.2287291282475,-0.241930448379463,20.6852346392864,58.6612759833947,87.4381188118812,337,-22.743423266555126,-11.466611921787262,296,29.0,5.0,2027.0,303,60.0,52.3,48.3,-1.7,362.0,27.4,1.0,0.0,0.0,-0.17790593835525215,0.6798679867986799,6.887788778877888,6.68976897689769,0.033003300330033,0.026402640264026403,1.25,-0.0674879028681161,-0.03873855378982183,0.08605341246290801,0.01483679525222552,0.26409495548961426,8.0,-0.17790593835525215,6.9,0.06366488281970845,33.666666666666664,231.88888888888889,1.1111111111111112,0.8888888888888888,1.4444444444444444,1.0,0.1111111111111111,12.042222222222222,37.44444444444444,0.8888888888888888,0.7666666666666667,3.2222222222222223,0.5555555555555556,0.0
00-0032268,2022,Marcus Mariota,QB,ATL,13,300,184,2219,15,9,28,3093,912,8.159635507238619,-0.07367827133805199,85,438,4,9.893773447169217,196.56,2.6,101,13,33,74,24.666666666666668,65,21.666666666666668,70.6,2.8,7,3.0,133.0,68.0,,,,,300,0.33666666666666667,0.22666666666666666,0.44333333333333336,2.93437162162162,6.99059782608696,10.2313448275862,-3.24074700149925,17.3333333333333,1.26237931034483,63.124842338264,-1.79150900493066,21.7487953774298,57.9940496947747,88.1805555555556,351,13.112141053251285,-187.37278580665588,290,28.0,27.0,3093.0,296,64.0,57.7,57.1,8.7,430.0,44.7,46.0,4.0,10.0,8.749559908959782,0.6133333333333333,7.3966666666666665,10.31,0.05,0.03,1.6666666666666667,0.03735652721724013,-0.64611305450571,0.07977207977207977,0.07692307692307693,0.2621082621082621,58.0,0.19020782410782133,67.80000000000001,0.344932844932845,23.076923076923077,170.69230769230768,1.1538461538461537,0.6923076923076923,6.538461538461538,33.69230769230769,0.3076923076923077,15.120000000000001,27.0,4.461538461538462,5.215384615384616,2.1538461538461537,2.076923076923077,0.3076923076923077
00-0032950,2022,Carson Wentz,QB,WAS,8,276,172,1755,11,9,26,2147,826,-39.92165213974795,-3.858302905976149,22,86,1,6.074985710269044,112.8,2.3,84,15,29,70,25.36231884057971,54,19.565217391304348,71.1,5.9,6,8.0,39.0,65.0,,,,,276,0.30434782608695654,0.23550724637681159,0.14130434782608695,2.59879347826087,5.29889534883721,7.89777777777778,-2.59888242894057,17.0289855072464,-0.931851851851851,65.7625341848673,-3.44369360515714,21.6771321115984,61.7213512489803,80.2083333333333,314,-32.429697400324976,-1012.6001849770546,270,26.0,12.0,2147.0,276,58.0,34.4,36.0,-14.3,352.0,14.1,4.0,2.0,0.0,3.374388261232525,0.6231884057971014,6.358695652173913,7.778985507246377,0.03985507246376811,0.03260869565217391,1.2222222222222223,-0.1032792910838375,-3.7503710554705725,0.08280254777070063,0.03821656050955414,0.267515923566879,10.0,0.8435970653081313,14.6,0.12943262411347517,34.5,219.375,1.375,1.125,2.75,10.75,0.125,14.1,39.25,1.25,1.825,3.25,1.5,0.25
00-0031800,2022,Taylor Heinicke,QB,WAS,9,259,161,1859,12,6,19,2146,772,-12.710993751717249,2.1100410444561004,28,96,1,-4.391686998074872,115.96,2.5,63,22,40,81,31.27413127413127,44,16.988416988416986,72.8,2.5,14,7.0,44.0,75.0,,,,,259,0.24324324324324326,0.28957528957528955,0.16988416988416988,2.94580544747082,6.7032298136646,8.97465020576132,-2.27142039209672,16.2162162162162,0.377942386831276,60.5534432283297,1.60871893383246,22.6899702297153,58.0978502184031,89.5833333333333,289,-11.74271160420282,413.4783700108528,243,19.0,13.0,2146.0,257,57.0,,,,,,9.0,2.0,3.0,-2.7256987593427766,0.6216216216216216,7.177606177606178,8.285714285714286,0.04633204633204633,0.023166023166023165,2.0,-0.04063222008374678,1.7015570782339622,0.0657439446366782,0.04498269896193772,0.2629757785467128,15.0,-0.30285541770475294,15.600000000000001,0.1345291479820628,28.77777777777778,206.55555555555554,1.3333333333333333,0.6666666666666666,3.111111111111111,10.666666666666666,0.1111111111111111,12.884444444444444,32.111111111111114,1.6666666666666667,1.7333333333333334,2.111111111111111,1.4444444444444444,0.2222222222222222
00-0037013,2022,Zach Wilson,QB,NYJ,9,242,132,1688,6,7,23,2189,810,-36.21105495186011,-6.226736718434885,28,102,1,-0.10348644226129461,98.92,2.5,94,36,15,74,30.57851239669421,56,23.140495867768596,67.1,5.0,20,5.0,35.0,54.0,,,,,242,0.3884297520661157,0.2231404958677686,0.1446280991735537,3.12694214876033,6.33469696969697,9.19518018018018,-2.86048321048321,15.702479338843,-0.246261261261261,60.7426648921033,-6.19721034664877,22.8981928702196,58.3331372377656,72.8133608815427,278,-28.859558128400195,-1227.7373418211937,221,23.0,13.0,2189.0,242,38.0,,,,,,7.0,2.0,3.0,-2.226330201199744,0.5454545454545454,6.975206611570248,9.045454545454545,0.024793388429752067,0.028925619834710745,0.8571428571428571,-0.10381136017410142,-5.555372587426215,0.08273381294964029,0.046762589928057555,0.21942446043165467,15.0,-0.31804717159996343,16.200000000000003,0.16376870198139915,26.88888888888889,187.55555555555554,0.6666666666666666,0.7777777777777778,3.111111111111111,11.333333333333334,0.1111111111111111,10.991111111111111,30.88888888888889,1.6666666666666667,1.8000000000000003,2.5555555555555554,1.4444444444444444,0.2222222222222222
00-0026158,2022,Joe Flacco,QB,NYJ,5,191,110,1051,5,3,10,1537,432,-25.361705153050377,-9.871276481809993,3,6,0,-0.13692106335656007,48.339999999999996,2.4,55,16,26,52,27.225130890052355,38,19.895287958115183,68.6,7.0,6,5.0,8.0,33.0,,,,,191,0.2879581151832461,0.17277486910994763,0.041884816753926704,2.74716753926702,5.53018181818182,8.16824175824176,-2.63805994005994,15.1832460732984,-1.01857142857143,62.095386981574,-4.50376394492481,21.7389408044364,55.9572426054037,75.185427574171,202,-23.9320642005527,-744.3939208984375,182,10.0,1.0,1537.0,191,35.0,,,,,,1.0,0.0,1.0,-1.2306267250096425,0.5759162303664922,5.50261780104712,8.047120418848168,0.02617801047120419,0.015706806282722512,1.6666666666666667,-0.11847556534927078,-4.0900764884529535,0.04950495049504951,0.0049504950495049506,0.22277227722772278,2.0,-1.2306267250096425,0.6000000000000001,0.012412081092263138,38.2,210.2,1.0,0.6,0.6,1.2,0.0,9.668,40.4,0.4,0.12000000000000002,2.0,0.2,0.0
00-0033869,2022,Mitchell Trubisky,QB,PIT,7,180,117,1252,4,5,11,1754,378,8.78326837691222,2.6639993553026344,19,38,2,-3.263051659858312,73.88,2.3,43,9,10,30,16.666666666666664,25,13.88888888888889,73.4,4.0,2,4.0,13.0,29.0,,,,,180,0.2388888888888889,0.16111111111111112,0.07222222222222222,2.76005586592179,7.42068376068376,9.73393258426966,-2.3132488235859,24.4444444444444,0.784494382022472,59.5723352643351,5.42766473566493,24.0429338549981,65.2711345082955,81.0648148148148,194,7.644402032576302,284.62249636650085,177,11.0,4.0,1754.0,179,21.0,58.5,55.0,3.1,218.0,22.3,10.0,3.0,3.0,3.347783723671455,0.65,6.955555555555556,9.744444444444444,0.022222222222222223,0.027777777777777776,0.8,0.03940413418853764,1.608036702635598,0.05670103092783505,0.020618556701030927,0.16494845360824742,15.0,0.33477837236714547,15.8,0.2138603140227396,25.714285714285715,178.85714285714286,0.5714285714285714,0.7142857142857143,2.7142857142857144,5.428571428571429,0.2857142857142857,10.554285714285713,27.714285714285715,2.142857142857143,2.257142857142857,1.5714285714285714,0.5714285714285714,0.42857142857142855
00-0034401,2022,Mike White,QB,NYJ,4,175,103,1192,3,4,9,1303,568,-7.627866973863528,-4.480388465180153,6,9,1,2.575821281468961,56.580000000000005,2.3,28,5,16,30,17.142857142857142,38,21.714285714285715,66.9,1.8,6,6.0,16.0,29.0,,,,,175,0.16,0.1657142857142857,0.09142857142857143,2.80331428571429,5.70533980582524,7.59473372781065,-1.88939392198541,20.5714285714286,-1.62420118343195,62.0836593359709,-3.22651647882802,21.3139439097158,46.8364783048427,75.702380952381,185,-7.463803041489403,-1045.195895433426,169,9.0,1.0,1303.0,175,26.0,,,,,,3.0,1.0,1.0,2.4117573490948416,0.5885714285714285,6.811428571428571,7.445714285714286,0.017142857142857144,0.022857142857142857,0.75,-0.04034488130534813,-6.184591097239206,0.04864864864864865,0.005405405405405406,0.1891891891891892,5.0,0.8039191163649472,6.9,0.12195121951219512,43.75,298.0,0.75,1.0,1.5,2.25,0.25,14.145000000000001,46.25,1.25,1.725,2.25,0.25,0.25
00-0033537,2022,Deshaun Watson,QB,CLE,6,170,99,1102,7,5,20,1214,530,-23.89065204428561,-4.299354669470895,36,175,1,6.220824425690809,85.58,2.9,35,5,12,37,21.764705882352942,22,12.941176470588237,74.4,7.7,12,4.0,26.0,51.0,,,,,170,0.20588235294117646,0.3,0.15294117647058825,3.27127380952381,5.59545454545455,7.35839743589744,-1.76294289044289,13.5294117647059,-1.78262820512821,61.5433554899167,-3.3080613722696,20.0949037705289,61.7468258293493,79.093137254902,200,-14.252661071268925,-515.6354010105133,155,20.0,12.0,1215.0,168,30.0,,,,,,14.0,1.0,4.0,3.5888796473736875,0.5823529411764706,6.482352941176471,7.141176470588236,0.041176470588235294,0.029411764705882353,1.4,-0.07126330535634462,-3.3266800065194406,0.1,0.06,0.25,24.0,0.2563485462409777,23.5,0.2745968684272026,28.333333333333332,183.66666666666666,1.1666666666666667,0.8333333333333334,6.0,29.166666666666668,0.16666666666666666,14.263333333333334,33.333333333333336,4.0,3.9166666666666665,3.3333333333333335,2.0,0.16666666666666666
00-0037834,2022,Brock Purdy,QB,SF,9,170,114,1374,13,4,11,1117,706,36.5531119855899,-1.584838478251312,22,13,1,-10.471993213137774,106.26,2.3,54,5,15,31,18.235294117647058,20,11.76470588235294,77.0,7.9,5,7.0,9.0,37.0,,,,,170,0.3176470588235294,0.21764705882352942,0.052941176470588235,2.83656470588235,5.89245614035088,6.71879518072289,-0.826339040372016,9.41176470588235,-2.10650602409639,69.1902847675716,-2.13146123815987,19.4507904698807,44.4620793485865,107.328431372549,187,36.90996630578262,-118.82941722869873,166,11.0,6.0,1117.0,170,27.0,67.5,70.9,13.3,211.0,28.6,5.0,1.0,1.0,0.18152607104275376,0.6705882352941176,8.08235294117647,6.570588235294117,0.07647058823529412,0.023529411764705882,3.25,0.19737949896140436,-0.7158398628234863,0.058823529411764705,0.03208556149732621,0.20320855614973263,16.0,0.03630521420855075,7.3,0.06869941652550347,18.88888888888889,152.66666666666666,1.4444444444444444,0.4444444444444444,2.4444444444444446,1.4444444444444444,0.1111111111111111,11.806666666666667,20.77777777777778,1.7777777777777777,0.8111111111111111,1.2222222222222223,0.6666666666666666,0.1111111111111111
00-0033662,2022,Cooper Rush,QB,DAL,8,162,94,1051,5,3,7,1247,455,-9.401417641101832,-9.152031692835019,9,6,0,-3.28913390773969,56.64,2.2,47,14,17,38,23.456790123456788,33,20.37037037037037,66.7,5.7,2,8.0,7.0,45.0,,,,,162,0.29012345679012347,0.2777777777777778,0.043209876543209874,2.56922360248447,6.33957446808511,8.22076433121019,-1.88118986312509,20.3703703703704,-0.390700636942675,63.2043329131159,-5.1796415550912,22.1716491635349,49.632499433335,80.0411522633745,170,-10.465320201778791,-1075.4400804638863,157,7.0,2.0,1247.0,161,25.0,60.8,58.3,4.4,184.0,17.9,2.0,0.0,1.0,-0.4551206346368417,0.5802469135802469,6.487654320987654,7.697530864197531,0.030864197530864196,0.018518518518518517,1.6666666666666667,-0.061560707069287006,-6.849936818241313,0.041176470588235294,0.011764705882352941,0.18823529411764706,7.0,-0.22756031731842086,0.6000000000000001,0.010593220338983052,20.25,131.375,0.625,0.375,1.125,0.75,0.0,7.08,21.25,0.875,0.07500000000000001,0.875,0.25,0.0
00-0034869,2022,Sam Darnold,QB,CAR,6,140,82,1143,7,3,10,1138,553,21.072685399864017,2.3320741100430156,26,106,2,-4.005501881549913,86.32,2.7,49,13,9,32,22.857142857142858,16,11.428571428571429,77.1,5.9,19,3.0,17.0,52.0,,,,,140,0.35,0.37142857142857144,0.12142857142857143,3.23689051094891,6.85207317073171,9.09798319327731,-2.2459100225456,15.0,0.644201680672269,56.1594096571207,2.41201891430787,22.8744656174414,58.4594671546021,92.6488095238095,156,27.96211131041631,582.2473675012589,119,10.0,9.0,1140.0,137,19.0,,,,,,12.0,3.0,5.0,2.0762700680181547,0.5857142857142857,8.164285714285715,8.128571428571428,0.05,0.02142857142857143,2.3333333333333335,0.17924430327189944,4.892835021018982,0.0641025641025641,0.057692307692307696,0.1858974358974359,17.0,0.17302250566817956,22.6,0.26181649675625585,23.333333333333332,190.5,1.1666666666666667,0.5,4.333333333333333,17.666666666666668,0.3333333333333333,14.386666666666665,26.0,2.8333333333333335,3.766666666666667,1.6666666666666667,1.5,0.5
00-0027688,2022,Colt McCoy,QB,ARI,4,132,90,780,1,3,13,801,368,-30.083980903608314,-1.0570151536237626,14,36,0,1.2108905086566104,32.8,2.1,25,4,15,32,24.242424242424242,22,16.666666666666664,79.1,8.5,3,2.0,32.0,22.0,,,,,132,0.1893939393939394,0.16666666666666666,0.24242424242424243,,,,,,,,,,,,153,-28.185356367347115,-32.66921639442444,129,13.0,8.0,801.0,132,29.0,,,,,,3.0,0.0,2.0,0.31363181630149484,0.6818181818181818,5.909090909090909,6.068181818181818,0.007575757575757576,0.022727272727272728,0.3333333333333333,-0.18421801547285696,-0.2532497394916623,0.08496732026143791,0.05228758169934641,0.27450980392156865,6.0,0.10454393876716495,3.6,0.10975609756097562,33.0,195.0,0.25,0.75,3.5,9.0,0.0,8.2,38.25,1.5,0.9,3.25,2.0,0.0
00-0031503,2022,Jameis Winston,QB,NO,3,115,73,858,4,5,11,1315,202,-5.959922977354369,3.057402193100533,5,16,0,-3.219330718275164,43.92,2.5,41,9,11,31,26.956521739130434,23,20.0,73.0,2.7,2,2.0,2.0,11.0,,,,,115,0.3565217391304348,0.09565217391304348,0.017391304347826087,,,,,,,,,,,,127,-6.710585160132591,304.8093184828758,111,11.0,3.0,1316.0,113,21.0,,,,,,,,,,0.6347826086956522,7.460869565217391,11.434782608695652,0.034782608695652174,0.043478260869565216,0.8,-0.05283925322939048,2.7460298962421246,0.08661417322834646,0.023622047244094488,0.25196850393700787,2.0,,1.6,0.03642987249544627,38.333333333333336,286.0,1.3333333333333333,1.6666666666666667,1.6666666666666667,5.333333333333333,0.0,14.64,42.333333333333336,0.6666666666666666,0.5333333333333333,3.6666666666666665,1.0,
00-0038122,2022,Desmond Ridder,QB,ATL,4,115,73,708,2,0,9,940,328,4.53719766016686,-1.6228210781032426,16,64,0,-12.282527674773815,38.72,2.7,41,1,8,18,15.65217391304348,20,17.391304347826086,75.5,0.9,5,1.0,34.0,18.0,,,,,115,0.3565217391304348,0.1565217391304348,0.2956521739130435,,,,,,,,,,,,135,1.647034864704915,-145.32658457756042,110,9.0,11.0,940.0,115,15.0,52.0,48.4,-0.7,149.0,12.4,2.0,0.0,1.0,0.28333012270741165,0.6347826086956522,6.156521739130435,8.173913043478262,0.017391304347826087,0.0,,0.012200258257073444,-1.3211507688869129,0.06666666666666667,0.08148148148148149,0.17777777777777778,5.0,0.14166506135370582,6.4,0.1652892561983471,28.75,177.0,0.5,0.0,4.0,16.0,0.0,9.68,33.75,1.25,1.6,2.25,2.75,0.0
00-0035993,2022,Tyler Huntley,QB,BAL,5,112,75,658,2,3,7,830,250,-7.170331097120187,2.395515211933674,43,137,1,-2.7932816396852003,50.019999999999996,1.9,27,8,3,18,16.071428571428573,15,13.392857142857142,78.3,2.8,4,0.0,27.0,13.0,,,,,112,0.24107142857142858,0.11607142857142858,0.24107142857142858,,,,,,,,,,,,132,-7.69365955812417,340.3603881597519,107,7.0,15.0,830.0,110,12.0,,,,,,22.0,2.0,6.0,2.6985520107231453,0.6696428571428571,5.875,7.410714285714286,0.017857142857142856,0.026785714285714284,0.6666666666666666,-0.05828529968275886,3.180938207100485,0.05303030303030303,0.11363636363636363,0.14393939393939395,28.0,0.12266145503287024,19.700000000000003,0.3938424630147942,22.4,131.6,0.4,0.6,8.6,27.4,0.2,10.004,26.4,5.6,3.9400000000000004,1.4,3.0,0.4
00-0033275,2022,PJ Walker,QB,CAR,6,106,63,731,3,3,7,837,408,-19.93191203595646,-7.164330996435005,6,39,0,1.4318556173821002,39.14,2.2,28,4,4,15,14.150943396226415,21,19.81132075471698,65.7,6.7,1,1.0,14.0,32.0,,,,,106,0.2641509433962264,0.3018867924528302,0.1320754716981132,,,,,,,,,,,,115,-20.176254064469113,-799.3709817528725,105,7.0,2.0,837.0,106,12.0,,,,,,3.0,0.0,2.0,1.6761976458947174,0.5943396226415094,6.89622641509434,7.89622641509434,0.02830188679245283,0.02830188679245283,1.0,-0.17544568751712272,-7.613056969074976,0.06086956521739131,0.017391304347826087,0.16521739130434782,4.0,0.5587325486315725,3.9000000000000004,0.09964230965763925,17.666666666666668,121.83333333333333,0.5,0.5,1.0,6.5,0.0,6.523333333333333,19.166666666666668,0.6666666666666666,0.65,1.1666666666666667,0.3333333333333333,0.0
00-0037327,2022,Skylar Thompson,QB,MIA,7,105,60,534,1,3,6,783,208,-32.73230369350699,-13.645000647493788,14,21,0,-11.108908463618718,17.46,2.6,15,16,25,47,44.761904761904766,22,20.952380952380953,69.3,7.9,4,2.0,17.0,20.0,,,,,105,0.14285714285714285,0.19047619047619047,0.1619047619047619,,,,,,,,,,,,116,-32.984381763928646,-524.7683957219124,100,6.0,5.0,783.0,105,31.0,,,,,,1.0,0.0,0.0,-0.3506026516552083,0.5714285714285714,5.085714285714285,7.457142857142857,0.009523809523809525,0.02857142857142857,0.3333333333333333,-0.2843481186545573,-5.247683957219124,0.05172413793103448,0.04310344827586207,0.31896551724137934,9.0,-0.3506026516552083,2.1,0.12027491408934708,15.0,76.28571428571429,0.14285714285714285,0.42857142857142855,2.0,3.0,0.0,2.494285714285714,16.571428571428573,1.2857142857142858,0.3,0.8571428571428571,0.7142857142857143,0.0
00-0036879,2022,Sam Ehlinger,QB,IND,4,101,64,573,3,3,14,722,294,-40.583732568015414,-3.4381915188735066,17,87,0,5.581816673982431,35.620000000000005,2.5,23,8,7,29,28.71287128712871,18,17.82178217821782,74.0,6.0,1,2.0,12.0,22.0,,,,,101,0.22772277227722773,0.21782178217821782,0.1188118811881188,,,,,,,,,,,,126,-35.21958729938244,-343.3774620294571,99,14.0,11.0,722.0,101,24.0,,,,,,4.0,1.0,1.0,1.1836363783222623,0.6336633663366337,5.673267326732673,7.148514851485149,0.0297029702970297,0.0297029702970297,1.0,-0.27952053412208283,-3.4684592124187583,0.1111111111111111,0.0873015873015873,0.30158730158730157,6.0,0.2959090945805656,8.700000000000001,0.2442448062886019,25.25,143.25,0.75,0.75,4.25,21.75,0.0,8.905000000000001,31.5,1.5,2.1750000000000003,3.5,2.75,0.25
00-0038108,2022,Bailey Zappe,QB,NE,4,92,65,781,5,3,6,624,384,7.6850179086315595,4.997401954360369,10,0,0,-6.09972296986059,39.64,2.5,36,5,2,13,14.130434782608695,11,11.956521739130435,78.4,3.4,4,5.0,8.0,24.0,,,,,92,0.391304347826087,0.2608695652173913,0.08695652173913043,,,,,,,,,,,,99,7.588488814594893,506.26725256443024,88,6.0,1.0,624.0,92,7.0,,,,,,1.0,0.0,1.0,-0.5316477170473055,0.7065217391304348,8.48913043478261,6.782608695652174,0.05434782608695652,0.03260869565217391,1.6666666666666667,0.07665140216762518,5.7530369609594345,0.06060606060606061,0.010101010101010102,0.13131313131313133,9.0,-0.5316477170473055,0.0,0.0,23.0,195.25,1.25,0.75,2.5,0.0,0.0,9.91,24.75,2.25,0.0,1.5,0.25,0.0
00-0034955,2022,Brett Rypien,QB,DEN,4,88,53,483,2,4,8,734,267,-29.228848063779992,-5.095192033829328,6,7,0,-0.5416464465088233,18.02,2.4,22,2,9,19,21.59090909090909,19,21.59090909090909,72.4,2.3,1,2.0,4.0,17.0,,,,,88,0.25,0.19318181818181818,0.045454545454545456,,,,,,,,,,,,97,-29.60041535102951,-318.0100619792938,87,8.0,1.0,734.0,88,17.0,,,,,,2.0,0.0,1.0,2.5536256851628423,0.6022727272727273,5.488636363636363,8.340909090909092,0.022727272727272728,0.045454545454545456,0.5,-0.3051589211446341,-3.6552880687275153,0.08247422680412371,0.010309278350515464,0.25773195876288657,5.0,1.2768128425814211,0.7000000000000001,0.0388457269700333,22.0,120.75,0.5,1.0,1.5,1.75,0.0,4.505,24.25,1.25,0.17500000000000002,2.0,0.25,0.0
00-0035146,2022,Trace McSorley,QB,ARI,5,83,45,412,0,5,3,644,207,-37.33517950778628,-10.561218887821354,15,61,0,-6.190193126511877,8.58,2.2,24,5,8,16,19.27710843373494,21,25.301204819277107,64.9,2.6,5,1.0,8.0,13.0,,,,,83,0.2891566265060241,0.1566265060240964,0.0963855421686747,,,,,,,,,,,,90,-35.38129921214312,-817.656572163105,77,3.0,5.0,644.0,82,10.0,,,,,,8.0,0.0,3.0,-2.051611557152768,0.5421686746987951,4.963855421686747,7.759036144578313,0.0,0.060240963855421686,0.0,-0.39312554680159023,-10.618916521598766,0.03333333333333333,0.05555555555555555,0.14444444444444443,10.0,-0.256451444644096,6.1000000000000005,0.710955710955711,16.6,82.4,0.0,1.0,3.0,12.2,0.0,1.716,18.0,2.0,1.2200000000000002,0.6,1.0,0.0
00-0035264,2022,Jarrett Stidham,QB,LV,3,83,53,656,4,3,7,763,261,-5.1301240919085505,0.3364325964578964,14,84,0,4.82472539559239,42.64,2.7,18,6,17,30,36.144578313253014,13,15.66265060240964,74.7,6.3,4,2.0,6.0,18.0,,,,,83,0.21686746987951808,0.21686746987951808,0.07228915662650602,,,,,,,,,,,,101,0.37632403524617786,122.4404364824295,79,7.0,11.0,763.0,83,24.0,59.7,60.5,3.3,111.0,10.0,2.0,0.0,1.0,0.5269844925496727,0.6385542168674698,7.903614457831325,9.19277108433735,0.04819277108433735,0.03614457831325301,1.3333333333333333,0.00372598054699186,1.5498789428155633,0.06930693069306931,0.10891089108910891,0.3069306930693069,3.0,0.26349224627483636,8.4,0.19699812382739212,27.666666666666668,218.66666666666666,1.3333333333333333,1.0,4.666666666666667,28.0,0.0,14.213333333333333,33.666666666666664,1.0,2.8000000000000003,2.3333333333333335,3.6666666666666665,0.0
00-0031237,2022,Teddy Bridgewater,QB,MIA,5,79,49,683,4,4,7,704,307,-0.5638175600222479,-18.60658107425696,3,27,0,3.3702399597968977,38.019999999999996,2.7,7,5,13,25,31.645569620253166,16,20.253164556962027,74.7,2.7,4,1.0,12.0,17.0,,,,,79,0.08860759493670886,0.21518987341772153,0.1518987341772152,,,,,,,,,,,,89,3.753422399774646,117.09256023168564,75,7.0,3.0,704.0,79,21.0,,,,,,,,,,0.620253164556962,8.645569620253164,8.91139240506329,0.05063291139240506,0.05063291139240506,1.0,0.04217328539072636,1.561234136422475,0.07865168539325842,0.033707865168539325,0.3146067415730337,0.0,,2.7,0.07101525512887955,15.8,136.6,0.8,0.8,0.6,5.4,0.0,7.603999999999999,17.8,0.0,0.54,1.4,0.6,
00-0034577,2022,Kyle Allen,QB,HOU,2,78,46,416,2,4,5,560,239,-35.8985657036541,-9.166375298588239,6,13,0,-6.142968632047991,15.940000000000001,2.0,22,2,7,14,17.94871794871795,14,17.94871794871795,69.3,5.3,3,4.0,1.0,28.0,,,,,78,0.28205128205128205,0.358974358974359,0.01282051282051282,,,,,,,,,,,,85,-34.540201624361245,-683.1636935472488,75,5.0,2.0,560.0,78,9.0,,,,,,3.0,0.0,1.0,-3.6346311916713603,0.5897435897435898,5.333333333333333,7.17948717948718,0.02564102564102564,0.05128205128205128,0.5,-0.40635531322777935,-9.108849247296652,0.058823529411764705,0.023529411764705882,0.16470588235294117,4.0,-1.2115437305571202,1.3,0.08155583437892094,39.0,208.0,1.0,2.0,3.0,6.5,0.0,7.970000000000001,42.5,2.0,0.65,2.5,1.0,0.0
00-0035289,2022,Gardner Minshew,QB,PHI,5,76,44,663,3,3,6,717,251,7.425531540988418,-4.0080700795549795,7,3,1,-11.374384821262481,36.82,2.5,15,4,2,12,15.789473684210526,14,18.421052631578945,72.9,2.9,5,2.0,18.0,6.0,,,,,76,0.19736842105263158,0.07894736842105263,0.23684210526315788,,,,,,,,,,,,83,6.426325268233322,-124.49211180210114,70,6.0,2.0,717.0,75,8.0,,,,,,2.0,1.0,0.0,-0.6576791884726845,0.5789473684210527,8.723684210526315,9.43421052631579,0.039473684210526314,0.039473684210526314,1.0,0.07742560564136533,-1.7784587400300162,0.07228915662650602,0.024096385542168676,0.1686746987951807,5.0,-0.32883959423634224,6.3,0.17110266159695817,15.2,132.6,0.6,0.6,1.4,0.6,0.2,7.364,16.6,1.0,1.26,1.2,0.4,0.2
00-0033949,2022,Joshua Dobbs,QB,TEN,2,68,40,411,2,2,6,538,213,-8.974636538833108,0.13162299816369938,8,44,0,1.7875308629591011,20.84,2.5,25,11,16,33,48.529411764705884,14,20.588235294117645,66.2,4.6,3,2.0,12.0,16.0,,,,,68,0.36764705882352944,0.23529411764705882,0.17647058823529413,,,,,,,,,,,,77,-7.410493965382878,-103.8249522447586,65,6.0,3.0,538.0,68,21.0,52.8,52.2,0.5,86.0,7.8,5.0,0.0,2.0,0.22338828950887546,0.5882352941176471,6.044117647058823,7.911764705882353,0.029411764705882353,0.029411764705882353,1.0,-0.0962401813686088,-1.597306957611671,0.07792207792207792,0.03896103896103896,0.35064935064935066,5.0,0.044677657901775095,4.4,0.21113243761996164,34.0,205.5,1.0,1.0,4.0,22.0,0.0,10.42,38.5,2.5,2.2,3.0,1.5,0.0
00-0034899,2022,John Wolford,QB,LA,2,62,38,390,1,3,7,504,198,-19.74873906489459,-6.11425993177626,8,32,0,2.0556980341789313,14.799999999999999,2.7,19,7,14,28,45.16129032258064,10,16.129032258064516,82.0,1.6,1,2.0,8.0,24.0,,,,,62,0.3064516129032258,0.3870967741935484,0.12903225806451613,,,,,,,,,,,,73,-21.845045341635142,-348.8248825073242,61,7.0,4.0,504.0,62,21.0,,,,,,2.0,0.0,1.0,4.514903390489053,0.6129032258064516,6.290322580645161,8.129032258064516,0.016129032258064516,0.04838709677419355,0.3333333333333333,-0.29924719646075537,-5.71844069684138,0.0958904109589041,0.0547945205479452,0.3835616438356164,4.0,2.2574516952445265,3.2,0.21621621621621626,31.0,195.0,0.5,1.5,4.0,16.0,0.0,7.3999999999999995,36.5,2.0,1.6,3.5,2.0,0.0
00-0038128,2022,Malik Willis,QB,TEN,7,61,31,276,0,3,10,498,144,-38.837689051219954,-14.195171482861054,27,123,1,-6.886302529376102,19.34,2.7,18,11,2,23,37.704918032786885,12,19.672131147540984,66.7,7.4,7,2.0,17.0,13.0,,,,,61,0.29508196721311475,0.21311475409836064,0.2786885245901639,,,,,,,,,,,,79,-36.31636757361865,-548.7712502479553,52,10.0,8.0,498.0,61,13.0,,,,,,17.0,1.0,9.0,-8.417476495910075,0.5081967213114754,4.524590163934426,8.163934426229508,0.0,0.04918032786885246,0.0,-0.4597008553622614,-10.553293273999142,0.12658227848101267,0.10126582278481013,0.2911392405063291,19.0,-0.4951456762300044,18.3,0.9462254395036195,8.714285714285714,39.42857142857143,0.0,0.42857142857142855,3.857142857142857,17.571428571428573,0.14285714285714285,2.762857142857143,11.285714285714286,2.7142857142857144,2.6142857142857143,1.4285714285714286,1.1428571428571428,0.14285714285714285
00-0035040,2022,David Blough,QB,ARI,2,58,38,402,2,2,5,481,225,-4.82702916547705,2.28250909879891,4,5,0,-5.0083544396329716,18.58,2.2,15,0,7,12,20.689655172413794,10,17.24137931034483,76.8,3.6,2,0.0,16.0,14.0,,,,,58,0.25862068965517243,0.2413793103448276,0.27586206896551724,,,,,,,,,,,,65,-5.4635533400723,35.41407883167267,56,5.0,2.0,481.0,58,13.0,,,,,,2.0,0.0,0.0,-4.371830265037715,0.6551724137931034,6.931034482758621,8.293103448275861,0.034482758620689655,0.034482758620689655,1.0,-0.08405466677034308,0.6323942648512977,0.07692307692307693,0.03076923076923077,0.27692307692307694,2.0,-2.1859151325188577,0.5,0.026910656620021532,29.0,201.0,1.0,1.0,2.0,2.5,0.0,9.29,32.5,1.0,0.25,2.5,1.0,0.0
00-0037175,2022,Anthony Brown,QB,BAL,2,49,22,302,0,2,5,401,142,-16.46521984205204,-12.697199980417905,3,-5,0,0.0,5.58,2.3,21,2,4,11,22.448979591836736,12,24.489795918367346,60.9,6.5,1,2.0,2.0,12.0,,,,,49,0.42857142857142855,0.24489795918367346,0.04081632653061224,,,,,,,,,,,,52,-16.275940735548176,-905.8283656835556,47,5.0,0.0,401.0,47,9.0,,,,,,,,,,0.4489795918367347,6.163265306122449,8.183673469387756,0.0,0.04081632653061224,0.0,-0.31299886029900337,-19.272943950713948,0.09615384615384616,0.0,0.2692307692307692,3.0,,-0.5,-0.08960573476702509,24.5,151.0,0.0,1.0,1.5,-2.5,0.0,2.79,26.0,1.5,-0.25,2.5,0.0,
00-0029567,2022,Nick Foles,QB,IND,2,42,25,225,0,4,8,343,91,-34.17122693501305,-8.335807935877165,2,8,0,-4.255645770346746,1.8,2.4,13,4,3,15,35.714285714285715,9,21.428571428571427,65.9,4.9,1,0.0,4.0,7.0,,,,,42,0.30952380952380953,0.16666666666666666,0.09523809523809523,,,,,,,,,,,,51,-34.19210139477516,-337.61444985866547,41,8.0,1.0,343.0,42,11.0,,,,,,1.0,0.0,0.0,-4.23477131058462,0.5952380952380952,5.357142857142857,8.166666666666666,0.0,0.09523809523809523,0.0,-0.6704333606818659,-8.23449877704062,0.1568627450980392,0.0196078431372549,0.37254901960784315,1.0,-4.23477131058462,0.8,0.4444444444444445,21.0,112.5,0.0,2.0,1.0,4.0,0.0,0.9,25.5,0.5,0.4,4.0,0.5,0.0
00-0033550,2022,Davis Webb,QB,NYG,1,40,23,168,1,0,0,204,76,-2.46332553584138,-6.99405803492195,6,41,1,6.87574309034972,20.82,1.8,8,5,7,12,30.0,7,17.5,60.5,0.0,2,2.0,3.0,11.0,,,,,40,0.2,0.275,0.075,,,,,,,,,,,,42,0.6544405802785449,-265.774205327034,38,0.0,2.0,204.0,40,7.0,76.9,65.3,2.4,54.0,6.1,4.0,0.0,1.0,4.704976974229794,0.575,4.2,5.1,0.025,0.0,,0.015581918578060593,-6.994058034921947,0.0,0.047619047619047616,0.16666666666666666,4.0,1.1762442435574485,10.100000000000001,0.48511047070124885,40.0,168.0,1.0,0.0,6.0,41.0,1.0,20.82,42.0,4.0,10.100000000000001,0.0,2.0,0.0
00-0035939,2022,Bryce Perkins,QB,LA,5,34,19,161,1,2,6,196,65,-18.6509313210441,-5.975496106677603,19,90,0,2.4665657436708024,15.440000000000001,2.7,7,6,3,15,44.11764705882353,4,11.76470588235294,63.6,3.0,0,5.0,4.0,7.0,,,,,34,0.20588235294117646,0.20588235294117646,0.11764705882352941,,,,,,,,,,,,46,-13.839382587624906,-388.6973977088928,33,6.0,7.0,196.0,33,8.0,,,,,,10.0,0.0,4.0,-2.428827136871405,0.5588235294117647,4.735294117647059,5.764705882352941,0.029411764705882353,0.058823529411764705,0.5,-0.3008561432092371,-11.778709021481601,0.13043478260869565,0.15217391304347827,0.30434782608695654,12.0,-0.24288271368714048,9.0,0.582901554404145,6.8,32.2,0.2,0.4,3.8,18.0,0.0,3.088,9.2,2.4,1.8,1.2,1.4,0.0
00-0037012,2022,Trey Lance,QB,SF,2,31,15,194,0,1,2,210,80,-9.725712290665726,-9.959366420904775,16,67,0,4.87005555065116,12.46,2.7,4,4,2,8,25.806451612903224,10,32.25806451612903,63.3,10.0,1,0.0,4.0,6.0,,,,,31,0.12903225806451613,0.1935483870967742,0.12903225806451613,,,,,,,,,,,,37,-9.460162043272176,-479.2478621006012,29,2.0,4.0,210.0,31,4.0,,,,,,12.0,0.0,6.0,4.604505303257611,0.4838709677419355,6.258064516129032,6.774193548387097,0.0,0.03225806451612903,0.0,-0.2556800552235723,-16.525788348296594,0.05405405405405406,0.10810810810810811,0.16216216216216217,12.0,0.3837087752714676,6.7,0.5377207062600321,15.5,97.0,0.0,0.5,8.0,33.5,0.0,6.23,18.5,6.0,3.35,1.0,2.0,0.0
00-0032156,2022,Trevor Siemian,QB,CHI,2,26,15,184,1,1,2,171,116,-7.154391332483442,1.9538367787996749,4,8,0,-0.866518765920773,10.16,1.5,4,2,2,6,23.076923076923077,5,19.230769230769234,60.0,0.0,1,0.0,4.0,6.0,,,,,26,0.15384615384615385,0.23076923076923078,0.15384615384615385,,,,,,,,,,,,29,-7.303775634104905,-144.5359230041504,25,2.0,1.0,171.0,26,4.0,,,,,,2.0,0.0,2.0,-0.7171344642993063,0.5769230769230769,7.076923076923077,6.576923076923077,0.038461538461538464,0.038461538461538464,1.0,-0.25185433221051395,-5.781436920166016,0.06896551724137931,0.034482758620689655,0.20689655172413793,3.0,-0.35856723214965314,0.8,0.07874015748031496,13.0,92.0,0.5,0.5,2.0,4.0,0.0,5.08,14.5,1.5,0.4,1.0,0.5,0.0
00-0033319,2022,Nick Mullens,QB,MIN,4,25,21,224,1,1,0,170,117,12.437495140812459,20.95986037300184,4,8,0,-0.73016030486906,11.76,2.4,3,0,4,4,16.0,2,8.0,92.0,0.0,0,0.0,1.0,10.0,,,,,25,0.12,0.4,0.04,,,,,,,,,,,,26,12.2586348800567,387.27202117443085,25,0.0,1.0,170.0,25,4.0,58.3,63.4,1.3,33.0,2.6,3.0,1.0,1.0,-0.5513000441133045,0.84,8.96,6.8,0.04,0.04,1.0,0.4714859569252577,15.490880846977234,0.0,0.038461538461538464,0.15384615384615385,3.0,-0.1837666813711015,0.8,0.06802721088435375,6.25,56.0,0.25,0.25,1.0,2.0,0.0,2.94,6.5,0.75,0.2,0.0,0.25,0.25
00-0033958,2022,Nathan Peterman,QB,CHI,3,25,14,139,1,1,1,265,44,-5.0934705460094865,-12.68258703033827,2,7,0,-0.234727695817128,8.26,2.5,5,1,1,3,12.0,5,20.0,70.8,8.3,0,0.0,1.0,4.0,,,,,25,0.2,0.16,0.04,,,,,,,,,,,,27,-5.271773491404019,-127.39404141902924,23,1.0,2.0,265.0,24,2.0,,,,,,,,,,0.56,5.56,10.6,0.04,0.04,1.0,-0.1952508700520007,-5.5388713660447495,0.037037037037037035,0.07407407407407407,0.1111111111111111,0.0,,0.7000000000000001,0.08474576271186442,8.333333333333334,46.333333333333336,0.3333333333333333,0.3333333333333333,0.6666666666666666,2.3333333333333335,0.0,2.7533333333333334,9.0,0.0,0.23333333333333336,0.3333333333333333,0.6666666666666666,
00-0036264,2022,Jordan Love,QB,GB,4,21,14,195,1,0,0,151,117,3.53085999692742,-2.3546324421962126,1,-1,0,0.0,11.7,2.1,1,0,0,0,0.0,3,14.285714285714285,80.0,5.0,0,0.0,0.0,1.0,,,,,21,0.047619047619047616,0.047619047619047616,0.0,,,,,,,,,,,,20,3.520028238401961,-13.580623269081116,20,0.0,0.0,151.0,20,0.0,83.2,77.7,1.8,20.0,1.5,,,,,0.6666666666666666,9.285714285714286,7.190476190476191,0.047619047619047616,0.0,,0.17600141192009805,-0.6790311634540558,0.0,0.0,0.0,1.0,,-0.1,-0.008547008547008548,5.25,48.75,0.25,0.0,0.25,-0.25,0.0,2.925,5.0,0.25,-0.025,0.0,0.0,
00-0032436,2022,Jeff Driskel,QB,HOU,7,20,14,108,1,0,2,45,79,-2.011341030010957,1.081224779287966,20,75,0,-9.045198405161514,17.22,1.8,4,2,1,5,25.0,0,0.0,78.9,5.3,1,3.0,13.0,7.0,,,,,20,0.2,0.35,0.65,,,,,,,,,,,,24,0.0689747838769108,-81.7851185798645,19,2.0,2.0,45.0,20,1.0,,,,,,18.0,1.0,4.0,-11.125514219049364,0.7,5.4,2.25,0.05,0.0,,0.002873949328204617,-4.304479925256026,0.08333333333333333,0.08333333333333333,0.125,18.0,-0.6180841232805202,7.5,0.4355400696864112,2.857142857142857,15.428571428571429,0.14285714285714285,0.0,2.857142857142857,10.714285714285714,0.0,2.46,3.4285714285714284,2.5714285714285716,1.0714285714285714,0.2857142857142857,0.2857142857142857,0.14285714285714285
00-0037077,2022,Sam Howell,QB,WAS,1,19,11,169,1,1,3,160,75,-7.46178453790207,-4.90019470453262,5,35,1,5.52688141434919,18.26,2.7,1,1,0,4,21.052631578947366,3,15.789473684210526,72.2,11.1,1,1.0,2.0,4.0,,,,,19,0.05263157894736842,0.21052631578947367,0.10526315789473684,,,,,,,,,,,,25,-3.5828141591250597,-88.20350468158722,18,3.0,3.0,160.0,19,3.0,,,,,,1.0,0.0,0.0,1.6479110355721787,0.5789473684210527,8.894736842105264,8.421052631578947,0.05263157894736842,0.05263157894736842,1.0,-0.1433125663650024,-4.900194704532623,0.12,0.12,0.24,2.0,1.6479110355721787,9.5,0.52026286966046,19.0,169.0,1.0,1.0,5.0,35.0,1.0,18.26,25.0,2.0,9.5,3.0,3.0,0.0
00-0035752,2022,Chris Streveler,QB,NYJ,1,15,10,90,0,0,0,131,17,1.72026074829046,6.25046829382579,9,54,0,1.49871271272423,9.0,2.5,6,0,4,4,26.666666666666668,2,13.333333333333334,66.7,6.7,0,0.0,0.0,2.0,,,,,15,0.4,0.13333333333333333,0.0,,,,,,,,,,,,19,1.9864990065689199,93.75702440738678,15,0.0,4.0,131.0,15,4.0,73.9,80.6,2.6,26.0,3.1,5.0,0.0,1.0,1.2324744544457644,0.6666666666666666,6.0,8.733333333333333,0.0,0.0,,0.10455257929310105,6.250468293825786,0.0,0.21052631578947367,0.21052631578947367,5.0,0.24649489088915288,5.4,0.6000000000000001,15.0,90.0,0.0,0.0,9.0,54.0,0.0,9.0,19.0,5.0,5.4,0.0,4.0,0.0
00-0026544,2022,Chase Daniel,QB,LAC,3,12,8,52,1,0,1,17,63,2.42904089950986,-16.77884847398786,1,4,0,-0.807615553960204,8.48,1.8,4,0,1,2,16.666666666666664,3,25.0,75.0,8.3,0,0.0,0.0,0.0,,,,,12,0.3333333333333333,0.0,0.0,,,,,,,,,,,,14,0.5684253455496533,-60.86802780628204,12,1.0,1.0,17.0,12,2.0,59.9,51.5,0.1,16.0,1.3,,,,,0.6666666666666666,4.333333333333333,1.4166666666666667,0.08333333333333333,0.0,,0.04060181039640381,-5.072335650523503,0.07142857142857142,0.07142857142857142,0.21428571428571427,0.0,,0.4,0.04716981132075472,4.0,17.333333333333332,0.3333333333333333,0.0,0.3333333333333333,1.3333333333333333,0.0,2.8266666666666667,4.666666666666667,0.0,0.13333333333333333,0.3333333333333333,0.3333333333333333,
00-0033936,2022,C.J. Beathard,QB,JAX,4,11,7,35,0,1,1,57,20,-11.60114072544081,-7.987712820370994,4,-4,0,0.0,-1.0,1.8,1,0,2,3,27.27272727272727,2,18.181818181818183,72.7,9.1,0,0.0,0.0,3.0,,,,,11,0.09090909090909091,0.2727272727272727,0.0,,,,,,,,,,,,12,-11.601140725440802,-80.90031147003174,11,1.0,0.0,57.0,11,2.0,,,,,,,,,,0.6363636363636364,3.1818181818181817,5.181818181818182,0.0,0.09090909090909091,0.0,-0.9667617271200668,-7.354573770002886,0.08333333333333333,0.0,0.25,4.0,,-0.4,0.4,2.75,8.75,0.0,0.25,1.0,-1.0,0.0,-0.25,3.0,1.0,-0.1,0.25,0.0,
00-0036928,2022,Kyle Trask,QB,TB,1,9,3,23,0,0,0,99,20,-5.33255963632837,-22.4918942898512,0,0,0,0.0,0.92,2.3,2,0,2,2,22.22222222222222,2,22.22222222222222,62.5,0.0,1,0.0,0.0,0.0,,,,,9,0.2222222222222222,0.0,0.0,,,,,,,,,,,,9,-5.332559636328369,-179.9351543188095,8,0.0,0.0,99.0,9,2.0,,,,,,,,,,0.3333333333333333,2.5555555555555554,11.0,0.0,0.0,,-0.5925066262587078,-22.49189428985119,0.0,0.0,0.2222222222222222,0.0,,0.0,0.0,9.0,23.0,0.0,0.0,0.0,0.0,0.0,0.92,9.0,0.0,0.0,0.0,0.0,
00-0027948,2022,Blaine Gabbert,QB,TB,1,8,6,29,1,0,0,20,37,0.21524419792695,3.49024422466755,0,0,0,0.0,5.16,1.7,2,0,0,0,0.0,0,0.0,100.0,12.5,0,0.0,2.0,1.0,,,,,8,0.25,0.125,0.25,,,,,,,,,,,,8,0.2152441979269497,27.921953797340393,8,0.0,0.0,20.0,8,0.0,59.9,66.0,0.4,8.0,1.1,,,,,0.75,3.625,2.5,0.125,0.0,,0.026905524740868714,3.490244224667549,0.0,0.0,0.0,0.0,,0.0,0.0,8.0,29.0,1.0,0.0,0.0,0.0,0.0,5.16,8.0,0.0,0.0,0.0,0.0,
00-0028118,2022,Tyrod Taylor,QB,NYG,2,8,6,58,1,1,3,99,26,-3.332336910490879,2.8727600971857505,5,70,0,9.1370943201473,11.32,2.6,1,0,1,4,50.0,0,0.0,87.5,12.5,0,0.0,1.0,2.0,,,,,8,0.125,0.25,0.125,,,,,,,,,,,,15,3.1441115709021688,76.61469578742981,8,3.0,4.0,99.0,8,3.0,,,,,,1.0,0.0,1.0,1.6076458387542516,0.75,7.25,12.375,0.125,0.125,1.0,0.2096074380601446,9.576836973428726,0.2,0.26666666666666666,0.4,1.0,1.6076458387542516,7.0,0.6183745583038869,4.0,29.0,0.5,0.5,2.5,35.0,0.0,5.66,7.5,0.5,3.5,1.5,2.0,0.0
00-0034177,2022,Tim Boyle,QB,CHI,1,8,2,33,0,2,0,101,32,-5.45647897683363,-37.2635055333376,2,-2,0,0.0,-2.88,2.4,1,0,1,1,12.5,3,37.5,62.5,0.0,0,0.0,2.0,3.0,,,,,8,0.125,0.375,0.25,,,,,,,,,,,,8,-4.509478976833634,-298.10804426670074,8,0.0,0.0,101.0,8,1.0,,,,,,,,,,0.25,4.125,12.625,0.0,0.25,0.0,-0.5636848721042043,-37.26350553333759,0.0,0.0,0.125,2.0,,-0.2,0.06944444444444445,8.0,33.0,0.0,2.0,2.0,-2.0,0.0,-2.88,8.0,2.0,-0.2,0.0,0.0,
00-0028986,2022,Case Keenum,QB,BUF,2,7,2,8,0,0,0,57,5,-5.78627391741611,-44.247276186943054,5,0,0,-5.39154763723491,0.32,1.7,6,0,0,0,0.0,2,28.57142857142857,42.9,14.3,0,0.0,2.0,1.0,,,,,7,0.8571428571428571,0.14285714285714285,0.2857142857142857,,,,,,,,,,,,7,-5.786273917416111,-270.60553431510925,7,0.0,0.0,57.0,7,0.0,,,,,,1.0,0.0,1.0,-0.616034310834948,0.2857142857142857,1.1428571428571428,8.142857142857142,0.0,0.0,,-0.8266105596308729,-38.657933473587036,0.0,0.0,0.0,5.0,-0.616034310834948,0.0,0.0,3.5,4.0,0.0,0.0,2.5,0.0,0.0,0.16,3.5,2.5,0.0,0.0,0.0,0.0
00-0026625,2022,Brian Hoyer,QB,NE,1,6,5,37,0,0,1,28,22,-2.12652387350423,12.9522110025088,0,0,0,0.0,1.48,1.6,4,0,1,2,33.33333333333333,1,16.666666666666664,83.3,0.0,0,0.0,0.0,2.0,,,,,6,0.6666666666666666,0.3333333333333333,0.0,,,,,,,,,,,,7,-2.126523873504231,77.7132660150528,6,1.0,0.0,28.0,6,2.0,,,,,,,,,,0.8333333333333334,6.166666666666667,4.666666666666667,0.0,0.0,,-0.3037891247863187,12.952211002508799,0.14285714285714285,0.0,0.42857142857142855,0.0,,0.0,0.0,6.0,37.0,0.0,0.0,0.0,0.0,0.0,1.48,7.0,0.0,0.0,1.0,0.0,
00-0036226,2022,Jacob Eason,QB,CAR,1,5,3,59,0,1,0,20,50,-2.26128179964144,-5.31494617462158,0,0,0,0.0,0.36,2.2,0,0,1,1,20.0,1,20.0,80.0,0.0,0,0.0,0.0,0.0,,,,,5,0.0,0.0,0.0,,,,,,,,,,,,5,-2.261281799641438,-26.57473087310791,5,0.0,0.0,20.0,5,1.0,,,,,,,,,,0.6,11.8,4.0,0.0,0.2,0.0,-0.45225635992828755,-5.314946174621582,0.0,0.0,0.2,0.0,,0.0,0.0,5.0,59.0,0.0,1.0,0.0,0.0,0.0,0.36,5.0,0.0,0.0,0.0,0.0,
00-0032434,2022,Brandon Allen,QB,CIN,1,3,3,22,0,0,1,10,12,-0.688253925150088,26.5750765800476,3,-1,0,0.4678962926846,0.78,2.5,3,0,0,1,33.33333333333333,0,0.0,100.0,0.0,0,0.0,0.0,0.0,,,,,3,1.0,0.0,0.0,,,,,,,,,,,,4,-0.6882539251500881,79.72522974014282,3,1.0,0.0,10.0,3,1.0,,,,,,1.0,0.0,1.0,0.46789629268459976,1.0,7.333333333333333,3.3333333333333335,0.0,0.0,,-0.17206348128752202,26.575076580047607,0.25,0.0,0.5,3.0,0.46789629268459976,-0.1,-0.12820512820512822,3.0,22.0,0.0,0.0,3.0,-1.0,0.0,0.78,4.0,3.0,-0.1,1.0,0.0,0.0
00-0026197,2022,Chad Henne,QB,KC,3,2,0,0,0,0,0,-4,0,-1.89151386736194,-69.6102917194367,5,-5,0,-5.12246437004069,-0.5,1.8,0,0,0,0,0.0,0,0.0,0.0,50.0,0,1.0,0.0,0.0,,,,,2,0.0,0.0,0.0,,,,,,,,,,,,2,-1.8915138673619367,-139.2205834388733,2,0.0,0.0,-4.0,2,0.0,,,,,,,,,,0.0,0.0,-2.0,0.0,0.0,,-0.9457569336809684,-69.61029171943665,0.0,0.0,0.0,5.0,,-0.5,1.0,0.6666666666666666,0.0,0.0,0.0,1.6666666666666667,-1.6666666666666667,0.0,-0.16666666666666666,0.6666666666666666,1.6666666666666667,-0.16666666666666666,0.0,0.0,
00-0026300,2022,Josh Johnson,QB,SF,1,2,1,10,0,0,0,2,4,-0.835849118593615,-26.861384510994,2,3,0,-3.6153255199315,0.7,1.4,2,0,0,0,0.0,0,0.0,50.0,0.0,0,1.0,0.0,0.0,,,,,2,1.0,0.0,0.0,,,,,,,,,,,,2,-0.8358491185936145,-53.722769021987915,2,0.0,0.0,2.0,2,0.0,,,,,,1.0,0.0,0.0,0.17244810139527544,0.5,5.0,1.0,0.0,0.0,,-0.4179245592968073,-26.861384510993958,0.0,0.0,0.0,2.0,0.17244810139527544,0.30000000000000004,0.42857142857142866,2.0,10.0,0.0,0.0,2.0,3.0,0.0,0.7,2.0,2.0,0.30000000000000004,0.0,0.0,0.0
00-0037077,2023,Sam Howell,QB,WAS,17,612,388,3946,21,21,65,4588,2019,-103.55517762751853,-2.6311673330242518,48,263,5,24.684257094320984,257.54,2.4,181,39,57,161,26.307189542483663,88,14.37908496732026,73.7,4.3,32,20.0,77.0,67.0,,,,,612,0.2957516339869281,0.10947712418300654,0.12581699346405228,2.81699509803922,4.87463917525773,7.36731833910035,-2.49267916384262,15.0326797385621,-1.28493079584775,63.2305560670063,0.16813674345125,20.314760829401,54.7764338014077,78.921568627451,709,-78.54057156534707,-246.9434291124344,578,65.0,32.0,4588.0,612,122.0,42.4,43.4,-14.3,765.0,49.7,12.0,2.0,6.0,-1.4893489678504772,0.6339869281045751,6.447712418300654,7.496732026143791,0.03431372549019608,0.03431372549019608,1.0,-0.11077654663659671,-0.42723776663050933,0.09167842031029619,0.045133991537376586,0.2637517630465444,16.0,-0.12411241398753976,56.3,0.21860681835831325,36.0,232.11764705882354,1.2352941176470589,1.2352941176470589,2.823529411764706,15.470588235294118,0.29411764705882354,15.149411764705883,41.705882352941174,0.9411764705882353,3.3117647058823527,3.823529411764706,1.8823529411764706,0.11764705882352941
00-0033106,2023,Jared Goff,QB,DET,17,605,407,4575,30,12,30,4064,2147,80.94225091908041,1.3320103546186994,32,21,2,-21.906581828527315,289.1,2.3,212,42,69,141,23.305785123966942,87,14.380165289256198,80.3,6.1,27,14.0,23.0,151.0,,,,,605,0.3504132231404959,0.24958677685950414,0.03801652892561983,2.72069051580699,5.84469287469288,7.00858638743456,-1.16389351274168,12.8925619834711,-1.62666666666667,66.2153486445669,1.05737862816034,20.0046542417828,57.0067539858217,97.9166666666667,638,79.20194140434872,729.9678489565849,573,30.0,7.0,4064.0,601,100.0,60.3,60.8,21.4,690.0,72.3,4.0,2.0,1.0,4.8694402780383825,0.6727272727272727,7.56198347107438,6.717355371900826,0.049586776859504134,0.019834710743801654,2.5,0.12414097398800739,1.273940399575192,0.047021943573667714,0.0109717868338558,0.20376175548589343,25.0,1.2173600695095956,14.1,0.048772051193358694,35.588235294117645,269.11764705882354,1.7647058823529411,0.7058823529411765,1.8823529411764706,1.2352941176470589,0.11764705882352941,17.00588235294118,37.529411764705884,1.4705882352941178,0.8294117647058823,1.7647058823529411,0.4117647058823529,0.11764705882352941
00-0033873,2023,Patrick Mahomes,QB,KC,16,597,401,4183,27,14,27,3873,2555,50.96151569033812,2.7599617861338572,75,389,0,13.332186714137128,280.22,2.5,133,60,65,152,25.4606365159129,75,12.562814070351758,80.7,6.9,29,6.0,56.0,79.0,,,,,597,0.22278056951423786,0.1323283082077052,0.09380234505862646,2.97026890756303,3.97286783042394,6.59557726465364,-2.6227094342297,9.71524288107203,-2.42040852575488,68.9158970018977,-1.74671777241694,19.77149092815,55.1854555113936,92.5565326633166,672,90.38133704057607,1543.5507386922836,562,27.0,50.0,3873.0,595,96.0,63.1,65.1,31.9,724.0,92.1,2.0,0.0,0.0,-1.3058479169849306,0.6716917922948074,7.006700167504188,6.4874371859296485,0.04522613065326633,0.023450586264656615,1.9285714285714286,0.13449603726276202,2.7465315635094014,0.04017857142857143,0.0744047619047619,0.18303571428571427,25.0,-0.6529239584924653,38.900000000000006,0.13881949896509885,37.3125,261.4375,1.6875,0.875,4.6875,24.3125,0.0,17.51375,42.0,1.5625,2.4312500000000004,1.6875,3.125,0.0
00-0033077,2023,Dak Prescott,QB,DAL,17,590,410,4516,36,9,39,4579,1963,120.79506478811263,3.566613181385069,55,242,2,13.090557725794607,342.84000000000003,2.4,163,26,47,112,18.983050847457626,68,11.525423728813559,82.6,6.6,10,10.0,89.0,100.0,,,,,590,0.27627118644067794,0.1694915254237288,0.15084745762711865,2.71377796610169,6.30773170731707,7.92425862068966,-1.61652691337258,18.3050847457627,-0.629189655172414,64.8348449776738,4.65668044605498,20.6984013467414,62.4457796812563,105.868644067797,656,143.8711982085995,2286.0572412610054,581,39.0,27.0,4579.0,590,86.0,72.7,75.3,57.0,724.0,106.7,15.0,0.0,7.0,4.286640845471993,0.6949152542372882,7.654237288135593,7.761016949152542,0.061016949152542375,0.015254237288135594,4.0,0.21931585092774317,3.9346940469208356,0.05945121951219512,0.041158536585365856,0.19054878048780488,28.0,0.2857760563647995,36.2,0.10558861276397154,34.705882352941174,265.6470588235294,2.1176470588235294,0.5294117647058824,3.235294117647059,14.235294117647058,0.11764705882352941,20.167058823529413,38.588235294117645,1.6470588235294117,2.1294117647058823,2.2941176470588234,1.588235294117647,0.0
00-0034857,2023,Josh Allen,QB,BUF,17,579,385,4306,29,18,24,5022,1973,91.69279821970741,4.386034681350706,111,524,15,54.38192837900931,392.64,2.3,181,51,51,126,21.761658031088082,78,13.471502590673575,77.8,5.6,28,7.0,83.0,92.0,,,,,579,0.3126079447322971,0.15889464594127806,0.14335060449050085,2.88378509532063,5.92483116883117,8.56058500914077,-2.6357538403096,14.853195164076,-0.252943327239488,64.6254756145295,1.86847948046186,21.7956511337094,61.8924753100084,92.2243811168682,649,125.76593433076076,2737.866422533989,545,24.0,48.0,5021.0,577,74.0,69.6,68.6,41.2,744.0,102.7,52.0,12.0,24.0,31.655435048757262,0.6649395509499136,7.436960276338515,8.67357512953368,0.05008635578583765,0.031088082901554404,1.6111111111111112,0.1937841823278286,5.023608114741264,0.03697996918335902,0.07395993836671803,0.1510015408320493,63.0,0.608758366322255,142.4,0.36267318663406684,34.05882352941177,253.2941176470588,1.7058823529411764,1.0588235294117647,6.529411764705882,30.823529411764707,0.8823529411764706,23.09647058823529,38.1764705882353,3.7058823529411766,8.376470588235295,1.411764705882353,2.823529411764706,0.7058823529411765
00-0036264,2023,Jordan Love,QB,GB,17,579,372,4159,32,11,30,4897,1918,88.02358448326395,1.103750406532986,50,247,4,-7.342560899298344,319.06,2.5,215,47,42,119,20.552677029360964,98,16.92573402417962,76.6,5.2,18,8.0,75.0,113.0,,,,,579,0.37132987910189985,0.19516407599309155,0.12953367875647667,2.77430329289428,6.00634408602151,8.54196779964222,-2.53562371362071,16.2348877374784,-0.0179606440071554,65.6493128960975,-1.40060823288503,22.953544130992,58.4580276779845,96.0600172711572,630,89.69755156426368,682.194322347641,558,30.0,24.0,4879.0,576,74.0,62.1,63.1,26.4,699.0,82.2,13.0,3.0,7.0,4.572430687228916,0.6424870466321243,7.18307426597582,8.45768566493955,0.055267702936096716,0.018998272884283247,2.909090909090909,0.1423770659750217,1.2225704701570628,0.047619047619047616,0.0380952380952381,0.16507936507936508,26.0,0.3517254374791474,48.7,0.1526358678618442,34.05882352941177,244.64705882352942,1.8823529411764706,0.6470588235294118,2.9411764705882355,14.529411764705882,0.23529411764705882,18.76823529411765,37.05882352941177,1.5294117647058822,2.864705882352941,1.7647058823529411,1.411764705882353,0.17647058823529413
00-0034855,2023,Baker Mayfield,QB,TB,17,566,364,4044,28,10,40,4844,1927,49.82517850090981,0.31120954059586475,62,163,1,-14.483647197479794,274.06,2.4,141,37,35,112,19.78798586572438,81,14.310954063604239,74.9,4.4,17,20.0,59.0,95.0,,,,,566,0.24911660777385158,0.16784452296819788,0.10424028268551237,2.70545406360424,5.64189560439561,8.57828779599272,-2.93639219159711,16.7844522968198,-0.135737704918033,64.1522835996068,0.158670463997467,21.537611891993,61.2584467645075,94.5744994110719,636,59.54771638306052,131.42286241054535,548,40.0,30.0,4844.0,566,76.0,54.3,55.8,11.5,698.0,68.2,9.0,3.0,2.0,1.653401717194356,0.6431095406360424,7.144876325088339,8.558303886925795,0.04946996466431095,0.0176678445229682,2.8,0.09362848487902597,0.23982274162508274,0.06289308176100629,0.04716981132075472,0.18238993710691823,32.0,0.18371130191048402,22.3,0.08136904327519522,33.294117647058826,237.88235294117646,1.6470588235294117,0.5882352941176471,3.6470588235294117,9.588235294117647,0.058823529411764705,16.121176470588235,37.411764705882355,1.8823529411764706,1.311764705882353,2.3529411764705883,1.7647058823529411,0.17647058823529413
00-0036971,2023,Trevor Lawrence,QB,JAX,16,564,370,4016,21,14,35,4613,1778,-0.06368614373231907,1.3847897301253418,70,339,4,1.3892420482323233,262.54,2.2,158,39,42,116,20.56737588652482,104,18.439716312056735,74.3,4.3,12,16.0,77.0,85.0,,,,,564,0.2801418439716312,0.15070921985815602,0.13652482269503546,2.50981028368794,5.93943243243243,8.23047101449275,-2.29103858206032,14.0070921985816,-0.456123188405797,66.1507195075611,-0.547882628128434,21.9579447510711,54.2451702919255,88.4899527186761,640,16.105555505092074,498.5945984721184,552,35.0,41.0,4613.0,564,76.0,56.1,54.1,8.4,727.0,67.3,16.0,5.0,4.0,-2.9571184524684213,0.6560283687943262,7.120567375886525,8.179078014184396,0.03723404255319149,0.024822695035460994,1.5,0.025164930476706364,0.9032510841886202,0.0546875,0.0640625,0.1734375,29.0,-0.18481990327927633,57.9,0.22053782280795306,35.25,251.0,1.3125,0.875,4.375,21.1875,0.25,16.40875,40.0,1.8125,3.61875,2.1875,2.5625,0.3125
00-0036212,2023,Tua Tagovailoa,QB,MIA,17,560,388,4624,29,14,29,4283,2177,121.67434628780522,5.122034615815152,35,74,0,-39.12836075014263,270.36,2.1,116,39,27,95,16.964285714285715,78,13.928571428571429,79.0,4.4,14,9.0,111.0,126.0,,,,,560,0.20714285714285716,0.225,0.1982142857142857,2.3633458781362,6.11298969072165,7.81432780847146,-1.70133811774981,12.5,-0.931528545119706,67.8026654138895,1.48304887182476,20.7559198714351,54.386561759317,101.071428571429,603,120.05268615296441,2443.296357989311,543,29.0,16.0,4283.0,558,57.0,60.8,60.0,18.8,659.0,70.6,1.0,0.0,0.0,-1.0429084839997813,0.6928571428571428,8.257142857142858,7.648214285714285,0.05178571428571429,0.025,2.0714285714285716,0.19909234851237878,4.499624968672765,0.04809286898839138,0.026533996683250415,0.14262023217247097,19.0,-1.0429084839997813,7.4,0.0273709128569315,32.94117647058823,272.0,1.7058823529411764,0.8235294117647058,2.0588235294117645,4.352941176470588,0.0,15.903529411764707,35.470588235294116,1.1176470588235294,0.43529411764705883,1.7058823529411764,0.9411764705882353,0.0
00-0031280,2023,Derek Carr,QB,NO,17,548,375,3878,25,8,31,4280,1696,28.02505731362163,4.297364738078103,32,40,0,-20.27587383863352,241.12,2.3,172,24,35,90,16.423357664233578,80,14.5985401459854,79.7,3.8,25,5.0,23.0,87.0,,,,,548,0.31386861313868614,0.15875912408759124,0.041970802919708027,2.6946897810219,5.79496,8.03728489483748,-2.24232489483748,14.7810218978102,-0.68546845124283,64.4383213142898,3.99233562001673,21.2582859818542,67.4593996415622,97.7189781021898,588,28.015175217448537,1586.132375895977,523,31.0,9.0,4280.0,548,69.0,56.5,58.4,15.2,634.0,65.8,5.0,0.0,2.0,-9.34987329004798,0.6843065693430657,7.076642335766423,7.810218978102189,0.04562043795620438,0.014598540145985401,3.125,0.04764485581198731,3.0327578889024416,0.05272108843537415,0.015306122448979591,0.17006802721088435,23.0,-1.8699746580095962,4.0,0.0165892501658925,32.23529411764706,228.11764705882354,1.4705882352941178,0.47058823529411764,1.8823529411764706,2.3529411764705883,0.0,14.183529411764706,34.588235294117645,1.3529411764705883,0.23529411764705882,1.8235294117647058,0.5294117647058824,0.0
00-0036389,2023,Jalen Hurts,QB,PHI,17,538,352,3858,23,15,36,4638,1697,62.38472199597201,3.864543087312345,157,605,15,21.28859406406033,356.82,2.6,185,59,29,124,23.04832713754647,72,13.382899628252787,78.9,3.8,35,14.0,116.0,81.0,,,,,538,0.34386617100371747,0.15055762081784388,0.21561338289962825,3.03187546468402,6.17232954545455,8.78914171656687,-2.61681217111232,15.4275092936803,-0.105069860279441,61.2974358127075,4.1300734809728,22.7805132434998,62.0444429421363,89.1186493184634,622,81.58666882136164,1894.303971529007,500,36.0,48.0,4638.0,538,60.0,60.1,60.0,22.2,773.0,86.9,98.0,15.0,33.0,15.172984855817912,0.654275092936803,7.171003717472119,8.62081784386617,0.04275092936802974,0.027881040892193308,1.5333333333333334,0.1311682778478483,3.7886079430580137,0.05787781350482315,0.07717041800643087,0.15434083601286175,109.0,0.15482637607977462,150.5,0.4217812902864189,31.647058823529413,226.94117647058823,1.3529411764705883,0.8823529411764706,9.235294117647058,35.588235294117645,0.8823529411764706,20.98941176470588,36.588235294117645,6.411764705882353,8.852941176470589,2.1176470588235294,2.823529411764706,0.8823529411764706
00-0039150,2023,Bryce Young,QB,CAR,16,527,315,2877,11,10,62,4009,1300,-159.27344187473722,-1.2513310972330498,39,253,0,22.669299519575798,156.38,2.5,166,38,50,150,28.46299810246679,103,19.54459203036053,73.3,4.8,46,6.0,31.0,81.0,,,,,527,0.31499051233396586,0.15370018975332067,0.058823529411764705,2.90034410646388,4.8904126984127,7.41170168067227,-2.52128898225957,11.5749525616698,-1.47275210084034,61.3464615366067,-1.57416552142637,21.449470597727,54.7355323350381,73.6914927261227,619,-135.2252032965576,-671.08413875103,476,62.0,31.0,4009.0,526,110.0,33.4,35.2,-28.8,670.0,28.0,3.0,0.0,1.0,0.9321394406724721,0.5977229601518027,5.459203036053131,7.6072106261859584,0.020872865275142316,0.018975332068311195,1.1,-0.21845751744193473,-1.4098406276282143,0.10016155088852989,0.050080775444264945,0.2778675282714055,8.0,0.310713146890824,25.3,0.16178539455173296,32.9375,179.8125,0.6875,0.625,2.4375,15.8125,0.0,9.77375,38.6875,0.5,1.58125,3.875,1.9375,0.0
00-0026498,2023,Matthew Stafford,QB,LA,15,521,326,3965,24,11,30,4033,1890,54.19110787712947,-2.564526280606804,21,65,0,3.9656354920298376,243.1,2.5,172,27,43,100,19.193857965451055,94,18.042226487523994,75.0,6.7,22,8.0,20.0,97.0,,,,,521,0.33013435700575816,0.18618042226487524,0.03838771593090211,2.6840888030888,6.24030674846626,7.76585858585859,-1.52555183739233,12.8598848368522,-0.834141414141414,63.8238986904041,-1.25192172303367,21.81188027633,56.4089673722184,92.4944017914268,562,61.67619150247165,-1265.6099170446396,495,30.0,14.0,4033.0,518,79.0,63.5,62.9,22.7,607.0,71.6,2.0,1.0,1.0,0.014149530848953873,0.6257197696737045,7.610364683301343,7.74088291746641,0.046065259117082535,0.02111324376199616,2.1818181818181817,0.1097441129937218,-2.556787711201292,0.05338078291814947,0.02491103202846975,0.19395017793594305,7.0,0.0070747654244769365,6.5,0.026737967914438502,34.733333333333334,264.3333333333333,1.6,0.7333333333333333,1.4,4.333333333333333,0.0,16.206666666666667,37.46666666666667,0.4666666666666667,0.43333333333333335,2.0,0.9333333333333333,0.06666666666666667
00-0030565,2023,Geno Smith,QB,SEA,15,499,323,3624,20,9,31,3500,1714,34.54653651417417,1.8974714348044561,37,155,1,-4.926497417793139,227.26,2.4,145,63,46,140,28.0561122244489,69,13.827655310621243,75.5,5.1,21,18.0,49.0,113.0,,,,,499,0.2905811623246493,0.22645290581162325,0.09819639278557114,2.83583636363636,5.95037151702786,7.74417372881356,-1.7938022117857,14.6292585170341,-1.11811440677966,62.5271080877401,2.20235083009563,22.0652566552909,56.5053846991594,92.1300935203741,546,40.21732093221288,1153.6321893334389,472,31.0,20.0,3500.0,495,77.0,59.5,59.8,16.8,602.0,67.9,7.0,0.0,3.0,-2.3338344592484646,0.6472945891783567,7.2625250501002006,7.014028056112225,0.04008016032064128,0.018036072144288578,2.2222222222222223,0.07365809694544483,2.444135994350506,0.056776556776556776,0.03663003663003663,0.1978021978021978,17.0,-0.3334049227497807,21.5,0.09460529789668222,33.266666666666666,241.6,1.3333333333333333,0.6,2.466666666666667,10.333333333333334,0.06666666666666667,15.150666666666666,36.4,1.1333333333333333,1.4333333333333333,2.066666666666667,1.3333333333333333,0.0
00-0039163,2023,C.J. Stroud,QB,HOU,15,499,319,4108,23,5,38,4481,1762,61.98517261070852,-0.5794405652635416,39,167,3,6.110495691349248,276.02,2.5,126,47,38,123,24.649298597194388,95,19.03807615230461,74.8,3.8,16,9.0,34.0,94.0,,,,,499,0.25250501002004005,0.18837675350701402,0.06813627254509018,3.03698377281947,7.36780564263323,9.20806722689076,-1.84026158425753,13.8276553106212,0.340420168067227,62.9960555833333,0.93180012808952,21.7909413342594,61.4223737737317,100.847528390114,554,71.7370078450274,100.11945962905884,476,38.0,23.0,4484.0,493,72.0,57.5,57.6,13.3,613.0,63.1,10.0,2.0,6.0,4.595918112550862,0.6392785571142284,8.23246492985972,8.97995991983968,0.04609218436873747,0.01002004008016032,4.6,0.12948918383578953,0.21033499922071183,0.06859205776173286,0.04151624548736462,0.19855595667870035,16.0,0.4595918112550862,34.7,0.1257155278603,33.266666666666666,273.8666666666667,1.5333333333333334,0.3333333333333333,2.6,11.133333333333333,0.2,18.401333333333334,36.93333333333333,1.0666666666666667,2.3133333333333335,2.533333333333333,1.5333333333333334,0.13333333333333333
00-0035289,2023,Gardner Minshew,QB,IND,16,490,305,3305,15,9,34,3579,1566,-6.592706553653398,-5.417709024829018,34,100,3,-2.7756641375599433,196.20000000000002,2.4,169,32,30,96,19.591836734693878,70,14.285714285714285,74.2,5.6,25,16.0,99.0,61.0,,,,,490,0.3448979591836735,0.12448979591836734,0.20204081632653062,2.73414081632653,5.57304918032787,7.50937634408602,-1.93632716375816,15.7142857142857,-1.22395698924731,63.8091796982501,-1.56428173906644,19.6735287505034,51.6852977160817,84.608843537415,545,0.24806581725598553,-1523.6027479171753,465,34.0,21.0,3579.0,490,64.0,59.6,58.0,13.3,587.0,60.9,2.0,2.0,1.0,-1.3300763298757374,0.6224489795918368,6.744897959183674,7.3040816326530615,0.030612244897959183,0.018367346938775512,1.6666666666666667,0.00045516663716694595,-3.276565049284248,0.062385321100917435,0.03853211009174312,0.1798165137614679,13.0,-0.6650381649378687,28.0,0.14271151885830782,30.625,206.5625,0.9375,0.5625,2.125,6.25,0.1875,12.262500000000001,34.0625,0.8125,1.75,2.125,1.3125,0.125
00-0034796,2023,Lamar Jackson,QB,BAL,16,457,307,3678,24,7,37,3840,1749,59.07158835000627,4.681355409848007,148,821,5,10.159688361549255,331.22,2.7,169,22,29,88,19.25601750547046,73,15.973741794310722,73.9,5.0,15,9.0,115.0,58.0,,,,,457,0.36980306345733044,0.12691466083150985,0.25164113785557984,2.95401315789474,6.25918566775244,8.72612244897959,-2.46693678122715,11.3785557986871,-0.466621315192744,65.4720586233444,1.70518426505819,21.5236563139086,57.5339969061771,102.721553610503,559,70.27057976004096,1532.5556054711342,441,37.0,66.0,3840.0,456,62.0,64.7,64.9,29.3,676.0,84.0,69.0,4.0,14.0,18.5831824547462,0.6717724288840262,8.048140043763675,8.402625820568927,0.0525164113785558,0.015317286652078774,3.4285714285714284,0.12570765610025217,3.475182778846109,0.06618962432915922,0.11806797853309481,0.1771019677996422,82.0,0.26932148485139423,112.10000000000001,0.33844574602982913,28.5625,229.875,1.5,0.4375,9.25,51.3125,0.3125,20.70125,34.9375,5.125,7.0062500000000005,2.3125,4.125,0.25
00-0036355,2023,Justin Herbert,QB,LAC,13,456,297,3134,20,7,29,3490,1568,27.91685552285654,-1.60073066478548,52,228,3,5.38458910104854,234.16,2.4,158,36,42,107,23.464912280701753,71,15.570175438596493,76.2,4.9,11,11.0,68.0,80.0,,,,,456,0.34649122807017546,0.17543859649122806,0.14912280701754385,2.79673903508772,5.08114478114478,7.87076576576577,-2.78962098462099,16.6666666666667,-0.766621621621622,64.6563588776381,0.475220069730355,21.6890161103302,58.570315006836,93.2200292397661,516,42.40359012649601,-137.82890886068344,443,29.0,31.0,3490.0,456,74.0,64.1,63.6,22.2,564.0,69.8,10.0,5.0,5.0,-4.930143755977042,0.6513157894736842,6.87280701754386,7.6535087719298245,0.043859649122807015,0.015350877192982455,2.857142857142857,0.0821775002451473,-0.3111262051031229,0.0562015503875969,0.060077519379844964,0.1996124031007752,21.0,-0.4930143755977042,40.8,0.1742398360095661,35.07692307692308,241.07692307692307,1.5384615384615385,0.5384615384615384,4.0,17.53846153846154,0.23076923076923078,18.012307692307694,39.69230769230769,1.6153846153846154,3.1384615384615384,2.230769230769231,2.3846153846153846,0.38461538461538464
00-0029263,2023,Russell Wilson,QB,DEN,15,447,297,3070,26,8,45,3189,1735,-15.177197524168925,4.476181808491347,80,341,3,17.56566172705451,256.9,2.7,144,42,48,135,30.201342281879196,55,12.304250559284116,77.9,4.1,26,11.0,30.0,94.0,,,,,447,0.3221476510067114,0.21029082774049218,0.06711409395973154,3.06003611738149,4.57855218855219,7.47235011990408,-2.89379793135189,12.3042505592841,-1.46769784172662,65.1055154709408,1.33743754919342,20.7214062376578,61.2006576762048,98.0005592841163,524,-2.819537338323042,2014.0134155750275,415,45.0,36.0,3188.0,443,106.0,50.7,50.0,0.0,596.0,48.5,29.0,5.0,18.0,14.272415399580126,0.6644295302013423,6.868008948545861,7.134228187919463,0.058165548098434,0.017897091722595078,3.25,-0.005380796447181378,4.853044374879584,0.08587786259541985,0.06870229007633588,0.2881679389312977,44.0,0.49215225515793537,52.1,0.20280264694433633,29.8,204.66666666666666,1.7333333333333334,0.5333333333333333,5.333333333333333,22.733333333333334,0.2,17.126666666666665,34.93333333333333,2.933333333333333,3.4733333333333336,3.0,2.4,0.3333333333333333
00-0037834,2023,Brock Purdy,QB,SF,16,444,308,4280,31,11,28,3636,2034,143.75355856953522,5.788618555944519,39,144,2,11.427492490520343,295.6,2.6,142,28,42,98,22.07207207207207,70,15.765765765765765,75.5,2.1,12,13.0,24.0,93.0,,,,,444,0.31981981981981983,0.20945945945945946,0.05405405405405406,2.87756561085973,7.22178571428572,8.32177570093458,-1.09998998664886,12.8378378378378,-0.825420560747664,66.8446842320348,2.52468513733461,20.6325247582067,57.5408072588489,113.006756756757,486,156.2894630720257,2298.9170283079147,427,28.0,17.0,3637.0,441,70.0,72.8,73.0,37.2,530.0,76.9,9.0,2.0,5.0,6.896825003525009,0.6936936936936937,9.63963963963964,8.18918918918919,0.06981981981981981,0.024774774774774775,2.8181818181818183,0.32158325734984716,5.383880628355772,0.05761316872427984,0.03497942386831276,0.20164609053497942,22.0,0.7663138892805565,26.4,0.08930987821380243,27.75,267.5,1.9375,0.6875,2.4375,9.0,0.125,18.475,30.375,1.375,1.65,1.75,1.0625,0.125
00-0033949,2023,Joshua Dobbs,QB,ARI,13,417,262,2464,13,10,30,3320,1003,-81.59065717074795,-2.0036268541385103,77,421,6,15.570617508027008,200.66,,121,23,58,111,26.618705035971225,67,16.06714628297362,70.0,3.7,13,9.0,40.0,86.0,,,,,417,0.290167865707434,0.20623501199040767,0.09592326139088729,2.95324700239808,5.45389312977099,7.60005012531328,-2.14615699554229,15.5875299760192,-1.31974937343358,63.1817792736583,-0.352043062627168,20.6851157481835,55.7720082120054,79.4614308553157,481,-54.955599609343196,-706.1861664056778,398,30.0,34.0,3320.0,417,87.0,51.8,51.7,2.7,556.0,46.7,33.0,2.0,10.0,-0.16468374751275405,0.6282973621103117,5.908872901678657,7.961630695443645,0.03117505995203837,0.023980815347721823,1.3,-0.11425280584063034,-1.7743371015218035,0.062370062370062374,0.07068607068607069,0.24324324324324326,43.0,-0.004990416591295578,78.1,0.3892155885577594,32.07692307692308,189.53846153846155,1.0,0.7692307692307693,5.923076923076923,32.38461538461539,0.46153846153846156,15.435384615384615,37.0,3.3076923076923075,6.007692307692308,2.3076923076923075,2.6153846153846154,0.15384615384615385
00-0038122,2023,Desmond Ridder,QB,ATL,15,388,249,2836,12,12,31,3184,1222,-32.240741175844256,-0.08999737659578591,53,193,5,-14.435817157684573,177.14,2.3,90,26,28,85,21.90721649484536,55,14.175257731958762,75.5,4.5,11,12.0,65.0,100.0,,,,,388,0.23195876288659795,0.25773195876288657,0.16752577319587628,2.69510880829016,6.24016064257028,8.14781333333333,-1.90765269076305,14.9484536082474,-0.670853333333333,65.6236695490547,-1.44841181709594,20.8386330873259,58.870003397316,83.4407216494846,436,-23.694432502872274,-500.8256360888481,375,31.0,19.0,3183.0,386,55.0,40.1,42.8,-10.1,496.0,33.2,21.0,1.0,5.0,-2.4932894646190107,0.6417525773195877,7.309278350515464,8.206185567010309,0.030927835051546393,0.030927835051546393,1.0,-0.05434502867631256,-1.3355350295702617,0.07110091743119266,0.04357798165137615,0.19724770642201836,34.0,-0.11872806974376242,49.3,0.2783109404990403,25.866666666666667,189.06666666666666,0.8,0.8,3.533333333333333,12.866666666666667,0.3333333333333333,11.809333333333333,29.066666666666666,2.2666666666666666,3.2866666666666666,2.066666666666667,1.2666666666666666,0.06666666666666667
00-0036945,2023,Justin Fields,QB,CHI,13,370,227,2562,16,9,44,2961,1224,-38.19047671384596,0.427988202307978,124,657,4,25.814752091875896,230.17999999999998,2.8,143,44,33,121,32.7027027027027,58,15.675675675675677,73.0,3.8,25,11.0,60.0,73.0,,,,,370,0.3864864864864865,0.1972972972972973,0.16216216216216217,3.22979189189189,5.82960352422908,8.52350877192983,-2.69390524770075,12.1621621621622,-0.757192982456141,60.9882387267174,0.363112624633956,22.6794701830723,59.3788986088493,86.3400900900901,457,-8.639074864246894,268.75689178705215,339,44.0,43.0,2961.0,370,78.0,46.1,48.6,-2.3,567.0,43.6,73.0,3.0,14.0,2.9311552257076348,0.6135135135135135,6.924324324324324,8.002702702702702,0.043243243243243246,0.024324324324324326,1.7777777777777777,-0.018903883729205456,0.7927931911122482,0.0962800875273523,0.09409190371991247,0.26695842450765866,81.0,0.04015281131106349,89.7,0.38969502128768796,28.46153846153846,197.07692307692307,1.2307692307692308,0.6923076923076923,9.538461538461538,50.53846153846154,0.3076923076923077,17.706153846153846,35.15384615384615,6.230769230769231,6.9,3.3846153846153846,3.3076923076923075,0.23076923076923078
00-0037013,2023,Zach Wilson,QB,NYJ,12,368,221,2271,8,7,46,2672,1113,-101.19415159158766,-4.410642764026912,36,211,0,-16.857526996651238,119.94,2.5,113,47,41,134,36.41304347826087,54,14.673913043478262,77.4,6.4,20,8.0,15.0,74.0,,,,,368,0.3070652173913043,0.20108695652173914,0.04076086956521739,2.90549863013699,5.04954751131222,7.48904069767442,-2.4394931863622,18.75,-1.9440988372093,61.6034946520813,-1.54914682599433,20.9463914685276,63.7195260497126,77.1625905797102,436,-103.88349435137262,-1072.6883441209793,343,46.0,25.0,2672.0,365,82.0,30.6,31.6,-25.9,474.0,15.8,3.0,0.0,2.0,-1.753462036140263,0.6005434782608695,6.171195652173913,7.260869565217392,0.021739130434782608,0.019021739130434784,1.1428571428571428,-0.23826489530131334,-3.127371265658832,0.10550458715596331,0.05733944954128441,0.29357798165137616,11.0,-0.5844873453800877,21.1,0.17592129398032352,30.666666666666668,189.25,0.6666666666666666,0.5833333333333334,3.0,17.583333333333332,0.0,9.995,36.333333333333336,0.9166666666666666,1.7583333333333335,3.8333333333333335,2.0833333333333335,0.0
00-0036442,2023,Joe Burrow,QB,CIN,10,365,244,2309,15,6,24,2347,1239,6.095037059046869,1.0097979794640333,31,88,0,-3.51224151739735,147.16,2.2,83,13,37,74,20.273972602739725,52,14.246575342465754,75.6,5.9,11,10.0,55.0,35.0,,,,,365,0.2273972602739726,0.0958904109589041,0.1506849315068493,2.53821703296703,4.48348360655738,6.49681818181818,-2.0133345752608,11.5068493150685,-1.77875,65.5902587749983,1.25905629349489,20.4982871686508,58.1151563707782,90.9988584474886,402,8.379983735177557,433.0468490719795,351,24.0,14.0,2347.0,363,63.0,51.6,51.1,1.3,431.0,38.0,5.0,0.0,2.0,-1.7536496160028037,0.6684931506849315,6.326027397260274,6.4301369863013695,0.0410958904109589,0.01643835616438356,2.5,0.020845730684521287,1.2337517067577763,0.05970149253731343,0.03482587064676617,0.21641791044776118,17.0,-0.35072992320056073,8.8,0.05979885838543083,36.5,230.9,1.5,0.6,3.1,8.8,0.0,14.716,40.2,1.7,0.8800000000000001,2.4,1.4,0.0
00-0036972,2023,Mac Jones,QB,NE,11,345,224,2120,10,12,22,2410,1211,-54.70160128159111,-3.5490088673236175,26,96,0,-5.370463597837632,106.4,2.2,92,30,24,76,22.028985507246375,54,15.65217391304348,74.9,4.7,6,8.0,28.0,51.0,,,,,345,0.26666666666666666,0.14782608695652175,0.08115942028985507,2.46166666666667,4.00651785714286,7.01038348082596,-3.0038656236831,18.5507246376812,-1.72412979351032,65.5182354519333,-0.590699220049217,20.3426723716557,62.250925294328,76.9625603864734,379,-50.3272184628478,-980.6502431631088,339,22.0,12.0,2410.0,345,49.0,36.7,37.7,-14.6,413.0,21.6,9.0,0.0,5.0,-2.020742528288194,0.6492753623188405,6.144927536231884,6.9855072463768115,0.028985507246376812,0.034782608695652174,0.8333333333333334,-0.13278949462492823,-2.8927735786522386,0.05804749340369393,0.0316622691292876,0.18733509234828497,14.0,-0.2245269475875771,9.600000000000001,0.09022556390977444,31.363636363636363,192.72727272727272,0.9090909090909091,1.0909090909090908,2.3636363636363638,8.727272727272727,0.0,9.672727272727274,34.45454545454545,1.2727272727272727,0.8727272727272729,2.0,1.0909090909090908,0.0
00-0038579,2023,Aidan O'Connell,QB,LV,11,343,213,2218,12,7,24,2561,1063,-17.79960778944837,-3.612946339713688,17,11,1,-4.116635266691447,125.82,2.4,101,7,22,53,15.451895043731778,56,16.3265306122449,72.8,4.6,19,7.0,13.0,73.0,,,,,343,0.2944606413994169,0.21282798833819241,0.037900874635568516,2.80093567251462,5.3081220657277,7.42325077399381,-2.11512870826611,15.7434402332362,-1.5705572755418,64.4204809088749,-2.32135554444338,20.8801250739708,57.4915445957056,83.9346452866861,366,-16.629435600479095,-1256.9430023431778,322,24.0,0.0,2561.0,342,47.0,40.5,40.4,-10.8,390.0,21.3,10.0,3.0,3.0,0.950265112624038,0.6209912536443148,6.466472303206997,7.466472303206997,0.03498542274052478,0.02040816326530612,1.7142857142857142,-0.045435616394751625,-3.9035496967179433,0.06557377049180328,0.0,0.19398907103825136,17.0,0.0950265112624038,7.1,0.05642982037831823,31.181818181818183,201.63636363636363,1.0909090909090908,0.6363636363636364,1.5454545454545454,1.0,0.09090909090909091,11.438181818181818,33.27272727272727,1.5454545454545454,0.6454545454545454,2.1818181818181817,0.0,0.2727272727272727
00-0038102,2023,Kenny Pickett,QB,PIT,12,324,201,2070,6,4,23,2288,1046,-41.18849194660606,-1.6024504285975751,42,54,1,-5.162880042978561,110.2,2.4,81,33,37,93,28.703703703703702,57,17.59259259259259,71.6,3.5,13,9.0,18.0,46.0,,,,,324,0.25,0.1419753086419753,0.05555555555555555,2.81082972136223,4.87348258706468,7.13932258064516,-2.26583999358049,20.0617283950617,-1.49616129032258,61.7291834952747,0.307853541762377,21.5756185245694,54.8749268792224,81.4300411522634,360,-36.19492297838922,-657.3331892490387,310,23.0,14.0,2288.0,323,59.0,38.1,35.4,-16.6,389.0,17.6,9.0,1.0,7.0,4.4038288605515845,0.6203703703703703,6.388888888888889,7.061728395061729,0.018518518518518517,0.012345679012345678,1.5,-0.10054145271774784,-2.1204296427388347,0.06388888888888888,0.03888888888888889,0.22777777777777777,28.0,0.4893143178390649,11.4,0.10344827586206896,27.0,172.5,0.5,0.3333333333333333,3.5,4.5,0.08333333333333333,9.183333333333334,30.0,2.3333333333333335,0.9500000000000001,1.9166666666666667,1.1666666666666667,0.08333333333333333
00-0029604,2023,Kirk Cousins,QB,MIN,8,311,216,2331,18,5,17,2252,996,37.10304547110403,4.46914001071989,14,25,0,1.687368624610836,149.74,2.5,106,21,45,83,26.688102893890676,39,12.540192926045016,82.2,5.3,5,3.0,15.0,85.0,,,,,311,0.3408360128617363,0.2733118971061093,0.04823151125401929,2.85881229773463,6.11986111111111,7.24705298013245,-1.12719186902134,13.8263665594855,-1.30923841059603,64.8943201006896,4.55905610509817,20.2410854226483,47.7241427371933,103.784833869239,329,40.12863468434495,1294.933058321476,302,17.0,3.0,2251.0,309,65.0,63.2,65.0,15.9,364.0,46.4,7.0,1.0,3.0,4.842567712417804,0.6945337620578779,7.495176848874598,7.241157556270096,0.05787781350482315,0.01607717041800643,3.6,0.12197153399496946,4.28785780901151,0.05167173252279635,0.00911854103343465,0.24924012158054712,11.0,0.6917953874882576,2.5,0.016695605716575395,38.875,291.375,2.25,0.625,1.75,3.125,0.0,18.7175,41.125,1.375,0.3125,2.125,0.375,0.125
00-0035228,2023,Kyler Murray,QB,ARI,8,268,176,1799,10,5,18,1935,977,-16.66646907547617,-2.0872703704623965,44,244,3,6.737884347918384,146.36,2.4,73,20,19,57,21.26865671641791,35,13.059701492537313,74.8,3.8,5,10.0,32.0,44.0,,,,,268,0.27238805970149255,0.16417910447761194,0.11940298507462686,2.79978651685393,4.47017045454545,7.07057034220532,-2.60039988765987,15.2985074626866,-2.33627376425856,68.6136035526644,-2.94196176161961,19.8023229422329,56.8817809144545,89.443407960199,301,-0.7238242729158819,-596.5974733233452,262,18.0,16.0,1935.0,267,31.0,47.2,49.0,-1.0,354.0,27.0,22.0,5.0,4.0,2.1349737828285367,0.6567164179104478,6.712686567164179,7.220149253731344,0.03731343283582089,0.018656716417910446,2.0,-0.002404731803707249,-2.2770895928371955,0.059800664451827246,0.053156146179401995,0.16279069767441862,28.0,0.09704426285584257,42.400000000000006,0.2896966384257994,33.5,224.875,1.25,0.625,5.5,30.5,0.375,18.295,37.625,3.5,5.300000000000001,2.25,2.0,0.625
00-0039152,2023,Will Levis,QB,TEN,9,255,149,1808,8,4,28,2688,746,-12.833490839610915,-0.9152967482196933,25,57,1,-9.428326834575282,102.02,2.5,88,8,46,82,32.15686274509804,41,16.07843137254902,67.1,4.9,7,5.0,20.0,61.0,,,,,255,0.34509803921568627,0.23921568627450981,0.0784313725490196,2.84593280632411,6.72080536912752,10.5097165991903,-3.78891123006277,15.6862745098039,1.37206477732794,61.6123253070549,-3.18095275803523,24.0855884789832,60.236139484532,84.2401960784314,290,-6.594618705980238,-94.50470060110092,247,28.0,9.0,2688.0,253,70.0,,,,,,4.0,1.0,3.0,0.2803860197891481,0.5843137254901961,7.090196078431372,10.541176470588235,0.03137254901960784,0.01568627450980392,2.0,-0.022740064503380134,-0.38261012389109683,0.09655172413793103,0.03103448275862069,0.33793103448275863,16.0,0.07009650494728703,11.7,0.11468339541266417,28.333333333333332,200.88888888888889,0.8888888888888888,0.4444444444444444,2.7777777777777777,6.333333333333333,0.1111111111111111,11.335555555555555,32.22222222222222,1.7777777777777777,1.2999999999999998,3.111111111111111,1.0,0.1111111111111111
00-0035100,2023,Jake Browning,QB,CIN,9,243,171,1936,12,7,24,1554,1109,23.352077136490976,-1.17614991445603,27,127,3,9.535520887743427,144.44,2.5,80,25,26,75,30.864197530864196,23,9.465020576131687,79.1,3.8,8,7.0,23.0,34.0,,,,,243,0.3292181069958848,0.13991769547325103,0.09465020576131687,2.72861316872428,4.68304093567252,6.32114893617021,-1.6381080004977,16.4609053497942,-2.47885106382979,67.0837814302602,3.28658894011022,20.2913034005011,53.4343756396573,98.3796296296296,283,32.8855805179244,904.7039702534676,234,24.0,16.0,1554.0,243,48.0,60.1,55.1,4.5,314.0,28.8,7.0,3.0,4.0,0.7344059397000819,0.7037037037037037,7.967078189300412,6.395061728395062,0.04938271604938271,0.02880658436213992,1.7142857142857142,0.11620346472764807,3.8662562831344767,0.08480565371024736,0.05653710247349823,0.254416961130742,11.0,0.10491513424286884,30.700000000000003,0.212545001384658,27.0,215.11111111111111,1.3333333333333333,0.7777777777777778,3.0,14.11111111111111,0.3333333333333333,16.04888888888889,31.444444444444443,1.2222222222222223,3.4111111111111114,2.6666666666666665,1.7777777777777777,0.3333333333333333
00-0029701,2023,Ryan Tannehill,QB,TEN,9,230,149,1616,4,7,32,1816,795,-22.866367662793948,1.7786124560076952,17,74,1,-4.067895085056084,80.03999999999999,2.4,65,10,30,72,31.30434782608696,31,13.478260869565217,75.1,5.4,7,5.0,14.0,58.0,,,,,230,0.2826086956521739,0.25217391304347825,0.06086956521739131,2.69201754385965,5.19919463087248,7.89873873873874,-2.69954410786625,13.9130434782609,-1.10126126126126,64.4315941332151,0.351014562437058,20.6284668558352,62.2146132351556,78.4601449275362,268,-19.496621936213163,231.48036003112793,222,32.0,8.0,1817.0,228,64.0,,,,,,3.0,0.0,0.0,0.6937172036268748,0.6478260869565218,7.026086956521739,7.895652173913043,0.017391304347826087,0.030434782608695653,0.5714285714285714,-0.07274858931422822,1.0427043244645402,0.11940298507462686,0.029850746268656716,0.3582089552238806,9.0,0.23123906787562495,13.4,0.16741629185407297,25.555555555555557,179.55555555555554,0.4444444444444444,0.7777777777777778,1.8888888888888888,8.222222222222221,0.1111111111111111,8.893333333333333,29.77777777777778,1.0,1.488888888888889,3.5555555555555554,0.8888888888888888,0.0
00-0038108,2023,Bailey Zappe,QB,NE,10,212,127,1272,6,9,25,1686,637,-81.79545271547403,-7.991986088099635,17,83,1,4.63150148303249,69.18,2.4,82,14,11,50,23.58490566037736,41,19.339622641509436,71.4,3.4,8,5.0,14.0,34.0,,,,,212,0.3867924528301887,0.16037735849056603,0.0660377358490566,2.7442654028436,4.77031496062992,7.7228855721393,-2.95257061150938,19.811320754717,-1.2771144278607,62.1154875617545,-2.20982718439596,20.8327290195138,56.3380439845048,68.75,246,-76.07128869753836,-894.3956285715103,202,25.0,10.0,1684.0,211,39.0,,,,,,6.0,0.0,2.0,-1.3434212961583398,0.5990566037735849,6.0,7.952830188679245,0.02830188679245283,0.04245283018867924,0.6666666666666666,-0.3092328808843023,-4.42770113154213,0.1016260162601626,0.04065040650406504,0.2601626016260163,7.0,-0.22390354935972331,14.3,0.20670714079213645,21.2,127.2,0.6,0.9,1.7,8.3,0.1,6.918000000000001,24.6,0.7,1.4300000000000002,2.5,1.0,0.0
00-0026158,2023,Joe Flacco,QB,CLE,5,204,123,1616,13,8,8,1910,678,-0.5545871609025683,-2.7070890259047453,9,2,0,-0.46994597681013106,100.84,2.6,46,19,14,41,20.098039215686274,35,17.15686274509804,70.1,4.6,7,3.0,9.0,63.0,,,,,204,0.22549019607843138,0.3088235294117647,0.04411764705882353,3.01353921568628,7.51349593495935,9.25456852791878,-1.74107259295943,19.1176470588235,0.371319796954314,61.3374005099211,-1.04328286286225,23.1109343480284,56.7639648016239,90.2369281045752,212,-1.607587160902579,-566.4944291114807,197,8.0,0.0,1910.0,204,21.0,,,,,,4.0,0.0,3.0,2.212623175457985,0.6029411764705882,7.921568627450981,9.362745098039216,0.06372549019607843,0.0392156862745098,1.625,-0.00758295830614424,-2.875606239144572,0.03773584905660377,0.0,0.13679245283018868,9.0,0.5531557938644962,0.2,0.0019833399444664818,40.8,323.2,2.6,1.6,1.8,0.4,0.0,20.168,42.4,1.8,0.04,1.6,0.0,0.0
00-0028118,2023,Tyrod Taylor,QB,NYG,10,180,116,1341,5,3,17,1541,578,1.1690156966540073,-0.6149158864764823,38,197,0,-0.41283654625415356,87.34,2.3,55,19,15,51,28.333333333333332,24,13.333333333333334,80.7,6.6,8,1.0,17.0,24.0,,,,,180,0.3055555555555556,0.13333333333333333,0.09444444444444444,2.8041724137931,6.23913793103448,8.75335365853659,-2.5142157275021,11.1111111111111,-0.655182926829268,62.54700369719,1.89744074725442,21.4344869801692,62.0567522514674,89.1435185185185,217,3.6822547506835934,719.1398024559021,164,17.0,26.0,1542.0,174,31.0,,,,,,7.0,0.0,3.0,2.708283964457223,0.6444444444444445,7.45,8.561111111111112,0.027777777777777776,0.016666666666666666,1.6666666666666667,0.01696891590176771,4.384998795462818,0.07834101382488479,0.11981566820276497,0.22119815668202766,12.0,0.38689770920817473,19.700000000000003,0.22555530112205177,18.0,134.1,0.5,0.3,3.8,19.7,0.0,8.734,21.7,1.2,1.9700000000000002,1.7,2.6,0.0
00-0038476,2023,Tommy DeVito,QB,NYG,9,178,114,1101,8,3,37,1149,583,-49.32223220494571,-3.201315709669714,36,195,1,-3.2305081719738986,93.54,2.6,68,16,9,62,34.831460674157306,21,11.797752808988763,76.8,4.8,10,7.0,16.0,19.0,,,,,178,0.38202247191011235,0.10674157303370786,0.0898876404494382,2.98798876404494,4.52324561403509,6.45029761904762,-1.92705200501253,10.1123595505618,-3.78184523809524,67.6083736875084,-3.56342986728369,21.6469733828638,53.1120146482884,89.185393258427,237,-52.24359167202455,-487.64638006687164,168,37.0,22.0,1149.0,178,45.0,,,,,,10.0,0.0,2.0,4.716911375959171,0.6404494382022472,6.185393258426966,6.455056179775281,0.0449438202247191,0.016853932584269662,2.6666666666666665,-0.22043709566255085,-2.9026570242075693,0.15611814345991562,0.09282700421940929,0.3459915611814346,14.0,0.4716911375959171,25.5,0.27261064785118666,19.77777777777778,122.33333333333333,0.8888888888888888,0.3333333333333333,4.0,21.666666666666668,0.1111111111111111,10.393333333333334,26.333333333333332,1.5555555555555556,2.8333333333333335,4.111111111111111,2.4444444444444446,0.0
00-0035282,2023,Easton Stick,QB,LAC,5,174,111,1129,3,1,14,1204,581,-34.01198611579239,-4.906205812777138,27,144,1,8.03756701856037,67.56,2.4,67,6,11,31,17.81609195402299,32,18.39080459770115,71.2,4.7,3,5.0,35.0,25.0,,,,,174,0.3850574712643678,0.14367816091954022,0.20114942528735633,2.8234161849711,4.6890990990991,7.04289940828402,-2.35380030918492,16.0919540229885,-1.86834319526627,65.6786992696339,-1.885595821358,20.8213549144283,58.5205895390674,85.632183908046,196,-25.622814637235074,-812.5000700354576,169,14.0,9.0,1204.0,173,25.0,,,,,,18.0,2.0,4.0,1.5602887489367276,0.6379310344827587,6.488505747126437,6.919540229885057,0.017241379310344827,0.005747126436781609,3.0,-0.1307286461083422,-4.807692722103299,0.07142857142857142,0.04591836734693878,0.1989795918367347,18.0,0.08668270827426265,20.4,0.30195381882770866,34.8,225.8,0.6,0.2,5.4,28.8,0.2,13.512,39.2,3.6,4.08,2.8,1.8,0.4
00-0033537,2023,Deshaun Watson,QB,CLE,6,171,105,1115,7,4,17,1593,499,-18.95016180069801,-6.04402080249002,26,142,1,9.93737510554055,86.8,2.5,59,13,18,48,28.07017543859649,34,19.883040935672515,71.5,7.3,5,4.0,20.0,34.0,,,,,171,0.34502923976608185,0.19883040935672514,0.11695906432748537,3.05751176470588,5.58895238095238,9.10727272727273,-3.51832034632034,15.7894736842105,-0.432121212121212,64.2350828656328,-2.83157409370293,22.2095759537153,61.6454483315678,84.3201754385965,204,-12.553060675117877,-53.806380927562714,165,17.0,17.0,1593.0,170,34.0,,,,,,8.0,0.0,1.0,-0.1435222133411802,0.6140350877192983,6.52046783625731,9.31578947368421,0.04093567251461988,0.023391812865497075,1.75,-0.06153461115253861,-0.32609927834886493,0.08333333333333333,0.08333333333333333,0.25,9.0,-0.017940276667647526,20.200000000000003,0.23271889400921664,28.5,185.83333333333334,1.1666666666666667,0.6666666666666666,4.333333333333333,23.666666666666668,0.16666666666666666,14.466666666666667,34.0,1.5,3.366666666666667,2.8333333333333335,2.8333333333333335,0.0
00-0031345,2023,Jimmy Garoppolo,QB,LV,7,169,110,1205,7,9,14,1364,468,-18.10863541386206,-11.149824955668361,20,39,0,-2.7111202365194864,64.1,2.5,51,5,15,34,20.118343195266274,30,17.75147928994083,70.9,3.0,3,5.0,3.0,37.0,,,,,169,0.30177514792899407,0.21893491124260356,0.01775147928994083,2.93774404761905,6.56563636363636,8.06139393939394,-1.49575757575758,15.9763313609467,-0.914363636363636,65.9965387506951,-0.907781354245344,20.3546480619488,54.7088767934419,77.6503944773176,190,-17.60929394749999,-321.0720956325531,165,14.0,8.0,1366.0,168,31.0,,,,,,5.0,0.0,4.0,-1.130149638192961,0.650887573964497,7.1301775147929,8.071005917159763,0.04142011834319527,0.05325443786982249,0.7777777777777778,-0.09268049446052626,-1.94589148868214,0.07368421052631578,0.042105263157894736,0.23684210526315788,12.0,-0.2260299276385922,3.9000000000000004,0.0608424336973479,24.142857142857142,172.14285714285714,1.0,1.2857142857142858,2.857142857142857,5.571428571428571,0.0,9.157142857142857,27.142857142857142,1.7142857142857142,0.5571428571428572,2.0,1.1428571428571428,0.0
00-0035710,2023,Daniel Jones,QB,NYG,6,160,108,909,2,6,30,1096,440,-61.40200420571688,-2.567217381517397,40,206,1,5.834527820233802,56.96,2.3,47,17,17,64,40.0,21,13.125,78.4,3.9,7,5.0,30.0,30.0,,,,,160,0.29375,0.1875,0.1875,2.7349875,4.13731481481481,6.77287581699346,-2.63556100217865,10.0,-2.59313725490196,67.0237652305514,0.476234769448638,19.8286766450131,55.4709617728051,70.546875,210,-47.10007534569657,42.78863221406937,153,30.0,20.0,1096.0,160,45.0,,,,,,18.0,0.0,6.0,-4.141019627510104,0.675,5.68125,6.85,0.0125,0.0375,0.3333333333333333,-0.22428607307474555,0.2796642628370547,0.14285714285714285,0.09523809523809523,0.35714285714285715,20.0,-0.23005664597278358,26.6,0.46699438202247195,26.666666666666668,151.5,0.3333333333333333,1.0,6.666666666666667,34.333333333333336,0.16666666666666666,9.493333333333334,35.0,3.3333333333333335,4.433333333333334,5.0,3.3333333333333335,0.0
00-0032156,2023,Trevor Siemian,QB,NYJ,5,153,86,724,2,4,8,814,471,-54.59470523672371,-11.802561215077978,11,40,0,-7.309838077169844,26.96,2.2,46,4,16,28,18.30065359477124,33,21.568627450980394,66.9,1.4,8,4.0,1.0,19.0,,,,,153,0.3006535947712418,0.12418300653594772,0.006535947712418301,2.52671241830065,2.64988372093023,5.73631944444444,-3.08643572351421,16.9934640522876,-3.79840277777778,64.9970597593613,-8.78790943256391,18.6150654761645,48.6692027878,62.1051198257081,167,-57.393975382900834,-1285.6603741645813,144,8.0,6.0,814.0,153,22.0,,,,,,3.0,0.0,2.0,2.9624936596956104,0.5620915032679739,4.73202614379085,5.3202614379084965,0.013071895424836602,0.026143790849673203,0.5,-0.3436764992988074,-8.928197042809593,0.04790419161676647,0.03592814371257485,0.17964071856287425,5.0,0.9874978865652034,4.0,0.14836795252225518,30.6,144.8,0.4,0.8,2.2,8.0,0.0,5.392,33.4,1.0,0.8,1.6,1.2,0.0
00-0033319,2023,Nick Mullens,QB,MIN,5,148,100,1306,7,8,12,1380,477,12.296868768923831,5.1775642197248475,10,25,0,-0.023295919862794,66.74000000000001,2.5,44,12,25,49,33.108108108108105,29,19.594594594594593,73.1,0.7,2,4.0,12.0,54.0,,,,,148,0.2972972972972973,0.36486486486486486,0.08108108108108109,3.06501360544218,8.1991,9.78472222222222,-1.58562222222222,16.8918918918919,0.381944444444444,62.1619942019115,5.4055733656561,23.2004189695589,50.1837045264696,88.4009009009009,164,16.294372940154474,808.2058370113373,143,12.0,5.0,1380.0,147,43.0,,,,,,5.0,0.0,3.0,-3.750183515367098,0.6756756756756757,8.824324324324325,9.324324324324325,0.0472972972972973,0.05405405405405406,0.875,0.09935593256191752,5.651789070009352,0.07317073170731707,0.03048780487804878,0.3353658536585366,5.0,-0.7500367030734196,2.5,0.03745879532514234,29.6,261.2,1.4,1.6,2.0,5.0,0.0,13.348000000000003,32.8,1.0,0.5,2.4,1.0,0.0
00-0038416,2023,Tyson Bagent,QB,CHI,5,143,94,859,3,6,5,814,498,-26.364747292077872,-1.6293093796840101,23,109,2,11.023287959246264,53.26,2.6,48,11,10,26,18.181818181818183,19,13.286713286713287,76.8,4.3,5,4.0,15.0,21.0,,,,,143,0.3356643356643357,0.14685314685314685,0.1048951048951049,2.88642657342657,3.6786170212766,6.15608695652174,-2.47746993524514,12.5874125874126,-2.23521739130435,67.6310438636717,-1.89677812940592,20.9342132838627,53.5329141743657,71.4015151515152,159,-15.422954680482832,-335.69647669792175,138,5.0,11.0,814.0,143,14.0,,,,,,9.0,3.0,2.0,2.2071336131193675,0.6573426573426573,6.006993006993007,5.6923076923076925,0.02097902097902098,0.04195804195804196,0.5,-0.09699971497159014,-2.432583164477694,0.031446540880503145,0.06918238993710692,0.11949685534591195,12.0,0.24523706812437418,22.9,0.42996620352985354,28.6,171.8,0.6,1.2,4.6,21.8,0.4,10.652,31.8,2.4,4.58,1.0,2.2,0.6
00-0031800,2023,Taylor Heinicke,QB,ATL,5,136,74,890,5,4,8,1136,508,-1.6432791084098897,-9.107390350367785,15,124,1,10.07504978842917,66.0,2.5,37,9,13,30,22.058823529411764,31,22.794117647058822,69.5,6.3,6,2.0,18.0,31.0,,,,,136,0.27205882352941174,0.22794117647058823,0.1323529411764706,2.88202985074627,5.00162162162162,8.436953125,-3.43533150337838,13.2352941176471,-0.406796875,63.1202865227619,-8.70852181687951,22.2118368993993,61.5449916727592,74.6936274509804,155,10.08707451702816,-1154.0536314249039,127,8.0,13.0,1136.0,134,21.0,,,,,,,,,,0.5441176470588235,6.544117647058823,8.352941176470589,0.03676470588235294,0.029411764705882353,1.25,0.0650779001098591,-9.087036467912629,0.05161290322580645,0.08387096774193549,0.1870967741935484,2.0,,18.4,0.27878787878787875,27.2,178.0,1.0,0.8,3.0,24.8,0.2,13.2,31.0,0.4,3.6799999999999997,1.6,2.6,
00-0038583,2023,Dorian Thompson-Robinson,QB,CLE,7,112,60,440,1,4,6,662,204,-39.527130096777746,-2.7354787005536316,14,65,0,1.785105585804671,22.1,2.4,38,7,10,23,20.535714285714285,21,18.75,69.8,10.4,4,2.0,17.0,9.0,,,,,112,0.3392857142857143,0.08035714285714286,0.15178571428571427,,,,,,,,,,,,121,-38.33649131463101,-1223.756617307663,105,6.0,5.0,662.0,110,15.0,,,,,,7.0,0.0,3.0,1.7964582868735306,0.5357142857142857,3.9285714285714284,5.910714285714286,0.008928571428571428,0.03571428571428571,0.25,-0.3168305067324877,-11.654824926739646,0.049586776859504134,0.04132231404958678,0.17355371900826447,9.0,0.25663689812479007,6.5,0.2941176470588235,16.0,62.857142857142854,0.14285714285714285,0.5714285714285714,2.0,9.285714285714286,0.0,3.1571428571428575,17.285714285714285,1.2857142857142858,0.9285714285714286,0.8571428571428571,0.7142857142857143,0.0
00-0033275,2023,PJ Walker,QB,CLE,5,111,54,674,1,5,11,902,398,-34.96473336488794,-14.117007864949542,13,30,0,-5.25156283569355,19.959999999999997,2.6,29,8,20,39,35.13513513513514,32,28.82882882882883,57.0,5.6,3,4.0,9.0,23.0,,,,,111,0.26126126126126126,0.2072072072072072,0.08108108108108109,,,,,,,,,,,,125,-35.696044127630664,-1361.870214343071,105,11.0,4.0,902.0,110,29.0,,,,,,4.0,0.0,1.0,1.0683259646757506,0.4864864864864865,6.072072072072072,8.126126126126126,0.009009009009009009,0.04504504504504504,0.2,-0.28556835302104533,-12.970192517553057,0.088,0.032,0.32,9.0,0.26708149116893765,3.0,0.15030060120240482,22.2,134.8,0.2,1.0,2.6,6.0,0.0,3.9919999999999995,25.0,1.8,0.6,2.2,0.8,0.0
00-0033869,2023,Mitchell Trubisky,QB,PIT,5,107,67,632,4,5,7,983,274,-18.59653193984247,-3.8944815522874476,16,54,2,-0.6899640021729243,48.68,2.4,18,6,8,21,19.626168224299064,20,18.69158878504673,78.1,4.8,1,1.0,4.0,8.0,,,,,107,0.16822429906542055,0.07476635514018691,0.037383177570093455,,,,,,,,,,,,121,-18.63246368135582,-232.47700929641724,104,7.0,8.0,983.0,106,18.0,,,,,,5.0,3.0,2.0,4.275162253470626,0.6261682242990654,5.906542056074766,9.186915887850468,0.037383177570093455,0.04672897196261682,0.8,-0.15398730315170098,-2.2353558586193967,0.05785123966942149,0.06611570247933884,0.2066115702479339,8.0,0.8550324506941251,17.4,0.3574363188167625,21.4,126.4,0.8,1.0,3.2,10.8,0.4,9.736,24.2,1.6,3.4799999999999995,1.4,1.6,0.6
00-0039164,2023,Anthony Richardson,QB,IND,4,84,50,577,3,1,7,676,297,6.693791287072109,-5.170242844717475,25,136,4,0.4301043392624691,72.68,2.6,24,10,5,22,26.190476190476193,17,20.238095238095237,74.1,7.4,3,2.0,19.0,8.0,,,,,84,0.2857142857142857,0.09523809523809523,0.2261904761904762,,,,,,,,,,,,98,9.322860288660385,-622.6844131946564,81,7.0,7.0,676.0,84,11.0,,,,,,16.0,2.0,1.0,-2.8135774352413137,0.5952380952380952,6.869047619047619,8.047619047619047,0.03571428571428571,0.011904761904761904,3.0,0.09513122743531005,-7.687461891292054,0.07142857142857142,0.07142857142857142,0.1836734693877551,18.0,-0.1758485897025821,37.6,0.5173362685745735,21.0,144.25,0.75,0.25,6.25,34.0,1.0,18.17,24.5,4.5,9.4,1.75,1.75,0.5
00-0034177,2023,Tim Boyle,QB,NYJ,3,77,48,360,1,4,9,477,190,-30.987578107018436,-8.510645553863858,4,5,0,2.691690147679771,10.9,2.3,7,8,6,23,29.87012987012987,18,23.376623376623375,74.7,5.3,2,1.0,3.0,12.0,,,,,77,0.09090909090909091,0.15584415584415584,0.03896103896103896,,,,,,,,,,,,86,-30.987578107018386,-414.99169170856476,74,9.0,0.0,477.0,77,16.0,,,,,,3.0,0.0,1.0,4.1348449171637185,0.6233766233766234,4.675324675324675,6.194805194805195,0.012987012987012988,0.05194805194805195,0.25,-0.36032067566300446,-5.6079958338995235,0.10465116279069768,0.0,0.29069767441860467,4.0,1.378281639054573,0.5,0.04587155963302752,25.666666666666668,120.0,0.3333333333333333,1.3333333333333333,1.3333333333333333,1.6666666666666667,0.0,3.6333333333333333,28.666666666666668,1.3333333333333333,0.16666666666666666,3.0,0.0,0.0
00-0035704,2023,Drew Lock,QB,SEA,4,76,48,543,3,3,6,621,305,-1.6007227910978505,-15.490615990773952,5,14,0,-0.21092454198514998,29.119999999999997,2.3,14,7,1,14,18.421052631578945,12,15.789473684210526,72.0,8.0,1,4.0,7.0,15.0,,,,,76,0.18421052631578946,0.19736842105263158,0.09210526315789473,,,,,,,,,,,,85,-0.6497981538798401,-381.212916970253,75,6.0,3.0,621.0,76,7.0,,,,,,,,,,0.631578947368421,7.144736842105263,8.171052631578947,0.039473684210526314,0.039473684210526314,1.0,-0.007644684163292236,-5.0828388929367065,0.07058823529411765,0.03529411764705882,0.15294117647058825,2.0,,1.4000000000000001,0.04807692307692309,19.0,135.75,0.75,0.75,1.25,3.5,0.0,7.279999999999999,21.25,0.5,0.35000000000000003,1.5,0.75,
00-0034771,2023,Mason Rudolph,QB,PIT,4,74,55,719,3,0,6,518,426,14.325275292122543,8.20370069926693,10,8,0,-3.38008750192239,39.56,2.3,24,3,3,12,16.216216216216218,7,9.45945945945946,82.6,0.0,5,1.0,7.0,12.0,,,,,74,0.32432432432432434,0.16216216216216217,0.0945945945945946,,,,,,,,,,,,82,16.229715743914284,856.3527524471283,69,6.0,2.0,518.0,74,9.0,70.6,68.7,5.0,91.0,11.1,5.0,0.0,2.0,1.6321223823470064,0.7432432432432432,9.716216216216216,7.0,0.04054054054054054,0.0,,0.197923362730662,12.410909455755483,0.07317073170731707,0.024390243902439025,0.18292682926829268,8.0,0.32642447646940126,0.8,0.020222446916076844,18.5,179.75,0.75,0.0,2.5,2.0,0.0,9.89,20.5,2.0,0.2,1.5,0.5,0.0
00-0035264,2023,Jarrett Stidham,QB,DEN,2,66,40,496,2,1,7,565,334,5.053421196005664,-3.6548413708806002,9,8,0,-5.14247380942106,26.64,2.6,18,3,8,18,27.27272727272727,12,18.181818181818183,69.4,3.2,4,0.0,2.0,15.0,,,,,66,0.2727272727272727,0.22727272727272727,0.030303030303030304,,,,,,,,,,,,76,3.9213989723374922,-230.12042492628098,62,7.0,3.0,565.0,66,15.0,,,,,,2.0,0.0,2.0,-1.3895664347801358,0.6060606060606061,7.515151515151516,8.56060606060606,0.030303030303030304,0.015151515151515152,2.0,0.05159735489917753,-3.7116197568754994,0.09210526315789473,0.039473684210526314,0.2894736842105263,6.0,-0.6947832173900679,0.8,0.03003003003003003,33.0,248.0,1.0,0.5,4.5,4.0,0.0,13.32,38.0,3.0,0.4,3.5,1.5,0.0
00-0027973,2023,Andy Dalton,QB,CAR,2,58,34,361,2,0,3,477,128,4.54832959122722,-5.50634359058581,3,12,0,1.4284599639941,23.64,2.2,14,2,5,10,17.24137931034483,11,18.96551724137931,68.4,8.8,1,2.0,2.0,3.0,,,,,58,0.2413793103448276,0.05172413793103448,0.034482758620689655,,,,,,,,,,,,62,5.783337843080505,-313.8615846633911,57,3.0,1.0,477.0,58,10.0,,,,,,2.0,0.0,1.0,0.19345171214081347,0.5862068965517241,6.224137931034483,8.224137931034482,0.034482758620689655,0.0,,0.09327964263033073,-5.506343590585809,0.04838709677419355,0.016129032258064516,0.20967741935483872,2.0,0.09672585607040673,1.2000000000000002,0.05076142131979696,29.0,180.5,1.0,0.0,1.5,6.0,0.0,11.82,31.0,1.0,0.6000000000000001,1.5,0.5,0.0
00-0028986,2023,Case Keenum,QB,HOU,2,53,34,291,1,3,6,377,146,-20.65132938160178,-4.574227771338295,2,1,0,-1.65093343582703,9.74,2.5,16,1,5,12,22.641509433962266,7,13.20754716981132,72.5,3.9,2,0.0,7.0,5.0,,,,,53,0.3018867924528302,0.09433962264150944,0.1320754716981132,,,,,,,,,,,,59,-20.65132938160174,-147.5417584180832,51,6.0,0.0,377.0,53,10.0,,,,,,1.0,1.0,0.0,-0.21135142230195925,0.6415094339622641,5.490566037735849,7.113207547169812,0.018867924528301886,0.05660377358490566,0.3333333333333333,-0.3500225318915549,-2.8929756552565333,0.1016949152542373,0.0,0.2711864406779661,2.0,-0.21135142230195925,0.1,0.01026694045174538,26.5,145.5,0.5,1.5,1.0,0.5,0.0,4.87,29.5,1.0,0.05,3.0,0.0,0.5
00-0033936,2023,C.J. Beathard,QB,JAX,6,53,40,349,1,0,6,339,150,4.633714992024473,7.7044862888861285,8,35,0,2.021098795288713,21.46,2.2,14,1,5,12,22.641509433962266,4,7.547169811320755,84.0,4.0,3,1.0,1.0,4.0,,,,,53,0.2641509433962264,0.07547169811320754,0.018867924528301886,,,,,,,,,,,,63,8.670782266601927,507.9575002193451,52,6.0,4.0,339.0,53,11.0,,,,,,,,,,0.7547169811320755,6.584905660377358,6.39622641509434,0.018867924528301886,0.0,,0.13763146454923694,9.768413465756636,0.09523809523809523,0.06349206349206349,0.2698412698412698,4.0,,3.5,0.16309412861137,8.833333333333334,58.166666666666664,0.16666666666666666,0.0,1.3333333333333333,5.833333333333333,0.0,3.5766666666666667,10.5,0.6666666666666666,0.5833333333333334,1.0,0.6666666666666666,
00-0031503,2023,Jameis Winston,QB,NO,6,47,25,264,2,3,2,610,85,-9.78901957483121,-16.866169871114522,5,-6,0,-4.47047001915053,11.96,2.1,19,3,2,7,14.893617021276595,10,21.27659574468085,76.1,6.5,1,0.0,1.0,1.0,,,,,47,0.40425531914893614,0.02127659574468085,0.02127659574468085,,,,,,,,,,,,49,-9.789019574831215,-361.3869935274124,45,2.0,0.0,610.0,47,4.0,,,,,,,,,,0.5319148936170213,5.617021276595745,12.97872340425532,0.0425531914893617,0.06382978723404255,0.6666666666666666,-0.19977590969043296,-8.030822078386942,0.04081632653061224,0.0,0.12244897959183673,5.0,,-0.6000000000000001,-0.05016722408026756,7.833333333333333,44.0,0.3333333333333333,0.5,0.8333333333333334,-1.0,0.0,1.9933333333333334,8.166666666666666,0.8333333333333334,-0.10000000000000002,0.3333333333333333,0.0,
00-0034869,2023,Sam Darnold,QB,SF,10,46,28,297,2,1,6,371,155,-0.26215672146362223,-3.321215998209425,21,15,1,-8.307283751055373,23.38,2.9,8,1,2,9,19.565217391304348,12,26.08695652173913,68.9,0.0,0,0.0,4.0,6.0,,,,,46,0.17391304347826086,0.13043478260869565,0.08695652173913043,,,,,,,,,,,,54,0.329050077331988,-63.134002685546875,44,6.0,3.0,371.0,45,7.0,,,,,,4.0,1.0,2.0,1.2807928888942115,0.6086956521739131,6.456521739130435,8.065217391304348,0.043478260869565216,0.021739130434782608,2.0,0.00609351995059237,-1.4348636973987927,0.1111111111111111,0.05555555555555555,0.24074074074074073,18.0,0.3201982222235529,7.5,0.32078699743370404,4.6,29.7,0.2,0.1,2.1,1.5,0.1,2.338,5.4,1.8,0.75,0.6,0.3,0.1
00-0026625,2023,Brian Hoyer,QB,LV,2,42,23,231,0,2,1,344,80,-8.78077275336437,-7.965638777241105,3,-3,0,-1.8153455403517,4.9399999999999995,2.1,14,1,1,3,7.142857142857142,10,23.809523809523807,57.1,2.4,0,1.0,1.0,8.0,,,,,42,0.3333333333333333,0.19047619047619047,0.023809523809523808,,,,,,,,,,,,43,-8.780772753364403,-469.05314326286316,42,1.0,0.0,344.0,42,2.0,69.0,63.6,1.8,47.0,5.5,,,,,0.5476190476190477,5.5,8.19047619047619,0.0,0.047619047619047616,0.0,-0.2042040175201024,-11.167931982449122,0.023255813953488372,0.0,0.06976744186046512,3.0,,-0.30000000000000004,-0.06072874493927127,21.0,115.5,0.0,1.0,1.5,-1.5,0.0,2.4699999999999998,21.5,1.5,-0.15000000000000002,0.5,0.0,
00-0036898,2023,Davis Mills,QB,HOU,5,39,18,173,2,0,2,313,74,-5.029577498353321,-6.496449112892152,2,9,0,0.575884140504059,17.82,2.4,7,2,1,5,12.82051282051282,8,20.51282051282051,63.2,10.5,1,1.0,1.0,3.0,,,,,39,0.1794871794871795,0.07692307692307693,0.02564102564102564,,,,,,,,,,,,42,-3.9247716172540095,-742.5990343093872,38,2.0,1.0,313.0,39,3.0,,,,,,1.0,0.0,0.0,-0.5289217405952513,0.46153846153846156,4.435897435897436,8.025641025641026,0.05128205128205128,0.0,,-0.09344694326795261,-19.54207985024703,0.047619047619047616,0.023809523809523808,0.11904761904761904,1.0,-0.5289217405952513,0.9,0.050505050505050504,7.8,34.6,0.4,0.0,0.4,1.8,0.0,3.564,8.4,0.2,0.18,0.4,0.2,0.0
00-0034955,2023,Brett Rypien,QB,LA,2,38,18,172,0,1,2,315,84,-19.72529150741341,-20.1064223051071,3,19,0,1.33610643743305,4.78,2.4,8,2,4,8,21.052631578947366,6,15.789473684210526,73.0,5.4,1,4.0,1.0,6.0,,,,,38,0.21052631578947367,0.15789473684210525,0.02631578947368421,,,,,,,,,,,,43,-18.389185069980392,-701.4646798372269,37,2.0,3.0,315.0,38,6.0,,,,,,,,,,0.47368421052631576,4.526315789473684,8.289473684210526,0.0,0.02631578947368421,0.0,-0.42765546674373006,-18.95850486046559,0.046511627906976744,0.06976744186046512,0.18604651162790697,0.0,,1.9000000000000001,0.39748953974895396,19.0,86.0,0.0,0.5,1.5,9.5,0.0,2.39,21.5,0.0,0.9500000000000001,1.0,1.5,
00-0035993,2023,Tyler Huntley,QB,BAL,5,37,21,203,3,0,4,249,78,3.800454755120648,5.567785622654349,15,55,0,-5.004798809794002,25.62,2.8,11,0,1,5,13.513513513513514,7,18.91891891891892,60.0,11.4,2,1.0,4.0,2.0,,,,,37,0.2972972972972973,0.05405405405405406,0.10810810810810811,,,,,,,,,,,,48,2.842056775738223,-247.7427840232849,35,4.0,7.0,249.0,37,6.0,56.7,53.3,0.5,54.0,3.9,4.0,0.0,0.0,2.176303385553183,0.5675675675675675,5.486486486486487,6.72972972972973,0.08108108108108109,0.0,,0.05920951616121298,-7.07836525780814,0.08333333333333333,0.14583333333333334,0.20833333333333334,8.0,0.5440758463882958,5.5,0.21467603434816548,7.4,40.6,0.6,0.0,3.0,11.0,0.0,5.1240000000000006,9.6,1.6,1.1,0.8,1.4,0.0
00-0027948,2023,Blaine Gabbert,QB,KC,2,35,18,185,0,3,1,198,118,-16.14328710516377,-9.54153677512859,7,45,0,-0.6197695613373102,5.9,1.9,10,0,10,11,31.428571428571427,6,17.142857142857142,67.6,14.7,1,2.0,4.0,6.0,,,,,35,0.2857142857142857,0.17142857142857143,0.11428571428571428,,,,,,,,,,,,40,-12.549414277045733,-522.9475498199463,34,1.0,4.0,198.0,35,11.0,,,,,,,,,,0.5142857142857142,5.285714285714286,5.6571428571428575,0.0,0.08571428571428572,0.0,-0.3137353569261433,-15.38081028882195,0.025,0.1,0.3,3.0,,4.5,0.7627118644067796,17.5,92.5,0.0,1.5,3.5,22.5,0.0,2.95,20.0,1.5,2.25,0.5,2.0,
00-0032436,2023,Jeff Driskel,QB,CLE,1,26,13,166,2,2,3,232,74,-10.9572080454091,-10.9625328779221,7,33,0,0.475112463056576,13.94,2.4,3,0,5,8,30.76923076923077,4,15.384615384615385,72.0,16.0,1,2.0,2.0,5.0,,,,,26,0.11538461538461539,0.19230769230769232,0.07692307692307693,,,,,,,,,,,,32,-9.880902929638978,-274.06332194805145,25,3.0,3.0,232.0,26,8.0,,,,,,3.0,0.0,0.0,-0.6011926527135074,0.5,6.384615384615385,8.923076923076923,0.07692307692307693,0.07692307692307693,1.0,-0.30877821655121807,-10.962532877922058,0.09375,0.09375,0.34375,4.0,-0.20039755090450248,3.3000000000000003,0.23672883787661408,26.0,166.0,2.0,2.0,7.0,33.0,0.0,13.94,32.0,4.0,3.3000000000000003,3.0,3.0,0.0
00-0032950,2023,Carson Wentz,QB,LA,1,24,17,163,2,1,2,159,65,8.11785306221293,6.66306524173073,17,56,1,0.964001336600631,26.12,2.4,6,0,1,3,12.5,6,25.0,75.0,4.2,0,0.0,1.0,4.0,,,,,24,0.25,0.16666666666666666,0.041666666666666664,,,,,,,,,,,,30,7.007688460114878,153.25050055980682,23,2.0,4.0,159.0,24,3.0,89.9,87.3,6.3,46.0,10.3,12.0,0.0,3.0,2.332383388711605,0.7083333333333334,6.791666666666667,6.625,0.08333333333333333,0.041666666666666664,2.0,0.23358961533716258,6.663065241730732,0.06666666666666667,0.13333333333333333,0.16666666666666666,13.0,0.19436528239263376,11.600000000000001,0.44410413476263405,24.0,163.0,2.0,1.0,17.0,56.0,1.0,26.12,30.0,13.0,11.600000000000001,2.0,4.0,0.0
00-0033662,2023,Cooper Rush,QB,DAL,7,24,18,144,0,1,1,215,80,-5.239947747569218,4.186272987770652,12,-5,0,-5.68589237047128,3.26,2.0,12,0,0,1,4.166666666666666,6,25.0,75.0,0.0,0,0.0,1.0,7.0,,,,,24,0.5,0.2916666666666667,0.041666666666666664,,,,,,,,,,,,25,-5.2399477475692215,162.61451840400696,24,1.0,0.0,215.0,24,1.0,,,,,,1.0,0.0,0.0,1.7077354816137813,0.75,6.0,8.958333333333334,0.0,0.041666666666666664,0.0,-0.20959790990276886,6.77560493350029,0.04,0.0,0.08,12.0,1.7077354816137813,-0.5,-0.15337423312883436,3.4285714285714284,20.571428571428573,0.0,0.14285714285714285,1.7142857142857142,-0.7142857142857143,0.0,0.4657142857142857,3.5714285714285716,1.7142857142857142,-0.07142857142857142,0.14285714285714285,0.0,0.0
00-0032268,2023,Marcus Mariota,QB,PHI,2,23,15,164,1,1,3,178,72,-5.110095864364308,-1.3253954797983172,8,52,0,5.675099564774429,11.76,2.4,9,2,1,6,26.08695652173913,2,8.695652173913043,78.3,0.0,0,2.0,6.0,0.0,,,,,23,0.391304347826087,0.0,0.2608695652173913,,,,,,,,,,,,28,-4.764788066239463,-9.438338875770569,23,3.0,2.0,178.0,23,2.0,59.9,53.9,0.4,34.0,1.5,6.0,0.0,3.0,5.329791766649578,0.6521739130434783,7.130434782608695,7.739130434782608,0.043478260869565216,0.043478260869565216,1.0,-0.1701710023656951,-0.4103625598161117,0.10714285714285714,0.07142857142857142,0.17857142857142858,6.0,0.8882986277749296,5.2,0.44217687074829937,11.5,82.0,0.5,0.5,4.0,26.0,0.0,5.88,14.0,3.0,2.6,1.5,1.0,0.0
00-0033119,2023,Jacoby Brissett,QB,WAS,2,23,18,224,3,0,0,178,70,16.375734796136378,19.585780901277186,3,19,0,1.295954951376189,22.86,2.5,2,0,2,2,8.695652173913043,1,4.3478260869565215,86.4,4.5,1,0.0,0.0,3.0,,,,,23,0.08695652173913043,0.13043478260869565,0.0,,,,,,,,,,,,25,18.06743470285437,388.4558290243149,22,0.0,2.0,178.0,23,2.0,95.6,93.5,5.8,31.0,6.4,1.0,1.0,0.0,-0.3957449553417973,0.782608695652174,9.73913043478261,7.739130434782608,0.13043478260869565,0.0,,0.7226973881141748,17.65708313746886,0.0,0.08,0.08,1.0,-0.3957449553417973,1.9000000000000001,0.0831146106736658,11.5,112.0,1.5,0.0,1.5,9.5,0.0,11.43,12.5,0.5,0.9500000000000001,0.0,1.0,0.5
00-0038582,2023,Clayton Tune,QB,ARI,6,21,12,62,0,2,7,53,43,-34.749543172656544,5.09479969739915,8,30,1,0.41171421630145305,7.4799999999999995,2.2,4,1,3,11,52.38095238095239,2,9.523809523809524,71.4,4.8,0,3.0,1.0,5.0,,,,,21,0.19047619047619047,0.23809523809523808,0.047619047619047616,,,,,,,,,,,,33,-34.33291766408365,-318.1036710739136,21,7.0,5.0,53.0,21,9.0,,,,,,2.0,1.0,1.0,0.9000408685824368,0.5714285714285714,2.9523809523809526,2.5238095238095237,0.0,0.09523809523809523,0.0,-1.0403914443661713,-15.147793860662551,0.21212121212121213,0.15151515151515152,0.48484848484848486,3.0,0.4500204342912184,9.0,1.2032085561497328,3.5,10.333333333333334,0.0,0.3333333333333333,1.3333333333333333,5.0,0.16666666666666666,1.2466666666666666,5.5,0.5,1.5,1.1666666666666667,0.8333333333333334,0.16666666666666666
00-0038598,2023,Jaren Hall,QB,MIN,3,20,13,168,0,1,4,156,99,-12.676042797437368,2.874488079989393,6,14,0,-1.966019925183214,2.12,2.7,9,1,2,7,35.0,5,25.0,73.7,0.0,1,0.0,1.0,5.0,,,,,20,0.45,0.25,0.05,,,,,,,,,,,,27,-14.642062722620576,8.667287230491638,19,4.0,3.0,156.0,20,7.0,,,,,,,,,,0.65,8.4,7.8,0.0,0.05,0.0,-0.5422986193563176,0.45617301213113887,0.14814814814814814,0.1111111111111111,0.4074074074074074,3.0,,1.4000000000000001,0.6603773584905661,6.666666666666667,56.0,0.0,0.3333333333333333,2.0,4.666666666666667,0.0,0.7066666666666667,9.0,1.0,0.46666666666666673,1.3333333333333333,1.0,
00-0034401,2023,Mike White,QB,MIA,6,6,5,74,1,1,0,23,51,-7.2409017175668895,-0.22788420319557368,8,-9,0,-11.806692355865389,2.06,1.7,1,0,0,0,0.0,0,0.0,83.3,0.0,0,0.0,0.0,0.0,,,,,6,0.16666666666666666,0.0,0.0,,,,,,,,,,,,6,-7.240901717566885,52.71657705307007,6,0.0,0.0,23.0,6,0.0,,,,,,,,,,0.8333333333333334,12.333333333333334,3.8333333333333335,0.16666666666666666,0.16666666666666666,1.0,-1.206816952927814,8.786096175511679,0.0,0.0,0.0,8.0,,-0.9,-0.4368932038834951,1.0,12.333333333333334,0.16666666666666666,0.16666666666666666,1.3333333333333333,-1.5,0.0,0.3433333333333333,1.0,1.3333333333333333,-0.15,0.0,0.0,
00-0031288,2023,AJ McCarron,QB,CIN,2,5,4,19,0,0,1,-8,20,-5.25107204460073,2.957920730113975,0,0,0,0.0,0.76,2.3,3,0,0,1,20.0,1,20.0,80.0,0.0,0,0.0,0.0,1.0,,,,,5,0.6,0.2,0.0,,,,,,,,,,,,6,-5.251072044600733,-23.19943904876709,5,1.0,0.0,-8.0,5,1.0,,,,,,,,,,0.8,3.8,-1.6,0.0,0.0,,-0.8751786741001221,-4.639887809753418,0.16666666666666666,0.0,0.3333333333333333,0.0,,0.0,0.0,2.5,9.5,0.0,0.0,0.0,0.0,0.0,0.38,3.0,0.0,0.0,0.5,0.0,
00-0038128,2023,Malik Willis,QB,TEN,2,5,4,74,0,0,4,39,55,-0.068276936013552,14.3603891134262,5,21,0,-6.968329675670253,3.06,2.8,0,0,0,4,80.0,1,20.0,80.0,0.0,0,0.0,0.0,1.0,,,,,5,0.0,0.2,0.0,,,,,,,,,,,,12,-0.5204476047654847,71.80194556713104,5,4.0,3.0,39.0,5,4.0,,,,,,1.0,0.0,0.0,-0.08663343923399225,0.8,14.8,7.8,0.0,0.0,,-0.043370633730457055,14.360389113426208,0.3333333333333333,0.25,0.6666666666666666,2.0,-0.08663343923399225,2.1,0.6862745098039216,2.5,37.0,0.0,0.0,2.5,10.5,0.0,1.53,6.0,1.0,1.05,2.0,1.5,0.0
00-0034438,2023,Logan Woodside,QB,ATL,1,4,3,27,0,1,1,6,29,-10.0795751017577,-2.89320349693298,1,6,0,0.325870348373428,-0.32,2.4,0,0,1,2,50.0,0,0.0,75.0,0.0,0,0.0,3.0,2.0,,,,,4,0.0,0.5,0.75,,,,,,,,,,,,6,-9.753704753384227,-11.572813987731934,4,1.0,1.0,6.0,4,2.0,,,,,,,,,,0.75,6.75,1.5,0.0,0.25,0.0,-1.625617458897371,-2.8932034969329834,0.16666666666666666,0.16666666666666666,0.5,0.0,,0.6000000000000001,-1.8750000000000002,4.0,27.0,0.0,1.0,1.0,6.0,0.0,-0.32,6.0,0.0,0.6000000000000001,1.0,1.0,
00-0023459,2023,Aaron Rodgers,QB,NYJ,1,1,0,0,0,0,1,17,0,-2.03195988433436,,0,0,0,0.0,0.0,3.2,0,1,1,3,300.0,0,0.0,0.0,0.0,1,0.0,0.0,0.0,,,,,1,0.0,0.0,0.0,,,,,,,,,,,,2,-2.0319598843343556,0.0,0,1.0,0.0,17.0,1,2.0,,,,,,,,,,0.0,0.0,17.0,0.0,0.0,,-1.0159799421671778,,0.5,0.0,1.5,0.0,,0.0,,1.0,0.0,0.0,0.0,0.0,0.0,0.0,0.0,2.0,0.0,0.0,1.0,0.0,
00-0036928,2023,Kyle Trask,QB,TB,2,1,0,0,0,0,0,3,0,-1.88030287302347,-47.0438033342362,1,-1,0,-1.71969620726304,-0.1,2.3,0,0,0,0,0.0,0,0.0,100.0,100.0,0,0.0,0.0,0.0,,,,,1,0.0,0.0,0.0,,,,,,,,,,,,1,-1.8803028730234743,-47.043803334236145,1,0.0,0.0,3.0,1,0.0,,,,,,,,,,0.0,0.0,3.0,0.0,0.0,,-1.8803028730234743,-47.043803334236145,0.0,0.0,0.0,1.0,,-0.1,1.0,0.5,0.0,0.0,0.0,0.5,-0.5,0.0,-0.05,0.5,0.5,-0.05,0.0,0.0,
00-0038391,2023,Sean Clifford,QB,GB,2,1,1,37,0,0,0,34,3,2.14362682815408,58.5965007543564,3,-2,0,-3.491684000298843,1.28,2.4,1,0,0,0,0.0,0,0.0,100.0,0.0,0,0.0,0.0,0.0,,,,,1,1.0,0.0,0.0,,,,,,,,,,,,1,2.1436268281540833,58.596500754356384,1,0.0,0.0,34.0,1,0.0,100.0,100.0,0.9,1.0,0.3,,,,,1.0,37.0,34.0,0.0,0.0,,2.1436268281540833,58.596500754356384,0.0,0.0,0.0,3.0,,-0.2,-0.15625,0.5,18.5,0.0,0.0,1.5,-1.0,0.0,0.64,0.5,1.5,-0.1,0.0,0.0,
00-0036442,2024,Joe Burrow,QB,CIN,17,652,460,4918,43,9,48,4614,2192,115.12695542445555,6.852702962956832,42,201,2,16.05281892846688,372.82,2.2,164,38,69,155,23.773006134969325,73,11.196319018404909,80.3,4.8,20,10.0,97.0,,7.1,5.9,22.0,9.3,652,0.25153374233128833,,0.14877300613496933,2.71095084485407,5.92917391304348,7.43467408585056,-1.50550017280708,15.7975460122699,-0.687742448330684,66.030245398773,4.5219018404908,20.038424341748,56.0511641270723,108.537832310838,721,136.67384947818016,4262.103174626827,628,48.0,22.0,4614.0,651,122.0,72.1,71.7,51.8,788.0,122.6,7.0,3.0,3.0,2.5729495416453574,0.7055214723926381,7.542944785276074,7.076687116564417,0.06595092024539877,0.013803680981595092,4.777777777777778,0.18956151106543712,6.786788494628706,0.06657420249653259,0.030513176144244106,0.23578363384188628,20.0,0.36756422023505103,32.1,0.08610053108738802,38.35294117647059,289.29411764705884,2.5294117647058822,0.5294117647058824,2.4705882352941178,11.823529411764707,0.11764705882352941,21.930588235294117,42.411764705882355,1.1764705882352942,1.8882352941176472,2.823529411764706,1.2941176470588236,0.17647058823529413
00-0023459,2024,Aaron Rodgers,QB,NYJ,17,584,368,3897,28,11,40,4014,2119,11.289993453394503,-2.365851421586336,22,107,0,4.280564359933796,256.58,2.3,141,35,52,127,21.746575342465754,98,16.78082191780822,75.5,6.9,16,13.0,87.0,,6.8,4.8,16.0,6.4,584,0.24143835616438356,,0.14897260273972604,2.68813698630137,4.51722826086956,6.7243485915493,-2.20712033067973,14.041095890411,-1.78269366197183,67.7271746575342,-4.71347602739725,20.2167326391074,61.4384773574346,90.5322488584475,640,15.83480096402537,-1467.7002236247063,568,40.0,16.0,4014.0,584,92.0,44.7,43.4,-13.0,692.0,51.7,1.0,0.0,0.0,0.47552724834531546,0.6301369863013698,6.6729452054794525,6.873287671232877,0.04794520547945205,0.018835616438356163,2.5454545454545454,0.024741876506289638,-2.5839792669449055,0.0625,0.025,0.20625,6.0,0.47552724834531546,10.700000000000001,0.041702393015823534,34.35294117647059,229.23529411764707,1.6470588235294117,0.6470588235294118,1.2941176470588236,6.294117647058823,0.0,15.092941176470587,37.64705882352941,0.35294117647058826,0.6294117647058824,2.3529411764705883,0.9411764705882353,0.0
00-0033873,2024,Patrick Mahomes,QB,KC,16,581,392,3928,26,11,36,3681,2300,71.13335926034802,2.5580445555997837,58,307,2,24.3132669498047,283.02,2.3,140,46,70,152,26.161790017211707,87,14.974182444061961,76.9,4.7,26,10.0,98.0,,6.2,4.2,36.0,9.1,581,0.24096385542168675,,0.1686746987951807,2.80637996545769,3.99336734693878,6.30452079566004,-2.31115344872126,10.3270223752151,-2.21989150090416,68.6208777969019,-1.15099827882962,18.9239431554215,62.1502968617206,93.5061675272519,652,107.16141256594231,1417.5663843750954,553,36.0,37.0,3682.0,579,105.0,64.6,66.0,32.7,698.0,98.3,1.0,0.0,0.0,-0.1735043610096909,0.6746987951807228,6.760757314974183,6.335628227194492,0.04475043029259897,0.0189328743545611,2.3636363636363638,0.16435799473304036,2.5634111833184363,0.05521472392638037,0.05674846625766871,0.21625766871165644,21.0,-0.1735043610096909,42.7,0.15087272984241398,36.3125,245.5,1.625,0.6875,3.625,19.1875,0.125,17.68875,40.75,1.3125,2.66875,2.25,2.3125,0.0
00-0030565,2024,Geno Smith,QB,SEA,17,578,407,4320,21,15,50,3996,2181,21.753096387796088,6.636155661095601,53,272,2,1.2413150490611007,266.0,2.4,138,36,57,143,24.74048442906574,58,10.034602076124568,81.8,3.6,20,14.0,64.0,,6.8,5.3,24.0,10.7,578,0.23875432525951557,,0.11072664359861592,2.83230381944444,5.14378378378379,7.17227436823105,-2.02849058444726,12.4567474048443,-2.21761732851986,66.5607612456747,3.85446366782007,20.6845510336595,56.4037454430111,93.2021337946943,650,42.612081566838626,3124.301652610302,554,50.0,24.0,3998.0,576,105.0,50.4,51.2,2.6,739.0,69.3,10.0,2.0,5.0,-1.7848849601869006,0.7041522491349481,7.474048442906574,6.913494809688581,0.03633217993079585,0.025951557093425604,1.4,0.06555704856436712,5.639533668971664,0.07692307692307693,0.036923076923076927,0.23846153846153847,29.0,-0.17848849601869005,39.2,0.1473684210526316,34.0,254.11764705882354,1.2352941176470589,0.8823529411764706,3.1176470588235294,16.0,0.11764705882352941,15.647058823529411,38.23529411764706,1.7058823529411764,2.3058823529411767,2.9411764705882355,1.411764705882353,0.11764705882352941
00-0034855,2024,Baker Mayfield,QB,TB,17,570,407,4500,41,16,40,3971,2439,115.38862828218245,3.601613337792396,60,378,3,6.7940329164929825,365.8,2.2,175,49,20,109,19.12280701754386,63,11.052631578947368,78.6,4.8,7,14.0,49.0,,7.0,5.1,44.0,8.7,570,0.30701754385964913,,0.08596491228070176,2.69820035149385,5.02383292383292,6.82072953736655,-1.79689661353363,10.8771929824561,-2.17393238434164,69.2324385964912,2.17107017543859,20.319178002989,59.2103048463694,106.761695906433,651,136.32103625602133,2025.461620092392,562,40.0,42.0,3971.0,569,57.0,58.4,61.4,23.4,713.0,83.5,6.0,1.0,3.0,3.8573884933139198,0.7140350877192982,7.894736842105263,6.966666666666667,0.07192982456140351,0.028070175438596492,2.5625,0.20940251345010957,3.6040242350398435,0.06144393241167435,0.06451612903225806,0.1490015360983103,18.0,0.6428980822189866,55.800000000000004,0.15254237288135594,33.529411764705884,264.70588235294116,2.411764705882353,0.9411764705882353,3.5294117647058822,22.235294117647058,0.17647058823529413,21.51764705882353,38.294117647058826,1.0588235294117647,3.282352941176471,2.3529411764705883,2.4705882352941178,0.058823529411764705
00-0039732,2024,Bo Nix,QB,DEN,17,567,376,3775,29,12,24,4116,2072,34.44100729889575,0.6018873684957705,92,430,4,22.07022416865039,317.2,2.5,148,44,34,102,17.989417989417987,83,14.638447971781304,76.6,5.8,18,16.0,92.0,,7.3,4.5,50.0,7.2,567,0.26102292768959434,,0.16225749559082892,2.90632155477032,4.49579787234043,7.38692870201097,-2.89113082967054,13.0511463844797,-1.53811700182815,68.8830687830688,-2.56913580246913,21.3108073549879,68.4640066020095,93.316431510876,640,55.790522840281945,306.2652811408043,546,24.0,50.0,4116.0,566,56.0,53.5,54.4,8.8,708.0,69.1,26.0,2.0,14.0,12.39217432701422,0.6631393298059964,6.657848324514991,7.2592592592592595,0.05114638447971781,0.021164021164021163,2.4166666666666665,0.08717269193794054,0.5609254233348064,0.0375,0.078125,0.125,42.0,0.47662208950054696,67.0,0.21122320302648173,33.35294117647059,222.05882352941177,1.7058823529411764,0.7058823529411765,5.411764705882353,25.294117647058822,0.23529411764705882,18.658823529411762,37.64705882352941,2.4705882352941178,3.9411764705882355,1.411764705882353,2.9411764705882355,0.11764705882352941
00-0039918,2024,Caleb Williams,QB,CHI,17,562,351,3541,20,6,68,4486,1866,-47.27484325542756,0.05514637055285873,81,489,0,11.632083583211895,254.54,2.4,174,52,40,160,28.46975088967972,110,19.572953736654807,72.4,3.8,36,9.0,53.0,,7.9,4.8,51.0,7.9,562,0.3096085409252669,,0.09430604982206406,2.91939247311828,4.5894301994302,7.86850574712644,-3.27907554769624,12.0996441281139,-1.24835249042146,63.5818683274022,-1.12635231316727,21.3154951502215,58.6608438398222,87.7965599051009,676,-21.772723672170702,-53.33016216754913,522,68.0,50.0,4486.0,558,104.0,43.3,41.5,-18.7,771.0,50.4,22.0,0.0,6.0,4.66870869306149,0.6245551601423488,6.300711743772242,7.98220640569395,0.03558718861209965,0.010676156583629894,3.3333333333333335,-0.032208171112678555,-0.10216506162365735,0.10059171597633136,0.07396449704142012,0.25443786982248523,31.0,0.21221403150279497,48.900000000000006,0.1921112595269899,33.05882352941177,208.2941176470588,1.1764705882352942,0.35294117647058826,4.764705882352941,28.764705882352942,0.0,14.972941176470588,39.76470588235294,1.8235294117647058,2.8764705882352946,4.0,2.9411764705882355,0.0
00-0034869,2024,Sam Darnold,QB,MIN,17,545,361,4319,35,12,48,4606,1753,49.627750671373036,4.535093073922744,67,212,1,-3.143876135885933,307.96,2.6,137,52,52,152,27.889908256880737,77,14.128440366972479,77.7,3.7,29,10.0,28.0,,8.4,7.1,28.0,7.9,545,0.25137614678899084,,0.05137614678899083,3.08339522058823,6.93581717451524,8.88458252427185,-1.94876534975661,13.9449541284404,-0.107650485436893,63.4394678899083,2.79906422018349,22.1382074319619,55.6462846917923,102.534403669725,620,66.73921877890743,1981.289291381836,514,48.0,28.0,4607.0,544,99.0,57.3,56.9,13.9,704.0,77.0,14.0,2.0,6.0,3.5436096975114046,0.6623853211009174,7.9247706422018345,8.451376146788991,0.06422018348623854,0.022018348623853212,2.9166666666666665,0.1076439012563023,3.8546484268129104,0.07741935483870968,0.04516129032258064,0.23709677419354838,39.0,0.25311497839367175,27.200000000000003,0.08832315885179895,32.05882352941177,254.05882352941177,2.0588235294117645,0.7058823529411765,3.9411764705882355,12.470588235294118,0.058823529411764705,18.115294117647057,36.470588235294116,2.2941176470588234,1.6,2.823529411764706,1.6470588235294117,0.11764705882352941
00-0035228,2024,Kyler Murray,QB,ARI,17,541,372,3851,21,11,30,3693,1970,65.65436788089346,2.4022631980914753,78,572,5,17.93324600908899,297.24,2.4,155,47,23,100,18.484288354898336,66,12.199630314232902,79.1,3.3,19,14.0,63.0,,6.8,5.1,42.0,8.7,541,0.28650646950092423,,0.11645101663585952,2.80930185185185,5.0405376344086,7.0804990403071,-2.0399614058985,16.8207024029575,-1.63927063339731,66.6038817005545,2.15767097966729,20.1325696393273,52.5021923351778,93.5112446087493,611,88.88499912590166,1103.4073933959007,521,30.0,41.0,3693.0,540,50.0,63.4,61.3,22.6,693.0,82.9,26.0,1.0,9.0,10.554046732402556,0.6876155268022182,7.118299445471349,6.826247689463956,0.038817005545286505,0.02033271719038817,1.9090909090909092,0.14547463032062463,2.1178644786869496,0.049099836333878884,0.06710310965630115,0.1309328968903437,37.0,0.40592487432317526,87.2,0.29336563046696273,31.823529411764707,226.52941176470588,1.2352941176470589,0.6470588235294118,4.588235294117647,33.64705882352941,0.29411764705882354,17.48470588235294,35.94117647058823,2.176470588235294,5.129411764705883,1.7647058823529411,2.411764705882353,0.058823529411764705
00-0033106,2024,Jared Goff,QB,DET,17,539,390,4629,37,12,31,3406,2635,168.55468968876804,7.419474190088223,35,56,0,-3.124862337660379,324.46,2.3,143,34,57,122,22.634508348794064,69,12.80148423005566,80.5,2.1,24,4.0,14.0,,6.3,5.1,14.0,4.9,539,0.2653061224489796,,0.025974025974025976,2.7872947761194,5.11535897435897,6.83174168297456,-1.71638270861559,11.5027829313544,-1.5694324853229,67.3013358070501,5.05487940630796,19.638953997533,56.3963261214771,111.769480519481,581,172.9719999753867,2909.9086090922356,510,31.0,14.0,3409.0,536,86.0,65.4,64.1,25.2,617.0,75.5,6.0,2.0,1.0,3.85282295587814,0.7235621521335807,8.588126159554731,6.319109461966605,0.0686456400742115,0.022263450834879406,3.0833333333333335,0.29771428567192204,5.705703155082815,0.05335628227194492,0.024096385542168676,0.20137693631669534,21.0,0.6421371593130233,5.6000000000000005,0.017259446464895523,31.705882352941178,272.29411764705884,2.176470588235294,0.7058823529411765,2.0588235294117645,3.2941176470588234,0.0,19.085882352941177,34.1764705882353,1.2352941176470589,0.3294117647058824,1.8235294117647058,0.8235294117647058,0.11764705882352941
00-0039163,2024,C.J. Stroud,QB,HOU,17,532,336,3727,20,12,52,4424,1664,-13.10815222310593,-0.641362273461155,52,233,0,-7.20744144273523,220.38,2.5,154,66,56,174,32.70676691729324,95,17.857142857142858,73.3,5.1,22,8.0,42.0,,8.2,6.1,37.0,6.8,532,0.2894736842105263,,0.07894736842105263,2.97643714821764,6.11577380952381,8.33913725490196,-2.22336344537815,15.4135338345865,-0.919686274509804,62.9951315789474,0.162763157894744,21.5826550300923,66.8762237271215,87.0379072681704,620,-4.369104051435761,-856.2897622585297,509,52.0,37.0,4424.0,531,103.0,46.4,46.6,-6.5,672.0,55.8,1.0,0.0,0.0,-5.444918833323754,0.631578947368421,7.0056390977443606,8.31578947368421,0.03759398496240601,0.022556390977443608,1.6666666666666667,-0.007046942018444775,-1.6822981576788403,0.08387096774193549,0.05967741935483871,0.25,15.0,-5.444918833323754,23.3,0.10572647245666576,31.294117647058822,219.23529411764707,1.1764705882352942,0.7058823529411765,3.0588235294117645,13.705882352941176,0.0,12.963529411764705,36.470588235294116,0.8823529411764706,1.3705882352941177,3.0588235294117645,2.176470588235294,0.0
00-0026498,2024,Matthew Stafford,QB,LA,16,517,340,3762,20,8,28,3869,1726,32.85241733866627,-0.7425569442724081,30,41,0,-3.0118426588961316,214.58,2.4,144,31,63,122,23.597678916827853,88,17.02127659574468,74.3,3.0,15,15.0,19.0,,7.1,6.0,3.0,12.7,517,0.27852998065764023,,0.0367504835589942,2.77919767441861,5.84038235294118,7.70702,-1.86663764705882,13.1528046421663,-0.78898,66.3825387596899,-0.618515548858184,21.6162721023924,62.0183408355948,93.6532882011605,547,38.756686665390454,-333.19677114486694,500,28.0,3.0,3869.0,516,89.0,61.5,59.8,17.0,604.0,71.7,10.0,1.0,4.0,5.1343802970368415,0.6576402321083172,7.276595744680851,7.483558994197292,0.03868471953578337,0.015473887814313346,2.5,0.07085317489102459,-0.6663935422897339,0.051188299817184646,0.005484460694698354,0.21389396709323583,27.0,0.5134380297036841,4.1000000000000005,0.01910709292571535,32.3125,235.125,1.25,0.5,1.875,2.5625,0.0,13.41125,34.1875,1.6875,0.25625000000000003,1.75,0.1875,0.0625
00-0036355,2024,Justin Herbert,QB,LAC,17,504,332,3870,23,3,41,4335,1688,72.12083886623151,2.233981701865792,69,306,2,4.166191236560448,285.4,2.5,156,20,62,123,24.404761904761905,67,13.293650793650794,79.7,6.6,14,10.0,51.0,,8.6,6.6,31.0,10.0,504,0.30952380952380953,,0.10119047619047619,2.91053892215569,6.49930722891566,8.66098969072165,-2.16168246180599,15.8730158730159,-0.464783505154639,63.4814484126984,2.39156746031747,21.9948956413204,56.0488679635905,101.703042328042,573,81.66135800158378,943.6135604977608,485,41.0,31.0,4336.0,501,103.0,61.7,64.5,26.9,640.0,82.8,15.0,1.0,9.0,6.87806526364875,0.6587301587301587,7.678571428571429,8.601190476190476,0.04563492063492063,0.005952380952380952,7.666666666666667,0.1425154589905476,1.9455949700984758,0.07155322862129145,0.05410122164048865,0.2513089005235602,38.0,0.45853768424325003,42.6,0.14926419060967067,29.647058823529413,227.64705882352942,1.3529411764705883,0.17647058823529413,4.0588235294117645,18.0,0.11764705882352941,16.788235294117644,33.705882352941174,2.235294117647059,2.5058823529411764,2.411764705882353,1.8235294117647058,0.058823529411764705
00-0034857,2024,Josh Allen,QB,BUF,16,483,307,3731,28,6,14,4022,2005,130.10807279586538,1.5955473071142838,102,531,12,57.005501509262686,379.04,2.4,136,37,37,88,18.219461697722565,86,17.805383022774325,74.8,4.3,22,9.0,51.0,,7.9,5.6,41.0,8.9,483,0.2815734989648033,,0.10559006211180125,2.88688381742739,5.44250814332248,8.32202614379085,-2.87951800046837,16.7701863354037,-0.632222222222222,62.7799378881988,0.781138716356111,21.5689748577927,60.4589927140703,101.384575569358,540,164.0467484732265,387.1954157948494,459,14.0,44.0,4022.0,482,49.0,74.8,74.1,47.7,642.0,101.0,50.0,11.0,20.0,23.609829786345948,0.6356107660455487,7.72463768115942,8.32712215320911,0.057971014492753624,0.012422360248447204,4.666666666666667,0.30379027495041944,0.8435629973743995,0.025925925925925925,0.08148148148148149,0.11666666666666667,58.0,0.47219659572691897,125.1,0.33004432249894466,30.1875,233.1875,1.75,0.375,6.375,33.1875,0.75,23.69,33.75,3.625,7.81875,0.875,2.75,0.6875
00-0039910,2024,Jayden Daniels,QB,WAS,17,480,331,3568,25,9,47,3548,1780,60.854651133760456,4.354601895410234,148,891,6,58.518471899908846,355.82,2.4,153,36,28,111,23.125,67,13.958333333333334,78.2,4.3,15,12.0,112.0,,7.3,5.4,73.0,8.1,480,0.31875,,0.23333333333333334,2.68467154811715,5.43495468277946,7.63670995670996,-2.2017552739305,14.375,-1.34380952380952,68.2519375,0.706395833333332,21.2906823720784,65.9171373771647,100.069444444444,597,113.21747678373637,1635.0621774792671,461,47.0,72.0,3549.0,478,67.0,67.7,69.5,40.6,698.0,98.4,64.0,7.0,10.0,18.622962944355095,0.6895833333333333,7.433333333333334,7.391666666666667,0.052083333333333336,0.01875,2.7777777777777777,0.18964401471312625,3.5467726192608833,0.07872696817420435,0.12060301507537688,0.19095477386934673,76.0,0.29098379600554836,125.10000000000001,0.35158226069360915,28.235294117647058,209.88235294117646,1.4705882352941178,0.5294117647058824,8.705882352941176,52.411764705882355,0.35294117647058826,20.930588235294117,35.11764705882353,4.470588235294118,7.358823529411765,2.764705882352941,4.235294117647059,0.4117647058823529
00-0034796,2024,Lamar Jackson,QB,BAL,17,474,316,4172,41,4,23,4109,2084,172.27861165601792,5.8841269506621074,139,915,4,11.652933187217323,430.38,2.5,162,53,31,107,22.573839662447256,69,14.556962025316455,78.7,6.1,13,12.0,95.0,,8.6,6.6,45.0,9.0,474,0.34177215189873417,,0.20042194092827004,3.14426865671642,6.77433544303798,9.0107268722467,-2.23639142920872,10.9704641350211,-0.390154185022026,66.8613080168776,-0.194641350210972,22.2443673742305,58.7181079395445,119.629043600563,537,195.29125903567441,2066.5818586945534,454,23.0,45.0,4106.0,469,53.0,74.8,75.0,51.3,661.0,107.9,77.0,1.0,12.0,13.516103539644973,0.6666666666666666,8.80168776371308,8.668776371308017,0.08649789029535865,0.008438818565400843,10.25,0.3636708734370101,4.551942420032056,0.04283054003724395,0.08379888268156424,0.14152700186219738,94.0,0.17553381220318148,115.5,0.2683674891955946,27.88235294117647,245.41176470588235,2.411764705882353,0.23529411764705882,8.176470588235293,53.8235294117647,0.23529411764705882,25.316470588235294,31.58823529411765,5.529411764705882,6.794117647058823,1.3529411764705883,2.6470588235294117,0.058823529411764705
00-0037834,2024,Brock Purdy,QB,SF,15,455,300,3864,20,12,31,3904,1644,77.78267370798564,1.8774657428622106,66,323,5,19.2246525124249,266.86,2.5,142,32,38,101,22.197802197802197,62,13.626373626373626,78.4,4.3,10,10.0,38.0,,8.4,7.4,44.0,6.8,455,0.3120879120879121,,0.08351648351648351,2.93461111111111,7.40466666666667,8.73934090909091,-1.33467424242424,17.8021978021978,-0.256113636363636,62.950989010989,2.98307692307693,21.1254473864672,52.4141679319628,96.0760073260074,525,97.75480343629614,907.536780834198,440,31.0,44.0,3905.0,450,63.0,64.8,64.4,24.3,578.0,74.3,15.0,5.0,8.0,9.232433384720935,0.6593406593406593,8.492307692307692,8.58021978021978,0.04395604395604396,0.026373626373626374,1.6666666666666667,0.18619962559294503,2.0625835928049954,0.05904761904761905,0.0838095238095238,0.17904761904761904,22.0,0.6154955589813956,62.300000000000004,0.23345574458517576,30.333333333333332,257.6,1.3333333333333333,0.8,4.4,21.533333333333335,0.3333333333333333,17.790666666666667,35.0,1.4666666666666666,4.153333333333333,2.066666666666667,2.933333333333333,0.3333333333333333
00-0029604,2024,Kirk Cousins,QB,ATL,14,453,303,3508,18,16,28,3374,1687,21.134388022190418,1.086326184276899,23,0,0,-16.77209639662988,176.32,2.4,106,25,47,100,22.075055187637968,51,11.258278145695364,77.8,3.7,12,15.0,8.0,,7.5,6.0,3.0,5.3,453,0.23399558498896247,,0.017660044150110375,2.70848997772829,5.83270627062706,7.80169336384439,-1.96898709321733,19.6467991169978,-1.43400457665904,63.445408388521,3.44200883002209,21.1892107745816,54.5137166225162,88.6175496688742,480,22.482756876639055,418.96610856056213,437,28.0,3.0,3374.0,449,77.0,47.0,47.7,-3.4,528.0,46.0,3.0,0.0,1.0,1.3870852374238893,0.6688741721854304,7.743929359823399,7.448123620309051,0.039735099337748346,0.03532008830022075,1.125,0.046839076826331365,0.9587325138685633,0.058333333333333334,0.00625,0.21875,20.0,0.46236174580796313,0.0,0.0,32.357142857142854,250.57142857142858,1.2857142857142858,1.1428571428571428,1.6428571428571428,0.0,0.0,12.594285714285714,34.285714285714285,1.4285714285714286,0.0,2.0,0.21428571428571427,0.0
00-0036264,2024,Jordan Love,QB,GB,15,425,268,3389,25,11,14,3757,1654,62.1385194851098,0.5422383040852398,25,83,1,6.110127872786689,233.86,2.4,142,37,49,100,23.52941176470588,75,17.647058823529413,73.2,7.3,14,6.0,48.0,,8.7,6.5,12.0,7.1,425,0.3341176470588235,,0.11294117647058824,2.87607529411765,6.1925,8.86565533980583,-2.67315533980583,17.6470588235294,0.0743932038834954,64.2793647058824,-1.22054117647058,23.1177291810851,60.7699004442166,96.6813725490196,450,68.45663071059582,341.1923497915268,410,14.0,12.0,3762.0,424,62.0,66.3,63.1,19.0,501.0,58.0,3.0,1.0,0.0,4.3263294526259415,0.6305882352941177,7.974117647058823,8.84,0.058823529411764705,0.02588235294117647,2.272727272727273,0.15212584602354626,0.8321764629061629,0.03111111111111111,0.02666666666666667,0.1688888888888889,13.0,1.4421098175419804,14.3,0.06114769520225776,28.333333333333332,225.93333333333334,1.6666666666666667,0.7333333333333333,1.6666666666666667,5.533333333333333,0.06666666666666667,15.590666666666667,30.0,0.8666666666666667,0.9533333333333334,0.9333333333333333,0.8,0.06666666666666667
00-0036212,2024,Tua Tagovailoa,QB,MIA,11,399,291,2867,19,7,21,2271,1685,85.83315489330295,3.9332328542616506,17,49,0,0.4720417538192223,181.57999999999998,2.1,64,26,11,58,14.536340852130325,45,11.278195488721805,81.3,3.6,6,6.0,72.0,,5.7,4.1,7.0,8.1,399,0.16040100250626566,,0.18045112781954886,2.41647607052897,3.75137457044674,5.57470437017995,-1.82332979973321,12.280701754386,-3.00884318766067,71.235664160401,1.69666666666667,18.6649263557991,57.8946716028341,101.362781954887,425,93.42606781184945,1466.9961705803871,388,21.0,7.0,2271.0,397,29.0,57.1,58.7,11.5,465.0,51.9,1.0,0.0,0.0,-2.48496060911566,0.7293233082706767,7.18546365914787,5.69172932330827,0.047619047619047616,0.017543859649122806,2.7142857142857144,0.219826041910234,3.780917965413369,0.04941176470588235,0.01647058823529412,0.11764705882352941,10.0,-2.48496060911566,4.9,0.026985350809560528,36.27272727272727,260.6363636363636,1.7272727272727273,0.6363636363636364,1.5454545454545454,4.454545454545454,0.0,16.507272727272724,38.63636363636363,0.9090909090909091,0.4454545454545455,1.9090909090909092,0.6363636363636364,0.0
00-0039150,2024,Bryce Young,QB,CAR,14,384,234,2403,15,9,29,3358,969,-25.866598704779815,1.2121957703247297,43,249,6,15.547885201842291,195.02,2.3,136,53,38,120,31.25,80,20.833333333333336,71.9,4.2,25,1.0,41.0,,8.6,6.1,37.0,6.9,384,0.3541666666666667,,0.10677083333333333,2.79311979166667,6.06786324786325,8.69041782729805,-2.62255457943481,19.7916666666667,0.0218941504178275,58.8590625,2.0784375,22.5223276351168,56.4945953167204,82.1940104166667,450,-6.898303439688931,238.88389468193054,359,29.0,37.0,3358.0,384,65.0,50.7,54.0,5.7,496.0,44.8,1.0,0.0,0.0,-1.0618976911064237,0.609375,6.2578125,8.744791666666666,0.0390625,0.0234375,1.6666666666666667,-0.015329563199308735,0.6654147484176338,0.06444444444444444,0.08222222222222222,0.2088888888888889,6.0,-1.0618976911064237,60.900000000000006,0.312275664034458,27.428571428571427,171.64285714285714,1.0714285714285714,0.6428571428571429,3.0714285714285716,17.785714285714285,0.42857142857142855,13.930000000000001,32.142857142857146,0.42857142857142855,4.3500000000000005,2.0714285714285716,2.642857142857143,0.0
00-0036389,2024,Jalen Hurts,QB,PHI,15,361,248,2903,18,5,38,2814,1375,40.41566696927131,5.673257706711805,150,630,14,40.7442794316708,315.12,2.7,126,29,23,90,24.930747922437675,45,12.465373961218837,79.1,1.8,25,8.0,98.0,,7.8,6.2,39.0,9.4,361,0.3490304709141274,,0.27146814404432135,3.1313,6.20201612903226,7.99167664670659,-1.78966051767433,16.3434903047091,-0.882574850299401,62.3926038781164,6.3054570637119,21.7817634517847,59.2879836054491,103.687673130194,437,75.21001991794212,2512.1668443083763,334,38.0,39.0,2815.0,360,57.0,62.5,64.6,23.8,558.0,73.7,87.0,16.0,25.0,25.169377401849488,0.6869806094182825,8.041551246537397,7.795013850415512,0.04986149584487535,0.013850415512465374,3.6,0.17210530873670965,7.52145761768975,0.08695652173913043,0.08924485125858124,0.21739130434782608,111.0,0.2893031885270056,147.0,0.46648895658796646,24.066666666666666,193.53333333333333,1.2,0.3333333333333333,10.0,42.0,0.9333333333333333,21.008,29.133333333333333,7.4,9.8,2.533333333333333,2.6,1.0666666666666667
00-0035710,2024,Daniel Jones,QB,NYG,10,341,216,2070,8,7,29,2509,944,-38.11681234381188,1.7804724981533553,67,265,2,7.979219049462808,135.3,2.4,89,21,44,94,27.56598240469208,40,11.730205278592376,79.4,7.5,17,7.0,33.0,,7.2,5.2,14.0,5.5,341,0.26099706744868034,,0.0967741935483871,2.70749851632048,5.00361111111111,7.30339622641509,-2.29978511530398,14.9560117302053,-1.65572327044025,64.6045161290323,-1.26140762463344,20.595763920124,63.512519238336,79.4293743890518,381,-27.942026890727288,461.90859377384186,317,29.0,15.0,2509.0,337,70.0,44.4,43.8,-8.0,459.0,34.5,44.0,3.0,10.0,12.95624110128847,0.6334310850439883,6.070381231671554,7.357771260997067,0.02346041055718475,0.020527859237536656,1.1428571428571428,-0.07333865325650207,1.4571249014947694,0.07611548556430446,0.03937007874015748,0.25984251968503935,52.0,0.2944600250292834,38.5,0.2845528455284553,34.1,207.0,0.8,0.7,6.7,26.5,0.2,13.530000000000001,38.1,5.2,3.85,2.9,1.5,0.3
00-0039851,2024,Drake Maye,QB,NE,13,338,225,2276,15,10,34,2473,1192,-26.453309328381398,-5.642976948718916,54,421,2,20.108275122474883,177.14000000000001,2.3,96,23,26,83,24.556213017751478,53,15.680473372781064,76.2,3.4,14,7.0,37.0,,7.2,4.8,45.0,9.0,338,0.28402366863905326,,0.10946745562130178,2.73826409495549,4.61964444444445,7.32857142857143,-2.70892698412698,15.3846153846154,-1.61242236024845,63.5811538461539,2.98689349112426,20.4376873731006,57.2259879774915,88.0793885601578,416,6.479600832463801,913.150842487812,322,34.0,45.0,2473.0,337,57.0,55.2,53.9,5.3,475.0,43.2,3.0,0.0,0.0,2.289325644786004,0.665680473372781,6.733727810650888,7.316568047337278,0.04437869822485207,0.029585798816568046,1.5,0.015575963539576444,2.835872181639168,0.08173076923076923,0.10817307692307693,0.21875,9.0,0.7631085482620014,54.1,0.30540815174438296,26.0,175.07692307692307,1.1538461538461537,0.7692307692307693,4.153846153846154,32.38461538461539,0.15384615384615385,13.626153846153848,32.0,0.6923076923076923,4.161538461538462,2.6153846153846154,3.4615384615384617,0.0
00-0029263,2024,Russell Wilson,QB,PIT,11,336,214,2482,16,5,33,2668,1122,-1.9115129991216184,4.607215987073423,43,155,2,-7.594189534254847,172.78,2.4,91,27,45,105,31.25,52,15.476190476190476,76.4,4.5,25,6.0,23.0,,7.9,6.4,21.0,7.0,336,0.2708333333333333,,0.06845238095238096,2.86052395209581,5.92957943925234,7.71598039215686,-1.78640095290453,13.0952380952381,-1.40820261437908,62.6277083333333,1.06276785714286,21.0007942797337,57.5675993941036,95.6101190476191,387,5.874638496932347,1368.3650463819504,306,33.0,20.0,2668.0,334,76.0,47.9,48.9,-1.3,429.0,38.4,11.0,1.0,6.0,0.4747923772665672,0.6369047619047619,7.386904761904762,7.940476190476191,0.047619047619047616,0.01488095238095238,3.2,0.015179944436517693,4.471781197326635,0.08527131782945736,0.05167958656330749,0.28165374677002586,23.0,0.043162943387869745,27.5,0.1591619400393564,30.545454545454547,225.63636363636363,1.4545454545454546,0.45454545454545453,3.909090909090909,14.090909090909092,0.18181818181818182,15.707272727272727,35.18181818181818,2.090909090909091,2.5,3.0,1.8181818181818181,0.09090909090909091
00-0033662,2024,Cooper Rush,QB,DAL,12,308,187,1844,12,5,13,2137,942,-22.86451551345329,-10.444027675400331,26,18,0,-18.16656541298903,109.56,2.3,68,25,19,57,18.506493506493506,55,17.857142857142858,68.9,4.3,5,17.0,35.0,,6.7,4.8,4.0,4.5,308,0.22077922077922077,,0.11363636363636363,2.54971335504886,4.90529411764706,7.11379537953795,-2.20850126189089,19.8051948051948,-1.7409900990099,66.3046103896104,-5.59032467532468,20.1345008690244,52.5189727622314,83.8474025974026,324,-25.428365476473225,-2443.4904232621193,303,13.0,4.0,2137.0,307,32.0,37.7,39.7,-10.6,360.0,21.2,10.0,0.0,5.0,-2.5360260911111254,0.6071428571428571,5.987012987012987,6.938311688311688,0.03896103896103896,0.016233766233766232,2.4,-0.07848260949528774,-8.06432482924792,0.040123456790123455,0.012345679012345678,0.1388888888888889,22.0,-0.25360260911111254,1.8,0.01642935377875137,25.666666666666668,153.66666666666666,1.0,0.4166666666666667,2.1666666666666665,1.5,0.0,9.13,27.0,1.8333333333333333,0.15,1.0833333333333333,0.3333333333333333,0.0
00-0035289,2024,Gardner Minshew,QB,LV,10,306,203,2013,9,10,29,1847,1099,-46.01077278283452,0.14575732643233588,19,58,0,-7.564716533728639,96.32,2.2,109,25,27,81,26.47058823529412,38,12.418300653594772,76.2,2.8,22,10.0,35.0,,6.0,4.5,11.0,5.5,306,0.3562091503267974,,0.11437908496732026,2.70611221122112,4.3723645320197,6.03053380782918,-1.65816927580948,17.3202614379085,-2.73459074733096,64.7824183006536,1.55745098039218,19.2581464708465,51.9885997118599,80.9640522875817,343,-42.38802869492164,145.99306285381317,281,29.0,11.0,1848.0,303,56.0,35.0,33.5,-18.0,371.0,17.0,2.0,0.0,0.0,-3.9231830478529446,0.6633986928104575,6.578431372549019,6.0359477124183005,0.029411764705882353,0.032679738562091505,0.9,-0.12358025858577737,0.5195482663836768,0.08454810495626822,0.03206997084548105,0.2478134110787172,8.0,-1.9615915239264723,5.800000000000001,0.06021594684385383,30.6,201.3,0.9,1.0,1.9,5.8,0.0,9.632,34.3,0.8,0.5800000000000001,2.9,1.1,0.0
00-0039152,2024,Will Levis,QB,TEN,12,301,190,2091,13,12,41,2621,929,-65.51893214026178,-0.27265622756132074,45,183,0,-17.49655425669026,119.94,2.4,69,15,34,90,29.900332225913623,55,18.272425249169437,74.1,6.5,8,4.0,31.0,,8.6,6.1,19.0,7.0,301,0.2292358803986711,,0.10299003322259136,2.67700332225914,5.82294736842105,8.61761092150171,-2.79466355308065,18.6046511627907,-1.06498293515358,64.7623588039867,-1.63943521594685,22.4822376835078,58.3271771989696,81.4161129568107,362,-59.634115467870984,-126.23066306114197,292,41.0,20.0,2621.0,301,75.0,25.2,23.2,-36.0,426.0,5.1,18.0,0.0,11.0,-3.050023746152874,0.6312292358803987,6.946843853820598,8.70764119601329,0.04318936877076412,0.03986710963455149,1.0833333333333333,-0.16473512560185355,-0.4322967913052807,0.1132596685082873,0.055248618784530384,0.32044198895027626,25.0,-0.16944576367515968,18.3,0.15257628814407204,25.083333333333332,174.25,1.0833333333333333,1.0,3.75,15.25,0.0,9.995,30.166666666666668,2.0833333333333335,1.5250000000000001,3.4166666666666665,1.6666666666666667,0.0
00-0031503,2024,Jameis Winston,QB,CLE,11,296,181,2121,13,12,24,2640,765,-25.473956939174535,-0.4612800221159832,25,83,1,16.702675447857466,131.14,2.4,61,23,24,71,23.986486486486484,52,17.56756756756757,70.4,4.5,4,11.0,25.0,,8.9,7.5,8.0,5.8,296,0.20608108108108109,,0.08445945945945946,2.78802372881356,7.39502762430939,9.24083333333333,-1.84580570902394,17.5675675675676,0.504722222222222,63.4251351351351,-2.27648648648648,22.3122113334021,62.3104846715222,80.6447072072072,327,-18.908301467840335,-511.18611097335815,288,24.0,8.0,2640.0,295,49.0,52.2,49.4,-0.6,370.0,30.8,16.0,0.0,3.0,9.167307406489272,0.6114864864864865,7.16554054054054,8.91891891891892,0.04391891891891892,0.04054054054054054,1.0833333333333333,-0.05782355188941998,-1.7749517742130492,0.07339449541284404,0.024464831804281346,0.22324159021406728,17.0,0.5729567129055795,14.3,0.10904377001677598,26.90909090909091,192.8181818181818,1.1818181818181819,1.0909090909090908,2.272727272727273,7.545454545454546,0.09090909090909091,11.92181818181818,29.727272727272727,1.5454545454545454,1.3,2.1818181818181817,0.7272727272727273,0.0
00-0033077,2024,Dak Prescott,QB,DAL,8,286,185,1978,11,8,21,2270,939,-9.261385972918665,0.118738988805271,13,54,1,4.51299245579866,116.52,2.3,62,31,28,80,27.972027972027973,50,17.482517482517483,71.3,2.2,5,6.0,32.0,,7.9,5.6,6.0,7.5,286,0.21678321678321677,,0.11188811188811189,2.78802807017544,5.40989189189189,7.8172202166065,-2.40732832471461,21.3286713286713,-1.06725631768953,62.7429020979021,1.9424125874126,20.3488970552931,52.9209079665117,85.9702797202797,311,-5.423562323857607,-235.81167310476303,277,21.0,6.0,2269.0,284,47.0,41.9,41.7,-8.3,351.0,22.3,5.0,1.0,1.0,2.3232883782475255,0.6468531468531469,6.916083916083916,7.937062937062937,0.038461538461538464,0.027972027972027972,1.375,-0.017439107150667547,-0.8513056790785669,0.06752411575562701,0.01929260450160772,0.21864951768488747,7.0,0.4646576756495051,11.4,0.09783728115345006,35.75,247.25,1.375,1.0,1.625,6.75,0.125,14.565,38.875,0.875,1.425,2.625,0.75,0.125
00-0036971,2024,Trevor Lawrence,QB,JAX,10,284,172,2045,11,7,18,2658,834,6.113572620628431,-2.0459052499679746,26,119,3,8.41078275876856,145.2,2.4,71,13,17,48,16.901408450704224,47,16.549295774647888,73.7,5.5,9,4.0,35.0,,9.3,7.0,13.0,8.1,284,0.25,,0.12323943661971831,2.69047183098592,6.77273255813954,9.26466911764706,-2.49193655950752,11.6197183098592,0.716875000000001,63.8784154929578,-3.31503521126761,23.0506563934786,59.1521986066452,85.1965962441315,314,10.30937337262867,-263.41035068035126,272,18.0,13.0,2659.0,283,36.0,56.1,53.3,3.3,350.0,33.1,9.0,2.0,3.0,3.8271500278788153,0.6056338028169014,7.200704225352113,9.359154929577464,0.03873239436619718,0.02464788732394366,1.5714285714285714,0.032832399275887485,-0.9684204069130561,0.05732484076433121,0.041401273885350316,0.17197452229299362,13.0,0.42523889198653503,29.9,0.2059228650137741,28.4,204.5,1.1,0.7,2.6,11.9,0.3,14.52,31.4,1.3,2.9899999999999998,1.8,1.3,0.2
00-0031280,2024,Derek Carr,QB,NO,10,279,189,2145,15,5,8,2178,1087,47.56937511315902,3.5139552718666485,17,71,1,-1.094449931697455,150.9,2.4,79,42,21,71,25.448028673835125,37,13.261648745519713,76.7,3.8,17,5.0,11.0,,7.8,5.6,8.0,6.3,279,0.2831541218637993,,0.03942652329749104,2.75891756272401,5.69026455026455,8.3986641221374,-2.70839957187285,11.1111111111111,-0.677671755725191,64.5192114695341,3.2227240143369,21.823394735832,58.2665341340979,101.022998805257,295,47.078888532964115,858.4100738167763,262,8.0,8.0,2178.0,279,27.0,60.2,65.1,14.4,326.0,43.9,6.0,3.0,2.0,1.8528181533911265,0.6774193548387096,7.688172043010753,7.806451612903226,0.053763440860215055,0.017921146953405017,3.0,0.15958945265411564,3.2763743275449477,0.02711864406779661,0.02711864406779661,0.11864406779661017,9.0,0.30880302556518774,13.100000000000001,0.08681245858184229,27.9,214.5,1.5,0.5,1.7,7.1,0.1,15.09,29.5,0.9,1.31,0.8,0.8,0.3
00-0039164,2024,Anthony Richardson,QB,IND,11,264,126,1814,8,12,14,3224,776,-39.16521618690263,-8.728106780493356,86,499,6,23.787995245003092,163.35999999999999,2.4,67,35,30,79,29.924242424242426,70,26.515151515151516,58.0,4.8,12,5.0,69.0,,12.2,8.2,21.0,8.8,264,0.2537878787878788,,0.26136363636363635,2.9504427480916,7.95912698412699,12.02756,-4.06843301587302,15.9090909090909,2.65556,58.9012878787879,-11.1740151515151,24.9545728688913,65.2577236808027,61.6477272727273,297,-29.01299847443031,-2704.0382727980614,249,14.0,21.0,3224.0,262,44.0,44.1,40.9,-9.7,375.0,24.9,55.0,9.0,12.0,21.532356967858505,0.4772727272727273,6.871212121212121,12.212121212121213,0.030303030303030304,0.045454545454545456,0.6666666666666666,-0.09768686355027041,-10.859591457020327,0.04713804713804714,0.0707070707070707,0.19528619528619529,65.0,0.3914973994156092,85.9,0.5258325171400589,24.0,164.9090909090909,0.7272727272727273,1.0909090909090908,7.818181818181818,45.36363636363637,0.5454545454545454,14.85090909090909,27.0,5.909090909090909,7.8090909090909095,1.2727272727272727,1.9090909090909092,0.8181818181818182
00-0036972,2024,Mac Jones,QB,JAX,10,262,171,1672,8,8,14,1928,908,-3.298469664451581,0.9421776015000983,28,92,1,0.6996301682653423,96.08,2.3,62,9,18,41,15.648854961832063,45,17.17557251908397,73.6,2.8,12,5.0,27.0,,7.1,4.5,14.0,5.9,262,0.2366412213740458,,0.10305343511450382,2.7127786259542,4.33847953216374,7.22664,-2.88816046783626,13.3587786259542,-1.98936,66.7186259541985,-1.45145038167938,21.7420514539589,62.2635559537038,80.5184478371501,290,0.8059485125153081,-122.92266488075256,250,14.0,14.0,1928.0,262,31.0,,,,,,8.0,2.0,6.0,5.350253825716209,0.6526717557251909,6.3816793893129775,7.358778625954199,0.030534351145038167,0.030534351145038167,1.0,0.0027791328017769245,-0.4916906595230103,0.04827586206896552,0.04827586206896552,0.15517241379310345,14.0,0.6687817282145261,15.200000000000001,0.1582014987510408,26.2,167.2,0.8,0.8,2.8,9.2,0.1,9.608,29.0,1.4,1.52,1.4,1.4,0.2
00-0026158,2024,Joe Flacco,QB,IND,7,248,162,1761,12,7,18,2215,651,2.052385872166842,0.7124819403592683,9,26,0,-7.002136736351533,99.04,2.3,61,13,18,49,19.758064516129032,42,16.93548387096774,73.6,4.5,6,5.0,51.0,,8.8,6.9,3.0,8.7,248,0.24596774193548387,,0.2056451612903226,2.69314112903226,6.70481481481482,8.73826446280992,-2.0334496479951,15.7258064516129,-0.261735537190083,63.7684274193549,1.55415322580644,21.9729656412898,64.46446618099,90.4737903225806,269,4.050267898661813,258.7272346019745,242,18.0,3.0,2215.0,248,35.0,,,,,,2.0,0.0,1.0,0.0131061285501346,0.6532258064516129,7.100806451612903,8.931451612903226,0.04838709677419355,0.028225806451612902,1.7142857142857142,0.015056757987590383,1.0691208041403903,0.06691449814126393,0.011152416356877323,0.1970260223048327,6.0,0.0065530642750673,2.6,0.026252019386106624,35.42857142857143,251.57142857142858,1.7142857142857142,1.0,1.2857142857142858,3.7142857142857144,0.0,14.14857142857143,38.42857142857143,0.8571428571428571,0.37142857142857144,2.5714285714285716,0.42857142857142855,0.0
00-0038579,2024,Aidan O'Connell,QB,LV,9,243,154,1612,8,4,10,1921,731,2.4086636819807614,-2.4592994988282397,21,30,1,-8.12173436273589,93.48,2.4,50,27,19,56,23.045267489711936,49,20.16460905349794,71.2,2.6,9,5.0,20.0,,7.9,5.7,3.0,8.7,243,0.205761316872428,,0.0823045267489712,2.91564049586777,5.63863636363636,7.74465517241379,-2.10601880877743,20.9876543209877,-1.2251724137931,62.6002880658436,0.774197530864207,21.2143748474149,52.5728684779516,86.6512345679013,255,6.957532488460273,-830.5093139410019,232,10.0,3.0,1921.0,242,29.0,,,,,,9.0,1.0,3.0,0.5312196366721764,0.6337448559670782,6.633744855967078,7.905349794238683,0.03292181069958848,0.01646090534979424,2.0,0.027284441131216756,-3.5797815256077667,0.0392156862745098,0.011764705882352941,0.15294117647058825,18.0,0.05902440407468627,9.0,0.0962772785622593,27.0,179.11111111111111,0.8888888888888888,0.4444444444444444,2.3333333333333335,3.3333333333333335,0.1111111111111111,10.386666666666667,28.333333333333332,2.0,1.0,1.1111111111111112,0.3333333333333333,0.1111111111111111
00-0034771,2024,Mason Rudolph,QB,TEN,8,228,146,1530,9,9,11,1630,656,-0.8831411464901875,0.5579558248148108,25,106,1,4.988986552950042,95.8,2.6,38,15,23,49,21.49122807017544,39,17.105263157894736,73.0,4.2,10,5.0,16.0,,7.0,6.0,11.0,8.0,228,0.16666666666666666,,0.07017543859649122,2.80481333333333,5.8658904109589,7.31906542056075,-1.45317500960184,12.280701754386,-1.34448598130841,62.4009649122807,1.63412280701753,19.8159918026316,53.5558773618732,80.1169590643275,249,7.620663515852024,50.962743163108826,214,11.0,13.0,1631.0,225,34.0,52.2,53.1,2.5,283.0,24.9,8.0,0.0,5.0,1.6332505305763334,0.6403508771929824,6.7105263157894735,7.149122807017544,0.039473684210526314,0.039473684210526314,1.0,0.0306050743608515,0.23814365964069545,0.04417670682730924,0.05220883534136546,0.18072289156626506,12.0,0.20415631632204168,16.6,0.17327766179540713,28.5,191.25,1.125,1.125,3.125,13.25,0.125,11.975,31.125,1.5,2.075,1.375,1.625,0.0
00-0039376,2024,Spencer Rattler,QB,NO,7,228,130,1317,4,5,22,1834,642,-75.73932699372516,-10.31885999922301,18,146,0,13.575403080554665,67.28,2.4,61,16,16,54,23.684210526315788,39,17.105263157894736,71.5,7.0,13,6.0,14.0,,8.0,5.2,14.0,8.4,228,0.2675438596491228,,0.06140350877192982,2.81745374449339,5.14484615384615,7.76004672897196,-2.61520057512581,8.7719298245614,-1.83341121495327,65.6084649122807,-8.5909210526316,21.1533840172814,56.0499892952711,70.3764619883041,263,-63.875944878507205,-1930.235093832016,213,22.0,14.0,1834.0,227,39.0,,,,,,2.0,0.0,0.0,3.8664576604496688,0.5701754385964912,5.776315789473684,8.043859649122806,0.017543859649122806,0.021929824561403508,0.8,-0.24287431512740382,-9.06213659076064,0.08365019011406843,0.053231939163498096,0.23193916349809887,4.0,1.9332288302248344,14.600000000000001,0.2170035671819263,32.57142857142857,188.14285714285714,0.5714285714285714,0.7142857142857143,2.5714285714285716,20.857142857142858,0.0,9.611428571428572,37.57142857142857,0.5714285714285714,2.085714285714286,3.142857142857143,2.0,0.0
00-0033537,2024,Deshaun Watson,QB,CLE,7,216,137,1148,5,3,33,1569,594,-61.5412760071117,-0.7455963911060616,31,148,1,-1.8450406061772069,76.72,2.6,72,16,37,86,39.81481481481482,34,15.74074074074074,78.7,9.5,5,5.0,32.0,,7.1,4.1,21.0,6.3,216,0.3333333333333333,,0.14814814814814814,2.93897685185185,3.85350364963504,7.14914285714286,-3.29563920750782,16.6666666666667,-2.96990476190476,66.0329166666667,-2.60699074074073,19.7574648209633,58.6754369391486,79.0123456790123,270,-57.021373468227715,-467.389015853405,210,33.0,21.0,1569.0,216,70.0,,,,,,7.0,2.0,4.0,-0.8244129693775903,0.6342592592592593,5.314814814814815,7.263888888888889,0.023148148148148147,0.013888888888888888,1.6666666666666667,-0.2111902721045471,-2.2256619802543094,0.12222222222222222,0.07777777777777778,0.3814814814814815,10.0,-0.11777328133965577,20.8,0.2711157455683003,30.857142857142858,164.0,0.7142857142857143,0.42857142857142855,4.428571428571429,21.142857142857142,0.14285714285714285,10.959999999999999,38.57142857142857,1.4285714285714286,2.9714285714285715,4.714285714285714,3.0,0.2857142857142857
00-0035704,2024,Drew Lock,QB,NYG,7,181,107,1071,6,5,12,1107,611,-41.669446811100705,-2.583055392479427,18,133,2,12.075437067076562,80.14,2.4,29,18,24,54,29.83425414364641,33,18.23204419889503,69.3,4.0,4,8.0,15.0,,6.3,4.3,10.0,13.4,181,0.16022099447513813,,0.08287292817679558,2.84362222222222,4.19448598130841,7.0648275862069,-2.87034160489849,17.1270718232044,-2.32022988505747,61.9768508287293,-2.86082872928176,20.8463137905683,53.1764318095902,75.5409760589319,202,-25.175172898342595,-1054.6667873859406,173,12.0,10.0,1107.0,180,36.0,,,,,,3.0,0.0,2.0,-2.1411331053823233,0.5911602209944752,5.917127071823204,6.116022099447513,0.03314917127071823,0.027624309392265192,1.2,-0.12462956880367622,-6.096339811479425,0.0594059405940594,0.04950495049504951,0.2376237623762376,8.0,-0.713711035127441,25.3,0.31569752932368356,25.857142857142858,153.0,0.8571428571428571,0.7142857142857143,2.5714285714285716,19.0,0.2857142857142857,11.448571428571428,28.857142857142858,1.1428571428571428,3.6142857142857143,1.7142857142857142,1.4285714285714286,0.0
00-0033119,2024,Jacoby Brissett,QB,NE,7,161,95,826,2,1,18,1093,437,-37.11467835544847,-5.7253056933898945,15,62,0,3.116573409759443,45.24,2.4,55,16,28,62,38.50931677018634,29,18.012422360248447,77.1,8.5,7,1.0,12.0,,6.4,4.1,9.0,7.2,161,0.3416149068322981,,0.07453416149068323,2.874425,4.09126315789474,7.11079470198676,-3.01953154409202,18.0124223602484,-1.92894039735099,60.9774534161491,-1.97124223602484,19.9287457856542,60.8347861013746,74.1847826086957,187,-32.43089823678566,-437.1879309415817,150,18.0,9.0,1093.0,160,44.0,,,,,,3.0,1.0,2.0,-1.4268833571695723,0.5900621118012422,5.130434782608695,6.788819875776397,0.012422360248447204,0.006211180124223602,2.0,-0.17342726329831903,-2.9145862062772117,0.0962566844919786,0.0481283422459893,0.3315508021390374,6.0,-0.47562778572319075,6.2,0.13704686118479223,23.0,118.0,0.2857142857142857,0.14285714285714285,2.142857142857143,8.857142857142858,0.0,6.4628571428571435,26.714285714285715,0.8571428571428571,0.8857142857142858,2.5714285714285716,1.2857142857142858,0.14285714285714285
00-0036945,2024,Justin Fields,QB,PIT,10,161,106,1106,5,1,16,1251,520,7.59287047392508,-2.5420450887768324,62,289,5,2.4346262689508067,119.14,2.5,48,11,16,43,26.70807453416149,24,14.906832298136646,75.0,4.6,8,3.0,14.0,,7.7,5.5,17.0,6.3,161,0.2981366459627329,,0.08695652173913043,3.0368,5.28669811320755,7.66638157894737,-2.37968346573982,11.8012422360248,-1.94546052631579,65.4291925465839,0.409316770186337,21.2849360650101,48.6268177038144,93.3359213250518,195,19.351044929982624,363.0313903093338,152,16.0,19.0,1252.0,160,33.0,,,,,,35.0,2.0,10.0,5.362115970648375,0.6583850931677019,6.869565217391305,7.770186335403727,0.031055900621118012,0.006211180124223602,5.0,0.09923612784606474,2.3883644099298276,0.08205128205128205,0.09743589743589744,0.2512820512820513,43.0,0.15320331344709642,58.900000000000006,0.49437636394158135,16.1,110.6,0.5,0.1,6.2,28.9,0.5,11.914,19.5,4.3,5.890000000000001,1.6,1.9,0.2
00-0027973,2024,Andy Dalton,QB,CAR,6,160,106,989,7,6,7,1062,459,-19.042891326278145,-12.341451448089382,11,34,0,-3.43167459384309,58.96,2.2,56,10,11,28,17.5,21,13.125,74.5,5.7,3,5.0,22.0,,6.7,5.0,6.0,6.0,160,0.35,,0.1375,2.54945625,4.89622641509434,6.71730769230769,-1.82108127721335,15.0,-2.01987179487179,65.4763125,0.773687499999994,21.228521887937,52.1845427305826,82.0052083333333,173,-18.638159028639762,-178.1519204378128,156,7.0,6.0,1062.0,160,18.0,52.0,56.5,3.5,191.0,18.1,1.0,0.0,0.0,-0.36066041025333107,0.6625,6.18125,6.6375,0.04375,0.0375,1.1666666666666667,-0.10773502328693504,-1.1419994899859796,0.04046242774566474,0.03468208092485549,0.14450867052023122,5.0,-0.36066041025333107,3.4000000000000004,0.0576662143826323,26.666666666666668,164.83333333333334,1.1666666666666667,1.0,1.8333333333333333,5.666666666666667,0.0,9.826666666666666,28.833333333333332,0.8333333333333334,0.5666666666666668,1.1666666666666667,1.0,0.0
00-0035993,2024,Tyler Huntley,QB,MIA,5,133,86,829,3,3,15,1036,352,-19.7420365150601,2.4638012696741476,26,135,2,-0.536011616717446,60.66,2.2,19,9,17,41,30.82706766917293,20,15.037593984962406,80.8,6.4,7,3.0,23.0,,7.8,5.5,14.0,7.4,133,0.14285714285714285,,0.17293233082706766,,,,,,,,,,,,162,-10.775490440160562,385.0159019231796,124,15.0,15.0,1036.0,132,30.0,,,,,,7.0,1.0,5.0,1.5375758764386451,0.6466165413533834,6.2330827067669174,7.7894736842105265,0.022556390977443608,0.022556390977443608,1.0,-0.06651537308741087,3.104966950993384,0.09259259259259259,0.09259259259259259,0.2777777777777778,11.0,0.21965369663409215,25.5,0.42037586547972305,26.6,165.8,0.6,0.6,5.2,27.0,0.4,12.132,32.4,2.2,5.1,3.0,3.0,0.2
00-0038583,2024,Dorian Thompson-Robinson,QB,CLE,6,118,61,440,0,6,8,710,251,-71.14114697335762,-20.75771442595012,21,122,0,5.991397552657867,15.799999999999999,2.2,24,7,18,33,27.966101694915253,19,16.101694915254235,72.2,10.2,10,1.0,32.0,,6.1,3.1,6.0,6.5,118,0.2033898305084746,,0.2711864406779661,,,,,,,,,,,,131,-67.73494204861345,-1149.010083079338,105,8.0,6.0,715.0,117,27.0,,,,,,14.0,0.0,1.0,3.32577311451314,0.5169491525423728,3.7288135593220337,6.016949152542373,0.0,0.05084745762711865,0.0,-0.5170606263252935,-10.942953172184172,0.061068702290076333,0.04580152671755725,0.26717557251908397,15.0,0.23755522246522429,12.200000000000001,0.7721518987341773,19.666666666666668,73.33333333333333,0.0,1.0,3.5,20.333333333333332,0.0,2.6333333333333333,21.833333333333332,2.5,2.0333333333333337,1.3333333333333333,1.0,0.0
00-0039917,2024,Michael Penix Jr.,QB,ATL,5,105,61,775,3,3,4,1073,271,14.553116952157453,3.507621362066286,7,11,1,0.5856191375351059,44.1,2.3,32,4,8,16,15.238095238095239,23,21.904761904761905,67.0,6.8,2,1.0,2.0,,10.1,8.3,4.0,3.5,105,0.3047619047619048,,0.01904761904761905,,,,,,,,,,,,113,15.410137770087328,-452.7207225561142,102,4.0,4.0,1073.0,105,11.0,,,,,,1.0,1.0,0.0,-0.2714016803947743,0.580952380952381,7.380952380952381,10.219047619047618,0.02857142857142857,0.02857142857142857,1.0,0.13637290062024185,-4.438438456432492,0.035398230088495575,0.035398230088495575,0.13274336283185842,3.0,-0.2714016803947743,7.1,0.16099773242630383,21.0,155.0,0.6,0.6,1.4,2.2,0.2,8.82,22.6,0.6,1.42,0.8,0.8,0.2
00-0038122,2024,Desmond Ridder,QB,LV,5,85,52,458,2,2,10,683,201,-22.08151338740112,-0.723834036563342,9,36,0,1.4976739216945192,21.92,2.2,21,6,9,25,29.411764705882355,15,17.647058823529413,68.8,2.5,4,1.0,8.0,,8.1,4.9,6.0,5.8,85,0.24705882352941178,,0.09411764705882353,,,,,,,,,,,,100,-20.709902239864256,-248.12302887439728,78,10.0,6.0,682.0,84,18.0,,,,,,2.0,0.0,0.0,1.2470900435000658,0.611764705882353,5.3882352941176475,8.035294117647059,0.023529411764705882,0.023529411764705882,1.0,-0.20709902239864256,-3.181064472748683,0.1,0.06,0.28,3.0,0.6235450217500329,3.6,0.16423357664233576,17.0,91.6,0.4,0.4,1.8,7.2,0.0,4.384,20.0,0.6,0.72,2.0,1.2,0.0
00-0038128,2024,Malik Willis,QB,GB,6,54,40,550,3,0,8,430,274,15.299639245377369,-6.647148123878227,20,138,1,3.918402077029513,51.8,2.3,16,2,2,12,22.22222222222222,7,12.962962962962962,81.1,5.7,1,1.0,14.0,,7.7,6.9,7.0,11.3,54,0.2962962962962963,,0.25925925925925924,,,,,,,,,,,,70,21.42052297676531,365.6339764595032,53,8.0,8.0,430.0,54,10.0,77.3,77.4,6.9,79.0,13.1,8.0,1.0,0.0,2.9260387421236373,0.7407407407407407,10.185185185185185,7.962962962962963,0.05555555555555555,0.0,,0.3060074710966473,6.898754272820814,0.11428571428571428,0.11428571428571428,0.2571428571428571,12.0,0.36575484276545467,19.8,0.38223938223938225,9.0,91.66666666666667,0.5,0.0,3.3333333333333335,23.0,0.16666666666666666,8.633333333333333,11.666666666666666,2.0,3.3000000000000003,1.3333333333333333,1.3333333333333333,0.16666666666666666
00-0034177,2024,Tim Boyle,QB,MIA,3,50,27,276,1,1,2,313,151,-14.487911420525057,-8.026658623785389,3,9,0,0.6493757708813059,13.94,2.0,8,9,7,18,36.0,8,16.0,69.6,6.5,3,1.0,4.0,,6.3,4.6,2.0,5.0,50,0.16,,0.08,,,,,,,,,,,,53,-13.628598082286771,-390.0257557630539,46,2.0,2.0,313.0,49,9.0,,,,,,,,,,0.54,5.52,6.26,0.02,0.02,1.0,-0.25714336004314664,-8.478820777457694,0.03773584905660377,0.03773584905660377,0.20754716981132076,1.0,,0.9,0.06456241032998565,16.666666666666668,92.0,0.3333333333333333,0.3333333333333333,1.0,3.0,0.0,4.6466666666666665,17.666666666666668,0.3333333333333333,0.3,0.6666666666666666,0.6666666666666666,
00-0033949,2024,Joshua Dobbs,QB,SF,2,47,32,361,2,2,2,373,101,5.55747983542185,10.96464952542668,9,24,2,-2.7943142913864003,30.839999999999996,2.2,10,6,2,10,21.27659574468085,9,19.148936170212767,73.9,2.2,0,0.0,6.0,,7.8,8.1,4.0,5.8,47,0.2127659574468085,,0.1276595744680851,,,,,,,,,,,,51,7.2923370339421805,75.29286444187164,46,2.0,3.0,373.0,46,5.0,,,,,,5.0,1.0,1.0,-4.0013825770583935,0.6808510638297872,7.680851063829787,7.9361702127659575,0.0425531914893617,0.0425531914893617,1.0,0.14298700066553294,1.6368014009102532,0.0392156862745098,0.058823529411764705,0.13725490196078433,6.0,-0.8002765154116787,14.4,0.46692607003891057,23.5,180.5,1.0,1.0,4.5,12.0,1.0,15.419999999999998,25.5,3.0,7.2,1.0,1.5,0.5
00-0038400,2024,Tanner McKee,QB,PHI,2,45,30,323,4,0,2,322,138,14.67771327629973,10.064035299711124,5,-1,0,-3.00282555824379,28.82,2.3,17,0,5,7,15.555555555555555,9,20.0,66.7,0.0,0,1.0,6.0,,6.6,6.2,0.0,,45,0.37777777777777777,,0.13333333333333333,,,,,,,,,,,,47,14.677713276299727,-1.937142014503479,45,2.0,0.0,322.0,45,7.0,65.5,74.9,4.0,52.0,8.3,1.0,0.0,1.0,0.21560511528514326,0.6666666666666666,7.177777777777778,7.155555555555556,0.08888888888888889,0.0,,0.3122917718361644,-0.04304760032229953,0.0425531914893617,0.0,0.19148936170212766,5.0,0.21560511528514326,-0.1,-0.003469812630117974,22.5,161.5,2.0,0.0,2.5,-0.5,0.0,14.41,23.5,2.5,-0.05,1.0,0.0,0.0
00-0032268,2024,Marcus Mariota,QB,WAS,3,44,34,364,4,0,3,408,107,18.866351626293117,4.017107975045933,18,92,1,3.526107998248315,45.760000000000005,2.5,17,5,2,10,22.727272727272727,3,6.8181818181818175,88.1,4.8,1,0.0,15.0,,9.3,7.6,4.0,6.3,44,0.38636363636363635,,0.3409090909090909,,,,,,,,,,,,50,21.513828297803983,696.7341750860214,42,3.0,4.0,408.0,43,5.0,86.3,88.9,10.3,70.0,11.4,11.0,1.0,1.0,2.700429673048325,0.7727272727272727,8.272727272727273,9.272727272727273,0.09090909090909091,0.0,,0.43027656595607966,16.588908930619557,0.06,0.08,0.16,14.0,0.2454936066407568,15.200000000000001,0.33216783216783213,14.666666666666666,121.33333333333333,1.3333333333333333,0.0,6.0,30.666666666666668,0.3333333333333333,15.253333333333336,16.666666666666668,4.666666666666667,5.066666666666667,1.0,1.3333333333333333,0.3333333333333333
00-0038476,2024,Tommy DeVito,QB,NYG,2,44,31,257,0,0,6,263,119,-8.008932490309231,6.06548398219306,8,32,0,-2.7399459484440767,13.48,2.3,11,2,4,12,27.27272727272727,6,13.636363636363635,85.4,2.4,3,0.0,8.0,,6.0,4.5,4.0,7.8,44,0.25,,0.18181818181818182,,,,,,,,,,,,54,-6.1055295318656135,193.7034249305725,41,6.0,4.0,263.0,44,11.0,,,,,,3.0,0.0,0.0,-4.643348906887695,0.7045454545454546,5.840909090909091,5.9772727272727275,0.0,0.0,,-0.11306536170121506,4.724473778794452,0.1111111111111111,0.07407407407407407,0.3148148148148148,4.0,-1.547782968962565,3.2,0.23738872403560832,22.0,128.5,0.0,0.0,4.0,16.0,0.0,6.74,27.0,2.0,1.6,3.0,2.0,0.0
00-0038102,2024,Kenny Pickett,QB,PHI,5,42,25,291,2,1,4,347,57,3.4372111325504284,-12.522970415748567,9,15,1,1.727796723786593,25.14,2.4,23,2,6,12,28.57142857142857,6,14.285714285714285,65.0,2.5,2,2.0,6.0,,8.5,9.4,3.0,4.3,42,0.5476190476190477,,0.14285714285714285,,,,,,,,,,,,49,3.0723713827437322,18.543735146522522,39,4.0,3.0,347.0,42,10.0,73.1,73.6,4.3,60.0,9.1,4.0,2.0,0.0,2.092636473593302,0.5952380952380952,6.928571428571429,8.261904761904763,0.047619047619047616,0.023809523809523808,2.0,0.0627014567906884,0.47548038837237233,0.08163265306122448,0.061224489795918366,0.2857142857142857,6.0,0.5231591183983255,7.5,0.29832935560859186,8.4,58.2,0.4,0.2,1.8,3.0,0.2,5.0280000000000005,9.8,1.2,1.5,0.8,0.6,0.4
00-0031345,2024,Jimmy Garoppolo,QB,LA,1,41,27,334,2,1,3,221,232,2.07763218411804,-3.07148143649101,2,5,0,-1.98857976053841,19.86,2.2,13,0,5,8,19.51219512195122,8,19.51219512195122,67.5,0.0,1,0.0,7.0,,5.4,3.8,1.0,5.0,41,0.3170731707317073,,0.17073170731707318,,,,,,,,,,,,45,3.002347296852623,-122.8592574596405,40,3.0,1.0,221.0,41,9.0,,,,,,1.0,0.0,1.0,-1.9662948732730001,0.6585365853658537,8.146341463414634,5.390243902439025,0.04878048780487805,0.024390243902439025,2.0,0.06671882881894717,-3.0714814364910126,0.06666666666666667,0.022222222222222223,0.26666666666666666,1.0,-1.9662948732730001,0.5,0.025176233635448138,41.0,334.0,2.0,1.0,2.0,5.0,0.0,19.86,45.0,1.0,0.5,3.0,1.0,0.0
00-0037012,2024,Trey Lance,QB,DAL,4,41,25,266,0,1,4,268,149,-8.364336361202229,2.6863210279532144,11,41,0,-2.116462631791367,12.74,2.3,15,8,1,13,31.70731707317073,6,14.634146341463413,72.5,2.5,1,2.0,9.0,,6.4,4.7,2.0,4.5,41,0.36585365853658536,,0.21951219512195122,,,,,,,,,,,,47,-7.386401542953028,-274.33403730392456,40,4.0,2.0,268.0,41,4.0,,,,,,9.0,1.0,3.0,-3.09439745004056,0.6097560975609756,6.487804878048781,6.536585365853658,0.0,0.024390243902439025,0.0,-0.15715747963729845,-6.858350932598114,0.0851063829787234,0.0425531914893617,0.1702127659574468,9.0,-0.3438219388933956,4.1000000000000005,0.32182103610675045,10.25,66.5,0.0,0.25,2.75,10.25,0.0,3.185,11.75,2.25,1.0250000000000001,1.0,0.5,0.25
00-0038998,2024,Jake Haener,QB,NO,8,39,18,226,1,1,6,345,97,-14.948479153761138,-25.864841597142572,11,22,0,-1.556291230604986,13.24,2.4,15,2,9,17,43.58974358974359,7,17.94871794871795,67.6,16.2,2,1.0,1.0,,8.8,7.2,5.0,5.6,39,0.38461538461538464,,0.02564102564102564,,,,,,,,,,,,50,-16.50477038436612,-640.7816886901855,37,6.0,5.0,345.0,39,15.0,,,,,,,,,,0.46153846153846156,5.794871794871795,8.846153846153847,0.02564102564102564,0.02564102564102564,1.0,-0.33009540768732243,-17.318424018653662,0.12,0.1,0.42,6.0,,2.2,0.1661631419939577,4.875,28.25,0.125,0.125,1.375,2.75,0.0,1.655,6.25,0.75,0.275,0.75,0.625,
00-0036898,2024,Davis Mills,QB,HOU,4,36,20,212,0,0,2,223,72,-5.212639526289416,-20.290253017887938,3,11,0,-1.13970202690689,9.58,2.0,18,2,2,6,16.666666666666664,10,27.77777777777778,63.9,2.8,0,1.0,1.0,,6.2,7.0,1.0,9.0,36,0.5,,0.027777777777777776,,,,,,,,,,,,39,-4.147072050371207,-422.074955701828,36,2.0,1.0,223.0,36,4.0,64.8,60.8,1.4,44.0,3.8,1.0,0.0,0.0,1.4731230934266932,0.5555555555555556,5.888888888888889,6.194444444444445,0.0,0.0,,-0.1063351807787489,-11.724304325050777,0.05128205128205128,0.02564102564102564,0.15384615384615385,2.0,1.4731230934266932,1.1,0.11482254697286014,9.0,53.0,0.0,0.0,0.75,2.75,0.0,2.395,9.75,0.5,0.275,0.5,0.25,0.0
00-0037327,2024,Skylar Thompson,QB,MIA,2,33,21,187,0,0,6,230,85,-15.51102514201312,1.5133561714301003,1,4,0,-2.46101770619862,7.880000000000001,2.3,7,2,6,14,42.42424242424242,6,18.181818181818183,90.6,6.3,1,0.0,14.0,,7.0,4.9,1.0,4.0,33,0.21212121212121213,,0.42424242424242425,,,,,,,,,,,,40,-17.972042848211736,71.23678624629974,32,6.0,1.0,230.0,33,12.0,,,,,,,,,,0.6363636363636364,5.666666666666667,6.96969696969697,0.0,0.0,,-0.4493010712052934,2.226149570196867,0.15,0.025,0.45,0.0,,0.4,0.050761421319796954,16.5,93.5,0.0,0.0,0.5,2.0,0.0,3.9400000000000004,20.0,0.0,0.2,3.0,0.5,
00-0038108,2024,Bailey Zappe,QB,CLE,1,31,16,170,1,2,1,220,101,-16.8488054084006,-13.5540703932444,2,2,0,-0.289851196925156,7.0,2.4,2,1,1,3,9.67741935483871,3,9.67741935483871,90.0,16.7,1,0.0,5.0,,7.1,4.3,1.0,3.0,31,0.06451612903225806,,0.16129032258064516,,,,,,,,,,,,33,-17.13865660532574,-406.62211179733276,30,1.0,1.0,220.0,31,2.0,,,,,,,,,,0.5161290322580645,5.483870967741935,7.096774193548387,0.03225806451612903,0.06451612903225806,0.5,-0.5193532304644163,-13.554070393244425,0.030303030303030304,0.030303030303030304,0.09090909090909091,1.0,,0.2,0.028571428571428574,31.0,170.0,1.0,2.0,2.0,2.0,0.0,7.0,33.0,1.0,0.2,1.0,1.0,
00-0032434,2024,Brandon Allen,QB,SF,3,30,17,199,1,2,2,241,116,-12.35417754736182,-18.548646454627693,3,4,0,-0.990277614444494,6.360000000000001,2.4,7,3,2,7,23.333333333333332,5,16.666666666666664,81.5,14.8,3,0.0,2.0,,8.0,4.9,1.0,6.0,30,0.23333333333333334,,0.06666666666666667,,,,,,,,,,,,33,-13.344455161806355,-133.97584557533264,27,2.0,1.0,241.0,30,3.0,,,,,,,,,,0.5666666666666667,6.633333333333334,8.033333333333333,0.03333333333333333,0.06666666666666667,0.5,-0.4043774291456471,-4.96206835464195,0.06060606060606061,0.030303030303030304,0.15151515151515152,2.0,,0.4,0.06289308176100628,10.0,66.33333333333333,0.3333333333333333,0.6666666666666666,1.0,1.3333333333333333,0.0,2.1200000000000006,11.0,0.6666666666666666,0.13333333333333333,0.6666666666666666,0.3333333333333333,
00-0039398,2024,Joe Milton III,QB,NE,1,29,22,241,1,0,0,280,72,11.7907161317601,17.1249438215185,10,16,1,-3.96280624266365,19.24,2.5,7,4,2,6,20.689655172413794,2,6.896551724137931,92.6,3.7,2,0.0,7.0,,8.8,7.7,2.0,6.5,29,0.2413793103448276,,0.2413793103448276,,,,,,,,,,,,31,13.345608347172167,462.37348318099976,27,0.0,2.0,280.0,29,3.0,69.6,72.7,2.8,40.0,6.7,4.0,2.0,0.0,2.400932424265193,0.7586206896551724,8.310344827586206,9.655172413793103,0.034482758620689655,0.0,,0.4305034950700699,17.12494382151851,0.0,0.06451612903225806,0.0967741935483871,8.0,0.6002331060662982,7.6,0.39501039501039503,29.0,241.0,1.0,0.0,10.0,16.0,1.0,19.24,31.0,8.0,7.6,0.0,2.0,2.0
00-0033869,2024,Mitchell Trubisky,QB,BUF,8,26,19,179,2,0,0,142,149,9.716510242314135,8.104878455400469,17,1,0,-12.08890618814279,15.260000000000002,2.2,8,2,1,3,11.538461538461538,4,15.384615384615385,84.0,0.0,1,0.0,4.0,,5.5,1.6,1.0,8.0,26,0.3076923076923077,,0.15384615384615385,,,,,,,,,,,,27,9.908107053776796,144.31876242160797,25,0.0,1.0,142.0,26,1.0,57.8,66.1,1.5,31.0,3.7,3.0,0.0,3.0,-1.7493297358125695,0.7307692307692307,6.884615384615385,5.461538461538462,0.07692307692307693,0.0,,0.3669669279176591,5.772750496864319,0.0,0.037037037037037035,0.037037037037037035,16.0,-0.5831099119375232,0.1,0.00655307994757536,3.25,22.375,0.25,0.0,2.125,0.125,0.0,1.9075000000000002,3.375,2.0,0.0125,0.0,0.125,0.0
00-0028118,2024,Tyrod Taylor,QB,NYJ,2,22,17,119,3,0,0,88,68,11.0630861275571,12.303554581908081,3,13,0,-0.67648596511572,20.06,2.0,4,3,2,5,22.727272727272727,2,9.090909090909092,90.5,4.8,1,0.0,1.0,,4.0,3.0,2.0,6.5,22,0.18181818181818182,,0.045454545454545456,,,,,,,,,,,,24,12.859934812120628,279.9421787261963,21,0.0,2.0,88.0,22,2.0,95.0,95.1,5.7,27.0,2.1,,,,,0.7727272727272727,5.409090909090909,4.0,0.13636363636363635,0.0,,0.5358306171716928,13.33057993934268,0.0,0.08333333333333333,0.08333333333333333,1.0,,1.3,0.06480558325024925,11.0,59.5,1.5,0.0,1.5,6.5,0.0,10.03,12.0,0.5,0.65,0.0,1.0,
00-0032950,2024,Carson Wentz,QB,KC,2,19,12,118,0,0,4,125,68,-6.75574821368931,14.570017378119855,3,0,0,-3.54260906367563,4.72,2.2,3,1,5,10,52.63157894736842,5,26.31578947368421,78.9,5.3,0,0.0,5.0,,6.6,4.2,1.0,2.0,19,0.15789473684210525,,0.2631578947368421,,,,,,,,,,,,24,-7.00526359975478,-22.70146906375885,19,4.0,1.0,125.0,19,9.0,,,,,,,,,,0.631578947368421,6.2105263157894735,6.578947368421052,0.0,0.0,,-0.2918859833231158,-1.1948141612504657,0.16666666666666666,0.041666666666666664,0.5416666666666666,2.0,,0.0,0.0,9.5,59.0,0.0,0.0,1.5,0.0,0.0,2.36,12.0,1.0,0.0,2.0,0.5,
00-0037077,2024,Sam Howell,QB,SEA,1,14,5,24,0,1,4,83,7,-15.5729183114717,-33.1992687923568,1,2,0,-0.707496352493763,-0.84,2.4,1,2,1,7,50.0,5,35.714285714285715,42.9,7.1,0,1.0,5.0,,5.9,3.4,1.0,2.0,14,0.07142857142857142,,0.35714285714285715,,,,,,,,,,,,19,-16.28041466396543,-464.7897630929947,14,4.0,1.0,83.0,14,5.0,,,,,,,,,,0.35714285714285715,1.7142857142857142,5.928571428571429,0.0,0.07142857142857142,0.0,-0.8568639296823911,-33.19926879235676,0.21052631578947367,0.05263157894736842,0.47368421052631576,0.0,,0.2,-0.2380952380952381,14.0,24.0,0.0,1.0,1.0,2.0,0.0,-0.84,19.0,0.0,0.2,4.0,1.0,
00-0034401,2024,Mike White,QB,BUF,1,11,3,28,0,0,0,98,32,-7.15286629885668,-36.9008075107228,0,0,0,0.0,1.12,2.5,2,1,1,2,18.181818181818183,1,9.090909090909092,36.4,9.1,0,1.0,0.0,,8.9,-1.3,0.0,,11,0.18181818181818182,,0.0,,,,,,,,,,,,11,-7.152866298856679,-405.90888261795044,11,0.0,0.0,98.0,11,1.0,,,,,,,,,,0.2727272727272727,2.5454545454545454,8.909090909090908,0.0,0.0,,-0.6502605726233345,-36.900807510722764,0.0,0.0,0.09090909090909091,0.0,,0.0,0.0,11.0,28.0,0.0,0.0,0.0,0.0,0.0,1.12,11.0,0.0,0.0,0.0,0.0,
00-0038550,2024,Hendon Hooker,QB,DET,3,9,6,62,0,0,1,58,30,-2.07688756539449,-11.88434229956733,5,2,0,-2.99576760584023,2.68,2.2,1,2,0,3,33.33333333333333,1,11.11111111111111,77.8,11.1,0,0.0,0.0,,6.4,5.3,1.0,2.0,9,0.1111111111111111,,0.0,,,,,,,,,,,,11,-2.4966237844988752,-74.49514269828796,9,1.0,1.0,58.0,9,1.0,,,,,,1.0,0.0,0.0,1.7613744576228783,0.6666666666666666,6.888888888888889,6.444444444444445,0.0,0.0,,-0.22696579859080684,-8.277238077587551,0.09090909090909091,0.09090909090909091,0.18181818181818182,4.0,1.7613744576228783,0.2,0.07462686567164178,3.0,20.666666666666668,0.0,0.0,1.6666666666666667,0.6666666666666666,0.0,0.8933333333333334,3.6666666666666665,1.3333333333333333,0.06666666666666667,0.3333333333333333,0.3333333333333333,0.0
00-0031800,2024,Taylor Heinicke,QB,LAC,4,5,3,28,0,0,3,32,9,-5.955599587119652,-7.286757230758667,2,20,0,0.44835681747645195,3.12,2.4,1,0,0,3,60.0,1,20.0,80.0,20.0,0,0.0,1.0,,6.4,6.3,2.0,10.0,5,0.2,,0.2,,,,,,,,,,,,10,-5.507242769643199,-59.33318734169006,5,3.0,2.0,32.0,5,3.0,,,,,,,,,,0.6,5.6,6.4,0.0,0.0,,-0.5507242769643199,-11.866637468338013,0.3,0.2,0.6,0.0,,2.0,0.641025641025641,1.25,7.0,0.0,0.0,0.5,5.0,0.0,0.78,2.5,0.0,0.5,0.75,0.5,
00-0026300,2024,Josh Johnson,QB,BAL,4,3,2,17,0,0,1,53,2,-1.8097355109639428,37.29746192693709,4,1,0,-3.56283131003147,0.78,2.4,1,1,1,3,100.0,0,0.0,100.0,0.0,0,0.0,1.0,,17.7,7.5,0.0,,3,0.3333333333333333,,0.3333333333333333,,,,,,,,,,,,4,-1.8097355109639466,82.50610828399658,3,1.0,0.0,53.0,3,2.0,,,,,,2.0,0.0,0.0,0.15871323517058045,0.6666666666666666,5.666666666666667,17.666666666666668,0.0,0.0,,-0.45243387774098665,27.502036094665527,0.25,0.0,0.75,4.0,0.07935661758529022,0.1,0.12820512820512822,0.75,4.25,0.0,0.0,1.0,0.25,0.0,0.195,1.0,1.0,0.025,0.25,0.0,0.0
00-0033319,2024,Nick Mullens,QB,MIN,4,2,2,38,0,0,0,24,14,4.86872562265489,42.22909063100815,3,-2,0,0.0,1.32,2.2,0,0,1,1,50.0,0,0.0,100.0,0.0,0,0.0,0.0,,12.0,12.0,0.0,,2,0.0,,0.0,,,,,,,,,,,,2,4.8687256226548925,84.4581812620163,2,0.0,0.0,24.0,2,1.0,97.5,97.1,0.5,2.0,0.7,,,,,1.0,19.0,12.0,0.0,0.0,,2.4343628113274463,42.22909063100815,0.0,0.0,0.5,3.0,,-0.2,-0.15151515151515152,0.5,9.5,0.0,0.0,0.75,-0.5,0.0,0.33,0.5,0.75,-0.05,0.0,0.0,
00-0038416,2024,Tyson Bagent,QB,CHI,4,2,2,11,0,0,0,1,10,0.318867500929628,17.4033373594284,6,-7,0,0.0,-0.26,1.6,0,0,0,0,0.0,0,0.0,100.0,0.0,0,0.0,1.0,,0.5,0.5,0.0,,2,0.0,,0.5,,,,,,,,,,,,2,0.31886750092962757,34.80667471885681,2,0.0,0.0,1.0,2,0.0,,,,,,,,,,1.0,5.5,0.5,0.0,0.0,,0.15943375046481378,17.403337359428406,0.0,0.0,0.0,6.0,,-0.7000000000000001,2.6923076923076925,0.5,2.75,0.0,0.0,1.5,-1.75,0.0,-0.065,0.5,1.5,-0.17500000000000002,0.0,0.0,
00-0038582,2024,Clayton Tune,QB,ARI,5,2,2,8,0,0,0,4,4,-1.12801867816597,18.6517715454102,7,-4,0,-10.53962424147176,-2.08,1.5,2,0,0,0,0.0,0,0.0,100.0,0.0,0,0.0,2.0,,2.0,2.0,0.0,,2,1.0,,1.0,,,,,,,,,,,,2,-1.1280186781659722,37.30354309082031,2,0.0,0.0,4.0,2,0.0,,,,,,5.0,0.0,3.0,-8.64789098163601,1.0,4.0,2.0,0.0,0.0,,-0.5640093390829861,18.651771545410156,0.0,0.0,0.0,7.0,-1.729578196327202,-0.4,0.19230769230769232,0.4,1.6,0.0,0.0,1.4,-0.8,0.0,-0.41600000000000004,0.4,1.4,-0.08,0.0,0.0,0.0
00-0034577,2024,Kyle Allen,QB,PIT,1,1,1,19,0,0,0,13,6,1.43255293625407,27.4854600429535,0,0,0,0.0,0.76,2.1,1,0,0,0,0.0,0,0.0,100.0,0.0,0,0.0,0.0,,13.0,13.0,0.0,,1,1.0,,0.0,,,,,,,,,,,,1,1.4325529362540692,27.48546004295349,1,0.0,0.0,13.0,1,0.0,99.3,99.5,0.4,1.0,0.5,,,,,1.0,19.0,13.0,0.0,0.0,,1.4325529362540692,27.48546004295349,0.0,0.0,0.0,0.0,,0.0,0.0,1.0,19.0,0.0,0.0,0.0,0.0,0.0,0.76,1.0,0.0,0.0,0.0,0.0,
00-0036928,2024,Kyle Trask,QB,TB,3,1,1,5,0,0,0,-3,8,0.297810939140618,12.9272639751434,5,-4,0,-6.623033578041941,-0.2,1.0,0,0,0,0,0.0,0,0.0,100.0,0.0,0,0.0,0.0,,-3.0,-3.0,0.0,,1,0.0,,0.0,,,,,,,,,,,,1,0.29781093914061785,12.927263975143433,1,0.0,0.0,-3.0,1,0.0,88.0,90.5,0.2,1.0,0.3,,,,,1.0,5.0,-3.0,0.0,0.0,,0.29781093914061785,12.927263975143433,0.0,0.0,0.0,5.0,,-0.4,2.0,0.3333333333333333,1.6666666666666667,0.0,0.0,1.6666666666666667,-1.3333333333333333,0.0,-0.06666666666666667,0.3333333333333333,1.6666666666666667,-0.13333333333333333,0.0,0.0,
00-0039732,2025,Bo Nix,QB,DEN,17,612,388,3931,25,11,22,4486,2093,63.32275760694132,-1.1106162979028211,83,356,5,8.413744388815468,304.84,2.4,114,61,45,128,20.915032679738562,93,15.196078431372548,77.4,7.4,26,13.0,91.0,,7.3,4.7,35.0,8.8,612,0.18627450980392157,,0.14869281045751634,2.86423404255319,4.63806701030928,7.50761578044597,-2.86954877013669,11.2745098039216,-1.42034305317324,65.4661111111111,-2.06741830065359,21.1543811893941,60.4714354054871,87.8063725490196,669,80.92391989596766,-697.0576107501984,583,22.0,36.0,4487.0,611,69.0,58.3,60.0,21.7,753.0,89.2,30.0,1.0,11.0,-3.5274809696842606,0.6339869281045751,6.423202614379085,7.330065359477124,0.04084967320261438,0.017973856209150325,2.272727272727273,0.12096251105525808,-1.1956391265011979,0.03288490284005979,0.053811659192825115,0.13602391629297458,47.0,-0.11758269898947535,65.6,0.2151948563180685,36.0,231.23529411764707,1.4705882352941178,0.6470588235294118,4.882352941176471,20.941176470588236,0.29411764705882354,17.93176470588235,39.35294117647059,2.764705882352941,3.8588235294117643,1.2941176470588236,2.1176470588235294,0.058823529411764705
00-0033077,2025,Dak Prescott,QB,DAL,17,600,404,4552,30,10,31,4809,2023,113.29643320495902,1.7928957994722385,53,177,2,-9.431144701789517,313.78000000000003,2.4,163,55,56,142,23.666666666666668,73,12.166666666666668,74.8,4.3,14,18.0,56.0,,8.0,6.3,26.0,6.8,600,0.27166666666666667,,0.09333333333333334,2.81873869346734,6.23980198019802,8.28198290598291,-2.04218092578489,19.6666666666667,-0.237675213675214,62.8879666666667,4.44536666666666,21.4321136043032,60.0724962025052,99.5277777777778,654,118.42379458818603,1264.1013592481613,584,31.0,26.0,4812.0,597,94.0,70.2,71.2,46.1,719.0,106.8,7.0,3.0,4.0,1.434005061717471,0.6733333333333333,7.586666666666667,8.015,0.05,0.016666666666666666,3.0,0.18107613851404591,2.1645571220002764,0.047400611620795105,0.039755351681957186,0.191131498470948,27.0,0.20485786595963873,29.7,0.09465230416215181,35.294117647058826,267.7647058823529,1.7647058823529411,0.5882352941176471,3.1176470588235294,10.411764705882353,0.11764705882352941,18.457647058823532,38.470588235294116,1.588235294117647,1.7470588235294118,1.8235294117647058,1.5294117647058822,0.17647058823529413
00-0026498,2025,Matthew Stafford,QB,LA,17,597,388,4707,46,8,23,5428,1850,150.45430748211442,1.720935811145598,29,1,0,-31.835313609830333,350.38,2.4,159,41,52,116,19.430485762144052,105,17.587939698492463,73.6,4.8,14,5.0,16.0,,9.0,7.4,7.0,3.1,597,0.2663316582914573,,0.02680067001675042,2.79925252525253,7.25365979381443,9.09960413080895,-1.84594433699452,18.5929648241206,1.01698795180723,63.5154773869347,1.47614740368508,22.215867285309,62.2972631822619,109.195281965382,624,148.76229523238942,923.1430232524872,580,23.0,7.0,5428.0,594,77.0,71.2,71.0,42.5,671.0,99.8,2.0,1.0,1.0,-4.854453598789405,0.6499162479061976,7.884422110552764,9.09212730318258,0.07705192629815745,0.01340033500837521,5.75,0.2384011141544702,1.5916259021594608,0.03685897435897436,0.011217948717948718,0.16025641025641027,22.0,-2.4272267993947025,0.1,0.0002854044180603916,35.11764705882353,276.88235294117646,2.7058823529411766,0.47058823529411764,1.7058823529411764,0.058823529411764705,0.0,20.610588235294117,36.705882352941174,1.2941176470588236,0.0058823529411764705,1.3529411764705883,0.4117647058823529,0.058823529411764705
00-0033106,2025,Jared Goff,QB,DET,17,578,393,4564,34,8,38,3715,2422,106.4601512396427,2.889623974385682,19,45,0,-14.424143070451013,297.06,2.3,152,38,76,152,26.297577854671278,86,14.878892733564014,78.3,4.6,31,15.0,13.0,,6.4,5.4,5.0,9.6,578,0.2629757785467128,,0.02249134948096886,2.69874479166667,5.29020356234097,6.79794871794872,-1.50774515560775,12.4567474048443,-2.0189010989011,66.4116262975779,1.58145328719723,19.4610719933017,58.5061577955688,105.485870818916,619,109.3703506834146,970.0211852788925,546,38.0,5.0,3717.0,576,117.0,57.3,58.6,16.2,659.0,74.2,3.0,0.0,3.0,1.2088752917479724,0.6799307958477508,7.896193771626297,6.427335640138408,0.058823529411764705,0.01384083044982699,4.25,0.17668877331730953,1.776595577433869,0.061389337641357025,0.008077544426494346,0.25040387722132473,14.0,0.40295843058265746,4.5,0.015148454857604524,34.0,268.47058823529414,2.0,0.47058823529411764,1.1176470588235294,2.6470588235294117,0.0,17.474117647058822,36.411764705882355,0.8235294117647058,0.2647058823529412,2.235294117647059,0.29411764705882354,0.0
00-0039918,2025,Caleb Williams,QB,CHI,17,568,330,3942,27,7,24,4899,1835,42.21739575799034,-3.3664144528998188,77,383,3,5.398831434064505,318.18,2.5,174,94,41,159,27.992957746478876,109,19.19014084507042,69.8,5.5,40,18.0,36.0,,8.5,6.4,41.0,8.7,568,0.30633802816901406,,0.06338028169014084,3.19586042402827,6.19757575757576,8.43095057034221,-2.23337481276645,10.5633802816901,-0.504410646387833,64.9732746478873,-6.87468309859153,21.3230024518598,66.0815617248866,90.1261737089202,633,70.60212798924024,-1843.8569158315659,526,24.0,43.0,4900.0,566,66.0,58.2,57.9,15.8,704.0,79.8,18.0,2.0,8.0,-5.949394265267145,0.5809859154929577,6.940140845070423,8.625,0.04753521126760563,0.01232394366197183,3.857142857142857,0.111535747218389,-3.5054313989193266,0.037914691943127965,0.0679304897314376,0.14218009478672985,34.0,-0.3305219036259525,56.300000000000004,0.17694386825067573,33.411764705882355,231.88235294117646,1.588235294117647,0.4117647058823529,4.529411764705882,22.529411764705884,0.17647058823529413,18.716470588235296,37.23529411764706,2.0,3.311764705882353,1.411764705882353,2.5294117647058822,0.11764705882352941
00-0036971,2025,Trevor Lawrence,QB,JAX,17,560,341,4007,29,12,41,4876,1631,38.409721436388004,-1.255391118215994,82,359,9,25.79175851215493,338.18,2.4,158,59,40,140,25.0,78,13.928571428571429,73.7,8.3,14,20.0,31.0,,8.7,7.0,42.0,7.4,560,0.28214285714285714,,0.055357142857142855,2.86776122082585,6.82046920821114,8.96569852941177,-2.14522932120062,16.4285714285714,-0.109669117647059,63.6225535714286,-2.72969642857142,22.2216039753295,54.10716958038,90.9747023809524,641,58.59636611099291,-1023.6794993281364,544,41.0,43.0,4876.0,557,83.0,58.3,57.1,14.8,727.0,77.2,30.0,8.0,12.0,10.353071603894932,0.6089285714285714,7.1553571428571425,8.707142857142857,0.05178571428571429,0.02142857142857143,2.4166666666666665,0.09141398769265664,-1.8817637855296625,0.06396255850234009,0.06708268330733229,0.1934477379095164,39.0,0.34510238679649774,89.9,0.26583476255248684,32.94117647058823,235.7058823529412,1.7058823529411764,0.7058823529411765,4.823529411764706,21.11764705882353,0.5294117647058824,19.89294117647059,37.705882352941174,2.2941176470588234,5.288235294117648,2.411764705882353,2.5294117647058822,0.47058823529411764
00-0034855,2025,Baker Mayfield,QB,TB,17,543,343,3693,26,11,36,4406,1923,0.6775508272753727,-2.4748366410730047,55,382,1,35.72146887251079,271.92,2.3,146,36,20,92,16.94290976058932,83,15.285451197053407,73.7,3.8,13,14.0,36.0,,8.0,5.2,42.0,8.9,543,0.26887661141804786,,0.06629834254143646,2.84617158671587,5.14206997084548,8.11619318181818,-2.9741232109727,17.4953959484346,-0.66032196969697,64.7820295202952,-1.61444204331548,21.3121953137063,61.0932934126161,90.5808778391651,620,43.08925697271006,-1115.209236741066,527,36.0,42.0,4406.0,542,52.0,61.3,60.1,19.6,676.0,80.8,3.0,0.0,1.0,2.2919059228734113,0.6316758747697975,6.801104972375691,8.114180478821362,0.04788213627992634,0.020257826887661142,2.3636363636363638,0.0694988015688872,-2.1161465592809603,0.05806451612903226,0.06774193548387097,0.14193548387096774,13.0,0.7639686409578038,44.2,0.16254780817887615,31.941176470588236,217.23529411764707,1.5294117647058822,0.6470588235294118,3.235294117647059,22.470588235294116,0.058823529411764705,15.99529411764706,36.470588235294116,0.7647058823529411,2.6,2.1176470588235294,2.4705882352941178,0.0
00-0040676,2025,Cam Ward,QB,TEN,17,540,323,3169,15,7,55,3905,1547,-109.09375108860478,-1.8581136506470433,39,159,2,8.494299830379823,186.66,2.4,138,67,50,172,31.851851851851855,95,17.59259259259259,72.6,4.6,37,14.0,60.0,,7.2,5.0,23.0,6.6,540,0.25555555555555554,,0.1111111111111111,2.99584916201117,4.78547987616099,7.55154,-2.76606012383901,12.7777777777778,-1.57846,62.8619259259259,-3.04711111111111,21.3286204727492,58.350467007557,80.2391975308642,615,-98.643196091333,-1461.9080051779747,499,55.0,23.0,3907.0,537,105.0,33.2,30.8,-38.5,672.0,22.7,9.0,0.0,2.0,2.419321363500785,0.5981481481481481,5.868518518518519,7.231481481481482,0.027777777777777776,0.012962962962962963,2.142857142857143,-0.16039544079891543,-2.9296753610781057,0.08943089430894309,0.03739837398373984,0.2601626016260163,16.0,0.26881348483342055,27.9,0.14946962391513982,31.764705882352942,186.41176470588235,0.8823529411764706,0.4117647058823529,2.2941176470588234,9.352941176470589,0.11764705882352941,10.98,36.1764705882353,0.9411764705882353,1.6411764705882352,3.235294117647059,1.3529411764705883,0.0
00-0036355,2025,Justin Herbert,QB,LAC,16,512,340,3727,26,13,54,4011,1657,16.114613501478505,1.6339774378946992,83,498,2,15.89631058701398,286.88,2.4,158,55,74,183,35.7421875,75,14.6484375,76.4,5.1,17,10.0,64.0,,7.8,6.1,48.0,9.0,512,0.30859375,,0.125,2.901943359375,6.04755882352941,7.99435222672065,-1.94679340319123,15.625,-0.867995951417004,63.096137254902,3.31011274509802,20.6651793824632,57.9849540829343,94.0999348958333,615,45.08793407462515,778.0147194862366,494,54.0,49.0,4011.0,512,128.0,60.6,61.6,23.0,688.0,85.3,22.0,2.0,12.0,7.6018655111912246,0.6640625,7.279296875,7.833984375,0.05078125,0.025390625,2.0,0.07331371394247993,1.5749285819559444,0.08780487804878048,0.07967479674796749,0.2959349593495935,34.0,0.3455393414177829,61.800000000000004,0.21542108198549917,32.0,232.9375,1.625,0.8125,5.1875,31.125,0.125,17.93,38.4375,2.125,3.8625000000000003,3.375,3.0625,0.125
00-0033873,2025,Patrick Mahomes,QB,KC,14,502,315,3587,22,11,34,4050,1895,68.24694077617167,0.1377416218958835,64,422,5,29.164493967895403,285.68,2.2,96,38,69,141,28.087649402390436,85,16.93227091633466,74.3,5.7,26,9.0,114.0,,7.9,5.4,52.0,8.1,502,0.19123505976095617,,0.22709163346613545,2.788834,5.02834920634921,7.83071881606765,-2.80236960971845,12.9482071713147,-0.879640591966173,65.6459163346614,-2.89691235059762,20.2145308215916,66.312093919586,89.624833997344,586,98.04011201882213,159.12421643733978,473,34.0,52.0,4050.0,500,99.0,68.5,67.8,32.7,621.0,88.6,3.0,2.0,0.0,2.3045026215258986,0.6274900398406374,7.145418326693227,8.06772908366534,0.043824701195219126,0.021912350597609563,2.0,0.16730394542461113,0.3364148339055809,0.05802047781569966,0.08873720136518772,0.22696245733788395,12.0,0.7681675405086329,72.2,0.25273032763931674,35.857142857142854,256.2142857142857,1.5714285714285714,0.7857142857142857,4.571428571428571,30.142857142857142,0.35714285714285715,20.405714285714286,41.857142857142854,0.8571428571428571,5.1571428571428575,2.4285714285714284,3.7142857142857144,0.14285714285714285
00-0023459,2025,Aaron Rodgers,QB,PIT,16,498,327,3322,24,7,29,3008,2119,26.831206813726162,-0.4008079430077129,21,61,1,-2.9512070736999165,227.08,2.2,97,27,28,84,16.867469879518072,82,16.46586345381526,73.9,3.6,21,8.0,52.0,,6.0,3.7,12.0,5.7,498,0.19477911646586346,,0.10441767068273092,2.59170564516129,3.30590214067278,5.9493023255814,-2.64340018490861,14.0562248995984,-3.07606765327696,67.036967871486,-1.37431726907633,19.6346430946539,69.760135464318,94.8042168674699,537,29.66028342824602,19.676217436790466,472,29.0,12.0,3010.0,496,58.0,44.4,42.3,-12.5,569.0,40.5,,,,,0.6566265060240963,6.670682730923695,6.040160642570281,0.04819277108433735,0.014056224899598393,3.4285714285714284,0.05523330247345628,0.041686901349132346,0.054003724394785846,0.0223463687150838,0.16201117318435754,9.0,,12.100000000000001,0.05328518583759028,31.125,207.625,1.5,0.4375,1.3125,3.8125,0.0625,14.1925,33.5625,0.5625,0.7562500000000001,1.8125,0.75,
00-0039851,2025,Drake Maye,QB,NE,17,492,354,4394,31,8,47,4493,1746,165.1615419561079,12.160739183566587,103,450,4,11.21286736717611,351.96,2.4,158,42,42,131,26.6260162601626,65,13.211382113821138,79.0,2.8,20,11.0,39.0,,9.1,7.5,62.0,6.9,492,0.32113821138211385,,0.07926829268292683,2.97341869918699,7.40155367231638,9.09542372881356,-1.69387005649718,17.2764227642276,0.20135593220339,62.8127032520325,9.1385162601626,21.5095036426694,61.9091988318376,113.482384823848,601,195.56331612586496,5088.761676847935,472,47.0,62.0,4493.0,492,88.0,77.1,78.2,59.7,662.0,113.9,17.0,2.0,7.0,-1.0000599218799557,0.7195121951219512,8.93089430894309,9.132113821138212,0.06300813008130081,0.016260162601626018,3.875,0.32539653265534935,10.781274739084607,0.07820299500831947,0.10316139767054909,0.22462562396006655,41.0,-0.05882705422823269,69.0,0.19604500511421755,28.941176470588236,258.47058823529414,1.8235294117647058,0.47058823529411764,6.0588235294117645,26.470588235294116,0.23529411764705882,20.703529411764706,35.35294117647059,2.411764705882353,4.0588235294117645,2.764705882352941,3.6470588235294117,0.11764705882352941
00-0033119,2025,Jacoby Brissett,QB,ARI,14,485,315,3366,23,8,43,3697,1557,-3.2154313428554175,-3.603242216262595,38,168,1,7.462795883933956,227.44,2.4,104,45,63,151,31.1340206185567,81,16.70103092783505,73.2,2.4,25,4.0,41.0,,7.6,5.7,22.0,6.8,485,0.21443298969072164,,0.08453608247422681,2.94095867768595,5.5968253968254,7.74631004366812,-2.14948464684273,15.8762886597938,-1.41089519650655,61.5816494845361,3.36680412371133,20.9009629612648,58.6530988098668,94.0592783505155,549,3.0190394739442783,747.3412364721298,457,43.0,22.0,3697.0,484,106.0,41.2,42.6,-12.4,592.0,36.9,13.0,2.0,6.0,2.614431996589933,0.6494845360824743,6.9402061855670105,7.622680412371134,0.04742268041237113,0.016494845360824743,2.875,0.005499161154725461,1.6353199922803716,0.07832422586520947,0.04007285974499089,0.27140255009107467,16.0,0.201110153583841,22.8,0.10024621878297574,34.642857142857146,240.42857142857142,1.6428571428571428,0.5714285714285714,2.7142857142857144,12.0,0.07142857142857142,16.245714285714286,39.214285714285715,1.1428571428571428,1.6285714285714286,3.0714285714285716,1.5714285714285714,0.14285714285714285
00-0039150,2025,Bryce Young,QB,CAR,16,478,304,3011,23,11,27,3102,1539,-21.972916407197324,1.2718702724432627,54,216,2,4.173175152523119,218.04,2.4,127,54,48,129,26.98744769874477,73,15.271966527196653,77.9,4.1,32,9.0,49.0,,6.4,4.8,33.0,6.7,478,0.26569037656903766,,0.10251046025104603,2.83436134453782,4.83072368421053,6.92513513513513,-2.09441145092461,12.3430962343096,-1.54783783783784,63.887489539749,-0.289163179916322,20.2739428487268,49.3200456204169,87.778940027894,536,-5.533264150454788,443.52069199085236,444,27.0,33.0,3101.0,476,77.0,47.6,49.3,-1.2,591.0,51.6,4.0,0.0,2.0,0.4555905786692165,0.6359832635983264,6.299163179916318,6.489539748953975,0.04811715481171548,0.02301255230125523,2.090909090909091,-0.010323254012042515,0.9989204774568746,0.05037313432835821,0.061567164179104475,0.19402985074626866,21.0,0.11389764466730412,33.6,0.15410016510731978,29.875,188.1875,1.4375,0.6875,3.375,13.5,0.125,13.6275,33.5,1.3125,2.1,1.6875,2.0625,0.0
00-0034869,2025,Sam Darnold,QB,SEA,17,477,323,4048,25,14,27,3744,1778,74.57746712718998,6.2161439088912465,35,95,0,-12.972385040939562,235.42000000000002,2.4,149,47,35,109,22.851153039832283,66,13.836477987421384,79.8,3.3,22,16.0,17.0,,7.8,7.0,14.0,6.4,477,0.31236897274633124,,0.03563941299790356,2.86473572938689,6.94405572755418,8.34261640798226,-1.39856068042808,13.6268343815514,-0.59529933481153,63.4082180293501,4.30666666666669,20.838968677474,55.5703167167509,99.1133822501747,514,78.82510053349074,2362.4289959669113,451,27.0,14.0,3744.0,473,60.0,55.6,56.1,9.8,568.0,60.2,6.0,0.0,4.0,0.27101535386055975,0.6771488469601677,8.48637316561845,7.849056603773585,0.05241090146750524,0.029350104821802937,1.7857142857142858,0.15335622671885357,5.238201764893374,0.05252918287937743,0.027237354085603113,0.16926070038910507,21.0,0.045169225643426625,9.5,0.04035341092515504,28.058823529411764,238.11764705882354,1.4705882352941178,0.8235294117647058,2.0588235294117645,5.588235294117647,0.0,13.848235294117648,30.235294117647058,1.2352941176470589,0.5588235294117647,1.588235294117647,0.8235294117647058,0.0
00-0034857,2025,Josh Allen,QB,BUF,16,460,319,3668,25,10,40,3359,1962,71.32633645753513,2.89137615607444,112,579,14,38.772568229397066,364.62,2.5,128,30,29,99,21.521739130434785,58,12.608695652173912,79.9,4.0,12,7.0,42.0,,7.3,5.3,49.0,8.8,460,0.2782608695652174,,0.09130434782608696,2.89191938997821,5.0984012539185,7.13849438202247,-2.04009312810398,11.5217391304348,-1.13566292134832,67.8014347826087,1.54639130434782,20.0194491843022,56.0761428773413,102.155797101449,547,104.18885637203688,1564.1120731830597,445,40.0,48.0,3359.0,459,70.0,65.4,65.1,27.8,633.0,83.2,42.0,14.0,25.0,30.09681839916257,0.6934782608695652,7.973913043478261,7.302173913043478,0.05434782608695652,0.021739130434782608,2.5,0.19047322919933615,3.5148585914226063,0.07312614259597806,0.08775137111517367,0.20109689213893966,64.0,0.7165909142657755,141.9,0.38917228895836764,28.75,229.25,1.5625,0.625,7.0,36.1875,0.875,22.78875,34.1875,4.0,8.86875,2.5,3.0,0.875
00-0036389,2025,Jalen Hurts,QB,PHI,16,454,294,3224,25,6,32,4072,1265,34.31444327657879,4.227859686392842,105,421,8,16.681141701410528,301.06,2.5,162,48,25,105,23.127753303964756,72,15.859030837004406,74.0,2.6,22,8.0,80.0,,9.0,6.7,40.0,6.7,454,0.3568281938325991,,0.1762114537444934,2.97664380530973,6.57214285714286,8.95060747663551,-2.37846461949266,17.1806167400881,0.172570093457944,61.6681718061674,3.08953744493392,22.6519083216095,60.2781967215344,98.4856828193833,524,54.33285317295528,1359.282374382019,427,32.0,40.0,4072.0,452,51.0,55.2,57.0,12.4,624.0,69.1,52.0,11.0,18.0,9.215459205326624,0.6475770925110133,7.101321585903084,8.969162995594713,0.05506607929515418,0.013215859030837005,4.166666666666667,0.1036886510934261,3.183331087545712,0.061068702290076333,0.07633587786259542,0.15839694656488548,65.0,0.17722036933320431,90.1,0.2992758918488009,28.375,201.5,1.5625,0.375,6.5625,26.3125,0.5,18.81625,32.75,4.0625,5.63125,2.0,2.5,0.6875
00-0030565,2025,Geno Smith,QB,LV,15,448,302,3025,19,17,55,2762,1713,-72.92140604885873,1.2797004851556675,41,109,0,-1.6735542911628727,173.9,2.5,146,22,42,119,26.5625,49,10.9375,77.0,3.5,16,12.0,45.0,,6.1,4.3,18.0,6.1,448,0.32589285714285715,,0.10044642857142858,2.80136322869955,4.24841059602649,6.61390186915888,-2.36549127313239,14.7321428571429,-2.28329439252336,66.6386607142857,0.772053571428586,20.790827692808,57.7248343436341,84.7191220238095,519,-67.66035842402934,302.64975130558014,428,55.0,18.0,2763.0,446,98.0,34.1,33.0,-28.7,575.0,24.0,16.0,1.0,9.0,-4.861204105080105,0.6741071428571429,6.752232142857143,6.165178571428571,0.04241071428571429,0.03794642857142857,1.1176470588235294,-0.13036677923705076,0.7071255871625705,0.10597302504816955,0.03468208092485549,0.2947976878612717,23.0,-0.3038252565675066,10.9,0.06267970097757332,29.866666666666667,201.66666666666666,1.2666666666666666,1.1333333333333333,2.7333333333333334,7.266666666666667,0.0,11.593333333333334,34.6,1.5333333333333334,0.7266666666666667,3.6666666666666665,1.2,0.06666666666666667
00-0036264,2025,Jordan Love,QB,GB,15,439,291,3381,23,6,21,3871,1511,110.6112878329033,5.04949912805427,47,199,0,12.338995846435106,235.14000000000001,2.4,135,37,49,107,24.373576309794988,60,13.66742596810934,77.4,4.1,26,6.0,45.0,,8.7,6.4,24.0,7.6,439,0.30751708428246016,,0.10250569476082004,2.89099543378995,6.23333333333333,8.82540145985402,-2.59206812652068,16.1731207289294,0.0054501216545013,62.4708200455581,3.81619589977221,22.8354893265513,63.8121500969839,101.181662870159,483,125.08711844334718,2274.045470356941,411,21.0,24.0,3871.0,438,69.0,72.7,73.1,37.5,531.0,86.5,8.0,0.0,1.0,6.1805397411226295,0.662870159453303,7.7015945330296125,8.817767653758542,0.05239179954441914,0.01366742596810934,3.8333333333333335,0.2589795412905739,5.532957348800344,0.043478260869565216,0.049689440993788817,0.18633540372670807,23.0,0.7725674676403287,19.900000000000002,0.08463043293357149,29.266666666666666,225.4,1.5333333333333334,0.4,3.1333333333333333,13.266666666666667,0.0,15.676,32.2,1.5333333333333334,1.3266666666666669,1.4,1.6,0.0
00-0039163,2025,C.J. Stroud,QB,HOU,14,423,273,3041,19,8,23,3405,1365,47.66119819357809,0.20830088918815465,48,209,1,15.042248274061969,208.54,2.4,132,43,35,101,23.87706855791962,70,16.548463356973993,74.6,2.5,22,10.0,18.0,,7.9,6.1,25.0,7.8,423,0.3120567375886525,,0.0425531914893617,2.81939285714286,5.9414652014652,8.00166666666667,-2.06020146520147,12.2931442080378,-1.05554726368159,63.7725295508274,0.766477541371174,20.9630679488282,56.7313282058511,92.9127265563436,468,64.38852972549077,143.4270143508911,401,23.0,25.0,3405.0,420,59.0,61.7,61.5,17.2,519.0,63.5,10.0,1.0,3.0,9.005905989208259,0.6453900709219859,7.1891252955082745,8.049645390070921,0.04491725768321513,0.018912529550827423,2.375,0.13758232847327087,0.3576733524959878,0.049145299145299144,0.053418803418803416,0.1752136752136752,23.0,0.9005905989208258,26.900000000000002,0.12899203989642277,30.214285714285715,217.21428571428572,1.3571428571428572,0.5714285714285714,3.4285714285714284,14.928571428571429,0.07142857142857142,14.895714285714286,33.42857142857143,1.6428571428571428,1.9214285714285715,1.6428571428571428,1.7857142857142858,0.07142857142857142
00-0026158,2025,Joe Flacco,QB,CIN,13,416,251,2479,15,10,18,3047,1165,-40.87212521742502,-0.8499843668103951,21,35,1,5.423835171059299,146.66,2.3,83,31,41,90,21.634615384615387,63,15.144230769230768,73.5,4.9,27,7.0,42.0,,7.3,5.2,4.0,7.5,416,0.19951923076923078,,0.10096153846153846,2.72835922330097,5.10187250996016,7.23596899224806,-2.1340964822879,16.8269230769231,-1.75111111111111,60.611875,-0.275336538461545,20.4378425807879,51.241609069193,79.1967147435897,434,-38.28036628727825,-1089.8731857538223,386,18.0,4.0,3048.0,412,59.0,41.0,43.6,-8.7,481.0,35.1,8.0,3.0,4.0,2.5885560778842773,0.6033653846153846,5.959134615384615,7.324519230769231,0.036057692307692304,0.02403846153846154,1.5,-0.08820360895686233,-2.8235056625746693,0.041474654377880185,0.009216589861751152,0.1774193548387097,17.0,0.32356950973553467,9.5,0.06477567162143734,32.0,190.69230769230768,1.1538461538461537,0.7692307692307693,1.6153846153846154,2.6923076923076925,0.07692307692307693,11.281538461538462,33.38461538461539,1.3076923076923077,0.7307692307692307,1.3846153846153846,0.3076923076923077,0.23076923076923078
00-0035710,2025,Daniel Jones,QB,IND,13,384,261,3101,19,8,22,3073,1351,65.25551499758666,2.6037101820449107,45,164,5,16.17640766904545,226.44,2.3,127,24,41,87,22.65625,45,11.71875,78.0,3.8,10,8.0,61.0,,8.0,6.7,23.0,6.6,384,0.3307291666666667,,0.15885416666666666,2.7005497382199,6.4572030651341,8.20919571045577,-1.75199264532166,17.1875,-0.592412868632707,64.5895572916667,3.37919270833332,21.4154822764376,63.2945439986734,100.184461805556,426,75.58648502644115,856.8339407444,373,22.0,22.0,3074.0,382,61.0,63.0,62.5,17.1,471.0,57.6,14.0,5.0,5.0,12.097329496958992,0.6796875,8.075520833333334,8.002604166666666,0.049479166666666664,0.020833333333333332,2.375,0.17743306344235013,2.2971419322906166,0.051643192488262914,0.051643192488262914,0.19483568075117372,23.0,0.8640949640684994,46.400000000000006,0.2049107931460873,29.53846153846154,238.53846153846155,1.4615384615384615,0.6153846153846154,3.4615384615384617,12.615384615384615,0.38461538461538464,17.41846153846154,32.76923076923077,1.7692307692307692,3.56923076923077,1.6923076923076923,1.6923076923076923,0.38461538461538464
00-0036212,2025,Tua Tagovailoa,QB,MIA,14,384,260,2660,20,15,30,2613,1417,14.395063419654822,1.3644719318659193,20,43,0,-7.469986862808039,160.7,2.3,85,48,15,93,24.21875,59,15.364583333333334,77.0,4.6,12,5.0,43.0,,6.7,4.8,11.0,4.0,384,0.22135416666666666,,0.11197916666666667,2.65430890052356,4.67580769230769,6.65490514905149,-1.9790974567438,13.5416666666667,-2.10661246612466,68.025703125,-0.31736979166665,19.9062553438165,56.5392403557034,88.4548611111111,423,13.803791471590406,745.4798877239227,369,30.0,11.0,2613.0,382,45.0,37.5,36.9,-17.5,461.0,24.0,,,,,0.6770833333333334,6.927083333333333,6.8046875,0.052083333333333336,0.0390625,1.3333333333333333,0.03263307676498914,2.020270698438815,0.07092198581560284,0.026004728132387706,0.1773049645390071,9.0,,4.3,0.026757934038581208,27.428571428571427,190.0,1.4285714285714286,1.0714285714285714,1.4285714285714286,3.0714285714285716,0.0,11.478571428571428,30.214285714285715,0.6428571428571429,0.3071428571428571,2.142857142857143,0.7857142857142857,
00-0040691,2025,Jaxson Dart,QB,NYG,14,339,216,2272,15,5,35,2773,1161,3.4194322537896547,-0.5579858195066028,86,487,9,38.1240470729286,241.58,2.4,101,25,36,96,28.31858407079646,51,15.04424778761062,72.9,4.3,10,7.0,66.0,,8.1,5.1,38.0,7.7,339,0.29793510324483774,,0.19469026548672566,2.8215325443787,4.91032407407407,8.30425531914894,-3.39393124507487,13.8643067846608,-0.990577507598785,65.7474631268437,-2.03064896755163,21.5399403715118,55.0628885911373,91.7096853490659,411,32.07375500739567,-63.53062391281128,329,35.0,38.0,2773.0,338,72.0,57.5,57.1,10.2,506.0,53.6,40.0,6.0,13.0,14.727111809828784,0.6371681415929203,6.702064896755163,8.179941002949853,0.04424778761061947,0.014749262536873156,3.0,0.07803833335132766,-0.19310220034289144,0.0851581508515815,0.09245742092457421,0.26034063260340634,48.0,0.3681777952457196,102.7,0.42511797334216406,24.214285714285715,162.28571428571428,1.0714285714285714,0.35714285714285715,6.142857142857143,34.785714285714285,0.6428571428571429,17.255714285714287,29.357142857142858,3.4285714285714284,7.335714285714286,2.5,2.7142857142857144,0.42857142857142855
00-0040743,2025,Tyler Shough,QB,NO,11,327,221,2384,10,6,31,2708,1051,2.059938944321197,-2.748455737656862,45,186,3,1.0231772941043684,157.96,2.2,73,28,15,74,22.629969418960243,50,15.29051987767584,76.5,4.1,9,8.0,39.0,,8.3,6.0,20.0,6.3,327,0.22324159021406728,,0.11926605504587157,2.68085493827161,5.86981900452489,8.28888888888889,-2.419069884364,11.9266055045872,-0.685714285714286,66.9373394495413,0.646758409785932,21.6029812116412,58.650047740816,91.329001019368,375,13.51263376018109,506.57491087913513,315,31.0,20.0,2709.0,324,47.0,48.8,51.6,1.9,420.0,37.6,17.0,2.0,2.0,4.6841244634997565,0.6758409785932722,7.290519877675841,8.281345565749236,0.03058103975535168,0.01834862385321101,1.6666666666666667,0.036033690027149574,1.6081743202512226,0.08266666666666667,0.05333333333333334,0.208,25.0,0.2755367331470445,36.6,0.2317042289187136,29.727272727272727,216.72727272727272,0.9090909090909091,0.5454545454545454,4.090909090909091,16.90909090909091,0.2727272727272727,14.360000000000001,34.09090909090909,2.272727272727273,3.3272727272727276,2.8181818181818183,1.8181818181818181,0.18181818181818182
00-0034796,2025,Lamar Jackson,QB,BAL,13,302,192,2549,21,7,36,2648,1064,18.15702217095413,2.9059863640800403,67,349,2,20.60871839112075,214.86,2.5,125,28,23,87,28.807947019867548,53,17.549668874172188,72.4,4.5,10,11.0,46.0,,8.8,7.7,30.0,7.3,302,0.4139072847682119,,0.152317880794702,3.01354,7.59041666666667,9.11831034482758,-1.52789367816092,11.9205298013245,0.049344827586207,65.8016887417219,-2.22552980132449,21.9556247360282,55.8810468763784,103.752759381898,366,33.88723655140498,510.0179746747017,290,36.0,30.0,2648.0,300,57.0,62.7,61.1,13.4,423.0,51.6,28.0,1.0,9.0,8.210128843063151,0.6357615894039735,8.440397350993377,8.7682119205298,0.0695364238410596,0.023178807947019868,3.0,0.09258807800930323,1.758682671292075,0.09836065573770492,0.08196721311475409,0.2540983606557377,37.0,0.29321888725225537,46.9,0.2182816717862794,23.23076923076923,196.07692307692307,1.6153846153846154,0.5384615384615384,5.153846153846154,26.846153846153847,0.15384615384615385,16.52769230769231,28.153846153846153,2.8461538461538463,3.6076923076923078,2.769230769230769,2.3076923076923075,0.07692307692307693
00-0036972,2025,Mac Jones,QB,SF,11,289,201,2151,13,6,16,2124,957,44.68512074048047,3.960783805956808,36,60,0,-5.267776353717167,130.04,2.4,52,15,25,56,19.377162629757784,39,13.494809688581316,79.1,3.6,8,6.0,22.0,,7.3,5.9,8.0,6.9,289,0.17993079584775087,,0.07612456747404844,2.71499300699301,5.64681592039801,7.00140287769784,-1.35458695729983,16.9550173010381,-2.03097122302158,66.5805882352941,2.9695847750865,20.4386612437096,54.8195658501598,97.3976355247981,310,47.028646145493,1022.6416051387787,278,16.0,8.0,2124.0,286,45.0,62.3,62.2,12.1,344.0,42.6,14.0,0.0,8.0,5.197449581581168,0.6955017301038062,7.442906574394463,7.349480968858131,0.04498269896193772,0.020761245674740483,2.1666666666666665,0.15170531014675162,3.6785669249596356,0.05161290322580645,0.025806451612903226,0.1967741935483871,28.0,0.37124639868436915,6.0,0.04613964933866503,26.272727272727273,195.54545454545453,1.1818181818181819,0.5454545454545454,3.272727272727273,5.454545454545454,0.0,11.82181818181818,28.181818181818183,2.5454545454545454,0.5454545454545454,1.4545454545454546,0.7272727272727273,0.0
00-0037834,2025,Brock Purdy,QB,SF,9,284,197,2167,20,10,11,2158,849,63.12993911682064,7.685325564819016,33,147,3,16.192089706484694,177.38,2.7,59,27,28,66,23.239436619718308,33,11.619718309859154,82.2,3.3,15,4.0,15.0,,7.5,6.7,18.0,7.3,284,0.20774647887323944,,0.0528169014084507,3.16798591549296,6.73350253807107,7.84253676470588,-1.10903422663482,15.4929577464789,-0.403786764705882,64.2943661971831,5.0718309859155,21.0000458652265,49.4394215176513,100.484154929577,313,69.78811998223568,1966.1522328853607,272,11.0,18.0,2158.0,284,37.0,72.8,72.4,23.5,344.0,52.8,11.0,2.0,5.0,11.869129669939866,0.6936619718309859,7.630281690140845,7.598591549295775,0.07042253521126761,0.035211267605633804,2.0,0.22296523955985842,7.228500856196179,0.03514376996805112,0.05750798722044728,0.15335463258785942,15.0,1.0790117881763515,32.7,0.18434998308715753,31.555555555555557,240.77777777777777,2.2222222222222223,1.1111111111111112,3.6666666666666665,16.333333333333332,0.3333333333333333,19.70888888888889,34.77777777777778,1.6666666666666667,3.6333333333333337,1.2222222222222223,2.0,0.2222222222222222
00-0039917,2025,Michael Penix Jr.,QB,ATL,9,276,166,1982,9,3,13,2300,888,5.13989467485696,-2.5222542306870417,21,70,1,7.111840018449582,120.28,2.4,70,19,18,50,18.115942028985508,63,22.82608695652174,72.9,3.8,14,3.0,19.0,,8.4,6.6,13.0,5.9,276,0.2536231884057971,,0.06884057971014493,2.79039130434783,6.31734939759036,8.8217803030303,-2.50443090543994,13.768115942029,-0.0418560606060603,63.3423188405797,-3.19739130434783,23.4171953872186,53.9355763851653,88.4661835748793,302,15.666073647696102,-955.5922448635101,264,13.0,13.0,2300.0,276,30.0,57.9,58.3,7.8,330.0,38.6,,,,,0.6014492753623188,7.181159420289855,8.333333333333334,0.03260869565217391,0.010869565217391304,3.0,0.05187441605197385,-3.6196675941799628,0.04304635761589404,0.04304635761589404,0.1423841059602649,8.0,,13.0,0.10808114399733953,30.666666666666668,220.22222222222223,1.0,0.3333333333333333,2.3333333333333335,7.777777777777778,0.1111111111111111,13.364444444444445,33.55555555555556,0.8888888888888888,1.4444444444444444,1.4444444444444444,1.4444444444444444,
00-0029604,2025,Kirk Cousins,QB,ATL,10,269,166,1721,10,5,13,1870,983,-0.9307982777623076,-4.495782356820665,14,7,1,-2.4924185620911916,103.53999999999999,2.4,70,17,31,61,22.676579925650557,41,15.241635687732341,72.0,4.7,12,3.0,3.0,,7.0,4.4,2.0,4.0,269,0.26022304832713755,,0.011152416356877323,2.77831203007519,4.18843373493976,6.89901960784314,-2.71058587290338,17.1003717472119,-2.10490196078431,63.5775836431227,-1.86754646840149,20.4638527395717,50.0178868006236,84.8125774473358,281,-0.062111550379257974,-713.8271853327751,255,13.0,2.0,1869.0,266,43.0,,,,,,5.0,1.0,1.0,2.543919177755015,0.6171003717472119,6.397769516728625,6.951672862453532,0.03717472118959108,0.01858736059479554,2.0,-0.00022103754583365827,-2.7993222954226473,0.046263345195729534,0.0071174377224199285,0.199288256227758,12.0,0.508783835551003,6.7,0.06470929109522891,26.9,172.1,1.0,0.5,1.4,0.7,0.1,10.354,28.1,1.2,0.67,1.3,0.2,0.1
00-0036442,2025,Joe Burrow,QB,CIN,8,259,173,1809,17,5,17,1868,824,36.60709334252303,4.629599173129557,14,41,0,3.56519397423837,134.46,2.3,56,17,28,62,23.93822393822394,28,10.81081081081081,75.0,3.6,11,5.0,34.0,,7.2,5.7,10.0,3.8,259,0.21621621621621623,,0.13127413127413126,2.80235907335907,5.68820809248555,7.6091935483871,-1.92098545590155,16.2162162162162,-0.725483870967742,64.7401544401544,2.05521235521235,21.3428568557665,53.572777602062,100.683719433719,284,35.20859252603371,1154.2659565806389,248,17.0,8.0,1868.0,259,46.0,63.0,60.6,9.6,318.0,38.0,5.0,1.0,0.0,6.857694790727692,0.667953667953668,6.984555984555985,7.212355212355212,0.06563706563706563,0.019305019305019305,3.4,0.12397391734518913,4.6542982120187055,0.05985915492957746,0.028169014084507043,0.22183098591549297,6.0,1.3715389581455384,4.1000000000000005,0.030492339729287523,32.375,226.125,2.125,0.625,1.75,5.125,0.0,16.8075,35.5,0.75,0.5125000000000001,2.125,1.0,0.125
00-0039376,2025,Spencer Rattler,QB,NO,9,257,174,1586,8,5,18,2030,642,-21.497948017936032,2.81659754539158,31,167,0,8.639880268587262,99.14,2.2,62,19,14,51,19.844357976653697,27,10.505836575875486,74.7,4.5,9,3.0,52.0,,7.9,5.4,16.0,7.1,257,0.24124513618677043,,0.20233463035019456,2.67335826771654,5.32275862068966,7.97677551020408,-2.65401688951443,15.9533073929961,-1.17016326530612,64.6557587548638,3.04852140077823,20.5938903645386,58.9150413731502,86.4867055771725,288,-13.283198102119718,577.410364151001,245,18.0,16.0,2030.0,254,34.0,,,,,,14.0,0.0,6.0,1.7452516760095023,0.6770428015564203,6.171206225680934,7.898832684824903,0.0311284046692607,0.019455252918287938,1.6,-0.04612221563236013,2.356776996534698,0.0625,0.05555555555555555,0.18055555555555555,15.0,0.12466083400067873,16.7,0.1684486584627799,28.555555555555557,176.22222222222223,0.8888888888888888,0.5555555555555556,3.4444444444444446,18.555555555555557,0.0,11.015555555555556,32.0,1.6666666666666667,1.8555555555555554,2.0,1.7777777777777777,0.0
00-0039923,2025,J.J. McCarthy,QB,MIN,10,243,140,1632,11,12,27,2142,692,-54.1059147833337,-4.796834579769109,37,181,4,6.803706625883925,125.38,2.5,70,10,39,76,31.275720164609055,51,20.98765432098765,66.5,5.0,4,16.0,20.0,,8.9,6.7,17.0,9.2,243,0.2880658436213992,,0.0823045267489712,3.01847325102881,6.686,9.33420168067227,-2.64820168067227,16.4609053497942,0.733361344537815,62.7764197530864,-5.16325102880657,22.7237713826756,52.481838763519,72.590877914952,287,-42.97374360231803,-1362.28117197752,238,27.0,17.0,2142.0,243,67.0,,,,,,8.0,1.0,2.0,7.798605572897941,0.5761316872427984,6.716049382716049,8.814814814814815,0.04526748971193416,0.04938271604938271,0.9166666666666666,-0.14973429826591647,-5.7238704704937815,0.09407665505226481,0.059233449477351915,0.32752613240418116,20.0,0.9748256966122426,42.1,0.3357792311373425,24.3,163.2,1.1,1.2,3.7,18.1,0.4,12.538,28.7,2.0,4.21,2.7,1.7,0.1
00-0032268,2025,Marcus Mariota,QB,WAS,10,227,139,1695,10,7,16,2295,639,-3.898572043967005,0.4542555639962078,50,297,1,6.6958423317859195,125.5,2.4,72,12,23,51,22.46696035242291,35,15.418502202643172,74.8,2.9,15,2.0,60.0,,10.0,7.6,18.0,9.1,227,0.31718061674008813,,0.2643171806167401,2.85262222222222,7.37834532374101,10.1759523809524,-2.79760705721138,19.8237885462555,1.195,57.9380176211454,3.29546255506607,22.8219534651168,49.0800264873604,86.0591042584435,259,7.92205341212053,671.3922947645187,210,16.0,18.0,2294.0,225,40.0,,,,,,26.0,2.0,5.0,-2.2665853605343074,0.6123348017621145,7.466960352422907,10.110132158590309,0.04405286343612335,0.030837004405286344,1.4285714285714286,0.030587078811276175,3.1971061655453274,0.06177606177606178,0.0694980694980695,0.21621621621621623,32.0,-0.08717636002055028,35.7,0.2844621513944223,22.7,169.5,1.0,0.7,5.0,29.7,0.1,12.55,25.9,3.2,3.5700000000000003,1.6,1.8,0.2
00-0040668,2025,Shedeur Sanders,QB,CLE,8,212,120,1400,7,10,23,1525,830,-59.30007444472811,-6.550263556481398,21,169,1,9.78334558721701,84.89999999999999,2.6,53,34,45,102,48.113207547169814,35,16.50943396226415,69.6,3.1,18,7.0,29.0,,7.2,4.8,18.0,9.3,212,0.25,,0.13679245283018868,3.23545754716981,4.40133333333333,7.1328717948718,-2.73153846153846,13.6792452830189,-2.69276923076923,60.2306132075472,-3.62683962264152,20.4921487868591,52.492609003554,68.1210691823899,253,-49.49174416125701,-974.9316066503525,195,23.0,18.0,1525.0,212,68.0,,,,,,1.0,0.0,1.0,0.9220153037458658,0.5660377358490566,6.60377358490566,7.193396226415095,0.0330188679245283,0.04716981132075472,0.7,-0.19561954213935578,-4.999649264873603,0.09090909090909091,0.07114624505928854,0.35968379446640314,3.0,0.9220153037458658,22.900000000000002,0.26972909305064785,26.5,175.0,0.875,1.25,2.625,21.125,0.125,10.612499999999999,31.625,0.375,2.8625000000000003,2.875,2.25,0.0
00-0036945,2025,Justin Fields,QB,NYJ,9,204,128,1259,7,1,27,1379,586,-22.451623025007706,-6.876551432524285,71,383,4,8.762813333588596,142.66,2.6,59,14,28,69,33.82352941176471,25,12.254901960784313,77.3,5.7,8,9.0,17.0,,6.8,5.3,29.0,8.6,204,0.28921568627450983,,0.08333333333333333,2.92908415841584,5.023828125,6.81443298969072,-1.79060486469072,16.6666666666667,-2.23711340206186,64.4045588235294,-1.65946078431372,20.0003914688727,56.8477141141137,89.4812091503268,257,-14.302402154598754,-362.55468130111694,194,27.0,28.0,1379.0,202,55.0,,,,,,37.0,3.0,15.0,5.507249015162456,0.6274509803921569,6.171568627450981,6.759803921568627,0.03431372549019608,0.004901960784313725,7.0,-0.05565137025135702,-1.8688385634078193,0.10505836575875487,0.10894941634241245,0.31906614785992216,43.0,0.14884456797736367,62.300000000000004,0.43670264965652605,22.666666666666668,139.88888888888889,0.7777777777777778,0.1111111111111111,7.888888888888889,42.55555555555556,0.4444444444444444,15.851111111111111,28.555555555555557,4.777777777777778,6.9222222222222225,3.0,3.111111111111111,0.3333333333333333
00-0039910,2025,Jayden Daniels,QB,WAS,7,188,114,1262,8,3,18,1390,577,-5.82999602182441,-3.047882580513996,58,278,2,1.74823059803759,114.28,2.3,61,12,11,41,21.808510638297875,26,13.829787234042554,76.4,6.9,12,4.0,48.0,,7.2,6.0,39.0,6.5,188,0.324468085106383,,0.2553191489361702,2.79427956989247,5.93798245614035,7.61270114942529,-1.67471869328494,12.2340425531915,-1.2666091954023,63.9704787234043,-3.33218085106383,20.8639240464398,55.2401964152917,88.1205673758865,242,4.658640498833239,-474.86115992069244,174,18.0,38.0,1390.0,186,26.0,,,,,,14.0,2.0,1.0,-1.2430988835694734,0.6063829787234043,6.712765957446808,7.3936170212765955,0.0425531914893617,0.015957446808510637,2.6666666666666665,0.01925058057369107,-2.7290871259809912,0.0743801652892562,0.15702479338842976,0.18181818181818182,20.0,-0.08879277739781953,39.8,0.3482674133706685,26.857142857142858,180.28571428571428,1.1428571428571428,0.42857142857142855,8.285714285714286,39.714285714285715,0.2857142857142857,16.325714285714287,34.57142857142857,2.857142857142857,5.685714285714285,2.5714285714285716,5.428571428571429,0.2857142857142857
00-0040704,2025,Dillon Gabriel,QB,CLE,10,185,110,937,7,2,19,1078,500,-44.89784183595689,-3.919476614516725,14,86,0,0.42800254124448855,70.08,2.3,59,13,11,43,23.243243243243246,35,18.91891891891892,70.7,6.1,3,4.0,17.0,,5.8,4.0,11.0,8.1,185,0.31891891891891894,,0.0918918918918919,2.73219565217391,3.71545454545455,5.82243093922652,-2.10697639377197,16.2162162162162,-4.08364640883978,64.2072972972973,-4.74783783783783,18.6309464804449,61.0662566398171,80.8445945945946,214,-40.03370915140333,-1358.7772846221924,181,19.0,11.0,1078.0,184,33.0,,,,,,2.0,0.0,0.0,-1.3249647009070031,0.5945945945945946,5.064864864864865,5.827027027027027,0.03783783783783784,0.010810810810810811,3.5,-0.18707340724954827,-7.507056821117085,0.08878504672897196,0.0514018691588785,0.24299065420560748,3.0,-0.6624823504535016,8.6,0.12271689497716895,18.5,93.7,0.7,0.2,1.4,8.6,0.0,7.008,21.4,0.3,0.86,1.9,1.1,0.0
00-0032950,2025,Carson Wentz,QB,MIN,5,169,110,1216,6,5,19,1288,573,6.300602965152731,0.6013807862639773,11,57,0,-3.24826871609677,70.34,2.3,43,13,15,47,27.810650887573964,32,18.93491124260355,73.9,1.2,7,3.0,18.0,,7.7,5.9,9.0,6.3,169,0.25443786982248523,,0.10650887573964497,2.70575595238095,5.77863636363636,7.98167701863354,-2.20304065499718,14.2011834319527,-1.11770186335404,64.8773964497041,0.211360946745572,21.40634972262,54.1310345365762,85.8111439842209,196,7.362452234339155,178.90987992286682,161,19.0,9.0,1288.0,168,36.0,,,,,,,,,,0.650887573964497,7.195266272189349,7.621301775147929,0.03550295857988166,0.029585798816568046,1.2,0.03756353180785283,1.1112414902041416,0.09693877551020408,0.04591836734693878,0.28061224489795916,2.0,,5.7,0.08103497298834234,33.8,243.2,1.2,1.0,2.2,11.4,0.0,14.068000000000001,39.2,0.4,1.1400000000000001,3.8,1.8,
00-0035228,2025,Kyler Murray,QB,ARI,5,161,110,962,6,3,16,941,545,5.7205911257384,-0.08482319005967298,29,173,1,4.088747776171658,77.78,2.3,35,7,9,32,19.875776397515526,25,15.527950310559005,75.2,3.2,4,7.0,26.0,,5.9,3.8,17.0,8.9,161,0.21739130434782608,,0.16149068322981366,2.68340372670807,3.82636363636364,6.04235668789809,-2.21599305153445,13.6645962732919,-2.90668789808917,69.3216770186335,-0.998695652173907,19.433505622077,51.436579396379,88.574016563147,193,15.236067261391852,-83.01856219768524,157,16.0,16.0,941.0,161,23.0,,,,,,11.0,1.0,2.0,-0.9533885060227476,0.6832298136645962,5.975155279503106,5.84472049689441,0.037267080745341616,0.018633540372670808,2.0,0.07894335368596815,-0.5287806509406703,0.08290155440414508,0.08290155440414508,0.20207253886010362,13.0,-0.08667168236570433,23.3,0.2995628696322962,32.2,192.4,1.2,0.6,5.8,34.6,0.2,15.556000000000001,38.6,2.6,4.66,3.2,3.2,0.2
00-0036898,2025,Davis Mills,QB,HOU,6,159,91,915,5,1,8,1360,269,-16.72027178487326,-10.826193745142225,13,60,1,-0.8478320855209621,68.6,2.2,51,8,12,28,17.61006289308176,29,18.238993710691823,70.6,5.9,6,3.0,7.0,,8.1,7.1,8.0,7.9,159,0.32075471698113206,,0.0440251572327044,2.56071698113208,7.21703296703297,8.71842105263158,-1.50138808559861,20.7547169811321,-0.0710526315789475,60.0976729559749,-2.86496855345914,21.5518231094448,59.9960815387139,81.6168763102725,174,-13.204852062193265,-1005.2401036024094,152,8.0,7.0,1360.0,159,19.0,,,,,,2.0,1.0,0.0,0.7440667737973854,0.5723270440251572,5.754716981132075,8.553459119496855,0.031446540880503145,0.006289308176100629,5.0,-0.07588995438042107,-6.613421734226377,0.04597701149425287,0.040229885057471264,0.15517241379310345,6.0,0.3720333868986927,12.0,0.17492711370262393,26.5,152.5,0.8333333333333334,0.16666666666666666,2.1666666666666665,10.0,0.16666666666666666,11.433333333333332,29.0,1.0,2.0,1.3333333333333333,1.1666666666666667,0.16666666666666666
00-0040398,2025,Brady Cook,QB,NYJ,5,153,88,739,2,7,19,867,417,-68.34386066202583,-10.75709009804764,13,49,0,-4.288339697988706,28.46,2.2,46,7,14,40,26.143790849673206,36,23.52941176470588,67.8,4.7,4,5.0,10.0,,5.7,3.7,7.0,6.3,153,0.3006535947712418,,0.06535947712418301,2.57322222222222,3.41670454545455,5.34966216216216,-1.93295761670762,15.0326797385621,-3.93412162162162,67.8009150326797,-10.2845751633987,19.93258664794,49.2210544381162,55.4330065359477,179,-70.83243579265422,-1484.3068450689316,148,19.0,7.0,867.0,153,32.0,,,,,,4.0,0.0,2.0,0.3523145387880504,0.5751633986928104,4.830065359477124,5.666666666666667,0.013071895424836602,0.0457516339869281,0.2857142857142857,-0.39571193180253755,-10.029100304519808,0.10614525139664804,0.03910614525139665,0.2849162011173184,6.0,0.0880786346970126,4.9,0.17217146872803937,30.6,147.8,0.4,1.4,2.6,9.8,0.0,5.692,35.8,1.2,0.9800000000000001,3.8,1.4,0.0
00-0028118,2025,Tyrod Taylor,QB,NYJ,6,134,80,779,5,5,14,1145,331,-13.314910775482893,-7.356643169142871,27,143,1,5.413244476954394,59.46,2.4,50,15,16,45,33.582089552238806,17,12.686567164179104,73.0,9.5,7,6.0,7.0,,8.6,5.6,22.0,6.4,134,0.373134328358209,,0.05223880597014925,,,,,,,,,,,,169,-8.12748063110286,-111.45556569099426,127,14.0,22.0,1145.0,133,29.0,50.9,52.6,1.3,184.0,16.6,3.0,0.0,0.0,0.3594077449233737,0.5970149253731343,5.813432835820896,8.544776119402986,0.03731343283582089,0.03731343283582089,1.0,-0.048091601367472536,-0.8776028794566477,0.08284023668639054,0.1301775147928994,0.25443786982248523,5.0,0.11980258164112456,20.3,0.341405987218298,22.333333333333332,129.83333333333334,0.8333333333333334,0.8333333333333334,4.5,23.833333333333332,0.16666666666666666,9.91,28.166666666666668,0.8333333333333334,3.3833333333333333,2.3333333333333335,3.6666666666666665,0.0
00-0035100,2025,Jake Browning,QB,CIN,5,125,81,771,6,8,9,959,367,-38.387038851159794,6.011966243917366,9,39,1,6.78605965879979,48.74,2.3,23,8,19,36,28.799999999999997,18,14.399999999999999,70.8,0.8,5,2.0,13.0,,7.6,5.0,4.0,7.8,125,0.184,,0.104,,,,,,,,,,,,138,-34.93819875730259,45.08460462093353,120,9.0,4.0,959.0,125,27.0,,,,,,4.0,1.0,2.0,3.337219564942643,0.648,6.168,7.672,0.048,0.064,0.75,-0.2531753533137869,0.3757050385077794,0.06521739130434782,0.028985507246376812,0.2608695652173913,5.0,0.8343048912356608,9.9,0.20311858842839556,25.0,154.2,1.2,1.6,1.8,7.8,0.2,9.748000000000001,27.6,1.0,1.98,1.8,0.8,0.2
00-0029263,2025,Russell Wilson,QB,NYG,6,119,69,831,3,3,10,1058,376,-15.676451989242711,-11.179765863344075,18,106,0,-1.286363915730004,49.839999999999996,2.3,27,11,15,36,30.252100840336134,22,18.487394957983195,70.1,3.7,12,6.0,5.0,,8.5,6.6,12.0,7.6,119,0.226890756302521,,0.04201680672268908,,,,,,,,,,,,141,-17.28709731614274,-161.31668388843536,109,10.0,12.0,1058.0,119,28.0,,,,,,6.0,0.0,2.0,0.32428141117005316,0.5798319327731093,6.983193277310924,8.890756302521009,0.025210084033613446,0.025210084033613446,1.0,-0.12260352706484214,-1.4799695769581227,0.07092198581560284,0.0851063829787234,0.2695035460992908,6.0,0.054046901861675524,10.600000000000001,0.21268057784911723,19.833333333333332,138.5,0.5,0.5,3.0,17.666666666666668,0.0,8.306666666666667,23.5,1.0,1.7666666666666668,1.6666666666666667,2.0,0.0
00-0022942,2025,Philip Rivers,QB,IND,3,92,58,544,4,3,5,717,271,-11.19553556724334,-3.7531283478612227,2,-1,0,-1.14645677199587,31.66,2.1,20,4,9,18,19.565217391304348,13,14.130434782608695,71.1,2.2,2,3.0,17.0,,7.5,4.7,0.0,,92,0.21739130434782608,,0.18478260869565216,,,,,,,,,,,,97,-11.195535567243311,-332.33919739723206,90,5.0,0.0,717.0,92,13.0,,,,,,,,,,0.6304347826086957,5.913043478260869,7.793478260869565,0.043478260869565216,0.03260869565217391,1.3333333333333333,-0.11541789244580733,-3.692657748858134,0.05154639175257732,0.0,0.18556701030927836,2.0,,-0.1,-0.003158559696778269,30.666666666666668,181.33333333333334,1.3333333333333333,1.0,0.6666666666666666,-0.3333333333333333,0.0,10.553333333333333,32.333333333333336,0.6666666666666666,-0.03333333333333333,1.6666666666666667,0.0,
00-0040234,2025,Quinn Ewers,QB,MIA,4,83,55,622,3,3,8,693,354,-2.2515222003800694,-0.12440538939905554,8,19,0,-4.676511852187101,33.18,2.3,21,4,9,21,25.301204819277107,12,14.457831325301203,68.3,1.2,1,1.0,13.0,,8.3,4.9,3.0,7.0,83,0.25301204819277107,,0.1566265060240964,,,,,,,,,,,,94,-0.6102365618223287,81.36827349662781,82,8.0,3.0,693.0,83,16.0,,,,,,1.0,0.0,0.0,-3.5390562913380563,0.6626506024096386,7.493975903614458,8.349397590361447,0.03614457831325301,0.03614457831325301,1.0,-0.006491878317258815,0.9922960182515587,0.0851063829787234,0.031914893617021274,0.2553191489361702,5.0,-3.5390562913380563,1.9000000000000001,0.05726341169379145,20.75,155.5,0.75,0.75,2.0,4.75,0.0,8.295,23.5,1.25,0.47500000000000003,2.0,0.75,0.0
00-0040494,2025,Max Brosmer,QB,MIN,7,71,47,328,0,4,14,312,249,-56.52426000641425,-5.392331823698465,7,11,0,-0.12323843681952007,4.22,2.5,20,4,6,24,33.80281690140845,8,11.267605633802818,82.4,7.4,3,0.0,7.0,,4.4,1.7,2.0,8.0,71,0.28169014084507044,,0.09859154929577464,,,,,,,,,,,,87,-54.72224930095255,-239.9329036474228,68,14.0,2.0,312.0,71,19.0,,,,,,,,,,0.6619718309859155,4.619718309859155,4.394366197183099,0.0,0.056338028169014086,0.0,-0.6289913712753167,-3.5284250536385704,0.16091954022988506,0.022988505747126436,0.3793103448275862,5.0,,1.1,0.26066350710900477,10.142857142857142,46.857142857142854,0.0,0.5714285714285714,1.0,1.5714285714285714,0.0,0.6028571428571429,12.428571428571429,0.7142857142857143,0.15714285714285717,2.0,0.2857142857142857,
00-0035993,2025,Tyler Huntley,QB,BAL,5,67,52,426,2,0,8,429,148,5.659483200997551,14.3316432699509,24,151,0,10.847624528454617,40.14,2.3,21,1,10,19,28.35820895522388,7,10.44776119402985,87.9,6.1,0,0.0,7.0,,6.3,5.3,8.0,11.8,67,0.31343283582089554,,0.1044776119402985,,,,,,,,,,,,81,15.49815943291082,840.5083686113358,65,8.0,7.0,429.0,66,19.0,80.8,82.8,11.4,103.0,18.9,12.0,0.0,2.0,4.565259587892797,0.7761194029850746,6.358208955223881,6.402985074626866,0.029850746268656716,0.0,,0.1913353016408743,12.930897978635935,0.09876543209876543,0.08641975308641975,0.3333333333333333,17.0,0.3804382989910664,15.100000000000001,0.3761833582461385,13.4,85.2,0.4,0.0,4.8,30.2,0.0,8.028,16.2,3.4,3.0200000000000005,1.6,1.4,0.0
00-0040206,2025,Riley Leonard,QB,IND,5,67,39,415,2,3,2,537,168,-8.226148502326641,-38.34641930920168,6,27,2,5.260076559585286,31.0,2.1,10,3,5,10,14.925373134328357,8,11.940298507462686,67.7,4.6,2,1.0,11.0,,8.0,6.3,2.0,7.5,67,0.14925373134328357,,0.16417910447761194,,,,,,,,,,,,72,-1.9428436634993003,-247.73481786251068,64,2.0,3.0,537.0,67,7.0,72.7,62.7,2.9,80.0,8.6,2.0,1.0,0.0,-0.07622827924205922,0.582089552238806,6.1940298507462686,8.014925373134329,0.029850746268656716,0.04477611940298507,0.6666666666666666,-0.026983939770823615,-3.8708565291017294,0.027777777777777776,0.041666666666666664,0.125,3.0,-0.03811413962102961,14.7,0.47419354838709676,13.4,83.0,0.4,0.6,1.2,5.4,0.4,6.2,14.4,0.6,2.94,0.4,0.6,0.2
00-0031503,2025,Jameis Winston,QB,NYG,3,66,37,567,2,2,3,619,210,15.391700988232628,-12.052409979409354,7,23,1,4.28813393911696,43.28,2.5,18,10,9,22,33.33333333333333,16,24.242424242424242,66.1,1.6,4,0.0,8.0,,9.4,9.6,1.0,11.0,66,0.2727272727272727,,0.12121212121212122,,,,,,,,,,,,70,18.66954024351901,-195.1149582862854,63,3.0,1.0,619.0,66,12.0,68.5,68.8,4.5,81.0,12.3,4.0,1.0,1.0,1.0102946838305797,0.5606060606060606,8.590909090909092,9.378787878787879,0.030303030303030304,0.030303030303030304,1.0,0.26670771776455726,-3.0970628299410383,0.04285714285714286,0.014285714285714285,0.21428571428571427,6.0,0.25257367095764494,8.3,0.19177449168207025,22.0,189.0,0.6666666666666666,0.6666666666666666,2.3333333333333335,7.666666666666667,0.3333333333333333,14.426666666666668,23.333333333333332,2.0,2.766666666666667,1.0,0.3333333333333333,0.3333333333333333
00-0037012,2025,Trey Lance,QB,LAC,4,57,27,226,0,1,6,535,105,-39.46669255959234,3.90212687484005,17,85,0,1.253435991588048,13.54,2.1,13,3,3,12,21.052631578947366,12,21.052631578947366,60.0,2.0,3,2.0,9.0,,8.1,4.5,7.0,10.7,57,0.22807017543859648,,0.15789473684210525,,,,,,,,,,,,66,-32.68817756871823,-489.07661736011505,50,6.0,7.0,535.0,53,9.0,,,,,,8.0,0.0,3.0,-2.337821392226033,0.47368421052631576,3.9649122807017543,9.385964912280702,0.0,0.017543859649122806,0.0,-0.495275417707852,-9.781532347202301,0.09090909090909091,0.10606060606060606,0.22727272727272727,10.0,-0.2922276740282541,8.5,0.6277695716395865,14.25,56.5,0.0,0.25,4.25,21.25,0.0,3.385,16.5,2.5,2.125,1.5,1.75,0.0
00-0037324,2025,Chris Oladokun,QB,KC,3,55,35,235,1,0,8,277,156,-30.12312913239703,-3.9373996435037633,5,18,0,-5.569238652853523,11.2,2.3,13,2,7,17,30.909090909090907,7,12.727272727272727,75.0,5.8,2,4.0,7.0,,5.2,2.3,4.0,4.5,55,0.23636363636363636,,0.12727272727272726,,,,,,,,,,,,66,-30.72680859854567,-202.8678297996521,52,8.0,4.0,277.0,54,14.0,,,,,,1.0,0.0,1.0,-4.800101317814551,0.6363636363636364,4.2727272727272725,5.036363636363636,0.01818181818181818,0.0,,-0.4655577060385708,-3.9013044192240787,0.12121212121212122,0.06060606060606061,0.3333333333333333,1.0,-4.800101317814551,1.8,0.16071428571428573,18.333333333333332,78.33333333333333,0.3333333333333333,0.0,1.6666666666666667,6.0,0.0,3.733333333333333,22.0,0.3333333333333333,0.6,2.6666666666666665,1.3333333333333333,0.0
00-0026300,2025,Josh Johnson,QB,WAS,3,54,34,372,1,2,2,313,213,3.8190098875594103,-1.4310652257854235,12,55,1,-4.799324803636411,24.380000000000003,2.4,6,2,8,12,22.22222222222222,9,16.666666666666664,71.4,0.0,3,1.0,6.0,,5.7,4.7,8.0,6.8,54,0.1111111111111111,,0.1111111111111111,,,,,,,,,,,,62,9.233864400774188,97.31273651123047,48,2.0,8.0,313.0,52,10.0,55.6,58.5,1.9,79.0,9.0,1.0,0.0,0.0,-0.6926183723844588,0.6296296296296297,6.888888888888889,5.796296296296297,0.018518518518518517,0.037037037037037035,0.5,0.14893329678668044,2.0273486773173013,0.03225806451612903,0.12903225806451613,0.1935483870967742,4.0,-0.6926183723844588,11.5,0.4716981132075471,18.0,124.0,0.3333333333333333,0.6666666666666666,4.0,18.333333333333332,0.3333333333333333,8.126666666666667,20.666666666666668,1.3333333333333333,3.8333333333333335,0.6666666666666666,2.6666666666666665,0.0
00-0033662,2025,Cooper Rush,QB,BAL,4,52,34,303,0,4,1,335,149,-18.84717217733835,-0.8588281962258089,4,-4,0,-5.58112201245967,1.72,2.4,9,2,6,9,17.307692307692307,9,17.307692307692307,74.0,4.0,2,0.0,1.0,,6.4,4.5,0.0,,52,0.17307692307692307,,0.019230769230769232,,,,,,,,,,,,53,-18.84717217733835,-98.93314242362976,51,1.0,0.0,335.0,52,7.0,,,,,,,,,,0.6538461538461539,5.826923076923077,6.4423076923076925,0.0,0.07692307692307693,0.0,-0.35560702221393115,-1.9398655377182306,0.018867924528301886,0.0,0.1509433962264151,4.0,,-0.4,-0.23255813953488375,13.0,75.75,0.0,1.0,1.0,-1.0,0.0,0.43,13.25,1.0,-0.1,0.25,0.0,
00-0034771,2025,Mason Rudolph,QB,PIT,5,52,38,310,2,2,2,272,254,2.503363687047794,-5.947662388674129,7,6,0,1.34117260714993,15.0,2.3,12,1,3,6,11.538461538461538,7,13.461538461538462,79.6,0.0,3,2.0,5.0,,5.2,1.5,1.0,3.0,52,0.23076923076923078,,0.09615384615384616,,,,,,,,,,,,55,2.554198399620166,288.11698853969574,50,2.0,1.0,272.0,52,5.0,,,,,,2.0,0.0,2.0,1.290337894577533,0.7307692307692307,5.961538461538462,5.230769230769231,0.038461538461538464,0.038461538461538464,1.0,0.04643997090218483,5.762339770793915,0.03636363636363636,0.01818181818181818,0.12727272727272726,6.0,0.6451689472887665,0.6000000000000001,0.04000000000000001,10.4,62.0,0.4,0.4,1.4,1.2,0.0,3.0,11.0,1.2,0.12000000000000002,0.4,0.2,0.0
00-0038102,2025,Kenny Pickett,QB,LV,6,45,28,188,1,2,8,262,62,-28.787691949274524,-11.411753798524535,5,22,0,-3.2190294332685974,7.720000000000001,2.5,3,1,5,14,31.11111111111111,6,13.333333333333334,81.8,6.8,0,2.0,2.0,,5.8,4.5,3.0,7.7,45,0.06666666666666667,,0.044444444444444446,,,,,,,,,,,,55,-25.786100492395107,-287.4257564544678,44,8.0,3.0,262.0,44,12.0,,,,,,1.0,0.0,0.0,-0.7680640602484345,0.6222222222222222,4.177777777777778,5.822222222222222,0.022222222222222223,0.044444444444444446,0.5,-0.4688381907708201,-6.532403555783358,0.14545454545454545,0.05454545454545454,0.36363636363636365,2.0,-0.7680640602484345,2.2,0.2849740932642487,7.5,31.333333333333332,0.16666666666666666,0.3333333333333333,0.8333333333333334,3.6666666666666665,0.0,1.2866666666666668,9.166666666666666,0.3333333333333333,0.3666666666666667,1.3333333333333333,0.5,0.0
00-0038400,2025,Tanner McKee,QB,PHI,4,43,24,274,1,1,3,411,100,-2.4619381445586197,15.570097460466297,8,8,0,-5.170260388345922,13.76,2.4,12,5,3,11,25.581395348837212,10,23.25581395348837,68.4,5.3,5,0.0,4.0,,9.6,7.3,3.0,4.0,43,0.27906976744186046,,0.09302325581395349,,,,,,,,,,,,49,-1.5731020410671346,50.29715299606323,37,3.0,3.0,411.0,43,6.0,,,,,,,,,,0.5581395348837209,6.372093023255814,9.55813953488372,0.023255813953488372,0.023255813953488372,1.0,-0.03210412328708438,1.3593825134071145,0.061224489795918366,0.061224489795918366,0.1836734693877551,5.0,,0.8,0.058139534883720936,10.75,68.5,0.25,0.25,2.0,2.0,0.0,3.44,12.25,1.25,0.2,0.75,0.75,
00-0027973,2025,Andy Dalton,QB,CAR,4,37,25,293,1,1,8,348,90,-5.661670377857199,9.602464021815367,5,-2,0,-8.65915322024375,9.520000000000001,2.4,11,1,2,11,29.72972972972973,5,13.513513513513514,80.6,8.3,1,0.0,3.0,,9.4,8.1,1.0,1.0,37,0.2972972972972973,,0.08108108108108109,,,,,,,,,,,,46,-9.955220051605377,237.45312094688416,36,8.0,1.0,348.0,37,9.0,,,,,,,,,,0.6756756756756757,7.918918918918919,9.405405405405405,0.02702702702702703,0.02702702702702703,1.0,-0.21641782720881253,6.595920026302338,0.17391304347826086,0.021739130434782608,0.3695652173913043,4.0,,-0.2,-0.021008403361344536,9.25,73.25,0.25,0.25,1.25,-0.5,0.0,2.3800000000000003,11.5,1.0,-0.05,2.0,0.25,
00-0033869,2025,Mitchell Trubisky,QB,BUF,4,35,25,313,4,0,0,255,136,25.734475121658964,-4.20857554390319,9,6,0,-6.7958843332016805,31.119999999999997,2.6,5,0,0,0,0.0,4,11.428571428571429,85.3,8.8,1,0.0,4.0,,7.3,7.1,1.0,4.0,35,0.14285714285714285,,0.11428571428571428,,,,,,,,,,,,37,25.611737506085774,265.3476893901825,34,0.0,2.0,255.0,35,0.0,91.4,94.2,7.7,39.0,7.4,,,,,0.7142857142857143,8.942857142857143,7.285714285714286,0.11428571428571428,0.0,,0.6922091217861019,7.804343805593603,0.0,0.05405405405405406,0.0,7.0,,0.6000000000000001,0.019280205655526995,8.75,78.25,1.0,0.0,2.25,1.5,0.0,7.779999999999999,9.25,1.75,0.15000000000000002,0.0,0.5,
00-0038128,2025,Malik Willis,QB,GB,4,35,30,422,3,0,3,354,126,28.08442508573532,24.975324552748123,22,123,2,1.06311157406586,51.18,2.5,8,0,2,5,14.285714285714285,2,5.714285714285714,91.4,5.7,0,0.0,6.0,,10.1,9.9,8.0,6.9,35,0.22857142857142856,,0.17142857142857143,,,,,,,,,,,,47,33.24808601803542,769.4716513156891,35,3.0,9.0,354.0,35,5.0,93.1,93.7,11.3,59.0,16.4,7.0,1.0,4.0,7.270906789490255,0.8571428571428571,12.057142857142857,10.114285714285714,0.08571428571428572,0.0,,0.7074060854901154,21.984904323305404,0.06382978723404255,0.19148936170212766,0.1702127659574468,13.0,1.0387009699271792,24.3,0.47479484173505276,8.75,105.5,0.75,0.0,5.5,30.75,0.5,12.795,11.75,3.25,6.075,0.75,2.25,0.25
00-0032434,2025,Brandon Allen,QB,TEN,1,30,17,72,0,1,1,109,80,-24.0283908552294,-13.0822396278381,0,0,0,0.0,0.88,2.2,7,4,4,9,30.0,9,30.0,60.0,3.3,0,1.0,5.0,,3.6,-0.5,0.0,,30,0.23333333333333334,,0.16666666666666666,,,,,,,,,,,,31,-24.02839085522935,-392.46718883514404,30,1.0,0.0,109.0,30,5.0,,,,,,,,,,0.5666666666666667,2.4,3.6333333333333333,0.0,0.03333333333333333,0.0,-0.7751093824267532,-13.082239627838135,0.03225806451612903,0.0,0.1935483870967742,0.0,,0.0,0.0,30.0,72.0,0.0,1.0,0.0,0.0,0.0,0.88,31.0,0.0,0.0,1.0,0.0,
00-0039398,2025,Joe Milton III,QB,DAL,4,24,15,183,1,2,0,260,78,0.6370323602229764,7.726169265806661,5,50,0,-2.09156577405519,10.32,2.3,6,4,1,5,20.833333333333336,6,25.0,65.2,0.0,1,1.0,5.0,,10.7,7.0,2.0,9.5,24,0.25,,0.20833333333333334,,,,,,,,,,,,27,-4.585856225480933,36.90839409828186,23,0.0,3.0,260.0,24,1.0,52.8,54.5,0.4,30.0,1.8,2.0,0.0,0.0,3.1313228116487153,0.625,7.625,10.833333333333334,0.041666666666666664,0.08333333333333333,0.5,-0.1698465268696642,1.60471278688182,0.0,0.1111111111111111,0.037037037037037035,2.0,1.5656614058243576,5.0,0.4844961240310077,6.0,45.75,0.25,0.5,1.25,12.5,0.0,2.58,6.75,0.5,1.25,0.0,0.75,0.0
00-0038579,2025,Aidan O'Connell,QB,LV,1,22,10,102,0,0,1,184,31,-5.86369217034538,-23.5717979344455,1,7,0,0.156770496862009,4.78,2.2,6,0,2,3,13.636363636363635,7,31.818181818181817,66.7,9.5,1,0.0,1.0,,8.4,7.1,1.0,7.0,22,0.2727272727272727,,0.045454545454545456,,,,,,,,,,,,24,-5.706921673483371,-518.5795545578003,22,1.0,1.0,184.0,22,3.0,,,,,,,,,,0.45454545454545453,4.636363636363637,8.363636363636363,0.0,0.0,,-0.23778840306180712,-23.571797934445467,0.041666666666666664,0.041666666666666664,0.16666666666666666,0.0,,0.7000000000000001,0.14644351464435146,22.0,102.0,0.0,0.0,1.0,7.0,0.0,4.78,24.0,0.0,0.7000000000000001,1.0,1.0,
00-0031237,2025,Teddy Bridgewater,QB,TB,3,15,8,62,0,0,2,98,52,-12.4985269496683,-16.2942066788673,3,4,0,-0.0188060835935175,2.88,2.0,4,0,2,4,26.666666666666668,4,26.666666666666668,57.1,0.0,1,0.0,2.0,,6.5,1.3,1.0,6.0,15,0.26666666666666666,,0.13333333333333333,,,,,,,,,,,,18,-12.51733303326182,-228.11889350414276,14,2.0,1.0,98.0,15,4.0,,,,,,,,,,0.5333333333333333,4.133333333333334,6.533333333333333,0.0,0.0,,-0.6954073907367678,-16.29420667886734,0.1111111111111111,0.05555555555555555,0.3333333333333333,2.0,,0.4,0.1388888888888889,5.0,20.666666666666668,0.0,0.0,1.0,1.3333333333333333,0.0,0.96,6.0,0.6666666666666666,0.13333333333333333,0.6666666666666666,0.3333333333333333,
00-0038582,2025,Clayton Tune,QB,GB,2,15,7,42,0,1,5,58,28,-19.89934452209851,-25.720939189195647,5,23,0,2.179137185681608,1.9800000000000002,2.5,9,0,3,8,53.333333333333336,2,13.333333333333334,71.4,7.1,1,1.0,1.0,,3.9,2.0,2.0,8.5,15,0.6,,0.06666666666666667,,,,,,,,,,,,22,-18.834403774759267,-306.44189715385437,14,5.0,2.0,58.0,15,7.0,,,,,,2.0,0.0,1.0,1.1141964383423328,0.4666666666666667,2.8,3.8666666666666667,0.0,0.06666666666666667,0.0,-0.8561092624890576,-21.888706939561025,0.22727272727272727,0.09090909090909091,0.5454545454545454,3.0,0.5570982191711664,2.3000000000000003,1.1616161616161615,7.5,21.0,0.0,0.5,2.5,11.5,0.0,0.9900000000000001,11.0,1.5,1.1500000000000001,2.5,1.0,0.0
00-0036679,2025,Shane Buechele,QB,KC,1,14,7,88,0,0,5,138,28,-6.8254729354437,-16.7718983613528,1,4,0,-0.834705842891708,3.92,2.4,2,0,3,8,57.14285714285714,4,28.57142857142857,61.5,0.0,1,2.0,3.0,,9.9,8.6,1.0,4.0,14,0.14285714285714285,,0.21428571428571427,,,,,,,,,,,,20,-7.660178778335405,-218.03467869758606,13,5.0,1.0,138.0,14,8.0,,,,,,,,,,0.5,6.285714285714286,9.857142857142858,0.0,0.0,,-0.38300893891677024,-16.771898361352775,0.25,0.05,0.65,0.0,,0.4,0.10204081632653061,14.0,88.0,0.0,0.0,1.0,4.0,0.0,3.92,20.0,0.0,0.4,5.0,1.0,
00-0035289,2025,Gardner Minshew,QB,KC,4,13,6,37,0,1,0,68,31,-6.41468302690191,-14.620621662054733,6,2,0,-0.5709919421933591,-0.3200000000000003,2.1,3,1,1,2,15.384615384615385,3,23.076923076923077,63.6,0.0,2,2.0,2.0,,3.7,1.0,1.0,8.0,13,0.23076923076923078,,0.15384615384615385,,,,,,,,,,,,14,-6.914474138233345,-225.8350044488907,11,0.0,1.0,68.0,13,1.0,,,,,,,,,,0.46153846153846156,2.8461538461538463,5.230769230769231,0.0,0.07692307692307693,0.0,-0.49389100987381035,-20.530454949899152,0.0,0.07142857142857142,0.07142857142857142,5.0,,0.2,-0.6249999999999994,3.25,9.25,0.0,0.25,1.5,0.5,0.0,-0.08000000000000007,3.5,1.25,0.05,0.0,0.25,
00-0037013,2025,Zach Wilson,QB,MIA,4,11,6,32,0,0,0,61,23,-6.62134442542447,-13.730032617847138,3,1,0,-0.238501504063606,1.3800000000000001,2.0,4,0,2,2,18.181818181818183,3,27.27272727272727,60.0,0.0,1,1.0,3.0,,4.5,1.5,1.0,3.0,11,0.36363636363636365,,0.2727272727272727,,,,,,,,,,,,12,-6.859845929488074,-73.663729429245,10,0.0,1.0,61.0,11,4.0,,,,,,,,,,0.5454545454545454,2.909090909090909,5.545454545454546,0.0,0.0,,-0.5716538274573395,-7.3663729429244995,0.0,0.08333333333333333,0.3333333333333333,2.0,,0.1,0.07246376811594203,2.75,8.0,0.0,0.0,0.75,0.25,0.0,0.34500000000000003,3.0,0.5,0.025,0.0,0.25,
00-0033949,2025,Joshua Dobbs,QB,NE,4,10,7,65,0,0,0,119,48,-0.07194294924671149,1.7468368634581553,10,-5,0,-6.63265348016284,2.1,2.7,6,0,0,0,0.0,3,30.0,70.0,0.0,0,0.0,2.0,,11.9,2.4,1.0,2.0,10,0.6,,0.2,,,,,,,,,,,,11,-1.0756269610003608,59.46495234966278,10,0.0,1.0,119.0,10,0.0,72.3,76.2,0.9,11.0,0.6,,,,,0.7,6.5,11.9,0.0,0.0,,-0.09778426918185099,5.946495234966278,0.0,0.09090909090909091,0.0,9.0,,-0.5,-0.23809523809523808,2.5,16.25,0.0,0.0,2.5,-1.25,0.0,0.525,2.75,2.25,-0.125,0.0,0.25,
00-0038416,2025,Tyson Bagent,QB,CHI,2,4,3,47,0,0,0,30,39,2.305082613544069,19.688149293263745,2,7,0,-0.371152909239754,2.58,2.5,0,0,1,1,25.0,1,25.0,75.0,0.0,0,0.0,0.0,,7.5,2.7,1.0,7.0,4,0.0,,0.0,,,,,,,,,,,,5,2.618899015884381,38.274431228637695,4,0.0,1.0,30.0,4,1.0,,,,,,,,,,0.75,11.75,7.5,0.0,0.0,,0.5237798031768761,9.568607807159424,0.0,0.2,0.2,1.0,,0.7000000000000001,0.2713178294573644,2.0,23.5,0.0,0.0,1.0,3.5,0.0,1.29,2.5,0.5,0.35000000000000003,0.0,0.5,
00-0033319,2025,Nick Mullens,QB,JAX,4,3,3,19,0,0,0,4,15,2.899766151042104,26.217644661665002,12,-8,0,-2.45989225647645,-0.040000000000000036,1.5,1,1,0,1,33.33333333333333,0,0.0,100.0,0.0,0,0.0,0.0,,1.3,1.3,0.0,,3,0.3333333333333333,,0.0,,,,,,,,,,,,3,2.8997661510420993,86.87268197536469,3,0.0,0.0,4.0,3,0.0,85.8,89.6,0.5,3.0,0.2,,,,,1.0,6.333333333333333,1.3333333333333333,0.0,0.0,,0.9665887170140331,28.957560658454895,0.0,0.0,0.0,12.0,,-0.8,19.999999999999982,0.75,4.75,0.0,0.0,3.0,-2.0,0.0,-0.010000000000000009,0.75,3.0,-0.2,0.0,0.0,
00-0035704,2025,Drew Lock,QB,SEA,3,3,2,15,0,0,0,5,16,-0.892722808755934,-14.2897804578145,6,-5,0,-0.966948470100761,0.09999999999999998,2.6,2,0,0,0,0.0,0,0.0,100.0,0.0,0,0.0,0.0,,1.7,-0.5,0.0,,3,0.6666666666666666,,0.0,,,,,,,,,,,,3,-0.8927228087559342,-42.8693413734436,3,0.0,0.0,5.0,3,0.0,,,,,,,,,,0.6666666666666666,5.0,1.6666666666666667,0.0,0.0,,-0.2975742695853114,-14.289780457814535,0.0,0.0,0.0,6.0,,-0.5,-5.000000000000001,1.0,5.0,0.0,0.0,2.0,-1.6666666666666667,0.0,0.033333333333333326,1.0,2.0,-0.16666666666666666,0.0,0.0,
00-0034577,2025,Kyle Allen,QB,DET,2,2,0,0,0,0,0,10,0,-1.35526536774439,-63.7493580579758,3,-3,0,0.0,-0.30000000000000004,2.2,0,0,0,0,0.0,0,0.0,100.0,50.0,0,0.0,0.0,,5.0,,0.0,,2,0.0,,0.0,,,,,,,,,,,,2,-1.3552653677443862,-127.49871611595154,2,0.0,0.0,10.0,2,0.0,,,,,,,,,,0.0,0.0,5.0,0.0,0.0,,-0.6776326838721931,-63.74935805797577,0.0,0.0,0.0,3.0,,-0.30000000000000004,1.0,1.0,0.0,0.0,0.0,1.5,-1.5,0.0,-0.15000000000000002,1.0,1.5,-0.15000000000000002,0.0,0.0,
00-0039164,2025,Anthony Richardson,QB,IND,2,2,1,9,0,0,0,31,7,-1.21161995315924,-8.09004306793213,4,-1,0,-2.42982201743871,2.1599999999999997,1.9,0,0,0,0,0.0,1,50.0,0.0,0.0,0,0.0,1.0,,15.5,2.0,0.0,,2,0.0,,0.5,,,,,,,,,,,,2,-1.2116199531592429,-16.180086135864258,2,0.0,0.0,31.0,2,0.0,,,,,,1.0,0.0,0.0,1.6908838767558336,0.5,4.5,15.5,0.0,0.0,,-0.6058099765796214,-8.090043067932129,0.0,0.0,0.0,4.0,1.6908838767558336,-0.1,-0.04629629629629631,1.0,4.5,0.0,0.0,2.0,-0.5,0.0,1.0799999999999998,1.0,2.0,-0.05,0.0,0.0,0.0
00-0039577,2025,Kedon Slovis,QB,ARI,2,2,1,-2,0,0,0,3,0,-2.146631425945086,-31.81181252002715,0,0,0,0.0,-0.08,2.1,0,0,0,0,0.0,1,50.0,50.0,0.0,0,0.0,0.0,,1.5,-2.0,0.0,,2,0.0,,0.0,,,,,,,,,,,,2,-2.1466314259450883,-63.62362504005432,2,0.0,0.0,3.0,2,0.0,,,,,,,,,,0.5,-1.0,1.5,0.0,0.0,,-1.0733157129725441,-31.81181252002716,0.0,0.0,0.0,0.0,,0.0,-0.0,1.0,-1.0,0.0,0.0,0.0,0.0,0.0,-0.04,1.0,0.0,0.0,0.0,0.0,
