player_id,player_name,position,team_last,seasons_played,last_season,first_season,n_teams,games,targets,receptions,rec_yards,rec_tds,rec_air_yards,rec_yac,rec_first_downs,rec_epa,carries,rush_yards,rush_tds,ppr,tm_targets,tm_air_yards,tm_pass_att,tm_carries,tm_targets_full,tm_air_yards_full,tm_carries_full,tm_games,snap_games,off_snaps,tm_off_snaps,st_snaps,off_plays_on_field,dropbacks_on_field,rushes_on_field,tm_off_plays,tm_dropbacks,tm_rushes,pfr_tgt,pfr_rec,pfr_ybc,pfr_yac,pfr_broken_tackles,pfr_drops,pfr_first_downs,pbp_targets,rz_targets,i10_targets,ez_targets,deep_targets,third_down_targets,third_down_conv,target_epa_total,play_share_part,target_epa,rz_target_share_of_own,ngs_avg_cushion,ngs_avg_separation,ngs_avg_intended_air_yards,ngs_percent_share_of_intended_air_yards,ngs_avg_yac,ngs_avg_expected_yac,ngs_avg_yac_above_expectation,ngs_catch_percentage,pfr_adot,pfr_ybc_per_rec,pfr_yac_per_rec,pfr_rec_per_broken_tackle,snap_pct_mean,target_share,air_yards_share,target_share_full,air_yards_share_full,carry_share,carry_share_full,games_played_rate,wopr,racr,adot_nflverse,catch_rate,rec_epa_per_target,ypc,ypr,snap_share,off_snaps_pg,pass_snap_share,run_snap_share,targets_pg,rec_pg,rec_yards_pg,rec_tds_pg,air_yards_pg,ppr_pg,carries_pg,rush_yards_pg,rush_tds_pg,routes_proxy,routes_proxy_pg,tprr_proxy,yprr_proxy,pfr_drop_pct,rz_targets_pg,i10_targets_pg,ez_targets_pg,deep_targets_pg,third_down_targets_pg,deep_target_rate,third_down_conv_rate,window_seasons,thin_data
00-0024243,Marcedes Lewis,TE,CHI,2,2024,2023,1,11,6,5,31,1,10,30,3,2.550687365932392,0,0,0,14.099999999999998,341,2822,373,337,1003,8309,965,34,34.0,552.0,2274.0,69.0,568.0,162.0,367.0,2341.0,1311.0,850.0,7.0,5.0,1.0,30.0,0.0,0.0,3.0,6.0,2.0,1.0,1.0,0.0,1.0,1.0,2.55068736593239,0.24263135412217002,0.4251145609887317,0.3333333333333333,,,,,,,,,2.6666666666666665,0.2,6.04,,0.24406417112299464,0.017595307917888565,0.003543586109142452,0.005982053838484547,0.0012035142616440004,0.0,0.0,0.3235294117647059,0.028873472153232566,3.1,1.6666666666666667,0.8333333333333334,0.42511456098873196,,6.2,0.24274406332453827,16.235294117647058,0.12356979405034325,0.43176470588235294,0.5454545454545454,0.45454545454545453,2.8181818181818183,0.09090909090909091,0.9090909090909091,1.2818181818181815,0.0,0.0,0.0,162.0,14.727272727272727,0.037037037037037035,0.19135802469135801,0.0,0.18181818181818182,0.09090909090909091,0.09090909090909091,0.0,0.09090909090909091,0.0,1.0,2023-2025,False
00-0027696,Jimmy Graham,TE,NO,1,2023,2023,1,6,7,6,39,4,42,3,6,8.155974590627011,0,0,0,33.9,172,1357,181,186,579,5016,480,17,13.0,171.0,890.0,1.0,174.0,76.0,86.0,1192.0,655.0,457.0,7.0,6.0,36.0,3.0,0.0,1.0,6.0,7.0,5.0,4.0,4.0,0.0,4.0,3.0,8.155974590627011,0.14597315436241612,1.1651392272324301,0.7142857142857143,,,,,,,,,6.0,6.0,0.5,,0.19153846153846155,0.040697674418604654,0.030950626381724394,0.012089810017271158,0.008373205741626795,0.0,0.0,0.35294117647058826,0.08271195009511406,0.9285714285714286,6.0,0.8571428571428571,1.1651392272324301,,6.5,0.19213483146067414,13.153846153846153,0.11603053435114503,0.18818380743982493,1.1666666666666667,1.0,6.5,0.6666666666666666,7.0,5.6499999999999995,0.0,0.0,0.0,76.0,12.666666666666666,0.09210526315789473,0.5131578947368421,0.14285714285714285,0.8333333333333334,0.6666666666666666,0.6666666666666666,0.0,0.6666666666666666,0.0,0.75,2023-2025,True
00-0027944,Julio Jones,WR,PHI,1,2023,2023,1,8,19,11,74,3,131,28,4,2.233634454315619,0,0,0,36.4,236,2060,251,235,525,4844,510,17,11.0,231.0,704.0,0.0,239.0,157.0,69.0,1183.0,653.0,457.0,19.0,11.0,46.0,28.0,0.0,1.0,4.0,19.0,4.0,1.0,2.0,2.0,5.0,0.0,2.2336344543156166,0.20202874049027894,0.11755970812187455,0.21052631578947367,,,,,,,,,7.3999999999999995,4.2,2.5,,0.33545454545454545,0.08050847457627118,0.06359223300970873,0.03619047619047619,0.02704376548307184,0.0,0.0,0.47058823529411764,0.16527727497120287,0.5648854961832062,6.894736842105263,0.5789473684210527,0.11755970812187468,,6.7272727272727275,0.328125,21.0,0.24042879019908117,0.15098468271334792,2.375,1.375,9.25,0.375,16.375,4.55,0.0,0.0,0.0,157.0,19.625,0.12101910828025478,0.4713375796178344,0.05263157894736842,0.5,0.125,0.25,0.25,0.625,0.10526315789473684,0.0,2023-2025,True
00-0028002,Randall Cobb,WR,NYJ,1,2023,2023,1,9,17,5,39,1,165,23,3,-14.414470429737635,0,0,0,16.9,255,2021,276,215,563,4000,388,17,11.0,210.0,675.0,7.0,218.0,150.0,50.0,1140.0,695.0,357.0,17.0,5.0,16.0,23.0,0.0,2.0,3.0,17.0,4.0,0.0,0.0,2.0,6.0,1.0,-15.467470429737629,0.1912280701754386,-0.9098512017492723,0.23529411764705882,,,,,,,,,9.7,3.2,4.6,,0.3181818181818182,0.06666666666666667,0.08164275111331024,0.03019538188277087,0.04125,0.0,0.0,0.5294117647058824,0.15714992577931716,0.23636363636363636,9.705882352941176,0.29411764705882354,-0.8479100252786844,,7.8,0.3111111111111111,19.09090909090909,0.2158273381294964,0.1400560224089636,1.8888888888888888,0.5555555555555556,4.333333333333333,0.1111111111111111,18.333333333333332,1.8777777777777775,0.0,0.0,0.0,150.0,16.666666666666668,0.11333333333333333,0.26,0.11764705882352941,0.4444444444444444,0.0,0.0,0.2222222222222222,0.6666666666666666,0.11764705882352941,0.16666666666666666,2023-2025,True
00-0029293,Marvin Jones,WR,DET,1,2023,2023,1,4,10,5,35,0,80,9,2,-5.426966988511736,0,0,0,6.5,127,847,135,129,574,4086,500,17,6.0,178.0,411.0,0.0,179.0,94.0,76.0,1206.0,645.0,483.0,10.0,5.0,26.0,9.0,0.0,2.0,2.0,10.0,2.0,0.0,0.0,1.0,3.0,0.0,-5.426966988511735,0.148424543946932,-0.5426966988511734,0.2,,,,,,,,,8.0,5.2,1.8,,0.44,0.07874015748031496,0.09445100354191263,0.017421602787456445,0.01957905041605482,0.0,0.0,0.23529411764705882,0.18422593869981127,0.4375,8.0,0.5,-0.5426966988511736,,7.0,0.43309002433090027,29.666666666666668,0.14573643410852713,0.15734989648033126,2.5,1.25,8.75,0.0,20.0,1.625,0.0,0.0,0.0,94.0,23.5,0.10638297872340426,0.3723404255319149,0.2,0.5,0.0,0.0,0.25,0.75,0.1,0.0,2023-2025,True
00-0030035,Adam Thielen,WR,MIN,3,2025,2023,2,41,234,170,1815,9,2056,536,94,106.3369835271919,1,6,0,410.1,1288,10815,1377,999,1520,12703,1265,51,43.0,1862.0,2751.0,2.0,1929.0,1187.0,595.0,4356.0,2480.0,1542.0,234.0,170.0,1274.0,541.0,4.0,12.0,94.0,234.0,26.0,12.0,13.0,24.0,79.0,41.0,104.23098352719191,0.4428374655647383,0.4454315535350082,0.1111111111111111,6.336451485067615,2.9239070263252405,8.667587939698496,23.197218967950775,3.463178807947021,4.2503856375222435,-0.7872068295752221,75.87939698492461,8.606837606837606,7.487058823529411,3.16,46.879411764705885,0.6851524390243902,0.18167701863354038,0.1901063337956542,0.15394736842105264,0.1618515311343777,0.001001001001001001,0.0007905138339920949,0.803921568627451,0.4055899616072685,0.8827821011673151,8.786324786324787,0.7264957264957265,0.45443155353500814,6.0,10.676470588235293,0.6768447837150128,43.30232558139535,0.4786290322580645,0.3858625162127108,5.7073170731707314,4.146341463414634,44.26829268292683,0.21951219512195122,50.146341463414636,10.002439024390245,0.024390243902439025,0.14634146341463414,0.0,1187.0,28.951219512195124,0.1971356360572873,1.5290648694187026,0.05128205128205128,0.6341463414634146,0.2926829268292683,0.3170731707317073,0.5853658536585366,1.9268292682926829,0.10256410256410256,0.5189873417721519,2023-2025,False
00-0030061,Zach Ertz,TE,WAS,3,2025,2023,2,37,206,143,1345,12,1674,356,71,28.667619583998928,0,0,0,355.5,1082,9209,1137,1076,1476,12176,1481,51,37.0,1617.0,2447.0,3.0,1653.0,1070.0,455.0,3438.0,1854.0,1307.0,206.0,143.0,989.0,356.0,1.0,11.0,71.0,206.0,37.0,17.0,15.0,13.0,53.0,17.0,25.50861958399895,0.48080279232111695,0.1238282504077619,0.1796116504854369,6.193317212759893,3.231210656465538,8.076625766871167,17.044792116070486,3.0510344827586184,3.4947380419409235,-0.4437035591822999,71.16564417177914,8.021844660194175,6.916083916083916,2.4874125874125874,50.0,0.6635135135135135,0.19038817005545286,0.18177869475513084,0.13956639566395665,0.13748357424441524,0.0,0.0,0.7254901960784313,0.4128273414117709,0.8034647550776584,8.12621359223301,0.6941747572815534,0.13916320186407247,,9.405594405594405,0.6608091540662036,43.7027027027027,0.5771305285868392,0.3481254781943382,5.5675675675675675,3.864864864864865,36.351351351351354,0.32432432432432434,45.24324324324324,9.608108108108109,0.0,0.0,0.0,1070.0,28.91891891891892,0.1925233644859813,1.2570093457943925,0.05339805825242718,1.0,0.4594594594594595,0.40540540540540543,0.35135135135135137,1.4324324324324325,0.06310679611650485,0.32075471698113206,2023-2025,False
00-0030068,Marquise Goodwin,WR,CLE,1,2023,2023,1,10,13,4,67,0,391,21,1,-8.26666054083037,4,33,0,14.0,347,3190,360,326,597,5299,518,17,12.0,122.0,890.0,0.0,124.0,73.0,41.0,1265.0,696.0,487.0,13.0,4.0,46.0,21.0,0.0,2.0,1.0,13.0,0.0,0.0,1.0,10.0,6.0,0.0,-8.266660540830372,0.09802371541501977,-0.6358969646792594,0.0,,,,,,,,,30.1,11.5,5.3,,0.1366666666666667,0.037463976945244955,0.1225705329153605,0.021775544388609715,0.07378750707680694,0.012269938650306749,0.007722007722007722,0.5882352941176471,0.14199533845861978,0.17135549872122763,30.076923076923077,0.3076923076923077,-0.6358969646792593,8.25,16.75,0.13707865168539327,10.166666666666666,0.10488505747126436,0.08418891170431211,1.3,0.4,6.7,0.0,39.1,1.4,0.4,3.3,0.0,73.0,7.3,0.1780821917808219,0.9178082191780822,0.15384615384615385,0.0,0.0,0.1,1.0,0.6,0.7692307692307693,0.0,2023-2025,True
00-0030279,Keenan Allen,WR,LAC,3,2025,2023,2,45,393,259,2764,18,3594,867,149,117.02463590232446,2,6,0,645.96,1457,11999,1528,1169,1684,13813,1328,51,45.0,2259.0,2994.0,2.0,2307.0,1547.0,606.0,3529.0,2086.0,1172.0,393.0,259.0,1897.0,867.0,9.0,17.0,149.0,393.0,45.0,26.0,33.0,49.0,127.0,63.0,118.91863590232443,0.6537262680646075,0.3025919488608764,0.11450381679389313,6.5045115178507436,2.88999342434421,9.24346055979644,27.46888481342646,3.6544401544401532,3.5359965210275917,0.11844363341256298,65.90330788804071,9.042748091603054,7.293822393822394,3.3687258687258685,36.369884169884166,0.7559999999999999,0.26973232669869596,0.2995249604133678,0.2333729216152019,0.26018967639180485,0.001710863986313088,0.0015060240963855422,0.8823529411764706,0.6142659623374014,0.7690595436839176,9.145038167938932,0.6590330788804071,0.29777261043848463,3.0,10.671814671814673,0.7545090180360722,50.2,0.7416107382550335,0.5170648464163823,8.733333333333333,5.7555555555555555,61.422222222222224,0.4,79.86666666666666,14.354666666666667,0.044444444444444446,0.13333333333333333,0.0,1547.0,34.37777777777778,0.2540400775694893,1.7866839043309632,0.043256997455470736,1.0,0.5777777777777777,0.7333333333333333,1.0888888888888888,2.8222222222222224,0.12468193384223919,0.49606299212598426,2023-2025,False
00-0030431,Robert Woods,WR,HOU,2,2024,2023,1,28,105,60,629,1,1016,199,38,3.1329576067662286,1,7,0,127.6,944,8257,985,702,1113,9830,878,34,29.0,1027.0,1925.0,95.0,1046.0,608.0,376.0,2304.0,1322.0,817.0,105.0,60.0,430.0,199.0,1.0,5.0,38.0,105.0,14.0,5.0,8.0,10.0,34.0,17.0,3.132957606766235,0.4539930555555556,0.02983769149301176,0.13333333333333333,7.07484848484849,2.62286783008432,9.988,14.797241640872102,3.3567499999999995,3.1327231778139,0.22402682218609699,53.3333333333333,9.742857142857142,7.166666666666667,3.3666666666666667,40.0,0.5339047619047619,0.11122881355932203,0.12304711154172218,0.09433962264150944,0.10335707019328585,0.0014245014245014246,0.0011389521640091116,0.8235294117647058,0.2529761984181886,0.6190944881889764,9.676190476190476,0.5714285714285714,0.0298376914930117,7.0,10.483333333333333,0.5335064935064935,35.41379310344828,0.4599092284417549,0.4602203182374541,3.75,2.142857142857143,22.464285714285715,0.03571428571428571,36.285714285714285,4.557142857142857,0.03571428571428571,0.25,0.0,608.0,21.714285714285715,0.17269736842105263,1.0345394736842106,0.047619047619047616,0.5,0.17857142857142858,0.2857142857142857,0.35714285714285715,1.2142857142857142,0.09523809523809523,0.5,2023-2025,False
00-0030506,Travis Kelce,TE,KC,3,2025,2023,1,48,362,266,2658,13,2425,1235,144,109.05451976529675,2,2,0,608.0,1637,11793,1733,1235,1720,12434,1297,51,48.0,2617.0,3234.0,0.0,2666.0,1728.0,770.0,3464.0,2084.0,1110.0,362.0,266.0,1426.0,1232.0,8.0,20.0,143.0,362.0,58.0,26.0,16.0,26.0,78.0,48.0,108.94851976529674,0.7696304849884527,0.3009627617825877,0.16022099447513813,6.158520439416198,3.457162793598956,6.583729281767959,20.953270940264883,4.920300751879701,4.9078284111324795,0.012472340747219203,73.48066298342542,6.619613259668509,5.346240601503759,4.624436090225563,41.6390977443609,0.8125,0.2211362248014661,0.20563045874671415,0.21046511627906977,0.19502975711758083,0.0016194331983805667,0.0015420200462606013,0.9411764705882353,0.475645658324899,1.096082474226804,6.698895027624309,0.7348066298342542,0.3012555794621457,1.0,9.992481203007518,0.8092145949288806,54.520833333333336,0.8291746641074856,0.6936936936936937,7.541666666666667,5.541666666666667,55.375,0.2708333333333333,50.520833333333336,12.666666666666666,0.041666666666666664,0.041666666666666664,0.0,1728.0,36.0,0.20949074074074073,1.5381944444444444,0.055248618784530384,1.2083333333333333,0.5416666666666666,0.3333333333333333,0.5416666666666666,1.625,0.0718232044198895,0.6153846153846154,2023-2025,False
00-0030564,DeAndre Hopkins,WR,BAL,3,2025,2023,3,50,256,153,1997,14,3343,397,98,47.82175812353192,2,9,0,437.6,1438,11922,1494,1358,1457,11797,1401,51,50.0,1625.0,3149.0,1.0,1675.0,1062.0,471.0,4429.0,2374.0,1697.0,256.0,153.0,1600.0,397.0,7.0,6.0,98.0,256.0,32.0,19.0,27.0,55.0,72.0,29.0,47.821758123531865,0.3781892074960488,0.18680374267004635,0.125,5.710447236421135,2.432143327864234,12.955023041474648,36.53827530951801,3.051984732824425,3.317098328574188,-0.26511359574975984,60.36866359447008,12.806640625,10.424183006535948,2.5973856209150323,18.757251908396945,0.5144,0.1780250347705146,0.28040597215232343,0.1757035003431709,0.2833771297787573,0.0014727540500736377,0.0014275517487508922,0.9803921568627451,0.4633217326623983,0.5973676338618008,13.05859375,0.59765625,0.18680374267004657,4.5,13.052287581699346,0.51603683709114,32.5,0.44734625105307496,0.27754861520329993,5.12,3.06,39.94,0.28,66.86,8.752,0.04,0.18,0.0,1062.0,21.24,0.24105461393596986,1.8804143126177024,0.0234375,0.64,0.38,0.54,1.1,1.44,0.21484375,0.4027777777777778,2023-2025,False
00-0030663,Willie Snead,WR,SF,1,2023,2023,1,2,3,2,14,0,18,3,0,-0.5363106988370421,0,0,0,3.4,65,485,67,49,471,4018,499,17,4.0,47.0,246.0,23.0,48.0,24.0,17.0,1089.0,541.0,465.0,3.0,2.0,11.0,3.0,0.0,0.0,,3.0,1.0,0.0,0.0,0.0,1.0,0.0,-0.5363106988370419,0.0440771349862259,-0.17877023294568062,0.3333333333333333,,,,,,,,,6.0,5.5,1.5,,0.185,0.046153846153846156,0.03711340206185567,0.006369426751592357,0.004479840716774514,0.0,0.0,0.11764705882352941,0.0952101506740682,0.7777777777777778,6.0,0.6666666666666666,-0.1787702329456807,,7.0,0.1910569105691057,11.75,0.04436229205175601,0.03655913978494624,1.5,1.0,7.0,0.0,9.0,1.7,0.0,0.0,0.0,24.0,12.0,0.125,0.5833333333333334,0.0,0.5,0.0,0.0,0.0,0.5,0.0,0.0,2023-2025,True
00-0031235,Odell Beckham Jr.,WR,MIA,2,2024,2023,2,22,83,44,620,3,1052,169,30,10.39996340274782,0,0,0,122.0,676,5389,698,663,1044,7800,989,34,23.0,584.0,1544.0,1.0,592.0,403.0,145.0,2320.0,1268.0,883.0,82.0,44.0,451.0,169.0,0.0,4.0,30.0,83.0,15.0,9.0,13.0,15.0,29.0,13.0,10.399963402747844,0.25517241379310346,0.12530076388852823,0.18072289156626506,5.309375,2.67624147329546,14.2384375,22.2687073416892,4.87,3.728633918944,1.141366081056,54.6875,12.457831325301205,10.247727272727273,3.8272727272727276,,0.38762626262626265,0.1227810650887574,0.19521246984598256,0.07950191570881227,0.13487179487179488,0.0,0.0,0.6470588235294118,0.3208203265253239,0.5893536121673004,12.674698795180722,0.5301204819277109,0.12530076388852796,,14.090909090909092,0.37823834196891193,25.391304347826086,0.31782334384858046,0.16421291053227632,3.772727272727273,2.0,28.181818181818183,0.13636363636363635,47.81818181818182,5.545454545454546,0.0,0.0,0.0,403.0,18.318181818181817,0.20595533498759305,1.5384615384615385,0.04878048780487805,0.6818181818181818,0.4090909090909091,0.5909090909090909,0.6818181818181818,1.3181818181818181,0.18072289156626506,0.4482758620689655,2023-2025,False
00-0031236,Brandin Cooks,WR,NO,3,2025,2023,2,39,171,104,1195,11,2219,223,71,40.73918968501071,8,32,0,294.7,1309,10515,1342,1057,1792,14267,1332,51,41.0,1817.0,2754.0,1.0,1903.0,1199.0,576.0,4728.0,2635.0,1725.0,171.0,104.0,972.0,223.0,0.0,7.0,71.0,171.0,21.0,15.0,24.0,37.0,59.0,29.0,39.68618968501063,0.40249576988155666,0.23208298061409727,0.12280701754385964,6.230676304827252,2.4438061289346136,13.05000648148148,19.24310675063582,2.402249999999998,2.6923540767990213,-0.2901040767990241,59.2592592592593,12.957894736842107,9.351923076923077,2.1346153846153846,,0.6615213675213675,0.1306340718105424,0.21103185924869233,0.09542410714285714,0.155533749211467,0.007568590350047304,0.006006006006006006,0.7647058823529411,0.3436734091898982,0.5385308697611537,12.976608187134502,0.6081871345029239,0.2382408753509398,4.0,11.490384615384615,0.6597676107480029,44.31707317073171,0.45502846299810246,0.3339130434782609,4.384615384615385,2.6666666666666665,30.641025641025642,0.28205128205128205,56.8974358974359,7.556410256410256,0.20512820512820512,0.8205128205128205,0.0,1199.0,30.743589743589745,0.14261884904086738,0.9966638865721434,0.04093567251461988,0.5384615384615384,0.38461538461538464,0.6153846153846154,0.9487179487179487,1.5128205128205128,0.21637426900584794,0.4915254237288136,2023-2025,False
00-0031260,Logan Thomas,TE,WAS,1,2023,2023,1,16,78,55,496,4,471,229,21,-4.838877230034654,1,2,0,126.8,572,4562,607,346,601,4767,359,17,16.0,732.0,1053.0,1.0,749.0,538.0,165.0,1132.0,737.0,326.0,78.0,55.0,267.0,229.0,1.0,2.0,21.0,78.0,9.0,6.0,8.0,4.0,17.0,7.0,-5.891877230034597,0.661660777385159,-0.07553688756454612,0.11538461538461539,6.41725806451613,3.27743687405654,6.29666666666667,11.0273877255929,4.36454545454546,3.9465727722914,0.417972682254054,70.5128205128205,6.1,4.9,4.2,55.0,0.691875,0.13636363636363635,0.10324419114423498,0.129783693843594,0.0988042794210195,0.002890173410404624,0.002785515320334262,0.9411764705882353,0.27681638834641903,1.0530785562632696,6.038461538461538,0.7051282051282052,-0.06203688756454684,2.0,9.018181818181818,0.6951566951566952,45.75,0.7299864314789688,0.5061349693251533,4.875,3.4375,31.0,0.25,29.4375,7.925,0.0625,0.125,0.0,538.0,33.625,0.1449814126394052,0.9219330855018587,0.02564102564102564,0.5625,0.375,0.5,0.25,1.0625,0.05128205128205128,0.4117647058823529,2023-2025,True
00-0031299,Jordan Matthews,TE,CAR,1,2024,2024,1,2,1,0,0,0,16,0,0,-0.581935274414718,0,0,0,0.0,53,590,57,43,518,4464,410,17,3.0,26.0,220.0,61.0,27.0,13.0,10.0,1080.0,628.0,362.0,1.0,0.0,0.0,0.0,0.0,0.0,0.0,1.0,0.0,0.0,0.0,0.0,0.0,0.0,-0.5819352744147182,0.025,-0.5819352744147182,0.0,,,,,,,,,16.0,,,,0.115,0.018867924528301886,0.02711864406779661,0.0019305019305019305,0.0035842293906810036,0.0,0.0,0.11764705882352941,0.04728493763991046,0.0,16.0,0.0,-0.581935274414718,,,0.11818181818181818,8.666666666666666,0.020700636942675158,0.027624309392265192,0.5,0.0,0.0,0.0,8.0,0.0,0.0,0.0,0.0,13.0,6.5,0.07692307692307693,0.0,0.0,0.0,0.0,0.0,0.0,0.0,0.0,,2023-2025,True
00-0031381,Davante Adams,WR,LA,3,2025,2023,3,45,430,248,2996,30,4512,926,159,61.246905118175505,0,0,0,729.5999999999999,1469,11615,1521,1072,1701,13828,1241,51,45.0,2390.0,2812.0,6.0,2438.0,1509.0,792.0,4474.0,2604.0,1547.0,430.0,248.0,2070.0,926.0,9.0,19.0,159.0,430.0,88.0,54.0,53.0,68.0,104.0,42.0,60.193905118175564,0.5449262405006705,0.13998582585622224,0.20465116279069767,5.297032283665876,2.6773088003497443,10.565023255813948,35.80337391520886,3.9184677419354825,3.5729603289022775,0.3455074130332062,57.67441860465117,10.465348837209302,8.314112903225807,3.7737903225806444,33.68617021276596,0.8557777777777777,0.292716133424098,0.3884631941455015,0.25279247501469726,0.3262944749783049,0.0,0.0,0.8823529411764706,0.7109984360379982,0.6640070921985816,10.493023255813954,0.5767441860465117,0.14243466306552444,,12.080645161290322,0.8499288762446657,53.111111111111114,0.5794930875576036,0.5119586296056884,9.555555555555555,5.511111111111111,66.57777777777778,0.6666666666666666,100.26666666666667,16.21333333333333,0.0,0.0,0.0,1509.0,33.53333333333333,0.2849569251159708,1.9854208084824387,0.044186046511627906,1.9555555555555555,1.2,1.1777777777777778,1.511111111111111,2.311111111111111,0.15813953488372093,0.40384615384615385,2023-2025,False
00-0031408,Mike Evans,WR,TB,3,2025,2023,1,39,308,183,2627,27,4004,585,130,97.88043596687365,0,0,0,607.7,1275,10532,1304,1066,1654,13337,1394,51,39.0,1891.0,2602.0,2.0,1936.0,1182.0,619.0,3464.0,1940.0,1260.0,308.0,183.0,2042.0,585.0,4.0,13.0,130.0,308.0,40.0,23.0,45.0,68.0,86.0,36.0,98.82743596687364,0.558891454965358,0.32086829859374555,0.12987012987012986,6.336185982052713,2.3232244845536507,13.325519480519473,34.28642363494588,3.609234972677597,3.0201971861986805,0.5890377864789139,59.41558441558446,13.001948051948052,11.143169398907103,3.2202185792349725,38.290849673202615,0.7343589743589743,0.2415686274509804,0.3801747056589442,0.18621523579201935,0.3002174402039439,0.0,0.0,0.7647058823529411,0.6284752351377315,0.656093906093906,13.0,0.5941558441558441,0.3177936232690703,,14.3551912568306,0.7267486548808608,48.48717948717949,0.6092783505154639,0.49126984126984125,7.897435897435898,4.6923076923076925,67.35897435897436,0.6923076923076923,102.66666666666667,15.582051282051284,0.0,0.0,0.0,1182.0,30.307692307692307,0.26057529610829105,2.2225042301184432,0.04220779220779221,1.0256410256410255,0.5897435897435898,1.1538461538461537,1.7435897435897436,2.2051282051282053,0.22077922077922077,0.4186046511627907,2023-2025,False
00-0031428,Allen Robinson,WR,DET,2,2024,2023,2,21,56,37,310,0,421,72,12,-3.2345684558598258,0,0,0,68.0,624,4699,653,588,1006,7272,1021,34,29.0,862.0,1893.0,4.0,870.0,445.0,375.0,2256.0,1163.0,955.0,56.0,37.0,238.0,72.0,0.0,1.0,12.0,56.0,4.0,3.0,2.0,2.0,19.0,7.0,-3.234568455859824,0.38563829787234044,-0.05776015099749686,0.07142857142857142,6.69127659574468,2.57204383071955,7.605,10.0253214617239,2.18,2.30266203947526,-0.122662039475264,68.75,7.5625,6.402702702702703,1.9432432432432434,,0.5506722689075632,0.08974358974358974,0.08959353053841243,0.055666003976143144,0.057893289328932895,0.0,0.0,0.6176470588235294,0.1973308559922733,0.7363420427553444,7.517857142857143,0.6607142857142857,-0.05776015099749689,,8.378378378378379,0.45536185948230323,29.724137931034484,0.3826311263972485,0.39267015706806285,2.6666666666666665,1.7619047619047619,14.761904761904763,0.0,20.047619047619047,3.238095238095238,0.0,0.0,0.0,445.0,21.19047619047619,0.1258426966292135,0.6966292134831461,0.017857142857142856,0.19047619047619047,0.14285714285714285,0.09523809523809523,0.09523809523809523,0.9047619047619048,0.03571428571428571,0.3684210526315789,2023-2025,False
00-0031484,Chris Manhertz,TE,NYG,3,2025,2023,2,19,10,6,53,1,38,35,3,2.220323657500554,0,0,0,17.3,542,4185,564,516,1534,12246,1386,51,50.0,917.0,3286.0,469.0,947.0,317.0,556.0,3466.0,1899.0,1258.0,10.0,6.0,18.0,35.0,0.0,0.0,3.0,10.0,3.0,1.0,2.0,0.0,0.0,0.0,2.2203236575005576,0.27322562031159836,0.22203236575005575,0.3,,,,,,,,,3.8200000000000003,3.016666666666667,5.816666666666666,,0.3013196594427245,0.01845018450184502,0.00908004778972521,0.00651890482398957,0.003103054058468071,0.0,0.0,0.37254901960784315,0.03403131020557518,1.394736842105263,3.8,0.6,0.22203236575005542,,8.833333333333334,0.2790626902008521,18.34,0.16692996313849395,0.4419713831478537,0.5263157894736842,0.3157894736842105,2.789473684210526,0.05263157894736842,2.0,0.9105263157894737,0.0,0.0,0.0,317.0,16.68421052631579,0.031545741324921134,0.167192429022082,0.0,0.15789473684210525,0.05263157894736842,0.10526315789473684,0.0,0.0,0.0,,2023-2025,False
00-0031544,Amari Cooper,WR,BUF,2,2024,2023,2,28,213,116,1797,9,2995,382,75,53.00430786562742,0,0,0,349.7,948,8264,988,804,1092,9561,1009,34,29.0,1470.0,2041.0,2.0,1500.0,915.0,485.0,3601.0,2044.0,1289.0,213.0,116.0,1415.0,382.0,3.0,19.0,75.0,213.0,19.0,7.0,12.0,49.0,55.0,21.0,52.8983078656274,0.41655095806720355,0.24834886321890798,0.0892018779342723,5.648810122959983,2.340763518459082,13.531784037558682,29.870390549080604,3.760431034482762,2.92058718849557,0.8398438459871894,54.46009389671363,13.5018779342723,12.196551724137931,3.3068965517241375,39.03448275862069,0.7156887755102043,0.22468354430379747,0.3624152952565344,0.19505494505494506,0.31325175190879617,0.0,0.0,0.8235294117647058,0.5907160231352703,0.6,14.061032863849766,0.5446009389671361,0.24884651580106767,,15.491379310344827,0.720235178833905,50.689655172413794,0.44765166340508805,0.3762606671838635,7.607142857142857,4.142857142857143,64.17857142857143,0.32142857142857145,106.96428571428571,12.489285714285714,0.0,0.0,0.0,915.0,32.67857142857143,0.23278688524590163,1.9639344262295082,0.0892018779342723,0.6785714285714286,0.25,0.42857142857142855,1.75,1.9642857142857142,0.2300469483568075,0.38181818181818183,2023-2025,False
00-0031547,DeVante Parker,WR,NE,1,2023,2023,1,13,55,33,394,0,640,126,17,1.0191893047730542,0,0,0,72.4,392,2997,404,313,541,4096,415,17,13.0,581.0,781.0,0.0,594.0,347.0,213.0,1077.0,627.0,396.0,55.0,33.0,268.0,126.0,2.0,3.0,17.0,55.0,0.0,0.0,1.0,13.0,17.0,6.0,1.0191893047730458,0.5515320334261838,0.018530714632237197,0.0,5.84127272727273,1.99436596065541,10.968363636363602,15.3547375547874,4.20333333333333,3.8823952726651196,0.320938060668215,60.0,11.6,8.1,3.8,16.5,0.7338461538461538,0.14030612244897958,0.21354688021354687,0.10166358595194085,0.15625,0.0,0.0,0.7647058823529411,0.35994199982295216,0.615625,11.636363636363637,0.6,0.01853071463223735,,11.93939393939394,0.7439180537772087,44.69230769230769,0.5534290271132376,0.5378787878787878,4.230769230769231,2.5384615384615383,30.307692307692307,0.0,49.23076923076923,5.56923076923077,0.0,0.0,0.0,347.0,26.692307692307693,0.1585014409221902,1.1354466858789625,0.05454545454545454,0.0,0.0,0.07692307692307693,1.0,1.3076923076923077,0.23636363636363636,0.35294117647058826,2023-2025,True
00-0031549,Nelson Agholor,WR,BAL,2,2024,2023,1,29,74,49,612,6,805,226,29,24.961274537367636,0,0,0,146.2,822,7217,855,910,933,8251,1095,34,31.0,1002.0,2041.0,5.0,1019.0,557.0,385.0,2293.0,1151.0,968.0,74.0,49.0,386.0,226.0,3.0,6.0,29.0,74.0,9.0,3.0,7.0,13.0,21.0,9.0,24.96127453736763,0.4443959877889228,0.3373145207752382,0.12162162162162163,6.395348837209301,3.5799465724612394,9.39,10.3259687545056,4.26,4.30746491685002,-0.0474649168500179,77.7777777777778,10.906756756756758,7.9,4.6,16.5,0.4921472037090698,0.09002433090024331,0.11154219204655674,0.07931404072883172,0.09756393164464913,0.0,0.0,0.8529411764705882,0.21311603078295469,0.760248447204969,10.878378378378379,0.6621621621621622,0.3373145207752383,,12.489795918367347,0.49093581577658013,32.32258064516129,0.48392701998262383,0.3977272727272727,2.5517241379310347,1.6896551724137931,21.103448275862068,0.20689655172413793,27.75862068965517,5.041379310344827,0.0,0.0,0.0,557.0,19.20689655172414,0.13285457809694792,1.0987432675044884,0.08108108108108109,0.3103448275862069,0.10344827586206896,0.2413793103448276,0.4482758620689655,0.7241379310344828,0.17567567567567569,0.42857142857142855,2023-2025,False
00-0031585,MyCole Pruitt,TE,PIT,2,2024,2023,2,17,22,15,150,2,95,67,8,0.2354888188402331,0,0,0,42.0,511,4527,540,519,968,8291,1055,34,29.0,673.0,1918.0,137.0,691.0,231.0,404.0,2314.0,1188.0,964.0,22.0,15.0,83.0,67.0,1.0,0.0,8.0,22.0,5.0,3.0,4.0,1.0,4.0,3.0,0.23548881884022776,0.2986171132238548,0.010704037220010353,0.22727272727272727,,,,,,,,,4.0636363636363635,5.5600000000000005,4.5,9.0,0.3476153402537485,0.043052837573385516,0.020985199911641262,0.022727272727272728,0.011458207695091063,0.0,0.0,0.5,0.07926889629822716,1.5789473684210527,4.318181818181818,0.6818181818181818,0.010704037220010594,,10.0,0.35088633993743484,23.20689655172414,0.19444444444444445,0.4190871369294606,1.2941176470588236,0.8823529411764706,8.823529411764707,0.11764705882352941,5.588235294117647,2.4705882352941178,0.0,0.0,0.0,231.0,13.588235294117647,0.09523809523809523,0.6493506493506493,0.0,0.29411764705882354,0.17647058823529413,0.23529411764705882,0.058823529411764705,0.23529411764705882,0.045454545454545456,0.75,2023-2025,False
00-0031588,Stefon Diggs,WR,NE,3,2025,2023,3,42,326,239,2692,15,3085,938,140,127.73553807540512,4,13,1,606.02,1295,11687,1361,1226,1574,14287,1440,51,42.0,1967.0,2810.0,8.0,2003.0,1276.0,604.0,3449.0,1927.0,1248.0,326.0,239.0,1754.0,938.0,16.0,14.0,140.0,326.0,33.0,16.0,16.0,44.0,82.0,39.0,126.68253807540515,0.5807480429109887,0.38859674256259247,0.10122699386503067,6.1105571605551035,2.9181089440624635,9.338251533742332,25.547929099601514,4.144937238493723,3.6790865987906245,0.46585063970310037,73.3128834355828,9.422699386503067,7.340167364016736,3.9171548117154815,22.545188284518826,0.695952380952381,0.2517374517374517,0.2639685120219047,0.2071156289707751,0.2159305662490376,0.0032626427406199023,0.002777777777777778,0.8235294117647058,0.5623841360215108,0.8726094003241491,9.463190184049079,0.7331288343558282,0.39182680391228564,3.25,11.263598326359833,0.7,46.833333333333336,0.6621691748832382,0.483974358974359,7.761904761904762,5.690476190476191,64.0952380952381,0.35714285714285715,73.45238095238095,14.42904761904762,0.09523809523809523,0.30952380952380953,0.023809523809523808,1276.0,30.38095238095238,0.2554858934169279,2.109717868338558,0.04294478527607362,0.7857142857142857,0.38095238095238093,0.38095238095238093,1.0476190476190477,1.9523809523809523,0.13496932515337423,0.47560975609756095,2023-2025,False
00-0031610,Darren Waller,TE,MIA,2,2025,2023,2,21,108,76,835,7,951,284,44,43.55689690400933,1,4,0,201.9,597,4587,639,569,947,7148,886,34,21.0,800.0,1338.0,2.0,819.0,531.0,232.0,2133.0,1201.0,793.0,108.0,76.0,551.0,284.0,0.0,3.0,44.0,108.0,11.0,6.0,9.0,12.0,30.0,18.0,44.50389690400935,0.38396624472573837,0.41207311948156805,0.10185185185185185,6.26183333333333,2.9436626817807,7.64945945945946,15.9209101520201,4.31846153846154,4.53878268018409,-0.220321141722548,70.2702702702703,8.818518518518518,7.294736842105263,3.7526315789473683,,0.5876190476190476,0.18090452261306533,0.20732504905166776,0.11404435058078141,0.13304420817011753,0.0017574692442882249,0.001128668171557562,0.6176470588235294,0.41648431825576543,0.8780231335436383,8.805555555555555,0.7037037037037037,0.4033046009630493,4.0,10.986842105263158,0.5979073243647235,38.095238095238095,0.4421315570358035,0.29255989911727615,5.142857142857143,3.619047619047619,39.76190476190476,0.3333333333333333,45.285714285714285,9.614285714285714,0.047619047619047616,0.19047619047619047,0.0,531.0,25.285714285714285,0.2033898305084746,1.5725047080979284,0.027777777777777776,0.5238095238095238,0.2857142857142857,0.42857142857142855,0.5714285714285714,1.4285714285714286,0.1111111111111111,0.6,2023-2025,False
00-0031690,Eric Tomlinson,TE,LAC,1,2024,2024,1,5,4,2,9,0,8,12,0,-1.827133686516777,0,0,0,2.9,137,1155,144,145,491,4363,463,17,9.0,133.0,547.0,85.0,140.0,44.0,75.0,1097.0,587.0,416.0,4.0,2.0,-3.0,12.0,1.0,1.0,0.0,4.0,1.0,1.0,0.0,0.0,1.0,0.0,-1.827133686516776,0.1276207839562443,-0.456783421629194,0.25,,,,,,,,,2.0,-1.5,6.0,2.0,0.23111111111111113,0.029197080291970802,0.006926406926406926,0.008146639511201629,0.0018336007334402934,0.0,0.0,0.29411764705882354,0.04864410528644106,1.125,2.0,0.5,-0.4567834216291943,,4.5,0.24314442413162707,14.777777777777779,0.07495741056218058,0.18028846153846154,0.8,0.4,1.8,0.0,1.6,0.58,0.0,0.0,0.0,44.0,8.8,0.09090909090909091,0.20454545454545456,0.25,0.2,0.2,0.0,0.0,0.2,0.0,0.0,2023-2025,True
00-0031763,DeAndre Carter,WR,CHI,2,2024,2023,2,30,21,13,111,0,159,82,3,-6.647269751683159,3,18,0,25.9,939,7885,993,749,1057,8815,844,34,25.0,239.0,1928.0,269.0,251.0,137.0,84.0,2249.0,1296.0,773.0,21.0,13.0,29.0,82.0,2.0,1.0,3.0,21.0,4.0,2.0,1.0,3.0,11.0,2.0,-6.647269751683148,0.11160515784793242,-0.3165366548420547,0.19047619047619047,,,,,,,,,7.6,2.184615384615385,6.338461538461539,4.5,0.11733333333333332,0.022364217252396165,0.020164870006341155,0.019867549668874173,0.01803743618831537,0.004005340453938585,0.0035545023696682463,0.8823529411764706,0.047661734883033054,0.6981132075471698,7.571428571428571,0.6190476190476191,-0.3165366548420552,6.0,8.538461538461538,0.12396265560165975,9.56,0.10570987654320987,0.10866752910737387,0.7,0.43333333333333335,3.7,0.0,5.3,0.8633333333333333,0.1,0.6,0.0,137.0,4.566666666666666,0.15328467153284672,0.8102189781021898,0.047619047619047616,0.13333333333333333,0.06666666666666667,0.03333333333333333,0.1,0.36666666666666664,0.14285714285714285,0.18181818181818182,2023-2025,False
00-0031868,Damiere Byrd,WR,ATL,1,2023,2023,1,1,2,0,0,0,45,0,0,-6.79315520613454,0,0,0,0.0,34,391,38,28,508,4345,522,17,1.0,19.0,69.0,0.0,19.0,12.0,7.0,1156.0,602.0,479.0,2.0,0.0,0.0,0.0,0.0,0.0,,2.0,0.0,0.0,0.0,1.0,0.0,0.0,-6.793155206134543,0.01643598615916955,-3.3965776030672714,0.0,,,,,,,,,22.5,,,,0.28,0.058823529411764705,0.11508951406649616,0.003937007874015748,0.010356731875719217,0.0,0.0,0.058823529411764705,0.16879795396419436,0.0,22.5,0.0,-3.39657760306727,,,0.2753623188405797,19.0,0.019933554817275746,0.014613778705636743,2.0,0.0,0.0,0.0,45.0,0.0,0.0,0.0,0.0,12.0,12.0,0.16666666666666666,0.0,0.0,0.0,0.0,0.0,1.0,0.0,0.5,,2023-2025,True
00-0031941,Jamison Crowder,WR,WAS,2,2024,2023,1,21,33,25,231,3,230,91,12,7.3945926240648525,0,0,0,66.1,728,5789,768,489,1105,8759,885,34,18.0,257.0,1512.0,81.0,266.0,177.0,70.0,2317.0,1389.0,776.0,33.0,25.0,140.0,91.0,2.0,1.0,12.0,33.0,4.0,2.0,4.0,1.0,14.0,5.0,7.394592624064868,0.1148036253776435,0.22407856436560206,0.12121212121212122,,,,,,,,,6.966666666666667,5.584,3.6319999999999997,8.0,0.15719887955182074,0.04532967032967033,0.03973052340646053,0.02986425339366516,0.026258705331658864,0.0,0.0,0.6176470588235294,0.09580587187902787,1.0043478260869565,6.96969696969697,0.7575757575757576,0.22407856436560158,,9.24,0.16997354497354497,14.277777777777779,0.12742980561555076,0.09020618556701031,1.5714285714285714,1.1904761904761905,11.0,0.14285714285714285,10.952380952380953,3.1476190476190475,0.0,0.0,0.0,177.0,8.428571428571429,0.1864406779661017,1.305084745762712,0.030303030303030304,0.19047619047619047,0.09523809523809523,0.19047619047619047,0.047619047619047616,0.6666666666666666,0.030303030303030304,0.35714285714285715,2023-2025,False
00-0032062,Blake Bell,TE,KC,1,2023,2023,1,7,9,5,26,1,30,19,1,-12.218715450319,0,0,0,11.6,249,1808,265,158,599,4095,417,17,17.0,251.0,1130.0,87.0,257.0,92.0,125.0,1155.0,715.0,346.0,9.0,5.0,7.0,19.0,0.0,1.0,1.0,9.0,1.0,1.0,1.0,0.0,1.0,0.0,-12.218715450318996,0.22251082251082252,-1.357635050035444,0.1111111111111111,,,,,,,,,3.3,1.4,3.8,,0.22764705882352945,0.03614457831325301,0.016592920353982302,0.015025041736227046,0.007326007326007326,0.0,0.0,0.4117647058823529,0.06583191171766713,0.8666666666666667,3.3333333333333335,0.5555555555555556,-1.3576350500354444,,5.2,0.22212389380530972,14.764705882352942,0.12867132867132866,0.36127167630057805,1.2857142857142858,0.7142857142857143,3.7142857142857144,0.14285714285714285,4.285714285714286,1.657142857142857,0.0,0.0,0.0,92.0,13.142857142857142,0.09782608695652174,0.2826086956521739,0.1111111111111111,0.14285714285714285,0.14285714285714285,0.14285714285714285,0.0,0.14285714285714285,0.0,0.0,2023-2025,True
00-0032128,Chris Conley,WR,SF,2,2024,2023,1,10,18,9,145,0,281,47,5,-0.5561060062027523,0,0,0,23.5,294,2763,306,269,984,8546,956,34,23.0,349.0,1457.0,290.0,357.0,167.0,164.0,2194.0,1153.0,886.0,18.0,9.0,98.0,47.0,0.0,0.0,5.0,18.0,2.0,2.0,2.0,5.0,3.0,1.0,-0.5561060062027536,0.1627164995442115,-0.0308947781223752,0.1111111111111111,,,,,,,,,15.700000000000001,10.899999999999999,5.233333333333334,,0.2351,0.061224489795918366,0.10170104958378574,0.018292682926829267,0.032880879943833374,0.0,0.0,0.29411764705882354,0.16302746940252755,0.5160142348754448,15.61111111111111,0.5,-0.03089477812237513,,16.11111111111111,0.23953328757721346,15.173913043478262,0.1448395490026019,0.18510158013544017,1.8,0.9,14.5,0.0,28.1,2.35,0.0,0.0,0.0,167.0,16.7,0.10778443113772455,0.8682634730538922,0.0,0.2,0.2,0.2,0.5,0.3,0.2777777777777778,0.3333333333333333,2023-2025,False
00-0032134,C.J. Uzomah,TE,NYJ,1,2023,2023,1,8,12,8,58,1,64,33,5,-3.3890369992295755,0,0,0,19.8,273,2147,289,172,563,4000,388,17,12.0,239.0,747.0,148.0,248.0,125.0,104.0,1140.0,695.0,357.0,12.0,8.0,25.0,33.0,2.0,1.0,5.0,12.0,4.0,2.0,3.0,0.0,0.0,0.0,-3.3890369992295746,0.21754385964912282,-0.2824197499357979,0.3333333333333333,,,,,,,,,5.3,3.1,4.1,4.0,0.32166666666666666,0.04395604395604396,0.029809035863996275,0.021314387211367674,0.016,0.0,0.0,0.47058823529411764,0.08680039103886333,0.90625,5.333333333333333,0.6666666666666666,-0.28241974993579794,,7.25,0.31994645247657294,19.916666666666668,0.17985611510791366,0.2913165266106443,1.5,1.0,7.25,0.125,8.0,2.475,0.0,0.0,0.0,125.0,15.625,0.096,0.464,0.08333333333333333,0.5,0.25,0.375,0.0,0.0,0.0,,2023-2025,True
00-0032141,Geoff Swaim,TE,CLE,2,2024,2023,2,11,12,11,101,0,62,35,4,6.952659480186407,0,0,0,21.099999999999998,381,3189,392,275,1174,9325,862,34,22.0,477.0,1476.0,247.0,497.0,207.0,244.0,2379.0,1404.0,802.0,12.0,11.0,66.0,35.0,0.0,0.0,4.0,12.0,2.0,0.0,0.0,1.0,0.0,0.0,6.952659480186412,0.208911307271963,0.5793882900155344,0.16666666666666666,,,,,,,,,5.208333333333333,6.0,3.1818181818181817,,0.3406818181818182,0.031496062992125984,0.019441831295076827,0.010221465076660987,0.006648793565683646,0.0,0.0,0.3235294117647059,0.06085337639474275,1.6290322580645162,5.166666666666667,0.9166666666666666,0.5793882900155339,,9.181818181818182,0.3231707317073171,21.681818181818183,0.14743589743589744,0.30423940149625933,1.0909090909090908,1.0,9.181818181818182,0.0,5.636363636363637,1.918181818181818,0.0,0.0,0.0,207.0,18.818181818181817,0.057971014492753624,0.48792270531400966,0.0,0.18181818181818182,0.0,0.0,0.09090909090909091,0.0,0.08333333333333333,,2023-2025,False
00-0032200,Ty Montgomery,WR,NE,1,2023,2023,1,11,12,5,40,0,90,27,3,-8.515426965081135,3,9,0,9.9,367,2885,377,286,541,4096,415,17,10.0,42.0,830.0,198.0,45.0,32.0,10.0,1077.0,627.0,396.0,12.0,5.0,13.0,27.0,0.0,2.0,3.0,12.0,2.0,0.0,0.0,3.0,1.0,0.0,-8.515426965081133,0.04178272980501393,-0.7096189137567611,0.16666666666666666,,,,,,,,,6.8,2.6,5.4,,0.05384615384615385,0.0326975476839237,0.03119584055459272,0.022181146025878003,0.02197265625,0.01048951048951049,0.007228915662650603,0.6470588235294118,0.07088340991410046,0.4444444444444444,7.5,0.4166666666666667,-0.7096189137567612,3.0,8.0,0.05060240963855422,4.2,0.051036682615629984,0.025252525252525252,1.0909090909090908,0.45454545454545453,3.6363636363636362,0.0,8.181818181818182,0.9,0.2727272727272727,0.8181818181818182,0.0,32.0,2.909090909090909,0.375,1.25,0.16666666666666666,0.18181818181818182,0.0,0.0,0.2727272727272727,0.09090909090909091,0.25,0.0,2023-2025,True
00-0032208,Phillip Dorsett,WR,DEN,1,2023,2023,1,2,3,0,0,0,78,0,0,-1.748801541980356,0,0,0,0.0,62,379,66,55,477,3754,451,17,2.0,34.0,133.0,0.0,35.0,21.0,13.0,1100.0,603.0,407.0,3.0,0.0,0.0,0.0,0.0,0.0,,3.0,0.0,0.0,0.0,2.0,0.0,0.0,-1.748801541980356,0.031818181818181815,-0.5829338473267853,0.0,,,,,,,,,26.0,,,,0.25,0.04838709677419355,0.20580474934036938,0.006289308176100629,0.02077783697389451,0.0,0.0,0.11764705882352941,0.21664396969954888,0.0,26.0,0.0,-0.5829338473267853,,,0.2556390977443609,17.0,0.03482587064676617,0.03194103194103194,1.5,0.0,0.0,0.0,39.0,0.0,0.0,0.0,0.0,21.0,10.5,0.14285714285714285,0.0,0.0,0.0,0.0,0.0,1.0,0.0,0.6666666666666666,,2023-2025,True
00-0032211,Tyler Lockett,WR,LV,3,2025,2023,2,51,251,160,1785,8,2531,423,97,45.04022174603128,0,0,0,390.5,1627,11831,1715,1103,1610,11443,1134,51,51.0,2102.0,3153.0,2.0,2153.0,1471.0,505.0,4317.0,2554.0,1415.0,251.0,160.0,1362.0,423.0,3.0,12.0,97.0,251.0,25.0,13.0,24.0,34.0,90.0,39.0,43.88122174603129,0.4987259671067871,0.174825584645543,0.099601593625498,6.545272514898933,2.7637739133339245,10.510318725099609,24.248304989920648,2.8246875000000005,3.426740946018003,-0.6020534460180056,63.745019920318754,10.069322709163346,8.525,2.66,60.4125,0.6633333333333333,0.15427166564228642,0.21392950722677712,0.15590062111801242,0.22118325613912435,0.0,0.0,1.0,0.3811581535221736,0.705254839984196,10.08366533864542,0.6374501992031872,0.17944311452602102,,11.15625,0.6666666666666666,41.21568627450981,0.5759592795614722,0.3568904593639576,4.921568627450981,3.1372549019607843,35.0,0.1568627450980392,49.627450980392155,7.6568627450980395,0.0,0.0,0.0,1471.0,28.84313725490196,0.17063222297756628,1.2134602311352822,0.04780876494023904,0.49019607843137253,0.2549019607843137,0.47058823529411764,0.6666666666666666,1.7647058823529411,0.13545816733067728,0.43333333333333335,2023-2025,False
00-0032385,Sterling Shepard,WR,TB,3,2025,2023,2,36,126,81,762,3,1086,281,38,1.6537348063940045,13,94,0,184.6,1168,9194,1204,989,1589,12258,1409,51,42.0,1146.0,2793.0,7.0,1173.0,792.0,297.0,3459.0,1967.0,1251.0,126.0,81.0,481.0,281.0,3.0,7.0,38.0,126.0,20.0,9.0,13.0,12.0,34.0,13.0,1.5477348063940148,0.3391153512575889,0.012283609574555673,0.15873015873015872,6.458442254860524,3.156870026178616,9.140961538461536,11.653856781085539,3.4570422535211276,3.57848471391154,-0.12144246039041362,68.2692307692308,8.614285714285716,5.924691358024691,3.461728395061728,25.133802816901408,0.4374206349206349,0.10787671232876712,0.11812051337829019,0.07929515418502203,0.08859520313264807,0.01314459049544995,0.009226401703335699,0.7058823529411765,0.2444994278579538,0.7016574585635359,8.619047619047619,0.6428571428571429,0.013124879415825432,7.230769230769231,9.407407407407407,0.4103114930182599,27.285714285714285,0.40264361972547025,0.23741007194244604,3.5,2.25,21.166666666666668,0.08333333333333333,30.166666666666668,5.127777777777777,0.3611111111111111,2.611111111111111,0.0,792.0,22.0,0.1590909090909091,0.9621212121212122,0.05555555555555555,0.5555555555555556,0.25,0.3611111111111111,0.3333333333333333,0.9444444444444444,0.09523809523809523,0.38235294117647056,2023-2025,False
00-0032392,Austin Hooper,TE,NE,3,2025,2023,2,46,116,91,973,5,750,453,50,39.91514449925053,0,0,0,216.3,1356,11182,1426,1231,1513,12739,1353,51,50.0,1644.0,3166.0,148.0,1680.0,849.0,687.0,3319.0,1858.0,1196.0,116.0,91.0,520.0,453.0,5.0,2.0,50.0,116.0,17.0,5.0,5.0,7.0,14.0,8.0,40.86214449925055,0.5061765592045797,0.35225986637284956,0.14655172413793102,5.45024390243902,3.5035941726597204,6.79237288135593,10.7800361531343,4.92355555555556,3.65749605109632,1.26605950445924,76.271186440678,6.067241379310345,5.724175824175824,4.984615384615385,14.107142857142858,0.5167135549872122,0.0855457227138643,0.0670720801287784,0.07666886979510905,0.05887432294528613,0.0,0.0,0.9019607843137255,0.17526904016094133,1.2973333333333332,6.4655172413793105,0.7844827586206896,0.3440960732694011,,10.692307692307692,0.5192672141503475,32.88,0.45694294940796554,0.5744147157190636,2.5217391304347827,1.9782608695652173,21.152173913043477,0.10869565217391304,16.304347826086957,4.702173913043478,0.0,0.0,0.0,849.0,18.456521739130434,0.13663133097762073,1.1460541813898704,0.017241379310344827,0.3695652173913043,0.10869565217391304,0.10869565217391304,0.15217391304347827,0.30434782608695654,0.0603448275862069,0.5714285714285714,2023-2025,False
00-0032394,Nick Vannett,TE,TEN,2,2024,2023,2,13,21,18,138,3,25,110,8,1.996537074854135,0,0,0,49.8,424,3563,444,341,1121,9008,881,34,25.0,524.0,1640.0,239.0,530.0,184.0,318.0,2300.0,1330.0,811.0,21.0,18.0,28.0,110.0,0.0,0.0,8.0,21.0,5.0,4.0,2.0,0.0,2.0,1.0,1.9965370748541318,0.23043478260869565,0.09507319404067294,0.23809523809523808,,,,,,,,,1.1904761904761905,1.5833333333333333,6.138888888888889,,0.35025452488687786,0.049528301886792456,0.0070165590794274485,0.01873327386262266,0.002775310834813499,0.0,0.0,0.38235294117647056,0.07920404418578789,5.52,1.1904761904761905,0.8571428571428571,0.09507319404067309,,7.666666666666667,0.3195121951219512,20.96,0.13834586466165413,0.3921085080147966,1.6153846153846154,1.3846153846153846,10.615384615384615,0.23076923076923078,1.9230769230769231,3.8307692307692305,0.0,0.0,0.0,184.0,14.153846153846153,0.11413043478260869,0.75,0.0,0.38461538461538464,0.3076923076923077,0.15384615384615385,0.0,0.15384615384615385,0.0,0.5,2023-2025,False
00-0032398,Chris Moore,WR,WAS,2,2025,2023,2,25,58,33,631,1,973,110,26,30.551946400540228,3,48,0,106.9,659,6312,690,661,910,8567,928,34,31.0,1025.0,1922.0,165.0,1059.0,531.0,423.0,2178.0,1143.0,827.0,58.0,33.0,521.0,110.0,1.0,5.0,26.0,58.0,3.0,0.0,3.0,19.0,19.0,8.0,30.55194640054023,0.48622589531680444,0.5267576965610384,0.05172413793103448,,,,,,,,,16.75344827586207,15.799999999999999,3.3333333333333335,22.0,0.5362857142857141,0.08801213960546282,0.1541508238276299,0.06373626373626373,0.11357534726275242,0.0045385779122541605,0.003232758620689655,0.7352941176470589,0.23992378608753515,0.6485097636176773,16.775862068965516,0.5689655172413793,0.5267576965610384,16.0,19.12121212121212,0.5332986472424558,33.064516129032256,0.4645669291338583,0.5114873035066505,2.32,1.32,25.24,0.04,38.92,4.276,0.12,1.92,0.0,531.0,21.24,0.10922787193973635,1.1883239171374764,0.08620689655172414,0.12,0.0,0.12,0.76,0.76,0.3275862068965517,0.42105263157894735,2023-2025,False
00-0032464,Kalif Raymond,WR,DET,3,2025,2023,1,44,96,76,993,4,733,508,44,58.43856120459107,11,94,0,220.7,1398,9732,1478,1277,1646,11305,1476,51,44.0,917.0,2933.0,249.0,934.0,576.0,311.0,3501.0,1866.0,1429.0,96.0,76.0,485.0,508.0,2.0,2.0,44.0,96.0,8.0,2.0,0.0,11.0,24.0,11.0,58.43856120459105,0.26678091973721796,0.6087350125478235,0.08333333333333333,,,,,,,,,7.616666666666667,6.403947368421052,6.673684210526315,30.52542372881356,0.31272727272727274,0.06866952789699571,0.07531853678586108,0.0583232077764277,0.06483856700574966,0.008613938919342208,0.007452574525745257,0.8627450980392157,0.1557272675955963,1.354706684856753,7.635416666666667,0.7916666666666666,0.6087350125478236,8.545454545454545,13.06578947368421,0.3126491646778043,20.84090909090909,0.3086816720257235,0.21763470958712386,2.1818181818181817,1.7272727272727273,22.568181818181817,0.09090909090909091,16.65909090909091,5.015909090909091,0.25,2.1363636363636362,0.0,576.0,13.090909090909092,0.16666666666666666,1.7239583333333333,0.020833333333333332,0.18181818181818182,0.045454545454545456,0.0,0.25,0.5454545454545454,0.11458333333333333,0.4583333333333333,2023-2025,False
00-0032543,Alex Erickson,WR,LAC,1,2023,2023,1,8,29,16,232,1,295,58,12,5.394800698268224,0,0,0,45.2,299,2241,309,195,614,4733,431,17,8.0,329.0,543.0,17.0,335.0,222.0,97.0,1175.0,715.0,385.0,29.0,16.0,174.0,58.0,0.0,1.0,12.0,29.0,2.0,0.0,1.0,5.0,12.0,5.0,5.394800698268227,0.2851063829787234,0.18602761028511128,0.06896551724137931,,,,,,,,,10.2,10.9,3.6,,0.6,0.09698996655518395,0.13163766175814368,0.04723127035830619,0.06232833298119586,0.0,0.0,0.47058823529411764,0.2376313130634765,0.7864406779661017,10.172413793103448,0.5517241379310345,0.18602761028511117,,14.5,0.6058931860036832,41.125,0.3104895104895105,0.2519480519480519,3.625,2.0,29.0,0.125,36.875,5.65,0.0,0.0,0.0,222.0,27.75,0.13063063063063063,1.045045045045045,0.034482758620689655,0.25,0.0,0.125,0.625,1.5,0.1724137931034483,0.4166666666666667,2023-2025,True
00-0032688,Robbie Chosen,WR,WAS,3,2025,2023,2,10,19,10,184,1,319,37,5,-6.524238806741784,0,0,0,34.400000000000006,315,2515,326,291,1549,12015,1388,51,14.0,236.0,911.0,0.0,242.0,130.0,96.0,3370.0,1840.0,1271.0,19.0,10.0,147.0,37.0,0.0,0.0,5.0,19.0,2.0,0.0,2.0,7.0,8.0,2.0,-6.524238806741778,0.07181008902077152,-0.3433809898285146,0.10526315789473684,,,,,,,,,16.821052631578947,14.719999999999999,3.72,,0.2698333333333333,0.06031746031746032,0.1268389662027833,0.012265978050355068,0.026550145651269248,0.0,0.0,0.19607843137254902,0.17926346681813876,0.5768025078369906,16.789473684210527,0.5263157894736842,-0.34338098982851495,,18.4,0.25905598243688255,16.857142857142858,0.07065217391304347,0.07553107789142408,1.9,1.0,18.4,0.1,31.9,3.4400000000000004,0.0,0.0,0.0,130.0,13.0,0.14615384615384616,1.4153846153846155,0.0,0.2,0.0,0.2,0.7,0.8,0.3684210526315789,0.25,2023-2025,False
00-0032765,Michael Thomas,WR,NO,1,2023,2023,1,10,64,39,448,1,650,100,21,12.608109096507393,0,0,0,89.8,364,3364,382,277,579,5016,480,17,10.0,490.0,708.0,0.0,502.0,324.0,157.0,1192.0,655.0,457.0,64.0,39.0,348.0,100.0,2.0,3.0,21.0,64.0,9.0,5.0,7.0,10.0,21.0,8.0,12.60810909650738,0.4211409395973154,0.19700170463292782,0.140625,5.11383333333333,1.99651292640719,10.17125,13.2143763385199,2.89333333333333,2.51245625426424,0.380877079069097,60.9375,10.2,8.9,2.6,19.5,0.683,0.17582417582417584,0.19322235434007135,0.11053540587219343,0.129585326953748,0.0,0.0,0.5882352941176471,0.3989919117743137,0.6892307692307692,10.15625,0.609375,0.19700170463292802,,11.487179487179487,0.692090395480226,49.0,0.4946564885496183,0.3435448577680525,6.4,3.9,44.8,0.1,65.0,8.98,0.0,0.0,0.0,324.0,32.4,0.19753086419753085,1.382716049382716,0.046875,0.9,0.5,0.7,1.0,2.1,0.15625,0.38095238095238093,2023-2025,True
00-0032775,Demarcus Robinson,WR,SF,3,2025,2023,2,39,138,79,1152,12,1933,196,62,32.07059471424821,2,29,0,269.1,1239,9534,1289,1082,1646,12927,1408,51,44.0,1708.0,3091.0,94.0,1744.0,1001.0,651.0,3431.0,1865.0,1343.0,138.0,79.0,956.0,196.0,2.0,2.0,62.0,138.0,24.0,16.0,23.0,37.0,38.0,15.0,32.9115947142482,0.508306616146896,0.23848981676991451,0.17391304347826086,4.06555555555556,2.66492023403923,15.736875,24.6881986116014,2.63258064516129,2.31620879013192,0.316371855029367,48.4375,13.485507246376812,12.083544303797469,2.4670886075949365,27.264150943396228,0.5975641025641025,0.11138014527845036,0.20274805957625341,0.08383961117861483,0.1495319873133751,0.0018484288354898336,0.0014204545454545455,0.7647058823529411,0.3089938596210529,0.5959648215209519,14.007246376811594,0.572463768115942,0.23239561387136384,14.5,14.582278481012658,0.5525719831769654,38.81818181818182,0.5367292225201072,0.4847356664184661,3.5384615384615383,2.0256410256410255,29.53846153846154,0.3076923076923077,49.56410256410256,6.9,0.05128205128205128,0.7435897435897436,0.0,1001.0,25.666666666666668,0.13786213786213786,1.150849150849151,0.014492753623188406,0.6153846153846154,0.41025641025641024,0.5897435897435898,0.9487179487179487,0.9743589743589743,0.26811594202898553,0.39473684210526316,2023-2025,False
00-0032951,Laquon Treadwell,WR,BAL,1,2023,2023,1,3,3,1,16,0,36,0,1,0.203097385237925,0,0,0,2.6,82,712,85,83,476,4089,541,17,3.0,65.0,310.0,88.0,69.0,38.0,22.0,1156.0,608.0,459.0,3.0,1.0,16.0,0.0,0.0,1.0,1.0,3.0,0.0,0.0,0.0,0.0,2.0,1.0,0.20309738523792475,0.05968858131487889,0.06769912841264158,0.0,,,,,,,,,12.0,16.0,0.0,,0.22599999999999998,0.036585365853658534,0.05056179775280899,0.0063025210084033615,0.00880410858400587,0.0,0.0,0.17647058823529413,0.09027130720745408,0.4444444444444444,12.0,0.3333333333333333,0.06769912841264167,,16.0,0.20967741935483872,21.666666666666668,0.0625,0.04793028322440087,1.0,0.3333333333333333,5.333333333333333,0.0,12.0,0.8666666666666667,0.0,0.0,0.0,38.0,12.666666666666666,0.07894736842105263,0.42105263157894735,0.3333333333333333,0.0,0.0,0.0,0.0,0.6666666666666666,0.0,0.5,2023-2025,True
00-0033009,Tyler Boyd,WR,TEN,2,2024,2023,2,32,155,106,1057,2,1049,468,48,8.707713520246715,3,14,0,223.09999999999997,1050,7664,1096,780,1099,8153,833,34,33.0,1459.0,2120.0,4.0,1499.0,1009.0,382.0,2244.0,1310.0,767.0,155.0,106.0,589.0,468.0,4.0,8.0,48.0,155.0,16.0,7.0,7.0,10.0,49.0,21.0,9.654713520246712,0.6680035650623886,0.06228847432417234,0.1032258064516129,6.244336917562723,2.975973793113535,6.88232258064516,14.761418471435155,4.7346226415094375,3.643739989251374,1.0908826522580626,68.38709677419357,6.830967741935484,5.579245283018868,4.420754716981132,28.349056603773583,0.695859375,0.14761904761904762,0.13687369519832984,0.1410373066424022,0.1286642953514044,0.0038461538461538464,0.003601440576230492,0.9411764705882353,0.3172401580674023,1.007626310772164,6.767741935483871,0.6838709677419355,0.056178796904817516,4.666666666666667,9.971698113207546,0.6882075471698114,44.21212121212121,0.7702290076335878,0.4980443285528031,4.84375,3.3125,33.03125,0.0625,32.78125,6.971874999999999,0.09375,0.4375,0.0,1009.0,31.53125,0.15361744301288405,1.047571853320119,0.05161290322580645,0.5,0.21875,0.21875,0.3125,1.53125,0.06451612903225806,0.42857142857142855,2023-2025,False
00-0033040,Tyreek Hill,WR,MIA,3,2025,2023,1,37,322,221,3023,20,3615,1001,154,138.67012429212156,14,68,0,648.0999999999999,1212,8755,1253,959,1579,11379,1336,51,37.0,1756.0,2399.0,14.0,1781.0,1106.0,574.0,3288.0,1806.0,1262.0,323.0,221.0,2022.0,1001.0,13.0,14.0,154.0,322.0,46.0,27.0,27.0,61.0,95.0,51.0,140.56412429212156,0.5416666666666666,0.43653454749106074,0.14285714285714285,5.797371998099499,3.2173622556319432,11.148685313132985,42.25224574392669,4.955249999999999,4.606362432094061,0.34888756790593894,68.03462915175228,11.261490683229814,9.115384615384615,4.537556561085973,38.6955,0.7321621621621621,0.26567656765676567,0.4129069103369503,0.2039265357821406,0.31769048246770365,0.014598540145985401,0.010479041916167664,0.7254901960784313,0.6875496887210137,0.8362378976486861,11.226708074534162,0.6863354037267081,0.430652559913421,4.857142857142857,13.678733031674208,0.7319716548561901,47.45945945945946,0.6124031007751938,0.4548335974643423,8.702702702702704,5.972972972972973,81.70270270270271,0.5405405405405406,97.70270270270271,17.516216216216215,0.3783783783783784,1.837837837837838,0.0,1106.0,29.89189189189189,0.2911392405063291,2.733273056057866,0.043343653250773995,1.2432432432432432,0.7297297297297297,0.7297297297297297,1.6486486486486487,2.5675675675675675,0.18944099378881987,0.5368421052631579,2023-2025,False
00-0033090,Hunter Henry,TE,NE,3,2025,2023,1,46,245,168,1861,15,1930,681,111,80.35326135062788,0,0,0,444.1,1376,11392,1434,1228,1523,12554,1355,51,47.0,2368.0,3006.0,15.0,2417.0,1421.0,820.0,3323.0,1879.0,1195.0,245.0,168.0,1180.0,681.0,4.0,8.0,111.0,245.0,46.0,24.0,22.0,18.0,74.0,40.0,80.35326135062788,0.7273547998796268,0.3279724953086852,0.18775510204081633,5.986470085470084,2.7609136910341827,7.93689795918367,16.59003653451374,4.416785714285713,4.450225689647222,-0.033439975361504726,68.57142857142857,7.80326530612245,7.0321428571428575,4.085714285714285,44.892857142857146,0.7852639751552796,0.17805232558139536,0.16941713483146068,0.1608667104399212,0.15373586108013382,0.0,0.0,0.9019607843137255,0.3856704827541155,0.9642487046632124,7.877551020408164,0.6857142857142857,0.3279724953086852,,11.077380952380953,0.7877578176979375,50.38297872340426,0.7562533262373603,0.6861924686192469,5.326086956521739,3.652173913043478,40.45652173913044,0.32608695652173914,41.95652173913044,9.654347826086957,0.0,0.0,0.0,1421.0,30.891304347826086,0.1724137931034483,1.3096410978184376,0.0326530612244898,1.0,0.5217391304347826,0.4782608695652174,0.391304347826087,1.608695652173913,0.07346938775510205,0.5405405405405406,2023-2025,False
00-0033110,Tyler Higbee,TE,LA,3,2025,2023,1,28,118,80,842,7,550,434,48,33.148471751235235,0,0,0,206.2,901,7190,942,770,1677,14059,1392,51,28.0,1290.0,1839.0,11.0,1317.0,733.0,497.0,3442.0,1860.0,1341.0,118.0,80.0,408.0,434.0,2.0,10.0,48.0,118.0,19.0,11.0,3.0,5.0,32.0,15.0,33.14847175123523,0.38262638001162114,0.2809192521291121,0.16101694915254236,6.26096774193548,3.6782785886709997,5.52828571428571,9.01864182022844,5.46085106382979,5.37431289355884,0.086538170270952,67.1428571428571,5.464406779661017,5.09375,5.404999999999999,23.5,0.6967857142857142,0.1309655937846837,0.07649513212795549,0.07036374478234943,0.03912084785546625,0.0,0.0,0.5490196078431373,0.24999498316659438,1.530909090909091,4.661016949152542,0.6779661016949152,0.2809192521291122,,10.525,0.7014681892332789,46.07142857142857,0.39408602150537636,0.3706189410887398,4.214285714285714,2.857142857142857,30.071428571428573,0.25,19.642857142857142,7.364285714285714,0.0,0.0,0.0,733.0,26.178571428571427,0.16098226466575716,1.1487039563437926,0.0847457627118644,0.6785714285714286,0.39285714285714285,0.10714285714285714,0.17857142857142858,1.1428571428571428,0.0423728813559322,0.46875,2023-2025,False
00-0033217,Mo Alie-Cox,TE,IND,3,2025,2023,1,37,64,38,425,5,526,206,20,13.637990226053244,0,0,0,112.5,1115,10125,1160,1071,1568,14068,1417,51,51.0,1328.0,3307.0,444.0,1362.0,590.0,657.0,3387.0,1822.0,1330.0,64.0,38.0,219.0,206.0,2.0,3.0,20.0,64.0,16.0,4.0,7.0,4.0,9.0,3.0,13.531990226053242,0.4021257750221435,0.2114373472820819,0.25,,,,,,,,,8.240625,5.771052631578947,5.434210526315789,13.0,0.40470588235294114,0.05739910313901345,0.05195061728395062,0.04081632653061224,0.03738982087005971,0.0,0.0,0.7254901960784313,0.12246408680728561,0.8079847908745247,8.21875,0.59375,0.21309359728208194,,11.18421052631579,0.40157242213486544,26.03921568627451,0.3238199780461032,0.493984962406015,1.7297297297297298,1.027027027027027,11.486486486486486,0.13513513513513514,14.216216216216216,3.0405405405405403,0.0,0.0,0.0,590.0,15.945945945945946,0.10847457627118644,0.7203389830508474,0.046875,0.43243243243243246,0.10810810810810811,0.1891891891891892,0.10810810810810811,0.24324324324324326,0.0625,0.3333333333333333,2023-2025,False
00-0033246,Johnny Mundt,TE,JAX,3,2025,2023,2,36,69,45,425,3,329,253,22,11.617993216413023,0,0,0,105.5,1158,10056,1208,965,1670,14435,1339,51,50.0,1046.0,3324.0,413.0,1083.0,492.0,488.0,3494.0,1981.0,1211.0,69.0,45.0,172.0,253.0,5.0,5.0,22.0,69.0,10.0,6.0,4.0,5.0,16.0,7.0,11.61799321641301,0.30995993131081856,0.16837671328134798,0.14492753623188406,,,,,,,,,4.6753623188405795,3.826666666666666,5.615555555555556,11.333333333333334,0.33342728758169937,0.05958549222797927,0.03271678599840891,0.04131736526946108,0.0227918254243159,0.0,0.0,0.7058823529411765,0.11227998854085515,1.2917933130699089,4.768115942028985,0.6521739130434783,0.16837671328134815,,9.444444444444445,0.3146811070998797,20.92,0.24835941443715295,0.402972749793559,1.9166666666666667,1.25,11.805555555555555,0.08333333333333333,9.13888888888889,2.9305555555555554,0.0,0.0,0.0,492.0,13.666666666666666,0.1402439024390244,0.8638211382113821,0.07246376811594203,0.2777777777777778,0.16666666666666666,0.1111111111111111,0.1388888888888889,0.4444444444444444,0.07246376811594203,0.4375,2023-2025,False
00-0033251,Zach Pascal,WR,ARI,1,2023,2023,1,10,15,4,19,0,160,12,1,-17.391983720619468,0,0,0,5.9,314,2583,324,270,540,4186,471,17,14.0,202.0,938.0,202.0,206.0,92.0,100.0,1164.0,635.0,441.0,15.0,4.0,7.0,12.0,1.0,1.0,1.0,15.0,3.0,1.0,3.0,3.0,1.0,1.0,-17.391983720619464,0.17697594501718214,-1.1594655813746308,0.2,,,,,,,,,10.7,1.8,3.0,4.0,0.2207142857142857,0.04777070063694268,0.06194347657762292,0.027777777777777776,0.038222646918299095,0.0,0.0,0.5882352941176471,0.11501648455975007,0.11875,10.666666666666666,0.26666666666666666,-1.1594655813746313,,4.75,0.21535181236673773,14.428571428571429,0.14488188976377953,0.22675736961451248,1.5,0.4,1.9,0.0,16.0,0.5900000000000001,0.0,0.0,0.0,92.0,9.2,0.16304347826086957,0.20652173913043478,0.06666666666666667,0.3,0.1,0.3,0.3,0.1,0.2,1.0,2023-2025,True
00-0033282,Curtis Samuel,WR,BUF,3,2025,2023,2,36,146,100,947,6,955,447,40,4.507157392901727,12,53,1,242.0,1135,9383,1192,901,1575,12643,1397,51,36.0,1100.0,2292.0,26.0,1130.0,721.0,340.0,3404.0,1909.0,1248.0,146.0,100.0,500.0,447.0,5.0,3.0,40.0,146.0,23.0,10.0,11.0,16.0,38.0,13.0,4.507157392901732,0.3319623971797885,0.030870941047272137,0.15753424657534246,6.763393174196094,3.5461095216609952,6.249051094890512,11.392470038216457,4.741505376344087,4.516715737691066,0.22478963865301568,67.8832116788321,6.5554794520547945,5.003,4.489000000000001,20.666666666666668,0.4783333333333333,0.12863436123348018,0.10177981455824363,0.0926984126984127,0.07553586965119038,0.013318534961154272,0.008589835361488905,0.7058823529411765,0.26419741204099084,0.9916230366492147,6.541095890410959,0.684931506849315,0.0308709410472721,4.416666666666667,9.47,0.4799301919720768,30.555555555555557,0.3776846516500786,0.2724358974358974,4.055555555555555,2.7777777777777777,26.305555555555557,0.16666666666666666,26.52777777777778,6.722222222222222,0.3333333333333333,1.4722222222222223,0.027777777777777776,721.0,20.02777777777778,0.20249653259361997,1.3134535367545077,0.02054794520547945,0.6388888888888888,0.2777777777777778,0.3055555555555556,0.4444444444444444,1.0555555555555556,0.1095890410958904,0.34210526315789475,2023-2025,False
00-0033288,George Kittle,TE,SF,3,2025,2023,1,42,253,200,2754,21,2112,1257,130,173.9411550625651,2,-1,0,601.3,1220,10319,1275,1188,1534,12842,1437,51,42.0,2257.0,2642.0,2.0,2299.0,1269.0,914.0,3339.0,1782.0,1329.0,253.0,200.0,1497.0,1257.0,11.0,7.0,130.0,253.0,47.0,20.0,20.0,23.0,65.0,37.0,173.9411550625651,0.6885294998502546,0.687514446887609,0.1857707509881423,5.376077207916238,3.4973250506638345,8.409881422924904,17.64140312655886,6.608500000000004,4.605286366159582,2.003213633840416,79.05138339920947,8.216205533596836,7.5035,6.272,19.9525,0.8628571428571429,0.20737704918032787,0.20467099525147786,0.16492829204693613,0.16446036442921663,0.0016835016835016834,0.0013917884481558804,0.8235294117647058,0.45433527044652633,1.3039772727272727,8.347826086956522,0.7905138339920948,0.687514446887609,-0.5,13.77,0.8542770628311885,53.73809523809524,0.7121212121212122,0.6877351392024078,6.023809523809524,4.761904761904762,65.57142857142857,0.5,50.285714285714285,14.316666666666666,0.047619047619047616,-0.023809523809523808,0.0,1269.0,30.214285714285715,0.19936958234830576,2.1702127659574466,0.02766798418972332,1.119047619047619,0.47619047619047616,0.47619047619047616,0.5476190476190477,1.5476190476190477,0.09090909090909091,0.5692307692307692,2023-2025,False
00-0033292,Trent Taylor,WR,SF,2,2024,2023,2,17,3,1,11,0,9,2,0,-0.7950606980593871,1,-2,0,1.9000000000000001,515,3955,553,537,990,8303,991,34,16.0,137.0,1278.0,81.0,138.0,71.0,51.0,2270.0,1233.0,895.0,3.0,1.0,9.0,2.0,0.0,0.0,0.0,3.0,0.0,0.0,0.0,0.0,0.0,0.0,-0.7950606980593875,0.06079295154185022,-0.2650202326864625,0.0,,,,,,,,,3.0,9.0,2.0,,0.10979238754325259,0.005825242718446602,0.002275600505689001,0.0030303030303030303,0.0010839455618451162,0.00186219739292365,0.0010090817356205853,0.5,0.010330784431652204,1.2222222222222223,3.0,0.3333333333333333,-0.26502023268646235,-2.0,11.0,0.10719874804381847,8.5625,0.0575831305758313,0.05698324022346369,0.17647058823529413,0.058823529411764705,0.6470588235294118,0.0,0.5294117647058824,0.11176470588235295,0.058823529411764705,-0.11764705882352941,0.0,71.0,4.176470588235294,0.04225352112676056,0.15492957746478872,0.0,0.0,0.0,0.0,0.0,0.0,0.0,,2023-2025,False
00-0033307,Kendrick Bourne,WR,SF,3,2025,2023,2,34,146,102,1262,5,1511,462,55,19.134852378450283,2,10,0,257.2,1105,8743,1154,869,1591,12238,1342,51,36.0,1421.0,2333.0,0.0,1458.0,880.0,482.0,3347.0,1895.0,1229.0,146.0,102.0,800.0,462.0,3.0,11.0,55.0,146.0,10.0,6.0,6.0,17.0,35.0,10.0,19.134852378450315,0.4356139826710487,0.13106063272911175,0.0684931506849315,6.829901960784314,2.8104708788261394,10.353981481481489,13.969180814251647,5.091891891891895,3.443529394909115,1.6483624969827797,68.51851851851853,10.331506849315069,7.826470588235294,4.56078431372549,27.75,0.6110661764705883,0.1321266968325792,0.17282397346448589,0.0917661847894406,0.12346788690962576,0.0023014959723820483,0.0014903129657228018,0.6666666666666666,0.3191668266740089,0.8352084712111185,10.349315068493151,0.6986301369863014,0.13106063272911153,5.0,12.372549019607844,0.6090870124303472,39.47222222222222,0.46437994722955145,0.3921887713588283,4.294117647058823,3.0,37.11764705882353,0.14705882352941177,44.44117647058823,7.564705882352941,0.058823529411764705,0.29411764705882354,0.0,880.0,25.88235294117647,0.16590909090909092,1.434090909090909,0.07534246575342465,0.29411764705882354,0.17647058823529413,0.17647058823529413,0.5,1.0294117647058822,0.11643835616438356,0.2857142857142857,2023-2025,False
00-0033357,Taysom Hill,TE,NO,3,2025,2023,1,37,87,67,569,2,371,356,21,10.87641908088753,172,793,11,287.64,1205,10338,1263,1034,1661,14233,1359,51,37.0,860.0,2478.0,285.0,880.0,454.0,367.0,3465.0,1944.0,1278.0,87.0,67.0,213.0,356.0,5.0,6.0,21.0,87.0,7.0,3.0,4.0,5.0,19.0,4.0,10.876419080887537,0.25396825396825395,0.12501631127456939,0.08045977011494253,,,,,,,,,4.263218390804598,3.201492537313433,5.31044776119403,11.205357142857142,0.34081081081081077,0.07219917012448132,0.03588701876571871,0.052378085490668275,0.026066184219770954,0.16634429400386846,0.12656364974245768,0.7254901960784313,0.1334196683227251,1.5336927223719676,4.264367816091954,0.7701149425287356,0.1250163112745693,4.6104651162790695,8.492537313432836,0.3470540758676352,23.243243243243242,0.23353909465020575,0.2871674491392801,2.3513513513513513,1.8108108108108107,15.378378378378379,0.05405405405405406,10.027027027027026,7.774054054054053,4.648648648648648,21.43243243243243,0.2972972972972973,454.0,12.27027027027027,0.19162995594713655,1.2533039647577093,0.06896551724137931,0.1891891891891892,0.08108108108108109,0.10810810810810811,0.13513513513513514,0.5135135135135135,0.05747126436781609,0.21052631578947367,2023-2025,False
00-0033375,Tim Patrick,WR,JAX,2,2025,2024,2,28,68,48,581,6,697,195,30,25.44503614817787,0,0,0,144.10000000000002,904,6890,936,832,1069,8367,1023,34,32.0,977.0,2155.0,25.0,1000.0,507.0,437.0,2360.0,1243.0,951.0,68.0,48.0,386.0,195.0,3.0,3.0,30.0,68.0,17.0,9.0,9.0,9.0,14.0,8.0,24.392036148177887,0.423728813559322,0.35870641394379243,0.25,,,,,,,,,10.282352941176471,8.075000000000001,4.08125,16.03125,0.4644866071428572,0.0752212389380531,0.1011611030478955,0.06361085126286249,0.08330345404565555,0.0,0.0,0.8235294117647058,0.18364463054060648,0.8335724533715926,10.25,0.7058823529411765,0.37419170806143925,,12.104166666666666,0.45336426914153133,30.53125,0.40788415124698313,0.45951629863301785,2.4285714285714284,1.7142857142857142,20.75,0.21428571428571427,24.892857142857142,5.146428571428572,0.0,0.0,0.0,507.0,18.107142857142858,0.1341222879684418,1.1459566074950691,0.04411764705882353,0.6071428571428571,0.32142857142857145,0.32142857142857145,0.32142857142857145,0.5,0.1323529411764706,0.5714285714285714,2023-2025,False
00-0033439,Pharaoh Brown,TE,ARI,3,2025,2023,3,26,29,23,274,1,156,151,10,-1.8868993339042053,0,0,0,52.4,871,5958,912,560,1727,12870,1164,51,39.0,722.0,2478.0,477.0,741.0,281.0,417.0,3374.0,2048.0,1089.0,29.0,23.0,123.0,151.0,3.0,1.0,10.0,29.0,2.0,2.0,1.0,0.0,5.0,1.0,-1.8868993339042106,0.21962062833432128,-0.06506549427255899,0.06896551724137931,,,,,,,,,5.341379310344828,5.360869565217392,6.578260869565218,7.071428571428571,0.29791855203619905,0.03329506314580941,0.026183282980866064,0.01679212507237985,0.012121212121212121,0.0,0.0,0.5098039215686274,0.06827089280532037,1.7564102564102564,5.379310344827586,0.7931034482758621,-0.0650654942725588,,11.91304347826087,0.29136400322841,18.512820512820515,0.13720703125,0.38292011019283745,1.1153846153846154,0.8846153846153846,10.538461538461538,0.038461538461538464,6.0,2.0153846153846153,0.0,0.0,0.0,281.0,10.807692307692308,0.10320284697508897,0.9750889679715302,0.034482758620689655,0.07692307692307693,0.07692307692307693,0.038461538461538464,0.0,0.19230769230769232,0.0,0.2,2023-2025,False
00-0033455,Anthony Firkser,TE,DET,1,2025,2025,1,5,10,8,53,0,35,12,4,1.635623830661643,0,0,0,13.3,175,1163,186,121,550,3732,442,17,7.0,187.0,468.0,80.0,194.0,116.0,64.0,1123.0,624.0,434.0,10.0,8.0,41.0,12.0,0.0,0.0,4.0,10.0,3.0,0.0,0.0,0.0,0.0,0.0,1.6356238306616433,0.17275155832591274,0.16356238306616433,0.3,,,,,,,,,3.5,5.1,1.5,,0.3971428571428572,0.05714285714285714,0.03009458297506449,0.01818181818181818,0.009378349410503752,0.0,0.0,0.29411764705882354,0.10678049379683086,1.5142857142857142,3.5,0.8,0.1635623830661643,,6.625,0.3995726495726496,26.714285714285715,0.1858974358974359,0.14746543778801843,2.0,1.6,10.6,0.0,7.0,2.66,0.0,0.0,0.0,116.0,23.2,0.08620689655172414,0.45689655172413796,0.0,0.6,0.0,0.0,0.0,0.0,0.0,,2023-2025,True
00-0033460,John Ross,WR,PHI,1,2024,2024,1,1,2,1,6,0,47,2,1,0.0889839306473732,0,0,0,1.6,29,280,30,20,418,3483,621,17,1.0,12.0,57.0,0.0,12.0,10.0,1.0,1192.0,535.0,560.0,2.0,1.0,4.0,2.0,0.0,0.0,1.0,2.0,0.0,0.0,1.0,1.0,0.0,0.0,0.0889839306473732,0.010067114093959731,0.0444919653236866,0.0,,,,,,,,,23.5,4.0,2.0,,0.21,0.06896551724137931,0.16785714285714284,0.004784688995215311,0.013494114269308067,0.0,0.0,0.058823529411764705,0.22094827586206894,0.1276595744680851,23.5,0.5,0.0444919653236866,,6.0,0.21052631578947367,12.0,0.018691588785046728,0.0017857142857142857,2.0,1.0,6.0,0.0,47.0,1.6,0.0,0.0,0.0,10.0,10.0,0.2,0.6,0.0,0.0,0.0,1.0,1.0,0.0,0.5,,2023-2025,True
00-0033466,Isaiah McKenzie,WR,IND,1,2023,2023,1,13,14,11,82,0,35,72,4,2.2149172026048154,3,14,0,20.6,441,3278,462,354,546,4255,479,17,13.0,117.0,888.0,109.0,119.0,55.0,57.0,1180.0,648.0,449.0,14.0,11.0,10.0,72.0,0.0,1.0,4.0,14.0,0.0,0.0,0.0,2.0,3.0,1.0,2.2149172026048127,0.10084745762711865,0.15820837161462947,0.0,,,,,,,,,2.5,0.9,6.5,,0.14,0.031746031746031744,0.010677242220866382,0.02564102564102564,0.008225616921269096,0.00847457627118644,0.006263048016701462,0.7647058823529411,0.05509311717365408,2.342857142857143,2.5,0.7857142857142857,0.15820837161462967,4.666666666666667,7.454545454545454,0.13175675675675674,9.0,0.08487654320987655,0.12694877505567928,1.0769230769230769,0.8461538461538461,6.3076923076923075,0.0,2.6923076923076925,1.5846153846153848,0.23076923076923078,1.0769230769230769,0.0,55.0,4.230769230769231,0.2545454545454545,1.490909090909091,0.07142857142857142,0.0,0.0,0.0,0.15384615384615385,0.23076923076923078,0.14285714285714285,0.3333333333333333,2023-2025,True
00-0033536,Mike Williams,WR,NYJ,2,2024,2023,2,17,60,40,547,2,825,143,23,27.388069567252757,1,3,0,107.0,564,4511,595,428,1203,8852,794,34,21.0,639.0,1380.0,0.0,656.0,447.0,169.0,3434.0,1972.0,1223.0,60.0,40.0,404.0,143.0,1.0,2.0,23.0,60.0,4.0,3.0,5.0,18.0,21.0,8.0,28.33506956725276,0.19103086779266162,0.47225115945421264,0.06666666666666667,,,,,,,,,13.726666666666665,10.0775,3.6,19.0,0.472549019607843,0.10638297872340426,0.18288627798714255,0.04987531172069826,0.09319927699954812,0.002336448598130841,0.0012594458438287153,0.5,0.2875948626761062,0.6630303030303031,13.75,0.6666666666666666,0.45646782612087927,3.0,13.675,0.46304347826086956,30.428571428571427,0.22667342799188642,0.1381847914963205,3.5294117647058822,2.3529411764705883,32.1764705882353,0.11764705882352941,48.529411764705884,6.294117647058823,0.058823529411764705,0.17647058823529413,0.0,447.0,26.294117647058822,0.1342281879194631,1.2237136465324385,0.03333333333333333,0.23529411764705882,0.17647058823529413,0.29411764705882354,1.0588235294117647,1.2352941176470589,0.3,0.38095238095238093,2023-2025,False
00-0033555,Mack Hollins,WR,NE,3,2025,2023,3,43,145,95,1179,7,1875,253,62,61.33947258422689,1,4,0,255.3,1297,11603,1353,1238,1485,13219,1507,51,45.0,1725.0,2934.0,280.0,1766.0,919.0,741.0,3398.0,1794.0,1329.0,145.0,95.0,926.0,253.0,0.0,5.0,62.0,145.0,14.0,9.0,14.0,26.0,39.0,17.0,61.339472584226904,0.5197174808711007,0.4230308454084614,0.09655172413793103,6.026347826086957,2.806282986784565,13.036956521739114,17.832629412750368,2.701428571428572,2.9577324589760363,-0.25630388754746497,66.95652173913045,12.2,9.74842105263158,2.6473684210526316,,0.5945700655933214,0.1117964533538936,0.16159613892958719,0.09764309764309764,0.1418412890536349,0.0008077544426494346,0.0006635700066357001,0.8431372549019608,0.28081197728155144,0.6288,12.931034482758621,0.6551724137931034,0.4230308454084613,4.0,12.410526315789474,0.5879345603271984,38.333333333333336,0.512263099219621,0.5575620767494357,3.372093023255814,2.2093023255813953,27.41860465116279,0.16279069767441862,43.604651162790695,5.937209302325582,0.023255813953488372,0.09302325581395349,0.0,919.0,21.372093023255815,0.15778019586507072,1.2829162132752991,0.034482758620689655,0.32558139534883723,0.20930232558139536,0.32558139534883723,0.6046511627906976,0.9069767441860465,0.1793103448275862,0.4358974358974359,2023-2025,False
00-0033572,Jamal Agnew,WR,JAX,1,2023,2023,1,11,21,14,225,1,253,76,8,2.579681091464239,4,-2,0,40.3,380,2934,388,287,607,4981,453,17,11.0,201.0,737.0,91.0,206.0,150.0,44.0,1207.0,710.0,399.0,21.0,14.0,149.0,76.0,0.0,0.0,8.0,21.0,2.0,1.0,1.0,2.0,8.0,2.0,2.579681091464221,0.17067108533554268,0.12284195673639148,0.09523809523809523,,,,,,,,,12.0,10.6,5.4,,0.27454545454545454,0.05526315789473684,0.08623040218132243,0.03459637561779242,0.050793013451114234,0.013937282229965157,0.008830022075055188,0.6470588235294118,0.14325601836903096,0.8893280632411067,12.047619047619047,0.6666666666666666,0.12284195673639234,-0.5,16.071428571428573,0.2727272727272727,18.272727272727273,0.2112676056338028,0.11027568922305764,1.9090909090909092,1.2727272727272727,20.454545454545453,0.09090909090909091,23.0,3.6636363636363636,0.36363636363636365,-0.18181818181818182,0.0,150.0,13.636363636363637,0.14,1.5,0.0,0.18181818181818182,0.09090909090909091,0.09090909090909091,0.18181818181818182,0.7272727272727273,0.09523809523809523,0.25,2023-2025,True
00-0033576,Eric Saubert,TE,SEA,3,2025,2023,3,24,24,18,140,1,128,57,8,4.989072275685835,0,0,0,40.0,700,5907,733,672,1534,13463,1408,51,36.0,770.0,2435.0,620.0,792.0,298.0,437.0,3354.0,1792.0,1331.0,24.0,18.0,83.0,57.0,0.0,1.0,8.0,24.0,7.0,2.0,2.0,1.0,4.0,1.0,3.936072275685837,0.23613595706618962,0.16400301148690988,0.2916666666666667,,,,,,,,,4.45,4.6,3.177777777777778,,0.3401631016042781,0.03428571428571429,0.021669206026747927,0.01564537157757497,0.009507539181460299,0.0,0.0,0.47058823529411764,0.06659701564729498,1.09375,5.333333333333333,0.75,0.2078780114869098,,7.777777777777778,0.3162217659137577,21.38888888888889,0.16629464285714285,0.32832456799398946,1.0,0.75,5.833333333333333,0.041666666666666664,5.333333333333333,1.6666666666666667,0.0,0.0,0.0,298.0,12.416666666666666,0.08053691275167785,0.4697986577181208,0.041666666666666664,0.2916666666666667,0.08333333333333333,0.08333333333333333,0.041666666666666664,0.16666666666666666,0.041666666666666664,0.25,2023-2025,False
00-0033589,David Moore,WR,CAR,3,2025,2023,2,24,65,38,450,4,685,122,21,10.767019047821861,2,12,0,108.20000000000002,716,6046,752,596,1548,12779,1310,51,28.0,754.0,1757.0,129.0,786.0,421.0,300.0,3303.0,1854.0,1172.0,65.0,38.0,328.0,122.0,1.0,4.0,21.0,65.0,12.0,4.0,6.0,6.0,12.0,7.0,10.76701904782185,0.23796548592188918,0.16564644688956692,0.18461538461538463,5.86185185185185,2.26607897335296,11.558245614035098,15.7528399920617,2.071875,2.20392283383569,-0.13204783383569,56.140350877193,10.301538461538462,8.636842105263158,3.231578947368421,32.0,0.43664128151260506,0.09078212290502793,0.11329804829639431,0.04198966408268734,0.053603568354331325,0.003355704697986577,0.0015267175572519084,0.47058823529411764,0.21548181816501788,0.656934306569343,10.538461538461538,0.5846153846153846,0.1656464468895671,6.0,11.842105263157896,0.42914058053500287,26.928571428571427,0.22707659115426107,0.25597269624573377,2.7083333333333335,1.5833333333333333,18.75,0.16666666666666666,28.541666666666668,4.508333333333334,0.08333333333333333,0.5,0.0,421.0,17.541666666666668,0.1543942992874109,1.0688836104513064,0.06153846153846154,0.5,0.16666666666666666,0.25,0.25,0.5,0.09230769230769231,0.5833333333333334,2023-2025,False
00-0033591,Noah Brown,WR,WAS,3,2025,2023,2,25,121,73,1103,3,1440,317,48,35.18982522891427,1,-1,0,201.2,761,6349,800,720,1502,13167,1454,51,25.0,1035.0,1684.0,32.0,1053.0,640.0,338.0,3436.0,1879.0,1290.0,121.0,73.0,786.0,317.0,1.0,7.0,48.0,121.0,13.0,7.0,8.0,21.0,39.0,13.0,36.13682522891422,0.3064610011641444,0.2986514481728448,0.10743801652892562,6.655646223146224,2.8626233397769263,11.925585585585571,14.842600906718113,4.632352941176473,3.4602594960964983,1.1720934450799692,61.26126126126126,11.664462809917357,10.76986301369863,4.375342465753424,33.0,0.6104,0.1590013140604468,0.2268073712395653,0.08055925432756325,0.10936431989063568,0.001388888888888889,0.000687757909215956,0.49019607843137253,0.39726713095836585,0.7659722222222223,11.900826446280991,0.6033057851239669,0.2908250018918535,-1.0,15.10958904109589,0.6146080760095012,41.4,0.34060670569451834,0.262015503875969,4.84,2.92,44.12,0.12,57.6,8.048,0.04,-0.04,0.0,640.0,25.6,0.1890625,1.7234375,0.05785123966942149,0.52,0.28,0.32,0.84,1.56,0.17355371900826447,0.3333333333333333,2023-2025,False
00-0033757,Robert Tonyan,TE,KC,2,2025,2023,2,14,18,12,113,0,146,57,6,3.2288187626400098,0,0,0,23.3,422,3275,455,403,1026,8308,964,34,33.0,456.0,2251.0,311.0,470.0,216.0,198.0,2307.0,1310.0,837.0,18.0,12.0,56.0,57.0,1.0,2.0,6.0,18.0,3.0,0.0,1.0,2.0,3.0,1.0,3.228818762640003,0.20372778500216732,0.17937882014666684,0.16666666666666666,,,,,,,,,8.083333333333334,4.666666666666667,4.766666666666667,11.0,0.2578151260504202,0.04265402843601896,0.044580152671755725,0.017543859649122806,0.017573423206547905,0.0,0.0,0.4117647058823529,0.09518714952425744,0.773972602739726,8.11111111111111,0.6666666666666666,0.1793788201466672,,9.416666666666666,0.2025766326077299,13.818181818181818,0.1648854961832061,0.23655913978494625,1.2857142857142858,0.8571428571428571,8.071428571428571,0.0,10.428571428571429,1.6642857142857144,0.0,0.0,0.0,216.0,15.428571428571429,0.08333333333333333,0.5231481481481481,0.1111111111111111,0.21428571428571427,0.0,0.07142857142857142,0.14285714285714285,0.21428571428571427,0.1111111111111111,0.3333333333333333,2023-2025,False
00-0033857,JuJu Smith-Schuster,WR,KC,3,2025,2023,2,39,118,80,836,4,725,440,43,-6.440005154820452,0,0,0,187.6,1293,10020,1353,990,1662,12435,1295,51,42.0,1505.0,2746.0,1.0,1537.0,897.0,552.0,3386.0,1996.0,1160.0,118.0,80.0,396.0,440.0,7.0,6.0,43.0,118.0,18.0,6.0,6.0,4.0,31.0,11.0,-6.440005154820485,0.4539279385705848,-0.05457631487136004,0.15254237288135594,6.534462059620597,2.928531712293639,6.161956521739129,7.113276167236731,4.830483870967744,5.145250408254147,-0.3147665372864039,67.3913043478261,6.157627118644067,4.95,5.4875,8.705882352941176,0.5625824175824176,0.09126063418406806,0.07235528942115768,0.07099879663056559,0.058303176517893046,0.0,0.0,0.7647058823529411,0.18753965387091248,1.153103448275862,6.1440677966101696,0.6779661016949152,-0.05457631487135976,,10.45,0.5480699198834669,35.833333333333336,0.44939879759519036,0.47586206896551725,3.0256410256410255,2.051282051282051,21.435897435897434,0.10256410256410256,18.58974358974359,4.81025641025641,0.0,0.0,0.0,897.0,23.0,0.13154960981047936,0.9319955406911928,0.05084745762711865,0.46153846153846156,0.15384615384615385,0.15384615384615385,0.10256410256410256,0.7948717948717948,0.03389830508474576,0.3548387096774194,2023-2025,False
00-0033858,Jonnu Smith,TE,PIT,3,2025,2023,3,51,235,176,1688,13,1234,1046,91,69.2576304282545,12,69,1,431.7,1598,11336,1671,1377,1598,11336,1377,51,51.0,1815.0,3299.0,5.0,1843.0,1211.0,503.0,3373.0,1856.0,1291.0,235.0,176.0,642.0,1046.0,17.0,12.0,91.0,235.0,34.0,21.0,11.0,13.0,52.0,23.0,70.2046304282545,0.5463978654017195,0.29874310820533834,0.14468085106382977,6.240902650619673,3.6758313655697243,4.918255319148935,11.56972241397384,6.281704545454545,5.214215494683294,1.0674890507712531,74.8936170212766,5.23872340425532,3.6659090909090906,5.931818181818182,10.6,0.5498039215686275,0.14705882352941177,0.10885673959068455,0.14705882352941177,0.10885673959068455,0.008714596949891068,0.008714596949891068,1.0,0.2967879530075968,1.3679092382495948,5.251063829787234,0.7489361702127659,0.29471332097129577,5.75,9.590909090909092,0.5501667171870264,35.588235294117645,0.6524784482758621,0.3896204492641363,4.607843137254902,3.450980392156863,33.09803921568628,0.2549019607843137,24.19607843137255,8.464705882352941,0.23529411764705882,1.3529411764705883,0.0196078431372549,1211.0,23.745098039215687,0.19405450041288191,1.393889347646573,0.05106382978723404,0.6666666666666666,0.4117647058823529,0.21568627450980393,0.2549019607843137,1.0196078431372548,0.05531914893617021,0.4423076923076923,2023-2025,False
00-0033881,Evan Engram,TE,DEN,3,2025,2023,2,42,283,211,1789,6,1407,968,83,12.852859245490835,1,7,0,422.59999999999997,1423,11591,1472,1100,1713,14055,1323,51,42.0,1738.0,2762.0,8.0,1784.0,1266.0,405.0,3439.0,1997.0,1195.0,283.0,211.0,829.0,960.0,7.0,19.0,83.0,283.0,24.0,4.0,7.0,14.0,70.0,27.0,15.58785924549084,0.5187554521663275,0.0550807747190489,0.08480565371024736,6.459649522108382,3.7646461135346234,4.758904593639573,10.750023565910313,4.902938388625594,4.819171201418559,0.08376718720703433,74.55830388692578,4.929328621908128,3.9440758293838867,4.565876777251185,23.470731707317075,0.633095238095238,0.1988756148981026,0.12138728323699421,0.16520723876240515,0.10010672358591248,0.0009090909090909091,0.0007558578987150416,0.8235294117647058,0.38328452061304985,1.271499644633973,4.971731448763251,0.7455830388692579,0.04541646376498528,7.0,8.47867298578199,0.6292541636495294,41.38095238095238,0.6339509263895844,0.3389121338912134,6.738095238095238,5.023809523809524,42.595238095238095,0.14285714285714285,33.5,10.061904761904762,0.023809523809523808,0.16666666666666666,0.0,1266.0,30.142857142857142,0.2235387045813586,1.4131121642969984,0.06713780918727916,0.5714285714285714,0.09523809523809523,0.16666666666666666,0.3333333333333333,1.6666666666666667,0.04946996466431095,0.38571428571428573,2023-2025,False
00-0033885,David Njoku,TE,CLE,3,2025,2023,1,38,268,178,1680,15,1329,1010,69,-20.26284784231093,0,0,0,436.0,1382,11494,1451,1013,1753,14223,1330,51,39.0,2073.0,2768.0,0.0,2123.0,1277.0,704.0,3602.0,2106.0,1244.0,268.0,178.0,670.0,1010.0,17.0,19.0,69.0,268.0,43.0,23.0,25.0,13.0,75.0,18.0,-22.36884784231097,0.5893947806774015,-0.08346585015787675,0.16044776119402984,5.661452423400969,3.197809849379402,5.081940298507462,10.45501003320375,5.965449438202246,4.522278905026669,1.443170533175576,66.41791044776122,4.896641791044776,3.7724719101123596,5.659550561797753,11.478089887640449,0.7455482456140351,0.1939218523878437,0.11562554376196277,0.1528807758128922,0.09344020248892639,0.0,0.0,0.7450980392156863,0.3718206592151395,1.2641083521444696,4.958955223880597,0.664179104477612,-0.07560764120265272,,9.438202247191011,0.7489161849710982,53.15384615384615,0.6063627730294397,0.5659163987138264,7.052631578947368,4.684210526315789,44.21052631578947,0.39473684210526316,34.973684210526315,11.473684210526315,0.0,0.0,0.0,1277.0,33.60526315789474,0.20986687548942834,1.3155833985904464,0.0708955223880597,1.131578947368421,0.6052631578947368,0.6578947368421053,0.34210526315789475,1.9736842105263157,0.048507462686567165,0.24,2023-2025,False
00-0033891,Zay Jones,WR,ARI,3,2025,2023,2,21,93,54,588,2,1231,106,26,0.7108265907545022,0,0,0,124.8,763,5958,792,562,1747,13338,1282,51,28.0,1003.0,1932.0,0.0,1031.0,649.0,301.0,3487.0,2071.0,1166.0,93.0,54.0,482.0,106.0,0.0,1.0,26.0,93.0,13.0,6.0,8.0,18.0,27.0,12.0,0.7108265907544817,0.2956696300544881,0.007643296674779374,0.13978494623655913,6.69393442622951,2.47901057387902,13.43,17.4726532404462,1.9041176470588201,1.9868346562571997,-0.0827170091983787,53.125,12.96989247311828,8.907407407407408,1.9666666666666668,,0.5562012987012986,0.1218872870249017,0.20661295736824437,0.05323411562678878,0.09229269755585545,0.0,0.0,0.4117647058823529,0.3274600006951236,0.4776604386677498,13.236559139784946,0.5806451612903226,0.007643296674779593,,10.88888888888889,0.5191511387163561,35.82142857142857,0.3133751810719459,0.258147512864494,4.428571428571429,2.5714285714285716,28.0,0.09523809523809523,58.61904761904762,5.942857142857143,0.0,0.0,0.0,649.0,30.904761904761905,0.14329738058551617,0.9060092449922958,0.010752688172043012,0.6190476190476191,0.2857142857142857,0.38095238095238093,0.8571428571428571,1.2857142857142858,0.1935483870967742,0.4444444444444444,2023-2025,False
00-0033895,Gerald Everett,TE,CHI,2,2024,2023,2,25,83,59,447,3,317,316,26,6.159907495195501,3,10,0,122.7,849,6945,895,644,1140,9267,862,34,32.0,818.0,2160.0,6.0,831.0,486.0,286.0,2351.0,1405.0,761.0,83.0,59.0,131.0,316.0,11.0,3.0,26.0,83.0,13.0,7.0,5.0,3.0,19.0,8.0,6.159907495195512,0.3534666099532114,0.07421575295416279,0.1566265060240964,5.93589285714286,3.98409619846013,3.96285714285714,5.88733416670027,5.588431372549021,4.9455329545933,0.642898417955717,72.8571428571429,3.812048192771084,2.252542372881356,5.359322033898306,5.469491525423728,0.4259529411764706,0.0977620730270907,0.04564434845212383,0.07280701754385965,0.03420740261141685,0.004658385093167702,0.0034802784222737818,0.7352941176470589,0.1785941534571227,1.4100946372239747,3.819277108433735,0.7108433734939759,0.07421575295416266,3.3333333333333335,7.576271186440678,0.3787037037037037,25.5625,0.3459074733096085,0.37582128777923784,3.32,2.36,17.88,0.12,12.68,4.908,0.12,0.4,0.0,486.0,19.44,0.17078189300411523,0.9197530864197531,0.03614457831325301,0.52,0.28,0.2,0.12,0.76,0.03614457831325301,0.42105263157894735,2023-2025,False
00-0033908,Cooper Kupp,WR,SEA,3,2025,2023,2,40,265,173,2040,13,2064,884,87,21.277887519237755,3,7,0,455.7,1185,9408,1245,1134,1551,12389,1434,51,40.0,2115.0,2568.0,11.0,2152.0,1174.0,856.0,3373.0,1756.0,1386.0,265.0,173.0,1156.0,884.0,9.0,9.0,87.0,265.0,41.0,20.0,19.0,27.0,81.0,33.0,20.11888751923778,0.6380077082715684,0.07592033026127465,0.15471698113207547,6.852887959342107,3.2316760894206955,8.055547169811321,17.748485469271667,5.307167630057807,4.242867004093563,1.0643006259642414,65.2830188679245,7.760377358490566,6.682080924855492,5.109248554913295,23.382658959537572,0.8184999999999999,0.22362869198312235,0.2193877551020408,0.1708575112830432,0.16659940269593995,0.0026455026455026454,0.0020920502092050207,0.7843137254901961,0.48901446654611214,0.9883720930232558,7.788679245283019,0.6528301886792452,0.08029391516693492,2.3333333333333335,11.791907514450868,0.8235981308411215,52.875,0.6685649202733486,0.6176046176046176,6.625,4.325,51.0,0.325,51.6,11.3925,0.075,0.175,0.0,1174.0,29.35,0.22572402044293016,1.737649063032368,0.033962264150943396,1.025,0.5,0.475,0.675,2.025,0.1018867924528302,0.4074074074074074,2023-2025,False
00-0033921,Chris Godwin Jr.,WR,TB,3,2025,2023,1,33,243,166,1960,9,1897,932,107,95.26646756869567,5,40,1,430.0,1062,8588,1093,882,1654,13337,1394,51,33.0,1719.0,2166.0,2.0,1765.0,1085.0,556.0,3464.0,1940.0,1260.0,243.0,166.0,1019.0,941.0,10.0,8.0,107.0,243.0,30.0,21.0,16.0,18.0,85.0,47.0,93.16046756869562,0.5095265588914549,0.38337640974771864,0.12345679012345678,6.728271114087036,2.979641941827152,8.064938271604943,17.93956037327803,5.890060240963853,4.4417335420914235,1.4483266988724297,68.31275720164608,7.738271604938272,6.139759036144579,5.6409638554216865,26.165060240963854,0.7963636363636364,0.2288135593220339,0.22088961341406613,0.14691656590084642,0.1422358851315888,0.005668934240362812,0.003586800573888092,0.6470588235294118,0.4978430683728971,1.033210332103321,7.806584362139918,0.6831275720164609,0.3920430764143855,8.0,11.80722891566265,0.7936288088642659,52.09090909090909,0.5592783505154639,0.44126984126984126,7.363636363636363,5.03030303030303,59.39393939393939,0.2727272727272727,57.484848484848484,13.030303030303031,0.15151515151515152,1.2121212121212122,0.030303030303030304,1085.0,32.878787878787875,0.223963133640553,1.8064516129032258,0.03292181069958848,0.9090909090909091,0.6363636363636364,0.48484848484848486,0.5454545454545454,2.5757575757575757,0.07407407407407407,0.5529411764705883,2023-2025,False
00-0033943,Josh Reynolds,WR,NYJ,3,2025,2023,3,29,109,64,903,6,1191,222,44,20.565664159734553,0,0,0,190.3,951,6972,1001,824,1595,11620,1417,51,31.0,1417.0,2105.0,1.0,1454.0,845.0,525.0,4478.0,2514.0,1667.0,109.0,64.0,681.0,222.0,4.0,4.0,44.0,109.0,16.0,9.0,11.0,16.0,30.0,15.0,19.51266415973455,0.3246985261277356,0.17901526752050045,0.14678899082568808,5.765,2.49745987118441,11.148125,17.7662901651427,4.96475,4.0006322476732,0.964117752326801,62.5,10.876146788990825,10.6484375,3.459375,16.872549019607842,0.6786680189317106,0.11461619348054679,0.17082616179001722,0.06833855799373041,0.10249569707401032,0.0,0.0,0.5686274509803921,0.2915026034738322,0.7581863979848866,10.926605504587156,0.5871559633027523,0.1886758179792161,,14.109375,0.6731591448931117,45.70967741935484,0.33611774065234684,0.3149370125974805,3.7586206896551726,2.206896551724138,31.137931034482758,0.20689655172413793,41.06896551724138,6.562068965517242,0.0,0.0,0.0,845.0,29.137931034482758,0.1289940828402367,1.0686390532544379,0.03669724770642202,0.5517241379310345,0.3103448275862069,0.3793103448275862,0.5517241379310345,1.0344827586206897,0.14678899082568808,0.5,2023-2025,False
00-0034054,River Cracraft,WR,MIA,2,2024,2023,1,11,21,16,187,1,163,60,12,10.553357265365769,0,0,0,40.7,360,2770,374,295,1117,8017,904,34,18.0,305.0,1183.0,29.0,309.0,152.0,132.0,2281.0,1273.0,855.0,21.0,16.0,127.0,60.0,0.0,2.0,12.0,21.0,5.0,5.0,3.0,0.0,6.0,2.0,10.553357265365776,0.13546690048224463,0.5025408221602751,0.23809523809523808,,,,,,,,,7.785714285714286,7.956250000000001,3.7375000000000003,,0.2545,0.058333333333333334,0.058844765342960285,0.018800358102059087,0.020331794935761507,0.0,0.0,0.3235294117647059,0.1286913357400722,1.147239263803681,7.761904761904762,0.7619047619047619,0.5025408221602747,,11.6875,0.2578191039729501,16.944444444444443,0.11940298507462686,0.1543859649122807,1.9090909090909092,1.4545454545454546,17.0,0.09090909090909091,14.818181818181818,3.7,0.0,0.0,0.0,152.0,13.818181818181818,0.13815789473684212,1.230263157894737,0.09523809523809523,0.45454545454545453,0.45454545454545453,0.2727272727272727,0.0,0.5454545454545454,0.0,0.3333333333333333,2023-2025,False
00-0034073,Ross Dwelley,TE,DET,3,2025,2023,3,10,8,4,24,0,19,23,1,-1.855215246730955,0,0,0,6.4,279,1934,299,273,1560,12216,1436,51,36.0,299.0,2596.0,488.0,310.0,80.0,175.0,3380.0,1761.0,1381.0,8.0,4.0,1.0,23.0,0.0,0.0,1.0,8.0,4.0,2.0,1.0,0.0,0.0,0.0,-1.8552152467309497,0.09171597633136094,-0.23190190584136872,0.5,,,,,,,,,2.375,0.25,5.75,,0.12778698752228163,0.02867383512544803,0.00982419855222337,0.005128205128205128,0.001555337262606418,0.0,0.0,0.19607843137254902,0.0498876916747284,1.263157894736842,2.375,0.5,-0.23190190584136938,,6.0,0.11517719568567027,8.305555555555555,0.045428733674048836,0.12671976828385229,0.8,0.4,2.4,0.0,1.9,0.64,0.0,0.0,0.0,80.0,8.0,0.1,0.3,0.0,0.4,0.2,0.1,0.0,0.0,0.0,,2023-2025,False
00-0034159,Will Dissly,TE,LAC,3,2025,2023,2,36,102,78,750,3,429,489,37,26.986162112055602,0,0,0,171.0,1131,9593,1186,909,1582,13030,1311,51,40.0,1109.0,2527.0,251.0,1143.0,598.0,457.0,3356.0,1903.0,1180.0,102.0,78.0,261.0,489.0,7.0,6.0,37.0,102.0,11.0,2.0,2.0,2.0,16.0,5.0,26.98616211205561,0.3405840286054827,0.2645702167848589,0.10784313725490197,5.98392156862745,3.32570433292873,4.398125,6.65358704644841,6.177800000000001,5.32287291830173,0.8549270816982751,78.125,4.196078431372549,3.378205128205128,6.303846153846154,10.77462686567164,0.4449440586419753,0.09018567639257294,0.04472010841238403,0.06447534766118837,0.03292402148887184,0.0,0.0,0.7058823529411765,0.16658259047752824,1.7482517482517483,4.205882352941177,0.7647058823529411,0.26457021678485887,,9.615384615384615,0.43886030866640285,27.725,0.31424067262217553,0.38728813559322034,2.8333333333333335,2.1666666666666665,20.833333333333332,0.08333333333333333,11.916666666666666,4.75,0.0,0.0,0.0,598.0,16.61111111111111,0.1705685618729097,1.254180602006689,0.058823529411764705,0.3055555555555556,0.05555555555555555,0.05555555555555555,0.05555555555555555,0.4444444444444444,0.0196078431372549,0.3125,2023-2025,False
00-0034193,Kevin Rader,TE,TEN,1,2023,2023,1,7,3,1,6,0,32,4,0,-1.121324737323451,0,0,0,1.6,201,1773,210,191,478,4569,444,17,14.0,146.0,874.0,219.0,151.0,52.0,78.0,1089.0,576.0,411.0,3.0,1.0,2.0,4.0,0.0,0.0,,3.0,1.0,1.0,1.0,1.0,0.0,0.0,-1.121324737323448,0.1386593204775023,-0.37377491244114935,0.3333333333333333,,,,,,,,,10.699999999999998,2.0,4.0,,0.16857142857142857,0.014925373134328358,0.01804850535815003,0.006276150627615063,0.007003720726636025,0.0,0.0,0.4117647058823529,0.035022013452197555,0.1875,10.666666666666666,0.3333333333333333,-0.3737749124411503,,6.0,0.16704805491990846,10.428571428571429,0.09027777777777778,0.1897810218978102,0.42857142857142855,0.14285714285714285,0.8571428571428571,0.0,4.571428571428571,0.2285714285714286,0.0,0.0,0.0,52.0,7.428571428571429,0.057692307692307696,0.11538461538461539,0.0,0.14285714285714285,0.14285714285714285,0.14285714285714285,0.14285714285714285,0.0,0.3333333333333333,,2023-2025,True
00-0034270,Tyler Conklin,TE,LAC,3,2025,2023,2,39,169,119,1171,4,998,565,54,13.866372503835512,3,2,0,262.3,1344,9439,1410,873,1696,12665,1217,51,43.0,1746.0,2985.0,143.0,1801.0,1126.0,539.0,3419.0,2047.0,1121.0,169.0,119.0,607.0,564.0,3.0,5.0,54.0,169.0,18.0,14.0,8.0,12.0,56.0,20.0,12.81337250383553,0.5267622111728576,0.07581877221204456,0.10650887573964497,6.057803664205632,3.8459721878176367,6.033584905660378,12.678147105160791,4.9139285714285705,4.8212701595149445,0.09265841191362911,70.44025157232711,5.905917159763314,5.1344537815126055,4.712605042016806,28.080882352941178,0.6642011834319527,0.12574404761904762,0.10573153935798284,0.09964622641509434,0.0787998420844848,0.003436426116838488,0.0024650780608052587,0.7647058823529411,0.2626281489791594,1.1733466933867736,5.905325443786983,0.7041420118343196,0.08204954144281368,0.6666666666666666,9.840336134453782,0.5849246231155779,40.604651162790695,0.5500732779677577,0.4808206958073149,4.333333333333333,3.051282051282051,30.025641025641026,0.10256410256410256,25.58974358974359,6.725641025641026,0.07692307692307693,0.05128205128205128,0.0,1126.0,28.871794871794872,0.15008880994671403,1.0399644760213145,0.029585798816568046,0.46153846153846156,0.358974358974359,0.20512820512820512,0.3076923076923077,1.435897435897436,0.07100591715976332,0.35714285714285715,2023-2025,False
00-0034272,Marquez Valdes-Scantling,WR,PIT,3,2025,2023,3,38,115,54,846,6,1861,263,34,7.874998670466687,1,4,0,173.0,1281,9688,1359,961,1638,11805,1268,51,40.0,1435.0,2643.0,1.0,1463.0,959.0,403.0,5587.0,3135.0,2039.0,115.0,54.0,583.0,263.0,2.0,5.0,34.0,115.0,12.0,5.0,13.0,36.0,36.0,13.0,7.874998670466685,0.2618578843744407,0.06847824930840596,0.10434782608695652,,,,,,,,,16.198260869565214,10.794444444444444,4.868518518518518,20.05,0.5417481203007518,0.0897736143637783,0.1920933113129645,0.07020757020757021,0.15764506565014824,0.001040582726326743,0.0007886435331230284,0.7450980392156863,0.2691257394647426,0.45459430413756047,16.182608695652174,0.46956521739130436,0.06847824930840597,4.0,15.666666666666666,0.5429436246689369,35.875,0.30590111642743223,0.19764590485532124,3.026315789473684,1.4210526315789473,22.263157894736842,0.15789473684210525,48.973684210526315,4.552631578947368,0.02631578947368421,0.10526315789473684,0.0,959.0,25.236842105263158,0.11991657977059438,0.8821689259645464,0.043478260869565216,0.3157894736842105,0.13157894736842105,0.34210526315789475,0.9473684210526315,0.9473684210526315,0.3130434782608696,0.3611111111111111,2023-2025,False
00-0034279,Equanimeous St. Brown,WR,CHI,1,2023,2023,1,5,6,5,62,0,53,7,3,2.9717228445224535,0,0,0,11.2,127,1190,136,171,477,3775,534,17,7.0,213.0,475.0,6.0,216.0,114.0,89.0,1165.0,621.0,474.0,6.0,5.0,55.0,7.0,0.0,0.0,3.0,6.0,0.0,0.0,0.0,0.0,0.0,0.0,2.9717228445224464,0.1854077253218884,0.4952871407537411,0.0,,,,,,,,,8.8,11.0,1.4,,0.4514285714285714,0.047244094488188976,0.04453781512605042,0.012578616352201259,0.01403973509933775,0.0,0.0,0.29411764705882354,0.10204261232051876,1.169811320754717,8.833333333333334,0.8333333333333334,0.49528714075374225,,12.4,0.44842105263157894,30.428571428571427,0.18357487922705315,0.1877637130801688,1.2,1.0,12.4,0.0,10.6,2.2399999999999998,0.0,0.0,0.0,114.0,22.8,0.05263157894736842,0.543859649122807,0.0,0.0,0.0,0.0,0.0,0.0,0.0,,2023-2025,True
00-0034286,Richie James,WR,KC,1,2023,2023,1,9,14,10,114,0,129,61,5,4.213202292536159,0,0,0,21.400000000000002,311,2061,332,206,599,4095,417,17,9.0,137.0,578.0,80.0,138.0,102.0,29.0,1155.0,715.0,346.0,14.0,10.0,53.0,61.0,1.0,2.0,5.0,14.0,1.0,0.0,0.0,2.0,4.0,2.0,4.2132022925361525,0.11948051948051948,0.30094302089543945,0.07142857142857142,,,,,,,,,9.2,5.3,6.1,10.0,0.2422222222222222,0.04501607717041801,0.06259097525473072,0.02337228714524207,0.0315018315018315,0.0,0.0,0.5294117647058824,0.11133779843393851,0.8837209302325582,9.214285714285714,0.7142857142857143,0.3009430208954399,,11.4,0.2370242214532872,15.222222222222221,0.14265734265734265,0.0838150289017341,1.5555555555555556,1.1111111111111112,12.666666666666666,0.0,14.333333333333334,2.377777777777778,0.0,0.0,0.0,102.0,11.333333333333334,0.13725490196078433,1.1176470588235294,0.14285714285714285,0.1111111111111111,0.0,0.0,0.2222222222222222,0.4444444444444444,0.14285714285714285,0.5,2023-2025,True
00-0034297,Byron Pringle,WR,WAS,1,2023,2023,1,13,22,14,161,0,297,31,7,1.0596630637301123,0,0,0,30.1,500,3918,530,268,601,4767,359,17,16.0,183.0,1107.0,195.0,184.0,105.0,70.0,1132.0,737.0,326.0,22.0,14.0,130.0,31.0,0.0,0.0,7.0,22.0,0.0,0.0,0.0,4.0,7.0,3.0,1.0596630637301132,0.1625441696113074,0.04816650289682333,0.0,,,,,,,,,13.5,9.3,2.2,,0.16411764705882353,0.044,0.07580398162327719,0.036605657237936774,0.062303335431088736,0.0,0.0,0.7647058823529411,0.11906278713629403,0.5420875420875421,13.5,0.6363636363636364,0.04816650289682329,,11.5,0.16531165311653118,11.4375,0.14246947082767977,0.2147239263803681,1.6923076923076923,1.0769230769230769,12.384615384615385,0.0,22.846153846153847,2.3153846153846156,0.0,0.0,0.0,105.0,8.076923076923077,0.20952380952380953,1.5333333333333334,0.0,0.0,0.0,0.0,0.3076923076923077,0.5384615384615384,0.18181818181818182,0.42857142857142855,2023-2025,True
00-0034317,Keith Kirkwood,WR,NO,1,2023,2023,1,7,9,5,37,1,91,1,3,2.257762150780767,0,0,0,14.700000000000001,231,2079,237,196,579,5016,480,17,13.0,236.0,895.0,89.0,240.0,77.0,146.0,1192.0,655.0,457.0,9.0,5.0,36.0,1.0,0.0,1.0,3.0,9.0,3.0,2.0,3.0,0.0,2.0,2.0,2.2577621507807635,0.20134228187919462,0.2508624611978626,0.3333333333333333,,,,,,,,,10.1,7.2,0.2,,0.27153846153846156,0.03896103896103896,0.04377104377104377,0.015544041450777202,0.01814194577352472,0.0,0.0,0.4117647058823529,0.08908128908128908,0.4065934065934066,10.11111111111111,0.5555555555555556,0.250862461197863,,7.4,0.2636871508379888,18.153846153846153,0.11755725190839694,0.31947483588621445,1.2857142857142858,0.7142857142857143,5.285714285714286,0.14285714285714285,13.0,2.1,0.0,0.0,0.0,77.0,11.0,0.11688311688311688,0.4805194805194805,0.1111111111111111,0.42857142857142855,0.2857142857142857,0.42857142857142855,0.0,0.2857142857142857,0.0,1.0,2023-2025,True
00-0034348,Courtland Sutton,WR,DEN,3,2025,2023,1,49,349,214,2870,25,4389,557,146,104.78442717985686,0,0,0,650.2,1555,11968,1638,1300,1610,12372,1368,51,50.0,2693.0,3245.0,5.0,2750.0,1674.0,898.0,3401.0,1924.0,1220.0,349.0,214.0,2313.0,557.0,4.0,23.0,146.0,349.0,60.0,23.0,46.0,66.0,125.0,64.0,104.67842717985691,0.808585710085269,0.29993818676176764,0.17191977077363896,5.827868409301448,2.5186564959058426,12.851346704871085,37.90454355028846,2.9253271028037386,2.9437971634489086,-0.01847006064516948,61.31805157593123,12.554727793696276,10.768691588785046,2.586915887850467,54.12129032258064,0.8307683073229293,0.22443729903536977,0.36672794117647056,0.21677018633540374,0.3547526673132881,0.0,0.0,0.9607843137254902,0.593365507376584,0.6539074960127592,12.57593123209169,0.6131805157593123,0.30024191169013426,,13.411214953271028,0.8298921417565486,53.86,0.8700623700623701,0.7360655737704918,7.122448979591836,4.36734693877551,58.57142857142857,0.5102040816326531,89.57142857142857,13.269387755102041,0.0,0.0,0.0,1674.0,34.16326530612245,0.2084826762246117,1.7144563918757467,0.0659025787965616,1.2244897959183674,0.46938775510204084,0.9387755102040817,1.346938775510204,2.5510204081632653,0.18911174785100288,0.512,2023-2025,False
00-0034351,Dallas Goedert,TE,PHI,3,2025,2023,1,39,217,161,1679,16,1371,810,87,71.6371413508603,1,1,0,425.0,1112,10238,1186,1195,1407,12810,1609,51,39.0,2042.0,2557.0,9.0,2092.0,1131.0,816.0,3469.0,1763.0,1445.0,217.0,161.0,869.0,810.0,7.0,7.0,87.0,217.0,34.0,15.0,14.0,11.0,49.0,23.0,71.63714135086029,0.6030556356298645,0.33012507534958657,0.15668202764976957,6.230657866601333,3.1481410735217783,6.418248847926267,11.588426792346674,5.17770186335404,4.471203370561785,0.7064984927922554,74.1935483870968,6.377880184331797,5.408695652173913,5.0236024844720495,23.742236024844722,0.7953846153846154,0.19514388489208634,0.1339128736081266,0.15422885572139303,0.10702576112412178,0.0008368200836820083,0.0006215040397762585,0.7647058823529411,0.38645483886381815,1.2246535375638221,6.317972350230415,0.7419354838709677,0.3301250753495866,1.0,10.428571428571429,0.798592100117325,52.35897435897436,0.6415201361315939,0.5647058823529412,5.564102564102564,4.128205128205129,43.05128205128205,0.41025641025641024,35.15384615384615,10.897435897435898,0.02564102564102564,0.02564102564102564,0.0,1131.0,29.0,0.1918656056587091,1.484526967285588,0.03225806451612903,0.8717948717948718,0.38461538461538464,0.358974358974359,0.28205128205128205,1.2564102564102564,0.05069124423963134,0.46938775510204084,2023-2025,False
00-0034353,Anthony Miller,WR,BAL,1,2024,2024,1,1,1,1,16,0,15,1,1,2.18093416257761,0,0,0,2.6,16,191,17,43,457,4162,554,17,2.0,9.0,125.0,4.0,10.0,3.0,6.0,1137.0,543.0,509.0,1.0,1.0,15.0,1.0,0.0,0.0,1.0,1.0,0.0,0.0,0.0,0.0,1.0,1.0,2.180934162577614,0.008795074758135445,2.180934162577614,0.0,,,,,,,,,15.0,15.0,1.0,,0.075,0.0625,0.07853403141361257,0.002188183807439825,0.0036040365209034117,0.0,0.0,0.058823529411764705,0.1487238219895288,1.0666666666666667,15.0,1.0,2.18093416257761,,16.0,0.072,4.5,0.0055248618784530384,0.011787819253438114,1.0,1.0,16.0,0.0,15.0,2.6,0.0,0.0,0.0,3.0,3.0,0.3333333333333333,5.333333333333333,0.0,0.0,0.0,0.0,0.0,1.0,0.0,1.0,2023-2025,True
00-0034364,Jordan Akins,TE,CLE,2,2024,2023,1,29,81,55,522,2,448,245,26,9.955719149003773,0,0,0,119.2,1062,9282,1107,767,1231,10438,909,34,34.0,687.0,2420.0,288.0,708.0,454.0,197.0,2480.0,1465.0,848.0,81.0,55.0,287.0,235.0,4.0,3.0,26.0,81.0,7.0,4.0,2.0,2.0,20.0,9.0,9.95571914900379,0.2854838709677419,0.12291011295066409,0.08641975308641975,4.82297297297297,4.01824000661571,5.98965517241379,7.05180253329003,4.93525,4.52178476127864,0.41346523872136,68.9655172413793,5.630864197530864,5.1909090909090905,4.263636363636364,30.454545454545453,0.30336713995943204,0.07627118644067797,0.048265460030165915,0.06580016246953696,0.042920099635945584,0.0,0.0,0.8529411764705882,0.14819260168213308,1.1651785714285714,5.530864197530864,0.6790123456790124,0.12291011295066387,,9.49090909090909,0.28388429752066113,20.205882352941178,0.3098976109215017,0.23231132075471697,2.793103448275862,1.896551724137931,18.0,0.06896551724137931,15.448275862068966,4.110344827586207,0.0,0.0,0.0,454.0,15.655172413793103,0.17841409691629956,1.1497797356828194,0.037037037037037035,0.2413793103448276,0.13793103448275862,0.06896551724137931,0.06896551724137931,0.6896551724137931,0.024691358024691357,0.45,2023-2025,False
00-0034365,Ian Thomas,TE,LV,3,2025,2023,2,20,28,21,177,0,144,111,7,-7.7270894306711835,0,0,0,38.7,623,4249,665,478,1546,12154,1224,51,32.0,628.0,1996.0,210.0,648.0,276.0,333.0,3289.0,1911.0,1130.0,28.0,21.0,66.0,111.0,1.0,2.0,7.0,28.0,2.0,1.0,1.0,3.0,7.0,2.0,-7.727089430671185,0.1970203709334144,-0.27596747966682805,0.07142857142857142,,,,,,,,,5.182142857142857,3.119047619047619,5.261904761904762,5.0,0.32030000000000003,0.0449438202247191,0.033890327135796657,0.018111254851228976,0.0118479512917558,0.0,0.0,0.39215686274509803,0.09113895933213631,1.2291666666666667,5.142857142857143,0.75,-0.275967479666828,,8.428571428571429,0.31462925851703405,19.625,0.14442700156985872,0.29469026548672567,1.4,1.05,8.85,0.0,7.2,1.935,0.0,0.0,0.0,276.0,13.8,0.10144927536231885,0.6413043478260869,0.07142857142857142,0.1,0.05,0.05,0.15,0.35,0.10714285714285714,0.2857142857142857,2023-2025,False
00-0034383,Dalton Schultz,TE,HOU,3,2025,2023,1,49,279,194,1944,10,2012,831,100,64.44784434882584,0,0,0,446.40000000000003,1612,14028,1688,1304,1666,14595,1353,51,49.0,2431.0,3277.0,15.0,2482.0,1578.0,712.0,3484.0,1970.0,1262.0,279.0,194.0,1113.0,831.0,11.0,9.0,100.0,279.0,33.0,13.0,17.0,17.0,92.0,40.0,66.34184434882586,0.7123995407577497,0.2377843883470461,0.11827956989247312,5.993781590500493,3.442302510348399,7.209784946236561,14.279194491663711,4.491701030927835,4.222238997731963,0.2694620331958736,69.53405017921152,7.188888888888889,5.741237113402062,4.290721649484537,18.97304964539007,0.7402040816326529,0.17307692307692307,0.14342743085258056,0.1674669867947179,0.13785542994176087,0.0,0.0,0.9607843137254902,0.36001458621219096,0.9662027833001988,7.211469534050179,0.6953405017921147,0.2309958578810962,,10.02061855670103,0.7418370460787306,49.61224489795919,0.8010152284263959,0.5641838351822503,5.6938775510204085,3.9591836734693877,39.673469387755105,0.20408163265306123,41.06122448979592,9.110204081632654,0.0,0.0,0.0,1578.0,32.204081632653065,0.17680608365019013,1.231939163498099,0.03225806451612903,0.673469387755102,0.2653061224489796,0.3469387755102041,0.3469387755102041,1.8775510204081634,0.06093189964157706,0.43478260869565216,2023-2025,False
00-0034386,Justin Watson,WR,HOU,3,2025,2023,2,33,89,52,779,5,1447,129,35,24.73395743978495,0,0,0,157.9,1109,7410,1167,835,1724,12666,1342,51,36.0,1290.0,2390.0,188.0,1316.0,796.0,438.0,3502.0,2043.0,1192.0,89.0,52.0,650.0,129.0,0.0,6.0,35.0,89.0,12.0,5.0,11.0,27.0,37.0,19.0,24.73395743978495,0.3757852655625357,0.2779096341548871,0.1348314606741573,6.00918367346939,2.48039172243411,17.5423076923077,23.3625471886573,2.28115384615385,3.23267616359158,-0.951522317437735,50.0,16.22359550561798,12.48076923076923,2.4653846153846155,,0.5367557932263815,0.08025247971145176,0.19527665317139,0.05162412993039443,0.11424285488709932,0.0,0.0,0.6470588235294118,0.25707237678715067,0.5383552176917761,16.258426966292134,0.5842696629213483,0.2779096341548871,,14.98076923076923,0.5397489539748954,35.833333333333336,0.38962310327949096,0.3674496644295302,2.696969696969697,1.5757575757575757,23.606060606060606,0.15151515151515152,43.84848484848485,4.784848484848485,0.0,0.0,0.0,796.0,24.12121212121212,0.11180904522613065,0.9786432160804021,0.06741573033707865,0.36363636363636365,0.15151515151515152,0.3333333333333333,0.8181818181818182,1.121212121212121,0.30337078651685395,0.5135135135135135,2023-2025,False
00-0034407,Ray-Ray McCloud,WR,ATL,3,2025,2023,2,35,117,81,890,1,767,468,40,-1.4420535857081802,13,109,0,184.9,1055,8692,1095,1038,1529,12654,1471,51,34.0,1401.0,2303.0,193.0,1429.0,812.0,520.0,4589.0,2350.0,1871.0,117.0,81.0,422.0,468.0,1.0,4.0,40.0,117.0,8.0,1.0,3.0,5.0,33.0,16.0,-1.4420535857081695,0.31139681847897144,-0.012325244322292048,0.06837606837606838,8.14394736842105,3.18788919801464,6.72045977011494,13.054214688559101,5.636612903225811,4.46505894762189,1.17155395560392,71.264367816092,6.582051282051283,5.240740740740741,5.785185185185186,62.0,0.5982857142857142,0.11090047393364928,0.08824206166589968,0.07652060170045781,0.06061324482377114,0.012524084778420038,0.008837525492861998,0.6862745098039216,0.2281201540666037,1.1603650586701435,6.555555555555555,0.6923076923076923,-0.012325244322292138,8.384615384615385,10.987654320987655,0.6083369518019974,41.205882352941174,0.345531914893617,0.27792624265098875,3.342857142857143,2.3142857142857145,25.428571428571427,0.02857142857142857,21.914285714285715,5.282857142857143,0.37142857142857144,3.1142857142857143,0.0,812.0,23.2,0.1440886699507389,1.0960591133004927,0.03418803418803419,0.22857142857142856,0.02857142857142857,0.08571428571428572,0.14285714285714285,0.9428571428571428,0.042735042735042736,0.48484848484848486,2023-2025,False
00-0034418,Cedrick Wilson Jr.,WR,MIA,3,2025,2023,2,30,74,47,551,4,704,171,25,0.7843006597335522,0,0,0,130.94,918,7474,962,766,1528,12098,1332,51,40.0,1135.0,2517.0,176.0,1162.0,552.0,540.0,3237.0,1764.0,1259.0,74.0,47.0,380.0,171.0,2.0,4.0,25.0,74.0,9.0,6.0,7.0,8.0,20.0,8.0,0.7843006597335394,0.358974358974359,0.010598657563966747,0.12162162162162163,,,,,,,,,9.402702702702703,8.10212765957447,3.663829787234042,17.0,0.4530666666666666,0.08061002178649238,0.0941932031040942,0.04842931937172775,0.05819143660109109,0.0,0.0,0.5882352941176471,0.1868502748526045,0.7826704545454546,9.513513513513514,0.6351351351351351,0.010598657563966923,,11.72340425531915,0.4509336511720302,28.375,0.3129251700680272,0.4289118347895155,2.466666666666667,1.5666666666666667,18.366666666666667,0.13333333333333333,23.466666666666665,4.3646666666666665,0.0,0.0,0.0,552.0,18.4,0.13405797101449277,0.9981884057971014,0.05405405405405406,0.3,0.2,0.23333333333333334,0.26666666666666666,0.6666666666666666,0.10810810810810811,0.4,2023-2025,False
00-0034419,Braxton Berrios,WR,HOU,3,2025,2023,2,26,45,33,275,1,279,103,18,4.212452105159177,1,11,0,67.6,858,6950,887,719,1670,12782,1379,51,25.0,628.0,1747.0,209.0,645.0,443.0,156.0,3461.0,1921.0,1300.0,45.0,33.0,172.0,103.0,1.0,1.0,18.0,45.0,5.0,1.0,3.0,1.0,20.0,13.0,4.212452105159173,0.18636232302802658,0.09361004678131495,0.1111111111111111,,,,,,,,,6.317777777777777,5.245454545454546,3.081818181818182,27.0,0.36307692307692313,0.05244755244755245,0.04014388489208633,0.02694610778443114,0.021827570020341105,0.0013908205841446453,0.0007251631617113851,0.5098039215686274,0.10677204809578911,0.985663082437276,6.2,0.7333333333333333,0.09361004678131504,11.0,8.333333333333334,0.3594733829421866,25.12,0.230609057782405,0.12,1.7307692307692308,1.2692307692307692,10.576923076923077,0.038461538461538464,10.73076923076923,2.5999999999999996,0.038461538461538464,0.4230769230769231,0.0,443.0,17.03846153846154,0.10158013544018059,0.6207674943566591,0.022222222222222223,0.19230769230769232,0.038461538461538464,0.11538461538461539,0.038461538461538464,0.7692307692307693,0.022222222222222223,0.65,2023-2025,False
00-0034487,Trent Sherfield,WR,DEN,3,2025,2023,3,28,36,22,190,2,289,103,9,-1.1005003258592323,0,0,0,53.0,924,8169,978,769,1646,14135,1425,51,46.0,757.0,3078.0,555.0,778.0,320.0,376.0,4670.0,2702.0,1610.0,36.0,22.0,87.0,103.0,2.0,1.0,9.0,36.0,6.0,2.0,3.0,4.0,8.0,3.0,-1.100500325859243,0.16659528907922913,-0.030569453496090082,0.16666666666666666,,,,,,,,,8.005555555555555,3.977272727272727,4.709090909090909,5.5,0.2426750700280112,0.03896103896103896,0.03537764720284001,0.02187120291616039,0.020445702157764416,0.0,0.0,0.5490196078431373,0.08320591148354645,0.657439446366782,8.027777777777779,0.6111111111111112,-0.030569453496089787,,8.636363636363637,0.24593892137751786,16.456521739130434,0.11843079200592153,0.23354037267080746,1.2857142857142858,0.7857142857142857,6.785714285714286,0.07142857142857142,10.321428571428571,1.8928571428571428,0.0,0.0,0.0,320.0,11.428571428571429,0.1125,0.59375,0.027777777777777776,0.21428571428571427,0.07142857142857142,0.10714285714285714,0.14285714285714285,0.2857142857142857,0.1111111111111111,0.375,2023-2025,False
00-0034521,Allen Lazard,WR,NYJ,3,2025,2023,1,35,128,70,911,8,1425,244,50,20.645723190563313,0,0,0,209.1,1186,8844,1246,804,1624,11523,1207,51,36.0,1584.0,2319.0,1.0,1625.0,1045.0,473.0,3322.0,1979.0,1109.0,127.0,70.0,667.0,244.0,1.0,11.0,50.0,128.0,22.0,9.0,10.0,20.0,36.0,17.0,20.645723190563267,0.48916315472606864,0.16129471242627552,0.171875,5.74871291866029,2.428915982893205,11.276850000000014,15.910133135878894,3.8421666666666683,3.4806835888084526,0.36148307785821826,55.10606060606063,11.0234375,9.514285714285714,3.48,23.0,0.6991428571428571,0.10792580101180438,0.16112618724559022,0.07881773399014778,0.12366571205415257,0.0,0.0,0.6862745098039216,0.27467703258961973,0.639298245614035,11.1328125,0.546875,0.16129471242627588,,13.014285714285714,0.6830530401034929,44.0,0.528044466902476,0.4265103697024346,3.657142857142857,2.0,26.02857142857143,0.22857142857142856,40.714285714285715,5.974285714285714,0.0,0.0,0.0,1045.0,29.857142857142858,0.12248803827751197,0.8717703349282296,0.08661417322834646,0.6285714285714286,0.2571428571428571,0.2857142857142857,0.5714285714285714,1.0285714285714285,0.15625,0.4722222222222222,2023-2025,False
00-0034575,David Wells,TE,TB,1,2023,2023,1,1,2,2,-10,0,0,-10,1,-1.78414864093065,0,0,0,1.0,32,252,34,34,550,4865,439,17,5.0,43.0,313.0,22.0,45.0,16.0,18.0,1131.0,641.0,395.0,2.0,2.0,1.0,-11.0,1.0,0.0,1.0,2.0,0.0,0.0,0.0,0.0,1.0,1.0,-1.7841486409306526,0.03978779840848806,-0.8920743204653263,0.0,,,,,,,,,0.5,0.5,-5.5,2.0,0.132,0.0625,0.0,0.0036363636363636364,0.0,0.0,0.0,0.058823529411764705,0.09375,,0.0,1.0,-0.892074320465325,,-5.0,0.13738019169329074,8.6,0.0249609984399376,0.04556962025316456,2.0,2.0,-10.0,0.0,0.0,1.0,0.0,0.0,0.0,16.0,16.0,0.125,-0.625,0.0,0.0,0.0,0.0,0.0,1.0,0.0,1.0,2023-2025,True
00-0034613,Tanner Hudson,TE,CIN,3,2025,2023,1,31,97,77,674,4,486,328,38,18.212930080191363,1,1,0,166.5,1133,8289,1187,711,1828,13199,1144,51,36.0,543.0,2483.0,486.0,568.0,429.0,71.0,3441.0,2109.0,1061.0,97.0,77.0,346.0,328.0,3.0,2.0,38.0,97.0,13.0,6.0,4.0,2.0,38.0,19.0,19.159930080191323,0.16506829410055215,0.1975250523731064,0.13402061855670103,6.30473684210526,3.06839332979762,5.1112,6.812099499941359,4.06820512820513,3.79839917758464,0.269805950620487,78.0,5.04020618556701,4.484415584415585,4.268831168831169,19.336206896551722,0.2306060606060606,0.08561341571050309,0.05863192182410423,0.05306345733041575,0.03682097128570346,0.0014064697609001407,0.0008741258741258741,0.6078431372549019,0.1694624688426276,1.3868312757201646,5.010309278350515,0.7938144329896907,0.1877621657751687,1.0,8.753246753246753,0.21868707209021346,15.083333333333334,0.2034139402560455,0.06691800188501414,3.129032258064516,2.4838709677419355,21.741935483870968,0.12903225806451613,15.67741935483871,5.370967741935484,0.03225806451612903,0.03225806451612903,0.0,429.0,13.838709677419354,0.2261072261072261,1.5710955710955712,0.020618556701030927,0.41935483870967744,0.1935483870967742,0.12903225806451613,0.06451612903225806,1.2258064516129032,0.020618556701030927,0.5,2023-2025,False
00-0034646,Brandon Powell,WR,MIN,2,2024,2023,1,33,54,36,395,1,434,116,23,3.626800330646657,5,17,0,83.19999999999999,1095,9264,1151,826,1123,9555,850,34,32.0,620.0,2238.0,158.0,632.0,408.0,173.0,2306.0,1335.0,772.0,54.0,36.0,279.0,116.0,1.0,1.0,23.0,54.0,7.0,4.0,3.0,5.0,25.0,11.0,3.626800330646667,0.2740676496097138,0.06716296908604939,0.12962962962962962,,,,,,,,,7.981481481481482,7.7555555555555555,3.230555555555556,29.0,0.2794474153297683,0.049315068493150684,0.046848013816925736,0.04808548530721282,0.04542124542124542,0.006053268765133172,0.0058823529411764705,0.9705882352941176,0.10676621241157405,0.9101382488479263,8.037037037037036,0.6666666666666666,0.0671629690860492,3.4,10.972222222222221,0.2770330652368186,19.375,0.3056179775280899,0.22409326424870465,1.6363636363636365,1.0909090909090908,11.969696969696969,0.030303030303030304,13.151515151515152,2.521212121212121,0.15151515151515152,0.5151515151515151,0.0,408.0,12.363636363636363,0.1323529411764706,0.9681372549019608,0.018518518518518517,0.21212121212121213,0.12121212121212122,0.09090909090909091,0.15151515151515152,0.7575757575757576,0.09259259259259259,0.44,2023-2025,False
00-0034753,Mark Andrews,TE,BAL,3,2025,2023,1,44,200,148,1639,22,1682,506,90,84.82837538821343,15,53,1,455.20000000000005,1144,10072,1187,1384,1340,11673,1602,51,44.0,1779.0,2791.0,10.0,1815.0,1031.0,658.0,3341.0,1654.0,1427.0,200.0,148.0,1134.0,505.0,6.0,10.0,90.0,200.0,45.0,22.0,26.0,13.0,50.0,28.0,84.82837538821337,0.5432505237952708,0.42414187694106686,0.225,5.060274092970523,3.2300438689853923,8.738750000000014,15.260178622684844,3.7070270270270247,3.76550873477034,-0.05848170774331474,74.0,8.439,7.662837837837839,3.404054054054054,39.442567567567565,0.6331818181818182,0.17482517482517482,0.1669976171564734,0.14925373134328357,0.14409320654501842,0.01083815028901734,0.009363295880149813,0.8627450980392157,0.3791360942472936,0.974435196195006,8.41,0.74,0.42414187694106714,3.533333333333333,11.074324324324325,0.6374059476890004,40.43181818181818,0.6233373639661427,0.4611072179397337,4.545454545454546,3.3636363636363638,37.25,0.5,38.22727272727273,10.345454545454546,0.3409090909090909,1.2045454545454546,0.022727272727272728,1031.0,23.431818181818183,0.19398642095053345,1.5897187196896216,0.05,1.0227272727272727,0.5,0.5909090909090909,0.29545454545454547,1.1363636363636365,0.065,0.56,2023-2025,False
00-0034764,Michael Gallup,WR,DAL,1,2023,2023,1,16,57,34,418,2,624,104,19,5.544708495787038,0,0,0,87.8,568,4400,576,447,605,4794,468,17,17.0,612.0,1184.0,0.0,626.0,391.0,190.0,1210.0,684.0,430.0,57.0,34.0,314.0,104.0,3.0,5.0,19.0,57.0,6.0,1.0,5.0,9.0,12.0,5.0,5.54470849578704,0.5173553719008265,0.09727558764538666,0.10526315789473684,6.13473684210526,2.30621349995206,10.8621052631579,12.91443565831,3.13058823529412,2.90704514692406,0.22354308837006,59.6491228070175,10.9,9.2,3.1,11.3,0.5188235294117647,0.10035211267605634,0.14181818181818182,0.09421487603305785,0.13016270337922403,0.0,0.0,0.9411764705882353,0.24980089628681176,0.6698717948717948,10.947368421052632,0.5964912280701754,0.09727558764538663,,12.294117647058824,0.5168918918918919,36.0,0.5716374269005848,0.4418604651162791,3.5625,2.125,26.125,0.125,39.0,5.4875,0.0,0.0,0.0,391.0,24.4375,0.14578005115089515,1.0690537084398977,0.08771929824561403,0.375,0.0625,0.3125,0.5625,0.75,0.15789473684210525,0.4166666666666667,2023-2025,True
00-0034775,Christian Kirk,WR,HOU,3,2025,2023,2,31,184,112,1405,5,1851,475,64,10.644944138031299,1,6,0,279.06,1010,8529,1047,847,1682,14332,1342,51,33.0,1355.0,2200.0,12.0,1389.0,880.0,417.0,3448.0,1969.0,1228.0,184.0,112.0,930.0,475.0,5.0,7.0,64.0,184.0,17.0,9.0,11.0,30.0,63.0,25.0,11.591944138031273,0.40284222737819025,0.06299969640234387,0.09239130434782608,6.0994084468415375,2.8748682779393953,9.999728260869581,13.928416377113473,4.619821428571432,4.549705911931876,0.07011551663955161,60.86956521739133,9.994565217391305,8.321428571428571,4.225892857142857,23.178571428571427,0.6263771712158809,0.18217821782178217,0.21702427013717904,0.10939357907253269,0.12915154898130057,0.0011806375442739079,0.0007451564828614009,0.6078431372549019,0.42518431582869864,0.7590491626148028,10.059782608695652,0.6086956521739131,0.057852957271909235,6.0,12.544642857142858,0.615909090909091,41.06060606060606,0.44692737430167595,0.33957654723127034,5.935483870967742,3.6129032258064515,45.32258064516129,0.16129032258064516,59.70967741935484,9.001935483870968,0.03225806451612903,0.1935483870967742,0.0,880.0,28.387096774193548,0.20909090909090908,1.5965909090909092,0.03804347826086957,0.5483870967741935,0.2903225806451613,0.3548387096774194,0.967741935483871,2.032258064516129,0.16304347826086957,0.3968253968253968,2023-2025,False
00-0034777,DJ Chark,WR,LAC,2,2024,2023,2,18,76,39,556,6,1131,91,23,11.271365519462261,0,0,0,128.6,579,4959,621,481,1025,8845,908,34,22.0,876.0,1448.0,0.0,902.0,539.0,298.0,2289.0,1270.0,835.0,76.0,39.0,465.0,91.0,1.0,4.0,23.0,76.0,8.0,5.0,6.0,22.0,23.0,8.0,11.27136551946223,0.39405854084753167,0.14830744104555568,0.10526315789473684,5.74609375,2.28823803540067,15.0918181818182,25.0914422175871,2.79228571428571,2.55632446878337,0.23596124550234,53.030303030303,14.88684210526316,11.923076923076923,2.3384615384615386,35.0,0.6383280423280424,0.13126079447322972,0.22807017543859648,0.07414634146341463,0.12786885245901639,0.0,0.0,0.5294117647058824,0.3565403145168621,0.4916003536693192,14.881578947368421,0.5131578947368421,0.14830744104555607,,14.256410256410257,0.6049723756906077,39.81818181818182,0.42440944881889764,0.3568862275449102,4.222222222222222,2.1666666666666665,30.88888888888889,0.3333333333333333,62.833333333333336,7.144444444444444,0.0,0.0,0.0,539.0,29.944444444444443,0.14100185528756956,1.0315398886827458,0.05263157894736842,0.4444444444444444,0.2777777777777778,0.3333333333333333,1.2222222222222223,1.2777777777777777,0.2894736842105263,0.34782608695652173,2023-2025,False
00-0034798,Durham Smythe,TE,CHI,3,2025,2023,2,34,66,48,444,0,402,170,24,18.098883295917183,0,0,0,92.39999999999999,1128,8753,1187,931,1649,12961,1409,51,50.0,1442.0,3320.0,492.0,1471.0,732.0,642.0,3465.0,1917.0,1306.0,66.0,48.0,274.0,170.0,0.0,3.0,24.0,66.0,8.0,5.0,4.0,2.0,13.0,4.0,18.098883295917158,0.42453102453102454,0.2742255044835933,0.12121212121212122,,,,,,,,,6.08030303030303,5.716666666666666,3.5708333333333333,,0.47970263840830446,0.05851063829787234,0.04592711070490118,0.04002425712553062,0.031016125298973844,0.0,0.0,0.6666666666666666,0.11991493494023933,1.1044776119402986,6.090909090909091,0.7272727272727273,0.2742255044835937,,9.25,0.4343373493975904,28.84,0.38184663536776214,0.49157733537519144,1.9411764705882353,1.411764705882353,13.058823529411764,0.0,11.823529411764707,2.717647058823529,0.0,0.0,0.0,732.0,21.529411764705884,0.09016393442622951,0.6065573770491803,0.045454545454545456,0.23529411764705882,0.14705882352941177,0.11764705882352941,0.058823529411764705,0.38235294117647056,0.030303030303030304,0.3076923076923077,2023-2025,False
00-0034827,DJ Moore,WR,CHI,3,2025,2023,1,51,361,244,3012,20,3513,1349,139,94.40434739235168,33,175,2,696.78,1535,13253,1653,1470,1535,13253,1470,51,51.0,3074.0,3428.0,6.0,3151.0,1826.0,1115.0,3525.0,1955.0,1301.0,361.0,244.0,1663.0,1349.0,18.0,10.0,139.0,361.0,44.0,19.0,34.0,72.0,108.0,48.0,96.1923473923517,0.8939007092198582,0.26646079610069723,0.12188365650969529,6.208922408948821,3.1372937256668254,9.892049861495858,30.414319733268986,5.787663934426228,4.751886421712317,1.0357775127139104,67.59002770083104,9.722714681440443,6.835245901639343,5.5147540983606556,14.64344262295082,0.8976470588235295,0.23517915309446255,0.2650720591564174,0.23517915309446255,0.2650720591564174,0.022448979591836733,0.022448979591836733,1.0,0.538319171051186,0.8573868488471392,9.731301939058172,0.6759002770083102,0.26150788751343956,5.303030303030303,12.344262295081966,0.896732788798133,60.27450980392157,0.9340153452685422,0.857033051498847,7.078431372549019,4.784313725490196,59.05882352941177,0.39215686274509803,68.88235294117646,13.66235294117647,0.6470588235294118,3.4313725490196076,0.0392156862745098,1826.0,35.80392156862745,0.1976998904709748,1.6495071193866375,0.027700831024930747,0.8627450980392157,0.37254901960784315,0.6666666666666666,1.411764705882353,2.1176470588235294,0.1994459833795014,0.4444444444444444,2023-2025,False
00-0034829,Mike Gesicki,TE,CIN,3,2025,2023,2,43,170,122,1216,6,1416,396,68,35.0417446724627,0,0,0,277.6,1502,11245,1555,1000,1777,13417,1176,51,47.0,1374.0,3030.0,12.0,1399.0,1024.0,298.0,3399.0,2041.0,1116.0,170.0,122.0,812.0,404.0,0.0,6.0,68.0,170.0,23.0,9.0,14.0,9.0,54.0,26.0,36.935744672462725,0.41159164460135333,0.21726908630860425,0.13529411764705881,5.5378140288649735,3.0485499619930865,7.9707812500000035,12.223403931264043,3.658617021276599,4.211857703141675,-0.5532406818650828,73.43750000000001,8.280588235294118,6.672131147540983,3.336885245901639,,0.44956013890350416,0.11318242343541944,0.12592263228101377,0.09566685424873382,0.10553775061489155,0.0,0.0,0.8431372549019608,0.2579194777498388,0.8587570621468926,8.329411764705883,0.7176470588235294,0.20612790983801588,,9.967213114754099,0.4534653465346535,29.23404255319149,0.5017148456638902,0.2670250896057348,3.953488372093023,2.8372093023255816,28.27906976744186,0.13953488372093023,32.93023255813954,6.455813953488373,0.0,0.0,0.0,1024.0,23.813953488372093,0.166015625,1.1875,0.03529411764705882,0.5348837209302325,0.20930232558139536,0.32558139534883723,0.20930232558139536,1.255813953488372,0.052941176470588235,0.48148148148148145,2023-2025,False
00-0034830,Hayden Hurst,TE,LAC,2,2024,2023,2,16,45,26,257,1,304,87,9,-8.623338460922248,0,0,0,57.7,486,3616,518,417,1025,8845,908,34,18.0,492.0,1188.0,25.0,509.0,323.0,138.0,2289.0,1270.0,835.0,45.0,26.0,170.0,87.0,1.0,4.0,9.0,45.0,8.0,6.0,4.0,2.0,7.0,4.0,-8.623338460922241,0.22236784622105724,-0.1916297435760498,0.17777777777777778,,,,,,,,,6.79111111111111,6.5307692307692315,3.330769230769231,18.0,0.42986111111111114,0.09259259259259259,0.084070796460177,0.04390243902439024,0.034369700395703785,0.0,0.0,0.47058823529411764,0.1977384464110128,0.8453947368421053,6.7555555555555555,0.5777777777777777,-0.19162974357604995,,9.884615384615385,0.41414141414141414,27.333333333333332,0.2543307086614173,0.16526946107784432,2.8125,1.625,16.0625,0.0625,19.0,3.60625,0.0,0.0,0.0,323.0,20.1875,0.1393188854489164,0.7956656346749226,0.08888888888888889,0.5,0.375,0.25,0.125,0.4375,0.044444444444444446,0.5714285714285714,2023-2025,False
00-0034837,Calvin Ridley,WR,TEN,3,2025,2023,2,41,292,157,2336,12,4107,509,102,72.78032836569575,17,78,1,476.40000000000003,1334,11082,1389,1047,1644,13270,1281,51,41.0,2131.0,2690.0,8.0,2205.0,1346.0,693.0,3414.0,1971.0,1184.0,292.0,157.0,1827.0,509.0,5.0,16.0,102.0,292.0,37.0,17.0,28.0,64.0,80.0,32.0,71.72732836569578,0.6458699472759226,0.24564153549895817,0.1267123287671233,5.78036211755233,2.5035577283898194,14.473124999999975,41.095376695435576,3.327357142857142,3.4242325609858537,-0.09687541812871388,54.6875,14.013698630136986,11.638853503184714,3.2566878980891723,48.57142857142857,0.7875609756097561,0.21889055472263869,0.37060097455332974,0.17761557177615572,0.30949510173323286,0.01623686723973257,0.01327088212334114,0.803921568627451,0.5877565142712888,0.5687850012174337,14.065068493150685,0.5376712328767124,0.24924769988251969,4.588235294117647,14.878980891719745,0.7921933085501859,51.97560975609756,0.6829020801623541,0.5853040540540541,7.121951219512195,3.8292682926829267,56.97560975609756,0.2926829268292683,100.17073170731707,11.619512195121953,0.4146341463414634,1.9024390243902438,0.024390243902439025,1346.0,32.829268292682926,0.21693907875185736,1.735512630014859,0.0547945205479452,0.9024390243902439,0.4146341463414634,0.6829268292682927,1.5609756097560976,1.951219512195122,0.2191780821917808,0.4,2023-2025,False
00-0034854,KhaDarel Hodge,WR,ATL,3,2025,2023,1,32,45,24,394,1,606,181,21,10.707789272134807,1,0,0,69.4,1018,8878,1064,862,1566,12981,1494,51,42.0,674.0,3042.0,747.0,699.0,335.0,307.0,3459.0,1784.0,1421.0,45.0,24.0,214.0,180.0,2.0,2.0,21.0,45.0,2.0,1.0,3.0,11.0,15.0,7.0,10.707789272134809,0.202081526452732,0.23795087271410686,0.044444444444444446,,,,,,,,,13.573333333333332,8.904166666666667,7.520833333333333,12.058823529411764,0.2307598039215686,0.04420432220039293,0.06825861680558684,0.028735632183908046,0.04668361451351976,0.001160092807424594,0.0006693440428380187,0.6274509803921569,0.11408751506450017,0.6501650165016502,13.466666666666667,0.5333333333333333,0.23795087271410684,0.0,16.416666666666668,0.2215647600262985,16.047619047619047,0.18778026905829595,0.21604503870513722,1.40625,0.75,12.3125,0.03125,18.9375,2.16875,0.03125,0.0,0.0,335.0,10.46875,0.13432835820895522,1.1761194029850746,0.044444444444444446,0.0625,0.03125,0.09375,0.34375,0.46875,0.24444444444444444,0.4666666666666667,2023-2025,False
00-0034860,Dante Pettis,WR,NO,2,2025,2024,1,16,39,21,247,1,387,122,12,-5.8143301373137835,0,0,0,51.7,506,4464,538,410,1082,9217,879,34,15.0,262.0,1035.0,106.0,273.0,177.0,74.0,2273.0,1289.0,821.0,39.0,21.0,125.0,122.0,4.0,1.0,12.0,39.0,3.0,2.0,5.0,8.0,15.0,4.0,-6.867330137313788,0.12010558732952045,-0.17608538813625096,0.07692307692307693,,,,,,,,,9.930769230769231,5.9714285714285715,5.828571428571428,5.357142857142857,0.265,0.07707509881422925,0.08669354838709678,0.036044362292051754,0.041987631550396004,0.0,0.0,0.47058823529411764,0.1762981320923116,0.6382428940568475,9.923076923076923,0.5384615384615384,-0.14908538813625086,,11.761904761904763,0.2531400966183575,17.466666666666665,0.1373157486423584,0.09013398294762484,2.4375,1.3125,15.4375,0.0625,24.1875,3.23125,0.0,0.0,0.0,177.0,11.0625,0.22033898305084745,1.3954802259887005,0.02564102564102564,0.1875,0.125,0.3125,0.5,0.9375,0.20512820512820512,0.26666666666666666,2023-2025,False
00-0034867,Malik Turner,WR,SF,1,2025,2025,1,2,1,0,0,0,-5,0,0,-0.565274677006528,0,0,0,0.0,72,422,75,72,550,4296,481,17,3.0,17.0,218.0,25.0,7.0,4.0,3.0,1145.0,629.0,443.0,1.0,0.0,0.0,0.0,0.0,0.0,0.0,1.0,0.0,0.0,0.0,0.0,0.0,0.0,-0.5652746770065278,0.00611353711790393,-0.5652746770065278,0.0,,,,,,,,,-5.0,,,,0.08,0.013888888888888888,-0.011848341232227487,0.0018181818181818182,-0.0011638733705772813,0.0,0.0,0.11764705882352941,0.012539494470774092,-0.0,-5.0,0.0,-0.565274677006528,,,0.0779816513761468,5.666666666666667,0.006359300476947536,0.006772009029345372,0.5,0.0,0.0,0.0,-2.5,0.0,0.0,0.0,0.0,4.0,2.0,0.25,0.0,0.0,0.0,0.0,0.0,0.0,0.0,0.0,,2023-2025,True
00-0034928,Steven Sims,WR,ARI,2,2025,2023,2,6,4,3,25,0,0,27,1,0.4805868247058209,1,1,0,5.6,200,1755,210,126,1183,9837,810,34,6.0,22.0,373.0,50.0,21.0,10.0,11.0,2322.0,1408.0,763.0,4.0,3.0,-2.0,27.0,0.0,1.0,1.0,4.0,0.0,0.0,0.0,0.0,0.0,0.0,0.48058682470582426,0.00904392764857881,0.12014670617645606,0.0,,,,,,,,,-0.02499999999999991,-0.6999999999999998,9.0,,0.05833333333333333,0.02,0.0,0.0033812341504649195,0.0,0.007936507936507936,0.0012345679012345679,0.17647058823529413,0.03,,0.0,0.75,0.12014670617645523,1.0,8.333333333333334,0.058981233243967826,3.6666666666666665,0.007102272727272727,0.014416775884665793,0.6666666666666666,0.5,4.166666666666667,0.0,0.0,0.9333333333333332,0.16666666666666666,0.16666666666666666,0.0,10.0,1.6666666666666667,0.4,2.5,0.25,0.0,0.0,0.0,0.0,0.0,0.0,,2023-2025,True
00-0034960,Jakobi Meyers,WR,JAX,3,2025,2023,2,47,345,233,2669,15,3317,817,141,60.87664916555416,11,60,2,612.38,1510,12002,1579,1176,1670,13616,1282,51,47.0,2673.0,3015.0,6.0,2719.0,1643.0,912.0,4422.0,2555.0,1541.0,345.0,233.0,1852.0,817.0,14.0,5.0,141.0,345.0,46.0,21.0,27.0,35.0,101.0,50.0,59.82364916555415,0.614880144730891,0.1734018816392874,0.13333333333333333,6.7015137227345924,2.731814261632818,9.618927536231883,29.292456053362233,3.6276824034334756,3.4961683881965215,0.1315140152369579,67.536231884058,9.471304347826086,7.956223175965666,3.5287553648068672,17.787124463519316,0.8876595744680851,0.22847682119205298,0.27637060489918347,0.20658682634730538,0.24361045828437133,0.00935374149659864,0.00858034321372855,0.9215686274509803,0.536174655217508,0.8046427494724149,9.614492753623189,0.6753623188405797,0.1764540555523309,5.454545454545454,11.454935622317597,0.8865671641791045,56.87234042553192,0.6430528375733855,0.5918234912394549,7.340425531914893,4.957446808510638,56.787234042553195,0.3191489361702128,70.57446808510639,13.029361702127659,0.23404255319148937,1.2765957446808511,0.0425531914893617,1643.0,34.95744680851064,0.20998174071819842,1.6244674376141206,0.014492753623188406,0.9787234042553191,0.44680851063829785,0.574468085106383,0.7446808510638298,2.148936170212766,0.10144927536231885,0.49504950495049505,2023-2025,False
00-0034970,Irv Smith,TE,CIN,1,2023,2023,1,10,26,18,115,1,105,66,5,-15.521264250023725,0,0,0,33.5,351,2389,362,202,592,3878,383,17,12.0,330.0,756.0,0.0,337.0,233.0,86.0,1119.0,695.0,341.0,26.0,18.0,49.0,66.0,0.0,3.0,5.0,26.0,6.0,4.0,2.0,1.0,10.0,1.0,-15.521264250023735,0.30116175156389635,-0.5969717019239899,0.23076923076923078,,,,,,,,,4.0,2.7,3.7000000000000006,,0.4383333333333333,0.07407407407407407,0.04395144411887819,0.04391891891891892,0.02707581227436823,0.0,0.0,0.5882352941176471,0.14187712199432584,1.0952380952380953,4.038461538461538,0.6923076923076923,-0.5969717019239894,,6.388888888888889,0.4365079365079365,27.5,0.33525179856115106,0.25219941348973607,2.6,1.8,11.5,0.1,10.5,3.35,0.0,0.0,0.0,233.0,23.3,0.11158798283261803,0.49356223175965663,0.11538461538461539,0.6,0.4,0.2,0.1,1.0,0.038461538461538464,0.1,2023-2025,True
00-0034981,Foster Moreau,TE,NO,3,2025,2023,1,36,78,60,665,6,529,298,32,24.586727236025283,0,0,0,162.5,1172,9950,1244,974,1661,14233,1359,51,43.0,1554.0,2836.0,263.0,1597.0,667.0,818.0,3465.0,1944.0,1278.0,78.0,60.0,367.0,298.0,4.0,3.0,32.0,78.0,14.0,8.0,8.0,6.0,15.0,5.0,24.586727236025276,0.4608946608946609,0.31521445174391377,0.1794871794871795,,,,,,,,,6.7705128205128196,6.121666666666667,4.958333333333333,16.7,0.5702147950089126,0.06655290102389079,0.05316582914572864,0.04695966285370259,0.03716714677158715,0.0,0.0,0.7058823529411765,0.13704543193784624,1.2570888468809074,6.782051282051282,0.7692307692307693,0.3152144517439139,,11.083333333333334,0.5479548660084627,36.13953488372093,0.34310699588477367,0.6400625978090767,2.1666666666666665,1.6666666666666667,18.47222222222222,0.16666666666666666,14.694444444444445,4.513888888888889,0.0,0.0,0.0,667.0,18.52777777777778,0.11694152923538231,0.9970014992503748,0.038461538461538464,0.3888888888888889,0.2222222222222222,0.2222222222222222,0.16666666666666666,0.4166666666666667,0.07692307692307693,0.3333333333333333,2023-2025,False
00-0034983,Hunter Renfrow,WR,CAR,2,2025,2023,2,20,63,40,344,2,401,176,19,-2.2723166038028655,0,0,0,84.4,623,4806,657,500,1011,7731,874,34,23.0,573.0,1459.0,9.0,588.0,407.0,138.0,2165.0,1191.0,812.0,63.0,40.0,168.0,176.0,2.0,1.0,19.0,63.0,11.0,3.0,3.0,4.0,25.0,6.0,-2.2723166038028535,0.2715935334872979,-0.036068517520680216,0.1746031746031746,,,,,,,,,6.384126984126984,4.175,4.4125,12.5,0.3990882352941177,0.10112359550561797,0.08343736995422389,0.06231454005934718,0.05186909843487259,0.0,0.0,0.5882352941176471,0.21009155222638368,0.85785536159601,6.365079365079365,0.6349206349206349,-0.0360685175206804,,8.6,0.39273474982864975,24.91304347826087,0.3417296389588581,0.16995073891625614,3.15,2.0,17.2,0.1,20.05,4.220000000000001,0.0,0.0,0.0,407.0,20.35,0.1547911547911548,0.8452088452088452,0.015873015873015872,0.55,0.15,0.15,0.2,1.25,0.06349206349206349,0.24,2023-2025,False
00-0035021,Ashton Dulin,WR,IND,2,2025,2024,1,25,18,7,173,1,312,96,6,-0.43069246783852044,8,89,0,39.2,742,7116,770,685,1022,9813,938,34,27.0,345.0,1717.0,493.0,358.0,142.0,188.0,2207.0,1174.0,881.0,18.0,7.0,77.0,96.0,1.0,1.0,6.0,18.0,2.0,1.0,1.0,5.0,4.0,3.0,-0.43069246783852577,0.1622111463525147,-0.023927359324362543,0.1111111111111111,,,,,,,,,17.355555555555554,11.0,13.714285714285714,2.0,0.20570666666666668,0.02425876010781671,0.04384485666104553,0.01761252446183953,0.03179455823907062,0.01167883211678832,0.008528784648187633,0.7352941176470589,0.06707953982445694,0.5544871794871795,17.333333333333332,0.3888888888888889,-0.023927359324362248,11.125,24.714285714285715,0.20093185789167153,12.777777777777779,0.12095400340715502,0.2133938706015891,0.72,0.28,6.92,0.04,12.48,1.568,0.32,3.56,0.0,142.0,5.68,0.1267605633802817,1.2183098591549295,0.05555555555555555,0.08,0.04,0.04,0.2,0.16,0.2777777777777778,0.75,2023-2025,False
00-0035045,D.J. Montgomery,WR,IND,1,2023,2023,1,2,8,3,56,1,97,28,3,-6.7873042471474,0,0,0,14.600000000000001,62,583,65,59,546,4255,479,17,7.0,124.0,468.0,53.0,125.0,62.0,54.0,1180.0,648.0,449.0,8.0,3.0,28.0,28.0,0.0,1.0,3.0,8.0,2.0,1.0,1.0,1.0,1.0,0.0,-6.787304247147404,0.1059322033898305,-0.8484130308934255,0.25,,,,,,,,,12.1,9.3,9.3,,0.25857142857142856,0.12903225806451613,0.16638078902229847,0.014652014652014652,0.022796709753231493,0.0,0.0,0.11764705882352941,0.3100149394123831,0.5773195876288659,12.125,0.375,-0.848413030893425,,18.666666666666668,0.26495726495726496,17.714285714285715,0.09567901234567901,0.12026726057906459,4.0,1.5,28.0,0.5,48.5,7.300000000000001,0.0,0.0,0.0,62.0,31.0,0.12903225806451613,0.9032258064516129,0.125,1.0,0.5,0.5,0.5,0.5,0.125,0.0,2023-2025,True
00-0035120,Keelan Doss,WR,LAC,1,2023,2023,1,2,13,6,33,0,97,14,1,-3.02277128267107,0,0,0,9.3,82,588,85,54,614,4733,431,17,5.0,98.0,349.0,6.0,99.0,62.0,26.0,1175.0,715.0,385.0,13.0,6.0,19.0,14.0,0.0,0.0,1.0,13.0,2.0,1.0,2.0,2.0,3.0,0.0,-3.0227712826710764,0.08425531914893616,-0.2325208678977751,0.15384615384615385,,,,,,,,,7.5,3.2000000000000006,2.3,,0.278,0.15853658536585366,0.1649659863945578,0.021172638436482084,0.020494401014155925,0.0,0.0,0.11764705882352941,0.35328106852497093,0.3402061855670103,7.461538461538462,0.46153846153846156,-0.23252086789777462,,5.5,0.2808022922636103,19.6,0.08671328671328671,0.06753246753246753,6.5,3.0,16.5,0.0,48.5,4.65,0.0,0.0,0.0,62.0,31.0,0.20967741935483872,0.532258064516129,0.0,1.0,0.5,1.0,1.0,1.5,0.15384615384615385,0.0,2023-2025,True
00-0035140,Mecole Hardman,WR,BUF,3,2025,2023,2,21,39,27,214,0,169,207,14,4.528416615448064,6,65,1,60.900000000000006,681,4971,719,539,1650,11515,1414,51,22.0,272.0,1608.0,114.0,279.0,173.0,85.0,4613.0,2683.0,1585.0,39.0,27.0,7.0,207.0,3.0,3.0,14.0,39.0,7.0,2.0,0.0,4.0,11.0,6.0,4.528416615448064,0.060481248645133316,0.11611324654995037,0.1794871794871795,,,,,,,,,4.328205128205129,0.2555555555555555,7.68888888888889,5.0,0.15917748917748917,0.05726872246696035,0.0339971836652585,0.023636363636363636,0.014676508901432914,0.011131725417439703,0.004243281471004243,0.4117647058823529,0.10970111226612148,1.2662721893491125,4.333333333333333,0.6923076923076923,0.11611324654995037,10.833333333333334,7.925925925925926,0.1691542288557214,12.363636363636363,0.06448005963473724,0.05362776025236593,1.8571428571428572,1.2857142857142858,10.19047619047619,0.0,8.047619047619047,2.9000000000000004,0.2857142857142857,3.0952380952380953,0.047619047619047616,173.0,8.238095238095237,0.2254335260115607,1.2369942196531791,0.07692307692307693,0.3333333333333333,0.09523809523809523,0.0,0.19047619047619047,0.5238095238095238,0.10256410256410256,0.5454545454545454,2023-2025,False
00-0035164,Cody Thompson,WR,SEA,1,2023,2023,1,2,1,1,10,0,6,4,0,0.412861474789679,0,0,0,2.0,50,357,50,55,547,4121,382,17,6.0,23.0,456.0,93.0,23.0,7.0,11.0,1081.0,635.0,353.0,1.0,1.0,6.0,4.0,0.0,0.0,,1.0,0.0,0.0,0.0,0.0,0.0,0.0,0.41286147478967905,0.02127659574468085,0.41286147478967905,0.0,,,,,,,,,6.0,6.0,4.0,,0.049999999999999996,0.02,0.01680672268907563,0.0018281535648994515,0.001455957291919437,0.0,0.0,0.11764705882352941,0.04176470588235294,1.6666666666666667,6.0,1.0,0.412861474789679,,10.0,0.05043859649122807,3.8333333333333335,0.011023622047244094,0.031161473087818695,0.5,0.5,5.0,0.0,3.0,1.0,0.0,0.0,0.0,7.0,3.5,0.14285714285714285,1.4285714285714286,0.0,0.0,0.0,0.0,0.0,0.0,0.0,,2023-2025,True
00-0035208,Olamide Zaccheaus,WR,CHI,3,2025,2023,3,41,149,94,983,7,1075,474,48,32.37877124489915,5,33,0,237.60000000000002,1261,10858,1335,1239,1561,13780,1541,51,50.0,1545.0,3398.0,165.0,1573.0,950.0,536.0,3552.0,1949.0,1358.0,149.0,94.0,509.0,474.0,8.0,10.0,48.0,149.0,23.0,7.0,11.0,14.0,47.0,21.0,33.32577124489912,0.4428490990990991,0.22366289426106795,0.15436241610738255,6.725400855678398,3.7267408638634567,6.677054263565892,10.192619388489797,5.274761904761907,5.163381065865898,0.11138083889600627,65.11627906976744,7.024832214765101,5.404255319148936,5.0212765957446805,21.535714285714285,0.4556635581061693,0.11816019032513878,0.0990053416835513,0.0954516335682255,0.07801161103047896,0.004035512510088781,0.003244646333549643,0.803921568627451,0.24654402466619404,0.9144186046511628,7.214765100671141,0.6308724832214765,0.21730718956308154,6.6,10.457446808510639,0.4546792230723955,30.9,0.4874294510005131,0.3946980854197349,3.6341463414634148,2.292682926829268,23.975609756097562,0.17073170731707318,26.21951219512195,5.795121951219513,0.12195121951219512,0.8048780487804879,0.0,950.0,23.170731707317074,0.1568421052631579,1.0347368421052632,0.06711409395973154,0.5609756097560976,0.17073170731707318,0.2682926829268293,0.34146341463414637,1.146341463414634,0.09395973154362416,0.44680851063829785,2023-2025,False
00-0035215,Deonte Harty,WR,BUF,1,2023,2023,1,16,21,15,150,1,227,79,9,6.185579963892331,4,0,0,42.0,496,4615,528,472,545,5022,512,17,16.0,155.0,1069.0,68.0,160.0,109.0,34.0,1186.0,652.0,446.0,21.0,15.0,71.0,79.0,0.0,1.0,9.0,21.0,3.0,1.0,0.0,4.0,8.0,5.0,6.185579963892329,0.13490725126475547,0.2945514268520157,0.14285714285714285,,,,,,,,,10.8,4.7,5.3,,0.143125,0.04233870967741935,0.04918743228602383,0.03853211009174312,0.045201115093588214,0.00847457627118644,0.0078125,0.9411764705882353,0.09793926711634571,0.6607929515418502,10.80952380952381,0.7142857142857143,0.29455142685201574,0.0,10.0,0.1449953227315248,9.6875,0.16717791411042945,0.07623318385650224,1.3125,0.9375,9.375,0.0625,14.1875,2.625,0.25,0.0,0.0,109.0,6.8125,0.1926605504587156,1.3761467889908257,0.047619047619047616,0.1875,0.0625,0.0,0.25,0.5,0.19047619047619047,0.625,2023-2025,True
00-0035216,Diontae Johnson,WR,CAR,2,2024,2023,2,24,154,84,1092,8,1837,352,58,7.995949813220946,2,6,0,241.8,701,5446,730,654,1002,8249,897,34,25.0,988.0,1556.0,5.0,1002.0,610.0,331.0,4443.0,2399.0,1707.0,154.0,84.0,740.0,352.0,5.0,5.0,58.0,154.0,22.0,13.0,18.0,30.0,53.0,23.0,7.99594981322095,0.22552329507089805,0.05192175203390227,0.14285714285714285,6.197181700652291,2.807135579209018,11.842207792207784,24.523337557784945,4.222499999999998,3.8750258083711357,0.34747419162887044,54.54545454545455,11.916883116883115,8.782142857142858,4.196428571428571,20.735714285714288,0.6382638888888889,0.21968616262482168,0.3373117884686008,0.1536926147704591,0.22269365983755607,0.0030581039755351682,0.002229654403567447,0.7058823529411765,0.5656474958652531,0.5944474686989657,11.928571428571429,0.5454545454545454,0.05192175203390225,3.0,13.0,0.6349614395886889,39.52,0.2542726135889954,0.19390743995313414,6.416666666666667,3.5,45.5,0.3333333333333333,76.54166666666667,10.075000000000001,0.08333333333333333,0.25,0.0,610.0,25.416666666666668,0.25245901639344265,1.7901639344262295,0.032467532467532464,0.9166666666666666,0.5416666666666666,0.75,1.25,2.2083333333333335,0.19480519480519481,0.4339622641509434,2023-2025,False
00-0035229,T.J. Hockenson,TE,MIN,3,2025,2023,1,40,255,187,1853,8,1825,700,100,55.376142241956565,1,0,0,418.3,1297,10651,1350,978,1591,13312,1260,51,40.0,1904.0,2569.0,4.0,1955.0,1289.0,531.0,3337.0,1910.0,1145.0,255.0,187.0,1153.0,700.0,7.0,9.0,100.0,255.0,34.0,11.0,12.0,12.0,72.0,32.0,55.37614224195658,0.5858555588852262,0.21716134212531993,0.13333333333333333,6.070768598163688,3.2485361624897444,6.961254901960782,14.619067930317838,4.153903743315512,4.115179427180019,0.038724316135492626,73.33333333333333,7.223137254901961,6.191978609625668,3.718181818181818,28.03475935828877,0.7424999999999999,0.19660755589822668,0.17134541357619004,0.16027655562539284,0.13709435096153846,0.0010224948875255625,0.0007936507936507937,0.7843137254901961,0.41485312335067304,1.0153424657534247,7.1568627450980395,0.7333333333333333,0.21716134212531987,0.0,9.909090909090908,0.7411444141689373,47.6,0.6748691099476439,0.4637554585152838,6.375,4.675,46.325,0.2,45.625,10.4575,0.025,0.0,0.0,1289.0,32.225,0.1978277734678045,1.4375484871993793,0.03529411764705882,0.85,0.275,0.3,0.3,1.8,0.047058823529411764,0.4444444444444444,2023-2025,False
00-0035249,Josh Oliver,TE,MIN,3,2025,2023,1,37,75,59,631,9,354,393,35,31.722654684315877,0,0,0,174.1,1166,9727,1215,942,1591,13312,1260,51,47.0,1418.0,2988.0,376.0,1453.0,595.0,741.0,3337.0,1910.0,1145.0,75.0,59.0,238.0,393.0,1.0,2.0,35.0,75.0,14.0,7.0,6.0,5.0,2.0,2.0,32.6696546843159,0.4354210368594546,0.4355953957908787,0.18666666666666668,,,,,,,,,4.744,4.049152542372881,6.6881355932203395,22.0,0.47455325914149443,0.06432246998284734,0.036393543744217126,0.04714016341923319,0.026592548076923076,0.0,0.0,0.7254901960784313,0.12195918559522298,1.7824858757062148,4.72,0.7866666666666666,0.4229687291242117,,10.694915254237289,0.4745649263721553,30.170212765957448,0.31151832460732987,0.6471615720524018,2.027027027027027,1.5945945945945945,17.054054054054053,0.24324324324324326,9.567567567567568,4.705405405405405,0.0,0.0,0.0,595.0,16.08108108108108,0.12605042016806722,1.0605042016806723,0.02666666666666667,0.3783783783783784,0.1891891891891892,0.16216216216216217,0.13513513513513514,0.05405405405405406,0.06666666666666667,1.0,2023-2025,False
00-0035259,Trevon Wesco,TE,TEN,1,2023,2023,1,6,3,1,21,0,13,12,1,0.16023794352076504,0,0,0,3.1,178,1611,182,164,478,4569,444,17,15.0,424.0,929.0,115.0,437.0,144.0,253.0,1089.0,576.0,411.0,3.0,1.0,9.0,12.0,0.0,1.0,1.0,3.0,0.0,0.0,0.0,0.0,1.0,1.0,0.16023794352076948,0.40128558310376494,0.05341264784025649,0.0,,,,,,,,,4.3,9.0,12.0,,0.452,0.016853932584269662,0.008069522036002483,0.006276150627615063,0.0028452615451958854,0.0,0.0,0.35294117647058826,0.030929564301606233,1.6153846153846154,4.333333333333333,0.3333333333333333,0.05341264784025501,,21.0,0.4564047362755651,28.266666666666666,0.25,0.6155717761557178,0.5,0.16666666666666666,3.5,0.0,2.1666666666666665,0.5166666666666667,0.0,0.0,0.0,144.0,24.0,0.020833333333333332,0.14583333333333334,0.3333333333333333,0.0,0.0,0.0,0.0,0.16666666666666666,0.0,1.0,2023-2025,True
00-0035298,Scott Miller,WR,PIT,3,2025,2023,2,22,39,25,292,2,375,144,12,11.978265958108336,0,0,0,66.2,653,4994,682,659,1490,11571,1462,51,43.0,635.0,2793.0,134.0,646.0,319.0,295.0,3367.0,1782.0,1352.0,39.0,25.0,148.0,144.0,1.0,1.0,12.0,39.0,6.0,2.0,3.0,7.0,12.0,7.0,11.978265958108326,0.19186219186219186,0.30713502456688013,0.15384615384615385,,,,,,,,,9.630769230769232,5.92,5.756,5.0,0.22941587823940768,0.05972434915773354,0.07509010812975571,0.026174496644295303,0.03240860772621208,0.0,0.0,0.43137254901960786,0.1421495994274293,0.7786666666666666,9.615384615384615,0.6410256410256411,0.3071350245668804,,11.68,0.22735409953455066,14.767441860465116,0.17901234567901234,0.21819526627218935,1.7727272727272727,1.1363636363636365,13.272727272727273,0.09090909090909091,17.045454545454547,3.0090909090909093,0.0,0.0,0.0,319.0,14.5,0.12225705329153605,0.9153605015673981,0.02564102564102564,0.2727272727272727,0.09090909090909091,0.13636363636363635,0.3181818181818182,0.5454545454545454,0.1794871794871795,0.5833333333333334,2023-2025,False
00-0035329,Donald Parham,TE,LAC,1,2023,2023,1,14,41,27,285,4,306,126,22,18.289647645852014,0,0,0,79.5,514,4051,529,352,614,4733,431,17,14.0,460.0,958.0,0.0,466.0,280.0,152.0,1175.0,715.0,385.0,41.0,27.0,159.0,126.0,1.0,3.0,22.0,41.0,10.0,7.0,6.0,4.0,13.0,7.0,18.289647645852007,0.39659574468085107,0.4460889669720002,0.24390243902439024,,,,,,,,,7.5,5.9,4.7,27.0,0.47928571428571426,0.07976653696498054,0.07553690446803259,0.06677524429967427,0.06465244031269808,0.0,0.0,0.8235294117647058,0.17252563857509362,0.9313725490196079,7.463414634146342,0.6585365853658537,0.44608896697200034,,10.555555555555555,0.4801670146137787,32.857142857142854,0.3916083916083916,0.3948051948051948,2.9285714285714284,1.9285714285714286,20.357142857142858,0.2857142857142857,21.857142857142858,5.678571428571429,0.0,0.0,0.0,280.0,20.0,0.14642857142857144,1.0178571428571428,0.07317073170731707,0.7142857142857143,0.5,0.42857142857142855,0.2857142857142857,0.9285714285714286,0.0975609756097561,0.5384615384615384,2023-2025,True
00-0035341,Trenton Irwin,WR,CIN,2,2024,2023,1,18,42,28,331,1,399,114,16,12.795594145813919,0,0,0,67.1,647,4483,673,401,1220,8492,763,34,23.0,554.0,1475.0,39.0,568.0,335.0,189.0,2290.0,1418.0,690.0,42.0,28.0,217.0,114.0,0.0,2.0,16.0,42.0,13.0,9.0,6.0,6.0,13.0,5.0,12.795594145813922,0.2480349344978166,0.30465700347176006,0.30952380952380953,,,,,,,,,9.476190476190476,7.717857142857142,4.067857142857144,,0.38172619047619055,0.06491499227202473,0.08900289984385457,0.03442622950819672,0.04698539802166745,0.0,0.0,0.5294117647058824,0.15967451829873527,0.8295739348370927,9.5,0.6666666666666666,0.30465700347175995,,11.821428571428571,0.37559322033898307,24.08695652173913,0.23624823695345556,0.27391304347826084,2.3333333333333335,1.5555555555555556,18.38888888888889,0.05555555555555555,22.166666666666668,3.7277777777777774,0.0,0.0,0.0,335.0,18.61111111111111,0.1253731343283582,0.9880597014925373,0.047619047619047616,0.7222222222222222,0.5,0.3333333333333333,0.3333333333333333,0.7222222222222222,0.14285714285714285,0.38461538461538464,2023-2025,False
00-0035359,David Sills,WR,ATL,1,2025,2025,1,12,36,18,191,2,404,56,9,-1.780031300157066,0,0,0,49.1,363,2887,386,321,519,4170,477,17,17.0,565.0,1096.0,19.0,583.0,331.0,210.0,1135.0,586.0,460.0,36.0,18.0,135.0,56.0,1.0,5.0,9.0,36.0,6.0,3.0,2.0,7.0,13.0,3.0,-1.7800313001570753,0.5136563876651983,-0.049445313893252095,0.16666666666666666,,,,,,,,,10.9,7.5,3.1,18.0,0.5241176470588236,0.09917355371900827,0.13993765154139245,0.06936416184971098,0.09688249400479616,0.0,0.0,0.7058823529411765,0.2467166866574871,0.47277227722772275,11.222222222222221,0.5,-0.04944531389325183,,10.61111111111111,0.5155109489051095,33.23529411764706,0.5648464163822525,0.45652173913043476,3.0,1.5,15.916666666666666,0.16666666666666666,33.666666666666664,4.091666666666667,0.0,0.0,0.0,331.0,27.583333333333332,0.10876132930513595,0.5770392749244713,0.1388888888888889,0.5,0.25,0.16666666666666666,0.5833333333333334,1.0833333333333333,0.19444444444444445,0.23076923076923078,2023-2025,True
00-0035406,Lil'Jordan Humphrey,WR,DEN,3,2025,2023,1,32,89,57,611,5,756,320,30,13.493954422324741,0,0,0,146.1,1016,7721,1062,890,1610,12372,1368,51,44.0,1303.0,2843.0,31.0,1324.0,693.0,559.0,4598.0,2551.0,1684.0,89.0,57.0,291.0,320.0,3.0,5.0,30.0,89.0,14.0,9.0,8.0,11.0,27.0,12.0,13.493954422324752,0.2879512831665942,0.15161746541937923,0.15730337078651685,6.78666666666667,3.35999110685892,6.39111111111111,7.08540175656866,6.15516129032258,4.61677894442788,1.5383823458946997,68.8888888888889,8.496629213483146,5.124561403508772,5.60701754385965,10.3,0.45962499999999995,0.08759842519685039,0.09791477787851315,0.055279503105590065,0.061105722599418044,0.0,0.0,0.6274509803921569,0.1999379823102348,0.8082010582010583,8.49438202247191,0.6404494382022472,0.15161746541937912,,10.719298245614034,0.4583186774533943,29.613636363636363,0.2716581732653861,0.3319477434679335,2.78125,1.78125,19.09375,0.15625,23.625,4.565625,0.0,0.0,0.0,693.0,21.65625,0.12842712842712842,0.8816738816738817,0.056179775280898875,0.4375,0.28125,0.25,0.34375,0.84375,0.12359550561797752,0.4444444444444444,2023-2025,False
00-0035414,Jalen Guyton,WR,LAC,1,2023,2023,1,7,21,10,89,1,218,32,6,-2.3658055786218024,0,0,0,24.9,249,1740,258,166,614,4733,431,17,8.0,255.0,525.0,0.0,260.0,179.0,70.0,1175.0,715.0,385.0,21.0,10.0,57.0,32.0,1.0,2.0,6.0,21.0,4.0,1.0,2.0,4.0,4.0,1.0,-2.365805578621803,0.22127659574468084,-0.11265740850580014,0.19047619047619047,,,,,,,,,10.4,5.7,3.2,10.0,0.485,0.08433734939759036,0.12528735632183907,0.03420195439739414,0.04605958166068033,0.0,0.0,0.4117647058823529,0.21420717352167287,0.40825688073394495,10.380952380952381,0.47619047619047616,-0.11265740850580011,,8.9,0.4857142857142857,31.875,0.25034965034965034,0.18181818181818182,3.0,1.4285714285714286,12.714285714285714,0.14285714285714285,31.142857142857142,3.557142857142857,0.0,0.0,0.0,179.0,25.571428571428573,0.11731843575418995,0.4972067039106145,0.09523809523809523,0.5714285714285714,0.14285714285714285,0.2857142857142857,0.5714285714285714,0.5714285714285714,0.19047619047619047,0.25,2023-2025,True
00-0035480,Malik Taylor,WR,NYJ,1,2023,2023,1,2,4,2,13,0,89,7,0,-2.066931324894535,0,0,0,3.3,85,721,89,41,563,4000,388,17,3.0,51.0,211.0,33.0,52.0,40.0,8.0,1140.0,695.0,357.0,4.0,2.0,6.0,7.0,0.0,0.0,,4.0,0.0,0.0,0.0,2.0,2.0,0.0,-2.06693132489454,0.0456140350877193,-0.516732831223635,0.0,,,,,,,,,22.3,3.0,3.5,,0.24333333333333332,0.047058823529411764,0.12343966712898752,0.007104795737122558,0.02225,0.0,0.0,0.11764705882352941,0.1569960022844089,0.14606741573033707,22.25,0.5,-0.5167328312236338,,6.5,0.24170616113744076,17.0,0.05755395683453238,0.022408963585434174,2.0,1.0,6.5,0.0,44.5,1.65,0.0,0.0,0.0,40.0,20.0,0.1,0.325,0.0,0.0,0.0,0.0,1.0,1.0,0.5,0.0,2023-2025,True
00-0035500,Greg Dortch,WR,ARI,3,2025,2023,1,45,124,90,828,8,648,640,40,16.387334630825585,13,51,1,229.9,1470,10908,1526,1182,1680,12543,1300,51,42.0,1121.0,2990.0,371.0,1137.0,749.0,326.0,3444.0,1996.0,1208.0,124.0,90.0,188.0,640.0,10.0,4.0,40.0,124.0,18.0,4.0,4.0,9.0,39.0,16.0,16.387334630825563,0.33013937282229966,0.13215592444214164,0.14516129032258066,7.47525,3.68880135579219,4.2516,5.757698870561469,8.03432432432433,5.52106062966656,2.51326369465777,74.0,5.273387096774194,2.076666666666666,7.086666666666666,11.794444444444444,0.37200000000000005,0.08435374149659863,0.0594059405940594,0.07380952380952381,0.05166228175077733,0.010998307952622674,0.01,0.8823529411764706,0.16811477066073954,1.2777777777777777,5.225806451612903,0.7258064516129032,0.1321559244421418,3.923076923076923,9.2,0.3749163879598662,26.69047619047619,0.375250501002004,0.26986754966887416,2.7555555555555555,2.0,18.4,0.17777777777777778,14.4,5.108888888888889,0.28888888888888886,1.1333333333333333,0.022222222222222223,749.0,16.644444444444446,0.16555407209612816,1.1054739652870493,0.03225806451612903,0.4,0.08888888888888889,0.08888888888888889,0.2,0.8666666666666667,0.07258064516129033,0.41025641025641024,2023-2025,False
00-0035535,Darius Slayton,WR,NYG,3,2025,2023,1,47,213,126,1881,7,2738,620,82,61.71209284760809,2,17,0,359.8,1422,11206,1510,1246,1542,12278,1389,51,47.0,2523.0,3086.0,6.0,2587.0,1521.0,886.0,3492.0,1964.0,1237.0,213.0,126.0,1261.0,620.0,11.0,12.0,82.0,213.0,15.0,5.0,14.0,44.0,58.0,24.0,60.5530928476081,0.7408361970217641,0.2842868208807892,0.07042253521126761,5.975885214669661,2.669443998312444,13.019953051643204,23.965246067700125,5.179444444444446,3.896560898344308,1.2828835461001413,59.154929577464756,12.736619718309859,9.991269841269842,4.957142857142857,12.434126984126985,0.8163829787234044,0.14978902953586498,0.24433339282527217,0.13813229571984437,0.22300048867893793,0.0016051364365971107,0.0014398848092152627,0.9215686274509803,0.395716919281488,0.6869978086194303,12.854460093896714,0.5915492957746479,0.28972813543477977,8.5,14.928571428571429,0.8175631885936487,53.680851063829785,0.7744399185336049,0.7162489894907034,4.531914893617022,2.6808510638297873,40.02127659574468,0.14893617021276595,58.255319148936174,7.6553191489361705,0.0425531914893617,0.3617021276595745,0.0,1521.0,32.361702127659576,0.14003944773175542,1.2366863905325445,0.056338028169014086,0.3191489361702128,0.10638297872340426,0.2978723404255319,0.9361702127659575,1.2340425531914894,0.20657276995305165,0.41379310344827586,2023-2025,False
00-0035544,Tom Kennedy,WR,DET,2,2025,2024,1,9,5,4,36,0,43,4,2,2.2720061066793296,0,0,0,7.6,331,2217,349,233,1072,7219,976,34,8.0,64.0,682.0,64.0,64.0,37.0,19.0,2295.0,1221.0,946.0,5.0,4.0,32.0,4.0,0.0,0.0,2.0,5.0,0.0,0.0,0.0,1.0,2.0,2.0,2.272006106679328,0.027886710239651415,0.4544012213358656,0.0,,,,,,,,,8.6,8.0,1.0,,0.1025,0.015105740181268883,0.019395579612088407,0.0046641791044776115,0.005956503670868541,0.0,0.0,0.2647058823529412,0.03623551600036521,0.8372093023255814,8.6,0.8,0.4544012213358659,,9.0,0.093841642228739,8.0,0.030303030303030304,0.0200845665961945,0.5555555555555556,0.4444444444444444,4.0,0.0,4.777777777777778,0.8444444444444444,0.0,0.0,0.0,37.0,4.111111111111111,0.13513513513513514,0.972972972972973,0.0,0.0,0.0,0.0,0.1111111111111111,0.2222222222222222,0.2,1.0,2023-2025,False
00-0035547,Joseph Fortson,TE,KC,1,2024,2024,1,3,3,1,5,0,4,2,1,-5.667218870716167,0,0,0,1.5,94,633,104,107,572,3806,450,17,3.0,40.0,226.0,8.0,40.0,16.0,18.0,1167.0,680.0,401.0,3.0,1.0,3.0,2.0,0.0,0.0,1.0,3.0,1.0,1.0,1.0,0.0,0.0,0.0,-5.6672188707161695,0.03427592116538132,-1.88907295690539,0.3333333333333333,,,,,,,,,1.3,3.0,2.0,,0.17666666666666667,0.031914893617021274,0.00631911532385466,0.005244755244755245,0.0010509721492380452,0.0,0.0,0.17647058823529413,0.052295721152230176,1.25,1.3333333333333333,0.3333333333333333,-1.889072956905389,,5.0,0.17699115044247787,13.333333333333334,0.023529411764705882,0.04488778054862843,1.0,0.3333333333333333,1.6666666666666667,0.0,1.3333333333333333,0.5,0.0,0.0,0.0,16.0,5.333333333333333,0.1875,0.3125,0.0,0.3333333333333333,0.3333333333333333,0.3333333333333333,0.0,0.0,0.0,,2023-2025,True
00-0035562,Jesper Horsted,TE,LV,1,2023,2023,1,5,1,1,4,0,2,2,0,-0.210121021780651,0,0,0,1.4,167,1412,173,119,531,4281,413,17,3.0,8.0,796.0,216.0,12.0,7.0,1.0,1073.0,606.0,397.0,1.0,1.0,2.0,2.0,0.0,0.0,,1.0,0.0,0.0,0.0,0.0,0.0,0.0,-0.21012102178065106,0.011183597390493943,-0.21012102178065106,0.0,,,,,,,,,2.0,2.0,2.0,,0.01,0.005988023952095809,0.00141643059490085,0.0018832391713747645,0.000467180565288484,0.0,0.0,0.29411764705882354,0.00997353734457431,2.0,2.0,1.0,-0.210121021780651,,4.0,0.010050251256281407,2.6666666666666665,0.01155115511551155,0.0025188916876574307,0.2,0.2,0.8,0.0,0.4,0.27999999999999997,0.0,0.0,0.0,7.0,1.4,0.14285714285714285,0.5714285714285714,0.0,0.0,0.0,0.0,0.0,0.0,0.0,,2023-2025,True
00-0035593,Juwann Winfree,WR,IND,1,2023,2023,1,1,1,0,0,0,26,0,0,-1.09631859883666,0,0,0,0.0,38,325,41,24,546,4255,479,17,4.0,21.0,538.0,75.0,23.0,10.0,6.0,1180.0,648.0,449.0,1.0,0.0,0.0,0.0,0.0,0.0,,1.0,0.0,0.0,0.0,1.0,1.0,0.0,-1.0963185988366604,0.019491525423728815,-1.0963185988366604,0.0,,,,,,,,,26.0,,,,0.04,0.02631578947368421,0.08,0.0018315018315018315,0.006110458284371328,0.0,0.0,0.058823529411764705,0.09547368421052631,0.0,26.0,0.0,-1.09631859883666,,,0.03903345724907063,5.25,0.015432098765432098,0.013363028953229399,1.0,0.0,0.0,0.0,26.0,0.0,0.0,0.0,0.0,10.0,10.0,0.1,0.0,0.0,0.0,0.0,0.0,1.0,1.0,1.0,0.0,2023-2025,True
00-0035602,Alex Bachman,WR,LV,2,2025,2024,1,16,6,5,43,0,35,12,4,1.1406034846878663,0,0,0,9.3,471,3145,498,377,1086,7663,749,34,16.0,120.0,1179.0,188.0,126.0,64.0,47.0,2161.0,1303.0,705.0,6.0,5.0,31.0,12.0,0.0,0.0,4.0,6.0,0.0,0.0,0.0,0.0,2.0,2.0,2.087603484687861,0.058306339657565945,0.3479339141146435,0.0,,,,,,,,,5.8500000000000005,6.2,2.38,,0.09649038461538463,0.012738853503184714,0.011128775834658187,0.0055248618784530384,0.004567401800861281,0.0,0.0,0.47058823529411764,0.026898423339037802,1.2285714285714286,5.833333333333333,0.8333333333333334,0.19010058078131106,,8.6,0.10178117048346055,7.5,0.04911742133537989,0.06666666666666667,0.375,0.3125,2.6875,0.0,2.1875,0.58125,0.0,0.0,0.0,64.0,4.0,0.09375,0.671875,0.0,0.0,0.0,0.0,0.0,0.125,0.0,1.0,2023-2025,False
00-0035631,Drew Sample,TE,CIN,3,2025,2023,1,37,69,57,378,4,56,363,22,7.911863489657865,2,-1,0,118.69999999999999,1320,9277,1379,870,1828,13199,1144,51,51.0,1747.0,3336.0,661.0,1807.0,887.0,767.0,3441.0,2109.0,1061.0,69.0,57.0,15.0,363.0,3.0,1.0,22.0,69.0,6.0,2.0,1.0,1.0,19.0,8.0,7.91186348965787,0.5251380412670735,0.11466468825591117,0.08695652173913043,,,,,,,,,0.9666666666666667,0.24561403508771928,6.408771929824562,19.45614035087719,0.5144992050874404,0.05227272727272727,0.0060364341920879595,0.03774617067833698,0.0042427456625501936,0.0022988505747126436,0.0017482517482517483,0.7254901960784313,0.08263459484355247,6.75,0.8115942028985508,0.8260869565217391,0.11466468825591108,-0.5,6.631578947368421,0.5236810551558753,34.254901960784316,0.42057847321005215,0.7229029217719133,1.864864864864865,1.5405405405405406,10.216216216216216,0.10810810810810811,1.5135135135135136,3.208108108108108,0.05405405405405406,-0.02702702702702703,0.0,887.0,23.972972972972972,0.0777903043968433,0.42615558060879366,0.014492753623188406,0.16216216216216217,0.05405405405405406,0.02702702702702703,0.02702702702702703,0.5135135135135135,0.014492753623188406,0.42105263157894735,2023-2025,False
00-0035639,Parris Campbell,WR,PHI,2,2024,2023,2,14,35,26,134,1,125,74,3,-21.908703088385426,0,0,0,45.400000000000006,376,2757,399,400,903,7269,1075,34,16.0,347.0,1104.0,39.0,354.0,221.0,107.0,2318.0,1203.0,946.0,35.0,26.0,60.0,74.0,1.0,1.0,3.0,35.0,5.0,2.0,1.0,1.0,10.0,1.0,-21.908703088385433,0.15271786022433131,-0.6259629453824409,0.14285714285714285,,,,,,,,,3.6057142857142854,2.3461538461538463,2.8846153846153846,20.0,0.32023809523809527,0.09308510638297872,0.04533913674283642,0.03875968992248062,0.017196313110469114,0.0,0.0,0.4117647058823529,0.17136505529445356,1.072,3.5714285714285716,0.7428571428571429,-0.6259629453824408,,5.153846153846154,0.31431159420289856,21.6875,0.18370739817123857,0.113107822410148,2.5,1.8571428571428572,9.571428571428571,0.07142857142857142,8.928571428571429,3.2428571428571433,0.0,0.0,0.0,221.0,15.785714285714286,0.1583710407239819,0.6063348416289592,0.02857142857142857,0.35714285714285715,0.14285714285714285,0.07142857142857142,0.07142857142857142,0.7142857142857143,0.02857142857142857,0.1,2023-2025,False
00-0035640,DK Metcalf,WR,PIT,3,2025,2023,2,46,326,191,2956,19,4054,1044,124,98.74058128717108,2,12,1,603.8,1472,10299,1545,1042,1638,11515,1172,51,46.0,2439.0,2850.0,9.0,2494.0,1553.0,759.0,3271.0,1902.0,1095.0,326.0,191.0,1912.0,1044.0,18.0,16.0,124.0,326.0,45.0,21.0,38.0,78.0,79.0,34.0,99.68758128717104,0.7624579639254051,0.30579012664776395,0.13803680981595093,5.356806951931005,2.5393542159160427,12.541533742331268,35.61142364368611,5.871465968586387,4.202227796109323,1.669238172477063,58.58895705521472,12.200920245398773,9.991623036649216,5.47958115183246,13.136125654450261,0.8582608695652175,0.22146739130434784,0.3936304495582095,0.199023199023199,0.352062527138515,0.0019193857965451055,0.0017064846416382253,0.9019607843137255,0.6077424016472683,0.7291563887518501,12.43558282208589,0.5858895705521472,0.30288521867230395,6.0,15.476439790575917,0.8557894736842105,53.02173913043478,0.8165089379600421,0.6931506849315069,7.086956521739131,4.1521739130434785,64.26086956521739,0.41304347826086957,88.1304347826087,13.126086956521737,0.043478260869565216,0.2608695652173913,0.021739130434782608,1553.0,33.76086956521739,0.20991629104958145,1.9034127495170639,0.049079754601226995,0.9782608695652174,0.45652173913043476,0.8260869565217391,1.6956521739130435,1.7173913043478262,0.2392638036809816,0.43037974683544306,2023-2025,False
00-0035644,Noah Fant,TE,CIN,3,2025,2023,2,42,148,114,1202,4,774,628,54,6.454407006312826,0,0,0,252.2,1452,10815,1520,936,1724,12942,1146,51,46.0,1522.0,2949.0,18.0,1564.0,974.0,459.0,3369.0,1999.0,1078.0,148.0,114.0,574.0,628.0,4.0,3.0,54.0,148.0,11.0,4.0,7.0,6.0,33.0,14.0,6.4544070063127545,0.46423271000296823,0.04361085815076186,0.07432432432432433,6.00156862745098,4.19132658173661,5.5390625,8.69595080225972,6.07104166666667,5.39980688268842,0.6712347839782481,75.0,5.309459459459459,5.028070175438597,5.507017543859649,29.228070175438596,0.5218524743230626,0.10192837465564739,0.07156726768377254,0.08584686774941995,0.059805285118219746,0.0,0.0,0.8235294117647058,0.20298964936211183,1.5529715762273901,5.22972972972973,0.7702702702702703,0.043610858150762336,,10.543859649122806,0.5161071549677857,33.08695652173913,0.48724362181090547,0.42578849721706863,3.5238095238095237,2.7142857142857144,28.61904761904762,0.09523809523809523,18.428571428571427,6.004761904761905,0.0,0.0,0.0,974.0,23.19047619047619,0.15195071868583163,1.2340862422997947,0.02027027027027027,0.2619047619047619,0.09523809523809523,0.16666666666666666,0.14285714285714285,0.7857142857142857,0.04054054054054054,0.42424242424242425,2023-2025,False
00-0035645,Gunner Olszewski,WR,NYG,2,2025,2023,1,28,14,11,145,1,129,74,7,4.4243178654187725,0,0,0,40.82,796,6693,838,797,988,8259,965,34,16.0,131.0,1826.0,215.0,136.0,80.0,42.0,3407.0,1861.0,1293.0,14.0,11.0,70.0,75.0,0.0,0.0,7.0,14.0,2.0,0.0,2.0,2.0,5.0,3.0,4.424317865418777,0.03991781626063986,0.31602270467276977,0.14285714285714285,,,,,,,,,9.214285714285714,6.363636363636363,6.818181818181818,,0.06535714285714285,0.017587939698492462,0.01927386822052891,0.01417004048582996,0.015619324373410825,0.0,0.0,0.8235294117647058,0.03987361730210893,1.124031007751938,9.214285714285714,0.7857142857142857,0.31602270467276944,,13.181818181818182,0.07174151150054764,8.1875,0.042987641053197204,0.03248259860788863,0.5,0.39285714285714285,5.178571428571429,0.03571428571428571,4.607142857142857,1.457857142857143,0.0,0.0,0.0,80.0,2.857142857142857,0.175,1.8125,0.0,0.07142857142857142,0.0,0.07142857142857142,0.07142857142857142,0.17857142857142858,0.14285714285714285,0.6,2023-2025,False
00-0035659,Terry McLaurin,WR,WAS,3,2025,2023,1,44,309,199,2680,20,3914,735,136,111.841969149939,2,2,0,585.2,1363,11070,1445,1164,1537,12757,1369,51,44.0,2309.0,2890.0,1.0,2353.0,1448.0,757.0,3406.0,1956.0,1192.0,309.0,199.0,1945.0,735.0,12.0,10.0,136.0,309.0,33.0,14.0,30.0,69.0,87.0,42.0,112.78896914993898,0.6908396946564885,0.3650128451454336,0.10679611650485436,6.232343520773493,2.6240957925473203,12.791003236245936,34.06337458653844,3.863467336683419,3.232134774658981,0.6313325620244356,64.4012944983819,12.685436893203883,9.796482412060302,3.6884422110552766,25.957788944723614,0.8,0.22670579603815114,0.35356820234869013,0.20104098893949252,0.3068119463823783,0.001718213058419244,0.0014609203798392988,0.8627450980392157,0.5875564357013098,0.684721512519162,12.666666666666666,0.6440129449838188,0.3619481202263398,1.0,13.467336683417086,0.798961937716263,52.47727272727273,0.7402862985685071,0.6350671140939598,7.0227272727272725,4.5227272727272725,60.90909090909091,0.45454545454545453,88.95454545454545,13.3,0.045454545454545456,0.045454545454545456,0.0,1448.0,32.90909090909091,0.21339779005524862,1.850828729281768,0.032362459546925564,0.75,0.3181818181818182,0.6818181818181818,1.5681818181818181,1.9772727272727273,0.22330097087378642,0.4827586206896552,2023-2025,False
00-0035662,Marquise Brown,WR,KC,3,2025,2023,2,31,190,109,1252,9,2145,400,66,18.9295677464291,2,23,0,290.5,1003,8152,1047,800,1661,12525,1351,51,32.0,1380.0,2114.0,0.0,1411.0,885.0,423.0,3473.0,2004.0,1205.0,190.0,109.0,852.0,400.0,5.0,7.0,66.0,190.0,21.0,12.0,13.0,35.0,54.0,20.0,21.77056774642909,0.4062769939533544,0.11458193550752153,0.11052631578947368,6.186426472303206,2.8087121520160263,11.565657142857136,26.072480284818223,3.8492000000000006,4.355153491887871,-0.5059534918878695,57.142857142857146,11.37421052631579,7.797247706422018,3.6715596330275235,20.991999999999997,0.6544930875576037,0.18943170488534397,0.26312561334641804,0.11438892233594221,0.17125748502994012,0.0025,0.0014803849000740192,0.6078431372549019,0.46833548667050856,0.5836829836829837,11.289473684210526,0.5736842105263158,0.0996293039285742,11.5,11.486238532110091,0.6527909176915799,43.125,0.4416167664670659,0.3510373443983402,6.129032258064516,3.5161290322580645,40.38709677419355,0.2903225806451613,69.19354838709677,9.370967741935484,0.06451612903225806,0.7419354838709677,0.0,885.0,28.548387096774192,0.21468926553672316,1.4146892655367231,0.03684210526315789,0.6774193548387096,0.3870967741935484,0.41935483870967744,1.1290322580645162,1.7419354838709677,0.18421052631578946,0.37037037037037035,2023-2025,False
00-0035676,A.J. Brown,WR,PHI,3,2025,2023,1,45,376,251,3538,21,4446,1094,168,161.36747629333365,0,0,0,726.8000000000001,1218,11279,1309,1450,1407,12810,1609,51,45.0,2628.0,2967.0,4.0,2689.0,1417.0,1122.0,3469.0,1763.0,1445.0,376.0,251.0,2444.0,1094.0,28.0,8.0,168.0,376.0,42.0,16.0,31.0,67.0,102.0,52.0,161.36747629333365,0.775151340443932,0.42916881992907885,0.11170212765957446,6.062207166008795,2.287265370910312,11.926356382978716,37.29329909095943,4.420916334661352,2.7038422436150165,1.7170740910463382,66.75531914893618,11.835372340425533,9.73147410358566,4.371713147410358,9.141035856573705,0.8882222222222222,0.30870279146141216,0.3941838815497828,0.26723525230987916,0.3470725995316159,0.0,0.0,0.8823529411764706,0.7389829042769662,0.7957714799820063,11.824468085106384,0.6675531914893617,0.42916881992907885,,14.095617529880478,0.8857431749241659,58.4,0.8037436188315371,0.7764705882352941,8.355555555555556,5.5777777777777775,78.62222222222222,0.4666666666666667,98.8,16.151111111111113,0.0,0.0,0.0,1417.0,31.488888888888887,0.26534932956951307,2.4968242766407904,0.02127659574468085,0.9333333333333333,0.35555555555555557,0.6888888888888889,1.488888888888889,2.2666666666666666,0.17819148936170212,0.5098039215686274,2023-2025,False
00-0035689,Dawson Knox,TE,BUF,3,2025,2023,1,40,118,80,914,7,898,373,48,16.250699300837276,0,0,0,217.4,1199,10198,1253,1204,1519,12898,1550,51,45.0,1758.0,2965.0,5.0,1790.0,906.0,772.0,3458.0,1824.0,1368.0,118.0,80.0,541.0,373.0,1.0,7.0,48.0,118.0,26.0,14.0,12.0,10.0,22.0,8.0,14.144699300837267,0.5176402544823597,0.11987033305794294,0.22033898305084745,5.31815789473684,3.64204251405053,7.01183673469388,10.0178442303655,5.50472222222222,5.22254359093517,0.282178631287054,73.4693877551021,7.378813559322034,6.775,4.6875,22.0,0.593186887254902,0.09841534612176814,0.08805648166307119,0.07768268597761685,0.06962319739494495,0.0,0.0,0.7843137254901961,0.20926255634680202,1.017817371937639,7.610169491525424,0.6779661016949152,0.13771779068506165,,11.425,0.5929173693086003,39.06666666666667,0.4967105263157895,0.564327485380117,2.95,2.0,22.85,0.175,22.45,5.4350000000000005,0.0,0.0,0.0,906.0,22.65,0.13024282560706402,1.0088300220750552,0.059322033898305086,0.65,0.35,0.3,0.25,0.55,0.0847457627118644,0.36363636363636365,2023-2025,False
00-0035703,Miles Boykin,WR,PIT,1,2023,2023,1,8,4,3,17,0,19,2,0,-1.671280520516916,0,0,0,4.7,234,1919,244,222,484,3785,487,17,16.0,121.0,1071.0,316.0,125.0,34.0,85.0,1084.0,566.0,443.0,4.0,3.0,15.0,2.0,0.0,1.0,,4.0,0.0,0.0,0.0,0.0,0.0,0.0,-0.7242805205169134,0.11531365313653137,-0.18107013012922835,0.0,,,,,,,,,4.8,5.0,0.6999999999999998,,0.11176470588235295,0.017094017094017096,0.009900990099009901,0.008264462809917356,0.005019815059445178,0.0,0.0,0.47058823529411764,0.03257171871033257,0.8947368421052632,4.75,0.75,-0.417820130129229,,5.666666666666667,0.11297852474323063,7.5625,0.06007067137809187,0.19187358916478556,0.5,0.375,2.125,0.0,2.375,0.5875,0.0,0.0,0.0,34.0,4.25,0.11764705882352941,0.5,0.25,0.0,0.0,0.0,0.0,0.0,0.0,,2023-2025,True
00-0035719,Deebo Samuel Sr.,WR,WAS,3,2025,2023,2,46,269,183,2289,15,1664,1414,94,69.5802585365158,96,436,7,587.5,1254,11055,1327,1305,1416,12544,1440,51,46.0,2103.0,2873.0,99.0,2149.0,1227.0,780.0,3283.0,1720.0,1302.0,269.0,183.0,875.0,1414.0,27.0,14.0,94.0,269.0,44.0,15.0,9.0,23.0,63.0,24.0,70.52725853651569,0.6545842217484008,0.2621831172361178,0.16356877323420074,6.257360866540579,3.4728291208576754,6.143717472118957,13.797873573054789,7.780109289617486,5.432682388464209,2.347426901153281,68.0297397769517,6.084758364312268,4.781967213114754,7.755737704918032,8.01311475409836,0.7310869565217392,0.21451355661881977,0.15052012663952963,0.1899717514124294,0.1326530612244898,0.0735632183908046,0.06666666666666667,0.9019607843137255,0.42713442357590037,1.3756009615384615,6.185873605947956,0.6802973977695167,0.25866267113946395,4.541666666666667,12.508196721311476,0.7319874695440306,45.71739130434783,0.7133720930232558,0.5990783410138248,5.8478260869565215,3.9782608695652173,49.76086956521739,0.32608695652173914,36.17391304347826,12.771739130434783,2.0869565217391304,9.478260869565217,0.15217391304347827,1227.0,26.67391304347826,0.21923390383048086,1.8655256723716382,0.05204460966542751,0.9565217391304348,0.32608695652173914,0.1956521739130435,0.5,1.3695652173913044,0.08550185873605948,0.38095238095238093,2023-2025,False
00-0035771,Mitchell Wilcox,TE,CIN,1,2023,2023,1,12,12,9,56,0,12,48,2,0.202913596731376,0,0,0,14.6,404,2639,421,266,592,3878,383,17,17.0,230.0,1088.0,316.0,242.0,88.0,124.0,1119.0,695.0,341.0,12.0,9.0,8.0,48.0,0.0,1.0,2.0,12.0,2.0,1.0,0.0,0.0,0.0,0.0,0.20291359673137777,0.2162645218945487,0.01690946639428148,0.16666666666666666,,,,,,,,,1.0,0.8999999999999999,5.3,,0.20941176470588233,0.0297029702970297,0.004547176960970065,0.02027027027027027,0.0030943785456420837,0.0,0.0,0.7058823529411765,0.0477374793182236,4.666666666666667,1.0,0.75,0.01690946639428133,,6.222222222222222,0.2113970588235294,13.529411764705882,0.12661870503597122,0.36363636363636365,1.0,0.75,4.666666666666667,0.0,1.0,1.2166666666666666,0.0,0.0,0.0,88.0,7.333333333333333,0.13636363636363635,0.6363636363636364,0.08333333333333333,0.16666666666666666,0.08333333333333333,0.0,0.0,0.0,0.0,,2023-2025,True
00-0035876,Andre Baccellia,WR,ARI,1,2025,2025,1,4,4,2,8,0,7,7,0,-1.8098246662411845,0,0,0,2.8,175,1285,181,68,617,4660,366,17,4.0,92.0,352.0,27.0,93.0,71.0,21.0,1160.0,748.0,339.0,4.0,2.0,1.0,7.0,0.0,1.0,0.0,4.0,2.0,0.0,0.0,0.0,0.0,0.0,-1.8098246662411839,0.08017241379310344,-0.45245616656029597,0.5,,,,,,,,,1.8,0.5,3.5,,0.27,0.022857142857142857,0.005447470817120622,0.006482982171799027,0.0015021459227467812,0.0,0.0,0.23529411764705882,0.03809894385769872,1.1428571428571428,1.75,0.5,-0.45245616656029614,,4.0,0.26136363636363635,23.0,0.09491978609625669,0.061946902654867256,1.0,0.5,2.0,0.0,1.75,0.7,0.0,0.0,0.0,71.0,17.75,0.056338028169014086,0.11267605633802817,0.25,0.5,0.0,0.0,0.0,0.0,0.0,,2023-2025,True
00-0035891,Cody White,WR,SEA,2,2025,2024,1,10,7,5,134,1,79,71,4,7.389781434263572,0,0,0,24.4,271,2205,284,292,1024,7872,890,34,,,,,230.0,72.0,137.0,2224.0,1193.0,840.0,,,,,,,,7.0,0.0,0.0,0.0,1.0,2.0,1.0,7.389781434263568,0.10341726618705036,1.0556830620376527,0.0,,,,,,,,,,,,,,0.025830258302583026,0.03582766439909297,0.0068359375,0.010035569105691058,0.0,0.0,0.29411764705882354,0.06382475253323962,1.6962025316455696,11.285714285714286,0.7142857142857143,1.0556830620376532,,26.8,,,0.06035205364626991,0.1630952380952381,0.7,0.5,13.4,0.1,7.9,2.44,0.0,0.0,0.0,72.0,7.2,0.09722222222222222,1.8611111111111112,,0.0,0.0,0.0,0.1,0.2,0.14285714285714285,0.5,2023-2025,False
00-0035934,Trishton Jackson,WR,MIN,1,2023,2023,1,2,4,2,9,0,16,7,0,-1.605063845969905,0,0,0,4.9,78,476,81,54,606,4930,393,17,6.0,80.0,497.0,14.0,79.0,53.0,23.0,1153.0,709.0,359.0,4.0,2.0,2.0,7.0,0.0,1.0,,4.0,2.0,0.0,0.0,0.0,2.0,0.0,-2.6580638459699046,0.06851691240242845,-0.6645159614924762,0.5,,,,,,,,,4.0,1.0,3.5,,0.15857142857142856,0.05128205128205128,0.03361344537815126,0.006600660066006601,0.0032454361054766734,0.0,0.0,0.11764705882352941,0.10045248868778281,0.5625,4.0,0.5,-0.40126596149247623,,4.5,0.16096579476861167,13.333333333333334,0.07475317348377997,0.06406685236768803,2.0,1.0,4.5,0.0,8.0,2.45,0.0,0.0,0.0,53.0,26.5,0.07547169811320754,0.16981132075471697,0.25,1.0,0.0,0.0,0.0,1.0,0.0,0.0,2023-2025,True
00-0035956,Giovanni Ricci,TE,DET,2,2025,2023,2,4,2,1,2,0,2,3,0,-1.391506378655322,0,0,0,1.2,129,945,140,113,1084,8214,887,34,6.0,70.0,561.0,120.0,72.0,21.0,47.0,2315.0,1307.0,853.0,2.0,1.0,-1.0,3.0,0.0,0.0,0.0,2.0,1.0,1.0,1.0,0.0,0.0,0.0,-1.391506378655322,0.031101511879049675,-0.695753189327661,0.5,,,,,,,,,1.0,-1.0,3.0,,0.16266666666666668,0.015503875968992248,0.0021164021164021165,0.0018450184501845018,0.00024348672997321646,0.0,0.0,0.11764705882352941,0.024737295434969855,1.0,1.0,0.5,-0.695753189327661,,2.0,0.12477718360071301,11.666666666666666,0.016067329762815608,0.05509964830011723,0.5,0.25,0.5,0.0,0.5,0.3,0.0,0.0,0.0,21.0,5.25,0.09523809523809523,0.09523809523809523,0.0,0.25,0.25,0.25,0.0,0.0,0.0,,2023-2025,True
00-0035976,Dan Chisena,WR,CAR,1,2024,2024,1,4,4,3,37,0,30,9,2,2.039961123140531,0,0,0,6.7,122,1292,135,100,518,4464,410,17,6.0,19.0,385.0,81.0,21.0,13.0,5.0,1080.0,628.0,362.0,4.0,3.0,28.0,9.0,0.0,0.0,2.0,4.0,0.0,0.0,0.0,0.0,2.0,1.0,2.039961123140529,0.019444444444444445,0.5099902807851322,0.0,,,,,,,,,7.5,9.3,3.0,,0.04833333333333333,0.03278688524590164,0.02321981424148607,0.007722007722007722,0.006720430107526882,0.0,0.0,0.23529411764705882,0.0654341978378927,1.2333333333333334,7.5,0.75,0.5099902807851328,,12.333333333333334,0.04935064935064935,3.1666666666666665,0.020700636942675158,0.013812154696132596,1.0,0.75,9.25,0.0,7.5,1.675,0.0,0.0,0.0,13.0,3.25,0.3076923076923077,2.8461538461538463,0.0,0.0,0.0,0.0,0.0,0.5,0.0,0.5,2023-2025,True
00-0036032,Sean McKeon,TE,DAL,1,2023,2023,1,8,2,0,0,0,13,0,0,-6.453547171666286,0,0,0,0.0,286,2696,287,200,605,4794,468,17,9.0,100.0,616.0,142.0,103.0,41.0,45.0,1210.0,684.0,430.0,2.0,0.0,0.0,0.0,0.0,1.0,,2.0,1.0,1.0,0.0,0.0,0.0,0.0,-6.453547171666287,0.08512396694214876,-3.2267735858331434,0.5,,,,,,,,,6.5,,,,0.16555555555555557,0.006993006993006993,0.004821958456973294,0.003305785123966942,0.0027117229870671673,0.0,0.0,0.47058823529411764,0.013864881409391796,0.0,6.5,0.0,-3.226773585833143,,,0.16233766233766234,11.11111111111111,0.059941520467836254,0.10465116279069768,0.25,0.0,0.0,0.0,1.625,0.0,0.0,0.0,0.0,41.0,5.125,0.04878048780487805,0.0,0.5,0.125,0.125,0.0,0.0,0.0,0.0,,2023-2025,True
00-0036040,Juwan Johnson,TE,NO,3,2025,2023,1,45,227,164,1805,10,1764,719,91,47.59950400693966,0,0,0,400.5,1461,12516,1536,1174,1661,14233,1359,51,47.0,2102.0,3061.0,91.0,2156.0,1323.0,674.0,3465.0,1944.0,1278.0,227.0,164.0,1086.0,719.0,11.0,12.0,91.0,227.0,22.0,6.0,9.0,18.0,65.0,30.0,49.493504006939645,0.6222222222222222,0.2180330572992936,0.09691629955947137,5.724897148156736,3.3553940247351597,7.727444933920706,13.424421848326459,4.583414634146342,4.374041973505451,0.2093726606408899,72.24669603524232,7.677533039647577,6.589024390243902,4.367073170731707,15.096951219512196,0.6843660130718955,0.15537303216974674,0.14093959731543623,0.1366646598434678,0.1239373287430619,0.0,0.0,0.8823529411764706,0.3317172663754255,1.0232426303854876,7.770925110132159,0.7224669603524229,0.2096894449644919,,11.00609756097561,0.686703691604051,44.723404255319146,0.6805555555555556,0.5273865414710485,5.044444444444444,3.6444444444444444,40.111111111111114,0.2222222222222222,39.2,8.9,0.0,0.0,0.0,1323.0,29.4,0.17157974300831444,1.36432350718065,0.05286343612334802,0.4888888888888889,0.13333333333333333,0.2,0.4,1.4444444444444444,0.07929515418502203,0.46153846153846156,2023-2025,False
00-0036133,James Proche,WR,TEN,3,2025,2023,2,25,20,9,86,0,278,6,3,-4.663753555214486,0,0,0,17.6,862,6699,915,627,1761,14452,1287,51,19.0,247.0,1881.0,206.0,253.0,157.0,82.0,3562.0,2111.0,1207.0,20.0,9.0,80.0,6.0,1.0,0.0,3.0,20.0,0.0,0.0,1.0,5.0,6.0,2.0,-4.663753555214498,0.07102751263335205,-0.2331876777607249,0.0,,,,,,,,,13.914999999999997,8.899999999999999,0.6333333333333333,3.0,0.12373333333333333,0.02320185614849188,0.04149873115390357,0.011357183418512209,0.019236091890395792,0.0,0.0,0.49019607843137253,0.06385189603047031,0.30935251798561153,13.9,0.45,-0.2331876777607243,,9.555555555555555,0.13131313131313133,13.0,0.07437233538607295,0.06793703396851698,0.8,0.36,3.44,0.0,11.12,0.7040000000000001,0.0,0.0,0.0,157.0,6.28,0.12738853503184713,0.5477707006369427,0.0,0.0,0.0,0.04,0.2,0.24,0.25,0.3333333333333333,2023-2025,False
00-0036145,Lawrence Cager,TE,NYG,1,2023,2023,1,5,5,4,36,1,21,27,2,3.254882011679002,0,0,0,13.6,138,991,145,126,485,3786,454,17,9.0,101.0,689.0,140.0,103.0,57.0,34.0,1126.0,668.0,386.0,5.0,4.0,9.0,27.0,0.0,0.0,2.0,5.0,2.0,1.0,1.0,0.0,2.0,1.0,3.254882011679001,0.09147424511545293,0.6509764023358002,0.4,,,,,,,,,4.2,2.3,6.8,,0.15,0.036231884057971016,0.02119071644803229,0.010309278350515464,0.005546751188589541,0.0,0.0,0.29411764705882354,0.06918132760057913,1.7142857142857142,4.2,0.8,0.6509764023358005,,9.0,0.14658925979680695,11.222222222222221,0.08532934131736528,0.08808290155440414,1.0,0.8,7.2,0.2,4.2,2.7199999999999998,0.0,0.0,0.0,57.0,11.4,0.08771929824561403,0.631578947368421,0.0,0.4,0.2,0.2,0.0,0.4,0.0,0.5,2023-2025,True
00-0036165,Isaiah Hodgins,WR,NYG,3,2025,2023,1,22,54,33,357,4,487,93,18,9.963660968717866,0,0,0,90.7,667,5399,704,603,1542,12278,1389,51,27.0,937.0,1802.0,0.0,960.0,513.0,378.0,3492.0,1964.0,1237.0,54.0,33.0,264.0,93.0,2.0,0.0,18.0,54.0,9.0,3.0,7.0,3.0,12.0,5.0,9.963660968717871,0.27491408934707906,0.18451224016144205,0.16666666666666666,,,,,,,,,8.927777777777779,8.012121212121212,2.8363636363636364,17.451612903225808,0.530280112044818,0.08095952023988005,0.09020188923874792,0.03501945525291829,0.03966444046261606,0.0,0.0,0.43137254901960786,0.1845806028269436,0.7330595482546202,9.018518518518519,0.6111111111111112,0.18451224016144196,,10.818181818181818,0.5199778024417314,34.7037037037037,0.26120162932790225,0.3055780113177041,2.4545454545454546,1.5,16.227272727272727,0.18181818181818182,22.136363636363637,4.122727272727273,0.0,0.0,0.0,513.0,23.318181818181817,0.10526315789473684,0.695906432748538,0.0,0.4090909090909091,0.13636363636363635,0.3181818181818182,0.13636363636363635,0.5454545454545454,0.05555555555555555,0.4166666666666667,2023-2025,False
00-0036176,Mason Kinsey,WR,TEN,3,2025,2023,1,18,7,5,71,0,107,11,3,3.130455316626467,0,0,0,12.100000000000001,543,4336,563,443,1515,12858,1272,51,22.0,164.0,1381.0,289.0,167.0,91.0,59.0,3296.0,1837.0,1196.0,7.0,5.0,60.0,11.0,0.0,1.0,3.0,7.0,0.0,0.0,0.0,2.0,2.0,1.0,3.130455316626467,0.05066747572815534,0.4472079023752095,0.0,,,,,,,,,15.0,12.0,2.2,,0.12355555555555557,0.01289134438305709,0.02467712177121771,0.0046204620462046205,0.008321667444392595,0.0,0.0,0.35294117647058826,0.036611001814438035,0.6635514018691588,15.285714285714286,0.7142857142857143,0.4472079023752095,,14.2,0.11875452570601014,7.454545454545454,0.04953728905824714,0.04933110367892977,0.3888888888888889,0.2777777777777778,3.9444444444444446,0.0,5.944444444444445,0.6722222222222223,0.0,0.0,0.0,91.0,5.055555555555555,0.07692307692307693,0.7802197802197802,0.14285714285714285,0.0,0.0,0.0,0.1111111111111111,0.1111111111111111,0.2857142857142857,0.5,2023-2025,False
00-0036182,Nick Westbrook-Ikhine,WR,MIA,3,2025,2023,2,40,125,71,956,12,1362,259,51,34.52889464456926,0,0,0,240.6,1163,10011,1207,1051,1447,12206,1326,51,46.0,1768.0,2835.0,366.0,1818.0,990.0,696.0,3221.0,1724.0,1244.0,125.0,71.0,697.0,259.0,4.0,11.0,51.0,125.0,18.0,10.0,16.0,18.0,36.0,16.0,33.475894644569266,0.5644209872710338,0.2678071571565541,0.144,6.417769975786927,2.56659840747267,12.173333333333314,15.404920065105143,4.372833333333332,3.114479505363098,1.2583538279702373,57.14285714285712,10.828,9.832394366197182,3.6436619718309857,19.95774647887324,0.6143191176470589,0.10748065348237318,0.136050344620917,0.08638562543192813,0.11158446665574308,0.0,0.0,0.7843137254901961,0.2564562214582017,0.7019089574155654,10.896,0.568,0.2762311571565541,,13.464788732394366,0.6236331569664904,38.43478260869565,0.574245939675174,0.5594855305466238,3.125,1.775,23.9,0.3,34.05,6.015,0.0,0.0,0.0,990.0,24.75,0.12626262626262627,0.9656565656565657,0.088,0.45,0.25,0.4,0.45,0.9,0.144,0.4444444444444444,2023-2025,False
00-0036183,Kristian Wilkerson,WR,LV,1,2024,2024,1,1,3,2,18,1,16,11,2,2.86149290617323,0,0,0,9.8,37,238,40,19,592,4455,380,17,2.0,45.0,209.0,15.0,45.0,25.0,19.0,1144.0,703.0,356.0,3.0,2.0,7.0,11.0,0.0,0.0,2.0,3.0,3.0,2.0,1.0,0.0,1.0,0.0,2.8614929061732255,0.039335664335664336,0.9538309687244085,1.0,,,,,,,,,5.3,3.5,5.5,,0.22,0.08108108108108109,0.06722689075630252,0.005067567567567568,0.003591470258136925,0.0,0.0,0.058823529411764705,0.1686804451510334,1.125,5.333333333333333,0.6666666666666666,0.95383096872441,,9.0,0.215311004784689,22.5,0.03556187766714083,0.05337078651685393,3.0,2.0,18.0,1.0,16.0,9.8,0.0,0.0,0.0,25.0,25.0,0.12,0.72,0.0,3.0,2.0,1.0,0.0,1.0,0.0,0.0,2023-2025,True
00-0036196,Gabe Davis,WR,BUF,3,2025,2023,2,32,141,77,1114,10,1947,249,55,30.36322419153921,1,-2,0,246.2,979,8680,1029,905,1546,13222,1473,51,33.0,1614.0,2147.0,1.0,1643.0,947.0,613.0,3398.0,1856.0,1311.0,141.0,77.0,865.0,249.0,2.0,3.0,55.0,141.0,28.0,16.0,25.0,35.0,40.0,10.0,29.310224191539223,0.4835197174808711,0.2078739304364484,0.19858156028368795,6.50151898734177,2.81000757845079,15.063703703703698,26.0570959971298,4.31222222222222,3.2386004839095,1.07362173831273,55.5555555555556,13.787234042553191,11.254545454545454,3.2467532467532467,22.5,0.7479963235294118,0.14402451481103168,0.22430875576036866,0.09120310478654592,0.14725457570715475,0.0011049723756906078,0.0006788866259334691,0.6274509803921569,0.3730529012488056,0.5721623009758603,13.808510638297872,0.5460992907801419,0.21534201554283128,-2.0,14.467532467532468,0.7517466231951561,48.90909090909091,0.5102370689655172,0.467581998474447,4.40625,2.40625,34.8125,0.3125,60.84375,7.69375,0.03125,-0.0625,0.0,947.0,29.59375,0.14889123548046462,1.1763463569165786,0.02127659574468085,0.875,0.5,0.78125,1.09375,1.25,0.24822695035460993,0.25,2023-2025,False
00-0036232,Harrison Bryant,TE,HOU,3,2025,2023,3,25,38,24,174,3,180,106,10,-7.746158777403572,5,8,0,58.2,865,7688,909,710,1742,14519,1373,51,42.0,792.0,2917.0,418.0,815.0,335.0,401.0,3589.0,2047.0,1288.0,38.0,24.0,68.0,106.0,3.0,3.0,10.0,38.0,5.0,3.0,3.0,1.0,5.0,0.0,-7.746158777403577,0.22708275285594873,-0.2038462836158836,0.13157894736842105,,,,,,,,,4.7631578947368425,2.8249999999999997,4.425,9.522727272727273,0.29170180995475115,0.04393063583815029,0.023413111342351717,0.021814006888633754,0.012397548040498656,0.007042253521126761,0.003641660597232338,0.49019607843137253,0.08228513169687163,0.9666666666666667,4.7368421052631575,0.631578947368421,-0.20384628361588347,1.6,7.25,0.2715118272197463,18.857142857142858,0.16365412799218368,0.3113354037267081,1.52,0.96,6.96,0.12,7.2,2.3280000000000003,0.2,0.32,0.0,335.0,13.4,0.11343283582089553,0.5194029850746269,0.07894736842105263,0.2,0.12,0.12,0.04,0.2,0.02631578947368421,0.0,2023-2025,False
00-0036233,Donovan Peoples-Jones,WR,CLE,1,2023,2023,1,14,25,13,155,0,273,35,7,-3.9687315645707506,0,0,0,28.5,467,3808,486,432,597,5299,518,17,15.0,511.0,1070.0,69.0,519.0,263.0,227.0,2471.0,1341.0,970.0,25.0,13.0,120.0,35.0,0.0,0.0,7.0,25.0,1.0,1.0,1.0,3.0,8.0,2.0,-3.9687315645707466,0.21003642250101173,-0.15874926258282987,0.04,,,,,,,,,10.4,9.2,2.7,,0.462,0.05353319057815846,0.07169117647058823,0.04187604690117253,0.05151915455746367,0.0,0.0,0.8235294117647058,0.13048360939664944,0.5677655677655677,10.92,0.52,-0.15874926258283004,,11.923076923076923,0.47757009345794393,34.06666666666667,0.19612229679343773,0.23402061855670103,1.7857142857142858,0.9285714285714286,11.071428571428571,0.0,19.5,2.0357142857142856,0.0,0.0,0.0,263.0,18.785714285714285,0.09505703422053231,0.5893536121673004,0.0,0.07142857142857142,0.07142857142857142,0.07142857142857142,0.21428571428571427,0.5714285714285714,0.12,0.25,2023-2025,True
00-0036244,Colby Parkinson,TE,LA,3,2025,2023,2,45,139,98,949,11,729,517,50,24.13687744299817,0,0,0,256.90000000000003,1460,12189,1515,1161,1669,13673,1297,51,49.0,1719.0,3162.0,230.0,1752.0,923.0,722.0,3347.0,1855.0,1235.0,139.0,98.0,432.0,517.0,6.0,7.0,50.0,139.0,39.0,17.0,16.0,6.0,31.0,13.0,24.136877442998177,0.523453839259038,0.1736466003093394,0.2805755395683453,6.233609485815606,3.6299265159390353,5.1591428571428555,5.84425360282772,6.25123287671233,6.227921476447607,0.023311400264722847,69.52380952380955,5.230935251798561,4.414285714285715,5.254081632653061,20.3,0.5408915032679739,0.09520547945205479,0.05980802362786119,0.08328340323547034,0.053316755649820816,0.0,0.0,0.8823529411764706,0.184673835717585,1.3017832647462277,5.244604316546763,0.7050359712230215,0.17364660030933934,,9.683673469387756,0.5436432637571158,35.08163265306123,0.49757412398921835,0.5846153846153846,3.088888888888889,2.1777777777777776,21.08888888888889,0.24444444444444444,16.2,5.70888888888889,0.0,0.0,0.0,923.0,20.511111111111113,0.15059588299024917,1.028169014084507,0.050359712230215826,0.8666666666666667,0.37777777777777777,0.35555555555555557,0.13333333333333333,0.6888888888888889,0.04316546762589928,0.41935483870967744,2023-2025,False
00-0036252,Michael Pittman,WR,IND,3,2025,2023,1,49,378,258,2744,14,3368,1031,135,51.64689424679389,0,0,0,620.4,1498,13422,1562,1370,1568,14068,1417,51,49.0,2813.0,3172.0,9.0,2864.0,1591.0,1116.0,3387.0,1822.0,1330.0,378.0,258.0,1713.0,1031.0,9.0,10.0,135.0,378.0,48.0,16.0,18.0,39.0,76.0,29.0,51.32889424679389,0.8455860643637437,0.13579072552061874,0.12698412698412698,6.720733657949163,2.9385617888979616,8.723544973544977,25.220421509143215,4.310736434108531,3.846442642335471,0.4642937917730547,68.2539682539683,8.898412698412699,6.678682170542635,3.994186046511628,29.766279069767442,0.8838775510204082,0.2523364485981308,0.25093130680971537,0.24107142857142858,0.23940858686380437,0.0,0.0,0.9607843137254902,0.554156587663997,0.8147268408551069,8.91005291005291,0.6825396825396826,0.1366319953618886,,10.635658914728682,0.8868221941992434,57.40816326530612,0.8732162458836443,0.8390977443609022,7.714285714285714,5.26530612244898,56.0,0.2857142857142857,68.73469387755102,12.661224489795918,0.0,0.0,0.0,1591.0,32.46938775510204,0.23758642363293525,1.7247014456316783,0.026455026455026454,0.9795918367346939,0.32653061224489793,0.3673469387755102,0.7959183673469388,1.5510204081632653,0.10317460317460317,0.3815789473684211,2023-2025,False
00-0036254,Collin Johnson,WR,CHI,2,2024,2023,1,7,3,2,17,0,23,7,2,0.9314102906500891,0,0,0,3.7,246,2348,265,166,1003,8309,965,34,11.0,72.0,802.0,134.0,73.0,30.0,39.0,2341.0,1311.0,850.0,3.0,2.0,10.0,7.0,0.0,0.0,2.0,3.0,0.0,0.0,0.0,0.0,0.0,0.0,0.9314102906500921,0.031183255019222554,0.310470096883364,0.0,,,,,,,,,7.666666666666667,5.0,3.5,,0.07857142857142858,0.012195121951219513,0.009795570698466781,0.0029910269192422734,0.002768082801781201,0.0,0.0,0.20588235294117646,0.025149582415756017,0.7391304347826086,7.666666666666667,0.6666666666666666,0.310470096883363,,8.5,0.08977556109725686,6.545454545454546,0.02288329519450801,0.04588235294117647,0.42857142857142855,0.2857142857142857,2.4285714285714284,0.0,3.2857142857142856,0.5285714285714286,0.0,0.0,0.0,30.0,4.285714285714286,0.1,0.5666666666666667,0.0,0.0,0.0,0.0,0.0,0.0,0.0,,2023-2025,True
00-0036259,Jauan Jennings,WR,SF,3,2025,2023,1,43,236,151,1883,16,2364,508,95,48.88082493961788,0,0,0,435.3,1275,10828,1330,1207,1534,12842,1437,51,43.0,1845.0,2728.0,26.0,1879.0,1113.0,651.0,3339.0,1782.0,1329.0,236.0,151.0,1375.0,508.0,11.0,8.0,95.0,236.0,36.0,17.0,21.0,27.0,85.0,44.0,49.72182493961792,0.562743336328242,0.2106856988966861,0.15254237288135594,5.470835285078914,2.368180000916666,10.318669950738919,24.871685952094975,3.1696969696969695,2.581083716818045,0.5886132528789283,65.02463054187191,10.03220338983051,9.125165562913908,3.3741721854304636,14.074834437086094,0.6823255813953489,0.18509803921568627,0.21832286664203915,0.15384615384615385,0.18408347609406633,0.0,0.0,0.8431372549019608,0.43047306547295683,0.7965313028764806,10.016949152542374,0.6398305084745762,0.20712213957465203,,12.47019867549669,0.6763196480938416,42.906976744186046,0.6245791245791246,0.4898419864559819,5.488372093023256,3.511627906976744,43.7906976744186,0.37209302325581395,54.97674418604651,10.123255813953488,0.0,0.0,0.0,1113.0,25.88372093023256,0.21203953279424978,1.6918238993710693,0.03389830508474576,0.8372093023255814,0.3953488372093023,0.4883720930232558,0.627906976744186,1.9767441860465116,0.11440677966101695,0.5176470588235295,2023-2025,False
00-0036261,Brandon Aiyuk,WR,SF,2,2024,2023,1,23,152,100,1716,7,2023,469,80,94.60486446460803,0,0,0,311.6,648,5932,670,672,984,8546,956,34,23.0,1160.0,1451.0,2.0,1179.0,649.0,470.0,2194.0,1153.0,886.0,152.0,100.0,1227.0,489.0,4.0,6.0,80.0,152.0,16.0,6.0,12.0,23.0,42.0,24.0,94.60486446460801,0.5373746581586144,0.6224004241092632,0.10526315789473684,5.577277082268782,2.728194523225794,13.639539473684199,30.148234076023964,4.7666,3.1585911992813998,1.6080088007185998,65.7894736842105,13.2125,12.275,4.9,31.25,0.7986956521739129,0.2345679012345679,0.34103169251517196,0.15447154471544716,0.2367189328340744,0.0,0.0,0.6764705882352942,0.5905740366124722,0.8482451804251112,13.30921052631579,0.6578947368421053,0.6224004241092633,,17.16,0.7994486560992419,50.43478260869565,0.5628794449262793,0.5304740406320542,6.608695652173913,4.3478260869565215,74.6086956521739,0.30434782608695654,87.95652173913044,13.547826086956523,0.0,0.0,0.0,649.0,28.217391304347824,0.23420647149460708,2.6440677966101696,0.039473684210526314,0.6956521739130435,0.2608695652173913,0.5217391304347826,1.0,1.826086956521739,0.1513157894736842,0.5714285714285714,2023-2025,False
00-0036268,Laviska Shenault Jr.,WR,SEA,2,2024,2023,2,18,15,15,96,0,-35,131,4,1.716061890125264,13,56,0,36.2,629,4779,675,423,1103,8596,828,34,19.0,144.0,1355.0,283.0,153.0,71.0,67.0,3426.0,1943.0,1189.0,15.0,15.0,-35.0,131.0,1.0,0.0,4.0,15.0,0.0,0.0,0.0,0.0,4.0,2.0,1.7160618901252747,0.0446584938704028,0.11440412600835165,0.0,,,,,,,,,-2.3333333333333335,-2.3333333333333335,8.733333333333333,10.0,0.11009259259259259,0.02384737678855326,-0.00732370788867964,0.013599274705349048,-0.004071661237785016,0.030732860520094562,0.01570048309178744,0.5294117647058824,0.030644469660754146,-2.742857142857143,-2.3333333333333335,1.0,0.11440412600835094,4.3076923076923075,6.4,0.10627306273062731,7.578947368421052,0.03654143077714874,0.056349873843566024,0.8333333333333334,0.8333333333333334,5.333333333333333,0.0,-1.9444444444444444,2.011111111111111,0.7222222222222222,3.111111111111111,0.0,71.0,3.9444444444444446,0.2112676056338028,1.352112676056338,0.0,0.0,0.0,0.0,0.0,0.2222222222222222,0.0,0.5,2023-2025,False
00-0036271,Quez Watkins,WR,PHI,1,2023,2023,1,5,21,15,142,1,245,46,8,-3.31506419403331,0,0,0,35.2,169,1634,186,144,525,4844,510,17,9.0,304.0,624.0,1.0,313.0,191.0,101.0,1183.0,653.0,457.0,21.0,15.0,96.0,46.0,0.0,0.0,8.0,21.0,3.0,0.0,2.0,4.0,3.0,0.0,-3.3150641940333117,0.26458157227387996,-0.15786019971587198,0.14285714285714285,,,,,,,,,11.9,6.4,3.1,,0.49444444444444446,0.1242603550295858,0.1499388004895961,0.04,0.05057803468208093,0.0,0.0,0.29411764705882354,0.29134769288709594,0.5795918367346938,11.666666666666666,0.7142857142857143,-0.1578601997158719,,9.466666666666667,0.48717948717948717,33.77777777777778,0.29249617151607965,0.2210065645514223,4.2,3.0,28.4,0.2,49.0,7.040000000000001,0.0,0.0,0.0,191.0,38.2,0.1099476439790576,0.743455497382199,0.0,0.6,0.0,0.4,0.8,0.6,0.19047619047619047,0.0,2023-2025,True
00-0036290,Cole Kmet,TE,CHI,3,2025,2023,1,48,193,150,1540,12,1371,620,78,72.03593842457344,3,2,0,380.2,1434,12286,1542,1387,1535,13253,1470,51,50.0,2640.0,3365.0,184.0,2708.0,1499.0,1003.0,3525.0,1955.0,1301.0,193.0,150.0,920.0,620.0,7.0,4.0,78.0,193.0,29.0,14.0,14.0,18.0,45.0,21.0,72.77093842457344,0.76822695035461,0.3770514944278417,0.15025906735751296,6.57020205253366,3.9240533631080923,7.047979274611403,11.952408019449022,4.597600000000003,4.599409286771876,-0.00180928677187764,77.72020725388602,7.103108808290156,6.134000000000001,4.168666666666667,26.63266666666667,0.7857720588235294,0.13458856345885634,0.11159042812957838,0.1257328990228013,0.10344827586206896,0.0021629416005767843,0.0020408163265306124,0.9411764705882353,0.2799961448789894,1.1232676878191101,7.103626943005182,0.7772020725388601,0.37324320427240126,0.6666666666666666,10.266666666666667,0.7845468053491828,52.8,0.7667519181585678,0.7709454265949269,4.020833333333333,3.125,32.083333333333336,0.25,28.5625,7.920833333333333,0.0625,0.041666666666666664,0.0,1499.0,31.229166666666668,0.12875250166777852,1.027351567711808,0.02072538860103627,0.6041666666666666,0.2916666666666667,0.2916666666666667,0.375,0.9375,0.09326424870466321,0.4666666666666667,2023-2025,False
00-0036309,Darnell Mooney,WR,ATL,3,2025,2023,2,45,239,127,1849,7,2943,529,93,42.770262700068415,2,5,0,354.4,1351,10855,1428,1330,1535,12411,1506,51,46.0,2532.0,3030.0,1.0,2588.0,1449.0,972.0,3468.0,1803.0,1416.0,239.0,127.0,1320.0,529.0,8.0,14.0,93.0,239.0,22.0,10.0,13.0,53.0,67.0,30.0,42.77026270006839,0.7462514417531718,0.17895507405886357,0.09205020920502092,6.351297916402522,3.0148781988493463,12.593598326359857,25.20159768773415,4.367874015748032,4.20020952761586,0.16766448813217,53.13807531380752,12.227196652719666,10.39763779527559,4.162204724409448,21.02204724409449,0.835185185185185,0.17690599555884529,0.2711192998618148,0.15570032573289902,0.23712835387962292,0.0015037593984962407,0.0013280212483399733,0.8823529411764706,0.4551425032415383,0.6282704723071696,12.313807531380753,0.5313807531380753,0.17895507405886366,2.5,14.559055118110237,0.8356435643564356,55.04347826086956,0.8036605657237936,0.6864406779661016,5.311111111111111,2.8222222222222224,41.08888888888889,0.15555555555555556,65.4,7.875555555555555,0.044444444444444446,0.1111111111111111,0.0,1449.0,32.2,0.16494133885438234,1.2760524499654935,0.058577405857740586,0.4888888888888889,0.2222222222222222,0.28888888888888886,1.1777777777777778,1.488888888888889,0.2217573221757322,0.44776119402985076,2023-2025,False
00-0036322,Justin Jefferson,WR,MIN,3,2025,2023,1,44,395,255,3655,17,4378,1198,160,93.18713528554719,4,-2,0,721.1800000000001,1358,11673,1418,1067,1591,13312,1260,51,44.0,2534.0,2763.0,6.0,2603.0,1535.0,868.0,3337.0,1910.0,1145.0,395.0,255.0,2457.0,1198.0,12.0,9.0,160.0,395.0,55.0,30.0,44.0,67.0,102.0,41.0,94.13413528554722,0.7800419538507641,0.23831426654568916,0.13924050632911392,5.997925471287849,3.039518769067142,11.271670886075967,35.13369752854268,4.845333333333334,4.214692648774102,0.6306406845592327,64.55696202531648,11.080506329113925,9.658823529411764,4.6905882352941175,22.92156862745098,0.920909090909091,0.29086892488954347,0.3750535423627174,0.2482715273412948,0.3288762019230769,0.0037488284910965324,0.0031746031746031746,0.8627450980392157,0.6988408669882173,0.8348560986751942,11.083544303797469,0.6455696202531646,0.2359167981912587,-0.5,14.333333333333334,0.917119073470865,57.59090909090909,0.8036649214659686,0.7580786026200873,8.977272727272727,5.795454545454546,83.06818181818181,0.38636363636363635,99.5,16.390454545454546,0.09090909090909091,-0.045454545454545456,0.0,1535.0,34.88636363636363,0.25732899022801303,2.3811074918566777,0.02278481012658228,1.25,0.6818181818181818,1.0,1.5227272727272727,2.3181818181818183,0.16962025316455695,0.4019607843137255,2023-2025,False
00-0036326,Chase Claypool,WR,MIA,1,2023,2023,1,11,21,8,77,1,230,25,4,-13.195911553726344,0,0,0,21.7,351,2723,360,260,549,4306,456,17,10.0,195.0,747.0,102.0,204.0,116.0,73.0,2282.0,1234.0,905.0,21.0,8.0,52.0,25.0,1.0,1.0,4.0,21.0,2.0,0.0,3.0,3.0,4.0,0.0,-13.195911553726338,0.08939526730937773,-0.6283767406536351,0.09523809523809523,,,,,,,,,11.0,6.5,3.1,8.0,0.26833333333333337,0.05982905982905983,0.08446566287183253,0.03825136612021858,0.053413841151881095,0.0,0.0,0.6470588235294118,0.1488695537538725,0.3347826086956522,10.952380952380953,0.38095238095238093,-0.6283767406536354,,9.625,0.26104417670682734,19.5,0.0940032414910859,0.08066298342541436,1.9090909090909092,0.7272727272727273,7.0,0.09090909090909091,20.90909090909091,1.9727272727272727,0.0,0.0,0.0,116.0,10.545454545454545,0.1810344827586207,0.6637931034482759,0.047619047619047616,0.18181818181818182,0.0,0.2727272727272727,0.2727272727272727,0.36363636363636365,0.14285714285714285,0.0,2023-2025,True
00-0036331,Devin Duvernay,WR,CHI,3,2025,2023,3,43,30,17,123,0,339,80,8,-0.8925941964167865,8,18,0,31.1,1310,11825,1386,1235,1530,13619,1460,51,29.0,366.0,2827.0,463.0,377.0,223.0,123.0,3401.0,1863.0,1294.0,30.0,17.0,43.0,80.0,0.0,2.0,8.0,30.0,4.0,1.0,1.0,10.0,10.0,3.0,-0.8925941964167872,0.1108497500735078,-0.02975313988055957,0.13333333333333333,,,,,,,,,11.146666666666667,2.570588235294118,4.7,,0.1283720930232558,0.022900763358778626,0.028668076109936574,0.0196078431372549,0.02489169542550848,0.006477732793522267,0.005479452054794521,0.8431372549019608,0.05441879831512354,0.36283185840707965,11.3,0.5666666666666667,-0.02975313988055955,2.25,7.235294117647059,0.12946586487442518,12.620689655172415,0.11969940955448202,0.09505409582689335,0.6976744186046512,0.3953488372093023,2.86046511627907,0.0,7.883720930232558,0.7232558139534884,0.18604651162790697,0.4186046511627907,0.0,223.0,5.186046511627907,0.13452914798206278,0.5515695067264574,0.06666666666666667,0.09302325581395349,0.023255813953488372,0.023255813953488372,0.23255813953488372,0.23255813953488372,0.3333333333333333,0.3,2023-2025,False
00-0036332,Josiah Deguara,TE,ARI,3,2025,2023,3,23,16,14,100,1,51,56,5,1.2452747896313678,0,0,0,30.0,768,6440,801,519,1700,14186,1221,51,38.0,367.0,2691.0,632.0,379.0,180.0,160.0,3351.0,1994.0,1137.0,16.0,14.0,44.0,56.0,0.0,0.0,5.0,16.0,3.0,2.0,1.0,0.0,4.0,1.0,1.2452747896313667,0.11310056699492689,0.07782967435196042,0.1875,,,,,,,,,3.21875,3.1714285714285713,4.021428571428571,,0.14051449275362318,0.020833333333333332,0.007919254658385094,0.009411764705882352,0.003595093754405752,0.0,0.0,0.45098039215686275,0.036793478260869567,1.9607843137254901,3.1875,0.875,0.07782967435196049,,7.142857142857143,0.13638052768487552,9.657894736842104,0.09027081243731194,0.14072119613016712,0.6956521739130435,0.6086956521739131,4.3478260869565215,0.043478260869565216,2.217391304347826,1.3043478260869565,0.0,0.0,0.0,180.0,7.826086956521739,0.08888888888888889,0.5555555555555556,0.0,0.13043478260869565,0.08695652173913043,0.043478260869565216,0.0,0.17391304347826086,0.0,0.25,2023-2025,False
00-0036345,K.J. Osborn,WR,NE,2,2024,2023,2,22,93,55,597,4,766,201,30,-1.006549486049881,0,0,0,138.7,745,5889,776,560,1106,8776,839,34,24.0,1072.0,1571.0,1.0,1099.0,691.0,327.0,3463.0,2000.0,1199.0,93.0,55.0,396.0,201.0,1.0,6.0,30.0,93.0,14.0,7.0,7.0,6.0,31.0,12.0,-1.0065494860499058,0.3173548946000578,-0.010823112753224794,0.15053763440860216,5.88493150684932,3.27396046613441,8.99866666666667,14.168361873691902,3.9677083333333294,3.73453931780174,0.233169015531596,64.0,8.238709677419354,7.20909090909091,3.696363636363636,48.0,0.6948579545454545,0.12483221476510067,0.13007301749023603,0.08408679927667269,0.08728350045578852,0.0,0.0,0.6470588235294118,0.2782994343908162,0.779373368146214,8.236559139784946,0.5913978494623656,-0.010823112753224525,,10.854545454545455,0.6823679185232336,44.666666666666664,0.3455,0.2727272727272727,4.2272727272727275,2.5,27.136363636363637,0.18181818181818182,34.81818181818182,6.304545454545454,0.0,0.0,0.0,691.0,31.40909090909091,0.1345875542691751,0.8639652677279306,0.06451612903225806,0.6363636363636364,0.3181818181818182,0.3181818181818182,0.2727272727272727,1.4090909090909092,0.06451612903225806,0.3870967741935484,2023-2025,False
00-0036358,CeeDee Lamb,WR,DAL,3,2025,2023,1,45,450,311,4020,21,4315,1540,177,152.29484956702174,29,185,2,867.5000000000001,1628,13050,1664,1199,1834,14549,1362,51,46.0,2549.0,3217.0,4.0,2600.0,1601.0,804.0,3632.0,2054.0,1270.0,450.0,311.0,2480.0,1540.0,28.0,21.0,177.0,450.0,67.0,27.0,48.0,61.0,115.0,59.0,151.13584956702175,0.7158590308370044,0.33585744348227053,0.14888888888888888,5.7971446578315105,2.787105603977096,9.765999999999998,30.86178858004532,5.159453376205787,3.996225899198629,1.1632274770071616,69.1111111111111,9.430222222222223,7.97588424437299,4.928617363344051,11.341479099678455,0.7940317460317461,0.2764127764127764,0.3306513409961686,0.24536532170119957,0.2965839576603203,0.02418682235195997,0.021292217327459617,0.8823529411764706,0.6460751033164827,0.9316338354577057,9.588888888888889,0.6911111111111111,0.3384329990378261,6.379310344827586,12.92604501607717,0.792353124028598,55.41304347826087,0.7794547224926972,0.6330708661417322,10.0,6.911111111111111,89.33333333333333,0.4666666666666667,95.88888888888889,19.27777777777778,0.6444444444444445,4.111111111111111,0.044444444444444446,1601.0,35.577777777777776,0.2810743285446596,2.5109306683322923,0.04666666666666667,1.488888888888889,0.6,1.0666666666666667,1.3555555555555556,2.5555555555555554,0.13555555555555557,0.5130434782608696,2023-2025,False
00-0036364,Lynn Bowden,WR,NO,1,2023,2023,1,8,16,11,83,0,80,57,2,-2.248492210373742,5,32,0,22.5,253,2081,266,221,579,5016,480,17,15.0,326.0,1016.0,65.0,335.0,128.0,192.0,1192.0,655.0,457.0,16.0,11.0,26.0,57.0,0.0,1.0,2.0,16.0,0.0,0.0,0.0,0.0,3.0,0.0,-2.2484922103737435,0.28104026845637586,-0.14053076314835897,0.0,,,,,,,,,5.0,2.4,5.2,,0.3333333333333333,0.06324110671936758,0.03844305622296973,0.027633851468048358,0.01594896331738437,0.02262443438914027,0.010416666666666666,0.47058823529411764,0.12177179943513018,1.0375,5.0,0.6875,-0.14053076314835888,6.4,7.545454545454546,0.32086614173228345,21.733333333333334,0.19541984732824427,0.4201312910284464,2.0,1.375,10.375,0.0,10.0,2.8125,0.625,4.0,0.0,128.0,16.0,0.125,0.6484375,0.0625,0.0,0.0,0.0,0.0,0.375,0.0,0.0,2023-2025,True
00-0036387,Jalen Reagor,WR,LAC,2,2024,2023,2,16,35,14,238,0,482,44,8,-18.66170766159956,4,14,0,43.2,475,4139,494,383,1032,8459,878,34,19.0,446.0,1138.0,64.0,447.0,282.0,145.0,2174.0,1214.0,812.0,35.0,14.0,194.0,44.0,0.0,2.0,8.0,35.0,1.0,1.0,1.0,10.0,13.0,2.0,-18.661707661599568,0.20561177552897883,-0.5331916474742734,0.02857142857142857,,,,,,,,,13.782857142857145,13.850000000000003,3.15,,0.39768465909090905,0.07368421052631578,0.11645324957719255,0.03391472868217054,0.05698073058281121,0.010443864229765013,0.004555808656036446,0.47058823529411764,0.19204359049350844,0.49377593360995853,13.771428571428572,0.4,-0.5331916474742732,3.5,17.0,0.39191564147627417,23.473684210526315,0.23228995057660626,0.17857142857142858,2.1875,0.875,14.875,0.0,30.125,2.7,0.25,0.875,0.0,282.0,17.625,0.12411347517730496,0.8439716312056738,0.05714285714285714,0.0625,0.0625,0.0625,0.625,0.8125,0.2857142857142857,0.15384615384615385,2023-2025,False
00-0036407,Jerry Jeudy,WR,CLE,3,2025,2023,2,50,338,194,2589,8,4008,876,116,23.44587905497466,1,5,0,503.40000000000003,1601,12541,1698,1241,1633,12678,1263,51,50.0,2644.0,3271.0,0.0,2718.0,1763.0,758.0,3437.0,2013.0,1164.0,338.0,194.0,1713.0,876.0,4.0,25.0,116.0,337.0,34.0,13.0,23.0,54.0,95.0,38.0,23.027459541574046,0.7908059354087867,0.0683307404794482,0.10089020771513353,6.183592439509481,2.8959094174948685,11.796360946745567,33.493739794613745,4.710206185567011,4.464214975451259,0.24599121011575328,57.39644970414202,11.85680473372781,8.857731958762885,4.515463917525773,13.5,0.8031999999999999,0.21111805121798877,0.3195917390957659,0.20698101653398654,0.3161381921438713,0.0008058017727639,0.000791765637371338,0.9803921568627451,0.5403912941940192,0.6459580838323353,11.857988165680473,0.5739644970414202,0.06936650607980668,5.0,13.345360824742269,0.8083154998471416,52.88,0.8758072528564332,0.6512027491408935,6.76,3.88,51.78,0.16,80.16,10.068000000000001,0.02,0.1,0.0,1763.0,35.26,0.19171866137266025,1.4685195689166195,0.07396449704142012,0.68,0.26,0.46,1.08,1.9,0.16023738872403562,0.4,2023-2025,False
00-0036410,Tee Higgins,WR,CIN,3,2025,2023,1,39,283,174,2413,26,3354,629,122,118.86218543460737,0,0,0,571.3,1391,10027,1454,867,1828,13199,1144,51,39.0,1978.0,2534.0,2.0,2024.0,1365.0,528.0,3441.0,2109.0,1061.0,283.0,174.0,1784.0,629.0,12.0,12.0,122.0,283.0,51.0,25.0,32.0,47.0,83.0,45.0,118.75618543460739,0.5882011043301366,0.41963316407988477,0.18021201413427562,5.802009073661473,2.1734974558666047,12.26180212014136,26.634406665606633,3.7480459770114916,2.649380463497283,1.098665513514213,61.48409893992937,11.748409893992934,10.256896551724138,3.601724137931035,11.025757575757577,0.7815384615384614,0.203450754852624,0.3344968584820983,0.1548140043763676,0.2541101598605955,0.0,0.0,0.7647058823529411,0.5393239332164048,0.7194394752534288,11.851590106007068,0.6148409893992933,0.4200077223837716,,13.867816091954023,0.7805840568271507,50.717948717948715,0.647226173541963,0.49764373232799247,7.256410256410256,4.461538461538462,61.87179487179487,0.6666666666666666,86.0,14.648717948717948,0.0,0.0,0.0,1365.0,35.0,0.20732600732600734,1.7677655677655677,0.04240282685512368,1.3076923076923077,0.6410256410256411,0.8205128205128205,1.205128205128205,2.128205128205128,0.16607773851590105,0.5421686746987951,2023-2025,False
00-0036415,Van Jefferson,WR,TEN,3,2025,2023,3,43,135,73,835,3,1774,186,39,-6.631163036145377,1,4,0,174.9,1291,10596,1385,1205,1498,12305,1433,51,50.0,1925.0,3279.0,52.0,1964.0,1124.0,713.0,4572.0,2474.0,1782.0,135.0,73.0,652.0,183.0,1.0,3.0,39.0,135.0,12.0,8.0,9.0,29.0,39.0,10.0,-6.631163036145349,0.42957130358705164,-0.04911972619366925,0.08888888888888889,6.0706,2.63355202066537,12.0240384615385,16.111202729306,3.09103448275862,2.52735979131191,0.563674691446711,55.7692307692308,13.117037037037038,8.95890410958904,2.5383561643835613,20.0,0.5881788645690834,0.104570100697134,0.1674216685541714,0.09012016021361816,0.1441690369768387,0.0008298755186721991,0.0006978367062107466,0.8431372549019608,0.274050319033621,0.47068771138669674,13.14074074074074,0.5407407407407407,-0.04911972619366946,4.0,11.438356164383562,0.5870692284232998,38.5,0.45432497978981407,0.4001122334455668,3.13953488372093,1.697674418604651,19.41860465116279,0.06976744186046512,41.25581395348837,4.067441860465117,0.023255813953488372,0.09302325581395349,0.0,1124.0,26.13953488372093,0.1201067615658363,0.7428825622775801,0.022222222222222223,0.27906976744186046,0.18604651162790697,0.20930232558139536,0.6744186046511628,0.9069767441860465,0.21481481481481482,0.2564102564102564,2023-2025,False
00-0036422,Adam Trautman,TE,DEN,3,2025,2023,1,42,80,55,587,6,457,300,29,15.569002375923265,0,0,0,149.7,1343,10278,1418,1105,1610,12372,1368,51,51.0,1980.0,3314.0,195.0,2023.0,970.0,903.0,3401.0,1924.0,1220.0,80.0,55.0,287.0,300.0,5.0,2.0,29.0,80.0,19.0,11.0,10.0,3.0,18.0,5.0,15.569002375923255,0.5948250514554543,0.1946125296990407,0.2375,,,,,,,,,5.592499999999999,5.223636363636364,5.463636363636364,8.952380952380953,0.6075490196078431,0.05956813104988831,0.04446390348316793,0.049689440993788817,0.03693824765599742,0.0,0.0,0.8235294117647058,0.12047692901305002,1.2844638949671772,5.7125,0.6875,0.1946125296990408,,10.672727272727272,0.5974652987326494,38.8235294117647,0.5041580041580042,0.7401639344262295,1.9047619047619047,1.3095238095238095,13.976190476190476,0.14285714285714285,10.880952380952381,3.564285714285714,0.0,0.0,0.0,970.0,23.095238095238095,0.08247422680412371,0.6051546391752577,0.025,0.4523809523809524,0.2619047619047619,0.23809523809523808,0.07142857142857142,0.42857142857142855,0.0375,0.2777777777777778,2023-2025,False
00-0036423,Albert Okwuegbunam,TE,LV,2,2025,2023,2,2,7,5,36,0,28,34,2,1.191442762094089,0,0,0,8.6,78,596,84,43,1019,8052,879,34,5.0,88.0,324.0,5.0,93.0,62.0,19.0,2200.0,1253.0,806.0,7.0,5.0,2.0,34.0,0.0,0.0,2.0,7.0,1.0,0.0,1.0,0.0,1.0,0.0,1.1914427620940842,0.042272727272727274,0.17020610887058346,0.14285714285714285,,,,,,,,,4.0,0.4,6.8,,0.3375,0.08974358974358974,0.04697986577181208,0.0068694798822374874,0.003477396920019871,0.0,0.0,0.058823529411764705,0.16750129065565306,1.2857142857142858,4.0,0.7142857142857143,0.17020610887058416,,7.2,0.2716049382716049,17.6,0.04948124501197127,0.02357320099255583,3.5,2.5,18.0,0.0,14.0,4.3,0.0,0.0,0.0,62.0,31.0,0.11290322580645161,0.5806451612903226,0.0,0.5,0.0,0.5,0.0,0.5,0.0,0.0,2023-2025,True
00-0036424,Brycen Hopkins,TE,LA,1,2023,2023,1,5,7,5,78,0,66,32,3,3.055751290841724,0,0,0,12.8,178,1491,186,165,555,4507,477,17,15.0,96.0,1017.0,28.0,99.0,55.0,34.0,1176.0,640.0,459.0,7.0,5.0,46.0,32.0,1.0,0.0,3.0,7.0,1.0,0.0,0.0,1.0,3.0,1.0,3.0557512908417266,0.08418367346938775,0.43653589869167525,0.14285714285714285,,,,,,,,,9.4,9.2,6.4,5.0,0.09200000000000001,0.03932584269662921,0.04426559356136821,0.012612612612612612,0.01464388728644331,0.0,0.0,0.29411764705882354,0.08997467953790156,1.1818181818181819,9.428571428571429,0.7142857142857143,0.43653589869167486,,15.6,0.0943952802359882,6.4,0.0859375,0.07407407407407407,1.4,1.0,15.6,0.0,13.2,2.56,0.0,0.0,0.0,55.0,11.0,0.12727272727272726,1.4181818181818182,0.0,0.2,0.0,0.0,0.2,0.6,0.14285714285714285,0.3333333333333333,2023-2025,True
00-0036427,Tyler Johnson,WR,NYJ,3,2025,2023,2,21,62,40,496,3,455,248,19,9.76712733257325,0,0,0,107.6,620,4405,647,553,1568,12035,1383,51,28.0,689.0,1800.0,10.0,701.0,385.0,278.0,3367.0,1849.0,1299.0,62.0,40.0,248.0,248.0,3.0,3.0,19.0,62.0,14.0,6.0,7.0,5.0,14.0,6.0,9.767127332573256,0.2081972081972082,0.1575343118156977,0.22580645161290322,,,,,,,,,7.356451612903226,6.234999999999999,6.165,4.0,0.3987301587301587,0.1,0.10329171396140749,0.039540816326530615,0.037806398005816366,0.0,0.0,0.4117647058823529,0.22230419977298527,1.09010989010989,7.338709677419355,0.6451612903225806,0.15753431181569758,,12.4,0.3827777777777778,24.607142857142858,0.20822065981611682,0.21401077752117012,2.9523809523809526,1.9047619047619047,23.61904761904762,0.14285714285714285,21.666666666666668,5.123809523809523,0.0,0.0,0.0,385.0,18.333333333333332,0.16103896103896104,1.2883116883116883,0.04838709677419355,0.6666666666666666,0.2857142857142857,0.3333333333333333,0.23809523809523808,0.6666666666666666,0.08064516129032258,0.42857142857142855,2023-2025,False
00-0036429,Charlie Woerner,TE,ATL,3,2025,2023,2,29,24,18,126,0,59,76,6,-4.302221333317001,0,0,0,30.6,850,7288,885,855,1529,12654,1471,51,50.0,1334.0,3246.0,777.0,1383.0,453.0,811.0,3392.0,1723.0,1407.0,24.0,18.0,50.0,76.0,2.0,1.0,6.0,24.0,2.0,0.0,0.0,0.0,1.0,0.0,-4.302221333316993,0.4077240566037736,-0.17925922222154136,0.08333333333333333,,,,,,,,,2.4375,2.7777777777777777,4.23888888888889,4.0,0.3994979716024341,0.02823529411764706,0.00809549945115258,0.015696533682145193,0.004662557294136242,0.0,0.0,0.5686274509803921,0.048019790792277396,2.135593220338983,2.4583333333333335,0.75,-0.1792592222215417,,7.0,0.41096734442390637,26.68,0.2629135229251306,0.5764036958066808,0.8275862068965517,0.6206896551724138,4.344827586206897,0.0,2.0344827586206895,1.0551724137931036,0.0,0.0,0.0,453.0,15.620689655172415,0.052980132450331126,0.2781456953642384,0.041666666666666664,0.06896551724137931,0.0,0.0,0.0,0.034482758620689655,0.0,0.0,2023-2025,False
00-0036438,Stephen Sullivan,TE,CAR,2,2024,2023,1,11,25,12,125,0,271,8,5,-2.1620328242361513,0,0,0,24.5,321,2962,353,306,1052,8946,855,34,12.0,178.0,800.0,194.0,184.0,134.0,34.0,2272.0,1311.0,781.0,25.0,12.0,117.0,8.0,0.0,1.0,5.0,25.0,0.0,0.0,1.0,3.0,11.0,3.0,-2.1620328242361575,0.08098591549295775,-0.0864813129694463,0.0,,,,,,,,,10.815999999999999,9.8,0.6999999999999998,,0.21578512396694213,0.0778816199376947,0.09149223497636733,0.02376425855513308,0.030292868321037336,0.0,0.0,0.3235294117647059,0.18086699438999915,0.4612546125461255,10.84,0.48,-0.08648131296944606,,10.416666666666666,0.2225,14.833333333333334,0.10221205186880244,0.04353393085787452,2.272727272727273,1.0909090909090908,11.363636363636363,0.0,24.636363636363637,2.227272727272727,0.0,0.0,0.0,134.0,12.181818181818182,0.1865671641791045,0.9328358208955224,0.04,0.0,0.0,0.09090909090909091,0.2727272727272727,1.0,0.12,0.2727272727272727,2023-2025,False
00-0036463,Chris Blair,WR,ATL,1,2024,2024,1,2,2,1,17,0,37,0,1,-3.7777424185769597,0,0,0,2.7,61,595,62,61,539,4466,495,17,3.0,27.0,266.0,20.0,27.0,9.0,16.0,1168.0,596.0,482.0,2.0,1.0,17.0,0.0,0.0,0.0,1.0,2.0,0.0,0.0,0.0,1.0,1.0,0.0,-3.7777424185769632,0.023116438356164382,-1.8888712092884816,0.0,,,,,,,,,18.5,17.0,0.0,,0.1,0.03278688524590164,0.06218487394957983,0.0037105751391465678,0.008284818629646216,0.0,0.0,0.11764705882352941,0.09270973963355833,0.4594594594594595,18.5,0.5,-1.8888712092884798,,17.0,0.10150375939849623,9.0,0.015100671140939598,0.03319502074688797,1.0,0.5,8.5,0.0,18.5,1.35,0.0,0.0,0.0,9.0,4.5,0.2222222222222222,1.8888888888888888,0.0,0.0,0.0,0.0,0.5,0.5,0.5,0.0,2023-2025,True
00-0036482,Mike Strachan,WR,CAR,1,2023,2023,1,2,3,1,45,0,73,8,1,1.162158836494199,0,0,0,5.5,60,570,69,50,534,4482,445,17,4.0,54.0,271.0,20.0,56.0,31.0,22.0,1192.0,683.0,419.0,3.0,1.0,37.0,8.0,0.0,0.0,1.0,3.0,0.0,0.0,0.0,2.0,1.0,0.0,1.1621588364942,0.04697986577181208,0.3873862788314,0.0,,,,,,,,,24.3,37.0,8.0,,0.20500000000000002,0.05,0.1280701754385965,0.0056179775280898875,0.016287371709058456,0.0,0.0,0.11764705882352941,0.16464912280701754,0.6164383561643836,24.333333333333332,0.3333333333333333,0.3873862788313997,,45.0,0.1992619926199262,13.5,0.04538799414348463,0.05250596658711217,1.5,0.5,22.5,0.0,36.5,2.75,0.0,0.0,0.0,31.0,15.5,0.0967741935483871,1.4516129032258065,0.0,0.0,0.0,0.0,1.0,0.5,0.6666666666666666,0.0,2023-2025,True
00-0036497,Tim Jones,WR,JAX,3,2025,2023,1,20,24,15,139,0,196,59,8,2.0345735606914195,0,0,0,28.9,655,5405,675,525,1676,14447,1356,51,37.0,534.0,2444.0,554.0,552.0,269.0,246.0,4487.0,2542.0,1595.0,24.0,15.0,80.0,59.0,0.0,0.0,8.0,24.0,0.0,0.0,0.0,2.0,4.0,2.0,2.981573560691415,0.12302206373969245,0.12423223169547563,0.0,,,,,,,,,8.133333333333335,5.3133333333333335,3.9266666666666667,,0.2248529411764706,0.0366412213740458,0.0362627197039778,0.014319809069212411,0.013566830483837476,0.0,0.0,0.39215686274509803,0.08034573585385317,0.7091836734693877,8.166666666666666,0.625,0.08477389836214248,,9.266666666666667,0.21849427168576105,14.432432432432432,0.1058221872541306,0.1542319749216301,1.2,0.75,6.95,0.0,9.8,1.4449999999999998,0.0,0.0,0.0,269.0,13.45,0.08921933085501858,0.516728624535316,0.0,0.0,0.0,0.0,0.1,0.2,0.08333333333333333,0.5,2023-2025,False
00-0036510,Kenny Yeboah,TE,NYJ,2,2024,2023,1,10,12,7,75,1,56,54,4,0.062343167024665025,0,0,0,20.5,363,1944,377,211,1152,8119,751,34,14.0,229.0,911.0,283.0,240.0,86.0,130.0,2241.0,1366.0,710.0,12.0,7.0,21.0,54.0,1.0,2.0,4.0,12.0,1.0,0.0,0.0,0.0,2.0,1.0,0.06234316702466458,0.107095046854083,0.005195263918722048,0.08333333333333333,,,,,,,,,4.666666666666667,3.0,7.714285714285714,2.0,0.2386,0.03305785123966942,0.02880658436213992,0.010416666666666666,0.006897401157778051,0.0,0.0,0.29411764705882354,0.06975138591300208,1.3392857142857142,4.666666666666667,0.5833333333333334,0.005195263918722086,,10.714285714285714,0.2513721185510428,16.357142857142858,0.0629575402635432,0.18309859154929578,1.2,0.7,7.5,0.1,5.6,2.05,0.0,0.0,0.0,86.0,8.6,0.13953488372093023,0.872093023255814,0.16666666666666666,0.1,0.0,0.0,0.0,0.2,0.0,0.5,2023-2025,False
00-0036527,DJ Turner,WR,LV,1,2024,2024,1,12,29,16,158,1,255,83,9,-11.291553855403146,5,33,1,47.1,417,2877,450,256,592,4455,380,17,12.0,358.0,787.0,165.0,367.0,236.0,105.0,1144.0,703.0,356.0,29.0,16.0,75.0,83.0,2.0,1.0,9.0,29.0,4.0,0.0,1.0,6.0,9.0,1.0,-11.291553855403173,0.3208041958041958,-0.38936392604838527,0.13793103448275862,,,,,,,,,8.8,4.7,5.2,8.0,0.4383333333333333,0.06954436450839328,0.0886339937434828,0.048986486486486486,0.05723905723905724,0.01953125,0.013157894736842105,0.7058823529411765,0.16636034238302788,0.6196078431372549,8.793103448275861,0.5517241379310345,-0.3893639260483843,6.6,9.875,0.4548919949174079,29.833333333333332,0.3357041251778094,0.2949438202247191,2.4166666666666665,1.3333333333333333,13.166666666666666,0.08333333333333333,21.25,3.9250000000000003,0.4166666666666667,2.75,0.08333333333333333,236.0,19.666666666666668,0.1228813559322034,0.6694915254237288,0.034482758620689655,0.3333333333333333,0.0,0.08333333333333333,0.5,0.75,0.20689655172413793,0.1111111111111111,2023-2025,True
00-0036534,Shane Zylstra,TE,DET,2,2025,2024,1,3,6,4,42,0,46,15,2,-0.59247519564815,0,0,0,8.2,101,627,106,79,1072,7219,976,34,17.0,273.0,1212.0,261.0,280.0,146.0,108.0,2295.0,1221.0,946.0,6.0,4.0,27.0,15.0,0.0,0.0,2.0,6.0,1.0,1.0,0.0,0.0,2.0,0.0,-0.5924751956481487,0.12200435729847495,-0.0987458659413581,0.16666666666666666,,,,,,,,,7.666666666666667,6.75,3.775,,0.2238888888888889,0.0594059405940594,0.0733652312599681,0.005597014925373134,0.006372073694417509,0.0,0.0,0.08823529411764706,0.1404645727730668,0.9130434782608695,7.666666666666667,0.6666666666666666,-0.09874586594135833,,10.5,0.22524752475247525,16.058823529411764,0.11957411957411958,0.11416490486257928,2.0,1.3333333333333333,14.0,0.0,15.333333333333334,2.733333333333333,0.0,0.0,0.0,146.0,48.666666666666664,0.0410958904109589,0.2876712328767123,0.0,0.3333333333333333,0.3333333333333333,0.0,0.0,0.6666666666666666,0.0,0.0,2023-2025,True
00-0036550,Rashod Bateman,WR,BAL,3,2025,2023,1,44,166,96,1347,12,2252,282,67,46.8143745617249,1,18,0,306.5,1187,10292,1232,1397,1340,11673,1602,51,46.0,1926.0,2976.0,7.0,1970.0,1105.0,744.0,3341.0,1654.0,1427.0,166.0,96.0,1065.0,282.0,1.0,11.0,67.0,166.0,20.0,9.0,16.0,34.0,49.0,17.0,45.76137456172493,0.5896438192158037,0.27567093109472846,0.12048192771084337,5.802755681818181,3.118651117582006,14.509609374999968,22.91380055291968,3.2140259740259722,3.204306530289768,0.00971944373620836,60.156249999999986,13.606024096385541,11.072916666666666,2.9374999999999996,32.0,0.6508522727272728,0.13984835720303285,0.21881072677808006,0.12388059701492538,0.19292384134327079,0.0007158196134574087,0.0006242197253433209,0.8627450980392157,0.3629400445492053,0.5981349911190054,13.566265060240964,0.5783132530120482,0.2820143045887042,18.0,14.03125,0.6471774193548387,41.869565217391305,0.6680773881499396,0.5213735108619482,3.772727272727273,2.1818181818181817,30.613636363636363,0.2727272727272727,51.18181818181818,6.965909090909091,0.022727272727272728,0.4090909090909091,0.0,1105.0,25.113636363636363,0.1502262443438914,1.219004524886878,0.06626506024096386,0.45454545454545453,0.20454545454545456,0.36363636363636365,0.7727272727272727,1.1136363636363635,0.20481927710843373,0.3469387755102041,2023-2025,False
00-0036554,Nico Collins,WR,HOU,3,2025,2023,1,42,328,219,3420,21,3798,1238,149,154.29994940220877,3,22,1,697.1999999999999,1380,11874,1444,1065,1666,14595,1353,51,42.0,1949.0,2753.0,0.0,1989.0,1247.0,616.0,3484.0,1970.0,1262.0,328.0,219.0,2182.0,1238.0,22.0,6.0,149.0,328.0,47.0,27.0,35.0,59.0,101.0,50.0,152.1939494022088,0.5708955223880597,0.4640059432994171,0.14329268292682926,5.289927946306087,2.7792176145415177,11.85746951219512,27.970238399137095,5.889680365296806,4.262816761223651,1.626863604073154,66.76829268292683,11.498170731707317,9.983561643835618,5.688584474885845,18.15433789954338,0.7076190476190476,0.23768115942028986,0.3198585144012127,0.19687875150060025,0.26022610483042136,0.0028169014084507044,0.0022172949002217295,0.8235294117647058,0.5804226992112836,0.9004739336492891,11.579268292682928,0.6676829268292683,0.4704266750067341,7.333333333333333,15.616438356164384,0.7079549582273883,46.404761904761905,0.632994923857868,0.48811410459587956,7.809523809523809,5.214285714285714,81.42857142857143,0.5,90.42857142857143,16.599999999999998,0.07142857142857142,0.5238095238095238,0.023809523809523808,1247.0,29.69047619047619,0.26303127506014434,2.7425821972734563,0.018292682926829267,1.119047619047619,0.6428571428571429,0.8333333333333334,1.4047619047619047,2.4047619047619047,0.1798780487804878,0.49504950495049505,2023-2025,False
00-0036556,Brevin Jordan,TE,HOU,2,2024,2023,1,12,24,19,226,2,116,127,14,18.952305959421214,0,0,0,53.6,391,3414,412,326,1113,9830,878,34,15.0,350.0,1070.0,114.0,358.0,183.0,151.0,2304.0,1322.0,817.0,24.0,19.0,99.0,127.0,1.0,1.0,14.0,24.0,2.0,1.0,1.0,0.0,4.0,4.0,18.95230595942121,0.15538194444444445,0.7896794149758838,0.08333333333333333,,,,,,,,,4.8500000000000005,5.221052631578947,6.689473684210526,17.0,0.3422619047619048,0.061381074168797956,0.03397773872290568,0.0215633423180593,0.01180061037639878,0.0,0.0,0.35294117647058826,0.11585602835923091,1.9482758620689655,4.833333333333333,0.7916666666666666,0.7896794149758839,,11.894736842105264,0.32710280373831774,23.333333333333332,0.13842662632375188,0.18482252141982863,2.0,1.5833333333333333,18.833333333333332,0.16666666666666666,9.666666666666666,4.466666666666667,0.0,0.0,0.0,183.0,15.25,0.13114754098360656,1.2349726775956285,0.041666666666666664,0.16666666666666666,0.08333333333333333,0.08333333333333333,0.0,0.3333333333333333,0.0,1.0,2023-2025,False
00-0036590,Quintin Morris,TE,JAX,3,2025,2023,2,23,20,13,117,3,152,48,8,2.469084928841434,0,0,0,42.7,680,5833,708,696,1587,14164,1492,51,42.0,613.0,2979.0,889.0,629.0,223.0,318.0,3495.0,1877.0,1326.0,20.0,13.0,69.0,48.0,0.0,2.0,8.0,20.0,5.0,2.0,4.0,2.0,5.0,2.0,2.469084928841422,0.1799713876967096,0.1234542464420711,0.25,,,,,,,,,7.62,5.323076923076924,3.6923076923076925,,0.214888198757764,0.029411764705882353,0.026058631921824105,0.01260239445494644,0.010731431798926857,0.0,0.0,0.45098039215686275,0.0623586894041004,0.7697368421052632,7.6,0.65,0.1234542464420717,,9.0,0.2057737495803961,14.595238095238095,0.11880660628662759,0.2398190045248869,0.8695652173913043,0.5652173913043478,5.086956521739131,0.13043478260869565,6.608695652173913,1.856521739130435,0.0,0.0,0.0,223.0,9.695652173913043,0.08968609865470852,0.5246636771300448,0.1,0.21739130434782608,0.08695652173913043,0.17391304347826086,0.08695652173913043,0.21739130434782608,0.1,0.4,2023-2025,False
00-0036613,Jaylen Waddle,WR,MIA,3,2025,2023,1,45,287,194,2668,12,3184,885,133,120.56441973160769,9,52,0,542.3199999999999,1409,10117,1458,1166,1579,11379,1336,51,45.0,2126.0,2840.0,10.0,2167.0,1269.0,778.0,3288.0,1806.0,1262.0,287.0,194.0,1783.0,885.0,10.0,16.0,133.0,287.0,31.0,14.0,17.0,39.0,66.0,34.0,118.4584197316076,0.6590632603406326,0.41274710707877216,0.10801393728222997,5.962818483190919,3.181925010135129,10.615609756097568,28.73278794004403,5.106752577319587,4.625699543996781,0.48105303332280597,67.59581881533101,11.116376306620207,9.204123711340205,4.565979381443299,13.882352941176471,0.7466666666666667,0.2036905606813343,0.31471780171987745,0.181760607979734,0.27981369188856664,0.007718696397941681,0.006736526946107785,0.8823529411764706,0.5258383022259157,0.8379396984924623,11.094076655052264,0.6759581881533101,0.42008508617284906,5.777777777777778,13.75257731958763,0.7485915492957746,47.24444444444445,0.7026578073089701,0.6164817749603804,6.377777777777778,4.311111111111111,59.28888888888889,0.26666666666666666,70.75555555555556,12.051555555555554,0.2,1.1555555555555554,0.0,1269.0,28.2,0.22616233254531126,2.102442868400315,0.05574912891986063,0.6888888888888889,0.3111111111111111,0.37777777777777777,0.8666666666666667,1.4666666666666666,0.13588850174216027,0.5151515151515151,2023-2025,False
00-0036620,Dee Eskridge,WR,MIA,3,2025,2023,2,20,11,7,106,0,130,38,5,4.96619650407228,2,5,0,18.1,621,4398,646,445,1577,11194,1262,51,22.0,143.0,1368.0,153.0,145.0,82.0,48.0,3252.0,1828.0,1184.0,11.0,7.0,68.0,38.0,0.0,0.0,5.0,11.0,0.0,0.0,0.0,2.0,5.0,2.0,4.966196504072286,0.044587945879458794,0.45147240946111694,0.0,,,,,,,,,11.436363636363636,9.742857142857144,5.471428571428571,,0.10423717948717948,0.017713365539452495,0.02955889040472942,0.006975269499048827,0.011613364302304805,0.0044943820224719105,0.001584786053882726,0.39215686274509803,0.047261271592489336,0.8153846153846154,11.818181818181818,0.6363636363636364,0.4514724094611164,2.5,15.142857142857142,0.10453216374269006,6.5,0.044857768052516414,0.04054054054054054,0.55,0.35,5.3,0.0,6.5,0.905,0.1,0.25,0.0,82.0,4.1,0.13414634146341464,1.2926829268292683,0.0,0.0,0.0,0.0,0.1,0.25,0.18181818181818182,0.4,2023-2025,False
00-0036626,Dyami Brown,WR,JAX,3,2025,2023,2,42,100,62,703,3,1198,325,34,8.264700120765475,10,56,0,152.06,1379,11372,1444,1119,1652,13639,1374,51,47.0,1083.0,3137.0,245.0,1112.0,628.0,391.0,3505.0,2035.0,1215.0,100.0,62.0,378.0,325.0,5.0,9.0,34.0,100.0,15.0,7.0,12.0,22.0,25.0,12.0,8.264700120765452,0.31726105563480744,0.08264700120765452,0.15,,,,,,,,,11.884,6.103225806451612,5.267741935483872,8.785714285714286,0.33334858943577433,0.0725163161711385,0.1053464650017587,0.06053268765133172,0.08783635163868318,0.008936550491510277,0.00727802037845706,0.8235294117647058,0.18251699975793884,0.5868113522537562,11.98,0.62,0.08264700120765475,5.6,11.338709677419354,0.34523430028689833,23.04255319148936,0.3085995085995086,0.32181069958847736,2.380952380952381,1.4761904761904763,16.738095238095237,0.07142857142857142,28.523809523809526,3.6204761904761904,0.23809523809523808,1.3333333333333333,0.0,628.0,14.952380952380953,0.1592356687898089,1.1194267515923566,0.09,0.35714285714285715,0.16666666666666666,0.2857142857142857,0.5238095238095238,0.5952380952380952,0.22,0.48,2023-2025,False
00-0036628,John Bates,TE,WAS,3,2025,2023,1,38,57,38,338,1,286,182,15,1.5876331535400894,0,0,0,75.80000000000001,1188,9763,1261,986,1537,12757,1369,51,49.0,1495.0,3209.0,577.0,1525.0,667.0,765.0,3406.0,1956.0,1192.0,57.0,38.0,156.0,182.0,2.0,5.0,15.0,57.0,6.0,5.0,3.0,5.0,4.0,3.0,1.5876331535400823,0.4477392836171462,0.027853213220001442,0.10526315789473684,,,,,,,,,5.031578947368422,4.102631578947369,4.778947368421052,15.74074074074074,0.46507739938080495,0.047979797979797977,0.02929427430093209,0.03708523096942095,0.022419064043270362,0.0,0.0,0.7450980392156863,0.09247568898034943,1.1818181818181819,5.017543859649122,0.6666666666666666,0.027853213220001567,,8.894736842105264,0.46587722031785606,30.510204081632654,0.34100204498977504,0.6417785234899329,1.5,1.0,8.894736842105264,0.02631578947368421,7.526315789473684,1.9947368421052634,0.0,0.0,0.0,667.0,17.55263157894737,0.08545727136431784,0.5067466266866567,0.08771929824561403,0.15789473684210525,0.13157894736842105,0.07894736842105263,0.13157894736842105,0.10526315789473684,0.08771929824561403,0.75,2023-2025,False
00-0036630,Tylan Wallace,WR,BAL,3,2025,2023,1,29,22,16,249,2,204,144,9,13.446523473961928,0,0,0,58.900000000000006,767,6871,800,880,1340,11673,1602,51,40.0,525.0,2681.0,587.0,545.0,225.0,261.0,3341.0,1654.0,1427.0,22.0,16.0,104.0,145.0,1.0,1.0,9.0,22.0,3.0,1.0,3.0,2.0,8.0,3.0,13.446523473961934,0.1631248129302604,0.6112056124528151,0.13636363636363635,,,,,,,,,9.245454545454544,6.49375,9.049999999999999,11.0,0.20936000105371305,0.028683181225554105,0.029690001455392228,0.016417910447761194,0.017476227190953483,0.0,0.0,0.5686274509803921,0.06380777285710572,1.2205882352941178,9.272727272727273,0.7272727272727273,0.6112056124528149,,15.5625,0.195822454308094,13.125,0.13603385731559856,0.1829011913104415,0.7586206896551724,0.5517241379310345,8.586206896551724,0.06896551724137931,7.0344827586206895,2.031034482758621,0.0,0.0,0.0,225.0,7.758620689655173,0.09777777777777778,1.1066666666666667,0.045454545454545456,0.10344827586206896,0.034482758620689655,0.10344827586206896,0.06896551724137931,0.27586206896551724,0.09090909090909091,0.375,2023-2025,False
00-0036635,Ihmir Smith-Marsette,WR,CAR,1,2023,2023,1,17,10,8,51,0,9,48,5,1.515756132430397,8,74,1,32.5,534,4482,586,445,534,4482,445,17,13.0,123.0,1149.0,149.0,126.0,55.0,62.0,1192.0,683.0,419.0,10.0,8.0,3.0,48.0,1.0,1.0,5.0,10.0,0.0,0.0,0.0,0.0,3.0,2.0,1.515756132430397,0.10570469798657718,0.1515756132430397,0.0,,,,,,,,,0.9,0.4,6.0,8.0,0.10823529411764707,0.018726591760299626,0.002008032128514056,0.018726591760299626,0.002008032128514056,0.017977528089887642,0.017977528089887642,1.0,0.029495510130409276,5.666666666666667,0.9,0.8,0.1515756132430397,9.25,6.375,0.10704960835509138,9.461538461538462,0.08052708638360176,0.14797136038186157,0.5882352941176471,0.47058823529411764,3.0,0.0,0.5294117647058824,1.911764705882353,0.47058823529411764,4.352941176470588,0.058823529411764705,55.0,3.235294117647059,0.18181818181818182,0.9272727272727272,0.1,0.0,0.0,0.0,0.0,0.17647058823529413,0.0,0.6666666666666666,2023-2025,True
00-0036637,Noah Gray,TE,KC,3,2025,2023,1,46,127,89,920,7,818,457,49,21.5060258815846,2,-3,0,222.7,1556,11154,1643,1181,1720,12434,1297,51,50.0,1801.0,3325.0,522.0,1837.0,979.0,700.0,3464.0,2084.0,1110.0,127.0,89.0,470.0,450.0,4.0,6.0,50.0,127.0,15.0,7.0,9.0,10.0,29.0,13.0,22.453025881584615,0.5303117782909931,0.17679547938255602,0.11811023622047244,5.86297297297297,4.39129587345319,6.380816326530611,8.68087658362278,5.41075,5.27910922505476,0.131640774945241,81.6326530612245,6.299999999999999,5.28314606741573,5.095505617977528,7.0,0.5377717391304347,0.08161953727506427,0.07333691949076565,0.07383720930232558,0.06578735724626025,0.001693480101608806,0.0015420200462606013,0.9019607843137255,0.17376514955613237,1.1246943765281174,6.440944881889764,0.7007874015748031,0.16933878646917006,-1.5,10.337078651685394,0.5416541353383458,36.02,0.4697696737044146,0.6306306306306306,2.760869565217391,1.934782608695652,20.0,0.15217391304347827,17.782608695652176,4.841304347826087,0.043478260869565216,-0.06521739130434782,0.0,979.0,21.282608695652176,0.12972420837589377,0.9397344228804902,0.047244094488188976,0.32608695652173914,0.15217391304347827,0.1956521739130435,0.21739130434782608,0.6304347826086957,0.07874015748031496,0.4482758620689655,2023-2025,False
00-0036640,Zach Davidson,TE,BUF,1,2024,2024,1,2,2,1,5,0,10,2,0,-0.7158418569015341,0,0,0,1.5,56,391,58,69,495,4262,491,17,3.0,42.0,191.0,26.0,43.0,21.0,16.0,1121.0,579.0,441.0,2.0,1.0,3.0,2.0,0.0,0.0,0.0,2.0,1.0,1.0,1.0,0.0,0.0,0.0,-0.7158418569015339,0.0383586083853702,-0.35792092845076695,0.5,,,,,,,,,1.5,3.0,2.0,,0.22666666666666668,0.03571428571428571,0.02557544757033248,0.00404040404040404,0.002346316283435007,0.0,0.0,0.11764705882352941,0.0714742418706613,0.5,5.0,0.5,-0.35792092845076706,,5.0,0.2198952879581152,14.0,0.03626943005181347,0.036281179138321996,1.0,0.5,2.5,0.0,5.0,0.75,0.0,0.0,0.0,21.0,10.5,0.09523809523809523,0.23809523809523808,0.0,0.5,0.5,0.5,0.0,0.0,0.0,,2023-2025,True
00-0036646,Simi Fehoko,WR,LAC,2,2024,2023,1,8,18,7,115,1,254,23,7,3.7258706411413653,0,0,0,24.5,232,1978,243,218,1105,9096,894,34,12.0,268.0,887.0,117.0,271.0,135.0,114.0,2272.0,1302.0,801.0,18.0,7.0,92.0,23.0,0.0,3.0,7.0,18.0,3.0,2.0,2.0,4.0,8.0,4.0,3.7258706411413676,0.1192781690140845,0.20699281339674264,0.16666666666666666,,,,,,,,,14.155555555555557,13.142857142857142,3.3142857142857145,,0.37875000000000003,0.07758620689655173,0.12841253791708795,0.016289592760180997,0.027924362357080037,0.0,0.0,0.23529411764705882,0.20626808688678916,0.452755905511811,14.11111111111111,0.3888888888888889,0.20699281339674253,,16.428571428571427,0.30214205186020293,22.333333333333332,0.10368663594470046,0.14232209737827714,2.25,0.875,14.375,0.125,31.75,3.0625,0.0,0.0,0.0,135.0,16.875,0.13333333333333333,0.8518518518518519,0.16666666666666666,0.375,0.25,0.25,0.5,1.0,0.2222222222222222,0.5,2023-2025,False
00-0036741,Jack Stoll,TE,NO,3,2025,2023,2,20,22,13,94,1,71,44,4,-7.8722654748708,0,0,0,28.4,631,5549,670,587,1508,13114,1566,51,41.0,850.0,2865.0,452.0,878.0,305.0,505.0,4699.0,2519.0,1841.0,22.0,13.0,50.0,44.0,1.0,1.0,4.0,22.0,3.0,0.0,1.0,0.0,2.0,2.0,-7.872265474870801,0.18684826558842307,-0.35783024885776366,0.13636363636363635,,,,,,,,,3.222727272727273,3.8307692307692305,3.369230769230769,5.0,0.2803465240641711,0.03486529318541997,0.012795098215894756,0.014588859416445624,0.0054140613085252405,0.0,0.0,0.39215686274509803,0.06125450852925628,1.323943661971831,3.227272727272727,0.5909090909090909,-0.35783024885776366,,7.230769230769231,0.29668411867364747,20.73170731707317,0.12107979356887653,0.27430744160782183,1.1,0.65,4.7,0.05,3.55,1.42,0.0,0.0,0.0,305.0,15.25,0.07213114754098361,0.3081967213114754,0.045454545454545456,0.15,0.0,0.05,0.0,0.1,0.0,1.0,2023-2025,False
00-0036754,Brock Wright,TE,DET,3,2025,2023,1,28,52,40,299,5,143,210,16,6.157268902898085,0,0,0,99.9,846,5722,890,853,1646,11305,1476,51,42.0,1407.0,2818.0,451.0,1426.0,589.0,749.0,3501.0,1866.0,1429.0,52.0,40.0,89.0,210.0,1.0,0.0,16.0,52.0,8.0,6.0,3.0,2.0,4.0,4.0,6.157268902898068,0.40731219651528133,0.11840901736342438,0.15384615384615385,,,,,,,,,2.773076923076923,2.2175000000000002,5.255,13.0,0.5043932118301866,0.061465721040189124,0.024991261796574623,0.031591737545565005,0.012649270234409553,0.0,0.0,0.5490196078431373,0.10969246481788592,2.090909090909091,2.75,0.7692307692307693,0.11840901736342471,,7.475,0.4992902767920511,33.5,0.31564844587352625,0.5241427571728482,1.8571428571428572,1.4285714285714286,10.678571428571429,0.17857142857142858,5.107142857142857,3.567857142857143,0.0,0.0,0.0,589.0,21.035714285714285,0.08828522920203735,0.5076400679117148,0.0,0.2857142857142857,0.21428571428571427,0.10714285714285714,0.07142857142857142,0.14285714285714285,0.038461538461538464,1.0,2023-2025,False
00-0036825,Feleipe Franks,TE,CAR,1,2024,2024,1,9,3,1,12,0,49,0,1,-2.8756259352667213,0,0,0,2.2,299,2508,312,214,518,4464,410,17,13.0,45.0,981.0,305.0,53.0,16.0,22.0,1080.0,628.0,362.0,3.0,1.0,12.0,0.0,0.0,0.0,1.0,3.0,0.0,0.0,0.0,1.0,0.0,0.0,-2.8756259352667257,0.049074074074074076,-0.9585419784222419,0.0,,,,,,,,,16.3,12.0,0.0,,0.044375,0.010033444816053512,0.019537480063795853,0.005791505791505791,0.010976702508960573,0.0,0.0,0.5294117647058824,0.028726403268737363,0.24489795918367346,16.333333333333332,0.3333333333333333,-0.9585419784222404,,12.0,0.045871559633027525,3.4615384615384617,0.025477707006369428,0.06077348066298342,0.3333333333333333,0.1111111111111111,1.3333333333333333,0.0,5.444444444444445,0.24444444444444446,0.0,0.0,0.0,16.0,1.7777777777777777,0.1875,0.75,0.0,0.0,0.0,0.0,0.1111111111111111,0.0,0.3333333333333333,,2023-2025,True
00-0036841,Austin Trammell,WR,JAX,3,2025,2023,2,22,20,9,115,0,199,46,6,-5.2318658018138375,0,0,0,20.5,680,5567,710,645,1624,13973,1380,51,20.0,197.0,1523.0,150.0,200.0,106.0,69.0,3425.0,1897.0,1282.0,20.0,9.0,69.0,46.0,0.0,1.0,6.0,20.0,1.0,0.0,2.0,3.0,8.0,1.0,-5.231865801813827,0.058394160583941604,-0.2615932900906913,0.05,,,,,,,,,9.965,7.677777777777777,5.144444444444445,,0.1368465909090909,0.029411764705882353,0.03574636249326388,0.012315270935960592,0.014241751950189651,0.0,0.0,0.43137254901960786,0.06914010080410823,0.5778894472361809,9.95,0.45,-0.2615932900906919,,12.777777777777779,0.1293499671700591,9.85,0.0558777016341592,0.05382215288611544,0.9090909090909091,0.4090909090909091,5.2272727272727275,0.0,9.045454545454545,0.9318181818181818,0.0,0.0,0.0,106.0,4.818181818181818,0.18867924528301888,1.0849056603773586,0.05,0.045454545454545456,0.0,0.09090909090909091,0.13636363636363635,0.36363636363636365,0.15,0.125,2023-2025,False
00-0036849,Tutu Atwell,WR,LA,3,2025,2023,1,37,144,87,1237,4,1810,297,59,30.80040006488844,7,38,0,242.5,1212,10371,1260,993,1677,14059,1392,51,43.0,1299.0,2867.0,2.0,1317.0,804.0,429.0,3442.0,1860.0,1341.0,144.0,87.0,940.0,297.0,0.0,7.0,59.0,144.0,9.0,5.0,4.0,32.0,37.0,14.0,29.747400064888424,0.38262638001162114,0.20657916711728072,0.0625,7.039429654562763,2.9761566369777146,11.520930232558142,17.752026250550323,2.7866666666666693,3.1921272787227073,-0.4054606120560424,62.79069767441862,11.72013888888889,10.803448275862069,3.4310344827586206,,0.462722972972973,0.1188118811881188,0.17452511811782856,0.08586762075134168,0.1287431538516253,0.007049345417925478,0.005028735632183908,0.7254901960784313,0.3003854044646582,0.6834254143646409,12.569444444444445,0.6041666666666666,0.21389166711728083,5.428571428571429,14.218390804597702,0.45308685036623647,30.209302325581394,0.432258064516129,0.319910514541387,3.891891891891892,2.3513513513513513,33.432432432432435,0.10810810810810811,48.91891891891892,6.554054054054054,0.1891891891891892,1.027027027027027,0.0,804.0,21.72972972972973,0.1791044776119403,1.5385572139303483,0.04861111111111111,0.24324324324324326,0.13513513513513514,0.10810810810810811,0.8648648648648649,1.0,0.2222222222222222,0.3783783783783784,2023-2025,False
00-0036862,Ben Skowronek,WR,PIT,3,2025,2023,2,38,23,17,204,2,189,82,11,13.187390668899752,2,9,0,50.3,1158,8637,1231,1005,1537,11733,1417,51,42.0,476.0,2836.0,786.0,496.0,193.0,269.0,3387.0,1820.0,1332.0,23.0,17.0,122.0,82.0,0.0,0.0,11.0,23.0,4.0,1.0,2.0,1.0,6.0,3.0,13.187390668899752,0.14644227930321818,0.5733648116912936,0.17391304347826086,,,,,,,,,8.156521739130435,7.176470588235294,4.858823529411764,,0.1656315789473684,0.019861830742659757,0.021882598124348732,0.014964216005204945,0.016108412170800307,0.001990049751243781,0.0014114326040931546,0.7450980392156863,0.045110564801033745,1.0793650793650793,8.217391304347826,0.7391304347826086,0.5733648116912936,4.5,12.0,0.16784203102961917,11.333333333333334,0.10604395604395604,0.20195195195195195,0.6052631578947368,0.4473684210526316,5.368421052631579,0.05263157894736842,4.973684210526316,1.3236842105263158,0.05263157894736842,0.23684210526315788,0.0,193.0,5.078947368421052,0.11917098445595854,1.0569948186528497,0.0,0.10526315789473684,0.02631578947368421,0.05263157894736842,0.02631578947368421,0.15789473684210525,0.043478260869565216,0.5,2023-2025,False
00-0036876,Kylen Granson,TE,PHI,3,2025,2023,2,43,90,51,590,1,822,250,30,1.1778054951302597,1,2,0,116.2,1290,12174,1360,1228,1502,14171,1453,51,49.0,1170.0,3148.0,714.0,1214.0,658.0,440.0,3387.0,1792.0,1343.0,90.0,51.0,340.0,250.0,0.0,5.0,30.0,90.0,13.0,6.0,1.0,14.0,28.0,10.0,1.1778054951302526,0.35842928845586064,0.013086727723669473,0.14444444444444443,6.391794871794869,3.50370041075613,8.0102,9.73953178461217,4.54666666666667,4.6407547397547,-0.0940880730880345,60.0,9.076666666666666,6.6686274509803924,4.931372549019608,,0.3889329685362517,0.06976744186046512,0.06752094627895515,0.05992010652463382,0.05800578646531649,0.0008143322475570033,0.0006882312456985547,0.8431372549019608,0.15191582518596627,0.7177615571776156,9.133333333333333,0.5666666666666667,0.013086727723669552,2.0,11.568627450980392,0.37166454891994916,23.877551020408163,0.3671875,0.3276247207743857,2.0930232558139537,1.186046511627907,13.720930232558139,0.023255813953488372,19.11627906976744,2.702325581395349,0.023255813953488372,0.046511627906976744,0.0,658.0,15.30232558139535,0.13677811550151975,0.8966565349544073,0.05555555555555555,0.3023255813953488,0.13953488372093023,0.023255813953488372,0.32558139534883723,0.6511627906976745,0.15555555555555556,0.35714285714285715,2023-2025,False
00-0036877,Jaelon Darden,WR,CLE,1,2024,2024,1,11,1,1,6,0,-3,9,1,0.736790606519207,0,0,0,1.6,409,3168,421,246,634,5139,391,17,3.0,22.0,803.0,80.0,23.0,14.0,7.0,1215.0,769.0,361.0,1.0,1.0,-3.0,9.0,0.0,0.0,1.0,1.0,0.0,0.0,0.0,0.0,0.0,0.0,0.7367906065192074,0.018930041152263374,0.7367906065192074,0.0,,,,,,,,,-3.0,-3.0,9.0,,0.025833333333333333,0.0024449877750611247,-0.000946969696969697,0.0015772870662460567,-0.0005837711617046118,0.0,0.0,0.6470588235294118,0.003004602874712899,-2.0,-3.0,1.0,0.736790606519207,,6.0,0.0273972602739726,7.333333333333333,0.018205461638491547,0.019390581717451522,0.09090909090909091,0.09090909090909091,0.5454545454545454,0.0,-0.2727272727272727,0.14545454545454548,0.0,0.0,0.0,14.0,1.2727272727272727,0.07142857142857142,0.42857142857142855,0.0,0.0,0.0,0.0,0.0,0.0,0.0,,2023-2025,True
00-0036887,Luke Farrell,TE,SF,3,2025,2023,2,35,46,36,307,2,194,178,15,6.919244796386929,0,0,0,76.7,1152,9997,1195,929,1679,13863,1348,51,51.0,1205.0,3320.0,531.0,1237.0,463.0,682.0,3413.0,1950.0,1226.0,46.0,36.0,129.0,178.0,3.0,1.0,15.0,46.0,6.0,4.0,2.0,2.0,2.0,2.0,6.91924479638692,0.36243773806035745,0.15041836513884607,0.13043478260869565,,,,,,,,,4.189130434782609,3.5749999999999997,4.941666666666666,12.055555555555555,0.357983193277311,0.03993055555555555,0.019405821746523957,0.0273972602739726,0.013994084974392267,0.0,0.0,0.6862745098039216,0.0734799085559001,1.5824742268041236,4.217391304347826,0.782608695652174,0.15041836513884627,,8.527777777777779,0.3629518072289157,23.627450980392158,0.23743589743589744,0.5562805872756933,1.3142857142857143,1.0285714285714285,8.771428571428572,0.05714285714285714,5.542857142857143,2.1914285714285717,0.0,0.0,0.0,463.0,13.228571428571428,0.09935205183585313,0.6630669546436285,0.021739130434782608,0.17142857142857143,0.11428571428571428,0.05714285714285714,0.05714285714285714,0.05714285714285714,0.043478260869565216,1.0,2023-2025,False
00-0036894,Pat Freiermuth,TE,PIT,3,2025,2023,1,43,179,138,1447,13,1111,679,70,68.75563329215504,0,0,0,360.70000000000005,1252,9397,1329,1207,1466,11011,1427,51,46.0,1772.0,2909.0,156.0,1817.0,1088.0,594.0,3295.0,1746.0,1316.0,179.0,138.0,768.0,679.0,9.0,4.0,70.0,179.0,29.0,10.0,12.0,6.0,60.0,30.0,67.70263329215501,0.5514415781487102,0.3782270016321509,0.16201117318435754,6.476761157130932,3.263729899220165,6.220502793296087,11.286337335122962,5.2268115942029,3.886687955337045,1.3401236388658573,77.09497206703907,6.201117318435754,5.578260869565217,4.910869565217392,15.457971014492752,0.6120451436388509,0.14297124600638977,0.11822922209215707,0.12210095497953616,0.1008991008991009,0.0,0.0,0.8431372549019608,0.2972173244740946,1.3024302430243024,6.206703910614525,0.770949720670391,0.3841096831963969,,10.485507246376812,0.6091440357511172,38.52173913043478,0.6231386025200458,0.4513677811550152,4.162790697674419,3.2093023255813953,33.651162790697676,0.3023255813953488,25.837209302325583,8.388372093023257,0.0,0.0,0.0,1088.0,25.302325581395348,0.1645220588235294,1.3299632352941178,0.0223463687150838,0.6744186046511628,0.23255813953488372,0.27906976744186046,0.13953488372093023,1.3953488372093024,0.0335195530726257,0.5,2023-2025,False
00-0036900,Ja'Marr Chase,WR,CIN,3,2025,2023,1,49,505,352,4336,32,4350,1968,211,178.9371477363569,9,40,0,979.32,1754,12616,1827,1105,1828,13199,1144,51,49.0,2931.0,3207.0,1.0,3004.0,1937.0,872.0,3441.0,2109.0,1061.0,505.0,352.0,2368.0,1968.0,23.0,18.0,211.0,505.0,79.0,35.0,41.0,60.0,114.0,54.0,178.9371477363569,0.8730020342923569,0.35433098561654836,0.15643564356435644,5.691489216882431,3.129334068188524,8.629049504950494,33.53939414902636,5.684289772727272,4.033105908792806,1.651183863934466,69.70297029702972,8.54059405940594,6.767329545454545,5.582102272727273,16.279829545454547,0.9124489795918366,0.2879133409350057,0.3448002536461636,0.2762582056892779,0.3295704220016668,0.008144796380090498,0.007867132867132868,0.9607843137254902,0.6732301889548231,0.9967816091954023,8.613861386138614,0.697029702970297,0.35433098561654836,4.444444444444445,12.318181818181818,0.9139382600561272,59.816326530612244,0.9184447605500237,0.82186616399623,10.306122448979592,7.183673469387755,88.48979591836735,0.6530612244897959,88.77551020408163,19.986122448979593,0.1836734693877551,0.8163265306122449,0.0,1937.0,39.53061224489796,0.2607124419204956,2.2385131646876615,0.03564356435643564,1.6122448979591837,0.7142857142857143,0.8367346938775511,1.2244897959183674,2.326530612244898,0.1188118811881188,0.47368421052631576,2023-2025,False
00-0036912,DeVonta Smith,WR,PHI,3,2025,2023,1,46,314,226,2907,19,3514,886,133,145.19027737567328,1,1,0,628.8,1268,11603,1360,1462,1407,12810,1609,51,46.0,2732.0,3039.0,9.0,2803.0,1510.0,1128.0,3469.0,1763.0,1445.0,314.0,226.0,2021.0,886.0,4.0,10.0,133.0,314.0,29.0,12.0,26.0,52.0,90.0,41.0,148.03127737567328,0.808013836840588,0.4714371890945009,0.09235668789808917,6.541538988813013,2.8589005483525853,11.489299363057327,29.733727062387967,3.8783185840707963,3.7658477695933446,0.11247081447745404,71.97452229299365,11.177707006369427,8.950442477876107,3.9088495575221245,20.3,0.8971739130434782,0.2476340694006309,0.3028527105059036,0.22316986496090974,0.2743169398907104,0.0006839945280437756,0.0006215040397762585,0.9019607843137255,0.5834480014550789,0.8272623790552077,11.19108280254777,0.7197452229299363,0.46238941839386394,1.0,12.86283185840708,0.8989799276077657,59.391304347826086,0.8564946114577425,0.7806228373702422,6.826086956521739,4.913043478260869,63.19565217391305,0.41304347826086957,76.3913043478261,13.669565217391304,0.021739130434782608,0.021739130434782608,0.0,1510.0,32.82608695652174,0.20794701986754968,1.9251655629139073,0.03184713375796178,0.6304347826086957,0.2608695652173913,0.5652173913043478,1.1304347826086956,1.9565217391304348,0.16560509554140126,0.45555555555555555,2023-2025,False
00-0036913,Kadarius Toney,WR,CLE,2,2024,2023,2,16,39,27,169,1,107,128,12,-8.870916684803772,13,27,0,52.6,608,4738,643,387,1233,9234,808,34,16.0,247.0,1113.0,13.0,254.0,159.0,78.0,2370.0,1484.0,707.0,39.0,27.0,41.0,128.0,5.0,5.0,12.0,39.0,5.0,3.0,0.0,0.0,11.0,5.0,-8.870916684803804,0.10717299578059072,-0.2274594021744565,0.1282051282051282,,,,,,,,,2.6974358974358976,1.5,4.7,5.4,0.226875,0.06414473684210527,0.022583368509919797,0.031630170316301706,0.011587611002815681,0.03359173126614987,0.01608910891089109,0.47058823529411764,0.11202546322010176,1.5794392523364487,2.7435897435897436,0.6923076923076923,-0.2274594021744557,2.076923076923077,6.2592592592592595,0.22192273135669363,15.4375,0.10714285714285714,0.11032531824611033,2.4375,1.6875,10.5625,0.0625,6.6875,3.2875,0.8125,1.6875,0.0,159.0,9.9375,0.24528301886792453,1.0628930817610063,0.1282051282051282,0.3125,0.1875,0.0,0.0,0.6875,0.0,0.45454545454545453,2023-2025,False
00-0036936,Rondale Moore,WR,ARI,1,2023,2023,1,17,62,40,352,1,322,216,17,-4.296013924347374,28,178,1,105.0,540,4186,555,471,540,4186,471,17,17.0,757.0,1133.0,8.0,777.0,477.0,241.0,1164.0,635.0,441.0,62.0,40.0,136.0,216.0,2.0,3.0,17.0,62.0,5.0,1.0,1.0,8.0,23.0,6.0,-3.349013924347384,0.6675257731958762,-0.054016353618506194,0.08064516129032258,7.29775510204082,4.49560809476276,5.06483870967742,7.99047311275264,5.4735,5.67491781488167,-0.201417814881669,64.5161290322581,5.2,3.4,5.4,20.0,0.6694117647058824,0.11481481481481481,0.07692307692307693,0.11481481481481481,0.07692307692307693,0.059447983014861996,0.059447983014861996,1.0,0.22606837606837607,1.093167701863354,5.193548387096774,0.6451612903225806,-0.06929054716689313,6.357142857142857,8.8,0.6681376875551632,44.529411764705884,0.7511811023622047,0.546485260770975,3.6470588235294117,2.3529411764705883,20.705882352941178,0.058823529411764705,18.941176470588236,6.176470588235294,1.6470588235294117,10.470588235294118,0.058823529411764705,477.0,28.058823529411764,0.129979035639413,0.7379454926624738,0.04838709677419355,0.29411764705882354,0.058823529411764705,0.058823529411764705,0.47058823529411764,1.3529411764705883,0.12903225806451613,0.2608695652173913,2023-2025,True
00-0036955,Terrace Marshall Jr.,WR,LV,2,2024,2023,2,13,39,22,180,0,290,52,9,-7.728063658165261,0,0,0,40.0,449,3465,477,336,1126,8937,825,34,16.0,475.0,1076.0,8.0,490.0,303.0,153.0,2336.0,1386.0,775.0,39.0,22.0,128.0,52.0,0.0,2.0,9.0,39.0,3.0,1.0,0.0,2.0,11.0,2.0,-7.728063658165266,0.20976027397260275,-0.198155478414494,0.07692307692307693,,,,,,,,,7.430769230769231,5.822727272727274,2.3363636363636364,,0.45520146520146515,0.08685968819599109,0.0836940836940837,0.03463587921847247,0.03244936779679982,0.0,0.0,0.38235294117647056,0.1888753908798452,0.6206896551724138,7.435897435897436,0.5641025641025641,-0.19815547841449385,,8.181818181818182,0.44144981412639406,29.6875,0.21861471861471862,0.19741935483870968,3.0,1.6923076923076923,13.846153846153847,0.0,22.307692307692307,3.076923076923077,0.0,0.0,0.0,303.0,23.307692307692307,0.12871287128712872,0.594059405940594,0.05128205128205128,0.23076923076923078,0.07692307692307693,0.0,0.15384615384615385,0.8461538461538461,0.05128205128205128,0.18181818181818182,2023-2025,False
00-0036959,Michael Bandy,WR,DEN,1,2025,2025,1,4,4,4,50,1,24,26,3,7.25989974103868,0,0,0,15.0,130,1217,137,113,584,4488,456,17,4.0,16.0,264.0,16.0,16.0,13.0,2.0,1171.0,676.0,412.0,4.0,4.0,24.0,26.0,0.0,0.0,3.0,4.0,1.0,0.0,0.0,0.0,3.0,3.0,7.25989974103868,0.013663535439795047,1.81497493525967,0.25,,,,,,,,,6.0,6.0,6.5,,0.0625,0.03076923076923077,0.01972062448644207,0.00684931506849315,0.0053475935828877,0.0,0.0,0.23529411764705882,0.059958283294355603,2.0833333333333335,6.0,1.0,1.81497493525967,,12.5,0.06060606060606061,4.0,0.019230769230769232,0.0048543689320388345,1.0,1.0,12.5,0.25,6.0,3.75,0.0,0.0,0.0,13.0,3.25,0.3076923076923077,3.8461538461538463,0.0,0.25,0.0,0.0,0.0,0.75,0.0,1.0,2023-2025,True
00-0036963,Amon-Ra St. Brown,WR,DET,3,2025,2023,1,50,477,351,4179,33,3742,1650,221,223.34015232414947,9,39,0,971.0799999999999,1619,11146,1711,1446,1646,11305,1476,51,50.0,2959.0,3363.0,16.0,3019.0,1696.0,1175.0,3501.0,1866.0,1429.0,477.0,351.0,2529.0,1650.0,17.0,22.0,219.0,477.0,92.0,48.0,25.0,29.0,134.0,68.0,224.28715232414942,0.8623250499857184,0.4702036736355334,0.1928721174004193,6.436698334179943,3.0827723904811695,8.017232704402515,34.03547702421261,4.885356125356127,4.251527554199132,0.6338285711569959,73.58490566037737,7.80649895178197,7.1982905982905985,4.711396011396012,26.34957264957265,0.8772,0.29462631253860405,0.33572582092230396,0.28979343863912516,0.33100398053958424,0.006224066390041493,0.006097560975609756,0.9803921568627451,0.6769475434535188,1.1167824692677712,7.844863731656185,0.7358490566037735,0.4682183486879444,4.333333333333333,11.905982905982906,0.879869164436515,59.18,0.9088960342979635,0.8222533240027992,9.54,7.02,83.58,0.66,74.84,19.421599999999998,0.18,0.78,0.0,1696.0,33.92,0.28125,2.4640330188679247,0.04612159329140461,1.84,0.96,0.5,0.58,2.68,0.06079664570230608,0.5074626865671642,2023-2025,False
00-0036970,Kyle Pitts,TE,ATL,3,2025,2023,1,51,282,188,2197,12,2521,806,107,48.90501537561785,1,-4,0,479.3,1566,12981,1634,1494,1566,12981,1494,51,51.0,2396.0,3369.0,3.0,2450.0,1501.0,779.0,3459.0,1784.0,1421.0,282.0,188.0,1391.0,806.0,6.0,10.0,107.0,282.0,30.0,13.0,16.0,26.0,94.0,34.0,49.85201537561788,0.7082971957213068,0.1767801963674393,0.10638297872340426,5.919454704504962,3.1574009914668086,8.910531914893625,20.28550036000572,4.608085106382979,4.764855751062111,-0.15677064467913113,66.66666666666669,8.991489361702127,7.405851063829787,4.261170212765957,32.78962962962963,0.7149019607843138,0.18007662835249041,0.19420691780294277,0.18007662835249041,0.19420691780294277,0.0006693440428380187,0.0006693440428380187,1.0,0.40605978499079554,0.871479571598572,8.939716312056738,0.6666666666666666,0.17342204033907038,-4.0,11.686170212765957,0.7111902641733452,46.98039215686274,0.8413677130044843,0.5482054890921886,5.529411764705882,3.6862745098039214,43.07843137254902,0.23529411764705882,49.431372549019606,9.398039215686275,0.0196078431372549,-0.0784313725490196,0.0,1501.0,29.431372549019606,0.18787475016655564,1.463690872751499,0.03546099290780142,0.5882352941176471,0.2549019607843137,0.3137254901960784,0.5098039215686274,1.8431372549019607,0.09219858156028368,0.3617021276595745,2023-2025,False
00-0036980,Elijah Moore,WR,BUF,3,2025,2023,2,42,223,129,1290,3,2247,382,58,-42.549239221142,16,36,1,281.6,1470,12219,1531,1158,1710,14052,1456,51,43.0,1981.0,3019.0,11.0,2015.0,1266.0,633.0,3631.0,2058.0,1329.0,223.0,129.0,908.0,382.0,6.0,11.0,58.0,223.0,21.0,8.0,14.0,31.0,68.0,22.0,-42.54923922114202,0.5549435417240429,-0.1908037633235068,0.09417040358744394,6.651017251834129,3.396842331024731,10.05786407766989,20.601764095713662,3.0261666666666667,3.270156745812087,-0.2439900791454205,58.25242718446603,10.024215246636771,7.015503875968992,2.950387596899225,36.241860465116275,0.646078431372549,0.15170068027210884,0.1838939356739504,0.1304093567251462,0.15990606319385142,0.013816925734024179,0.01098901098901099,0.8235294117647058,0.3562767753799285,0.5740987983978638,10.076233183856502,0.57847533632287,-0.19080376332350674,2.25,10.0,0.6561775422325273,46.06976744186046,0.6151603498542274,0.4762979683972912,5.309523809523809,3.0714285714285716,30.714285714285715,0.07142857142857142,53.5,6.704761904761905,0.38095238095238093,0.8571428571428571,0.023809523809523808,1266.0,30.142857142857142,0.17614533965244866,1.018957345971564,0.04932735426008968,0.5,0.19047619047619047,0.3333333333333333,0.7380952380952381,1.619047619047619,0.13901345291479822,0.3235294117647059,2023-2025,False
00-0036988,Josh Palmer,WR,BUF,3,2025,2023,2,37,163,99,1468,3,2108,351,64,42.52375812722855,1,6,0,266.4,1134,9437,1174,1055,1584,12710,1441,51,37.0,1534.0,2446.0,0.0,1559.0,963.0,490.0,3423.0,1895.0,1282.0,163.0,99.0,1117.0,351.0,1.0,7.0,64.0,163.0,22.0,9.0,13.0,35.0,48.0,19.0,40.417758127228545,0.45544843704352905,0.2479617063020156,0.13496932515337423,6.689992690058482,2.5821453825237044,13.368809523809498,19.205710494810614,4.089350649350648,3.7384204280301505,0.35093022132049956,61.11111111111111,12.938036809815952,11.272727272727273,3.5757575757575757,38.0,0.6272972972972973,0.1437389770723104,0.22337607290452474,0.1029040404040404,0.16585365853658537,0.0009478672985781991,0.0006939625260235947,0.7254901960784313,0.37197171664163287,0.6963946869070209,12.932515337423313,0.6073619631901841,0.26088195170078865,6.0,14.828282828282829,0.6271463614063778,41.45945945945946,0.508179419525066,0.38221528861154447,4.405405405405405,2.675675675675676,39.67567567567568,0.08108108108108109,56.972972972972975,7.199999999999999,0.02702702702702703,0.16216216216216217,0.0,963.0,26.027027027027028,0.16926272066458983,1.5244029075804777,0.04294478527607362,0.5945945945945946,0.24324324324324326,0.35135135135135137,0.9459459459459459,1.2972972972972974,0.2147239263803681,0.3958333333333333,2023-2025,False
00-0036991,Amari Rodgers,WR,IND,1,2023,2023,1,1,2,0,0,0,30,0,0,-2.00355665071402,0,0,0,0.0,52,394,55,17,546,4255,479,17,3.0,25.0,208.0,23.0,26.0,21.0,3.0,1180.0,648.0,449.0,2.0,0.0,0.0,0.0,0.0,1.0,,2.0,0.0,0.0,0.0,1.0,0.0,0.0,-2.0035566507140175,0.022033898305084745,-1.0017783253570087,0.0,,,,,,,,,15.0,,,,0.11333333333333334,0.038461538461538464,0.07614213197969544,0.003663003663003663,0.007050528789659225,0.0,0.0,0.058823529411764705,0.1109918000780945,0.0,15.0,0.0,-1.00177832535701,,,0.1201923076923077,8.333333333333334,0.032407407407407406,0.0066815144766146995,2.0,0.0,0.0,0.0,30.0,0.0,0.0,0.0,0.0,21.0,21.0,0.09523809523809523,0.0,0.5,0.0,0.0,0.0,1.0,0.0,0.5,,2023-2025,True
00-0037004,Hunter Long,TE,JAX,2,2025,2024,2,18,26,19,145,2,97,61,7,10.028335460461673,0,0,0,51.5,563,4654,582,514,1088,9004,939,34,26.0,537.0,1720.0,341.0,551.0,248.0,250.0,2298.0,1242.0,880.0,26.0,19.0,84.0,61.0,0.0,5.0,7.0,26.0,4.0,3.0,2.0,0.0,3.0,1.0,10.028335460461676,0.23977371627502175,0.38570521001775676,0.15384615384615385,,,,,,,,,3.857692307692307,4.4263157894736835,3.2263157894736842,,0.31545025417574435,0.046181172291296625,0.020842286205414697,0.02389705882352941,0.01077298978231897,0.0,0.0,0.5294117647058824,0.08386135878073522,1.4948453608247423,3.730769230769231,0.7307692307692307,0.38570521001775665,,7.631578947368421,0.3122093023255814,20.653846153846153,0.1996779388083736,0.2840909090909091,1.4444444444444444,1.0555555555555556,8.055555555555555,0.1111111111111111,5.388888888888889,2.861111111111111,0.0,0.0,0.0,248.0,13.777777777777779,0.10483870967741936,0.5846774193548387,0.19230769230769232,0.2222222222222222,0.16666666666666666,0.1111111111111111,0.0,0.16666666666666666,0.0,0.3333333333333333,2023-2025,False
00-0037005,Tommy Tremble,TE,CAR,3,2025,2023,1,40,101,73,677,7,549,384,32,15.343632567371213,0,0,0,180.7,1231,9867,1324,1051,1532,12396,1316,51,45.0,1709.0,2891.0,349.0,1765.0,862.0,775.0,3364.0,1896.0,1196.0,101.0,73.0,293.0,384.0,4.0,3.0,32.0,101.0,13.0,7.0,5.0,5.0,24.0,6.0,15.343632567371191,0.5246730083234245,0.15191715413238804,0.12871287128712872,,,,,,,,,5.445544554455446,3.9821917808219176,5.249315068493151,15.35,0.5904411764705882,0.08204711616571893,0.055640012161751295,0.06592689295039164,0.044288480154888676,0.0,0.0,0.7843137254901961,0.1620186827618043,1.2331511839708562,5.435643564356436,0.7227722772277227,0.15191715413238824,,9.273972602739725,0.5911449325492909,37.977777777777774,0.45464135021097046,0.6479933110367893,2.525,1.825,16.925,0.175,13.725,4.5175,0.0,0.0,0.0,862.0,21.55,0.11716937354988399,0.7853828306264501,0.0297029702970297,0.325,0.175,0.125,0.125,0.6,0.04950495049504951,0.25,2023-2025,False
00-0037015,Sal Cannella,TE,CLE,1,2025,2025,1,2,5,2,11,0,55,5,1,-8.819503694772717,0,0,0,3.1,44,385,45,49,522,3785,421,17,2.0,29.0,104.0,6.0,32.0,21.0,6.0,1122.0,641.0,396.0,5.0,2.0,6.0,5.0,0.0,0.0,1.0,5.0,0.0,0.0,1.0,1.0,2.0,1.0,-8.81950369477272,0.0285204991087344,-1.763900738954544,0.0,,,,,,,,,11.0,3.0,2.5,,0.27999999999999997,0.11363636363636363,0.14285714285714285,0.009578544061302681,0.01453104359313078,0.0,0.0,0.11764705882352941,0.27045454545454545,0.2,11.0,0.4,-1.7639007389545434,,5.5,0.27884615384615385,14.5,0.0327613104524181,0.015151515151515152,2.5,1.0,5.5,0.0,27.5,1.55,0.0,0.0,0.0,21.0,10.5,0.23809523809523808,0.5238095238095238,0.0,0.0,0.0,0.5,0.5,1.0,0.2,0.5,2023-2025,True
00-0037078,Cole Turner,TE,WAS,1,2023,2023,1,8,15,11,120,0,102,50,4,-0.005128661555811487,0,0,0,23.0,287,2294,303,185,601,4767,359,17,12.0,142.0,819.0,86.0,144.0,84.0,49.0,1132.0,737.0,326.0,15.0,11.0,70.0,50.0,0.0,1.0,4.0,15.0,4.0,3.0,2.0,0.0,2.0,1.0,-0.005128661555817482,0.127208480565371,-0.00034191077038783215,0.26666666666666666,,,,,,,,,7.0,6.4,4.5,,0.1825,0.05226480836236934,0.044463818657367045,0.024958402662229616,0.021397105097545627,0.0,0.0,0.47058823529411764,0.10952188560371093,1.1764705882352942,6.8,0.7333333333333333,-0.00034191077038743246,,10.909090909090908,0.17338217338217338,11.833333333333334,0.11397557666214382,0.15030674846625766,1.875,1.375,15.0,0.0,12.75,2.875,0.0,0.0,0.0,84.0,10.5,0.17857142857142858,1.4285714285714286,0.06666666666666667,0.5,0.375,0.25,0.0,0.25,0.0,0.5,2023-2025,True
00-0037086,Grant Calcaterra,TE,PHI,3,2025,2023,1,27,47,37,413,2,312,189,22,19.950925427605405,0,0,0,90.3,725,6291,779,878,1407,12810,1609,51,45.0,1264.0,3123.0,402.0,1316.0,513.0,682.0,3469.0,1763.0,1445.0,47.0,37.0,224.0,189.0,1.0,0.0,22.0,47.0,6.0,2.0,3.0,4.0,11.0,6.0,19.950925427605398,0.37936004612280194,0.424487775055434,0.1276595744680851,,,,,,,,,6.61063829787234,6.081081081081081,5.129729729729729,4.0,0.5136296296296297,0.06482758620689655,0.04959465903671912,0.033404406538734895,0.024355971896955503,0.0,0.0,0.5294117647058824,0.1319576406360482,1.3237179487179487,6.638297872340425,0.7872340425531915,0.42448777505543417,,11.162162162162161,0.4047390329811079,28.08888888888889,0.2909812819058423,0.47197231833910036,1.7407407407407407,1.3703703703703705,15.296296296296296,0.07407407407407407,11.555555555555555,3.3444444444444446,0.0,0.0,0.0,513.0,19.0,0.09161793372319688,0.8050682261208577,0.0,0.2222222222222222,0.07407407407407407,0.1111111111111111,0.14814814814814814,0.4074074074074074,0.0851063829787234,0.5454545454545454,2023-2025,False
00-0037093,Dareke Young,WR,SEA,2,2025,2024,1,15,4,2,48,0,66,0,2,0.20665602001326477,0,0,0,6.8,448,3344,475,401,1024,7872,890,34,16.0,80.0,1477.0,387.0,85.0,22.0,43.0,2224.0,1193.0,840.0,4.0,2.0,48.0,0.0,0.0,0.0,2.0,4.0,0.0,0.0,0.0,1.0,2.0,0.0,0.20665602001327366,0.03821942446043165,0.051664005003318414,0.0,,,,,,,,,16.5,24.0,0.0,,0.06470370370370371,0.008928571428571428,0.019736842105263157,0.00390625,0.008384146341463415,0.0,0.0,0.4411764705882353,0.02720864661654135,0.7272727272727273,16.5,0.5,0.051664005003316193,,24.0,0.05416384563303995,5.0,0.018440905280804692,0.05119047619047619,0.26666666666666666,0.13333333333333333,3.2,0.0,4.4,0.4533333333333333,0.0,0.0,0.0,22.0,1.4666666666666666,0.18181818181818182,2.1818181818181817,0.0,0.0,0.0,0.0,0.06666666666666667,0.13333333333333333,0.25,0.0,2023-2025,False
00-0037098,Samori Toure,WR,NO,2,2025,2023,2,9,21,9,81,0,346,18,4,-11.21922360682435,0,0,0,19.1,293,2737,300,244,1126,9727,876,34,12.0,149.0,768.0,1.0,150.0,90.0,51.0,2290.0,1306.0,814.0,21.0,9.0,63.0,18.0,0.0,1.0,4.0,21.0,3.0,0.0,4.0,8.0,8.0,2.0,-12.272223606824356,0.06550218340611354,-0.5843916003249694,0.14285714285714285,,,,,,,,,16.614285714285714,7.0,2.0444444444444443,,0.19282828282828285,0.07167235494880546,0.12641578370478626,0.018650088809946713,0.03557109077824612,0.0,0.0,0.2647058823529412,0.19599958101655857,0.23410404624277456,16.476190476190474,0.42857142857142855,-0.5342487431821119,,9.0,0.19401041666666666,12.416666666666666,0.06891271056661562,0.06265356265356266,2.3333333333333335,1.0,9.0,0.0,38.44444444444444,2.1222222222222222,0.0,0.0,0.0,90.0,10.0,0.23333333333333334,0.9,0.047619047619047616,0.3333333333333333,0.0,0.4444444444444444,0.8888888888888888,0.8888888888888888,0.38095238095238093,0.25,2023-2025,False
00-0037112,Jake Tonges,TE,SF,1,2025,2025,1,10,46,34,293,5,233,143,21,14.2160502494226,0,0,0,93.3,354,2881,366,261,550,4296,481,17,16.0,399.0,1121.0,232.0,409.0,248.0,116.0,1145.0,629.0,443.0,46.0,34.0,150.0,143.0,1.0,0.0,21.0,46.0,7.0,5.0,5.0,2.0,13.0,7.0,14.216050249422594,0.3572052401746725,0.3090445706396216,0.15217391304347827,4.86921052631579,3.5873290514406198,5.25152173913043,5.921471923442721,4.73470588235294,4.90245769175297,-0.167751809400031,73.9130434782609,5.1,4.4,4.2,34.0,0.3317647058823529,0.12994350282485875,0.08087469628601181,0.08363636363636363,0.0542364990689013,0.0,0.0,0.5882352941176471,0.25152754163749635,1.257510729613734,5.065217391304348,0.7391304347826086,0.30904457063962176,,8.617647058823529,0.3559322033898305,24.9375,0.3942766295707472,0.2618510158013544,4.6,3.4,29.3,0.5,23.3,9.33,0.0,0.0,0.0,248.0,24.8,0.18548387096774194,1.1814516129032258,0.0,0.7,0.5,0.5,0.2,1.3,0.043478260869565216,0.5384615384615384,2023-2025,True
00-0037132,Britain Covey,WR,PHI,3,2025,2023,1,26,18,13,96,0,69,74,6,1.1130765012002626,0,0,0,22.6,773,7042,840,799,1407,12810,1609,51,16.0,148.0,1828.0,132.0,150.0,94.0,47.0,3469.0,1763.0,1445.0,18.0,13.0,22.0,74.0,1.0,2.0,6.0,18.0,3.0,2.0,1.0,0.0,5.0,2.0,1.113076501200263,0.04324012683770539,0.06183758340001461,0.16666666666666666,,,,,,,,,3.8333333333333335,1.7153846153846155,5.6923076923076925,4.0,0.08290865384615385,0.02328589909443726,0.009798352740698665,0.01279317697228145,0.005386416861826698,0.0,0.0,0.5098039215686274,0.04178769556014495,1.391304347826087,3.8333333333333335,0.7222222222222222,0.061837583400014585,,7.384615384615385,0.08096280087527352,9.25,0.05331820760068066,0.032525951557093424,0.6923076923076923,0.5,3.6923076923076925,0.0,2.6538461538461537,0.8692307692307693,0.0,0.0,0.0,94.0,3.6153846153846154,0.19148936170212766,1.0212765957446808,0.1111111111111111,0.11538461538461539,0.07692307692307693,0.038461538461538464,0.0,0.19230769230769232,0.0,0.4,2023-2025,False
00-0037156,Irvin Charles,WR,NYJ,2,2024,2023,1,14,2,0,0,0,7,0,0,-1.92775652324781,0,0,0,0.0,471,2851,489,333,1152,8119,751,34,14.0,53.0,1626.0,450.0,63.0,22.0,33.0,2241.0,1366.0,710.0,2.0,0.0,0.0,0.0,0.0,0.0,0.0,2.0,1.0,1.0,1.0,0.0,1.0,0.0,-1.9277565232478082,0.028112449799196786,-0.9638782616239041,0.5,,,,,,,,,6.0,,,,0.03032967032967033,0.004246284501061571,0.002455278849526482,0.001736111111111111,0.0008621751447222564,0.0,0.0,0.4117647058823529,0.008088121946260894,0.0,3.5,0.0,-0.963878261623905,,,0.032595325953259535,3.7857142857142856,0.016105417276720352,0.04647887323943662,0.14285714285714285,0.0,0.0,0.0,0.5,0.0,0.0,0.0,0.0,22.0,1.5714285714285714,0.09090909090909091,0.0,0.0,0.07142857142857142,0.07142857142857142,0.07142857142857142,0.0,0.07142857142857142,0.0,0.0,2023-2025,False
00-0037216,Justyn Ross,WR,KC,2,2024,2023,1,7,12,6,53,0,127,15,2,-0.10709001640417215,0,0,0,11.3,263,1742,277,174,1171,7901,867,34,12.0,150.0,825.0,73.0,156.0,91.0,44.0,2322.0,1395.0,747.0,12.0,6.0,38.0,15.0,0.0,2.0,2.0,12.0,2.0,2.0,1.0,2.0,1.0,0.0,-0.10709001640416682,0.06718346253229975,-0.008924168033680568,0.16666666666666666,,,,,,,,,9.816666666666668,6.3,2.5,,0.18942857142857147,0.045627376425855515,0.07290470723306544,0.010247651579846286,0.016073914694342488,0.0,0.0,0.20588235294117646,0.11947435970192907,0.41732283464566927,10.583333333333334,0.5,-0.008924168033681013,,8.833333333333334,0.18181818181818182,12.5,0.06523297491039426,0.058902275769745646,1.7142857142857142,0.8571428571428571,7.571428571428571,0.0,18.142857142857142,1.6142857142857143,0.0,0.0,0.0,91.0,13.0,0.13186813186813187,0.5824175824175825,0.16666666666666666,0.2857142857142857,0.2857142857142857,0.14285714285714285,0.2857142857142857,0.14285714285714285,0.16666666666666666,0.0,2023-2025,True
00-0037231,Kevin Austin Jr.,WR,NO,2,2025,2024,1,13,45,24,291,1,450,93,17,2.692701796654422,1,9,0,60.0,424,3819,448,313,1082,9217,879,34,16.0,565.0,1040.0,59.0,580.0,351.0,189.0,2273.0,1289.0,821.0,45.0,24.0,198.0,93.0,0.0,6.0,17.0,45.0,2.0,1.0,2.0,5.0,13.0,4.0,2.692701796654411,0.2551693796744391,0.059837817703431356,0.044444444444444446,,,,,,,,,9.913333333333334,8.2875,3.8874999999999997,,0.5794230769230769,0.10613207547169812,0.1178318931657502,0.041589648798521256,0.0488228273841814,0.003194888178913738,0.0011376564277588168,0.38235294117647056,0.2416804384235723,0.6466666666666666,10.0,0.5333333333333333,0.0598378177034316,9.0,12.125,0.5432692307692307,35.3125,0.27230411171450736,0.23020706455542023,3.4615384615384617,1.8461538461538463,22.384615384615383,0.07692307692307693,34.61538461538461,4.615384615384615,0.07692307692307693,0.6923076923076923,0.0,351.0,27.0,0.1282051282051282,0.8290598290598291,0.13333333333333333,0.15384615384615385,0.07692307692307693,0.15384615384615385,0.38461538461538464,1.0,0.1111111111111111,0.3076923076923077,2023-2025,False
00-0037238,Drake London,WR,ATL,3,2025,2023,1,45,380,237,3095,18,4208,744,158,73.38119948580646,1,-3,0,657.08,1382,11441,1435,1336,1566,12981,1494,51,45.0,2601.0,2990.0,2.0,2653.0,1431.0,1059.0,3459.0,1784.0,1421.0,380.0,237.0,2351.0,744.0,8.0,10.0,158.0,380.0,57.0,26.0,33.0,58.0,102.0,42.0,73.16919948580647,0.7669846776525007,0.1925505249626486,0.15,6.320808235867447,2.43313394707017,10.975289473684178,33.30038216975925,3.509198312236288,2.9246041420774946,0.5845941701587948,62.36842105263155,11.073684210526316,9.89198312236287,3.154008438818565,23.967455621301774,0.8695555555555554,0.27496382054992763,0.36780001748098945,0.24265644955300128,0.3241660888991603,0.0007485029940119761,0.0006693440428380187,0.8823529411764706,0.669905743061584,0.7355038022813688,11.073684210526316,0.6236842105263158,0.1931084196994907,-3.0,13.059071729957806,0.8698996655518395,57.8,0.8021300448430493,0.745249824067558,8.444444444444445,5.266666666666667,68.77777777777777,0.4,93.5111111111111,14.601777777777778,0.022222222222222223,-0.06666666666666667,0.0,1431.0,31.8,0.2655485674353599,2.1628232005590498,0.02631578947368421,1.2666666666666666,0.5777777777777777,0.7333333333333333,1.288888888888889,2.2666666666666666,0.15263157894736842,0.4117647058823529,2023-2025,False
00-0037239,Chris Olave,WR,NO,3,2025,2023,1,40,338,219,2686,15,4130,757,132,80.51559169675981,2,4,0,576.0,1316,11274,1383,1097,1661,14233,1359,51,40.0,2016.0,2682.0,0.0,2071.0,1314.0,630.0,3465.0,1944.0,1278.0,338.0,219.0,1929.0,757.0,6.0,13.0,132.0,338.0,33.0,11.0,28.0,70.0,102.0,49.0,79.46259169675974,0.5976911976911977,0.23509642513834245,0.09763313609467456,6.565895143173547,2.9502979658756767,12.400646258503382,38.27799259708393,3.5082352941176493,3.9084392880916123,-0.40020399397396633,63.605442176870774,12.21715976331361,8.77945205479452,3.4684931506849317,39.02739726027397,0.756,0.256838905775076,0.3663296079474898,0.20349187236604455,0.29017072999367666,0.0018231540565177757,0.0014716703458425313,0.7843137254901961,0.6416890842258569,0.650363196125908,12.218934911242604,0.6479289940828402,0.23821180975372724,2.0,12.264840182648403,0.7516778523489933,50.4,0.6759259259259259,0.49295774647887325,8.45,5.475,67.15,0.375,103.25,14.4,0.05,0.1,0.0,1314.0,32.85,0.2572298325722983,2.0441400304414,0.038461538461538464,0.825,0.275,0.7,1.75,2.55,0.20710059171597633,0.4803921568627451,2023-2025,False
00-0037240,Jameson Williams,WR,DET,3,2025,2023,1,44,235,147,2472,16,2991,1043,103,107.41669115271372,20,102,2,512.4,1453,9921,1535,1262,1646,11305,1476,51,44.0,2262.0,2980.0,3.0,2305.0,1311.0,890.0,3501.0,1866.0,1429.0,235.0,147.0,1429.0,1043.0,11.0,19.0,104.0,235.0,24.0,7.0,13.0,46.0,66.0,31.0,107.4166911527138,0.6583833190516996,0.4570923027775055,0.10212765957446808,6.273178153267899,3.270515856257762,11.883989637305696,31.548170974994513,7.270406504065041,5.533067848761429,1.7373386553036128,63.73056994818649,12.629787234042553,9.729251700680273,7.1183673469387765,19.433333333333334,0.7647727272727273,0.16173434273916035,0.3014817054732386,0.14277035236938032,0.2645731977001327,0.01584786053882726,0.013550135501355014,0.8627450980392157,0.45363870794000755,0.8264794383149449,12.727659574468085,0.625531914893617,0.45709230277750523,5.1,16.816326530612244,0.7590604026845638,51.40909090909091,0.702572347266881,0.622813156053184,5.340909090909091,3.340909090909091,56.18181818181818,0.36363636363636365,67.97727272727273,11.645454545454545,0.45454545454545453,2.3181818181818183,0.045454545454545456,1311.0,29.795454545454547,0.17925247902364608,1.8855835240274599,0.08085106382978724,0.5454545454545454,0.1590909090909091,0.29545454545454547,1.0454545454545454,1.5,0.19574468085106383,0.4696969696969697,2023-2025,False
00-0037247,George Pickens,WR,DAL,3,2025,2023,2,48,346,215,3469,17,4386,1082,152,145.2650792849529,5,12,0,665.1,1480,12181,1548,1409,1551,12800,1485,51,48.0,2671.0,3218.0,9.0,2709.0,1580.0,961.0,3457.0,1835.0,1354.0,346.0,215.0,2387.0,1082.0,15.0,12.0,152.0,346.0,47.0,20.0,35.0,78.0,113.0,51.0,144.21207928495298,0.7836274226207695,0.41679791700853464,0.13583815028901733,5.309397606647535,2.3024755891765376,12.711242774566465,36.041048484067545,5.464604651162793,3.3759539694321057,2.0886506817306802,62.138728323699446,12.56936416184971,11.082325581395349,5.053953488372093,14.45813953488372,0.8293750000000001,0.23378378378378378,0.3600689598555127,0.22308188265635073,0.34265625,0.0035486160397444995,0.003367003367003367,0.9411764705882353,0.6027239475745345,0.7909256725946192,12.676300578034683,0.6213872832369942,0.4198412696096904,2.4,16.134883720930233,0.8300186451211933,55.645833333333336,0.8610354223433242,0.7097488921713442,7.208333333333333,4.479166666666667,72.27083333333333,0.3541666666666667,91.375,13.856250000000001,0.10416666666666667,0.25,0.0,1580.0,32.916666666666664,0.2189873417721519,2.1955696202531647,0.03468208092485549,0.9791666666666666,0.4166666666666667,0.7291666666666666,1.625,2.3541666666666665,0.2254335260115607,0.45132743362831856,2023-2025,False
00-0037252,Greg Dulcich,TE,MIA,3,2025,2023,2,15,49,34,388,1,249,219,16,5.74905298832174,1,-7,0,76.10000000000001,408,3006,425,395,1488,11246,1344,51,21.0,424.0,1276.0,72.0,434.0,281.0,119.0,4406.0,2450.0,1602.0,49.0,34.0,169.0,219.0,2.0,2.0,16.0,49.0,7.0,2.0,2.0,1.0,12.0,6.0,6.696052988321753,0.0985020426690876,0.1366541426188113,0.14285714285714285,,,,,,,,,5.151020408163266,4.95,6.479411764705882,13.0,0.35764444444444443,0.12009803921568628,0.08283433133732535,0.03293010752688172,0.022141205762048727,0.002531645569620253,0.000744047619047619,0.29411764705882354,0.23813109075965716,1.5582329317269077,5.081632653061225,0.6938775510204082,0.11732761200656612,-7.0,11.411764705882353,0.3322884012539185,20.19047619047619,0.11469387755102041,0.07428214731585518,3.2666666666666666,2.2666666666666666,25.866666666666667,0.06666666666666667,16.6,5.073333333333334,0.06666666666666667,-0.4666666666666667,0.0,281.0,18.733333333333334,0.17437722419928825,1.3807829181494662,0.04081632653061224,0.4666666666666667,0.13333333333333333,0.13333333333333333,0.06666666666666667,0.8,0.02040816326530612,0.5,2023-2025,False
00-0037257,David Bell,WR,CLE,2,2024,2023,1,10,26,17,194,3,161,81,10,12.076218146830794,0,0,0,54.400000000000006,355,3240,367,295,1231,10438,909,34,16.0,226.0,1161.0,44.0,229.0,140.0,79.0,2480.0,1465.0,848.0,26.0,17.0,113.0,81.0,1.0,1.0,10.0,26.0,3.0,1.0,1.0,2.0,8.0,3.0,12.076218146830797,0.09233870967741936,0.4644699287242614,0.11538461538461539,,,,,,,,,6.211538461538462,6.629411764705882,4.758823529411765,14.0,0.211,0.07323943661971831,0.04969135802469136,0.021121039805036556,0.015424410806667944,0.0,0.0,0.29411764705882354,0.1446431055468614,1.204968944099379,6.1923076923076925,0.6538461538461539,0.4644699287242613,,11.411764705882353,0.19465977605512488,14.125,0.09556313993174062,0.09316037735849056,2.6,1.7,19.4,0.3,16.1,5.44,0.0,0.0,0.0,140.0,14.0,0.18571428571428572,1.3857142857142857,0.038461538461538464,0.3,0.1,0.1,0.2,0.8,0.07692307692307693,0.375,2023-2025,False
00-0037261,Khalil Shakir,WR,BUF,3,2025,2023,1,47,240,187,2151,10,1299,1420,89,94.88194596401013,4,19,0,462.0,1392,11765,1462,1424,1519,12898,1550,51,48.0,1825.0,3181.0,136.0,1820.0,1103.0,567.0,3458.0,1824.0,1368.0,240.0,187.0,731.0,1420.0,13.0,4.0,89.0,240.0,25.0,7.0,4.0,22.0,71.0,34.0,97.72294596401011,0.5263157894736842,0.4071789415167088,0.10416666666666667,6.496218439716313,3.9362638125152367,5.208708333333332,10.905672966733361,7.7505882352941144,5.813764123195665,1.9368241120984535,77.91666666666667,5.425,3.893048128342246,7.599999999999999,11.532432432432433,0.5739674593241552,0.1724137931034483,0.11041223969400765,0.15799868334430547,0.10071328888199721,0.0028089887640449437,0.0025806451612903226,0.9215686274509803,0.33590925744097777,1.6558891454965359,5.4125,0.7791666666666667,0.39534144151670886,4.75,11.502673796791443,0.5737189563030494,38.020833333333336,0.6047149122807017,0.4144736842105263,5.1063829787234045,3.978723404255319,45.765957446808514,0.2127659574468085,27.638297872340427,9.829787234042554,0.0851063829787234,0.40425531914893614,0.0,1103.0,23.46808510638298,0.21758839528558477,1.9501359927470534,0.016666666666666666,0.5319148936170213,0.14893617021276595,0.0851063829787234,0.46808510638297873,1.5106382978723405,0.09166666666666666,0.4788732394366197,2023-2025,False
00-0037273,Kyle Philips,WR,TEN,1,2023,2023,1,8,22,15,181,0,197,79,9,6.535338858000361,0,0,0,33.1,226,2113,235,187,478,4569,444,17,9.0,132.0,539.0,5.0,138.0,108.0,15.0,1089.0,576.0,411.0,22.0,15.0,102.0,79.0,1.0,1.0,9.0,22.0,1.0,1.0,1.0,3.0,13.0,4.0,6.535338858000354,0.12672176308539945,0.2970608571818343,0.045454545454545456,,,,,,,,,9.0,6.8,5.3,15.0,0.2488888888888889,0.09734513274336283,0.09323237103644108,0.04602510460251046,0.043116655723353034,0.0,0.0,0.47058823529411764,0.21128035884055302,0.9187817258883249,8.954545454545455,0.6818181818181818,0.29706085718183456,,12.066666666666666,0.24489795918367346,14.666666666666666,0.1875,0.0364963503649635,2.75,1.875,22.625,0.0,24.625,4.1375,0.0,0.0,0.0,108.0,13.5,0.2037037037037037,1.6759259259259258,0.045454545454545456,0.125,0.125,0.125,0.375,1.625,0.13636363636363635,0.3076923076923077,2023-2025,True
00-0037277,Teagan Quitoriano,TE,HOU,1,2023,2023,1,3,3,2,33,0,15,18,2,2.072669614688494,0,0,0,5.300000000000001,104,805,109,72,566,5177,444,17,7.0,158.0,467.0,52.0,162.0,51.0,101.0,1162.0,660.0,424.0,3.0,2.0,15.0,18.0,1.0,0.0,2.0,3.0,0.0,0.0,0.0,0.0,0.0,0.0,2.0726696146884933,0.13941480206540446,0.6908898715628311,0.0,,,,,,,,,5.0,7.5,9.0,2.0,0.3428571428571428,0.028846153846153848,0.018633540372670808,0.00530035335689046,0.002897430944562488,0.0,0.0,0.17647058823529413,0.056312709030100334,2.2,5.0,0.6666666666666666,0.6908898715628314,,16.5,0.33832976445396146,22.571428571428573,0.07727272727272727,0.23820754716981132,1.0,0.6666666666666666,11.0,0.0,5.0,1.7666666666666668,0.0,0.0,0.0,51.0,17.0,0.058823529411764705,0.6470588235294118,0.0,0.0,0.0,0.0,0.0,0.0,0.0,,2023-2025,True
00-0037282,James Mitchell,TE,CAR,2,2025,2023,2,4,5,5,56,0,23,33,3,3.5829040101235794,0,0,0,10.600000000000001,122,944,133,114,1054,7536,961,34,19.0,204.0,1369.0,180.0,209.0,80.0,104.0,2298.0,1230.0,898.0,5.0,5.0,23.0,33.0,0.0,0.0,3.0,5.0,0.0,0.0,0.0,0.0,0.0,0.0,4.529904010123573,0.09094865100087032,0.9059808020247146,0.0,,,,,,,,,4.58,4.58,6.6,,0.15133333333333332,0.040983606557377046,0.024364406779661018,0.004743833017077799,0.0030520169851380044,0.0,0.0,0.11764705882352941,0.07853049458182829,2.4347826086956523,4.6,1.0,0.7165808020247159,,11.2,0.14901387874360847,10.736842105263158,0.06504065040650407,0.11581291759465479,1.25,1.25,14.0,0.0,5.75,2.6500000000000004,0.0,0.0,0.0,80.0,20.0,0.0625,0.7,0.0,0.0,0.0,0.0,0.0,0.0,0.0,,2023-2025,True
00-0037291,Jalen Nailor,WR,MIN,3,2025,2023,1,35,101,60,887,10,1197,239,46,34.10017830866431,5,9,0,211.60000000000002,1038,8492,1086,893,1591,13312,1260,51,39.0,1320.0,2514.0,62.0,1360.0,858.0,388.0,3337.0,1910.0,1145.0,101.0,60.0,648.0,239.0,2.0,6.0,46.0,101.0,19.0,11.0,15.0,18.0,35.0,15.0,33.047178308664286,0.4075516931375487,0.3271997852342999,0.18811881188118812,5.551632653061221,2.4318935683424594,12.9690566037736,18.0706357427164,4.420689655172419,3.04553386589214,1.37515578928028,54.7169811320755,11.876237623762377,10.778333333333334,4.008333333333334,14.5,0.5592857142857143,0.09730250481695568,0.14095619406500234,0.06348208673790069,0.0899188701923077,0.005599104143337066,0.003968253968253968,0.6862745098039216,0.24462309307093516,0.7410192147034252,11.851485148514852,0.594059405940594,0.33762552780855754,1.8,14.783333333333333,0.5250596658711217,33.84615384615385,0.4492146596858639,0.3388646288209607,2.8857142857142857,1.7142857142857142,25.34285714285714,0.2857142857142857,34.2,6.045714285714286,0.14285714285714285,0.2571428571428571,0.0,858.0,24.514285714285716,0.11771561771561771,1.0337995337995338,0.0594059405940594,0.5428571428571428,0.3142857142857143,0.42857142857142855,0.5142857142857142,1.0,0.1782178217821782,0.42857142857142855,2023-2025,False
00-0037292,Andrew Ogletree,TE,IND,3,2025,2023,1,34,41,22,283,4,401,89,16,11.714088038250358,0,0,0,74.3,1069,9538,1114,958,1568,14068,1417,51,44.0,1001.0,2876.0,636.0,1027.0,401.0,539.0,3387.0,1822.0,1330.0,41.0,22.0,194.0,89.0,1.0,2.0,16.0,41.0,7.0,3.0,3.0,4.0,10.0,5.0,11.714088038250338,0.30321818718630056,0.2857094643475692,0.17073170731707318,,,,,,,,,9.624390243902438,8.836363636363636,4.059090909090909,9.0,0.3493353517877739,0.03835360149672591,0.04204235688823653,0.02614795918367347,0.02850440716519761,0.0,0.0,0.6666666666666666,0.08696005206685443,0.7057356608478803,9.78048780487805,0.5365853658536586,0.2857094643475697,,12.863636363636363,0.3480528511821975,22.75,0.22008781558726673,0.4052631578947368,1.2058823529411764,0.6470588235294118,8.323529411764707,0.11764705882352941,11.794117647058824,2.1852941176470586,0.0,0.0,0.0,401.0,11.794117647058824,0.10224438902743142,0.7057356608478803,0.04878048780487805,0.20588235294117646,0.08823529411764706,0.08823529411764706,0.11764705882352941,0.29411764705882354,0.0975609756097561,0.5,2023-2025,False
00-0037300,Mike Woods,WR,CLE,1,2024,2024,1,5,17,7,65,0,187,35,4,-9.091709248110421,0,0,0,13.5,200,1557,214,121,634,5139,391,17,5.0,304.0,365.0,20.0,306.0,199.0,93.0,1215.0,769.0,361.0,17.0,7.0,30.0,35.0,1.0,2.0,4.0,17.0,3.0,1.0,1.0,5.0,7.0,3.0,-9.09170924811042,0.2518518518518518,-0.5348064263594364,0.17647058823529413,,,,,,,,,11.0,4.3,5.0,7.0,0.8379999999999999,0.085,0.12010276172125883,0.026813880126182965,0.0363884024129208,0.0,0.0,0.29411764705882354,0.21157193320488119,0.34759358288770054,11.0,0.4117647058823529,-0.5348064263594365,,9.285714285714286,0.8328767123287671,60.8,0.258777633289987,0.25761772853185594,3.4,1.4,13.0,0.0,37.4,2.7,0.0,0.0,0.0,199.0,39.8,0.08542713567839195,0.32663316582914576,0.11764705882352941,0.6,0.2,0.2,1.0,1.4,0.29411764705882354,0.42857142857142855,2023-2025,True
00-0037306,John FitzPatrick,TE,GB,3,2025,2023,2,15,17,14,86,1,28,67,5,3.9531380557455122,0,0,0,28.6,422,3915,440,433,1432,12815,1540,51,29.0,426.0,2142.0,173.0,439.0,166.0,227.0,3353.0,1680.0,1430.0,17.0,14.0,19.0,67.0,0.0,2.0,5.0,17.0,4.0,3.0,1.0,0.0,2.0,1.0,3.9531380557455122,0.1309275275872353,0.23253753269091249,0.23529411764705882,,,,,,,,,1.6470588235294117,1.4000000000000001,4.828571428571428,,0.27893333333333337,0.04028436018957346,0.007151979565772669,0.011871508379888268,0.002184939523995318,0.0,0.0,0.29411764705882354,0.06543292598040105,3.0714285714285716,1.6470588235294117,0.8235294117647058,0.23253753269091249,,6.142857142857143,0.19887955182072828,14.689655172413794,0.0988095238095238,0.15874125874125875,1.1333333333333333,0.9333333333333333,5.733333333333333,0.06666666666666667,1.8666666666666667,1.9066666666666667,0.0,0.0,0.0,166.0,11.066666666666666,0.10240963855421686,0.5180722891566265,0.11764705882352941,0.26666666666666666,0.2,0.06666666666666667,0.0,0.13333333333333333,0.0,0.5,2023-2025,False
00-0037311,Ko Kieft,TE,TB,1,2023,2023,1,10,5,1,2,1,61,2,1,-1.3343285543960501,0,0,0,7.2,319,2699,332,279,550,4865,439,17,16.0,207.0,1047.0,276.0,212.0,70.0,113.0,1131.0,641.0,395.0,5.0,1.0,0.0,2.0,0.0,0.0,1.0,5.0,2.0,1.0,0.0,1.0,0.0,0.0,-1.334328554396052,0.1874447391688771,-0.2668657108792104,0.4,,,,,,,,,12.2,0.0,2.0,,0.196875,0.01567398119122257,0.022600963319748056,0.00909090909090909,0.012538540596094553,0.0,0.0,0.5882352941176471,0.039331646110657495,0.03278688524590164,12.2,0.2,-0.26686571087921,,2.0,0.1977077363896848,12.9375,0.10920436817472699,0.28607594936708863,0.5,0.1,0.2,0.1,6.1,0.72,0.0,0.0,0.0,70.0,7.0,0.07142857142857142,0.02857142857142857,0.0,0.2,0.1,0.0,0.1,0.0,0.2,,2023-2025,True
00-0037317,Nick Muse,TE,MIN,1,2023,2023,1,1,1,1,22,0,12,10,1,1.35134004242718,0,0,0,3.2,43,400,44,22,606,4930,393,17,1.0,2.0,126.0,29.0,2.0,1.0,1.0,1153.0,709.0,359.0,1.0,1.0,12.0,10.0,0.0,0.0,1.0,1.0,0.0,0.0,0.0,0.0,0.0,0.0,1.3513400424271822,0.0017346053772766695,1.3513400424271822,0.0,,,,,,,,,12.0,12.0,10.0,,0.015,0.023255813953488372,0.03,0.0016501650165016502,0.002434077079107505,0.0,0.0,0.058823529411764705,0.055883720930232555,1.8333333333333333,12.0,1.0,1.35134004242718,,22.0,0.015873015873015872,2.0,0.0014104372355430183,0.002785515320334262,1.0,1.0,22.0,0.0,12.0,3.2,0.0,0.0,0.0,1.0,1.0,1.0,22.0,0.0,0.0,0.0,0.0,0.0,0.0,0.0,,2023-2025,True
00-0037340,Zaire Mitchell-Paden,TE,BAL,1,2025,2025,1,3,3,2,17,0,13,5,1,1.1455184332444301,0,0,0,3.7,74,692,77,77,407,3422,507,17,8.0,107.0,487.0,72.0,115.0,26.0,74.0,2208.0,1174.0,859.0,3.0,2.0,12.0,5.0,0.0,0.0,1.0,3.0,1.0,1.0,1.0,0.0,0.0,0.0,1.1455184332444333,0.052083333333333336,0.3818394777481444,0.3333333333333333,,,,,,,,,4.3,6.0,2.5,,0.22875,0.04054054054054054,0.01878612716763006,0.007371007371007371,0.003798947983635301,0.0,0.0,0.17647058823529413,0.07396109982815186,1.3076923076923077,4.333333333333333,0.6666666666666666,0.38183947774814336,,8.5,0.21971252566735114,13.375,0.022146507666098807,0.08614668218859138,1.0,0.6666666666666666,5.666666666666667,0.0,4.333333333333333,1.2333333333333334,0.0,0.0,0.0,26.0,8.666666666666666,0.11538461538461539,0.6538461538461539,0.0,0.3333333333333333,0.3333333333333333,0.3333333333333333,0.0,0.0,0.0,,2023-2025,True
00-0037348,Tanner Conner,TE,MIA,2,2025,2024,1,12,19,12,107,0,165,44,4,-7.344149096694311,0,0,0,22.700000000000003,366,2569,379,296,1030,7073,880,34,15.0,206.0,1056.0,226.0,216.0,141.0,55.0,2171.0,1193.0,831.0,19.0,12.0,63.0,44.0,0.0,1.0,4.0,19.0,4.0,1.0,1.0,2.0,3.0,1.0,-7.344149096694309,0.09949332105020728,-0.386534162983911,0.21052631578947367,,,,,,,,,7.552631578947368,5.2749999999999995,3.65,,0.24513888888888888,0.05191256830601093,0.06422732580770728,0.018446601941747572,0.02332814930015552,0.0,0.0,0.35294117647058826,0.12282798052441149,0.6484848484848484,8.68421052631579,0.631578947368421,-0.38653416298391113,,8.916666666666666,0.19507575757575757,13.733333333333333,0.1181894383906119,0.06618531889290012,1.5833333333333333,1.0,8.916666666666666,0.0,13.75,1.8916666666666668,0.0,0.0,0.0,141.0,11.75,0.1347517730496454,0.7588652482269503,0.05263157894736842,0.3333333333333333,0.08333333333333333,0.08333333333333333,0.16666666666666666,0.25,0.10526315789473684,0.3333333333333333,2023-2025,False
00-0037382,Brandon Johnson,WR,PIT,2,2024,2023,2,11,31,20,293,4,333,93,12,22.064931718938773,0,0,0,75.30000000000001,325,2756,348,259,937,7700,984,34,16.0,362.0,996.0,5.0,367.0,224.0,120.0,2258.0,1189.0,892.0,31.0,20.0,200.0,93.0,2.0,1.0,12.0,31.0,6.0,3.0,3.0,6.0,7.0,4.0,21.011931718938776,0.162533215234721,0.677804248998025,0.1935483870967742,,,,,,,,,10.709677419354838,10.035,4.665,9.5,0.3895104895104895,0.09538461538461539,0.12082728592162555,0.033084311632870865,0.04324675324675325,0.0,0.0,0.3235294117647059,0.22765602322206097,0.8798798798798799,10.741935483870968,0.6451612903225806,0.7117719909335088,,14.65,0.3634538152610442,22.625,0.1883936080740118,0.13452914798206278,2.8181818181818183,1.8181818181818181,26.636363636363637,0.36363636363636365,30.272727272727273,6.845454545454547,0.0,0.0,0.0,224.0,20.363636363636363,0.13839285714285715,1.3080357142857142,0.03225806451612903,0.5454545454545454,0.2727272727272727,0.2727272727272727,0.5454545454545454,0.6363636363636364,0.1935483870967742,0.5714285714285714,2023-2025,False
00-0037420,Kwamie Lassiter II,WR,CIN,1,2023,2023,1,1,1,1,2,0,-1,3,0,0.222314799961168,0,0,0,1.2,44,300,46,30,592,3878,383,17,1.0,5.0,82.0,0.0,5.0,2.0,3.0,1119.0,695.0,341.0,1.0,1.0,-1.0,3.0,0.0,0.0,,1.0,0.0,0.0,0.0,0.0,1.0,0.0,0.22231479996116832,0.004468275245755138,0.22231479996116832,0.0,,,,,,,,,-1.0,-1.0,3.0,,0.06,0.022727272727272728,-0.0033333333333333335,0.0016891891891891893,-0.00025786487880350697,0.0,0.0,0.058823529411764705,0.031757575757575755,-2.0,-1.0,1.0,0.222314799961168,,2.0,0.06097560975609756,5.0,0.0028776978417266188,0.008797653958944282,1.0,1.0,2.0,0.0,-1.0,1.2,0.0,0.0,0.0,2.0,2.0,0.5,1.0,0.0,0.0,0.0,0.0,0.0,1.0,0.0,0.0,2023-2025,True
00-0037422,Kendric Pryor,WR,CIN,1,2024,2024,1,1,1,1,9,0,9,0,0,0.680167773389258,0,0,0,1.9,37,206,39,31,628,4614,380,17,2.0,19.0,148.0,5.0,19.0,10.0,6.0,1171.0,723.0,349.0,1.0,1.0,9.0,0.0,0.0,0.0,0.0,1.0,0.0,0.0,0.0,0.0,0.0,0.0,0.6801677733892575,0.016225448334756618,0.6801677733892575,0.0,,,,,,,,,9.0,9.0,0.0,,0.125,0.02702702702702703,0.043689320388349516,0.0015923566878980893,0.0019505851755526658,0.0,0.0,0.058823529411764705,0.0711230648123852,1.0,9.0,1.0,0.680167773389258,,9.0,0.12837837837837837,9.5,0.013831258644536652,0.017191977077363897,1.0,1.0,9.0,0.0,9.0,1.9,0.0,0.0,0.0,10.0,10.0,0.1,0.9,0.0,0.0,0.0,0.0,0.0,0.0,0.0,,2023-2025,True
00-0037451,Rod Williams,TE,PIT,1,2023,2023,1,6,2,0,0,0,8,0,0,-0.681053433858324,0,0,0,0.0,161,1328,171,181,484,3785,487,17,,,,,58.0,15.0,24.0,1084.0,566.0,443.0,,,,,,,,2.0,0.0,0.0,0.0,0.0,0.0,0.0,-0.6810534338583238,0.05350553505535055,-0.3405267169291619,0.0,,,,,,,,,,,,,,0.012422360248447204,0.006024096385542169,0.004132231404958678,0.0021136063408190224,0.0,0.0,0.35294117647058826,0.022850407842550324,0.0,4.0,0.0,-0.340526716929162,,,,,0.026501766784452298,0.05417607223476298,0.3333333333333333,0.0,0.0,0.0,1.3333333333333333,0.0,0.0,0.0,0.0,15.0,2.5,0.13333333333333333,0.0,,0.0,0.0,0.0,0.0,0.0,0.0,,2023-2025,True
00-0037475,Stone Smartt,TE,NYJ,3,2025,2023,2,27,49,34,415,1,414,149,20,13.147148467262177,0,0,0,79.5,848,6720,880,696,1577,12500,1350,51,38.0,575.0,2935.0,445.0,591.0,348.0,185.0,3353.0,1915.0,1200.0,49.0,34.0,266.0,149.0,1.0,3.0,20.0,49.0,3.0,2.0,2.0,7.0,12.0,6.0,13.14714846726218,0.176260065612884,0.2683091523931057,0.061224489795918366,,,,,,,,,8.465306122448979,7.841176470588236,4.382352941176471,11.0,0.21175925925925926,0.05778301886792453,0.06160714285714286,0.031071655041217502,0.03312,0.0,0.0,0.5294117647058824,0.1297995283018868,1.002415458937198,8.448979591836734,0.6938775510204082,0.26830915239310565,,12.205882352941176,0.19591141396933562,15.131578947368421,0.18172323759791123,0.15416666666666667,1.8148148148148149,1.2592592592592593,15.37037037037037,0.037037037037037035,15.333333333333334,2.9444444444444446,0.0,0.0,0.0,348.0,12.88888888888889,0.14080459770114942,1.1925287356321839,0.061224489795918366,0.1111111111111111,0.07407407407407407,0.07407407407407407,0.25925925925925924,0.4444444444444444,0.14285714285714285,0.5,2023-2025,False
00-0037487,Deven Thompkins,WR,ATL,3,2025,2023,3,29,32,24,130,1,162,122,8,-7.897274673855757,11,68,0,47.8,906,7641,943,780,1587,13499,1326,51,28.0,324.0,2009.0,214.0,334.0,169.0,122.0,3346.0,1855.0,1217.0,32.0,24.0,-2.0,132.0,1.0,0.0,8.0,32.0,5.0,2.0,4.0,4.0,6.0,3.0,-7.8972746738557635,0.09982068141063957,-0.2467898335579926,0.15625,,,,,,,,,4.809375,-0.1166666666666667,5.4750000000000005,17.0,0.16201970443349753,0.03532008830022075,0.02120141342756184,0.020163831127914304,0.012000888954737388,0.014102564102564103,0.008295625942684766,0.5686274509803921,0.06782112184962441,0.8024691358024691,5.0625,0.75,-0.24678983355799242,6.181818181818182,5.416666666666667,0.16127426580388252,11.571428571428571,0.09110512129380054,0.10024650780608052,1.103448275862069,0.8275862068965517,4.482758620689655,0.034482758620689655,5.586206896551724,1.6482758620689655,0.3793103448275862,2.3448275862068964,0.0,169.0,5.827586206896552,0.1893491124260355,0.7692307692307693,0.0,0.1724137931034483,0.06896551724137931,0.13793103448275862,0.13793103448275862,0.20689655172413793,0.125,0.5,2023-2025,False
00-0037506,Cole Fotheringham,TE,LV,1,2023,2023,1,1,1,1,6,0,1,5,0,0.212422261014581,0,0,0,1.6,19,157,21,29,531,4281,413,17,2.0,21.0,130.0,11.0,22.0,8.0,9.0,1073.0,606.0,397.0,1.0,1.0,1.0,5.0,0.0,0.0,,1.0,0.0,0.0,0.0,0.0,0.0,0.0,0.21242226101458073,0.02050326188257223,0.21242226101458073,0.0,,,,,,,,,1.0,1.0,5.0,,0.19,0.05263157894736842,0.006369426751592357,0.0018832391713747645,0.000233590282644242,0.0,0.0,0.058823529411764705,0.08340596714716728,6.0,1.0,1.0,0.212422261014581,,6.0,0.16153846153846155,10.5,0.013201320132013201,0.022670025188916875,1.0,1.0,6.0,0.0,1.0,1.6,0.0,0.0,0.0,8.0,8.0,0.125,0.75,0.0,0.0,0.0,0.0,0.0,0.0,0.0,,2023-2025,True
00-0037524,Tay Martin,WR,WAS,2,2025,2024,2,3,4,3,72,1,81,10,2,7.900789918145169,0,0,0,16.2,73,824,79,82,939,8273,934,34,4.0,34.0,243.0,45.0,35.0,17.0,15.0,2214.0,1182.0,842.0,4.0,3.0,62.0,10.0,0.0,0.0,2.0,4.0,0.0,0.0,0.0,1.0,1.0,1.0,7.900789918145165,0.015808491418247517,1.9751974795362912,0.0,,,,,,,,,20.25,20.666666666666668,3.3333333333333335,,0.13333333333333333,0.0547945205479452,0.0983009708737864,0.004259850905218318,0.009790886014746767,0.0,0.0,0.08823529411764706,0.1510024604335683,0.8888888888888888,20.25,0.75,1.9751974795362923,,24.0,0.13991769547325103,8.5,0.014382402707275803,0.017814726840855107,1.3333333333333333,1.0,24.0,0.3333333333333333,27.0,5.3999999999999995,0.0,0.0,0.0,17.0,5.666666666666667,0.23529411764705882,4.235294117647059,0.0,0.0,0.0,0.0,0.3333333333333333,0.3333333333333333,0.25,1.0,2023-2025,True
00-0037539,Lucas Krull,TE,DEN,3,2025,2023,1,19,41,29,262,1,271,121,12,4.067539273825151,0,0,0,61.199999999999996,587,4654,616,521,1610,12372,1368,51,23.0,518.0,1494.0,191.0,533.0,384.0,98.0,3401.0,1924.0,1220.0,41.0,29.0,141.0,121.0,2.0,0.0,12.0,41.0,2.0,2.0,2.0,4.0,14.0,2.0,4.067539273825148,0.15671861217289032,0.09920827497134509,0.04878048780487805,,,,,,,,,6.592682926829268,4.872413793103449,4.1689655172413795,9.5,0.35234817813765185,0.06984667802385008,0.058229480017189514,0.02546583850931677,0.02190430003233107,0.0,0.0,0.37254901960784315,0.14553065304780777,0.966789667896679,6.609756097560975,0.7073170731707317,0.09920827497134514,,9.03448275862069,0.3467202141900937,22.52173913043478,0.1995841995841996,0.08032786885245902,2.1578947368421053,1.5263157894736843,13.789473684210526,0.05263157894736842,14.263157894736842,3.221052631578947,0.0,0.0,0.0,384.0,20.210526315789473,0.10677083333333333,0.6822916666666666,0.0,0.10526315789473684,0.10526315789473684,0.10526315789473684,0.21052631578947367,0.7368421052631579,0.0975609756097561,0.14285714285714285,2023-2025,False
00-0037545,Rashid Shaheed,WR,NO,3,2025,2023,1,39,208,125,1755,10,2868,434,68,1.877292783540164,22,135,0,396.0,1247,10399,1303,1086,1661,14233,1359,51,39.0,1595.0,2579.0,279.0,1626.0,1083.0,450.0,4552.0,2464.0,1764.0,208.0,125.0,1321.0,434.0,5.0,2.0,68.0,208.0,20.0,6.0,13.0,59.0,53.0,15.0,1.8772927835402031,0.3572056239015817,0.009025446074712515,0.09615384615384616,6.475099966733199,2.7885541785599854,12.880119760479062,25.42681622700511,3.339619047619044,3.7244073066624184,-0.38478825904337116,62.87425149700598,13.775961538461539,10.537600000000001,3.4783999999999997,23.27904761904762,0.6205128205128205,0.16680032076984763,0.27579574959130687,0.12522576760987358,0.20150354809246118,0.020257826887661142,0.016188373804267846,0.7647058823529411,0.4432575058686863,0.6119246861924686,13.788461538461538,0.6009615384615384,0.009025446074712328,6.136363636363637,14.04,0.6184567661884451,40.8974358974359,0.4395292207792208,0.25510204081632654,5.333333333333333,3.2051282051282053,45.0,0.2564102564102564,73.53846153846153,10.153846153846153,0.5641025641025641,3.4615384615384617,0.0,1083.0,27.76923076923077,0.19205909510618652,1.6204986149584488,0.009615384615384616,0.5128205128205128,0.15384615384615385,0.3333333333333333,1.5128205128205128,1.358974358974359,0.28365384615384615,0.2830188679245283,2023-2025,False
00-0037569,Peyton Hendershot,TE,KC,2,2024,2023,2,13,12,9,89,0,46,60,3,1.2676872014999392,1,0,0,17.9,432,2800,447,348,1177,8600,918,34,14.0,227.0,1011.0,190.0,232.0,107.0,109.0,2377.0,1364.0,831.0,12.0,9.0,29.0,60.0,0.0,2.0,3.0,12.0,3.0,1.0,0.0,0.0,2.0,0.0,1.267687201499939,0.09760201935212452,0.10564060012499492,0.25,,,,,,,,,3.858333333333333,3.2222222222222223,6.666666666666667,,0.2465934065934066,0.027777777777777776,0.016428571428571428,0.010195412064570943,0.005348837209302326,0.0028735632183908046,0.0010893246187363835,0.38235294117647056,0.05316666666666666,1.934782608695652,3.8333333333333335,0.75,0.10564060012499493,0.0,9.88888888888889,0.22453016815034618,16.214285714285715,0.07844574780058651,0.13116726835138387,0.9230769230769231,0.6923076923076923,6.846153846153846,0.0,3.5384615384615383,1.376923076923077,0.07692307692307693,0.0,0.0,107.0,8.23076923076923,0.11214953271028037,0.8317757009345794,0.16666666666666666,0.23076923076923078,0.07692307692307693,0.0,0.0,0.15384615384615385,0.0,0.0,2023-2025,False
00-0037614,John Metchie III,WR,NYJ,3,2025,2023,2,37,115,73,686,3,867,293,33,-5.307934186861295,4,-1,0,159.5,1134,9756,1183,978,1585,13234,1334,51,45.0,1136.0,2854.0,63.0,1157.0,669.0,427.0,4479.0,2510.0,1644.0,115.0,73.0,393.0,293.0,2.0,6.0,33.0,115.0,18.0,8.0,7.0,7.0,28.0,10.0,-5.307934186861269,0.2583165885242242,-0.04615594945096756,0.1565217391304348,7.00219512195122,3.83360289484987,5.223125,7.67930163105904,4.56575757575758,5.43295408121705,-0.867196505459473,68.75,7.5547826086956515,5.3931506849315065,4.013698630136986,27.448979591836736,0.40244282744282744,0.10141093474426807,0.08886838868388684,0.07255520504731862,0.06551307238930029,0.00408997955010225,0.0029985007496251873,0.7254901960784313,0.21432427419512287,0.7912341407151096,7.539130434782609,0.6347826086956522,-0.04615594945096778,-0.25,9.397260273972602,0.39803784162578837,25.244444444444444,0.26653386454183264,0.2597323600973236,3.108108108108108,1.972972972972973,18.54054054054054,0.08108108108108109,23.43243243243243,4.3108108108108105,0.10810810810810811,-0.02702702702702703,0.0,669.0,18.08108108108108,0.17189835575485798,1.0254110612855007,0.05217391304347826,0.4864864864864865,0.21621621621621623,0.1891891891891892,0.1891891891891892,0.7567567567567568,0.06086956521739131,0.35714285714285715,2023-2025,False
00-0037654,Tucker Fisk,TE,LAC,3,2025,2023,2,13,13,10,67,0,45,48,3,1.0564491776458498,0,0,0,16.700000000000003,419,3802,434,319,1543,13254,1451,51,25.0,511.0,1624.0,179.0,527.0,171.0,316.0,3431.0,1870.0,1306.0,13.0,10.0,19.0,48.0,0.0,1.0,3.0,13.0,1.0,1.0,1.0,1.0,0.0,0.0,1.0564491776458453,0.15359953366365492,0.08126532135737272,0.07692307692307693,,,,,,,,,3.4615384615384617,1.92,4.8,,0.3286495726495726,0.031026252983293555,0.011835875854813256,0.008425145819831496,0.0033952014486192846,0.0,0.0,0.2549019607843137,0.05482449257330961,1.488888888888889,3.4615384615384617,0.7692307692307693,0.08126532135737306,,6.7,0.3146551724137931,20.44,0.09144385026737968,0.24196018376722817,1.0,0.7692307692307693,5.153846153846154,0.0,3.4615384615384617,1.284615384615385,0.0,0.0,0.0,171.0,13.153846153846153,0.07602339181286549,0.391812865497076,0.07692307692307693,0.07692307692307693,0.07692307692307693,0.07692307692307693,0.07692307692307693,0.0,0.07692307692307693,,2023-2025,False
00-0037664,Alec Pierce,WR,IND,3,2025,2023,1,48,218,116,2341,15,4070,389,97,113.27385752350315,0,0,0,440.1,1494,13399,1558,1321,1568,14068,1417,51,48.0,2720.0,3118.0,10.0,2772.0,1536.0,1069.0,3387.0,1822.0,1330.0,218.0,116.0,1952.0,389.0,2.0,7.0,97.0,218.0,21.0,10.0,24.0,78.0,54.0,24.0,113.27385752350307,0.8184233835252436,0.5196048510252435,0.0963302752293578,6.099678899082567,2.2032326831321076,18.607614678899083,30.6173575753386,3.826810344827583,3.0780104503048014,0.7487998945227817,53.21100917431193,18.530275229357798,16.80948275862069,3.347413793103448,40.924050632911396,0.8725,0.1459170013386881,0.30375401149339504,0.13903061224489796,0.28930907023030994,0.0,0.0,0.9411764705882353,0.43150331005340864,0.5751842751842752,18.6697247706422,0.5321100917431193,0.5196048510252438,,20.18103448275862,0.8723540731237973,56.666666666666664,0.8430296377607025,0.8037593984962406,4.541666666666667,2.4166666666666665,48.770833333333336,0.3125,84.79166666666667,9.168750000000001,0.0,0.0,0.0,1536.0,32.0,0.14192708333333334,1.5240885416666667,0.03211009174311927,0.4375,0.20833333333333334,0.5,1.625,1.125,0.3577981651376147,0.4444444444444444,2023-2025,False
00-0037666,Jalen Tolbert,WR,DAL,3,2025,2023,1,43,149,89,1081,10,1788,246,54,33.52514716416021,0,0,0,259.1,1554,11931,1583,1162,1834,14549,1362,51,47.0,1833.0,3257.0,328.0,1874.0,1082.0,657.0,3632.0,2054.0,1270.0,149.0,89.0,835.0,246.0,3.0,5.0,54.0,149.0,21.0,10.0,19.0,30.0,42.0,15.0,32.47214716416021,0.5159691629955947,0.21793387358496788,0.14093959731543623,6.5445945945946,2.72277954815801,11.9151898734177,20.3145266238349,3.47265306122449,3.37713576003856,0.0955173011859261,62.0253164556962,12.024832214765102,9.389887640449437,2.768539325842697,16.15,0.5725686625276228,0.09588159588159588,0.14986170480261504,0.0812431842966194,0.12289504433294385,0.0,0.0,0.8431372549019608,0.24872558718422433,0.604586129753915,12.0,0.5973154362416108,0.22500098767892757,,12.146067415730338,0.5627878415719988,39.0,0.5267770204479065,0.5173228346456693,3.4651162790697674,2.0697674418604652,25.13953488372093,0.23255813953488372,41.58139534883721,6.025581395348838,0.0,0.0,0.0,1082.0,25.162790697674417,0.1377079482439926,0.9990757855822551,0.03355704697986577,0.4883720930232558,0.23255813953488372,0.4418604651162791,0.6976744186046512,0.9767441860465116,0.20134228187919462,0.35714285714285715,2023-2025,False
00-0037740,Garrett Wilson,WR,NYJ,3,2025,2023,1,41,380,232,2541,14,3620,869,125,10.241811411995357,6,5,0,564.6,1327,9266,1389,948,1624,11523,1207,51,41.0,2416.0,2598.0,3.0,2489.0,1554.0,757.0,3322.0,1979.0,1109.0,381.0,232.0,1672.0,869.0,19.0,17.0,125.0,380.0,47.0,23.0,21.0,54.0,98.0,40.0,10.135811411995359,0.7492474413004214,0.026673187926303576,0.12368421052631579,5.578251332934071,2.875344730402512,9.56985919343813,36.5460127778641,4.097543103448272,3.7902188851937653,0.30732421825451306,60.880041011619994,9.586315789473684,7.216810344827586,3.742241379310345,12.471551724137932,0.9270731707317075,0.2863602110022607,0.3906755881718109,0.23399014778325122,0.31415430009546125,0.006329113924050633,0.004971002485501243,0.803921568627451,0.7030132282236587,0.7019337016574586,9.526315789473685,0.6105263157894737,0.026952135294724625,0.8333333333333334,10.952586206896552,0.9299461123941494,58.926829268292686,0.7852450732693279,0.6825969341749324,9.268292682926829,5.658536585365853,61.97560975609756,0.34146341463414637,88.29268292682927,13.770731707317074,0.14634146341463414,0.12195121951219512,0.0,1554.0,37.90243902439025,0.24453024453024452,1.635135135135135,0.04461942257217848,1.146341463414634,0.5609756097560976,0.5121951219512195,1.3170731707317074,2.3902439024390243,0.14210526315789473,0.40816326530612246,2023-2025,False
00-0037741,Jahan Dotson,WR,PHI,3,2025,2023,2,46,152,86,996,5,1650,237,49,-32.18775228593903,1,13,0,216.9,1380,11724,1473,1268,1483,12733,1458,51,51.0,2183.0,3318.0,28.0,2234.0,1449.0,646.0,3418.0,1847.0,1314.0,152.0,86.0,759.0,237.0,1.0,5.0,49.0,152.0,18.0,7.0,14.0,27.0,42.0,13.0,-32.18775228593901,0.6535985956699825,-0.2117615281969672,0.11842105263157894,7.12653846153846,2.58619407662561,9.83939759036145,18.3363943760637,2.33,2.86870772731185,-0.538707727311854,59.0361445783133,10.946052631578947,8.820930232558139,2.7360465116279067,18.0,0.6679411764705883,0.11014492753623188,0.14073694984646878,0.10249494268374916,0.12958454409801304,0.0007886435331230284,0.0006858710562414266,0.9019607843137255,0.26373325619687593,0.6036363636363636,10.855263157894736,0.5657894736842105,-0.21176152819696728,13.0,11.581395348837209,0.6579264617239301,42.80392156862745,0.7845154304277207,0.4916286149162861,3.3043478260869565,1.8695652173913044,21.652173913043477,0.10869565217391304,35.869565217391305,4.715217391304348,0.021739130434782608,0.2826086956521739,0.0,1449.0,31.5,0.1048999309868875,0.6873706004140787,0.03289473684210526,0.391304347826087,0.15217391304347827,0.30434782608695654,0.5869565217391305,0.9130434782608695,0.17763157894736842,0.30952380952380953,2023-2025,False
00-0037742,Treylon Burks,WR,WAS,3,2025,2023,2,22,60,30,385,1,978,110,18,-9.394610184748716,7,19,0,76.4,573,5487,615,615,1417,12842,1378,51,24.0,882.0,1509.0,25.0,919.0,500.0,343.0,3303.0,1758.0,1253.0,60.0,30.0,275.0,110.0,3.0,5.0,18.0,60.0,5.0,4.0,5.0,20.0,17.0,3.0,-9.394610184748718,0.27823191038449896,-0.15657683641247863,0.08333333333333333,,,,,,,,,16.303333333333335,9.186666666666667,3.6533333333333338,12.4,0.5900413223140496,0.10471204188481675,0.17823947512301805,0.04234297812279464,0.07615636193739293,0.011382113821138212,0.0050798258345428155,0.43137254901960786,0.28183569541333775,0.3936605316973415,16.3,0.5,-0.1565768364124786,2.7142857142857144,12.833333333333334,0.584493041749503,36.75,0.2844141069397042,0.2737430167597765,2.727272727272727,1.3636363636363635,17.5,0.045454545454545456,44.45454545454545,3.472727272727273,0.3181818181818182,0.8636363636363636,0.0,500.0,22.727272727272727,0.12,0.77,0.08333333333333333,0.22727272727272727,0.18181818181818182,0.22727272727272727,0.9090909090909091,0.7727272727272727,0.3333333333333333,0.17647058823529413,2023-2025,False
00-0037744,Trey McBride,TE,ARI,3,2025,2023,1,50,422,318,3210,16,2680,1516,168,131.59058073497113,1,2,1,741.2,1658,12404,1725,1268,1680,12543,1300,51,50.0,2753.0,3305.0,97.0,2811.0,1670.0,943.0,3444.0,1996.0,1208.0,422.0,318.0,1675.0,1535.0,24.0,8.0,168.0,422.0,66.0,31.0,33.0,22.0,79.0,43.0,132.53758073497113,0.8162020905923345,0.3140700965283676,0.15639810426540285,5.177122728852587,3.3190607658540108,6.464312796208532,23.197201092108948,4.962044025157232,4.214021048860652,0.7480229762965792,75.35545023696685,6.355213270142181,5.272641509433963,4.80377358490566,15.359433962264148,0.8323999999999999,0.2545235223160434,0.21605933569816188,0.2511904761904762,0.21366499242605438,0.0007886435331230284,0.0007692307692307692,0.9803921568627451,0.5330268184627784,1.1977611940298507,6.350710900473934,0.7535545023696683,0.3118260206989837,2.0,10.09433962264151,0.8329803328290469,55.06,0.8366733466933868,0.7806291390728477,8.44,6.36,64.2,0.32,53.6,14.824000000000002,0.02,0.04,0.02,1670.0,33.4,0.25269461077844313,1.9221556886227544,0.018957345971563982,1.32,0.62,0.66,0.44,1.58,0.052132701421800945,0.5443037974683544,2023-2025,False
00-0037745,Velus Jones Jr.,WR,CAR,2,2024,2023,2,15,8,5,28,0,82,28,1,-0.963419275125486,11,62,0,14.0,413,3509,448,425,995,8239,944,34,15.0,107.0,1075.0,201.0,108.0,58.0,44.0,3421.0,1939.0,1212.0,8.0,5.0,0.0,28.0,0.0,1.0,1.0,8.0,0.0,0.0,1.0,2.0,0.0,0.0,-0.9634192751254886,0.03156971645717627,-0.12042740939068608,0.0,,,,,,,,,10.225,0.040000000000000036,5.64,,0.1004920634920635,0.01937046004842615,0.02336848104873183,0.008040201005025126,0.009952664158271635,0.02588235294117647,0.011652542372881356,0.4411764705882353,0.04541362680675151,0.34146341463414637,10.25,0.625,-0.12042740939068575,5.636363636363637,5.6,0.09953488372093024,7.133333333333334,0.029912325941206807,0.036303630363036306,0.5333333333333333,0.3333333333333333,1.8666666666666667,0.0,5.466666666666667,0.9333333333333333,0.7333333333333333,4.133333333333334,0.0,58.0,3.8666666666666667,0.13793103448275862,0.4827586206896552,0.125,0.0,0.0,0.06666666666666667,0.13333333333333333,0.0,0.25,,2023-2025,False
00-0037755,Jelani Woods,TE,NYJ,1,2025,2025,1,2,3,1,4,0,6,1,0,-2.545827368332536,0,0,0,1.4,66,313,69,48,472,3404,456,17,4.0,60.0,268.0,12.0,59.0,23.0,34.0,1081.0,613.0,399.0,3.0,1.0,3.0,1.0,0.0,0.0,0.0,3.0,1.0,0.0,0.0,0.0,1.0,0.0,-2.5458273683325388,0.0545790934320074,-0.8486091227775129,0.3333333333333333,,,,,,,,,2.0,3.0,1.0,,0.22749999999999998,0.045454545454545456,0.019169329073482427,0.006355932203389831,0.0017626321974148062,0.0,0.0,0.11764705882352941,0.08160034853325587,0.6666666666666666,2.0,0.3333333333333333,-0.848609122777512,,4.0,0.22388059701492538,15.0,0.037520391517128875,0.08521303258145363,1.5,0.5,2.0,0.0,3.0,0.7,0.0,0.0,0.0,23.0,11.5,0.13043478260869565,0.17391304347826086,0.0,0.5,0.0,0.0,0.0,0.5,0.0,0.0,2023-2025,True
00-0037801,KaVontae Turpin,WR,DAL,3,2025,2023,1,48,108,69,943,7,941,513,43,38.13692161091741,44,291,1,248.4,1728,13669,1768,1281,1834,14549,1362,51,48.0,835.0,3348.0,426.0,856.0,531.0,250.0,3632.0,2054.0,1270.0,108.0,69.0,430.0,513.0,4.0,9.0,43.0,108.0,18.0,7.0,10.0,15.0,43.0,25.0,38.13692161091739,0.2356828193832599,0.3531196445455314,0.16666666666666666,6.316363636363639,3.37286105554092,8.84615384615385,9.92742191327318,8.72161290322581,7.41994816294951,1.3016647402763,59.6153846153846,8.705555555555556,6.243478260869566,7.437681159420291,18.847826086956523,0.24625,0.0625,0.06884190504060282,0.05888767720828789,0.06467798474121933,0.03434816549570648,0.032305433186490456,0.9411764705882353,0.14193933352842197,1.002125398512221,8.712962962962964,0.6388888888888888,0.3531196445455316,6.613636363636363,13.666666666666666,0.2494026284348865,17.395833333333332,0.25851996105160663,0.1968503937007874,2.25,1.4375,19.645833333333332,0.14583333333333334,19.604166666666668,5.175,0.9166666666666666,6.0625,0.020833333333333332,531.0,11.0625,0.2033898305084746,1.7758945386064031,0.08333333333333333,0.375,0.14583333333333334,0.20833333333333334,0.3125,0.8958333333333334,0.1388888888888889,0.5813953488372093,2023-2025,False
00-0037805,Jeremy Ruckert,TE,NYJ,3,2025,2023,1,38,79,57,435,1,337,234,20,7.4481701225500885,0,0,0,106.5,1206,8739,1255,901,1624,11523,1207,51,49.0,1197.0,3077.0,525.0,1231.0,592.0,565.0,3322.0,1979.0,1109.0,79.0,57.0,201.0,234.0,0.0,4.0,20.0,79.0,7.0,2.0,3.0,1.0,11.0,5.0,7.448170122550096,0.3705599036724865,0.09428063446265944,0.08860759493670886,,,,,,,,,4.281012658227848,3.5596491228070173,4.117543859649123,,0.3939938080495356,0.06550580431177445,0.03856276461837739,0.04864532019704434,0.02924585611385924,0.0,0.0,0.7450980392156863,0.12525264170052586,1.2908011869436202,4.265822784810126,0.7215189873417721,0.09428063446265934,,7.631578947368421,0.38901527461813457,24.428571428571427,0.2991409802930773,0.5094679891794409,2.0789473684210527,1.5,11.447368421052632,0.02631578947368421,8.868421052631579,2.8026315789473686,0.0,0.0,0.0,592.0,15.578947368421053,0.13344594594594594,0.7347972972972973,0.05063291139240506,0.18421052631578946,0.05263157894736842,0.07894736842105263,0.02631578947368421,0.2894736842105263,0.012658227848101266,0.45454545454545453,2023-2025,False
00-0037809,Chig Okonkwo,TE,TEN,3,2025,2023,1,50,226,162,1567,5,1306,851,68,13.090836972923817,3,23,0,351.0,1489,12559,1568,1240,1515,12858,1272,51,51.0,2023.0,3200.0,254.0,2087.0,1288.0,604.0,3296.0,1837.0,1196.0,226.0,162.0,716.0,851.0,16.0,14.0,68.0,226.0,16.0,7.0,9.0,17.0,61.0,18.0,12.037836972923765,0.6331917475728155,0.05326476536691931,0.07079646017699115,6.006187063344201,3.8939615496947884,5.688805309734514,10.276315301358942,5.633518518518521,4.851288189590231,0.7822303289282907,71.68141592920354,5.787168141592921,4.427160493827161,5.249382716049382,10.153086419753087,0.6328941176470588,0.15177971793149764,0.1039891711123497,0.1491749174917492,0.10157100637735263,0.0024193548387096775,0.0023584905660377358,0.9803921568627451,0.30046199667589124,1.1998468606431854,5.778761061946903,0.7168141592920354,0.05792405740231778,7.666666666666667,9.67283950617284,0.6321875,39.666666666666664,0.7011431682090364,0.5050167224080268,4.52,3.24,31.34,0.1,26.12,7.02,0.06,0.46,0.0,1288.0,25.76,0.17546583850931677,1.2166149068322982,0.061946902654867256,0.32,0.14,0.18,0.34,1.22,0.0752212389380531,0.29508196721311475,2023-2025,False
00-0037816,Romeo Doubs,WR,GB,3,2025,2023,1,46,253,160,1999,18,3097,432,115,89.43662041830699,0,0,0,471.9,1378,12570,1439,1312,1485,13410,1459,51,46.0,2285.0,2952.0,40.0,2340.0,1281.0,900.0,3327.0,1713.0,1365.0,253.0,160.0,1567.0,432.0,7.0,16.0,115.0,253.0,46.0,20.0,30.0,44.0,71.0,38.0,87.33062041830699,0.7033363390441839,0.3451803178589209,0.18181818181818182,5.986102766798418,2.521933675309585,12.459525691699605,24.629778638733317,2.879749999999999,2.7746026347246633,0.10514736527533901,63.241106719367586,12.038735177865611,9.802499999999998,2.7131250000000002,34.515625,0.7719565217391304,0.18359941944847605,0.2463802704852824,0.17037037037037037,0.23094705443698732,0.0,0.0,0.9019607843137255,0.44786531851241174,0.6454633516306103,12.24110671936759,0.6324110671936759,0.3535044285308577,,12.49375,0.7740514905149052,49.67391304347826,0.7478108581436077,0.6593406593406593,5.5,3.4782608695652173,43.45652173913044,0.391304347826087,67.32608695652173,10.258695652173913,0.0,0.0,0.0,1281.0,27.847826086956523,0.19750195160031225,1.5604996096799375,0.06324110671936758,1.0,0.43478260869565216,0.6521739130434783,0.9565217391304348,1.5434782608695652,0.17391304347826086,0.5352112676056338,2023-2025,False
00-0037837,Calvin Austin III,WR,PIT,3,2025,2023,1,47,143,84,1100,8,1701,353,40,16.741266893389863,11,57,1,259.7,1341,9990,1426,1331,1466,11011,1427,51,48.0,1413.0,3049.0,179.0,1433.0,906.0,450.0,3295.0,1746.0,1316.0,143.0,84.0,747.0,353.0,3.0,6.0,40.0,143.0,9.0,3.0,9.0,31.0,58.0,21.0,16.74126689338989,0.43490136570561455,0.11707179645727196,0.06293706293706294,5.9760633228567706,2.8917125511010386,11.457610619469003,19.520232166029043,4.682835820895524,3.813551777712449,0.8692840431830722,59.29203539823012,11.903496503496504,8.904761904761905,4.183333333333333,26.51492537313433,0.4741551939924907,0.10663683818046234,0.17027027027027028,0.09754433833560709,0.15448188175460903,0.008264462809917356,0.007708479327259986,0.9215686274509803,0.2791444464598827,0.6466784244562023,11.895104895104895,0.5874125874125874,0.11707179645727177,5.181818181818182,13.095238095238095,0.4634306329944244,29.4375,0.5189003436426117,0.34194528875379937,3.0425531914893615,1.7872340425531914,23.404255319148938,0.1702127659574468,36.191489361702125,5.525531914893617,0.23404255319148937,1.2127659574468086,0.02127659574468085,906.0,19.27659574468085,0.15783664459161148,1.2141280353200883,0.04195804195804196,0.19148936170212766,0.06382978723404255,0.19148936170212766,0.6595744680851063,1.2340425531914894,0.21678321678321677,0.3620689655172414,2023-2025,False
00-0037838,Isaiah Likely,TE,BAL,3,2025,2023,1,41,134,99,1195,12,1003,589,52,65.2961193954538,0,0,0,286.5,1075,9289,1121,1339,1340,11673,1602,51,47.0,1611.0,3023.0,135.0,1651.0,867.0,664.0,3341.0,1654.0,1427.0,134.0,99.0,606.0,589.0,10.0,6.0,52.0,134.0,26.0,13.0,13.0,10.0,29.0,9.0,65.29611939545379,0.49416342412451364,0.4872844731004014,0.19402985074626866,6.71489795918367,4.31795491910589,8.48258620689655,11.8749818975255,6.401904761904759,5.08191985615487,1.3199849057499,72.41379310344828,7.462686567164179,6.127272727272728,5.942424242424242,14.818181818181818,0.5299577269932363,0.12465116279069767,0.10797717730649155,0.1,0.08592478368885462,0.0,0.0,0.803921568627451,0.2625607683005906,1.1914257228315055,7.485074626865671,0.7388059701492538,0.4872844731004015,,12.070707070707071,0.5329143235196825,34.276595744680854,0.5241837968561064,0.4653118430273301,3.268292682926829,2.4146341463414633,29.146341463414632,0.2926829268292683,24.463414634146343,6.987804878048781,0.0,0.0,0.0,867.0,21.146341463414632,0.15455594002306805,1.378316032295271,0.04477611940298507,0.6341463414634146,0.3170731707317073,0.3170731707317073,0.24390243902439024,0.7073170731707317,0.07462686567164178,0.3103448275862069,2023-2025,False
00-0038041,Jake Ferguson,TE,DAL,3,2025,2023,1,48,290,212,1855,13,1349,1041,88,39.10154901707811,1,1,0,469.6,1725,13739,1765,1281,1834,14549,1362,51,48.0,2282.0,3329.0,4.0,2337.0,1482.0,674.0,3632.0,2054.0,1270.0,290.0,212.0,814.0,1041.0,18.0,10.0,88.0,290.0,55.0,28.0,22.0,14.0,67.0,22.0,38.04854901707813,0.6434471365638766,0.13120189316233838,0.1896551724137931,5.745328327719759,3.3250762042546236,4.871206896551727,9.849294627771046,5.059622641509436,4.417199368735453,0.64242327277398,73.10344827586206,4.6627586206896545,3.8292452830188677,4.887735849056604,11.978301886792453,0.6910416666666667,0.1681159420289855,0.09818764102190844,0.15812431842966193,0.09272114921987766,0.00078064012490242,0.0007342143906020558,0.9411764705882353,0.3209052617588142,1.3750926612305412,4.651724137931034,0.7310344827586207,0.13483292764509694,1.0,8.75,0.6854911384800241,47.541666666666664,0.7215189873417721,0.5307086614173229,6.041666666666667,4.416666666666667,38.645833333333336,0.2708333333333333,28.104166666666668,9.783333333333333,0.020833333333333332,0.020833333333333332,0.0,1482.0,30.875,0.19568151147098514,1.2516869095816465,0.034482758620689655,1.1458333333333333,0.5833333333333334,0.4583333333333333,0.2916666666666667,1.3958333333333333,0.04827586206896552,0.3283582089552239,2023-2025,False
00-0038046,Charlie Kolar,TE,BAL,3,2025,2023,1,32,35,26,360,4,260,145,18,21.026675621018526,1,2,0,86.2,832,7316,868,1004,1340,11673,1602,51,44.0,883.0,2849.0,833.0,922.0,250.0,580.0,3341.0,1654.0,1427.0,35.0,26.0,215.0,145.0,1.0,3.0,18.0,35.0,6.0,3.0,3.0,1.0,3.0,2.0,21.026675621018512,0.27596527985633046,0.6007621606005289,0.17142857142857143,,,,,,,,,7.448571428571428,8.265384615384615,5.553846153846154,10.0,0.32486170814479637,0.042067307692307696,0.035538545653362494,0.026119402985074626,0.02227362289043091,0.00099601593625498,0.0006242197253433209,0.6274509803921569,0.08797794349581528,1.3846153846153846,7.428571428571429,0.7428571428571429,0.6007621606005293,2.0,13.846153846153847,0.3099333099333099,20.068181818181817,0.15114873035066506,0.4064470918009811,1.09375,0.8125,11.25,0.125,8.125,2.69375,0.03125,0.0625,0.0,250.0,7.8125,0.14,1.44,0.08571428571428572,0.1875,0.09375,0.09375,0.03125,0.09375,0.02857142857142857,0.6666666666666666,2023-2025,False
00-0038090,Skyy Moore,WR,SF,3,2025,2023,2,33,48,26,331,1,467,138,18,-7.821498943254559,5,34,0,68.5,1103,8272,1162,907,1721,12197,1348,51,34.0,687.0,2472.0,163.0,696.0,384.0,253.0,3467.0,2024.0,1190.0,48.0,26.0,193.0,138.0,2.0,3.0,18.0,48.0,7.0,2.0,2.0,6.0,14.0,5.0,-7.821498943254555,0.20074992789154888,-0.16294789465113657,0.14583333333333334,,,,,,,,,9.710416666666665,7.4,5.315384615384615,2.5,0.2765800865800866,0.043517679057116954,0.056455512572533846,0.02789076118535735,0.03828810363204067,0.005512679162072767,0.00370919881305638,0.6470588235294118,0.10479537738644912,0.708779443254818,9.729166666666666,0.5416666666666666,-0.16294789465113665,6.8,12.73076923076923,0.2779126213592233,20.205882352941178,0.18972332015810275,0.21260504201680672,1.4545454545454546,0.7878787878787878,10.030303030303031,0.030303030303030304,14.151515151515152,2.0757575757575757,0.15151515151515152,1.0303030303030303,0.0,384.0,11.636363636363637,0.125,0.8619791666666666,0.0625,0.21212121212121213,0.06060606060606061,0.06060606060606061,0.18181818181818182,0.42424242424242425,0.125,0.35714285714285715,2023-2025,False
00-0038092,Erik Ezukanma,WR,MIA,2,2024,2023,1,3,3,0,0,0,67,0,0,-3.331798699227371,5,22,0,2.2,104,970,107,68,1117,8017,904,34,4.0,47.0,258.0,2.0,48.0,24.0,21.0,2281.0,1273.0,855.0,3.0,0.0,0.0,0.0,0.0,0.0,0.0,3.0,0.0,0.0,1.0,2.0,2.0,0.0,-3.3317986992273743,0.02104340201665936,-1.1105995664091248,0.0,,,,,,,,,22.333333333333332,,,,0.19333333333333336,0.028846153846153848,0.06907216494845361,0.0026857654431512983,0.008357240863165773,0.07352941176470588,0.0055309734513274336,0.08823529411764706,0.0916197462331483,0.0,22.333333333333332,0.0,-1.1105995664091237,4.4,,0.1821705426356589,11.75,0.018853102906520033,0.02456140350877193,1.0,0.0,0.0,0.0,22.333333333333332,0.7333333333333334,1.6666666666666667,7.333333333333333,0.0,24.0,8.0,0.125,0.0,0.0,0.0,0.0,0.3333333333333333,0.6666666666666666,0.6666666666666666,0.6666666666666666,0.0,2023-2025,True
00-0038104,Tyquan Thornton,WR,KC,3,2025,2023,2,25,68,36,576,3,1351,133,20,8.160232298621533,3,51,0,116.7,800,6312,840,634,1590,12475,1291,51,29.0,704.0,1874.0,38.0,723.0,457.0,220.0,3344.0,1955.0,1149.0,68.0,36.0,443.0,133.0,1.0,4.0,20.0,68.0,5.0,2.0,9.0,30.0,23.0,7.0,8.16023229862153,0.21620813397129188,0.12000341615619897,0.07352941176470588,,,,,,,,,19.877941176470586,12.302777777777777,3.6750000000000003,4.0,0.3852,0.085,0.21403675538656527,0.042767295597484274,0.10829659318637275,0.00473186119873817,0.0023237800154918666,0.49019607843137253,0.2773257287705957,0.42635085122131755,19.86764705882353,0.5294117647058824,0.12000341615619903,17.0,16.0,0.37566702241195304,24.275862068965516,0.23375959079283887,0.19147084421235858,2.72,1.44,23.04,0.12,54.04,4.668,0.12,2.04,0.0,457.0,18.28,0.1487964989059081,1.2603938730853392,0.058823529411764705,0.2,0.08,0.36,1.2,0.92,0.4411764705882353,0.30434782608695654,2023-2025,False
00-0038115,Daniel Bellinger,TE,NYG,3,2025,2023,1,39,71,58,666,2,443,319,28,36.42616144553178,0,0,0,136.6,1204,9404,1277,1030,1542,12278,1389,51,50.0,1608.0,3322.0,560.0,1669.0,811.0,710.0,3492.0,1964.0,1237.0,71.0,58.0,347.0,319.0,2.0,2.0,28.0,71.0,8.0,1.0,2.0,2.0,20.0,8.0,36.42616144553176,0.4779495990836197,0.5130445274018558,0.11267605633802817,,,,,,,,,6.477464788732394,5.953448275862069,5.505172413793103,12.5,0.49771021870286586,0.058970099667774084,0.04710761378136963,0.046044098573281456,0.036080794917739044,0.0,0.0,0.7647058823529411,0.12143047914861986,1.5033860045146727,6.23943661971831,0.8169014084507042,0.5130445274018561,,11.482758620689655,0.48404575556893437,32.16,0.41293279022403256,0.5739692805173807,1.8205128205128205,1.4871794871794872,17.076923076923077,0.05128205128205128,11.35897435897436,3.5025641025641026,0.0,0.0,0.0,811.0,20.794871794871796,0.08754623921085081,0.8212083847102343,0.028169014084507043,0.20512820512820512,0.02564102564102564,0.05128205128205128,0.05128205128205128,0.5128205128205128,0.028169014084507043,0.4,2023-2025,False
00-0038117,Wan'Dale Robinson,WR,NYG,3,2025,2023,1,48,358,245,2238,8,2253,1034,104,17.133647638698417,15,110,1,533.8,1446,11577,1535,1302,1542,12278,1389,51,48.0,2471.0,3166.0,4.0,2544.0,1515.0,830.0,3492.0,1964.0,1237.0,358.0,245.0,1204.0,1034.0,20.0,13.0,104.0,358.0,34.0,15.0,16.0,31.0,125.0,40.0,18.080647638698448,0.7285223367697594,0.050504602342733095,0.09497206703910614,6.742059362813987,3.451829837449318,6.458016759776537,20.18958277956778,4.493265306122449,4.071427365100651,0.4218379410218005,68.43575418994412,6.35586592178771,4.899591836734694,4.233061224489796,12.593877551020409,0.7764583333333333,0.2475795297372061,0.19461000259134492,0.23216601815823606,0.18349894119563448,0.01152073732718894,0.01079913606911447,0.9411764705882353,0.5075962964197506,0.9933422103861518,6.293296089385475,0.6843575418994413,0.04785935094608496,7.333333333333333,9.13469387755102,0.7804801010739103,51.479166666666664,0.7713849287169042,0.6709781729991916,7.458333333333333,5.104166666666667,46.625,0.16666666666666666,46.9375,11.120833333333332,0.3125,2.2916666666666665,0.020833333333333332,1515.0,31.5625,0.2363036303630363,1.4772277227722772,0.036312849162011177,0.7083333333333334,0.3125,0.3333333333333333,0.6458333333333334,2.6041666666666665,0.08659217877094973,0.32,2023-2025,False
00-0038124,Christian Watson,WR,GB,3,2025,2023,1,33,161,92,1653,13,2738,372,69,53.96933592470455,9,37,0,339.0,983,9015,1024,919,1485,13410,1459,51,34.0,1419.0,2160.0,1.0,1457.0,785.0,574.0,3327.0,1713.0,1365.0,161.0,92.0,1281.0,372.0,0.0,6.0,69.0,161.0,27.0,13.0,25.0,49.0,60.0,26.0,52.91633592470453,0.4379320709347761,0.3286728939422642,0.16770186335403728,6.017842331581465,2.428379804656576,17.154409937888225,21.737264856965705,4.422608695652176,3.562215888277703,0.8603928073744724,57.142857142857146,17.075776397515526,13.909782608695652,4.057608695652173,,0.6654343434343435,0.16378433367243134,0.30371602884082083,0.10841750841750841,0.2041759880686055,0.009793253536452665,0.00616860863605209,0.6470588235294118,0.4582777206972216,0.6037253469685903,17.006211180124225,0.5714285714285714,0.33521326661307177,4.111111111111111,17.967391304347824,0.6569444444444444,41.73529411764706,0.45826036193812025,0.4205128205128205,4.878787878787879,2.787878787878788,50.09090909090909,0.3939393939393939,82.96969696969697,10.272727272727273,0.2727272727272727,1.121212121212121,0.0,785.0,23.78787878787879,0.2050955414012739,2.1057324840764333,0.037267080745341616,0.8181818181818182,0.3939393939393939,0.7575757575757576,1.4848484848484849,1.8181818181818181,0.30434782608695654,0.43333333333333335,2023-2025,False
00-0038129,Cade Otton,TE,TB,3,2025,2023,1,46,235,165,1627,9,1342,843,78,28.204000098703673,1,-4,0,381.29999999999995,1487,11814,1527,1244,1654,13337,1394,51,47.0,2913.0,3094.0,7.0,2978.0,1710.0,1046.0,3464.0,1940.0,1260.0,235.0,165.0,787.0,840.0,16.0,12.0,78.0,235.0,33.0,13.0,17.0,10.0,55.0,21.0,28.098000098703686,0.8596997690531177,0.1195659578668242,0.14042553191489363,5.924856253650396,3.2703246775741177,5.399787234042552,9.97593960104062,5.399636363636366,4.479906605720377,0.9197297579159855,70.2127659574468,5.7042553191489365,4.785454545454545,5.093333333333333,10.36969696969697,0.9431521739130434,0.15803631472763954,0.11359404096834265,0.14207980652962515,0.10062232885956363,0.0008038585209003215,0.0007173601147776184,0.9019607843137255,0.31657030076929915,1.2123695976154993,5.7106382978723405,0.7021276595744681,0.12001702169661138,-4.0,9.860606060606061,0.9414996767937944,61.97872340425532,0.8814432989690721,0.8301587301587302,5.108695652173913,3.5869565217391304,35.369565217391305,0.1956521739130435,29.17391304347826,8.289130434782608,0.021739130434782608,-0.08695652173913043,0.0,1710.0,37.17391304347826,0.13742690058479531,0.9514619883040936,0.05106382978723404,0.717391304347826,0.2826086956521739,0.3695652173913043,0.21739130434782608,1.1956521739130435,0.0425531914893617,0.38181818181818183,2023-2025,False
00-0038359,Xavier Smith,WR,LA,2,2025,2024,1,30,26,20,309,0,406,112,12,21.83549358067102,4,36,0,54.5,994,8785,1027,822,1122,9552,915,34,23.0,266.0,2039.0,312.0,270.0,158.0,63.0,2266.0,1220.0,882.0,26.0,20.0,197.0,112.0,1.0,1.0,12.0,26.0,3.0,0.0,0.0,8.0,5.0,4.0,21.835493580671027,0.11915269196822595,0.8398266761796549,0.11538461538461539,,,,,,,,,15.546153846153848,9.860000000000001,5.5600000000000005,18.0,0.13082222222222223,0.026156941649899398,0.046215139442231074,0.023172905525846704,0.042504187604690116,0.004866180048661801,0.004371584699453552,0.8823529411764706,0.07158601008441084,0.7610837438423645,15.615384615384615,0.7692307692307693,0.8398266761796547,9.0,15.45,0.1304561059342815,11.565217391304348,0.12950819672131147,0.07142857142857142,0.8666666666666667,0.6666666666666666,10.3,0.0,13.533333333333333,1.8166666666666667,0.13333333333333333,1.2,0.0,158.0,5.266666666666667,0.16455696202531644,1.9556962025316456,0.038461538461538464,0.1,0.0,0.0,0.26666666666666666,0.16666666666666666,0.3076923076923077,0.8,2023-2025,False
00-0038393,Dontayvion Wicks,WR,GB,3,2025,2023,1,45,180,108,1328,11,1988,417,75,35.55630905134639,2,7,0,306.06,1318,11894,1373,1286,1485,13410,1459,51,46.0,1452.0,2921.0,3.0,1495.0,815.0,580.0,3327.0,1713.0,1365.0,180.0,108.0,912.0,416.0,10.0,14.0,75.0,179.0,26.0,9.0,12.0,27.0,63.0,32.0,38.532571567455626,0.4493537721671175,0.21526576294667948,0.1452513966480447,6.507287590325499,2.831139728129777,11.129944444444439,16.59887876188867,4.089537037037037,2.798467523674805,1.2910695133622314,59.99999999999998,10.634444444444444,8.438888888888888,3.861111111111111,11.677777777777779,0.4943015873015873,0.13657056145675264,0.16714309736001345,0.12121212121212122,0.1482475764354959,0.0015552099533437014,0.0013708019191226869,0.8823529411764706,0.3218560103371384,0.6680080482897385,11.044444444444444,0.6,0.19753505028525772,3.5,12.296296296296296,0.4970900376583362,31.565217391304348,0.4757734967892586,0.4249084249084249,4.0,2.4,29.511111111111113,0.24444444444444444,44.17777777777778,6.801333333333333,0.044444444444444446,0.15555555555555556,0.0,815.0,18.11111111111111,0.22085889570552147,1.6294478527607361,0.07777777777777778,0.5777777777777777,0.2,0.26666666666666666,0.6,1.4,0.15083798882681565,0.5079365079365079,2023-2025,False
00-0038394,Will Mallory,TE,IND,3,2025,2023,1,19,35,23,252,0,302,93,13,7.280955599941076,0,0,0,48.199999999999996,624,5589,653,510,1568,14068,1417,51,24.0,268.0,1574.0,16.0,273.0,212.0,40.0,3387.0,1822.0,1330.0,35.0,23.0,159.0,93.0,1.0,0.0,13.0,35.0,1.0,0.0,0.0,2.0,11.0,6.0,7.28095559994108,0.08060230292294066,0.20802730285545945,0.02857142857142857,,,,,,,,,8.217142857142855,6.956521739130435,4.008695652173913,4.0,0.1725438596491228,0.05608974358974359,0.05403471103954196,0.022321428571428572,0.02146715951094683,0.0,0.0,0.37254901960784315,0.12195891311229476,0.8344370860927153,8.628571428571428,0.6571428571428571,0.2080273028554593,,10.956521739130435,0.17026683608640406,11.166666666666666,0.1163556531284303,0.03007518796992481,1.8421052631578947,1.2105263157894737,13.263157894736842,0.0,15.894736842105264,2.536842105263158,0.0,0.0,0.0,212.0,11.157894736842104,0.1650943396226415,1.1886792452830188,0.0,0.05263157894736842,0.0,0.0,0.10526315789473684,0.5789473684210527,0.05714285714285714,0.5454545454545454,2023-2025,False
00-0038465,Malik Heath,WR,GB,3,2025,2023,1,24,44,31,308,3,359,87,15,20.013216352353286,0,0,0,79.8,759,6705,792,682,1485,13410,1459,51,36.0,636.0,2375.0,156.0,651.0,284.0,318.0,3327.0,1713.0,1365.0,44.0,31.0,221.0,87.0,2.0,3.0,15.0,44.0,7.0,4.0,7.0,4.0,6.0,3.0,20.013216352353286,0.1956717763751127,0.4548458261898474,0.1590909090909091,,,,,,,,,8.200000000000001,7.129032258064516,2.7838709677419353,12.428571428571429,0.28245337995337993,0.057971014492753624,0.05354213273676361,0.02962962962962963,0.026771066368381804,0.0,0.0,0.47058823529411764,0.12443601465486495,0.8579387186629527,8.159090909090908,0.7045454545454546,0.4548458261898474,,9.935483870967742,0.2677894736842105,17.666666666666668,0.16579100992410975,0.23296703296703297,1.8333333333333333,1.2916666666666667,12.833333333333334,0.125,14.958333333333334,3.3249999999999997,0.0,0.0,0.0,284.0,11.833333333333334,0.15492957746478872,1.0845070422535212,0.06818181818181818,0.2916666666666667,0.16666666666666666,0.2916666666666667,0.16666666666666666,0.25,0.09090909090909091,0.5,2023-2025,False
00-0038492,Jason Brownlee,WR,KC,2,2025,2023,2,7,9,5,56,1,71,20,2,-4.923493536343442,0,0,0,16.6,249,1451,262,177,1112,8533,818,34,11.0,337.0,860.0,34.0,354.0,207.0,110.0,2282.0,1384.0,720.0,9.0,5.0,36.0,20.0,1.0,0.0,2.0,9.0,3.0,3.0,1.0,0.0,2.0,1.0,-4.923493536343446,0.1551270815074496,-0.547054837371494,0.3333333333333333,,,,,,,,,7.933333333333334,7.2,4.0,5.0,0.3933673469387755,0.03614457831325301,0.04893177119228118,0.008093525179856115,0.008320637524903316,0.0,0.0,0.20588235294117646,0.08846910730447634,0.7887323943661971,7.888888888888889,0.5555555555555556,-0.5470548373714936,,11.2,0.3918604651162791,30.636363636363637,0.1495664739884393,0.1527777777777778,1.2857142857142858,0.7142857142857143,8.0,0.14285714285714285,10.142857142857142,2.3714285714285714,0.0,0.0,0.0,207.0,29.571428571428573,0.043478260869565216,0.27053140096618356,0.0,0.42857142857142855,0.42857142857142855,0.14285714285714285,0.0,0.2857142857142857,0.0,0.5,2023-2025,True
00-0038496,Xavier Gipson,WR,PHI,3,2025,2023,2,40,50,29,274,1,461,146,12,-3.9081272332089085,9,73,1,81.7,1302,9603,1366,938,1616,12602,1229,51,34.0,687.0,2613.0,389.0,772.0,524.0,188.0,4532.0,2568.0,1602.0,50.0,29.0,128.0,146.0,3.0,2.0,12.0,50.0,8.0,4.0,2.0,10.0,19.0,5.0,-2.961127233208893,0.1703442188879082,-0.05922254466417786,0.16,,,,,,,,,9.204,4.396551724137931,5.048275862068966,7.0,0.2647142857142857,0.03840245775729647,0.04800583151098615,0.03094059405940594,0.036581495000793524,0.009594882729211088,0.007323026851098454,0.7843137254901961,0.091207768693635,0.5943600867678959,9.22,0.58,-0.07816254466417817,8.11111111111111,9.448275862068966,0.2629161882893226,20.205882352941178,0.20404984423676012,0.11735330836454431,1.25,0.725,6.85,0.025,11.525,2.0425,0.225,1.825,0.025,524.0,13.1,0.09541984732824428,0.5229007633587787,0.04,0.2,0.1,0.05,0.25,0.475,0.2,0.2631578947368421,2023-2025,False
00-0038498,E.J. Jenkins,TE,PHI,1,2024,2024,1,2,2,1,7,1,9,3,1,0.7996061170706491,0,0,0,7.7,59,463,60,67,418,3483,621,17,8.0,95.0,571.0,91.0,98.0,39.0,45.0,1192.0,535.0,560.0,2.0,1.0,4.0,3.0,0.0,0.0,1.0,2.0,2.0,1.0,0.0,0.0,0.0,0.0,0.7996061170706525,0.08221476510067115,0.3998030585353263,1.0,,,,,,,,,4.5,4.0,3.0,,0.16875,0.03389830508474576,0.019438444924406047,0.004784688995215311,0.002583979328165375,0.0,0.0,0.11764705882352941,0.06445436907420288,0.7777777777777778,4.5,0.5,0.39980305853532455,,7.0,0.16637478108581435,11.875,0.07289719626168224,0.08035714285714286,1.0,0.5,3.5,0.5,4.5,3.85,0.0,0.0,0.0,39.0,19.5,0.05128205128205128,0.1794871794871795,0.0,1.0,0.5,0.0,0.0,0.0,0.0,,2023-2025,True
00-0038507,Grant DuBose,WR,MIA,1,2024,2024,1,2,4,2,11,0,47,3,1,-4.10426956950687,0,0,0,3.0999999999999996,76,493,79,53,568,3711,448,17,3.0,50.0,215.0,0.0,51.0,32.0,13.0,1164.0,660.0,424.0,4.0,2.0,8.0,3.0,0.0,0.0,1.0,4.0,0.0,0.0,0.0,1.0,1.0,0.0,-4.104269569506869,0.04381443298969072,-1.0260673923767172,0.0,,,,,,,,,11.8,4.0,1.5,,0.22666666666666668,0.05263157894736842,0.09533468559837728,0.007042253521126761,0.01266504985179197,0.0,0.0,0.11764705882352941,0.1456816483399167,0.23404255319148937,11.75,0.5,-1.0260673923767174,,5.5,0.23255813953488372,16.666666666666668,0.048484848484848485,0.030660377358490566,2.0,1.0,5.5,0.0,23.5,1.5499999999999998,0.0,0.0,0.0,32.0,16.0,0.125,0.34375,0.0,0.0,0.0,0.0,0.5,0.5,0.25,0.0,2023-2025,True
00-0038519,Nikko Remigio,WR,KC,2,2025,2024,1,19,7,3,69,0,82,17,3,1.7752077006152869,1,11,0,11.0,640,5080,671,478,1121,8339,880,34,13.0,70.0,1256.0,147.0,73.0,31.0,32.0,2309.0,1369.0,764.0,7.0,3.0,52.0,17.0,0.0,1.0,3.0,7.0,0.0,0.0,0.0,0.0,4.0,2.0,1.775207700615283,0.03161541792983976,0.2536011000878976,0.0,,,,,,,,,11.742857142857142,17.333333333333332,5.666666666666667,,0.07842105263157895,0.0109375,0.016141732283464567,0.006244424620874219,0.009833313346924092,0.0020920502092050207,0.0011363636363636363,0.5588235294117647,0.02770546259842519,0.8414634146341463,11.714285714285714,0.42857142857142855,0.2536011000878981,11.0,23.0,0.05573248407643312,5.384615384615385,0.022644265887509132,0.041884816753926704,0.3684210526315789,0.15789473684210525,3.6315789473684212,0.0,4.315789473684211,0.5789473684210527,0.05263157894736842,0.5789473684210527,0.0,31.0,1.631578947368421,0.22580645161290322,2.225806451612903,0.14285714285714285,0.0,0.0,0.0,0.0,0.21052631578947367,0.0,0.5,2023-2025,False
00-0038543,Jaxon Smith-Njigba,WR,SEA,3,2025,2023,1,51,393,282,3551,20,3588,1371,165,151.28211851546916,12,62,0,762.7,1571,11993,1649,1272,1571,11993,1272,51,51.0,2452.0,3215.0,2.0,2510.0,1585.0,739.0,3305.0,1828.0,1193.0,393.0,282.0,2180.0,1371.0,10.0,20.0,165.0,393.0,42.0,19.0,26.0,53.0,119.0,55.0,152.2291185154692,0.7594553706505295,0.3873514466042473,0.10687022900763359,6.445559292674333,3.296285407491053,9.216921119592858,33.70912750847575,5.092482269503548,4.486860552597831,0.6056217169057161,71.75572519083971,9.121628498727734,7.716312056737588,4.8546099290780145,30.309574468085103,0.762156862745098,0.2501591343093571,0.299174518469107,0.2501591343093571,0.299174518469107,0.009433962264150943,0.009433962264150943,1.0,0.5846608643924105,0.9896878483835005,9.129770992366412,0.7175572519083969,0.3849417773930513,5.166666666666667,12.592198581560284,0.7626749611197512,48.07843137254902,0.8670678336980306,0.6194467728415759,7.705882352941177,5.529411764705882,69.62745098039215,0.39215686274509803,70.3529411764706,14.954901960784314,0.23529411764705882,1.2156862745098038,0.0,1585.0,31.07843137254902,0.24794952681388013,2.240378548895899,0.05089058524173028,0.8235294117647058,0.37254901960784315,0.5098039215686274,1.0392156862745099,2.3333333333333335,0.13486005089058525,0.46218487394957986,2023-2025,False
00-0038544,Quentin Johnston,WR,LAC,3,2025,2023,1,45,242,144,1877,18,2836,679,79,65.87798418586786,8,22,0,439.9,1456,12042,1504,1191,1649,13642,1360,51,46.0,2127.0,3035.0,0.0,2168.0,1373.0,671.0,3450.0,1983.0,1212.0,242.0,144.0,1198.0,679.0,15.0,12.0,79.0,242.0,35.0,13.0,25.0,56.0,71.0,30.0,65.87798418586785,0.6284057971014493,0.27222307514821426,0.1446280991735537,5.748575891957266,2.673450141944457,12.047892561983474,22.18925943250445,4.836041666666663,3.949815531193506,0.88622613547316,59.50413223140495,11.728512396694216,8.32986111111111,4.717361111111111,11.261805555555554,0.7035873015873017,0.1662087912087912,0.2355090516525494,0.14675560946027896,0.2078874065386307,0.006717044500419815,0.0058823529411764705,0.8823529411764706,0.4141695229699714,0.6618476727785614,11.71900826446281,0.5950413223140496,0.2722230751482143,2.75,13.034722222222221,0.7008237232289951,46.23913043478261,0.6923852748361069,0.5536303630363036,5.377777777777778,3.2,41.71111111111111,0.4,63.022222222222226,9.775555555555554,0.17777777777777778,0.4888888888888889,0.0,1373.0,30.511111111111113,0.17625637290604515,1.3670793882010197,0.049586776859504134,0.7777777777777778,0.28888888888888886,0.5555555555555556,1.2444444444444445,1.5777777777777777,0.23140495867768596,0.4225352112676056,2023-2025,False
00-0038547,Luke Schoonmaker,TE,DAL,3,2025,2023,1,38,74,49,438,3,445,206,23,8.61156002092252,0,0,0,110.8,1410,11112,1443,1037,1834,14549,1362,51,51.0,1170.0,3541.0,604.0,1203.0,512.0,579.0,3632.0,2054.0,1270.0,74.0,49.0,232.0,206.0,2.0,4.0,23.0,74.0,8.0,3.0,6.0,4.0,7.0,4.0,8.611560020922537,0.3312224669603524,0.11637243271516942,0.10810810810810811,,,,,,,,,5.9770270270270265,4.7326530612244895,4.224489795918367,11.818181818181818,0.32941176470588235,0.0524822695035461,0.0400467962562995,0.04034896401308615,0.03058629459069352,0.0,0.0,0.7450980392156863,0.1067561616347288,0.9842696629213483,6.013513513513513,0.6621621621621622,0.11637243271516919,,8.938775510204081,0.3304151369669585,22.941176470588236,0.249269717624148,0.4559055118110236,1.9473684210526316,1.2894736842105263,11.526315789473685,0.07894736842105263,11.710526315789474,2.9157894736842103,0.0,0.0,0.0,512.0,13.473684210526315,0.14453125,0.85546875,0.05405405405405406,0.21052631578947367,0.07894736842105263,0.15789473684210525,0.10526315789473684,0.18421052631578946,0.05405405405405406,0.5714285714285714,2023-2025,False
00-0038558,Darnell Washington,TE,PIT,3,2025,2023,1,34,78,57,625,2,361,405,29,24.439104437347964,0,0,0,131.5,974,7314,1032,995,1466,11011,1427,51,50.0,1641.0,3156.0,342.0,1666.0,670.0,880.0,3295.0,1746.0,1316.0,78.0,57.0,220.0,405.0,7.0,4.0,29.0,78.0,12.0,7.0,4.0,3.0,12.0,7.0,23.386104437347967,0.5056145675265554,0.2998218517608714,0.15384615384615385,,,,,,,,,4.496153846153847,3.889473684210526,7.0964912280701755,8.268421052631577,0.5269074394463668,0.08008213552361396,0.049357396773311454,0.05320600272851296,0.03278539642176006,0.0,0.0,0.6666666666666666,0.15467338102673894,1.7313019390581716,4.628205128205129,0.7307692307692307,0.31332185176087135,,10.964912280701755,0.5199619771863118,32.82,0.3837342497136312,0.668693009118541,2.2941176470588234,1.6764705882352942,18.38235294117647,0.058823529411764705,10.617647058823529,3.8676470588235294,0.0,0.0,0.0,670.0,19.705882352941178,0.11641791044776119,0.9328358208955224,0.05128205128205128,0.35294117647058826,0.20588235294117646,0.11764705882352941,0.08823529411764706,0.35294117647058826,0.038461538461538464,0.5833333333333334,2023-2025,False
00-0038559,Michael Wilson,WR,ARI,3,2025,2023,1,46,255,163,2119,14,3027,542,107,54.98453987409643,1,7,0,459.6,1532,11435,1594,1174,1680,12543,1300,51,46.0,2454.0,3047.0,9.0,2502.0,1548.0,793.0,3444.0,1996.0,1208.0,255.0,163.0,1577.0,542.0,7.0,4.0,107.0,255.0,31.0,13.0,22.0,45.0,76.0,32.0,54.87853987409643,0.7264808362369338,0.21520996029057424,0.12156862745098039,6.067913019049261,2.5243164360355554,11.673991744066056,26.025026279874265,3.596018902337923,2.928485505302872,0.667533397035048,63.78396972824219,11.851764705882355,9.675460122699386,3.34478527607362,28.954601226993866,0.8034782608695652,0.1664490861618799,0.2647135986007871,0.15178571428571427,0.24132982540062187,0.0008517887563884157,0.0007692307692307692,0.9019607843137255,0.43497314826337075,0.70003303600925,11.870588235294118,0.6392156862745098,0.21562564656508404,7.0,13.0,0.8053823432884805,53.34782608695652,0.7755511022044088,0.6564569536423841,5.543478260869565,3.5434782608695654,46.06521739130435,0.30434782608695654,65.80434782608695,9.991304347826087,0.021739130434782608,0.15217391304347827,0.0,1548.0,33.65217391304348,0.16472868217054262,1.3688630490956073,0.01568627450980392,0.6739130434782609,0.2826086956521739,0.4782608695652174,0.9782608695652174,1.6521739130434783,0.17647058823529413,0.42105263157894735,2023-2025,False
00-0038563,Tre Tucker,WR,LV,3,2025,2023,1,47,207,123,1566,10,2576,527,68,40.33478755005933,30,172,1,362.8,1488,10816,1577,1073,1617,11944,1162,51,50.0,2260.0,3103.0,104.0,2292.0,1441.0,715.0,3234.0,1909.0,1102.0,207.0,123.0,1039.0,527.0,6.0,7.0,68.0,207.0,19.0,7.0,14.0,51.0,43.0,19.0,40.334787550059296,0.7087198515769945,0.19485404613555216,0.09178743961352658,6.93574380439838,3.237694239670848,11.33317919075145,27.027808105797583,4.920000000000001,4.801472149070242,0.1185278509297613,60.115606936416164,12.18599033816425,8.421138211382113,4.276422764227642,17.508653846153848,0.7490957446808512,0.13911290322580644,0.23816568047337278,0.1280148423005566,0.2156731413261889,0.027958993476234855,0.025817555938037865,0.9215686274509803,0.37538533117007056,0.6079192546583851,12.444444444444445,0.5942028985507246,0.19485404613555232,5.733333333333333,12.731707317073171,0.7283274250725105,45.2,0.7548454688318491,0.6488203266787659,4.404255319148936,2.617021276595745,33.319148936170215,0.2127659574468085,54.808510638297875,7.719148936170213,0.6382978723404256,3.6595744680851063,0.02127659574468085,1441.0,30.659574468085108,0.1436502428868841,1.0867453157529494,0.033816425120772944,0.40425531914893614,0.14893617021276595,0.2978723404255319,1.0851063829787233,0.9148936170212766,0.2463768115942029,0.4418604651162791,2023-2025,False
00-0038573,Derius Davis,WR,LAC,3,2025,2023,1,43,37,30,188,2,60,242,5,-1.5319799315002407,28,145,0,81.30000000000001,1389,11702,1438,1160,1649,13642,1360,51,40.0,381.0,2849.0,373.0,389.0,194.0,160.0,3450.0,1983.0,1212.0,37.0,30.0,-54.0,242.0,1.0,0.0,5.0,37.0,3.0,1.0,3.0,4.0,2.0,0.0,-1.5319799315002314,0.1127536231884058,-0.04140486301351977,0.08108108108108109,,,,,,,,,1.6270270270270266,-1.8,8.103333333333333,13.0,0.1325581395348837,0.02663786897048236,0.00512732866176722,0.022437841115827774,0.004398182084738308,0.02413793103448276,0.020588235294117647,0.8431372549019608,0.04354593351896059,3.1333333333333333,1.6216216216216217,0.8108108108108109,-0.04140486301352002,5.178571428571429,6.266666666666667,0.13373113373113374,9.525,0.0978315683308119,0.132013201320132,0.8604651162790697,0.6976744186046512,4.372093023255814,0.046511627906976744,1.3953488372093024,1.8906976744186048,0.6511627906976745,3.372093023255814,0.0,194.0,4.511627906976744,0.19072164948453607,0.9690721649484536,0.0,0.06976744186046512,0.023255813953488372,0.06976744186046512,0.09302325581395349,0.046511627906976744,0.10810810810810811,0.0,2023-2025,False
00-0038576,Charlie Jones,WR,CIN,3,2025,2023,1,32,11,8,69,0,126,38,3,2.0064544120105046,2,13,0,34.2,1094,8073,1145,707,1828,13199,1144,51,20.0,90.0,2084.0,204.0,94.0,58.0,29.0,3441.0,2109.0,1061.0,11.0,8.0,31.0,38.0,0.0,0.0,3.0,11.0,0.0,0.0,1.0,3.0,2.0,1.0,2.0064544120104983,0.027317640220866028,0.18240494654640893,0.0,,,,,,,,,11.472727272727273,3.8625000000000003,4.7250000000000005,,0.04359375,0.010054844606946984,0.01560758082497213,0.006017505470459519,0.009546177740737934,0.002828854314002829,0.0017482517482517483,0.6274509803921569,0.026007573487900965,0.5476190476190477,11.454545454545455,0.7272727272727273,0.1824049465464095,6.5,8.625,0.04318618042226487,4.5,0.027501185395922237,0.027332704995287466,0.34375,0.25,2.15625,0.0,3.9375,1.06875,0.0625,0.40625,0.0,58.0,1.8125,0.1896551724137931,1.1896551724137931,0.0,0.0,0.0,0.03125,0.09375,0.0625,0.2727272727272727,0.5,2023-2025,False
00-0038589,Josh Whyle,TE,GB,3,2025,2023,2,30,58,42,378,3,378,204,24,14.999222401092254,0,0,0,99.8,837,7737,865,809,1445,13127,1386,51,36.0,677.0,2235.0,228.0,697.0,360.0,287.0,3288.0,1745.0,1278.0,58.0,42.0,174.0,204.0,2.0,2.0,24.0,58.0,10.0,5.0,5.0,3.0,16.0,7.0,13.946222401092244,0.2119829683698297,0.24045211036365938,0.1724137931034483,,,,,,,,,6.5,4.176190476190476,4.8428571428571425,23.37837837837838,0.31202272727272723,0.06929510155316607,0.048856145792943,0.04013840830449827,0.028795612097204236,0.0,0.0,0.5882352941176471,0.1381419543848092,1.0,6.517241379310345,0.7241379310344828,0.25860728277745265,,9.0,0.3029082774049217,18.805555555555557,0.20630372492836677,0.2245696400625978,1.9333333333333333,1.4,12.6,0.1,12.6,3.3266666666666667,0.0,0.0,0.0,360.0,12.0,0.16111111111111112,1.05,0.034482758620689655,0.3333333333333333,0.16666666666666666,0.16666666666666666,0.1,0.5333333333333333,0.05172413793103448,0.4375,2023-2025,False
00-0038606,Parker Washington,WR,JAX,3,2025,2023,1,38,167,106,1369,10,1943,407,61,41.6393380121076,7,0,0,320.9,1256,11092,1300,1001,1676,14447,1356,51,42.0,1495.0,2739.0,137.0,1534.0,973.0,454.0,3456.0,1967.0,1222.0,167.0,106.0,962.0,407.0,8.0,9.0,61.0,167.0,24.0,8.0,14.0,32.0,56.0,23.0,43.42733801210757,0.44386574074074076,0.2600439401922609,0.1437125748502994,6.465237641453243,2.6613834704018915,12.127397260273941,20.59990850085717,4.432000000000003,3.033586715988821,1.3984132840111816,61.64383561643838,11.461676646706586,9.049056603773586,3.8603773584905654,13.592452830188678,0.5437736498108016,0.13296178343949044,0.175171294626758,0.09964200477326969,0.13449158994947047,0.006993006993006993,0.005162241887905605,0.7450980392156863,0.3220625813979663,0.7045805455481214,11.634730538922156,0.6347305389221557,0.24933735336591378,0.0,12.915094339622641,0.5458196422051844,35.595238095238095,0.49466192170818507,0.37152209492635024,4.394736842105263,2.789473684210526,36.026315789473685,0.2631578947368421,51.13157894736842,8.444736842105263,0.18421052631578946,0.0,0.0,973.0,25.605263157894736,0.17163412127440905,1.4069886947584789,0.05389221556886228,0.631578947368421,0.21052631578947367,0.3684210526315789,0.8421052631578947,1.4736842105263157,0.19161676646706588,0.4107142857142857,2023-2025,False
00-0038608,Kayshon Boutte,WR,NE,3,2025,2023,1,32,121,78,1159,9,1917,198,53,54.90582995183399,0,0,0,249.9,963,7842,1006,864,1523,12554,1355,51,34.0,1483.0,2192.0,27.0,1523.0,921.0,492.0,3323.0,1879.0,1195.0,121.0,78.0,961.0,198.0,2.0,7.0,53.0,121.0,10.0,4.0,11.0,34.0,28.0,13.0,53.852829951834046,0.4583207944628348,0.4450647103457359,0.08264462809917356,4.679683163131713,2.37741490658289,15.415701754386001,22.738280048068425,2.5064473684210484,2.1528096042897804,0.35363776413127507,66.66666666666669,15.647107438016528,12.296153846153844,2.565384615384615,38.6578947368421,0.6921875,0.1256490134994808,0.2444529456771232,0.07944845699277742,0.1527003345547236,0.0,0.0,0.6274509803921569,0.35959058222320744,0.6045905059989567,15.84297520661157,0.6446280991735537,0.4537671896845784,,14.85897435897436,0.6765510948905109,43.61764705882353,0.4901543374135178,0.4117154811715481,3.78125,2.4375,36.21875,0.28125,59.90625,7.809375,0.0,0.0,0.0,921.0,28.78125,0.13137893593919653,1.258414766558089,0.05785123966942149,0.3125,0.125,0.34375,1.0625,0.875,0.2809917355371901,0.4642857142857143,2023-2025,False
00-0038612,A.T. Perry,WR,NO,1,2023,2023,1,8,18,12,246,4,293,20,10,19.071494034456784,0,0,0,60.6,255,2136,267,218,579,5016,480,17,10.0,343.0,646.0,0.0,351.0,208.0,128.0,1192.0,655.0,457.0,18.0,12.0,226.0,20.0,0.0,1.0,10.0,18.0,4.0,2.0,5.0,5.0,7.0,4.0,19.071494034456784,0.29446308724832215,1.05952744635871,0.2222222222222222,,,,,,,,,16.3,18.8,1.7,,0.53,0.07058823529411765,0.13717228464419476,0.031088082901554404,0.05841307814992026,0.0,0.0,0.47058823529411764,0.2019029521921128,0.8395904436860068,16.27777777777778,0.6666666666666666,1.05952744635871,,20.5,0.5309597523219814,34.3,0.31755725190839695,0.2800875273522976,2.25,1.5,30.75,0.5,36.625,7.575,0.0,0.0,0.0,208.0,26.0,0.08653846153846154,1.1826923076923077,0.05555555555555555,0.5,0.25,0.625,0.625,0.875,0.2777777777777778,0.5714285714285714,2023-2025,True
00-0038618,Xavier Hutchinson,WR,HOU,3,2025,2023,1,42,102,55,635,3,1064,203,28,-1.4975736279118301,8,71,0,143.6,1367,11997,1436,1121,1666,14595,1353,51,47.0,1446.0,3270.0,319.0,1475.0,839.0,539.0,3484.0,1970.0,1262.0,102.0,55.0,432.0,203.0,3.0,4.0,28.0,102.0,10.0,6.0,7.0,13.0,32.0,6.0,-1.4975736279118301,0.4233639494833525,-0.014682094391292453,0.09803921568627451,5.52090909090909,3.0452488143355,9.07701754385965,11.3915633868869,4.55485714285714,4.00815191715587,0.546705225701272,61.4035087719298,10.296078431372548,7.8963636363636365,3.7127272727272724,11.7,0.4515248599439776,0.07461594732991954,0.08868883887638576,0.061224489795918366,0.07290167865707434,0.007136485280999108,0.005912786400591279,0.8235294117647058,0.17400610820834933,0.5968045112781954,10.431372549019608,0.5392156862745098,-0.014682094391292453,8.875,11.545454545454545,0.44220183486238535,30.76595744680851,0.42588832487309647,0.42709984152139463,2.4285714285714284,1.3095238095238095,15.119047619047619,0.07142857142857142,25.333333333333332,3.419047619047619,0.19047619047619047,1.6904761904761905,0.0,839.0,19.976190476190474,0.12157330154946365,0.7568533969010727,0.0392156862745098,0.23809523809523808,0.14285714285714285,0.16666666666666666,0.30952380952380953,0.7619047619047619,0.12745098039215685,0.1875,2023-2025,False
00-0038619,Andrei Iosivas,WR,CIN,3,2025,2023,1,43,144,84,1030,12,1513,205,61,41.001399261371425,3,14,0,260.4,1576,11489,1646,955,1828,13199,1144,51,50.0,2009.0,3275.0,219.0,2066.0,1276.0,631.0,3441.0,2109.0,1061.0,144.0,84.0,825.0,205.0,1.0,12.0,61.0,144.0,22.0,18.0,16.0,23.0,36.0,19.0,41.00139926137141,0.6004068584713746,0.28473193931507923,0.1527777777777778,5.27954782406029,2.615076428255355,10.590756302521026,13.64529953979934,2.872028985507248,2.768488122374022,0.10354086313322815,57.98319327731093,10.386111111111111,9.817857142857143,2.4428571428571426,33.0,0.6420836183310533,0.09137055837563451,0.13169118287057185,0.0787746170678337,0.1146298962042579,0.0031413612565445027,0.0026223776223776225,0.8431372549019608,0.22923966557285208,0.6807666886979511,10.506944444444445,0.5833333333333334,0.28473193931507934,4.666666666666667,12.261904761904763,0.6134351145038168,40.18,0.6050260787102892,0.5947219604147032,3.3488372093023258,1.9534883720930232,23.953488372093023,0.27906976744186046,35.18604651162791,6.0558139534883715,0.06976744186046512,0.32558139534883723,0.0,1276.0,29.674418604651162,0.11285266457680251,0.8072100313479624,0.08333333333333333,0.5116279069767442,0.4186046511627907,0.37209302325581395,0.5348837209302325,0.8372093023255814,0.1597222222222222,0.5277777777777778,2023-2025,False
00-0038621,DeMario Douglas,WR,NE,3,2025,2023,1,46,212,146,1629,6,1624,909,74,43.364707983515984,18,78,0,350.7,1401,11600,1457,1214,1523,12554,1355,51,48.0,1448.0,3057.0,35.0,1478.0,991.0,391.0,3323.0,1879.0,1195.0,212.0,146.0,720.0,909.0,4.0,10.0,74.0,212.0,17.0,8.0,11.0,29.0,65.0,26.0,43.36470798351597,0.44477881432440564,0.20455050935620742,0.08018867924528301,6.777612865160217,3.6450669268373845,7.557924528301887,13.896692566935162,6.463972602739726,6.150102294969356,0.31387030777036945,68.86792452830187,7.625,4.9445205479452055,6.221917808219179,37.945205479452056,0.48162404092071615,0.15132048536759457,0.14,0.139198949441891,0.12936115978970847,0.014827018121911038,0.013284132841328414,0.9019607843137255,0.3249807280513919,1.0030788177339902,7.660377358490566,0.6886792452830188,0.20455050935620747,4.333333333333333,11.157534246575343,0.4736669937847563,30.166666666666668,0.5274081958488558,0.32719665271966525,4.608695652173913,3.1739130434782608,35.41304347826087,0.13043478260869565,35.30434782608695,7.623913043478261,0.391304347826087,1.6956521739130435,0.0,991.0,21.543478260869566,0.21392532795156408,1.6437941473259334,0.04716981132075472,0.3695652173913043,0.17391304347826086,0.2391304347826087,0.6304347826086957,1.4130434782608696,0.13679245283018868,0.4,2023-2025,False
00-0038627,Antoine Green,WR,DET,1,2023,2023,1,2,2,1,2,0,11,1,0,-3.538327306450806,0,0,0,1.2,83,631,88,41,574,4086,500,17,9.0,106.0,625.0,71.0,107.0,55.0,39.0,1206.0,645.0,483.0,2.0,1.0,1.0,1.0,0.0,0.0,,2.0,1.0,0.0,0.0,0.0,0.0,0.0,-3.5383273064508103,0.08872305140961857,-1.7691636532254051,0.5,,,,,,,,,5.5,1.0,1.0,,0.1711111111111111,0.024096385542168676,0.017432646592709985,0.003484320557491289,0.0026921194322075378,0.0,0.0,0.11764705882352941,0.048347430928150005,0.18181818181818182,5.5,0.5,-1.769163653225403,,2.0,0.1696,11.777777777777779,0.08527131782945736,0.08074534161490683,1.0,0.5,1.0,0.0,5.5,0.6,0.0,0.0,0.0,55.0,27.5,0.03636363636363636,0.03636363636363636,0.0,0.5,0.0,0.0,0.0,0.0,0.0,,2023-2025,True
00-0038632,Colton Dowell,WR,TEN,1,2023,2023,1,4,2,1,3,0,40,0,0,-2.6527392360731037,0,0,0,1.3,111,973,114,130,478,4569,444,17,9.0,51.0,614.0,139.0,56.0,16.0,27.0,1089.0,576.0,411.0,2.0,1.0,3.0,0.0,0.0,0.0,,2.0,0.0,0.0,0.0,1.0,0.0,0.0,-2.652739236073103,0.051423324150596875,-1.3263696180365514,0.0,,,,,,,,,20.0,3.0,0.0,,0.088,0.018018018018018018,0.041109969167523124,0.0041841004184100415,0.008754650908295032,0.0,0.0,0.23529411764705882,0.05580400544429322,0.075,20.0,0.5,-1.3263696180365518,,3.0,0.08306188925081433,5.666666666666667,0.027777777777777776,0.06569343065693431,0.5,0.25,0.75,0.0,10.0,0.325,0.0,0.0,0.0,16.0,4.0,0.125,0.1875,0.0,0.0,0.0,0.0,0.25,0.0,0.5,,2023-2025,True
00-0038640,Jalen Brooks,WR,ARI,3,2025,2023,2,20,42,21,292,1,513,84,15,-11.982081614296666,0,0,0,56.199999999999996,728,5939,746,486,1844,14140,1263,51,27.0,559.0,1817.0,341.0,572.0,320.0,195.0,4792.0,2802.0,1609.0,42.0,21.0,208.0,84.0,1.0,2.0,15.0,42.0,4.0,3.0,3.0,7.0,10.0,2.0,-11.982081614296686,0.11936560934891485,-0.2852876574832544,0.09523809523809523,,,,,,,,,12.1,9.928571428571427,4.014285714285715,12.0,0.32721428571428574,0.057692307692307696,0.08637817814446877,0.0227765726681128,0.03628005657708628,0.0,0.0,0.39215686274509803,0.14700318623958966,0.5692007797270955,12.214285714285714,0.5,-0.28528765748325396,,13.904761904761905,0.3076499724821134,20.703703703703702,0.11420413990007137,0.12119328775637042,2.1,1.05,14.6,0.05,25.65,2.8099999999999996,0.0,0.0,0.0,320.0,16.0,0.13125,0.9125,0.047619047619047616,0.2,0.15,0.15,0.35,0.5,0.16666666666666666,0.2,2023-2025,False
00-0038643,Brayden Willis,TE,SF,2,2025,2024,1,11,3,0,0,0,13,0,0,-2.175588920537844,0,0,0,0.0,405,3208,421,269,1063,8824,938,34,13.0,38.0,1047.0,256.0,41.0,17.0,14.0,2250.0,1241.0,864.0,3.0,0.0,0.0,0.0,0.0,1.0,0.0,3.0,0.0,0.0,0.0,0.0,0.0,0.0,-2.175588920537848,0.018222222222222223,-0.7251963068459494,0.0,,,,,,,,,4.333333333333333,,,,0.03227272727272727,0.007407407407407408,0.004052369077306733,0.0028222013170272815,0.0014732547597461469,0.0,0.0,0.3235294117647059,0.013947769465225825,0.0,4.333333333333333,0.0,-0.725196306845948,,,0.03629417382999045,2.923076923076923,0.0136986301369863,0.016203703703703703,0.2727272727272727,0.0,0.0,0.0,1.1818181818181819,0.0,0.0,0.0,0.0,17.0,1.5454545454545454,0.17647058823529413,0.0,0.3333333333333333,0.0,0.0,0.0,0.0,0.0,0.0,,2023-2025,False
00-0038647,Ronnie Bell,WR,NO,3,2025,2023,2,19,23,10,113,4,303,13,8,3.617052171516595,0,0,0,45.3,540,4689,561,555,1549,13333,1391,51,25.0,334.0,1774.0,135.0,338.0,167.0,144.0,3354.0,1824.0,1286.0,23.0,10.0,100.0,13.0,0.0,2.0,8.0,23.0,7.0,2.0,5.0,5.0,11.0,4.0,3.617052171516585,0.10077519379844961,0.15726313789202545,0.30434782608695654,,,,,,,,,13.12608695652174,10.02,1.3199999999999998,,0.1834984520123839,0.04259259259259259,0.06461932181701856,0.014848289218850872,0.02272556813920348,0.0,0.0,0.37254901960784315,0.10912241416080187,0.37293729372937295,13.173913043478262,0.43478260869565216,0.15726313789202587,,11.3,0.1882750845546787,13.36,0.09155701754385964,0.1119751166407465,1.2105263157894737,0.5263157894736842,5.947368421052632,0.21052631578947367,15.947368421052632,2.384210526315789,0.0,0.0,0.0,167.0,8.789473684210526,0.1377245508982036,0.6766467065868264,0.08695652173913043,0.3684210526315789,0.10526315789473684,0.2631578947368421,0.2631578947368421,0.5789473684210527,0.21739130434782608,0.36363636363636365,2023-2025,False
00-0038667,Elijah Cooks,WR,JAX,1,2023,2023,1,4,4,3,38,0,33,8,2,3.904362877434445,0,0,0,6.8,176,1650,180,73,607,4981,453,17,9.0,108.0,586.0,42.0,114.0,54.0,41.0,1207.0,710.0,399.0,4.0,3.0,30.0,8.0,0.0,1.0,2.0,4.0,1.0,0.0,0.0,1.0,3.0,2.0,3.9043628774344454,0.09444904722452362,0.9760907193586114,0.25,,,,,,,,,8.3,10.0,2.7000000000000006,,0.19,0.022727272727272728,0.02,0.006589785831960461,0.006625175667536639,0.0,0.0,0.23529411764705882,0.04809090909090909,1.1515151515151516,8.25,0.75,0.9760907193586112,,12.666666666666666,0.18430034129692832,12.0,0.07605633802816901,0.10275689223057644,1.0,0.75,9.5,0.0,8.25,1.7,0.0,0.0,0.0,54.0,13.5,0.07407407407407407,0.7037037037037037,0.25,0.25,0.0,0.0,0.25,0.75,0.25,0.6666666666666666,2023-2025,True
00-0038679,Tyrell Shavers,WR,BUF,2,2025,2024,1,12,24,16,314,2,296,135,12,19.367541460436755,0,0,0,59.4,329,2602,340,360,974,7876,1038,34,20.0,473.0,1337.0,251.0,478.0,223.0,215.0,2272.0,1172.0,922.0,24.0,16.0,179.0,135.0,1.0,0.0,12.0,24.0,0.0,0.0,1.0,4.0,8.0,5.0,19.36754146043677,0.21038732394366197,0.8069808941848654,0.0,,,,,,,,,12.758333333333333,11.21875,8.46875,1.0,0.3762254901960784,0.0729483282674772,0.1137586471944658,0.024640657084188913,0.037582529202640935,0.0,0.0,0.35294117647058826,0.18905354543734185,1.0608108108108107,12.333333333333334,0.6666666666666666,0.8069808941848647,,19.625,0.3537771129394166,23.65,0.19027303754266212,0.23318872017353579,2.0,1.3333333333333333,26.166666666666668,0.16666666666666666,24.666666666666668,4.95,0.0,0.0,0.0,223.0,18.583333333333332,0.10762331838565023,1.4080717488789238,0.0,0.0,0.0,0.08333333333333333,0.3333333333333333,0.6666666666666666,0.16666666666666666,0.625,2023-2025,False
00-0038710,Blake Whiteheart,TE,CLE,2,2025,2024,1,16,15,8,55,1,124,11,2,-7.484545811952553,0,0,0,19.5,534,4086,559,393,1156,8924,812,34,27.0,452.0,1825.0,355.0,465.0,210.0,221.0,2337.0,1410.0,757.0,15.0,8.0,44.0,11.0,0.0,0.0,2.0,15.0,2.0,1.0,1.0,3.0,2.0,0.0,-7.484545811952557,0.19897304236200256,-0.49896972079683716,0.13333333333333333,,,,,,,,,8.28,5.475,1.4,,0.25584558823529413,0.028089887640449437,0.030347528144884974,0.012975778546712802,0.013895114298520844,0.0,0.0,0.47058823529411764,0.06337810116209364,0.4435483870967742,8.266666666666667,0.5333333333333333,-0.4989697207968369,,6.875,0.24767123287671233,16.74074074074074,0.14893617021276595,0.2919418758256275,0.9375,0.5,3.4375,0.0625,7.75,1.21875,0.0,0.0,0.0,210.0,13.125,0.07142857142857142,0.2619047619047619,0.0,0.125,0.0625,0.0625,0.1875,0.125,0.2,0.0,2023-2025,False
00-0038720,Julian Hill,TE,MIA,3,2025,2023,1,35,48,33,288,0,215,199,13,0.09065660765192618,0,0,0,61.8,1092,7659,1134,899,1579,11379,1336,51,45.0,1296.0,2840.0,496.0,1330.0,541.0,690.0,3288.0,1806.0,1262.0,48.0,33.0,89.0,199.0,4.0,3.0,13.0,48.0,9.0,2.0,4.0,0.0,5.0,1.0,0.9316566076518944,0.40450121654501214,0.019409512659414468,0.1875,,,,,,,,,4.46875,2.6818181818181817,6.018181818181818,10.11111111111111,0.4632142857142858,0.04395604395604396,0.028071549810680246,0.030398986700443317,0.01889445469724932,0.0,0.0,0.6862745098039216,0.08558415080154211,1.3395348837209302,4.479166666666667,0.6875,0.0018886793260817953,,8.727272727272727,0.4563380281690141,28.8,0.29955703211517165,0.5467511885895404,1.3714285714285714,0.9428571428571428,8.228571428571428,0.0,6.142857142857143,1.7657142857142856,0.0,0.0,0.0,541.0,15.457142857142857,0.08872458410351201,0.532347504621072,0.0625,0.2571428571428571,0.05714285714285714,0.11428571428571428,0.0,0.14285714285714285,0.0,0.2,2023-2025,False
00-0038728,Jared Wayne,WR,HOU,1,2025,2025,1,1,2,2,20,0,17,3,1,0.594522395520471,0,0,0,4.0,38,338,39,36,553,4765,475,17,1.0,35.0,80.0,8.0,35.0,15.0,19.0,1180.0,648.0,445.0,2.0,2.0,17.0,3.0,0.0,0.0,1.0,2.0,0.0,0.0,0.0,0.0,0.0,0.0,0.594522395520471,0.029661016949152543,0.2972611977602355,0.0,,,,,,,,,8.5,8.5,1.5,,0.44,0.05263157894736842,0.05029585798816568,0.003616636528028933,0.0035676810073452256,0.0,0.0,0.058823529411764705,0.1141544690127686,1.1764705882352942,8.5,1.0,0.2972611977602355,,10.0,0.4375,35.0,0.023148148148148147,0.04269662921348315,2.0,2.0,20.0,0.0,17.0,4.0,0.0,0.0,0.0,15.0,15.0,0.13333333333333333,1.3333333333333333,0.0,0.0,0.0,0.0,0.0,0.0,0.0,,2023-2025,True
00-0038752,Jake Bobo,WR,SEA,3,2025,2023,1,31,44,34,323,3,302,120,18,13.032387628438427,1,3,1,90.60000000000001,1034,7964,1084,721,1571,11993,1272,51,45.0,740.0,2831.0,587.0,767.0,343.0,352.0,3305.0,1828.0,1193.0,44.0,34.0,203.0,120.0,1.0,1.0,18.0,44.0,6.0,2.0,3.0,1.0,12.0,6.0,13.979387628438417,0.23207261724659606,0.3177133551917822,0.13636363636363635,,,,,,,,,6.8568181818181815,5.9676470588235295,3.55,19.0,0.2691650853889943,0.0425531914893617,0.03792064289301859,0.028007638446849142,0.02518135579087801,0.0013869625520110957,0.0007861635220125787,0.6078431372549019,0.09037423725915555,1.0695364238410596,6.863636363636363,0.7727272727272727,0.29619062791905515,3.0,9.5,0.26139173436948077,16.444444444444443,0.187636761487965,0.2950544844928751,1.4193548387096775,1.096774193548387,10.419354838709678,0.0967741935483871,9.741935483870968,2.9225806451612906,0.03225806451612903,0.0967741935483871,0.03225806451612903,343.0,11.064516129032258,0.1282798833819242,0.9416909620991254,0.022727272727272728,0.1935483870967742,0.06451612903225806,0.0967741935483871,0.03225806451612903,0.3870967741935484,0.022727272727272728,0.5,2023-2025,False
00-0038783,Nate Adkins,TE,DEN,3,2025,2023,1,26,31,24,185,4,92,126,10,9.997982476488696,0,0,0,66.5,850,6753,896,676,1610,12372,1368,51,36.0,679.0,2327.0,423.0,693.0,276.0,357.0,3401.0,1924.0,1220.0,31.0,24.0,59.0,126.0,1.0,4.0,10.0,31.0,6.0,2.0,2.0,1.0,4.0,1.0,9.997982476488687,0.2037635989414878,0.3225155637576996,0.1935483870967742,,,,,,,,,2.9580645161290318,2.475,5.2250000000000005,14.0,0.3130844645550528,0.036470588235294116,0.013623574707537391,0.019254658385093167,0.007436146136437116,0.0,0.0,0.5098039215686274,0.06424238464821735,2.010869565217391,2.967741935483871,0.7741935483870968,0.32251556375769985,,7.708333333333333,0.29179200687580575,18.86111111111111,0.14345114345114346,0.29262295081967216,1.1923076923076923,0.9230769230769231,7.115384615384615,0.15384615384615385,3.5384615384615383,2.5576923076923075,0.0,0.0,0.0,276.0,10.615384615384615,0.11231884057971014,0.6702898550724637,0.12903225806451613,0.23076923076923078,0.07692307692307693,0.07692307692307693,0.038461538461538464,0.15384615384615385,0.03225806451612903,0.25,2023-2025,False
00-0038809,Ben Sims,TE,MIN,3,2025,2023,2,13,17,11,93,1,143,39,6,4.901472806202948,0,0,0,26.299999999999997,373,3022,385,371,1493,12884,1377,51,42.0,497.0,2851.0,236.0,510.0,175.0,282.0,4358.0,2288.0,1738.0,17.0,11.0,54.0,39.0,0.0,0.0,6.0,17.0,5.0,2.0,2.0,2.0,0.0,0.0,4.901472806202946,0.11702615878843506,0.2883219297766439,0.29411764705882354,,,,,,,,,8.423529411764704,4.918181818181818,3.5545454545454547,,0.17347593582887702,0.045576407506702415,0.04731965585704831,0.011386470194239785,0.0110990375659733,0.0,0.0,0.2549019607843137,0.10148837035998744,0.6503496503496503,8.411764705882353,0.6470588235294118,0.288321929776644,,8.454545454545455,0.17432479831638023,11.833333333333334,0.07648601398601398,0.1622554660529344,1.3076923076923077,0.8461538461538461,7.153846153846154,0.07692307692307693,11.0,2.023076923076923,0.0,0.0,0.0,175.0,13.461538461538462,0.09714285714285714,0.5314285714285715,0.0,0.38461538461538464,0.15384615384615385,0.15384615384615385,0.15384615384615385,0.0,0.11764705882352941,,2023-2025,False
00-0038821,Rakim Jarrett,WR,TB,2,2024,2023,1,15,20,13,184,0,269,45,6,6.267072721609427,1,0,0,31.400000000000002,520,3999,538,414,1113,8833,922,34,20.0,325.0,1340.0,161.0,330.0,156.0,152.0,2299.0,1296.0,828.0,20.0,13.0,139.0,45.0,0.0,0.0,6.0,20.0,2.0,1.0,1.0,4.0,4.0,1.0,6.267072721609431,0.14354066985645933,0.3133536360804715,0.1,,,,,,,,,13.435000000000002,10.723076923076924,3.476923076923077,,0.25453333333333333,0.038461538461538464,0.06726681670417604,0.017969451931716084,0.030453979395448885,0.0024154589371980675,0.0010845986984815619,0.4411764705882353,0.10477907938523093,0.6840148698884758,13.45,0.65,0.31335363608047134,0.0,14.153846153846153,0.24253731343283583,16.25,0.12037037037037036,0.18357487922705315,1.3333333333333333,0.8666666666666667,12.266666666666667,0.0,17.933333333333334,2.0933333333333333,0.06666666666666667,0.0,0.0,156.0,10.4,0.1282051282051282,1.1794871794871795,0.0,0.13333333333333333,0.06666666666666667,0.06666666666666667,0.26666666666666666,0.26666666666666666,0.2,0.25,2023-2025,False
00-0038824,Ryan Miller,WR,TB,2,2025,2024,1,18,24,14,162,3,265,55,8,4.1429353263133475,0,0,0,48.199999999999996,593,4755,608,514,1104,8472,955,34,23.0,398.0,1628.0,335.0,405.0,172.0,211.0,2333.0,1299.0,865.0,24.0,14.0,107.0,55.0,0.0,3.0,8.0,24.0,4.0,1.0,5.0,5.0,5.0,2.0,4.142935326313344,0.17359622803257607,0.172622305263056,0.16666666666666666,,,,,,,,,10.25,7.657142857142857,3.9428571428571426,,0.2567832167832168,0.04047217537942664,0.05573080967402734,0.021739130434782608,0.0312795089707271,0.0,0.0,0.5294117647058824,0.09971982984095909,0.6113207547169811,11.041666666666666,0.5833333333333334,0.17262230526305614,,11.571428571428571,0.24447174447174447,17.304347826086957,0.13240954580446498,0.24393063583815028,1.3333333333333333,0.7777777777777778,9.0,0.16666666666666666,14.722222222222221,2.6777777777777776,0.0,0.0,0.0,172.0,9.555555555555555,0.13953488372093023,0.9418604651162791,0.125,0.2222222222222222,0.05555555555555555,0.2777777777777778,0.2777777777777778,0.2777777777777778,0.20833333333333334,0.4,2023-2025,False
00-0038839,Mitchell Tinsley,WR,CIN,1,2025,2025,1,8,24,8,116,2,354,16,6,2.628396723910417,0,0,0,31.6,281,2302,300,179,608,4707,381,17,17.0,288.0,1111.0,123.0,301.0,147.0,129.0,1151.0,691.0,371.0,24.0,8.0,100.0,16.0,0.0,2.0,6.0,24.0,5.0,1.0,5.0,7.0,3.0,0.0,2.628396723910416,0.26151172893136404,0.109516530162934,0.20833333333333334,,,,,,,,,14.800000000000002,12.5,2.0,,0.24647058823529414,0.08540925266903915,0.15377932232841007,0.039473684210526314,0.07520713830465264,0.0,0.0,0.47058823529411764,0.23575940463344577,0.327683615819209,14.75,0.3333333333333333,0.10951653016293404,,14.5,0.25922592259225924,16.941176470588236,0.21273516642547033,0.3477088948787062,3.0,1.0,14.5,0.25,44.25,3.95,0.0,0.0,0.0,147.0,18.375,0.16326530612244897,0.7891156462585034,0.08333333333333333,0.625,0.125,0.625,0.875,0.375,0.2916666666666667,0.0,2023-2025,True
00-0038840,Brycen Tremayne,WR,CAR,2,2025,2024,2,17,19,15,158,0,155,58,7,5.72684212618579,0,0,0,30.8,498,3700,529,470,984,7442,987,34,18.0,285.0,1158.0,257.0,299.0,123.0,137.0,2277.0,1237.0,865.0,19.0,15.0,100.0,58.0,1.0,0.0,7.0,19.0,1.0,0.0,0.0,1.0,9.0,2.0,5.7268421261857885,0.13131313131313133,0.30141274348346253,0.05263157894736842,,,,,,,,,8.136842105263158,6.680000000000001,3.826666666666666,14.0,0.23863970588235292,0.03815261044176707,0.041891891891891894,0.019308943089430895,0.020827734479978502,0.0,0.0,0.5,0.08655323998697492,1.0193548387096774,8.157894736842104,0.7894736842105263,0.30141274348346264,,10.533333333333333,0.24611398963730569,15.833333333333334,0.09943411479385611,0.15838150289017341,1.1176470588235294,0.8823529411764706,9.294117647058824,0.0,9.117647058823529,1.811764705882353,0.0,0.0,0.0,123.0,7.235294117647059,0.15447154471544716,1.2845528455284554,0.0,0.058823529411764705,0.0,0.0,0.058823529411764705,0.5294117647058824,0.05263157894736842,0.2222222222222222,2023-2025,False
00-0038891,Shedrick Jackson,WR,LV,2,2025,2023,2,5,6,4,56,1,111,4,2,3.646736169117494,1,3,0,15.9,152,1237,159,103,1086,7086,752,34,6.0,27.0,437.0,77.0,28.0,21.0,6.0,2136.0,1295.0,690.0,6.0,4.0,52.0,4.0,0.0,0.0,2.0,6.0,0.0,0.0,1.0,3.0,2.0,1.0,3.646736169117503,0.013108614232209739,0.6077893615195838,0.0,,,,,,,,,18.5,13.0,1.0,,0.06466666666666668,0.039473684210526314,0.08973322554567502,0.0055248618784530384,0.015664690939881456,0.009708737864077669,0.0013297872340425532,0.14705882352941177,0.12202378419776197,0.5045045045045045,18.5,0.6666666666666666,0.6077893615195823,3.0,14.0,0.06178489702517163,4.5,0.016216216216216217,0.008695652173913044,1.2,0.8,11.2,0.2,22.2,3.18,0.2,0.6,0.0,21.0,4.2,0.2857142857142857,2.6666666666666665,0.0,0.0,0.0,0.2,0.6,0.4,0.5,0.5,2023-2025,True
00-0038920,John Shenker,TE,LV,1,2024,2024,1,3,1,1,7,0,4,3,0,0.374102335888892,0,0,0,1.7,100,692,105,73,592,4455,380,17,,,,,71.0,30.0,28.0,1144.0,703.0,356.0,,,,,,,,1.0,0.0,0.0,0.0,0.0,0.0,0.0,0.3741023358888924,0.062062937062937064,0.3741023358888924,0.0,,,,,,,,,,,,,,0.01,0.005780346820809248,0.0016891891891891893,0.0008978675645342312,0.0,0.0,0.17647058823529413,0.01904624277456647,1.75,4.0,1.0,0.374102335888892,,7.0,,,0.04267425320056899,0.07865168539325842,0.3333333333333333,0.3333333333333333,2.3333333333333335,0.0,1.3333333333333333,0.5666666666666667,0.0,0.0,0.0,30.0,10.0,0.03333333333333333,0.23333333333333334,,0.0,0.0,0.0,0.0,0.0,0.0,,2023-2025,True
00-0038933,Dalton Kincaid,TE,BUF,3,2025,2023,1,41,215,156,1692,9,1576,848,79,66.7939597333822,0,0,0,377.20000000000005,1222,10463,1289,1247,1519,12898,1550,51,41.0,1472.0,2736.0,5.0,1503.0,954.0,430.0,3458.0,1824.0,1368.0,215.0,156.0,848.0,844.0,8.0,11.0,79.0,215.0,27.0,12.0,11.0,24.0,55.0,22.0,67.74095973338217,0.4346443030653557,0.3150742313180566,0.12558139534883722,5.906505302113097,3.6341520871897486,7.337953488372096,12.912151351022493,5.6575000000000015,5.068690672136933,0.5888093278630655,72.55813953488374,7.32093023255814,5.467948717948718,5.410897435897435,24.22371794871795,0.5375609756097561,0.17594108019639934,0.15062601548313104,0.14154048716260698,0.12218948674213057,0.0,0.0,0.803921568627451,0.36934983113279074,1.0736040609137056,7.330232558139535,0.7255813953488373,0.310669580155266,,10.846153846153847,0.5380116959064327,35.90243902439025,0.5230263157894737,0.31432748538011696,5.2439024390243905,3.8048780487804876,41.26829268292683,0.21951219512195122,38.4390243902439,9.200000000000001,0.0,0.0,0.0,954.0,23.26829268292683,0.22536687631027252,1.7735849056603774,0.05116279069767442,0.6585365853658537,0.2926829268292683,0.2682926829268293,0.5853658536585366,1.3414634146341464,0.11162790697674418,0.4,2023-2025,False
00-0038935,Brenton Strange,TE,JAX,3,2025,2023,1,33,122,91,986,6,823,458,51,49.85004327468305,0,0,0,223.6,1063,9074,1106,869,1676,14447,1356,51,43.0,1473.0,2776.0,370.0,1516.0,767.0,625.0,3456.0,1967.0,1222.0,122.0,91.0,528.0,458.0,5.0,7.0,51.0,122.0,20.0,10.0,9.0,8.0,28.0,13.0,49.85004327468302,0.4386574074074074,0.4086069120875657,0.16393442622950818,6.466780727630286,3.4974272483637305,6.532654867256639,8.019424084946403,5.3503488372093,4.941829271447232,0.4085195657620707,76.10619469026553,6.7344262295081965,5.817582417582418,5.059340659340659,18.488372093023255,0.5703921568627451,0.1147695202257761,0.09069869958122107,0.07279236276849642,0.05696684432754205,0.0,0.0,0.6470588235294118,0.23564337004551889,1.198055893074119,6.745901639344262,0.7459016393442623,0.408606912087566,,10.835164835164836,0.5306195965417867,34.25581395348837,0.38993390950686324,0.5114566284779051,3.696969696969697,2.757575757575758,29.87878787878788,0.18181818181818182,24.939393939393938,6.775757575757575,0.0,0.0,0.0,767.0,23.242424242424242,0.1590612777053455,1.2855280312907431,0.05737704918032787,0.6060606060606061,0.30303030303030304,0.2727272727272727,0.24242424242424243,0.8484848484848485,0.06557377049180328,0.4642857142857143,2023-2025,False
00-0038938,Jalin Hyatt,WR,NYG,3,2025,2023,1,29,73,36,470,0,1484,56,16,-12.606510197017956,0,0,0,83.0,926,7337,978,766,1542,12278,1389,51,40.0,1074.0,2715.0,7.0,1092.0,704.0,314.0,3492.0,1964.0,1237.0,73.0,36.0,414.0,56.0,1.0,5.0,16.0,73.0,1.0,0.0,3.0,31.0,22.0,7.0,-12.606510197017958,0.3127147766323024,-0.1726919205070953,0.0136986301369863,,,,,,,,,20.313698630136987,11.480555555555556,1.5750000000000002,23.0,0.39485294117647063,0.07883369330453564,0.20226250511108082,0.04734111543450065,0.12086659064994298,0.0,0.0,0.5686274509803921,0.25983429353456,0.316711590296496,20.328767123287673,0.4931506849315068,-0.17269192050709528,,13.055555555555555,0.39558011049723757,26.85,0.35845213849287166,0.253839935327405,2.5172413793103448,1.2413793103448276,16.20689655172414,0.0,51.172413793103445,2.8620689655172415,0.0,0.0,0.0,704.0,24.275862068965516,0.10369318181818182,0.6676136363636364,0.0684931506849315,0.034482758620689655,0.0,0.10344827586206896,1.0689655172413792,0.7586206896551724,0.4246575342465753,0.3181818181818182,2023-2025,False
00-0038941,Tyler Scott,WR,CHI,2,2024,2023,1,17,33,18,173,0,368,77,10,-11.126016061669807,7,41,0,37.4,487,3878,521,514,1003,8309,965,34,26.0,459.0,1899.0,90.0,472.0,270.0,170.0,2341.0,1311.0,850.0,33.0,18.0,96.0,77.0,1.0,2.0,10.0,33.0,5.0,3.0,3.0,6.0,11.0,3.0,-11.126016061669803,0.20162323793250747,-0.3371520018687819,0.15151515151515152,,,,,,,,,11.187878787878788,5.366666666666666,4.26111111111111,17.0,0.29657754010695186,0.06776180698151951,0.09489427539969056,0.03290129611166501,0.04428932482849922,0.013618677042801557,0.007253886010362694,0.5,0.16806870325206263,0.4701086956521739,11.151515151515152,0.5454545454545454,-0.337152001868782,5.857142857142857,9.61111111111111,0.24170616113744076,17.653846153846153,0.20594965675057209,0.2,1.9411764705882353,1.0588235294117647,10.176470588235293,0.0,21.647058823529413,2.1999999999999997,0.4117647058823529,2.411764705882353,0.0,270.0,15.882352941176471,0.12222222222222222,0.6407407407407407,0.06060606060606061,0.29411764705882354,0.17647058823529413,0.17647058823529413,0.35294117647058826,0.6470588235294118,0.18181818181818182,0.2727272727272727,2023-2025,False
00-0038953,Dylan Drummond,WR,ATL,1,2025,2025,1,6,11,7,42,0,85,14,2,-7.06277801852514,0,0,0,11.2,170,1252,182,171,519,4170,477,17,8.0,122.0,559.0,38.0,125.0,73.0,37.0,1135.0,586.0,460.0,11.0,7.0,28.0,14.0,0.0,0.0,2.0,11.0,3.0,1.0,1.0,1.0,5.0,0.0,-6.115778018525138,0.11013215859030837,-0.5559798198659216,0.2727272727272727,,,,,,,,,7.7,4.0,2.0,,0.21111111111111114,0.06470588235294118,0.06789137380191693,0.02119460500963391,0.02038369304556355,0.0,0.0,0.35294117647058826,0.14458278519075363,0.49411764705882355,7.7272727272727275,0.6363636363636364,-0.6420707289568309,,6.0,0.2182468694096601,15.25,0.12457337883959044,0.08043478260869565,1.8333333333333333,1.1666666666666667,7.0,0.0,14.166666666666666,1.8666666666666665,0.0,0.0,0.0,73.0,12.166666666666666,0.1506849315068493,0.5753424657534246,0.0,0.5,0.16666666666666666,0.16666666666666666,0.16666666666666666,0.8333333333333334,0.09090909090909091,0.0,2023-2025,True
00-0038976,Marvin Mims Jr.,WR,DEN,3,2025,2023,1,48,136,98,1202,8,1359,862,37,34.94014695033381,34,150,1,299.2,1519,11442,1599,1285,1610,12372,1368,51,48.0,1060.0,3121.0,454.0,1081.0,716.0,297.0,3401.0,1924.0,1220.0,136.0,98.0,340.0,862.0,4.0,5.0,37.0,136.0,9.0,5.0,8.0,37.0,44.0,19.0,35.88714695033383,0.3178476918553367,0.2638760805171605,0.0661764705882353,7.907260506483811,4.870429687414584,8.044466019417476,9.789413284287477,9.542236842105284,7.886919470980705,1.655317371124559,73.78640776699028,10.018382352941176,3.489795918367347,8.767346938775509,15.916949152542374,0.33625,0.08953258722843976,0.11877294179339276,0.084472049689441,0.10984481086323958,0.026459143968871595,0.024853801169590642,0.9411764705882353,0.21743994009803458,0.8844738778513613,9.992647058823529,0.7205882352941176,0.25691284522304275,4.411764705882353,12.26530612244898,0.33963473245754566,22.083333333333332,0.37214137214137216,0.24344262295081967,2.8333333333333335,2.0416666666666665,25.041666666666668,0.16666666666666666,28.3125,6.233333333333333,0.7083333333333334,3.125,0.020833333333333332,716.0,14.916666666666666,0.18994413407821228,1.6787709497206704,0.03676470588235294,0.1875,0.10416666666666667,0.16666666666666666,0.7708333333333334,0.9166666666666666,0.27205882352941174,0.4318181818181818,2023-2025,False
00-0038977,Tank Dell,WR,HOU,2,2024,2023,1,24,156,98,1376,10,2086,316,69,51.973739966519815,20,94,0,305.0,798,7165,836,622,1113,9830,878,34,25.0,1127.0,1662.0,42.0,1150.0,763.0,318.0,2304.0,1322.0,817.0,156.0,98.0,1060.0,316.0,3.0,10.0,69.0,156.0,17.0,7.0,13.0,33.0,49.0,24.0,52.92073996651978,0.4991319444444444,0.339235512605896,0.10897435897435898,6.461052761341224,2.801885141093573,13.529230769230734,22.126800011583757,3.4144897959183673,3.4401466513522148,-0.0256568554338477,62.82051282051285,13.365384615384615,10.859183673469389,3.2,17.0,0.6755681818181819,0.19548872180451127,0.29113747383112354,0.14016172506738545,0.21220752797558495,0.03215434083601286,0.022779043280182234,0.7058823529411765,0.49702931438855336,0.6596356663470757,13.371794871794872,0.6282051282051282,0.33316499978538344,4.7,14.040816326530612,0.6780986762936222,45.08,0.5771558245083207,0.38922888616891066,6.5,4.083333333333333,57.333333333333336,0.4166666666666667,86.91666666666667,12.708333333333334,0.8333333333333334,3.9166666666666665,0.0,763.0,31.791666666666668,0.20445609436435125,1.8034076015727392,0.0641025641025641,0.7083333333333334,0.2916666666666667,0.5416666666666666,1.375,2.0416666666666665,0.21153846153846154,0.4897959183673469,2023-2025,False
00-0038979,Cedric Tillman,WR,CLE,3,2025,2023,1,32,132,71,833,5,1483,254,40,-21.255283144981384,2,3,0,184.60000000000002,1097,9068,1156,818,1753,14223,1330,51,38.0,1556.0,2587.0,23.0,1597.0,960.0,536.0,3602.0,2106.0,1244.0,132.0,71.0,579.0,254.0,6.0,5.0,40.0,132.0,16.0,6.0,14.0,19.0,45.0,16.0,-21.361283144981357,0.443364797334814,-0.16182790261349514,0.12121212121212122,6.12444444444444,2.92052213198318,11.666122448979602,11.6036050665801,3.91275862068965,3.11507668383952,0.797681936850132,59.1836734693878,11.081060606060605,8.159154929577465,3.6000000000000005,8.644,0.5960423951048951,0.1203281677301732,0.16354212615791797,0.07529948659440959,0.10426773535822259,0.0024449877750611247,0.0015037593984962407,0.6274509803921569,0.2949717399058024,0.5616992582602832,11.234848484848484,0.5378787878787878,-0.16102487231046503,1.5,11.732394366197184,0.601468882875918,40.94736842105263,0.45584045584045585,0.43086816720257237,4.125,2.21875,26.03125,0.15625,46.34375,5.768750000000001,0.0625,0.09375,0.0,960.0,30.0,0.1375,0.8677083333333333,0.03787878787878788,0.5,0.1875,0.4375,0.59375,1.40625,0.14393939393939395,0.35555555555555557,2023-2025,False
00-0038994,Jordan Addison,WR,MIN,3,2025,2023,1,46,286,175,2396,22,3714,614,103,75.3498624700134,6,103,2,568.9,1477,12395,1544,1132,1591,13312,1260,51,46.0,2453.0,2959.0,1.0,2518.0,1554.0,767.0,3337.0,1910.0,1145.0,286.0,175.0,1783.0,613.0,8.0,11.0,103.0,286.0,48.0,23.0,35.0,71.0,73.0,31.0,76.2968624700135,0.7545699730296673,0.2667722463986486,0.16783216783216784,6.637224006836789,2.8710429822395986,13.290629370629366,28.86356171144149,3.6839428571428554,2.7261685329980803,0.9577743241447769,61.188811188811165,13.004545454545456,10.188,3.4959999999999996,24.64,0.8252173913043478,0.19363574813811782,0.299636950383219,0.17976115650534255,0.2789963942307692,0.00530035335689046,0.004761904761904762,0.9019607843137255,0.5001994874754301,0.6451265481960151,12.986013986013987,0.6118881118881119,0.26346105758745947,17.166666666666668,13.691428571428572,0.828996282527881,53.32608695652174,0.8136125654450261,0.6698689956331878,6.217391304347826,3.8043478260869565,52.08695652173913,0.4782608695652174,80.73913043478261,12.367391304347825,0.13043478260869565,2.239130434782609,0.043478260869565216,1554.0,33.78260869565217,0.18404118404118405,1.5418275418275418,0.038461538461538464,1.0434782608695652,0.5,0.7608695652173914,1.5434782608695652,1.5869565217391304,0.24825174825174826,0.4246575342465753,2023-2025,False
00-0038996,Tucker Kraft,TE,GB,3,2025,2023,1,39,154,113,1551,15,731,1032,70,94.14771701433035,4,9,0,359.0,1164,10028,1214,1116,1485,13410,1459,51,42.0,1985.0,2690.0,339.0,2042.0,1033.0,877.0,3327.0,1713.0,1365.0,154.0,113.0,519.0,1032.0,19.0,8.0,70.0,154.0,35.0,9.0,6.0,8.0,37.0,19.0,93.09471701433031,0.613766155695822,0.6045111494437033,0.22727272727272727,6.04280701754386,4.40376028093229,5.22042857142857,9.07643549404641,9.5536,6.43247017495453,3.12112982504547,71.4285714285714,4.764935064935065,4.584070796460177,9.142477876106193,6.11858407079646,0.753393665158371,0.1323024054982818,0.07289589150378939,0.1037037037037037,0.05451155853840418,0.0035842293906810036,0.0027416038382453737,0.7647058823529411,0.24948073230007528,2.121751025991792,4.746753246753247,0.7337662337662337,0.6113488117813659,2.25,13.725663716814159,0.7379182156133829,47.26190476190476,0.603035610040864,0.6424908424908425,3.948717948717949,2.8974358974358974,39.76923076923077,0.38461538461538464,18.743589743589745,9.205128205128204,0.10256410256410256,0.23076923076923078,0.0,1033.0,26.487179487179485,0.14908034849951599,1.5014520813165537,0.05194805194805195,0.8974358974358975,0.23076923076923078,0.15384615384615385,0.20512820512820512,0.9487179487179487,0.05194805194805195,0.5135135135135135,2023-2025,False
00-0038997,Josh Downs,WR,IND,3,2025,2023,1,47,293,198,2140,11,2100,911,106,60.76237493594567,3,10,0,479.0,1462,12613,1523,1320,1568,14068,1417,51,47.0,1984.0,3084.0,91.0,1975.0,1190.0,673.0,3387.0,1822.0,1330.0,293.0,198.0,1229.0,911.0,6.0,14.0,106.0,293.0,39.0,16.0,11.0,30.0,105.0,50.0,60.7623749359456,0.5831118984351934,0.20738011923530922,0.13310580204778158,6.410396296467117,3.0925316471545012,6.989283276450511,15.204450456405079,4.845959595959598,4.470912731243964,0.3750468647156299,67.57679180887371,7.090443686006826,6.237373737373737,4.621212121212121,37.39393939393939,0.6359574468085106,0.20041039671682626,0.1664948862284944,0.1868622448979592,0.14927495024168325,0.0022727272727272726,0.002117148906139732,0.9215686274509803,0.41716201543518544,1.019047619047619,7.167235494880546,0.6757679180887372,0.20738011923530947,3.3333333333333335,10.808080808080808,0.6433203631647212,42.212765957446805,0.6531284302963776,0.5060150375939849,6.23404255319149,4.212765957446808,45.53191489361702,0.23404255319148937,44.680851063829785,10.191489361702128,0.06382978723404255,0.2127659574468085,0.0,1190.0,25.319148936170212,0.246218487394958,1.7983193277310925,0.04778156996587031,0.8297872340425532,0.3404255319148936,0.23404255319148937,0.6382978723404256,2.234042553191489,0.10238907849829351,0.47619047619047616,2023-2025,False
00-0039041,Elijah Higgins,TE,ARI,3,2025,2023,1,43,80,64,636,3,384,366,34,21.19497035714449,0,0,0,143.6,1421,10460,1478,1089,1680,12543,1300,51,45.0,1078.0,2972.0,551.0,1106.0,575.0,454.0,3444.0,1996.0,1208.0,80.0,64.0,270.0,366.0,8.0,3.0,34.0,80.0,10.0,6.0,4.0,1.0,16.0,12.0,21.194970357144484,0.32113821138211385,0.26493712946430603,0.125,,,,,,,,,4.60625,4.24375,5.7375,6.28,0.36694938440492475,0.05629838142153413,0.0367112810707457,0.047619047619047616,0.03061468548194212,0.0,0.0,0.8431372549019608,0.11014546888182318,1.65625,4.8,0.8,0.26493712946430614,,9.9375,0.3627187079407806,23.955555555555556,0.2880761523046092,0.3758278145695364,1.8604651162790697,1.4883720930232558,14.790697674418604,0.06976744186046512,8.930232558139535,3.33953488372093,0.0,0.0,0.0,575.0,13.372093023255815,0.1391304347826087,1.106086956521739,0.0375,0.23255813953488372,0.13953488372093023,0.09302325581395349,0.023255813953488372,0.37209302325581395,0.0125,0.75,2023-2025,False
00-0039050,Payne Durham,TE,TB,3,2025,2023,1,22,25,17,184,2,209,51,9,12.89167407155037,0,0,0,47.4,770,6149,794,573,1654,13337,1394,51,46.0,912.0,3040.0,458.0,930.0,346.0,510.0,3464.0,1940.0,1260.0,25.0,17.0,137.0,47.0,0.0,3.0,9.0,25.0,4.0,2.0,3.0,3.0,5.0,3.0,12.89167407155037,0.2684757505773672,0.5156669628620147,0.16,,,,,,,,,8.504,8.076470588235296,2.7764705882352945,,0.3013646647470177,0.032467532467532464,0.03398926654740608,0.015114873035066506,0.015670690560095974,0.0,0.0,0.43137254901960786,0.07249378528448296,0.8803827751196173,8.36,0.68,0.5156669628620147,,10.823529411764707,0.3,19.82608695652174,0.17835051546391753,0.40476190476190477,1.1363636363636365,0.7727272727272727,8.363636363636363,0.09090909090909091,9.5,2.1545454545454543,0.0,0.0,0.0,346.0,15.727272727272727,0.07225433526011561,0.5317919075144508,0.12,0.18181818181818182,0.09090909090909091,0.13636363636363635,0.13636363636363635,0.22727272727272727,0.12,0.6,2023-2025,False
00-0039052,Trey Palmer,WR,TB,2,2024,2023,1,32,90,51,557,4,1051,145,24,-3.3155552975246687,3,22,0,130.9,1053,8494,1079,861,1113,8833,922,34,32.0,1023.0,2115.0,60.0,1050.0,640.0,330.0,2299.0,1296.0,828.0,90.0,51.0,412.0,145.0,0.0,5.0,24.0,90.0,5.0,2.0,7.0,20.0,29.0,13.0,-2.3685552975246544,0.45672031317964334,-0.026317281083607272,0.05555555555555555,6.41621212121212,3.07062667467775,10.1588235294118,14.5778070403127,3.07538461538462,3.64057688110388,-0.565192265719265,57.3529411764706,11.780000000000001,8.047058823529412,2.811764705882353,,0.4853125,0.08547008547008547,0.12373440075347304,0.08086253369272237,0.11898562209894713,0.003484320557491289,0.0032537960954446853,0.9411764705882353,0.21481920873255933,0.5299714557564225,11.677777777777777,0.5666666666666667,-0.03683950330582965,7.333333333333333,10.92156862745098,0.4836879432624113,31.96875,0.49382716049382713,0.39855072463768115,2.8125,1.59375,17.40625,0.125,32.84375,4.090625,0.09375,0.6875,0.0,640.0,20.0,0.140625,0.8703125,0.05555555555555555,0.15625,0.0625,0.21875,0.625,0.90625,0.2222222222222222,0.4482758620689655,2023-2025,False
00-0039062,Jonathan Mingo,WR,DAL,3,2025,2023,2,34,132,61,610,0,1480,226,22,-42.20730672237979,2,5,0,120.5,1134,9501,1204,891,1659,14015,1320,51,38.0,1452.0,2548.0,140.0,1490.0,851.0,540.0,4694.0,2681.0,1621.0,132.0,61.0,384.0,226.0,2.0,7.0,22.0,132.0,4.0,3.0,4.0,21.0,35.0,4.0,-42.20730672237974,0.3174265019173413,-0.319752323654392,0.030303030303030304,6.173452380952379,2.76853596969463,10.2837647058824,22.0196890460788,3.69581395348837,4.36493633658518,-0.669122383096807,50.5882352941176,11.030303030303031,6.288524590163934,3.69016393442623,35.63333333333333,0.6009111880046136,0.1164021164021164,0.15577307651826122,0.07956600361663653,0.10560114163396361,0.002244668911335578,0.0015151515151515152,0.6666666666666666,0.2836443281659574,0.41216216216216217,11.212121212121213,0.4621212121212121,-0.3197523236543924,2.5,10.0,0.5698587127158555,38.21052631578947,0.31741887355464377,0.33312769895126465,3.8823529411764706,1.7941176470588236,17.941176470588236,0.0,43.529411764705884,3.5441176470588234,0.058823529411764705,0.14705882352941177,0.0,851.0,25.029411764705884,0.15511163337250294,0.7168037602820212,0.05303030303030303,0.11764705882352941,0.08823529411764706,0.11764705882352941,0.6176470588235294,1.0294117647058822,0.1590909090909091,0.11428571428571428,2023-2025,False
00-0039064,Zay Flowers,WR,BAL,3,2025,2023,1,50,342,237,3128,14,3332,1308,137,119.97650138119442,27,174,2,659.2,1314,11503,1365,1577,1340,11673,1602,51,50.0,2615.0,3193.0,13.0,2669.0,1469.0,1022.0,3341.0,1654.0,1427.0,342.0,237.0,1816.0,1312.0,26.0,17.0,137.0,342.0,33.0,17.0,18.0,64.0,93.0,39.0,120.81750138119438,0.7988626159832386,0.3532675478982292,0.09649122807017543,7.108146069201682,3.725583962265979,9.75900584795321,29.28482396988751,5.624050632911395,4.724952400912389,0.8990982319990053,69.29824561403511,9.56374269005848,7.704219409282701,5.547257383966245,9.29493670886076,0.8175999999999999,0.2602739726027397,0.28966356602625404,0.25522388059701495,0.28544504411890687,0.017121116043119847,0.016853932584269662,0.9803921568627451,0.5931754551224874,0.9387755102040817,9.742690058479532,0.6929824561403509,0.35080848357074396,6.444444444444445,13.19831223628692,0.8189790165988099,52.3,0.8881499395405078,0.716187806587246,6.84,4.74,62.56,0.28,66.64,13.184000000000001,0.54,3.48,0.04,1469.0,29.38,0.23281143635125937,2.129339686861811,0.049707602339181284,0.66,0.34,0.36,1.28,1.86,0.1871345029239766,0.41935483870967744,2023-2025,False
00-0039065,Sam LaPorta,TE,DET,3,2025,2023,1,42,252,186,2104,20,1708,975,110,108.28409418034725,1,4,0,520.8,1328,9084,1400,1251,1646,11305,1476,51,42.0,2408.0,2817.0,19.0,2457.0,1324.0,986.0,3501.0,1866.0,1429.0,252.0,186.0,1129.0,975.0,17.0,6.0,110.0,252.0,42.0,22.0,18.0,17.0,73.0,34.0,106.1780941803473,0.7017994858611826,0.42134164357280673,0.16666666666666666,5.985250061140998,3.4310617954857103,6.888730158730157,17.15022105167299,5.426559139784947,4.382094096524139,1.0444650432608056,73.80952380952382,6.794841269841269,6.09247311827957,5.264516129032258,12.610752688172042,0.8519047619047619,0.1897590361445783,0.18802289740202555,0.15309842041312272,0.15108359133126936,0.0007993605115907274,0.0006775067750677507,0.8235294117647058,0.41625458239828533,1.2318501170960188,6.777777777777778,0.7380952380952381,0.4296987864299494,4.0,11.311827956989248,0.8548100816471423,57.333333333333336,0.7095391211146839,0.6899930020993702,6.0,4.428571428571429,50.095238095238095,0.47619047619047616,40.666666666666664,12.399999999999999,0.023809523809523808,0.09523809523809523,0.0,1324.0,31.523809523809526,0.1903323262839879,1.5891238670694865,0.023809523809523808,1.0,0.5238095238095238,0.42857142857142855,0.40476190476190477,1.7380952380952381,0.06746031746031746,0.4657534246575342,2023-2025,False
00-0039066,Michael Mayer,TE,LV,3,2025,2023,1,37,122,83,788,3,664,421,45,7.921540278029257,0,0,0,181.8,1190,8749,1248,824,1617,11944,1162,51,38.0,1527.0,2358.0,194.0,1557.0,859.0,596.0,3234.0,1909.0,1102.0,122.0,83.0,367.0,421.0,6.0,4.0,45.0,122.0,19.0,7.0,2.0,7.0,33.0,14.0,6.868540278029247,0.48144712430426717,0.056299510475649565,0.1557377049180328,5.92,3.4526623761818,4.3966,6.743024008392359,6.05914285714286,5.82699917903093,0.23214367811193098,70.0,5.462295081967213,4.432530120481927,5.079518072289157,20.343373493975903,0.6537837837837838,0.10252100840336134,0.07589438793004914,0.07544836116264687,0.055592766242464835,0.0,0.0,0.7254901960784313,0.2069075841560764,1.1867469879518073,5.442622950819672,0.680327868852459,0.06493065801663325,,9.493975903614459,0.6475826972010178,40.18421052631579,0.4499738082765846,0.5408348457350273,3.2972972972972974,2.2432432432432434,21.2972972972973,0.08108108108108109,17.945945945945947,4.9135135135135135,0.0,0.0,0.0,859.0,23.216216216216218,0.1420256111757858,0.9173457508731082,0.03278688524590164,0.5135135135135135,0.1891891891891892,0.05405405405405406,0.1891891891891892,0.8918918918918919,0.05737704918032787,0.42424242424242425,2023-2025,False
00-0039067,Rashee Rice,WR,KC,3,2025,2023,1,28,209,156,1797,14,980,1254,87,71.96513541656024,7,18,1,427.5,956,6973,1020,719,1720,12434,1297,51,28.0,1192.0,1894.0,1.0,1217.0,748.0,384.0,3464.0,2084.0,1110.0,209.0,156.0,544.0,1253.0,10.0,14.0,87.0,209.0,42.0,26.0,11.0,13.0,47.0,20.0,70.91213541656026,0.35132794457274824,0.3392925139548338,0.20095693779904306,6.336297455152275,3.9121323108225488,4.743944444444445,11.01701418564314,8.310227272727271,6.9485175852078855,1.3617096875193866,73.33333333333337,4.668899521531101,3.503846153846154,8.053205128205128,20.255128205128205,0.6342857142857142,0.2186192468619247,0.14054209092212822,0.12151162790697674,0.07881614926813575,0.009735744089012517,0.005397070161912105,0.5490196078431373,0.42630833393837675,1.833673469387755,4.688995215311005,0.7464114832535885,0.3443307914667954,2.5714285714285716,11.51923076923077,0.6293558606124604,42.57142857142857,0.35892514395393477,0.34594594594594597,7.464285714285714,5.571428571428571,64.17857142857143,0.5,35.0,15.267857142857142,0.25,0.6428571428571429,0.03571428571428571,748.0,26.714285714285715,0.27941176470588236,2.4024064171122994,0.06698564593301436,1.5,0.9285714285714286,0.39285714285714285,0.4642857142857143,1.6785714285714286,0.06220095693779904,0.425531914893617,2023-2025,False
00-0039074,Davis Allen,TE,LA,3,2025,2023,1,29,57,40,342,4,204,232,21,11.406688284203831,0,0,0,98.2,1003,8424,1038,811,1677,14059,1392,51,46.0,1086.0,3128.0,431.0,1110.0,483.0,528.0,3442.0,1860.0,1341.0,57.0,40.0,110.0,232.0,2.0,6.0,21.0,57.0,14.0,7.0,5.0,1.0,8.0,3.0,11.406688284203828,0.32248692620569436,0.2001173383193654,0.24561403508771928,,,,,,,,,3.5491228070175436,2.775,5.795,12.0,0.3805098039215686,0.05682951146560319,0.024216524216524215,0.03398926654740608,0.014510278113663845,0.0,0.0,0.5686274509803921,0.10219583414997173,1.6764705882352942,3.5789473684210527,0.7017543859649122,0.20011733831936546,,8.55,0.34718670076726343,23.608695652173914,0.25967741935483873,0.39373601789709173,1.9655172413793103,1.3793103448275863,11.793103448275861,0.13793103448275862,7.0344827586206895,3.386206896551724,0.0,0.0,0.0,483.0,16.655172413793103,0.11801242236024845,0.7080745341614907,0.10526315789473684,0.4827586206896552,0.2413793103448276,0.1724137931034483,0.034482758620689655,0.27586206896551724,0.017543859649122806,0.375,2023-2025,False
00-0039075,Puka Nacua,WR,LA,3,2025,2023,1,44,432,313,4191,19,3858,1823,195,235.8534388367162,33,240,2,880.1,1458,12308,1516,1214,1677,14059,1392,51,44.0,2214.0,2933.0,11.0,2250.0,1328.0,796.0,3442.0,1860.0,1341.0,432.0,313.0,2375.0,1816.0,28.0,18.0,195.0,432.0,46.0,21.0,22.0,52.0,108.0,55.0,236.8004388367162,0.6536897152818129,0.5481491639738801,0.10648148148148148,6.131382108814806,2.9916265355941443,8.631504629629632,28.039139150046953,6.144728434504792,4.5656743351112175,1.5790540993935736,72.45370370370372,8.882407407407408,7.5699680511182095,5.8217252396166135,11.847923322683707,0.7595454545454546,0.2962962962962963,0.3134546636334092,0.25760286225402507,0.2744149655025251,0.027182866556836903,0.023706896551724137,0.8627450980392157,0.6638627089878308,1.0863141524105755,8.930555555555555,0.7245370370370371,0.5459570343442505,7.2727272727272725,13.389776357827476,0.7548585066484828,50.31818181818182,0.7139784946236559,0.5935868754660701,9.818181818181818,7.113636363636363,95.25,0.4318181818181818,87.68181818181819,20.00227272727273,0.75,5.454545454545454,0.045454545454545456,1328.0,30.181818181818183,0.3253012048192771,3.1558734939759034,0.041666666666666664,1.0454545454545454,0.4772727272727273,0.5,1.1818181818181819,2.4545454545454546,0.12037037037037036,0.5092592592592593,2023-2025,False
00-0039144,Luke Musgrave,TE,GB,3,2025,2023,1,31,87,65,649,1,676,256,27,17.371338340663343,0,0,0,135.9,933,8830,979,891,1485,13410,1459,51,35.0,1041.0,2232.0,127.0,1069.0,595.0,397.0,3327.0,1713.0,1365.0,87.0,65.0,393.0,256.0,0.0,4.0,27.0,87.0,8.0,2.0,1.0,12.0,20.0,9.0,17.371338340663343,0.32131048993086864,0.19967055563980854,0.09195402298850575,5.60428571428571,4.32318307694976,7.099782608695649,6.782198778917639,5.33205882352941,5.28068732049192,0.0513715030374886,73.9130434782609,7.788505747126436,6.050769230769231,3.9661538461538464,,0.46895635673624286,0.0932475884244373,0.07655719139297848,0.05858585858585859,0.05041014168530947,0.0,0.0,0.6078431372549019,0.19346141661174088,0.9600591715976331,7.7701149425287355,0.7471264367816092,0.19967055563980854,,9.984615384615385,0.46639784946236557,29.742857142857144,0.347343841214244,0.29084249084249086,2.806451612903226,2.096774193548387,20.93548387096774,0.03225806451612903,21.806451612903224,4.383870967741935,0.0,0.0,0.0,595.0,19.193548387096776,0.146218487394958,1.0907563025210083,0.04597701149425287,0.25806451612903225,0.06451612903225806,0.03225806451612903,0.3870967741935484,0.6451612903225806,0.13793103448275862,0.45,2023-2025,False
00-0039146,Jayden Reed,WR,GB,3,2025,2023,1,38,191,138,1857,15,1829,800,69,87.03221549587583,34,310,3,462.7,1129,10314,1168,1065,1485,13410,1459,51,40.0,1432.0,2519.0,108.0,1471.0,890.0,485.0,3327.0,1713.0,1365.0,191.0,138.0,1057.0,800.0,8.0,13.0,69.0,190.0,31.0,12.0,13.0,39.0,62.0,26.0,87.36126884668721,0.4421400661256387,0.45979615182466954,0.1631578947368421,6.772948008046865,3.689520397744647,9.162899408284018,17.563582887369098,6.484033613445379,5.854981995470547,0.6290516179748346,70.41420118343191,9.575392670157068,7.687681159420289,5.781159420289855,18.479710144927534,0.5733458646616543,0.1691762621789194,0.17733178204382394,0.1286195286195286,0.13639075316927665,0.03192488262910798,0.023303632625085675,0.7450980392156863,0.3778966406990558,1.0153089119737562,9.575916230366492,0.7225130890052356,0.4556660497166274,9.117647058823529,13.456521739130435,0.5684795553791187,35.8,0.5195563339171045,0.3553113553113553,5.026315789473684,3.6315789473684212,48.86842105263158,0.39473684210526316,48.13157894736842,12.176315789473684,0.8947368421052632,8.157894736842104,0.07894736842105263,890.0,23.42105263157895,0.21460674157303372,2.0865168539325842,0.06806282722513089,0.8157894736842105,0.3157894736842105,0.34210526315789475,1.0263157894736843,1.631578947368421,0.20526315789473684,0.41935483870967744,2023-2025,False
00-0039236,Johnny Wilson,WR,PHI,1,2024,2024,1,10,15,5,38,1,147,15,3,-1.1541087210465737,0,0,0,14.8,276,2196,294,347,418,3483,621,17,16.0,369.0,1101.0,98.0,371.0,159.0,196.0,1192.0,535.0,560.0,15.0,5.0,23.0,15.0,0.0,1.0,3.0,15.0,3.0,3.0,3.0,1.0,5.0,2.0,-1.154108721046577,0.311241610738255,-0.07694058140310514,0.2,,,,,,,,,9.8,4.6,3.0,,0.33625,0.05434782608695652,0.06693989071038252,0.03588516746411483,0.04220499569336779,0.0,0.0,0.5882352941176471,0.12837966262770253,0.2585034013605442,9.8,0.3333333333333333,-0.07694058140310492,,7.6,0.335149863760218,23.0625,0.297196261682243,0.35,1.5,0.5,3.8,0.1,14.7,1.48,0.0,0.0,0.0,159.0,15.9,0.09433962264150944,0.2389937106918239,0.06666666666666667,0.3,0.3,0.3,0.1,0.5,0.06666666666666667,0.4,2023-2025,True
00-0039316,Baylor Cupp,TE,KC,1,2024,2024,1,1,1,0,0,0,0,0,0,-0.678179833921604,0,0,0,0.0,36,255,37,25,572,3806,450,17,1.0,6.0,69.0,4.0,7.0,3.0,1.0,1167.0,680.0,401.0,1.0,0.0,0.0,0.0,0.0,1.0,0.0,1.0,0.0,0.0,0.0,0.0,0.0,0.0,-0.6781798339216039,0.005998286203941731,-0.6781798339216039,0.0,,,,,,,,,0.0,,,,0.09,0.027777777777777776,0.0,0.0017482517482517483,0.0,0.0,0.0,0.058823529411764705,0.041666666666666664,,0.0,0.0,-0.678179833921604,,,0.08695652173913043,6.0,0.004411764705882353,0.0024937655860349127,1.0,0.0,0.0,0.0,0.0,0.0,0.0,0.0,0.0,3.0,3.0,0.3333333333333333,0.0,1.0,0.0,0.0,0.0,0.0,0.0,0.0,,2023-2025,True
00-0039337,Malik Nabers,WR,NYG,2,2025,2024,1,19,205,127,1475,9,2164,514,66,48.003304614280424,5,2,0,330.70000000000005,609,4721,647,472,1057,8492,935,34,19.0,1102.0,1251.0,0.0,1143.0,689.0,355.0,2366.0,1296.0,851.0,205.0,127.0,961.0,514.0,8.0,10.0,66.0,205.0,19.0,13.0,17.0,39.0,41.0,18.0,47.8973046142804,0.4830938292476754,0.23364538836234341,0.09268292682926829,6.1159756097561,2.8126119324836,9.45229411764706,40.9103754490393,4.48183486238532,3.73142706316655,0.750407799218767,64.1176470588235,10.260975609756098,7.5653543307086615,4.015748031496063,13.599999999999998,0.8826315789473684,0.3366174055829228,0.4583774624020335,0.19394512771996217,0.25482807348092323,0.01059322033898305,0.0053475935828877,0.5588235294117647,0.8257903320558077,0.6816081330868762,10.55609756097561,0.6195121951219512,0.23416246153307524,0.4,11.614173228346457,0.8808952837729817,58.0,0.5316358024691358,0.4171562867215041,10.789473684210526,6.684210526315789,77.63157894736842,0.47368421052631576,113.89473684210526,17.40526315789474,0.2631578947368421,0.10526315789473684,0.0,689.0,36.26315789473684,0.29753265602322204,2.1407837445573294,0.04878048780487805,1.0,0.6842105263157895,0.8947368421052632,2.0526315789473686,2.1578947368421053,0.1902439024390244,0.43902439024390244,2023-2025,False
00-0039338,Brock Bowers,TE,LV,2,2025,2024,1,29,239,176,1874,12,1483,901,97,50.45307205872578,7,15,0,438.9,956,6917,1017,629,1086,7663,749,34,29.0,1561.0,1831.0,0.0,1584.0,1031.0,447.0,2161.0,1303.0,705.0,239.0,176.0,973.0,901.0,9.0,10.0,97.0,239.0,33.0,17.0,19.0,18.0,59.0,28.0,49.40007205872581,0.7329939842665433,0.2066948621704009,0.13807531380753138,6.3619143384172405,3.34968435592703,6.36757322175732,21.001158233922123,5.246306818181816,4.275763976414288,0.9705428417675293,73.64016736401676,6.243933054393305,5.5181818181818185,5.118181818181818,19.645454545454548,0.853448275862069,0.25,0.2143993060575394,0.22007366482504603,0.19352733916220802,0.011128775834658187,0.009345794392523364,0.8529411764705882,0.5250795142402775,1.2636547538772758,6.205020920502092,0.7364016736401674,0.21110071991098653,2.142857142857143,10.647727272727273,0.8525395958492626,53.827586206896555,0.7912509593246354,0.6340425531914894,8.241379310344827,6.068965517241379,64.62068965517241,0.41379310344827586,51.13793103448276,15.134482758620688,0.2413793103448276,0.5172413793103449,0.0,1031.0,35.55172413793103,0.2318137730358875,1.8176527643064986,0.04184100418410042,1.1379310344827587,0.5862068965517241,0.6551724137931034,0.6206896551724138,2.0344827586206895,0.07531380753138076,0.4745762711864407,2023-2025,False
00-0039342,Xavier Legette,WR,CAR,2,2025,2024,1,30,148,84,860,7,1663,187,45,0.43494229812125695,7,24,0,214.4,892,7335,950,759,998,7914,871,34,31.0,1322.0,1900.0,85.0,1358.0,818.0,456.0,2172.0,1213.0,777.0,148.0,84.0,673.0,187.0,2.0,9.0,45.0,148.0,24.0,9.0,20.0,27.0,43.0,15.0,1.3819422981212712,0.6252302025782689,0.00933744796027886,0.16216216216216217,6.518689230478842,2.6106826506823313,11.65135135135134,22.799344318328586,2.4905952380952376,2.6939056200414124,-0.20331038194617637,56.75675675675673,11.132432432432433,8.025,2.2166666666666663,24.5,0.6883958333333333,0.16591928251121077,0.2267211997273347,0.14829659318637275,0.21013393985342432,0.00922266139657444,0.008036739380022962,0.8823529411764706,0.4075837635759504,0.5171377029464823,11.236486486486486,0.5675675675675675,0.0029387993116301147,3.4285714285714284,10.238095238095237,0.6957894736842105,42.645161290322584,0.674361088211047,0.5868725868725869,4.933333333333334,2.8,28.666666666666668,0.23333333333333334,55.43333333333333,7.1466666666666665,0.23333333333333334,0.8,0.0,818.0,27.266666666666666,0.18092909535452323,1.0513447432762837,0.060810810810810814,0.8,0.3,0.6666666666666666,0.9,1.4333333333333333,0.18243243243243243,0.3488372093023256,2023-2025,False
00-0039355,Luke McCaffrey,WR,WAS,2,2025,2024,1,22,39,29,371,3,388,166,14,12.81441638210183,0,0,0,86.1,641,5248,674,646,936,7990,1010,34,25.0,593.0,1726.0,145.0,608.0,351.0,199.0,2274.0,1219.0,866.0,39.0,29.0,205.0,166.0,1.0,1.0,14.0,39.0,5.0,3.0,3.0,5.0,10.0,3.0,12.708416382101843,0.2673702726473175,0.32585683031030366,0.1282051282051282,,,,,,,,,9.946153846153846,7.048275862068965,5.741379310344827,18.0,0.34574866310160424,0.060842433697347896,0.07393292682926829,0.041666666666666664,0.04856070087609512,0.0,0.0,0.6470588235294118,0.14301669932650965,0.9561855670103093,9.948717948717949,0.7435897435897436,0.32857477902825205,,12.793103448275861,0.34356894553881806,23.72,0.28794093519278097,0.22979214780600463,1.7727272727272727,1.3181818181818181,16.863636363636363,0.13636363636363635,17.636363636363637,3.9136363636363636,0.0,0.0,0.0,351.0,15.954545454545455,0.1111111111111111,1.056980056980057,0.02564102564102564,0.22727272727272727,0.13636363636363635,0.13636363636363635,0.22727272727272727,0.45454545454545453,0.1282051282051282,0.3,2023-2025,False
00-0039356,Ja'Tavion Sanders,TE,CAR,2,2025,2024,1,27,77,62,532,2,432,276,21,16.067556684407435,0,0,0,127.2,802,6410,840,676,998,7914,871,34,29.0,924.0,1768.0,228.0,961.0,585.0,293.0,2172.0,1213.0,777.0,77.0,62.0,256.0,276.0,2.0,3.0,21.0,77.0,16.0,6.0,4.0,4.0,22.0,7.0,16.06755668440745,0.44244935543278086,0.2086695673299669,0.2077922077922078,,,,,,,,,5.581818181818182,4.132258064516129,4.490322580645161,31.129032258064516,0.5265064102564103,0.09600997506234414,0.06739469578783151,0.07715430861723446,0.05458680818802123,0.0,0.0,0.7941176470588235,0.19119124964499826,1.2314814814814814,5.6103896103896105,0.8051948051948052,0.2086695673299667,,8.580645161290322,0.5226244343891403,31.862068965517242,0.482275350370981,0.3770913770913771,2.8518518518518516,2.2962962962962963,19.703703703703702,0.07407407407407407,16.0,4.711111111111111,0.0,0.0,0.0,585.0,21.666666666666668,0.13162393162393163,0.9094017094017094,0.03896103896103896,0.5925925925925926,0.2222222222222222,0.14814814814814814,0.14814814814814814,0.8148148148148148,0.05194805194805195,0.3181818181818182,2023-2025,False
00-0039359,Cade Stover,TE,HOU,2,2025,2024,1,20,38,27,209,1,149,146,9,6.839964633691123,4,3,0,54.2,629,5206,661,535,1100,9418,909,34,24.0,663.0,1601.0,362.0,683.0,258.0,363.0,2322.0,1310.0,838.0,38.0,27.0,63.0,146.0,3.0,2.0,9.0,38.0,6.0,3.0,1.0,1.0,1.0,1.0,6.839964633691125,0.2941429801894918,0.17999906930766119,0.15789473684210525,,,,,,,,,3.926315789473685,2.3333333333333335,5.4111111111111105,9.5,0.41480000000000006,0.06041335453100159,0.028620822128313485,0.034545454545454546,0.01582076874070928,0.007476635514018692,0.0044004400440044,0.5882352941176471,0.11065460728632182,1.4026845637583893,3.9210526315789473,0.7105263157894737,0.17999906930766113,0.75,7.7407407407407405,0.4141161773891318,27.625,0.1969465648854962,0.4331742243436754,1.9,1.35,10.45,0.05,7.45,2.71,0.2,0.15,0.0,258.0,12.9,0.14728682170542637,0.810077519379845,0.05263157894736842,0.3,0.15,0.05,0.05,0.05,0.02631578947368421,1.0,2023-2025,False
00-0039365,Jacob Cowing,WR,SF,1,2024,2024,1,15,6,4,80,0,86,26,3,4.255271233851079,1,7,0,12.7,455,4013,469,415,513,4528,457,17,12.0,106.0,966.0,64.0,111.0,66.0,34.0,1105.0,612.0,421.0,6.0,4.0,54.0,26.0,0.0,0.0,3.0,6.0,3.0,1.0,1.0,2.0,1.0,0.0,4.25527123385109,0.10045248868778281,0.709211872308515,0.5,,,,,,,,,12.699999999999998,13.5,6.5,,0.10400000000000001,0.013186813186813187,0.02143035135808622,0.011695906432748537,0.018992932862190812,0.0024096385542168677,0.002188183807439825,0.8823529411764706,0.03478146573088013,0.9302325581395349,14.333333333333334,0.6666666666666666,0.7092118723085132,7.0,20.0,0.10973084886128365,8.833333333333334,0.10784313725490197,0.08076009501187649,0.4,0.26666666666666666,5.333333333333333,0.0,5.733333333333333,0.8466666666666666,0.06666666666666667,0.4666666666666667,0.0,66.0,4.4,0.09090909090909091,1.2121212121212122,0.0,0.2,0.06666666666666667,0.06666666666666667,0.13333333333333333,0.06666666666666667,0.3333333333333333,0.0,2023-2025,True
00-0039379,Jamari Thrash,WR,CLE,2,2025,2024,1,14,22,13,129,0,153,53,7,0.21052128964219152,0,0,0,25.9,523,3767,553,330,1156,8924,812,34,18.0,359.0,1264.0,3.0,372.0,226.0,113.0,2337.0,1410.0,757.0,22.0,13.0,76.0,53.0,0.0,2.0,7.0,22.0,1.0,0.0,0.0,2.0,5.0,3.0,0.21052128964220174,0.15917843388960207,0.009569149529190989,0.045454545454545456,,,,,,,,,6.959090909090909,5.8538461538461535,4.084615384615384,,0.2992063492063493,0.04206500956022945,0.04061587470135386,0.01903114186851211,0.017144778126400716,0.0,0.0,0.4117647058823529,0.09152862663129187,0.8431372549019608,6.954545454545454,0.5909090909090909,0.009569149529190524,,9.923076923076923,0.28401898734177217,19.944444444444443,0.16028368794326242,0.14927344782034346,1.5714285714285714,0.9285714285714286,9.214285714285714,0.0,10.928571428571429,1.8499999999999999,0.0,0.0,0.0,226.0,16.142857142857142,0.09734513274336283,0.5707964601769911,0.09090909090909091,0.07142857142857142,0.0,0.0,0.14285714285714285,0.35714285714285715,0.09090909090909091,0.6,2023-2025,False
00-0039386,Bub Means,WR,NO,1,2024,2024,1,4,15,9,118,1,170,20,7,3.358492489263872,0,0,0,26.8,139,1109,145,100,517,4430,444,17,7.0,145.0,465.0,15.0,145.0,90.0,42.0,1113.0,618.0,421.0,15.0,9.0,98.0,20.0,0.0,1.0,7.0,15.0,1.0,1.0,1.0,3.0,8.0,3.0,3.358492489263881,0.1302785265049416,0.22389949928425873,0.06666666666666667,,,,,,,,,11.3,10.9,2.2,,0.29714285714285715,0.1079136690647482,0.1532912533814247,0.029013539651837523,0.03837471783295711,0.0,0.0,0.23529411764705882,0.2691743809641196,0.6941176470588235,11.333333333333334,0.6,0.22389949928425815,,13.11111111111111,0.3118279569892473,20.714285714285715,0.14563106796116504,0.0997624703087886,3.75,2.25,29.5,0.25,42.5,6.7,0.0,0.0,0.0,90.0,22.5,0.16666666666666666,1.3111111111111111,0.06666666666666667,0.25,0.25,0.25,0.75,2.0,0.2,0.375,2023-2025,True
00-0039392,Jha'Quan Jackson,WR,TEN,1,2024,2024,1,12,3,1,8,0,78,2,1,-1.848490768985359,1,-5,0,1.3,349,3099,369,312,507,4275,450,17,9.0,46.0,768.0,125.0,45.0,16.0,27.0,1125.0,615.0,426.0,3.0,1.0,6.0,2.0,0.0,0.0,1.0,3.0,0.0,0.0,0.0,2.0,2.0,0.0,-1.8484907689853571,0.04,-0.6161635896617857,0.0,,,,,,,,,26.0,6.0,2.0,,0.057499999999999996,0.008595988538681949,0.02516940948693127,0.005917159763313609,0.018245614035087718,0.003205128205128205,0.0022222222222222222,0.7058823529411765,0.03051256944887481,0.10256410256410256,26.0,0.3333333333333333,-0.6161635896617863,-5.0,8.0,0.059895833333333336,5.111111111111111,0.026016260162601626,0.06338028169014084,0.25,0.08333333333333333,0.6666666666666666,0.0,6.5,0.10833333333333334,0.08333333333333333,-0.4166666666666667,0.0,16.0,1.3333333333333333,0.1875,0.5,0.0,0.0,0.0,0.0,0.16666666666666666,0.16666666666666666,0.6666666666666666,0.0,2023-2025,True
00-0039394,Casey Washington,WR,ATL,2,2025,2024,1,7,16,7,108,0,298,23,7,4.679675261315422,0,0,0,17.8,230,1929,236,187,1058,8636,972,34,9.0,190.0,1013.0,47.0,195.0,104.0,73.0,2303.0,1182.0,942.0,16.0,7.0,85.0,23.0,0.0,1.0,7.0,16.0,0.0,0.0,0.0,5.0,6.0,4.0,4.679675261315424,0.08467216673903603,0.292479703832214,0.0,,,,,,,,,18.6125,12.171428571428569,3.2857142857142856,,0.26892857142857146,0.06956521739130435,0.15448418869880767,0.015122873345935728,0.03450671607225567,0.0,0.0,0.20588235294117646,0.2124867581761219,0.3624161073825503,18.625,0.4375,0.2924797038322139,,15.428571428571429,0.18756169792694966,21.11111111111111,0.08798646362098139,0.07749469214437367,2.2857142857142856,1.0,15.428571428571429,0.0,42.57142857142857,2.542857142857143,0.0,0.0,0.0,104.0,14.857142857142858,0.15384615384615385,1.0384615384615385,0.0625,0.0,0.0,0.0,0.7142857142857143,0.8571428571428571,0.3125,0.6666666666666666,2023-2025,True
00-0039410,Ryan Flournoy,WR,DAL,2,2025,2024,1,24,70,50,577,4,581,238,34,25.82987619603141,4,25,0,132.2,875,6847,899,612,1229,9755,894,34,26.0,635.0,1847.0,273.0,649.0,366.0,228.0,2422.0,1370.0,840.0,70.0,50.0,339.0,238.0,2.0,3.0,34.0,70.0,7.0,5.0,5.0,7.0,21.0,9.0,25.829876196031407,0.26796036333608586,0.36899823137187726,0.1,6.30471698113208,3.04081483374996,8.79178571428571,9.71617573343964,5.02675,4.37439124750571,0.65235875249429,71.4285714285714,8.280000000000001,6.8,4.76,20.0,0.35468750000000004,0.08,0.08485468088213816,0.05695687550854353,0.05955920041004613,0.006535947712418301,0.0044742729306487695,0.7058823529411765,0.1793982766174967,0.9931153184165232,8.3,0.7142857142857143,0.3689982313718773,6.25,11.54,0.34380075798592313,24.423076923076923,0.2671532846715328,0.2714285714285714,2.9166666666666665,2.0833333333333335,24.041666666666668,0.16666666666666666,24.208333333333332,5.508333333333333,0.16666666666666666,1.0416666666666667,0.0,366.0,15.25,0.1912568306010929,1.5765027322404372,0.04285714285714286,0.2916666666666667,0.20833333333333334,0.20833333333333334,0.2916666666666667,0.875,0.1,0.42857142857142855,2023-2025,False
00-0039420,Jaheim Bell,TE,NE,1,2024,2024,1,4,3,2,20,0,23,5,1,-0.005124380171767973,0,0,0,4.0,127,1007,133,104,500,3846,446,17,13.0,83.0,969.0,176.0,88.0,37.0,39.0,1125.0,639.0,390.0,3.0,2.0,15.0,5.0,0.0,0.0,1.0,3.0,0.0,0.0,0.0,0.0,0.0,0.0,-0.005124380171764642,0.07822222222222222,-0.0017081267239215474,0.0,,,,,,,,,7.7,7.5,2.5,,0.08600000000000001,0.023622047244094488,0.022840119165839126,0.006,0.005980239209568383,0.0,0.0,0.23529411764705882,0.05142115428222912,0.8695652173913043,7.666666666666667,0.6666666666666666,-0.0017081267239226576,,10.0,0.08565531475748193,6.384615384615385,0.057902973395931145,0.1,0.75,0.5,5.0,0.0,5.75,1.0,0.0,0.0,0.0,37.0,9.25,0.08108108108108109,0.5405405405405406,0.0,0.0,0.0,0.0,0.0,0.0,0.0,,2023-2025,True
00-0039424,Devaughn Vele,WR,NO,2,2025,2024,2,22,94,66,768,5,893,161,45,51.89815057876705,0,0,0,172.8,741,5666,774,601,1114,8917,896,34,26.0,884.0,1700.0,37.0,910.0,560.0,287.0,2290.0,1316.0,801.0,94.0,66.0,607.0,161.0,0.0,3.0,45.0,94.0,11.0,6.0,8.0,10.0,27.0,17.0,54.84515057876706,0.39737991266375544,0.5834590487102879,0.11702127659574468,5.80803921568628,3.10934409756473,8.21781818181818,11.135117823136001,3.50292682926829,3.6479712407983897,-0.145044411530094,74.54545454545462,9.520212765957446,9.219696969696969,2.4560606060606065,,0.5192657342657343,0.12685560053981107,0.15760677726791386,0.0843806104129264,0.10014578894246944,0.0,0.0,0.6470588235294118,0.3006081448972563,0.8600223964165733,9.5,0.7021276595744681,0.5521079848805005,,11.636363636363637,0.52,34.0,0.425531914893617,0.35830212234706615,4.2727272727272725,3.0,34.90909090909091,0.22727272727272727,40.59090909090909,7.854545454545455,0.0,0.0,0.0,560.0,25.454545454545453,0.16785714285714284,1.3714285714285714,0.031914893617021274,0.5,0.2727272727272727,0.36363636363636365,0.45454545454545453,1.2272727272727273,0.10638297872340426,0.6296296296296297,2023-2025,False
00-0039451,Isaiah Williams,WR,NYJ,2,2025,2024,2,23,39,28,199,0,137,126,10,-1.1658172115231613,3,34,0,63.300000000000004,683,4605,711,582,1100,8018,836,34,18.0,356.0,1429.0,171.0,364.0,224.0,119.0,3424.0,1933.0,1260.0,39.0,28.0,73.0,126.0,2.0,3.0,10.0,39.0,1.0,0.0,0.0,0.0,17.0,7.0,-1.165817211523159,0.10630841121495327,-0.029892749013414335,0.02564102564102564,,,,,,,,,3.5230769230769226,2.564285714285714,4.521428571428571,1.0,0.2539130434782609,0.05710102489019034,0.02975027144408252,0.035454545454545454,0.017086555250685958,0.005154639175257732,0.0035885167464114833,0.6764705882352942,0.10647672734614327,1.4525547445255473,3.5128205128205128,0.717948717948718,-0.029892749013414394,11.333333333333334,7.107142857142857,0.2491252624212736,19.77777777777778,0.11588204862907397,0.09444444444444444,1.6956521739130435,1.2173913043478262,8.652173913043478,0.0,5.956521739130435,2.7521739130434786,0.13043478260869565,1.4782608695652173,0.0,224.0,9.73913043478261,0.17410714285714285,0.8883928571428571,0.07692307692307693,0.043478260869565216,0.0,0.0,0.0,0.7391304347826086,0.0,0.4117647058823529,2023-2025,False
00-0039458,Brenden Bates,TE,CLE,2,2025,2024,1,6,6,4,48,0,37,10,3,2.2512037348351392,0,0,0,8.8,166,1263,175,148,1156,8924,812,34,15.0,180.0,1027.0,86.0,185.0,65.0,106.0,4618.0,2729.0,1555.0,6.0,4.0,38.0,10.0,0.0,0.0,3.0,6.0,1.0,1.0,0.0,0.0,1.0,1.0,2.251203734835144,0.040060632308358594,0.375200622472524,0.16666666666666666,,,,,,,,,6.166666666666667,9.5,2.5,,0.23952380952380956,0.03614457831325301,0.02929532858273951,0.005190311418685121,0.004146122814881219,0.0,0.0,0.17647058823529413,0.07472359747779717,1.2972972972972974,6.166666666666667,0.6666666666666666,0.3752006224725232,,12.0,0.17526777020447906,12.0,0.023818248442652987,0.06816720257234726,1.0,0.6666666666666666,8.0,0.0,6.166666666666667,1.4666666666666668,0.0,0.0,0.0,65.0,10.833333333333334,0.09230769230769231,0.7384615384615385,0.0,0.16666666666666666,0.16666666666666666,0.0,0.0,0.16666666666666666,0.0,1.0,2023-2025,True
00-0039491,Jalen Coker,WR,CAR,2,2025,2024,1,22,89,65,872,5,951,273,45,50.93035936442068,0,0,0,182.96,608,4763,648,554,998,7914,871,34,22.0,869.0,1298.0,32.0,893.0,568.0,265.0,2172.0,1213.0,777.0,89.0,65.0,599.0,273.0,3.0,0.0,45.0,89.0,10.0,5.0,8.0,9.0,27.0,17.0,50.82435936442067,0.4111418047882136,0.5710602175777604,0.11235955056179775,6.43,2.66925205397964,11.380652173913,12.5174846911815,5.6015625,3.41853361615941,2.18302888384059,69.5652173913044,10.671910112359551,9.193846153846154,4.183076923076923,24.630769230769232,0.6786363636363636,0.14638157894736842,0.19966407726222968,0.08917835671342686,0.12016679302501895,0.0,0.0,0.6470588235294118,0.3593372225046134,0.9169295478443743,10.685393258426966,0.7303370786516854,0.5722512288137155,,13.415384615384616,0.6694915254237288,39.5,0.4682605111294312,0.3410553410553411,4.045454545454546,2.9545454545454546,39.63636363636363,0.22727272727272727,43.22727272727273,8.316363636363636,0.0,0.0,0.0,568.0,25.818181818181817,0.15669014084507044,1.5352112676056338,0.0,0.45454545454545453,0.22727272727272727,0.36363636363636365,0.4090909090909091,1.2272727272727273,0.10112359550561797,0.6296296296296297,2023-2025,False
00-0039521,Xavier Weaver,WR,ARI,2,2025,2024,1,9,15,7,67,0,231,20,2,-0.49686318617347025,0,0,0,13.7,341,2536,359,184,1140,8357,829,34,11.0,329.0,792.0,23.0,333.0,231.0,80.0,2280.0,1361.0,767.0,15.0,7.0,47.0,20.0,0.0,0.0,2.0,15.0,3.0,0.0,2.0,5.0,8.0,1.0,-0.49686318617347247,0.14605263157894738,-0.03312421241156483,0.2,,,,,,,,,15.426666666666668,6.7,2.9,,0.4255555555555555,0.04398826979472141,0.09108832807570978,0.013157894736842105,0.02764149814526744,0.0,0.0,0.2647058823529412,0.12974423434507895,0.29004329004329005,15.4,0.4666666666666667,-0.033124212411564685,,9.571428571428571,0.4154040404040404,29.90909090909091,0.16972814107274062,0.10430247718383312,1.6666666666666667,0.7777777777777778,7.444444444444445,0.0,25.666666666666668,1.5222222222222221,0.0,0.0,0.0,231.0,25.666666666666668,0.06493506493506493,0.29004329004329005,0.0,0.3333333333333333,0.0,0.2222222222222222,0.5555555555555556,0.8888888888888888,0.3333333333333333,0.125,2023-2025,False
00-0039530,Brevyn Spann-Ford,TE,DAL,2,2025,2024,1,27,27,18,178,1,189,86,10,0.6893339256639621,0,0,0,41.8,978,7836,1003,712,1229,9755,894,34,34.0,605.0,2357.0,357.0,619.0,234.0,323.0,2422.0,1370.0,840.0,27.0,18.0,92.0,86.0,0.0,0.0,10.0,27.0,4.0,3.0,2.0,1.0,1.0,1.0,0.6893339256639592,0.2555739058629232,0.025530886135702195,0.14814814814814814,,,,,,,,,7.007407407407407,5.1,4.800000000000001,,0.25145969498910675,0.027607361963190184,0.024119448698315466,0.021969080553295363,0.01937467965146079,0.0,0.0,0.7941176470588235,0.0582946570336061,0.9417989417989417,7.0,0.6666666666666666,0.0255308861357023,,9.88888888888889,0.2566822231650403,17.794117647058822,0.1708029197080292,0.38452380952380955,1.0,0.6666666666666666,6.592592592592593,0.037037037037037035,7.0,1.548148148148148,0.0,0.0,0.0,234.0,8.666666666666666,0.11538461538461539,0.7606837606837606,0.0,0.14814814814814814,0.1111111111111111,0.07407407407407407,0.037037037037037035,0.037037037037037035,0.037037037037037035,1.0,2023-2025,False
00-0039543,Ramel Keyton,WR,LV,1,2024,2024,1,3,3,1,7,0,30,0,1,0.062585995416157,0,0,0,1.7,106,739,113,62,592,4455,380,17,7.0,44.0,539.0,64.0,44.0,27.0,10.0,1144.0,703.0,356.0,3.0,1.0,7.0,0.0,0.0,0.0,1.0,3.0,1.0,1.0,1.0,0.0,0.0,0.0,0.06258599541615695,0.038461538461538464,0.020861998472052317,0.3333333333333333,,,,,,,,,10.0,7.0,0.0,,0.085,0.02830188679245283,0.04059539918809202,0.005067567567567568,0.006734006734006734,0.0,0.0,0.17647058823529413,0.07086960962034367,0.23333333333333334,10.0,0.3333333333333333,0.020861998472052334,,7.0,0.08163265306122448,6.285714285714286,0.03840682788051209,0.028089887640449437,1.0,0.3333333333333333,2.3333333333333335,0.0,10.0,0.5666666666666667,0.0,0.0,0.0,27.0,9.0,0.1111111111111111,0.25925925925925924,0.0,0.3333333333333333,0.3333333333333333,0.3333333333333333,0.0,0.0,0.0,,2023-2025,True
00-0039589,Kameron Johnson,WR,TB,2,2025,2024,1,21,8,4,64,1,91,20,3,-1.1260258217561547,4,24,0,18.8,674,5328,691,593,1104,8472,955,34,18.0,152.0,1453.0,244.0,156.0,62.0,78.0,2333.0,1299.0,865.0,8.0,4.0,44.0,20.0,0.0,2.0,3.0,8.0,1.0,1.0,1.0,1.0,3.0,0.0,-1.1260258217561523,0.06686669524217745,-0.14075322771951904,0.125,,,,,,,,,11.4,11.0,5.0,,0.10371428571428572,0.011869436201780416,0.01707957957957958,0.007246376811594203,0.010741265344664777,0.006745362563237774,0.004188481675392671,0.6176470588235294,0.029759860008376327,0.7032967032967034,11.375,0.5,-0.14075322771951934,6.0,16.0,0.10461114934618032,8.444444444444445,0.04772902232486528,0.09017341040462427,0.38095238095238093,0.19047619047619047,3.0476190476190474,0.047619047619047616,4.333333333333333,0.8952380952380953,0.19047619047619047,1.1428571428571428,0.0,62.0,2.9523809523809526,0.12903225806451613,1.032258064516129,0.25,0.047619047619047616,0.047619047619047616,0.047619047619047616,0.047619047619047616,0.14285714285714285,0.125,0.0,2023-2025,False
00-0039613,Dallin Holker,TE,NO,1,2024,2024,1,3,4,3,21,0,36,13,1,-0.944589482736771,0,0,0,5.1,98,901,105,93,517,4430,444,17,12.0,73.0,760.0,31.0,75.0,35.0,31.0,1113.0,618.0,421.0,4.0,3.0,8.0,13.0,0.0,0.0,1.0,4.0,0.0,0.0,0.0,1.0,2.0,0.0,-0.9445894827367738,0.0673854447439353,-0.23614737068419345,0.0,,,,,,,,,9.0,2.7000000000000006,4.3,,0.09333333333333334,0.04081632653061224,0.03995560488346282,0.007736943907156673,0.008126410835214447,0.0,0.0,0.17647058823529413,0.08919341321434233,0.5833333333333334,9.0,0.75,-0.23614737068419275,,7.0,0.09605263157894736,6.083333333333333,0.05663430420711974,0.07363420427553444,1.3333333333333333,1.0,7.0,0.0,12.0,1.7,0.0,0.0,0.0,35.0,11.666666666666666,0.11428571428571428,0.6,0.0,0.0,0.0,0.0,0.3333333333333333,0.6666666666666666,0.25,0.0,2023-2025,True
00-0039623,Mason Tipton,WR,NO,2,2025,2024,1,17,43,25,175,0,475,64,6,-17.941551223249835,4,18,0,44.3,568,4802,598,430,1082,9217,879,34,24.0,655.0,1640.0,63.0,668.0,414.0,207.0,2273.0,1289.0,821.0,43.0,25.0,111.0,64.0,2.0,1.0,6.0,43.0,3.0,0.0,1.0,8.0,12.0,1.0,-17.94155122324983,0.2938847338319402,-0.4172453772848798,0.06976744186046512,,,,,,,,,10.976744186046513,4.396,2.56,12.68,0.40207792207792215,0.07570422535211267,0.09891711786755518,0.03974121996303143,0.051535206683302595,0.009302325581395349,0.004550625711035267,0.5,0.18279832053545764,0.3684210526315789,11.046511627906977,0.5813953488372093,-0.41724537728487987,4.5,7.0,0.39939024390243905,27.291666666666668,0.32117920868890615,0.25213154689403167,2.5294117647058822,1.4705882352941178,10.294117647058824,0.0,27.941176470588236,2.605882352941176,0.23529411764705882,1.0588235294117647,0.0,414.0,24.352941176470587,0.10386473429951691,0.4227053140096618,0.023255813953488372,0.17647058823529413,0.0,0.058823529411764705,0.47058823529411764,0.7058823529411765,0.18604651162790697,0.08333333333333333,2023-2025,False
00-0039631,Cam Grandy,TE,CIN,2,2025,2024,1,6,7,7,35,0,6,29,1,2.427122162538585,0,0,0,10.5,241,1581,248,138,1236,9321,761,34,13.0,103.0,903.0,101.0,112.0,39.0,50.0,2322.0,1414.0,720.0,7.0,7.0,6.0,29.0,0.0,0.0,1.0,7.0,2.0,1.0,0.0,0.0,0.0,0.0,2.4271221625385806,0.04823428079242033,0.3467317375055115,0.2857142857142857,,,,,,,,,0.8571428571428571,0.8571428571428571,4.142857142857143,,0.11983333333333335,0.029045643153526972,0.003795066413662239,0.0056634304207119745,0.000643707756678468,0.0,0.0,0.17647058823529413,0.04622501121985402,5.833333333333333,0.8571428571428571,1.0,0.34673173750551217,,5.0,0.11406423034330011,7.923076923076923,0.027581329561527583,0.06944444444444445,1.1666666666666667,1.1666666666666667,5.833333333333333,0.0,1.0,1.75,0.0,0.0,0.0,39.0,6.5,0.1794871794871795,0.8974358974358975,0.0,0.3333333333333333,0.16666666666666666,0.0,0.0,0.0,0.0,,2023-2025,True
00-0039648,David Martin-Robinson,TE,TEN,2,2025,2024,1,15,8,5,36,1,23,22,4,-0.7077979505993438,0,0,0,14.6,456,3551,481,365,1037,8289,828,34,20.0,180.0,1382.0,432.0,186.0,50.0,118.0,2207.0,1261.0,785.0,8.0,5.0,14.0,22.0,1.0,0.0,4.0,8.0,1.0,1.0,1.0,0.0,2.0,0.0,-0.7077979505993426,0.08427729950158587,-0.08847474382491782,0.125,,,,,,,,,2.8499999999999996,2.8,4.4,4.0,0.13157647058823532,0.017543859649122806,0.006477048718670797,0.007714561234329798,0.0027747617324164553,0.0,0.0,0.4411764705882353,0.030849723576753765,1.565217391304348,2.875,0.625,-0.08847474382491798,,7.2,0.13024602026049203,9.0,0.03965107057890563,0.1503184713375796,0.5333333333333333,0.3333333333333333,2.4,0.06666666666666667,1.5333333333333334,0.9733333333333333,0.0,0.0,0.0,50.0,3.3333333333333335,0.16,0.72,0.0,0.06666666666666667,0.06666666666666667,0.06666666666666667,0.0,0.13333333333333333,0.0,0.0,2023-2025,False
00-0039650,Bryce Oliver,WR,TEN,2,2025,2024,1,10,10,7,103,0,101,28,4,4.855389252945322,0,0,0,17.3,291,2624,306,256,1037,8289,828,34,12.0,97.0,815.0,104.0,98.0,55.0,37.0,2207.0,1261.0,785.0,10.0,7.0,75.0,28.0,0.0,0.0,4.0,10.0,1.0,0.0,0.0,2.0,2.0,2.0,4.855389252945315,0.044404168554599006,0.4855389252945315,0.1,,,,,,,,,10.139999999999999,10.714285714285714,3.971428571428571,,0.11546666666666668,0.03436426116838488,0.038490853658536585,0.009643201542912247,0.012184823259741826,0.0,0.0,0.29411764705882354,0.07848998931355293,1.0198019801980198,10.1,0.7,0.48553892529453224,,14.714285714285714,0.11901840490797547,8.083333333333334,0.04361617763679619,0.04713375796178344,1.0,0.7,10.3,0.0,10.1,1.73,0.0,0.0,0.0,55.0,5.5,0.18181818181818182,1.8727272727272728,0.0,0.1,0.0,0.0,0.2,0.2,0.2,1.0,2023-2025,False
00-0039686,Colson Yankoff,TE,WAS,1,2025,2025,1,10,3,2,18,0,18,4,2,2.841570207849146,0,0,0,3.8,259,2683,285,299,432,3998,484,17,14.0,108.0,882.0,246.0,113.0,43.0,49.0,1089.0,567.0,416.0,3.0,2.0,14.0,4.0,0.0,0.0,2.0,3.0,0.0,0.0,0.0,0.0,0.0,0.0,2.841570207849145,0.10376492194674013,0.9471900692830483,0.0,,,,,,,,,6.0,7.0,2.0,,0.12642857142857142,0.011583011583011582,0.006708907938874394,0.006944444444444444,0.004502251125562781,0.0,0.0,0.5882352941176471,0.02207075293172945,1.0,6.0,0.6666666666666666,0.9471900692830486,,9.0,0.12244897959183673,7.714285714285714,0.07583774250440917,0.11778846153846154,0.3,0.2,1.8,0.0,1.8,0.38,0.0,0.0,0.0,43.0,4.3,0.06976744186046512,0.4186046511627907,0.0,0.0,0.0,0.0,0.0,0.0,0.0,,2023-2025,True
00-0039737,Tip Reiman,TE,ARI,2,2025,2024,1,11,12,9,55,0,38,36,2,0.4195443296921379,0,0,0,14.5,361,2518,374,283,1140,8357,829,34,21.0,548.0,1363.0,239.0,569.0,214.0,315.0,2280.0,1361.0,767.0,12.0,9.0,19.0,36.0,2.0,0.0,2.0,12.0,0.0,0.0,0.0,0.0,0.0,0.0,0.41954432969214395,0.24956140350877193,0.03496202747434533,0.0,,,,,,,,,3.158333333333333,2.1,3.9666666666666663,5.0,0.4008021390374331,0.0332409972299169,0.015091342335186657,0.010526315789473684,0.004547086274979059,0.0,0.0,0.3235294117647059,0.060425435479506004,1.4473684210526316,3.1666666666666665,0.75,0.03496202747434483,,6.111111111111111,0.4020542920029347,26.095238095238095,0.15723732549595884,0.4106910039113429,1.0909090909090908,0.8181818181818182,5.0,0.0,3.4545454545454546,1.3181818181818181,0.0,0.0,0.0,214.0,19.454545454545453,0.056074766355140186,0.2570093457943925,0.0,0.0,0.0,0.0,0.0,0.0,0.0,,2023-2025,False
00-0039739,Roman Wilson,WR,PIT,1,2025,2025,1,9,21,12,166,2,277,66,7,4.06912515467761,0,0,0,38.6,270,1762,287,208,522,3280,407,17,13.0,253.0,764.0,11.0,256.0,154.0,90.0,1053.0,594.0,388.0,21.0,12.0,100.0,66.0,0.0,0.0,7.0,21.0,1.0,1.0,1.0,7.0,11.0,4.0,4.069125154677604,0.24311490978157646,0.19376786450845732,0.047619047619047616,,,,,,,,,13.2,8.3,5.5,,0.33076923076923076,0.07777777777777778,0.15720771850170262,0.040229885057471264,0.08445121951219513,0.0,0.0,0.5294117647058824,0.2267120696178585,0.5992779783393501,13.19047619047619,0.5714285714285714,0.19376786450845762,,13.833333333333334,0.331151832460733,19.46153846153846,0.25925925925925924,0.23195876288659795,2.3333333333333335,1.3333333333333333,18.444444444444443,0.2222222222222222,30.77777777777778,4.288888888888889,0.0,0.0,0.0,154.0,17.11111111111111,0.13636363636363635,1.077922077922078,0.0,0.1111111111111111,0.1111111111111111,0.1111111111111111,0.7777777777777778,1.2222222222222223,0.3333333333333333,0.36363636363636365,2023-2025,True
00-0039747,Ainias Smith,WR,PHI,1,2024,2024,1,3,9,7,41,1,38,23,1,-0.6391997685423121,2,6,0,17.7,84,740,87,109,418,3483,621,17,7.0,96.0,485.0,4.0,98.0,42.0,48.0,1192.0,535.0,560.0,9.0,7.0,18.0,23.0,0.0,0.0,1.0,9.0,1.0,0.0,0.0,0.0,2.0,1.0,-0.6391997685423121,0.08221476510067115,-0.07102219650470135,0.1111111111111111,,,,,,,,,1.3,2.6,3.3,,0.19999999999999998,0.10714285714285714,0.051351351351351354,0.0215311004784689,0.010910134941142693,0.01834862385321101,0.00322061191626409,0.17647058823529413,0.19666023166023164,1.0789473684210527,4.222222222222222,0.7777777777777778,-0.07102219650470135,3.0,5.857142857142857,0.1979381443298969,13.714285714285714,0.07850467289719626,0.08571428571428572,3.0,2.3333333333333335,13.666666666666666,0.3333333333333333,12.666666666666666,5.8999999999999995,0.6666666666666666,2.0,0.0,42.0,14.0,0.21428571428571427,0.9761904761904762,0.0,0.3333333333333333,0.0,0.0,0.0,0.6666666666666666,0.0,0.5,2023-2025,True
00-0039751,Jordan Whittington,WR,LA,2,2025,2024,1,29,53,40,464,0,322,291,21,19.075510787158535,5,24,0,88.8,959,8063,988,758,1122,9552,915,34,30.0,721.0,2076.0,338.0,732.0,347.0,324.0,2266.0,1220.0,882.0,53.0,40.0,173.0,291.0,2.0,2.0,21.0,53.0,3.0,2.0,1.0,5.0,7.0,4.0,19.075510787158546,0.323036187113857,0.359915297870916,0.05660377358490566,,,,,,,,,5.215094339622641,4.325,7.264999999999999,20.2,0.3521217038539554,0.05526590198123045,0.03993550787548059,0.04723707664884135,0.03371021775544389,0.006596306068601583,0.00546448087431694,0.8529411764705882,0.1108537084846821,1.4409937888198758,6.0754716981132075,0.7547169811320755,0.35991529787091575,4.8,11.6,0.3473025048169557,24.033333333333335,0.28442622950819674,0.3673469387755102,1.8275862068965518,1.3793103448275863,16.0,0.0,11.10344827586207,3.0620689655172413,0.1724137931034483,0.8275862068965517,0.0,347.0,11.96551724137931,0.15273775216138327,1.3371757925072045,0.03773584905660377,0.10344827586206896,0.06896551724137931,0.034482758620689655,0.1724137931034483,0.2413793103448276,0.09433962264150944,0.5714285714285714,2023-2025,False
00-0039754,Devin Culp,TE,TB,2,2025,2024,1,6,7,6,94,1,79,31,5,9.56351114211797,0,0,0,21.4,183,1644,189,172,1104,8472,955,34,15.0,97.0,1231.0,159.0,100.0,53.0,26.0,2333.0,1299.0,865.0,7.0,6.0,63.0,31.0,0.0,0.0,5.0,7.0,3.0,1.0,2.0,0.0,5.0,3.0,9.56351114211796,0.042863266180882986,1.366215877445423,0.42857142857142855,,,,,,,,,11.314285714285713,10.5,5.166666666666667,,0.08041025641025641,0.03825136612021858,0.04805352798053528,0.006340579710144928,0.009324834749763929,0.0,0.0,0.17647058823529413,0.09101451876670255,1.1898734177215189,11.285714285714286,0.8571428571428571,1.3662158774454245,,15.666666666666666,0.07879772542648253,6.466666666666667,0.04080061585835258,0.03005780346820809,1.1666666666666667,1.0,15.666666666666666,0.16666666666666666,13.166666666666666,3.5666666666666664,0.0,0.0,0.0,53.0,8.833333333333334,0.1320754716981132,1.7735849056603774,0.0,0.5,0.16666666666666666,0.3333333333333333,0.0,0.8333333333333334,0.0,0.6,2023-2025,True
00-0039792,Devontez Walker,WR,BAL,2,2025,2024,1,11,11,7,157,4,280,23,6,19.160311287792855,0,0,0,46.7,254,2464,267,296,864,7584,1061,34,16.0,220.0,1234.0,323.0,231.0,81.0,113.0,2185.0,1046.0,968.0,11.0,7.0,134.0,23.0,0.0,1.0,6.0,11.0,1.0,1.0,3.0,8.0,2.0,1.0,19.160311287792865,0.105720823798627,1.7418464807084424,0.09090909090909091,,,,,,,,,25.454545454545453,19.114285714285717,3.2571428571428567,,0.20666666666666667,0.04330708661417323,0.11363636363636363,0.01273148148148148,0.03691983122362869,0.0,0.0,0.3235294117647059,0.14450608446671437,0.5607142857142857,25.454545454545453,0.6363636363636364,1.7418464807084413,,22.428571428571427,0.17828200972447325,13.75,0.07743785850860421,0.11673553719008264,1.0,0.6363636363636364,14.272727272727273,0.36363636363636365,25.454545454545453,4.245454545454546,0.0,0.0,0.0,81.0,7.363636363636363,0.13580246913580246,1.9382716049382716,0.09090909090909091,0.09090909090909091,0.09090909090909091,0.2727272727272727,0.7272727272727273,0.18181818181818182,0.7272727272727273,0.5,2023-2025,False
00-0039793,AJ Barner,TE,SEA,2,2025,2024,1,32,106,82,764,10,433,435,44,39.02967265912665,10,14,1,225.8,977,7631,1026,832,1024,7872,890,34,34.0,1328.0,2164.0,204.0,1361.0,668.0,588.0,2224.0,1193.0,840.0,106.0,82.0,329.0,435.0,4.0,5.0,44.0,106.0,20.0,10.0,7.0,5.0,19.0,12.0,39.029672659126646,0.6119604316546763,0.3682044590483646,0.18867924528301888,4.62185185185185,4.10358006488218,4.76323529411765,8.58060978226603,5.3575,4.57608811331179,0.781411886688211,76.4705882352941,4.1773584905660375,4.031707317073171,5.309756097560976,21.946341463414633,0.6218382352941176,0.10849539406345957,0.05674223561787446,0.103515625,0.05500508130081301,0.01201923076923077,0.011235955056179775,0.9411764705882353,0.20246265602770147,1.7644341801385681,4.084905660377358,0.7735849056603774,0.36820445904836463,1.4,9.317073170731707,0.6136783733826248,39.05882352941177,0.5599329421626152,0.7,3.3125,2.5625,23.875,0.3125,13.53125,7.05625,0.3125,0.4375,0.03125,668.0,20.875,0.15868263473053892,1.1437125748502994,0.04716981132075472,0.625,0.3125,0.21875,0.15625,0.59375,0.04716981132075472,0.631578947368421,2023-2025,False
00-0039810,Jermaine Burton,WR,CIN,1,2024,2024,1,8,14,4,107,0,296,22,4,-4.54055739149165,0,0,0,14.7,319,2582,333,174,628,4614,380,17,14.0,131.0,936.0,37.0,133.0,96.0,27.0,1171.0,723.0,349.0,14.0,4.0,85.0,22.0,0.0,1.0,4.0,14.0,4.0,2.0,3.0,7.0,4.0,1.0,-4.54055739149165,0.11357813834329633,-0.3243255279636893,0.2857142857142857,,,,,,,,,21.1,21.3,5.5,,0.13499999999999998,0.0438871473354232,0.11463981409759876,0.022292993630573247,0.06415257910706545,0.0,0.0,0.47058823529411764,0.14607859087145392,0.3614864864864865,21.142857142857142,0.2857142857142857,-0.3243255279636893,,26.75,0.13995726495726496,9.357142857142858,0.13278008298755187,0.07736389684813753,1.75,0.5,13.375,0.0,37.0,1.8375,0.0,0.0,0.0,96.0,12.0,0.14583333333333334,1.1145833333333333,0.07142857142857142,0.5,0.25,0.375,0.875,0.5,0.5,0.25,2023-2025,True
00-0039814,Erick All,TE,CIN,1,2024,2024,1,8,22,20,158,0,72,87,8,5.24824645451736,0,0,0,35.8,261,1923,273,192,628,4614,380,17,9.0,231.0,551.0,77.0,237.0,120.0,109.0,1171.0,723.0,349.0,22.0,20.0,71.0,87.0,1.0,1.0,8.0,22.0,2.0,0.0,0.0,0.0,1.0,1.0,5.248246454517357,0.20239111870196413,0.23855665702351622,0.09090909090909091,,,,,,,,,3.4,3.6,4.4,20.0,0.41888888888888887,0.0842911877394636,0.0374414976599064,0.03503184713375796,0.015604681404421327,0.0,0.0,0.47058823529411764,0.15264582997112988,2.1944444444444446,3.272727272727273,0.9090909090909091,0.23855665702351636,,7.9,0.4192377495462795,25.666666666666668,0.16597510373443983,0.3123209169054441,2.75,2.5,19.75,0.0,9.0,4.475,0.0,0.0,0.0,120.0,15.0,0.18333333333333332,1.3166666666666667,0.045454545454545456,0.25,0.0,0.0,0.0,0.125,0.0,1.0,2023-2025,True
00-0039816,Anthony Gould,WR,IND,2,2025,2024,1,19,3,3,29,0,16,13,1,0.898783781274682,0,0,0,5.9,547,5172,566,538,1022,9813,938,34,10.0,73.0,1187.0,144.0,72.0,36.0,24.0,2207.0,1174.0,881.0,3.0,3.0,16.0,13.0,0.0,0.0,1.0,3.0,0.0,0.0,0.0,0.0,1.0,0.0,0.8987837812746875,0.03262347077480743,0.29959459375822917,0.0,,,,,,,,,5.333333333333333,5.333333333333333,4.333333333333333,,0.06526315789473684,0.005484460694698354,0.0030935808197989174,0.0029354207436399216,0.0016304901661061857,0.0,0.0,0.5588235294117647,0.010392197615906774,1.8125,5.333333333333333,1.0,0.29959459375822733,,9.666666666666666,0.061499578770008424,7.3,0.030664395229982964,0.02724177071509648,0.15789473684210525,0.15789473684210525,1.5263157894736843,0.0,0.8421052631578947,0.3105263157894737,0.0,0.0,0.0,36.0,1.894736842105263,0.08333333333333333,0.8055555555555556,0.0,0.0,0.0,0.0,0.0,0.05263157894736842,0.0,0.0,2023-2025,False
00-0039824,Jared Wiley,TE,KC,2,2025,2024,1,3,2,2,11,0,0,11,1,2.420557461213317,0,0,0,3.0999999999999996,85,567,90,78,1121,8339,880,34,11.0,122.0,763.0,34.0,123.0,40.0,65.0,2309.0,1369.0,764.0,2.0,2.0,0.0,11.0,0.0,0.0,1.0,2.0,0.0,0.0,0.0,0.0,0.0,0.0,2.4205574612133205,0.05326981377219576,1.2102787306066602,0.0,,,,,,,,,0.0,0.0,5.5,,0.12961904761904763,0.023529411764705882,0.0,0.001784121320249777,0.0,0.0,0.0,0.08823529411764706,0.03529411764705882,,0.0,1.0,1.2102787306066585,,5.5,0.1598951507208388,11.090909090909092,0.029218407596785977,0.08507853403141362,0.6666666666666666,0.6666666666666666,3.6666666666666665,0.0,0.0,1.0333333333333332,0.0,0.0,0.0,40.0,13.333333333333334,0.05,0.275,0.0,0.0,0.0,0.0,0.0,0.0,0.0,,2023-2025,True
00-0039847,Theo Johnson,TE,NYG,2,2025,2024,1,26,117,74,859,6,904,336,41,13.375014817982114,0,0,0,195.89999999999998,802,6806,849,739,1057,8492,935,34,27.0,1555.0,1822.0,81.0,1608.0,908.0,556.0,2366.0,1296.0,851.0,117.0,74.0,523.0,336.0,2.0,10.0,41.0,117.0,15.0,7.0,9.0,10.0,36.0,14.0,13.375014817982098,0.6796280642434489,0.11431636596565896,0.1282051282051282,5.8255737704918,3.00663346632749,8.06189189189189,13.5966451671719,4.81711111111111,5.32713080953844,-0.510019698427327,60.8108108108108,7.711965811965813,7.090540540540541,4.552702702702702,38.729729729729726,0.8564743589743589,0.14588528678304238,0.13282397884219807,0.11069063386944182,0.10645313235986811,0.0,0.0,0.7647058823529411,0.31180471536410226,0.9502212389380531,7.726495726495727,0.6324786324786325,0.1143163659656591,,11.608108108108109,0.8534577387486278,57.592592592592595,0.7006172839506173,0.6533490011750881,4.5,2.8461538461538463,33.03846153846154,0.23076923076923078,34.76923076923077,7.534615384615384,0.0,0.0,0.0,908.0,34.92307692307692,0.1288546255506608,0.9460352422907489,0.08547008547008547,0.5769230769230769,0.2692307692307692,0.34615384615384615,0.38461538461538464,1.3846153846153846,0.08547008547008547,0.3888888888888889,2023-2025,False
00-0039849,Marvin Harrison Jr.,WR,ARI,2,2025,2024,1,29,189,103,1493,12,2512,267,73,58.42363464464388,0,0,0,324.3,928,6729,969,745,1140,8357,829,34,29.0,1431.0,1885.0,0.0,1459.0,923.0,438.0,2280.0,1361.0,767.0,189.0,103.0,1226.0,267.0,3.0,9.0,73.0,189.0,24.0,11.0,31.0,42.0,43.0,20.0,57.37063464464386,0.6399122807017544,0.3035483314531421,0.12698412698412698,4.920803938859493,2.1919619087608315,13.568624338624364,34.678259845588315,2.7124271844660193,2.3254132981419864,0.3870138863240342,54.49735449735451,13.206878306878309,11.9,2.5990291262135923,13.699999999999998,0.7555172413793103,0.2036637931034483,0.3733095556546292,0.16578947368421051,0.30058633480914204,0.0,0.0,0.8529411764705882,0.5668123786134129,0.5943471337579618,13.291005291005291,0.544973544973545,0.3091197600245708,,14.495145631067961,0.7591511936339522,49.3448275862069,0.6781778104335048,0.5710560625814863,6.517241379310345,3.5517241379310347,51.48275862068966,0.41379310344827586,86.62068965517241,11.182758620689656,0.0,0.0,0.0,923.0,31.82758620689655,0.2047670639219935,1.6175514626218852,0.047619047619047616,0.8275862068965517,0.3793103448275862,1.0689655172413792,1.4482758620689655,1.4827586206896552,0.2222222222222222,0.46511627906976744,2023-2025,False
00-0039853,Javon Baker,WR,NE,1,2024,2024,1,6,4,1,12,0,50,0,1,-0.841275895363649,0,0,0,2.2,185,1516,197,162,500,3846,446,17,9.0,90.0,727.0,28.0,90.0,40.0,40.0,1125.0,639.0,390.0,4.0,1.0,12.0,0.0,0.0,0.0,1.0,4.0,0.0,0.0,0.0,0.0,0.0,0.0,-0.8412758953636512,0.08,-0.2103189738409128,0.0,,,,,,,,,12.5,12.0,0.0,,0.12727272727272726,0.021621621621621623,0.032981530343007916,0.008,0.013000520020800831,0.0,0.0,0.35294117647058826,0.055519503672537975,0.24,12.5,0.25,-0.21031897384091225,,12.0,0.12379642365887207,10.0,0.06259780907668232,0.10256410256410256,0.6666666666666666,0.16666666666666666,2.0,0.0,8.333333333333334,0.3666666666666667,0.0,0.0,0.0,40.0,6.666666666666667,0.1,0.3,0.0,0.0,0.0,0.0,0.0,0.0,0.0,,2023-2025,True
00-0039855,Jalen McMillan,WR,TB,2,2025,2024,1,17,73,49,639,8,883,192,31,22.621692453876904,5,44,0,165.3,555,4259,566,499,1104,8472,955,34,17.0,764.0,1163.0,6.0,778.0,472.0,266.0,2333.0,1299.0,865.0,73.0,49.0,447.0,192.0,1.0,5.0,31.0,73.0,9.0,5.0,8.0,14.0,20.0,13.0,22.62169245387689,0.3334762108872696,0.3098861979983136,0.1232876712328767,7.17490909090909,3.27622006948164,12.1675862068966,18.425869113980205,3.7989189189189196,3.9761300146720595,-0.177211095753142,63.7931034482759,12.138356164383561,9.144897959183673,3.9183673469387763,37.0,0.6623529411764706,0.13153153153153152,0.2073256633012444,0.0661231884057971,0.10422568460812087,0.01002004008016032,0.005235602094240838,0.5,0.34242526160816833,0.7236693091732729,12.095890410958905,0.6712328767123288,0.30988619799831374,8.8,13.040816326530612,0.6569217540842648,44.94117647058823,0.36335642802155504,0.30751445086705204,4.294117647058823,2.8823529411764706,37.588235294117645,0.47058823529411764,51.94117647058823,9.723529411764707,0.29411764705882354,2.588235294117647,0.0,472.0,27.764705882352942,0.15466101694915255,1.353813559322034,0.0684931506849315,0.5294117647058824,0.29411764705882354,0.47058823529411764,0.8235294117647058,1.1764705882352942,0.1917808219178082,0.65,2023-2025,False
00-0039868,Troy Franklin,WR,DEN,2,2025,2024,1,33,157,93,972,8,2011,445,43,-8.641156849557365,7,20,0,244.2,1091,8354,1141,892,1133,8618,917,34,33.0,1056.0,2173.0,0.0,1083.0,750.0,258.0,2301.0,1321.0,813.0,157.0,93.0,527.0,445.0,4.0,7.0,43.0,157.0,26.0,10.0,16.0,43.0,39.0,8.0,-11.800156849557382,0.4706649282920469,-0.07516023471055658,0.16560509554140126,6.915934966478802,3.277322227589583,12.868789808917226,25.787955591087616,4.859569892473122,4.518758139313597,0.3408117531595264,59.23566878980892,12.801273885350318,5.696774193548387,4.751612903225806,23.596774193548388,0.4887878787878789,0.14390467461044912,0.2407230069427819,0.13857016769638128,0.23334880482710604,0.007847533632286996,0.007633587786259542,0.9705882352941176,0.384363116775621,0.4833416210840378,12.80891719745223,0.5923566878980892,-0.05503921560227621,2.857142857142857,10.451612903225806,0.4859641049240681,32.0,0.5677517032551098,0.3173431734317343,4.757575757575758,2.8181818181818183,29.454545454545453,0.24242424242424243,60.93939393939394,7.3999999999999995,0.21212121212121213,0.6060606060606061,0.0,750.0,22.727272727272727,0.20933333333333334,1.296,0.044585987261146494,0.7878787878787878,0.30303030303030304,0.48484848484848486,1.303030303030303,1.1818181818181819,0.27388535031847133,0.20512820512820512,2023-2025,False
00-0039880,Malik Washington,WR,MIA,2,2025,2024,1,31,101,72,540,3,532,376,29,-2.8035408034880316,22,135,2,173.5,926,6330,962,803,1030,7073,880,34,31.0,976.0,1911.0,245.0,991.0,603.0,333.0,2171.0,1193.0,831.0,101.0,72.0,164.0,376.0,6.0,3.0,29.0,101.0,13.0,8.0,3.0,7.0,31.0,12.0,-2.803540803488046,0.4564716720405343,-0.027757829737505405,0.12871287128712872,6.42527272727273,3.65089827886456,5.19107692307692,10.6374191758538,5.75173913043478,4.85571998171158,0.896019148723208,70.7692307692308,5.078217821782178,2.2666666666666666,5.211111111111111,15.266666666666667,0.5145161290322581,0.10907127429805616,0.08404423380726699,0.09805825242718447,0.07521560865262265,0.0273972602739726,0.025,0.9117647058823529,0.2224378751121711,1.0150375939849625,5.267326732673268,0.7128712871287128,-0.027757829737505263,6.136363636363637,7.5,0.510727367870225,31.483870967741936,0.5054484492875104,0.4007220216606498,3.2580645161290325,2.3225806451612905,17.419354838709676,0.0967741935483871,17.161290322580644,5.596774193548387,0.7096774193548387,4.354838709677419,0.06451612903225806,603.0,19.451612903225808,0.16749585406301823,0.8955223880597015,0.0297029702970297,0.41935483870967744,0.25806451612903225,0.0967741935483871,0.22580645161290322,1.0,0.06930693069306931,0.3870967741935484,2023-2025,False
00-0039884,Tahj Washington,WR,MIA,1,2025,2025,1,2,5,3,37,0,124,8,1,-5.326549560180862,0,0,0,4.699999999999999,61,431,65,45,462,3362,432,17,6.0,45.0,396.0,5.0,46.0,37.0,4.0,1007.0,533.0,407.0,5.0,3.0,29.0,8.0,0.0,0.0,1.0,5.0,1.0,0.0,0.0,2.0,1.0,0.0,-5.326549560180865,0.04568023833167825,-1.065309912036173,0.2,,,,,,,,,24.8,9.7,2.7000000000000006,,0.11285714285714286,0.08196721311475409,0.2877030162412993,0.010822510822510822,0.036882807852468766,0.0,0.0,0.11764705882352941,0.3243429310410406,0.29838709677419356,24.8,0.6,-1.0653099120361724,,12.333333333333334,0.11363636363636363,7.5,0.06941838649155722,0.009828009828009828,2.5,1.5,18.5,0.0,62.0,2.3499999999999996,0.0,0.0,0.0,37.0,18.5,0.13513513513513514,1.0,0.0,0.5,0.0,0.0,1.0,0.5,0.4,0.0,2023-2025,True
00-0039890,Adonai Mitchell,WR,IND,2,2025,2024,1,33,129,56,765,2,1877,181,31,-21.061643359259016,5,2,0,141.66,986,9452,1027,904,1022,9813,938,34,33.0,881.0,2090.0,4.0,901.0,517.0,333.0,3288.0,1787.0,1280.0,129.0,56.0,584.0,181.0,0.0,6.0,31.0,129.0,15.0,4.0,14.0,35.0,49.0,10.0,-21.061643359259,0.27402676399026765,-0.1632685531725504,0.11627906976744186,5.883287991809273,2.7010060435376118,14.751860465116284,21.3778874628715,3.364107142857146,3.031358975850805,0.3327481670063369,43.410852713178286,14.558914728682172,10.4375,3.2214285714285715,,0.4318181818181818,0.1308316430020284,0.19858231062209056,0.12622309197651663,0.1912768776113319,0.0055309734513274336,0.005330490405117271,0.9705882352941176,0.33525508193850595,0.40756526371870005,14.550387596899224,0.43410852713178294,-0.1632685531725505,0.4,13.660714285714286,0.4215311004784689,26.696969696969695,0.289311695579183,0.26015625,3.909090909090909,1.696969696969697,23.181818181818183,0.06060606060606061,56.878787878787875,4.292727272727273,0.15151515151515152,0.06060606060606061,0.0,517.0,15.666666666666666,0.2495164410058027,1.4796905222437138,0.046511627906976744,0.45454545454545453,0.12121212121212122,0.42424242424242425,1.0606060606060606,1.4848484848484849,0.2713178294573643,0.20408163265306123,2023-2025,False
00-0039893,Brian Thomas Jr.,WR,JAX,2,2025,2024,1,31,224,135,1989,12,2857,721,86,71.44402488534888,9,69,1,422.8,994,8855,1034,801,1069,9466,903,34,31.0,1562.0,1988.0,0.0,1598.0,995.0,509.0,2249.0,1257.0,823.0,224.0,135.0,1268.0,721.0,2.0,17.0,86.0,224.0,23.0,14.0,20.0,51.0,54.0,21.0,69.33802488534886,0.7105380168963984,0.30954475395245024,0.10267857142857142,5.902321235955055,2.8820561931686037,12.519866071428586,31.526101833160926,5.699111111111108,4.7872049050778935,0.9119062060332154,60.26785714285719,12.659374999999999,9.402222222222223,5.362222222222222,24.0,0.7858064516129032,0.22535211267605634,0.32264257481648784,0.20954162768942938,0.3018170293682654,0.011235955056179775,0.009966777408637873,0.9117647058823529,0.563877971385626,0.696184809240462,12.754464285714286,0.6026785714285714,0.3189465396667361,7.666666666666667,14.733333333333333,0.7857142857142857,50.38709677419355,0.7915672235481305,0.6184690157958688,7.225806451612903,4.354838709677419,64.16129032258064,0.3870967741935484,92.16129032258064,13.638709677419355,0.2903225806451613,2.225806451612903,0.03225806451612903,995.0,32.096774193548384,0.22512562814070353,1.9989949748743718,0.07589285714285714,0.7419354838709677,0.45161290322580644,0.6451612903225806,1.6451612903225807,1.7419354838709677,0.22767857142857142,0.3888888888888889,2023-2025,False
00-0039894,Xavier Worthy,WR,KC,2,2025,2024,1,30,171,101,1170,7,1848,600,58,34.183443857806786,31,191,3,297.1,1010,7368,1070,792,1121,8339,880,34,31.0,1402.0,2065.0,8.0,1431.0,927.0,408.0,2309.0,1369.0,764.0,171.0,101.0,570.0,600.0,2.0,8.0,58.0,171.0,24.0,9.0,13.0,34.0,38.0,15.0,35.130443857806746,0.6197488090082287,0.20544119215091663,0.14035087719298245,6.310154167469955,3.6392285849232517,10.4293567251462,23.37165487453529,6.267227722772278,6.198843356318965,0.06838436645331551,59.06432748538016,10.438011695906432,5.646534653465346,5.943564356435643,21.0,0.6712941176470589,0.16930693069306932,0.250814332247557,0.15254237288135594,0.22160930567214293,0.039141414141414144,0.035227272727272725,0.8823529411764706,0.42953042861289387,0.6331168831168831,10.807017543859649,0.5906432748538012,0.19990318045501043,6.161290322580645,11.584158415841584,0.6789346246973366,45.225806451612904,0.677136596055515,0.5340314136125655,5.7,3.3666666666666667,39.0,0.23333333333333334,61.6,9.903333333333334,1.0333333333333334,6.366666666666666,0.1,927.0,30.9,0.18446601941747573,1.2621359223300972,0.04678362573099415,0.8,0.3,0.43333333333333335,1.1333333333333333,1.2666666666666666,0.19883040935672514,0.39473684210526316,2023-2025,False
00-0039901,Keon Coleman,WR,BUF,2,2025,2024,1,25,116,67,960,8,1523,303,48,37.66028337196355,1,9,0,213.9,707,5608,737,775,974,7876,1038,34,26.0,1174.0,1707.0,6.0,1202.0,643.0,477.0,2272.0,1172.0,922.0,116.0,67.0,657.0,303.0,5.0,7.0,48.0,116.0,20.0,11.0,14.0,29.0,32.0,11.0,37.44828337196355,0.5290492957746479,0.32283002906865127,0.1724137931034483,5.188545258620691,2.403353939232977,13.648879310344858,21.057042231735743,4.864776119402987,3.560651750211084,1.304124369191903,57.758620689655224,13.114655172413793,9.814925373134331,4.507462686567164,24.711940298507464,0.6919076923076923,0.16407355021216408,0.27157631954350925,0.11909650924024641,0.19337227018791264,0.0012903225806451613,0.0009633911368015414,0.7352941176470589,0.4362137489987026,0.6303348653972423,13.129310344827585,0.5775862068965517,0.3246576152755479,9.0,14.328358208955224,0.6877562975981254,45.15384615384615,0.5486348122866894,0.517353579175705,4.64,2.68,38.4,0.32,60.92,8.556000000000001,0.04,0.36,0.0,643.0,25.72,0.18040435458786935,1.4930015552099534,0.0603448275862069,0.8,0.44,0.56,1.16,1.28,0.25,0.34375,2023-2025,False
00-0039907,Ja'Lynn Polk,WR,NE,1,2024,2024,1,14,33,12,87,2,395,13,4,-20.747774255443737,1,0,0,32.699999999999996,412,3081,433,355,500,3846,446,17,15.0,436.0,962.0,9.0,448.0,253.0,165.0,1125.0,639.0,390.0,33.0,12.0,74.0,13.0,0.0,4.0,4.0,33.0,4.0,2.0,4.0,7.0,11.0,0.0,-19.80077425544374,0.3982222222222222,-0.600023462286174,0.12121212121212122,,,,,,,,,11.5,6.2,1.1,,0.46066666666666667,0.08009708737864078,0.1282051282051282,0.066,0.10270410816432657,0.0028169014084507044,0.002242152466367713,0.8235294117647058,0.2098892208115509,0.22025316455696203,11.969696969696969,0.36363636363636365,-0.6287204319831435,0.0,7.25,0.45322245322245325,29.066666666666666,0.39593114241001565,0.4230769230769231,2.357142857142857,0.8571428571428571,6.214285714285714,0.14285714285714285,28.214285714285715,2.3357142857142854,0.07142857142857142,0.0,0.0,253.0,18.071428571428573,0.13043478260869565,0.3438735177865613,0.12121212121212122,0.2857142857142857,0.14285714285714285,0.2857142857142857,0.5,0.7857142857142857,0.21212121212121213,0.0,2023-2025,True
00-0039912,Ben Sinnott,TE,WAS,2,2025,2024,1,16,18,16,142,2,115,82,7,4.680642809020362,0,0,0,42.2,410,3292,437,483,936,7990,1010,34,33.0,652.0,2150.0,325.0,663.0,240.0,367.0,2274.0,1219.0,866.0,18.0,16.0,60.0,82.0,1.0,0.0,7.0,18.0,2.0,2.0,0.0,3.0,4.0,1.0,4.680642809020355,0.29155672823219,0.260035711612242,0.1111111111111111,,,,,,,,,6.422222222222222,3.7249999999999996,5.10625,11.0,0.31943244485294114,0.04390243902439024,0.03493317132442284,0.019230769230769232,0.014392991239048811,0.0,0.0,0.47058823529411764,0.09030687846368135,1.2347826086956522,6.388888888888889,0.8888888888888888,0.2600357116122423,,8.875,0.3032558139534884,19.757575757575758,0.19688269073010664,0.4237875288683603,1.125,1.0,8.875,0.125,7.1875,2.6375,0.0,0.0,0.0,240.0,15.0,0.075,0.5916666666666667,0.0,0.125,0.125,0.0,0.1875,0.25,0.16666666666666666,0.25,2023-2025,False
00-0039915,Ladd McConkey,WR,LAC,2,2025,2024,1,32,218,148,1938,13,2160,700,87,72.94267085141942,0,0,0,421.8,968,8210,1005,884,1035,8909,929,34,32.0,1572.0,2079.0,38.0,1609.0,1042.0,468.0,2275.0,1268.0,827.0,218.0,148.0,1238.0,700.0,15.0,11.0,87.0,218.0,24.0,14.0,20.0,23.0,60.0,23.0,71.88967085141947,0.7072527472527472,0.32976913234596084,0.11009174311926606,5.873450601811887,3.1806435406752716,9.925642201834867,25.045508843889056,4.957162162162163,3.9471185765055914,1.0100435856565717,67.88990825688072,9.899999999999999,8.40810810810811,4.755405405405405,10.42972972972973,0.7534375,0.22520661157024793,0.2630937880633374,0.2106280193236715,0.24245145358626108,0.0,0.0,0.9411764705882353,0.5219755689997081,0.8972222222222223,9.908256880733944,0.6788990825688074,0.3345994075753185,,13.094594594594595,0.7561327561327561,49.125,0.8217665615141956,0.56590084643289,6.8125,4.625,60.5625,0.40625,67.5,13.18125,0.0,0.0,0.0,1042.0,32.5625,0.2092130518234165,1.8598848368522074,0.05045871559633028,0.75,0.4375,0.625,0.71875,1.875,0.10550458715596331,0.38333333333333336,2023-2025,False
00-0039916,Ricky Pearsall,WR,SF,2,2025,2024,1,20,99,67,928,3,1276,188,47,34.228674156745384,5,43,0,182.1,621,5002,652,543,1063,8824,938,34,20.0,935.0,1288.0,6.0,957.0,581.0,315.0,2250.0,1241.0,864.0,99.0,67.0,740.0,188.0,1.0,1.0,47.0,99.0,11.0,5.0,6.0,24.0,31.0,19.0,35.17567415674538,0.42533333333333334,0.35530983996712506,0.1111111111111111,6.375532418660758,2.378097827512995,12.575050505050527,15.041942856641764,2.8713432835820862,3.3641724890278772,-0.4928292054457867,67.67676767676768,12.845454545454544,11.02686567164179,2.8402985074626868,31.0,0.72,0.15942028985507245,0.2550979608156737,0.09313264346190028,0.14460562103354488,0.009208103130755065,0.005330490405117271,0.5882352941176471,0.41769900735358023,0.7272727272727273,12.88888888888889,0.6767676767676768,0.3457441834014685,8.6,13.850746268656716,0.7259316770186336,46.75,0.46817082997582593,0.3645833333333333,4.95,3.35,46.4,0.15,63.8,9.105,0.25,2.15,0.0,581.0,29.05,0.1703958691910499,1.5972461273666092,0.010101010101010102,0.55,0.25,0.3,1.2,1.55,0.24242424242424243,0.6129032258064516,2023-2025,False
00-0039919,Rome Odunze,WR,CHI,2,2025,2024,1,29,191,98,1395,9,2650,467,74,36.95388237912492,3,15,0,291.0,906,8011,968,805,1058,9478,936,34,29.0,1687.0,1969.0,2.0,1730.0,1043.0,551.0,2360.0,1334.0,827.0,191.0,98.0,928.0,467.0,5.0,8.0,74.0,191.0,29.0,9.0,27.0,46.0,59.0,25.0,37.90088237912494,0.7330508474576272,0.19843393915772217,0.1518324607329843,6.03994039162701,2.9705572063058345,13.87104712041885,30.89424225277456,4.990408163265305,4.27760840140426,0.7127997618610467,51.308900523560226,13.9,9.483673469387755,4.789795918367347,27.193877551020407,0.8544827586206897,0.2108167770419426,0.3307951566595931,0.18052930056710775,0.27959485123443767,0.0037267080745341614,0.003205128205128205,0.8529411764705882,0.547781775224629,0.5264150943396226,13.87434554973822,0.5130890052356021,0.19347582397447602,5.0,14.23469387755102,0.8567800914169629,58.172413793103445,0.7818590704647677,0.6662636033857315,6.586206896551724,3.3793103448275863,48.10344827586207,0.3103448275862069,91.37931034482759,10.03448275862069,0.10344827586206896,0.5172413793103449,0.0,1043.0,35.96551724137931,0.18312559923298177,1.3374880153403643,0.041884816753926704,1.0,0.3103448275862069,0.9310344827586207,1.5862068965517242,2.0344827586206895,0.24083769633507854,0.423728813559322,2023-2025,False
00-0039920,Malachi Corley,WR,CLE,2,2025,2024,2,17,20,14,95,0,43,73,6,-6.867630778579042,15,153,0,36.800000000000004,482,3286,507,415,1111,7904,784,34,20.0,277.0,1342.0,55.0,282.0,122.0,145.0,2223.0,1312.0,749.0,20.0,14.0,22.0,73.0,0.0,0.0,6.0,20.0,3.0,2.0,1.0,1.0,6.0,3.0,-6.867630778579041,0.12685560053981107,-0.34338153892895207,0.15,,,,,,,,,2.14,1.5785714285714287,5.235714285714286,,0.2203720462543992,0.04149377593360996,0.013085818624467437,0.018001800180018002,0.005440283400809717,0.03614457831325301,0.01913265306122449,0.5,0.07140073693754215,2.2093023255813953,2.15,0.7,-0.3433815389289521,10.2,6.785714285714286,0.20640834575260805,13.85,0.09298780487804878,0.19359145527369825,1.1764705882352942,0.8235294117647058,5.588235294117647,0.0,2.5294117647058822,2.1647058823529415,0.8823529411764706,9.0,0.0,122.0,7.176470588235294,0.16393442622950818,0.7786885245901639,0.0,0.17647058823529413,0.11764705882352941,0.058823529411764705,0.058823529411764705,0.35294117647058826,0.05,0.5,2023-2025,False
00-0040009,Savion Williams,WR,GB,1,2025,2025,1,12,10,10,78,1,17,61,3,4.625004964240361,11,37,0,25.5,337,2859,358,364,460,4283,492,17,12.0,91.0,771.0,52.0,94.0,40.0,42.0,1074.0,554.0,441.0,10.0,10.0,17.0,61.0,1.0,0.0,3.0,10.0,4.0,1.0,0.0,1.0,2.0,1.0,4.625004964240361,0.08752327746741155,0.4625004964240361,0.4,,,,,,,,,1.7,1.7,6.1,10.0,0.11499999999999999,0.02967359050445104,0.005946135012242042,0.021739130434782608,0.003969180480971282,0.03021978021978022,0.022357723577235773,0.7058823529411765,0.04867268026524599,4.588235294117647,1.7,1.0,0.4625004964240361,3.3636363636363638,7.8,0.11802853437094682,7.583333333333333,0.07220216606498195,0.09523809523809523,0.8333333333333334,0.8333333333333334,6.5,0.08333333333333333,1.4166666666666667,2.125,0.9166666666666666,3.0833333333333335,0.0,40.0,3.3333333333333335,0.25,1.95,0.0,0.3333333333333333,0.08333333333333333,0.0,0.08333333333333333,0.16666666666666666,0.1,0.5,2023-2025,True
00-0040024,Darius Cooper,WR,PHI,1,2025,2025,1,6,11,9,92,0,109,22,6,3.8871094175556142,0,0,0,18.2,175,1836,192,175,464,4483,478,17,13.0,212.0,829.0,103.0,218.0,101.0,102.0,1094.0,575.0,428.0,11.0,9.0,70.0,22.0,0.0,0.0,6.0,11.0,0.0,0.0,0.0,1.0,3.0,1.0,3.887109417555621,0.19926873857404023,0.3533735834141474,0.0,,,,,,,,,9.9,7.800000000000001,2.4,,0.25846153846153846,0.06285714285714286,0.0593681917211329,0.023706896551724137,0.02431407539594022,0.0,0.0,0.35294117647058826,0.13584344849050733,0.8440366972477065,9.909090909090908,0.8181818181818182,0.35337358341414676,,10.222222222222221,0.255729794933655,16.307692307692307,0.17565217391304347,0.2383177570093458,1.8333333333333333,1.5,15.333333333333334,0.0,18.166666666666668,3.033333333333333,0.0,0.0,0.0,101.0,16.833333333333332,0.10891089108910891,0.9108910891089109,0.0,0.0,0.0,0.0,0.16666666666666666,0.5,0.09090909090909091,0.3333333333333333,2023-2025,True
00-0040058,Nick Kallerup,TE,SEA,1,2025,2025,1,4,1,0,0,0,8,0,0,-0.555433336994611,0,0,0,0.0,110,804,118,135,455,3758,507,17,9.0,130.0,567.0,54.0,128.0,24.0,94.0,1087.0,520.0,486.0,1.0,0.0,0.0,0.0,0.0,0.0,0.0,1.0,1.0,1.0,0.0,0.0,0.0,0.0,-0.5554333369946107,0.11775528978840846,-0.5554333369946107,1.0,,,,,,,,,8.0,,,,0.23555555555555557,0.00909090909090909,0.009950248756218905,0.002197802197802198,0.0021287919105907396,0.0,0.0,0.23529411764705882,0.020601537765716868,0.0,8.0,0.0,-0.555433336994611,,,0.2292768959435626,14.444444444444445,0.046153846153846156,0.1934156378600823,0.25,0.0,0.0,0.0,2.0,0.0,0.0,0.0,0.0,24.0,6.0,0.041666666666666664,0.0,0.0,0.25,0.25,0.0,0.0,0.0,0.0,,2023-2025,True
00-0040124,Tetairoa McMillan,WR,CAR,1,2025,2025,1,17,122,70,1014,7,1410,269,55,25.2850960882129,0,0,0,213.4,480,3450,515,461,480,3450,461,17,17.0,925.0,1061.0,0.0,947.0,547.0,338.0,1092.0,585.0,415.0,122.0,70.0,745.0,269.0,2.0,8.0,55.0,122.0,15.0,6.0,11.0,21.0,42.0,16.0,25.285096088212853,0.8672161172161172,0.2072548859689578,0.12295081967213115,5.72428571428572,2.69365976951954,12.4313114754098,44.5405767350067,3.81871428571429,3.7137643390192605,0.104949946695028,57.3770491803279,11.6,10.6,3.8,35.0,0.871764705882353,0.25416666666666665,0.40869565217391307,0.25416666666666665,0.40869565217391307,0.0,0.0,1.0,0.6673369565217391,0.7191489361702128,11.557377049180328,0.5737704918032787,0.2072548859689582,,14.485714285714286,0.8718190386427899,54.411764705882355,0.935042735042735,0.8144578313253013,7.176470588235294,4.117647058823529,59.64705882352941,0.4117647058823529,82.94117647058823,12.552941176470588,0.0,0.0,0.0,547.0,32.1764705882353,0.2230347349177331,1.853747714808044,0.06557377049180328,0.8823529411764706,0.35294117647058826,0.6470588235294118,1.2352941176470589,2.4705882352941178,0.1721311475409836,0.38095238095238093,2023-2025,True
00-0040126,Colston Loveland,TE,CHI,1,2025,2025,1,16,82,58,713,6,746,250,36,47.50609871644364,1,-2,0,165.1,496,4698,537,479,532,4944,505,17,16.0,701.0,1086.0,5.0,721.0,407.0,257.0,1184.0,644.0,451.0,82.0,58.0,463.0,250.0,4.0,1.0,36.0,82.0,14.0,6.0,6.0,9.0,20.0,10.0,48.4530987164436,0.6089527027027027,0.5908914477615073,0.17073170731707318,5.38375,3.6848323272703,8.92975609756097,16.3509569543596,4.83862068965517,4.09607246124044,0.742548228414731,70.7317073170732,9.0,8.0,4.3,14.5,0.645,0.16532258064516128,0.1587909748829289,0.15413533834586465,0.15088996763754045,0.0020876826722338203,0.0019801980198019802,0.9411764705882353,0.3591375533857922,0.9557640750670241,9.097560975609756,0.7073170731707317,0.5793426672737029,-2.0,12.293103448275861,0.64548802946593,43.8125,0.6319875776397516,0.5698447893569845,5.125,3.625,44.5625,0.375,46.625,10.31875,0.0625,-0.125,0.0,407.0,25.4375,0.20147420147420148,1.7518427518427517,0.012195121951219513,0.875,0.375,0.375,0.5625,1.25,0.10975609756097561,0.5,2023-2025,True
00-0040128,Tyler Warren,TE,IND,1,2025,2025,1,17,112,76,817,4,602,474,42,15.770369196454464,6,8,1,188.5,530,4380,547,442,530,4380,442,17,17.0,899.0,1072.0,3.0,912.0,541.0,308.0,1094.0,605.0,415.0,112.0,76.0,343.0,474.0,4.0,2.0,42.0,112.0,21.0,11.0,5.0,3.0,22.0,9.0,17.664369196454473,0.8336380255941499,0.15771758211120065,0.1875,5.91195402298851,3.3098936455411994,5.50982142857143,14.3935400504742,6.66407894736842,6.04490507031785,0.619173877050571,67.8571428571429,5.4,4.5,6.2,19.0,0.8382352941176471,0.21132075471698114,0.13744292237442923,0.21132075471698114,0.13744292237442923,0.013574660633484163,0.013574660633484163,1.0,0.4131911777375722,1.3571428571428572,5.375,0.6785714285714286,0.1408068678254863,1.3333333333333333,10.75,0.8386194029850746,52.88235294117647,0.8942148760330578,0.7421686746987952,6.588235294117647,4.470588235294118,48.05882352941177,0.23529411764705882,35.411764705882355,11.088235294117647,0.35294117647058826,0.47058823529411764,0.058823529411764705,541.0,31.823529411764707,0.20702402957486138,1.510166358595194,0.017857142857142856,1.2352941176470589,0.6470588235294118,0.29411764705882354,0.17647058823529413,1.2941176470588236,0.026785714285714284,0.4090909090909091,2023-2025,True
00-0040129,Emeka Egbuka,WR,TB,1,2025,2025,1,17,127,63,938,6,1572,335,34,7.1431429771898864,2,9,0,195.7,541,4504,558,472,541,4504,472,17,17.0,886.0,1134.0,0.0,907.0,535.0,310.0,1165.0,644.0,432.0,127.0,63.0,603.0,335.0,1.0,9.0,34.0,127.0,14.0,4.0,11.0,27.0,34.0,10.0,6.09014297718989,0.7785407725321889,0.04795388171015662,0.11023622047244094,6.22984,2.58266381761159,12.1979527559055,35.5051637123723,5.40936507936508,4.7292270579582,0.680138021406879,49.6062992125984,12.1,9.6,5.3,63.0,0.776470588235294,0.23475046210720887,0.34902309058614567,0.23475046210720887,0.34902309058614567,0.00423728813559322,0.00423728813559322,1.0,0.5964418565711153,0.5966921119592875,12.377952755905511,0.49606299212598426,0.05624522029283375,4.5,14.88888888888889,0.781305114638448,52.11764705882353,0.8307453416149069,0.7175925925925926,7.470588235294118,3.7058823529411766,55.1764705882353,0.35294117647058826,92.47058823529412,11.511764705882353,0.11764705882352941,0.5294117647058824,0.0,535.0,31.470588235294116,0.23738317757009345,1.753271028037383,0.07086614173228346,0.8235294117647058,0.23529411764705882,0.6470588235294118,1.588235294117647,2.0,0.2125984251968504,0.29411764705882354,2023-2025,True
00-0040130,Jayden Higgins,WR,HOU,1,2025,2025,1,17,68,41,525,6,839,123,28,16.757682784795286,0,0,0,129.5,553,4765,582,475,553,4765,475,17,17.0,671.0,1160.0,40.0,682.0,363.0,279.0,1180.0,648.0,445.0,68.0,41.0,402.0,123.0,1.0,3.0,28.0,68.0,8.0,3.0,10.0,14.0,18.0,9.0,17.704682784795295,0.5779661016949152,0.26036298212934256,0.11764705882352941,5.73820895522388,2.69887169910163,12.0344117647059,18.0176887493477,3.2392682926829295,3.33158057704798,-0.092312284365053,60.2941176470588,11.0,9.8,3.0,41.0,0.5723529411764706,0.12296564195298372,0.17607555089192026,0.12296564195298372,0.17607555089192026,0.0,0.0,1.0,0.30770134855381975,0.6257449344457687,12.338235294117647,0.6029411764705882,0.24643651154110713,,12.804878048780488,0.5784482758620689,39.470588235294116,0.5601851851851852,0.6269662921348315,4.0,2.411764705882353,30.88235294117647,0.35294117647058826,49.35294117647059,7.617647058823529,0.0,0.0,0.0,363.0,21.352941176470587,0.18732782369146006,1.4462809917355373,0.04411764705882353,0.47058823529411764,0.17647058823529413,0.5882352941176471,0.8235294117647058,1.0588235294117647,0.20588235294117646,0.5,2023-2025,True
00-0040131,Kyle Williams,WR,NE,1,2025,2025,1,14,21,10,209,3,400,79,7,9.83759753794469,2,3,0,49.2,408,3988,425,408,482,4612,494,17,17.0,336.0,1094.0,18.0,340.0,179.0,129.0,1121.0,613.0,409.0,21.0,10.0,130.0,79.0,0.0,1.0,7.0,21.0,0.0,0.0,2.0,8.0,7.0,2.0,9.837597537944696,0.3033006244424621,0.46845702561641406,0.0,,,,,,,,,19.0,13.0,7.9,,0.30823529411764705,0.051470588235294115,0.10030090270812438,0.043568464730290454,0.08673026886383348,0.004901960784313725,0.004048582995951417,0.8235294117647058,0.14741651424862823,0.5225,19.047619047619047,0.47619047619047616,0.46845702561641384,1.5,20.9,0.3071297989031079,19.764705882352942,0.29200652528548127,0.3154034229828851,1.5,0.7142857142857143,14.928571428571429,0.21428571428571427,28.571428571428573,3.5142857142857147,0.14285714285714285,0.21428571428571427,0.0,179.0,12.785714285714286,0.11731843575418995,1.1675977653631284,0.047619047619047616,0.0,0.0,0.14285714285714285,0.5714285714285714,0.5,0.38095238095238093,0.2857142857142857,2023-2025,True
00-0040134,Pat Bryant,WR,DEN,1,2025,2025,1,13,49,31,378,1,410,147,22,14.231253681904537,0,0,0,74.8,455,3477,476,342,584,4488,456,17,15.0,475.0,1000.0,35.0,486.0,307.0,157.0,1171.0,676.0,412.0,49.0,31.0,231.0,147.0,2.0,3.0,22.0,49.0,8.0,4.0,2.0,4.0,13.0,9.0,14.231253681904544,0.4150298889837746,0.2904337486102968,0.16326530612244897,6.32958333333334,2.40509746682027,8.71204081632653,9.74993091067721,4.81064516129032,3.97683646163159,0.83380869965873,63.265306122449,8.3,7.5,4.7,15.5,0.4766666666666667,0.1076923076923077,0.11791774518262871,0.0839041095890411,0.09135472370766488,0.0,0.0,0.7647058823529411,0.24408088316630164,0.9219512195121952,8.36734693877551,0.6326530612244898,0.2904337486102967,,12.193548387096774,0.475,31.666666666666668,0.4541420118343195,0.38106796116504854,3.769230769230769,2.3846153846153846,29.076923076923077,0.07692307692307693,31.53846153846154,5.753846153846154,0.0,0.0,0.0,307.0,23.615384615384617,0.15960912052117263,1.231270358306189,0.061224489795918366,0.6153846153846154,0.3076923076923077,0.15384615384615385,0.3076923076923077,1.0,0.08163265306122448,0.6923076923076923,2023-2025,True
00-0040138,Jaylin Noel,WR,HOU,1,2025,2025,1,17,35,26,292,2,327,99,13,14.174971320327693,6,12,0,68.4,553,4765,582,475,553,4765,475,17,17.0,304.0,1160.0,133.0,311.0,203.0,78.0,1180.0,648.0,445.0,35.0,26.0,193.0,99.0,0.0,1.0,13.0,35.0,5.0,3.0,0.0,8.0,11.0,4.0,14.1749713203277,0.2635593220338983,0.40499918058079143,0.14285714285714285,,,,,,,,,9.0,7.4,3.8,,0.26,0.06329113924050633,0.06862539349422875,0.06329113924050633,0.06862539349422875,0.01263157894736842,0.01263157894736842,1.0,0.1429744843067196,0.8929663608562691,9.342857142857143,0.7428571428571429,0.4049991805807912,2.0,11.23076923076923,0.2620689655172414,17.88235294117647,0.3132716049382716,0.1752808988764045,2.0588235294117645,1.5294117647058822,17.176470588235293,0.11764705882352941,19.235294117647058,4.023529411764706,0.35294117647058826,0.7058823529411765,0.0,203.0,11.941176470588236,0.1724137931034483,1.438423645320197,0.02857142857142857,0.29411764705882354,0.17647058823529413,0.0,0.47058823529411764,0.6470588235294118,0.22857142857142856,0.36363636363636365,2023-2025,True
00-0040154,Tai Felton,WR,MIN,1,2025,2025,1,12,3,3,25,0,11,14,2,1.381983248516919,0,0,0,5.5,338,2623,350,306,468,3757,410,17,6.0,46.0,1001.0,293.0,48.0,21.0,17.0,1031.0,575.0,373.0,3.0,3.0,11.0,14.0,0.0,0.0,2.0,3.0,0.0,0.0,0.0,0.0,2.0,1.0,1.3819832485169172,0.04655674102812803,0.4606610828389724,0.0,,,,,,,,,3.7000000000000006,3.7000000000000006,4.7,,0.04411764705882353,0.008875739644970414,0.0041936713686618375,0.00641025641025641,0.002927867979771094,0.0,0.0,0.7058823529411765,0.016249179425518907,2.272727272727273,3.6666666666666665,1.0,0.460661082838973,,8.333333333333334,0.04595404595404595,7.666666666666667,0.036521739130434785,0.045576407506702415,0.25,0.25,2.0833333333333335,0.0,0.9166666666666666,0.4583333333333333,0.0,0.0,0.0,21.0,1.75,0.14285714285714285,1.1904761904761905,0.0,0.0,0.0,0.0,0.0,0.16666666666666666,0.0,0.5,2023-2025,True
00-0040164,Jaylin Lane,WR,WAS,1,2025,2025,1,15,32,16,225,0,427,39,10,-5.651687835667176,1,7,0,51.2,392,3708,424,427,432,3998,484,17,15.0,348.0,941.0,80.0,361.0,202.0,120.0,1089.0,567.0,416.0,32.0,16.0,186.0,39.0,0.0,1.0,10.0,32.0,2.0,0.0,4.0,7.0,13.0,3.0,-5.651687835667195,0.3314967860422406,-0.17661524486459984,0.0625,,,,,,,,,13.3,11.6,2.4,,0.362,0.08163265306122448,0.11515641855447681,0.07407407407407407,0.10680340170085043,0.00234192037470726,0.002066115702479339,0.8823529411764706,0.2030584725799705,0.5269320843091335,13.34375,0.5,-0.17661524486459926,7.0,14.0625,0.3698193411264612,23.2,0.3562610229276896,0.28846153846153844,2.1333333333333333,1.0666666666666667,15.0,0.0,28.466666666666665,3.4133333333333336,0.06666666666666667,0.4666666666666667,0.0,202.0,13.466666666666667,0.15841584158415842,1.113861386138614,0.03125,0.13333333333333333,0.0,0.26666666666666666,0.4666666666666667,0.8666666666666667,0.21875,0.23076923076923078,2023-2025,True
00-0040170,Elic Ayomanor,WR,TEN,1,2025,2025,1,16,89,41,515,4,1126,115,30,-9.595703496456029,0,0,0,116.5,492,3819,528,356,530,4014,378,17,16.0,787.0,980.0,7.0,804.0,501.0,255.0,1082.0,646.0,359.0,89.0,41.0,400.0,115.0,0.0,5.0,30.0,89.0,8.0,6.0,6.0,18.0,29.0,9.0,-9.595703496456029,0.7430683918669131,-0.10781689321860706,0.0898876404494382,5.82084337349398,2.65747993512358,12.244606741573,28.0807763267746,3.0490243902439,3.1780201654662403,-0.128995775222342,46.067415730337096,12.2,9.8,2.8,,0.805625,0.18089430894308944,0.29484158156585494,0.16792452830188678,0.28051818634778275,0.0,0.0,0.9411764705882353,0.47773057051073264,0.4573712255772647,12.651685393258427,0.4606741573033708,-0.10781689321860706,,12.560975609756097,0.8030612244897959,49.1875,0.7755417956656346,0.7103064066852368,5.5625,2.5625,32.1875,0.25,70.375,7.28125,0.0,0.0,0.0,501.0,31.3125,0.17764471057884232,1.0279441117764472,0.056179775280898875,0.5,0.375,0.375,1.125,1.8125,0.20224719101123595,0.3103448275862069,2023-2025,True
00-0040172,Jordan Watkins,WR,SF,1,2025,2025,1,2,3,2,26,0,43,1,1,0.99223971337778,0,0,0,4.6,54,479,56,49,550,4296,481,17,4.0,25.0,243.0,0.0,25.0,15.0,7.0,1145.0,629.0,443.0,3.0,2.0,25.0,1.0,0.0,0.0,1.0,3.0,0.0,0.0,0.0,0.0,2.0,0.0,0.9922397133777849,0.021834061135371178,0.3307465711259283,0.0,,,,,,,,,14.0,12.5,0.5,,0.1025,0.05555555555555555,0.08977035490605428,0.005454545454545455,0.010009310986964618,0.0,0.0,0.11764705882352941,0.1461725817675713,0.6046511627906976,14.333333333333334,0.6666666666666666,0.3307465711259267,,13.0,0.102880658436214,6.25,0.02384737678855326,0.01580135440180587,1.5,1.0,13.0,0.0,21.5,2.3,0.0,0.0,0.0,15.0,7.5,0.2,1.7333333333333334,0.0,0.0,0.0,0.0,0.0,1.0,0.0,0.0,2023-2025,True
00-0040184,KeAndre Lambert-Smith,WR,LAC,1,2025,2025,1,10,12,5,51,1,211,21,3,-4.915886808707298,0,0,0,16.1,320,2651,336,251,544,4546,466,17,10.0,123.0,646.0,53.0,131.0,74.0,37.0,1178.0,681.0,411.0,12.0,5.0,30.0,21.0,1.0,0.0,3.0,12.0,2.0,0.0,2.0,4.0,4.0,3.0,-4.9158868087072864,0.11120543293718166,-0.40965723405894056,0.16666666666666666,,,,,,,,,17.6,6.0,4.2,5.0,0.188,0.0375,0.07959260656356092,0.022058823529411766,0.04641443026836779,0.0,0.0,0.5882352941176471,0.11196482459449264,0.24170616113744076,17.583333333333332,0.4166666666666667,-0.4096572340589415,,10.2,0.19040247678018576,12.3,0.10866372980910426,0.09002433090024331,1.2,0.5,5.1,0.1,21.1,1.61,0.0,0.0,0.0,74.0,7.4,0.16216216216216217,0.6891891891891891,0.0,0.2,0.0,0.2,0.4,0.4,0.3333333333333333,0.75,2023-2025,True
00-0040187,Mitchell Evans,TE,CAR,1,2025,2025,1,14,25,19,171,2,91,108,9,3.1915485067002063,1,1,0,48.2,404,2861,436,375,480,3450,461,17,17.0,393.0,1061.0,96.0,399.0,153.0,211.0,1092.0,585.0,415.0,25.0,19.0,63.0,108.0,0.0,1.0,9.0,25.0,4.0,3.0,2.0,0.0,2.0,0.0,3.191548506700201,0.36538461538461536,0.12766194026800803,0.16,,,,,,,,,3.6,3.3,5.7,,0.37411764705882355,0.06188118811881188,0.031807060468367704,0.052083333333333336,0.0263768115942029,0.0026666666666666666,0.0021691973969631237,0.8235294117647058,0.11508672450607521,1.879120879120879,3.64,0.76,0.12766194026800826,1.0,9.0,0.3704052780395853,23.11764705882353,0.26153846153846155,0.5084337349397591,1.7857142857142858,1.3571428571428572,12.214285714285714,0.14285714285714285,6.5,3.442857142857143,0.07142857142857142,0.07142857142857142,0.0,153.0,10.928571428571429,0.16339869281045752,1.1176470588235294,0.04,0.2857142857142857,0.21428571428571427,0.14285714285714285,0.0,0.14285714285714285,0.0,0.0,2023-2025,True
00-0040189,Oronde Gadsden II,TE,LAC,1,2025,2025,1,15,69,49,664,3,624,221,28,16.515055324098668,0,0,0,131.4,483,3960,508,415,544,4546,466,17,15.0,627.0,1020.0,84.0,644.0,417.0,182.0,1178.0,681.0,411.0,69.0,49.0,443.0,221.0,1.0,5.0,28.0,69.0,15.0,5.0,6.0,9.0,16.0,4.0,16.515055324098682,0.5466893039049237,0.23934862788548816,0.21739130434782608,5.95758620689655,3.16367343364934,9.0204347826087,14.0551221109443,4.92142857142857,3.57275209843386,1.34867647299471,71.0144927536232,9.0,9.0,4.5,49.0,0.626,0.14285714285714285,0.15757575757575756,0.12683823529411764,0.1372635283765948,0.0,0.0,0.8823529411764706,0.32458874458874454,1.064102564102564,9.043478260869565,0.7101449275362319,0.23934862788548794,,13.551020408163266,0.6147058823529412,41.8,0.6123348017621145,0.44282238442822386,4.6,3.2666666666666666,44.266666666666666,0.2,41.6,8.76,0.0,0.0,0.0,417.0,27.8,0.16546762589928057,1.592326139088729,0.07246376811594203,1.0,0.3333333333333333,0.4,0.6,1.0666666666666667,0.13043478260869565,0.25,2023-2025,True
00-0040194,Jackson Hawes,TE,BUF,1,2025,2025,1,13,19,16,187,3,139,91,13,14.833259285893305,0,0,0,52.7,360,2484,373,438,479,3614,547,17,17.0,487.0,1132.0,79.0,486.0,140.0,319.0,1151.0,593.0,481.0,19.0,16.0,96.0,91.0,2.0,2.0,13.0,19.0,3.0,2.0,2.0,3.0,2.0,1.0,14.833259285893291,0.42224152910512597,0.7806978571522785,0.15789473684210525,,,,,,,,,7.3,6.0,5.7,8.0,0.4388235294117647,0.05277777777777778,0.055958132045088566,0.03966597077244259,0.038461538461538464,0.0,0.0,0.7647058823529411,0.11833735909822865,1.3453237410071943,7.315789473684211,0.8421052631578947,0.7806978571522792,,11.6875,0.4302120141342756,28.647058823529413,0.23608768971332209,0.6632016632016632,1.4615384615384615,1.2307692307692308,14.384615384615385,0.23076923076923078,10.692307692307692,4.053846153846154,0.0,0.0,0.0,140.0,10.76923076923077,0.1357142857142857,1.3357142857142856,0.10526315789473684,0.23076923076923078,0.15384615384615385,0.15384615384615385,0.23076923076923078,0.15384615384615385,0.15789473684210525,0.5,2023-2025,True
00-0040218,Jimmy Horn Jr.,WR,CAR,1,2025,2025,1,10,15,11,108,0,90,71,4,3.4585896918735,8,69,0,28.7,250,1879,275,271,480,3450,461,17,13.0,148.0,785.0,5.0,149.0,81.0,61.0,1092.0,585.0,415.0,15.0,11.0,37.0,71.0,2.0,1.0,4.0,15.0,3.0,0.0,0.0,2.0,2.0,0.0,3.458589691873493,0.13644688644688643,0.23057264612489953,0.2,,,,,,,,,6.0,3.4,6.5,5.5,0.19230769230769232,0.06,0.047897817988291645,0.03125,0.02608695652173913,0.02952029520295203,0.01735357917570499,0.5882352941176471,0.12352847259180415,1.2,6.0,0.7333333333333333,0.2305726461249,8.625,9.818181818181818,0.18853503184713377,11.384615384615385,0.13846153846153847,0.14698795180722893,1.5,1.1,10.8,0.0,9.0,2.87,0.8,6.9,0.0,81.0,8.1,0.18518518518518517,1.3333333333333333,0.06666666666666667,0.3,0.0,0.0,0.2,0.2,0.13333333333333333,0.0,2023-2025,True
00-0040237,Tez Johnson,WR,TB,1,2025,2025,1,15,44,28,322,5,516,110,16,16.342394185250168,7,22,0,92.4,477,3970,490,403,541,4504,472,17,16.0,495.0,1054.0,0.0,507.0,296.0,178.0,1165.0,644.0,432.0,44.0,28.0,212.0,110.0,1.0,2.0,16.0,44.0,7.0,1.0,6.0,9.0,9.0,4.0,16.342394185250168,0.4351931330472103,0.37141804966477654,0.1590909090909091,,,,,,,,,11.7,7.6,3.9,28.0,0.470625,0.09224318658280922,0.12997481108312342,0.08133086876155268,0.11456483126110124,0.017369727047146403,0.014830508474576272,0.8823529411764706,0.22934714763240022,0.624031007751938,11.727272727272727,0.6363636363636364,0.37141804966477654,3.142857142857143,11.5,0.4696394686907021,30.9375,0.45962732919254656,0.41203703703703703,2.933333333333333,1.8666666666666667,21.466666666666665,0.3333333333333333,34.4,6.16,0.4666666666666667,1.4666666666666666,0.0,296.0,19.733333333333334,0.14864864864864866,1.087837837837838,0.045454545454545456,0.4666666666666667,0.06666666666666667,0.4,0.6,0.6,0.20454545454545456,0.4444444444444444,2023-2025,True
00-0040244,Moliki Matavao,TE,NO,1,2025,2025,1,1,2,2,10,0,5,5,0,0.186369166476652,0,0,0,3.0,27,282,27,23,565,4787,435,17,6.0,83.0,413.0,36.0,86.0,29.0,50.0,1160.0,671.0,400.0,2.0,2.0,5.0,5.0,0.0,0.0,0.0,2.0,0.0,0.0,0.0,0.0,0.0,0.0,0.18636916647665203,0.07413793103448275,0.09318458323832601,0.0,,,,,,,,,2.5,2.5,2.5,,0.21333333333333335,0.07407407407407407,0.01773049645390071,0.0035398230088495575,0.0010444955086693127,0.0,0.0,0.058823529411764705,0.1235224586288416,2.0,2.5,1.0,0.093184583238326,,5.0,0.2009685230024213,13.833333333333334,0.043219076005961254,0.125,2.0,2.0,10.0,0.0,5.0,3.0,0.0,0.0,0.0,29.0,29.0,0.06896551724137931,0.3448275862068966,0.0,0.0,0.0,0.0,0.0,0.0,0.0,,2023-2025,True
00-0040259,Gage Larvadain,WR,CLE,1,2025,2025,1,13,14,7,71,0,125,28,3,-4.781514537156792,1,3,0,14.4,372,2599,394,329,522,3785,421,17,13.0,186.0,801.0,64.0,193.0,132.0,49.0,1122.0,641.0,396.0,14.0,7.0,43.0,28.0,0.0,2.0,3.0,14.0,0.0,0.0,1.0,2.0,5.0,2.0,-3.8345145371567924,0.17201426024955438,-0.27389389551119947,0.0,,,,,,,,,8.9,6.1,4.0,,0.2361538461538462,0.03763440860215054,0.04809542131589073,0.02681992337164751,0.03302509907529723,0.00303951367781155,0.0023752969121140144,0.7647058823529411,0.09011840782434932,0.568,8.928571428571429,0.5,-0.3415367526540566,3.0,10.142857142857142,0.23220973782771537,14.307692307692308,0.2059282371294852,0.12373737373737374,1.0769230769230769,0.5384615384615384,5.461538461538462,0.0,9.615384615384615,1.1076923076923078,0.07692307692307693,0.23076923076923078,0.0,132.0,10.153846153846153,0.10606060606060606,0.5378787878787878,0.14285714285714285,0.0,0.0,0.07692307692307693,0.15384615384615385,0.38461538461538464,0.14285714285714285,0.4,2023-2025,True
00-0040277,Jahdae Walker,WR,CHI,1,2025,2025,1,6,10,6,87,2,130,8,4,6.853540320356842,0,0,0,26.7,202,1745,221,152,532,4944,505,17,7.0,86.0,592.0,61.0,87.0,62.0,19.0,1184.0,644.0,451.0,10.0,6.0,79.0,8.0,0.0,1.0,4.0,10.0,2.0,2.0,3.0,2.0,2.0,1.0,6.853540320356842,0.07347972972972973,0.6853540320356842,0.2,,,,,,,,,13.0,13.199999999999998,1.3,,0.15111111111111108,0.04950495049504951,0.07449856733524356,0.018796992481203006,0.026294498381877023,0.0,0.0,0.35294117647058826,0.12640642287724474,0.6692307692307692,13.0,0.6,0.6853540320356842,,14.5,0.14527027027027026,12.285714285714286,0.09627329192546584,0.04212860310421286,1.6666666666666667,1.0,14.5,0.3333333333333333,21.666666666666668,4.45,0.0,0.0,0.0,62.0,10.333333333333334,0.16129032258064516,1.403225806451613,0.1,0.3333333333333333,0.3333333333333333,0.5,0.3333333333333333,0.3333333333333333,0.2,0.5,2023-2025,True
00-0040311,Theo Wease Jr.,WR,MIA,1,2025,2025,1,3,10,6,139,1,137,63,6,2.1371582629508303,0,0,0,25.9,75,617,77,83,462,3362,432,17,3.0,55.0,170.0,17.0,58.0,38.0,13.0,1007.0,533.0,407.0,10.0,6.0,76.0,63.0,0.0,0.0,6.0,10.0,1.0,0.0,1.0,2.0,4.0,3.0,2.137158262950834,0.05759682224428997,0.2137158262950834,0.1,,,,,,,,,13.7,12.699999999999998,10.5,,0.3233333333333333,0.13333333333333333,0.22204213938411668,0.021645021645021644,0.04074955383700178,0.0,0.0,0.17647058823529413,0.35542949756888165,1.0145985401459854,13.7,0.6,0.21371582629508304,,23.166666666666668,0.3235294117647059,18.333333333333332,0.07129455909943715,0.03194103194103194,3.3333333333333335,2.0,46.333333333333336,0.3333333333333333,45.666666666666664,8.633333333333333,0.0,0.0,0.0,38.0,12.666666666666666,0.2631578947368421,3.6578947368421053,0.0,0.3333333333333333,0.0,0.3333333333333333,0.6666666666666666,1.3333333333333333,0.2,0.75,2023-2025,True
00-0040317,Jacoby Jones,WR,WAS,1,2025,2025,1,1,1,1,25,0,3,22,1,1.56264380965149,0,0,0,3.5,29,221,30,33,432,3998,484,17,,,,,11.0,3.0,8.0,1089.0,567.0,416.0,,,,,,,,1.0,0.0,0.0,0.0,0.0,1.0,1.0,1.5626438096514903,0.010101010101010102,1.5626438096514903,0.0,,,,,,,,,,,,,,0.034482758620689655,0.013574660633484163,0.0023148148148148147,0.0007503751875937969,0.0,0.0,0.058823529411764705,0.0612264003744734,8.333333333333334,3.0,1.0,1.56264380965149,,25.0,,,0.005291005291005291,0.019230769230769232,1.0,1.0,25.0,0.0,3.0,3.5,0.0,0.0,0.0,3.0,3.0,0.3333333333333333,8.333333333333334,,0.0,0.0,0.0,0.0,1.0,0.0,1.0,2023-2025,True
00-0040352,Coleman Owen,WR,IND,1,2025,2025,1,2,1,0,0,0,2,0,0,-3.25976615422405,0,0,0,0.0,62,479,63,50,530,4380,442,17,1.0,1.0,120.0,19.0,1.0,1.0,0.0,1094.0,605.0,415.0,1.0,0.0,0.0,0.0,0.0,1.0,0.0,1.0,0.0,0.0,0.0,0.0,0.0,0.0,-3.259766154224053,0.0009140767824497258,-3.259766154224053,0.0,,,,,,,,,2.0,,,,0.01,0.016129032258064516,0.0041753653444676405,0.0018867924528301887,0.00045662100456621003,0.0,0.0,0.11764705882352941,0.027116304128224123,0.0,2.0,0.0,-3.25976615422405,,,0.008333333333333333,1.0,0.001652892561983471,0.0,0.5,0.0,0.0,0.0,1.0,0.0,0.0,0.0,0.0,1.0,0.5,1.0,0.0,1.0,0.0,0.0,0.0,0.0,0.0,0.0,,2023-2025,True
00-0040363,Keleki Latu,TE,BUF,1,2025,2025,1,3,4,4,35,0,12,23,3,5.3192515547852945,0,0,0,7.5,91,796,94,99,479,3614,547,17,5.0,85.0,347.0,52.0,87.0,44.0,35.0,1151.0,593.0,481.0,4.0,4.0,12.0,23.0,2.0,0.0,3.0,4.0,0.0,0.0,0.0,0.0,1.0,1.0,5.319251554785296,0.07558644656820157,1.329812888696324,0.0,,,,,,,,,3.0,3.0,5.8,2.0,0.23399999999999999,0.04395604395604396,0.01507537688442211,0.008350730688935281,0.003320420586607637,0.0,0.0,0.17647058823529413,0.07648682975316141,2.9166666666666665,3.0,1.0,1.3298128886963236,,8.75,0.24495677233429394,17.0,0.07419898819561552,0.07276507276507277,1.3333333333333333,1.3333333333333333,11.666666666666666,0.0,4.0,2.5,0.0,0.0,0.0,44.0,14.666666666666666,0.09090909090909091,0.7954545454545454,0.0,0.0,0.0,0.0,0.0,0.3333333333333333,0.0,1.0,2023-2025,True
00-0040388,Jakobie Keeney-James,WR,GB,1,2025,2025,1,1,2,2,15,0,15,0,0,-0.0504541203845292,0,0,0,3.5,10,27,11,35,460,4283,492,17,1.0,48.0,51.0,9.0,49.0,16.0,30.0,1074.0,554.0,441.0,2.0,2.0,15.0,0.0,0.0,0.0,0.0,2.0,0.0,0.0,0.0,0.0,1.0,0.0,-0.05045412038452923,0.04562383612662942,-0.025227060192264616,0.0,,,,,,,,,7.5,7.5,0.0,,0.94,0.2,0.5555555555555556,0.004347826086956522,0.0035022180714452487,0.0,0.0,0.058823529411764705,0.6888888888888889,1.0,7.5,1.0,-0.0252270601922646,,7.5,0.9411764705882353,48.0,0.02888086642599278,0.06802721088435375,2.0,2.0,15.0,0.0,15.0,3.5,0.0,0.0,0.0,16.0,16.0,0.125,0.9375,0.0,0.0,0.0,0.0,0.0,1.0,0.0,0.0,2023-2025,True
00-0040406,Quentin Skinner,WR,NYJ,1,2025,2025,1,1,1,1,10,0,4,6,1,2.31228549014498,0,0,0,4.0,22,73,22,23,472,3404,456,17,1.0,16.0,48.0,0.0,16.0,10.0,6.0,1081.0,613.0,399.0,1.0,1.0,4.0,6.0,0.0,0.0,1.0,1.0,0.0,0.0,0.0,0.0,1.0,1.0,1.2592854901449755,0.014801110083256245,1.2592854901449755,0.0,,,,,,,,,4.0,4.0,6.0,,0.33,0.045454545454545456,0.0547945205479452,0.00211864406779661,0.0011750881316098707,0.0,0.0,0.058823529411764705,0.10653798256537982,2.5,4.0,1.0,2.31228549014498,,10.0,0.3333333333333333,16.0,0.01631321370309951,0.015037593984962405,1.0,1.0,10.0,0.0,4.0,4.0,0.0,0.0,0.0,10.0,10.0,0.1,1.0,0.0,0.0,0.0,0.0,0.0,1.0,0.0,1.0,2023-2025,True
00-0040432,Beaux Collins,WR,NYG,1,2025,2025,1,4,6,2,25,0,73,6,1,-5.744555426470468,0,0,0,4.5,134,1427,138,103,503,4473,511,17,8.0,84.0,605.0,109.0,91.0,48.0,28.0,1197.0,627.0,464.0,6.0,2.0,19.0,6.0,0.0,0.0,1.0,6.0,1.0,1.0,1.0,1.0,1.0,0.0,-5.74455542647047,0.07602339181286549,-0.9574259044117449,0.16666666666666666,,,,,,,,,12.199999999999998,9.5,3.0,,0.13777777777777778,0.04477611940298507,0.051156271899089,0.011928429423459244,0.01632014308070646,0.0,0.0,0.23529411764705882,0.10297356943383991,0.3424657534246575,12.166666666666666,0.3333333333333333,-0.9574259044117447,,12.5,0.13884297520661157,10.5,0.07655502392344497,0.0603448275862069,1.5,0.5,6.25,0.0,18.25,1.125,0.0,0.0,0.0,48.0,12.0,0.125,0.5208333333333334,0.0,0.25,0.25,0.25,0.25,0.25,0.16666666666666666,0.0,2023-2025,True
00-0040488,Carter Runyon,TE,LV,1,2025,2025,1,3,1,1,3,0,-3,6,0,-0.223862133920193,0,0,0,1.3,78,461,83,50,494,3208,369,17,10.0,45.0,734.0,206.0,48.0,16.0,26.0,1017.0,600.0,349.0,1.0,1.0,-3.0,6.0,0.0,0.0,0.0,1.0,0.0,0.0,0.0,0.0,0.0,0.0,-0.22386213392019272,0.0471976401179941,-0.22386213392019272,0.0,,,,,,,,,-3.0,-3.0,6.0,,0.062307692307692314,0.01282051282051282,-0.006507592190889371,0.0020242914979757085,-0.0009351620947630922,0.0,0.0,0.17647058823529413,0.014675454697146673,-1.0,-3.0,1.0,-0.223862133920193,,3.0,0.06130790190735695,4.5,0.02666666666666667,0.07449856733524356,0.3333333333333333,0.3333333333333333,1.0,0.0,-1.0,0.43333333333333335,0.0,0.0,0.0,16.0,5.333333333333333,0.0625,0.1875,0.0,0.0,0.0,0.0,0.0,0.0,0.0,,2023-2025,True
00-0040509,Ben Yurosek,TE,MIN,1,2025,2025,1,6,3,2,14,0,11,9,1,0.34764215862379,0,0,0,3.4,169,1462,174,139,468,3757,410,17,12.0,116.0,700.0,125.0,123.0,37.0,69.0,1031.0,575.0,373.0,3.0,2.0,5.0,9.0,0.0,0.0,1.0,3.0,0.0,0.0,0.0,0.0,0.0,0.0,0.3476421586237848,0.11930164888457807,0.1158807195412616,0.0,,,,,,,,,3.7000000000000006,2.5,4.5,,0.16583333333333333,0.01775147928994083,0.007523939808481532,0.00641025641025641,0.002927867979771094,0.0,0.0,0.35294117647058826,0.031893976800848316,1.2727272727272727,3.6666666666666665,0.6666666666666666,0.11588071954126333,,7.0,0.1657142857142857,9.666666666666666,0.06434782608695652,0.18498659517426275,0.5,0.3333333333333333,2.3333333333333335,0.0,1.8333333333333333,0.5666666666666667,0.0,0.0,0.0,37.0,6.166666666666667,0.08108108108108109,0.3783783783783784,0.0,0.0,0.0,0.0,0.0,0.0,0.0,,2023-2025,True
00-0040522,Xavier Restrepo,WR,TEN,1,2025,2025,1,2,7,3,41,0,77,9,3,3.04522367331083,0,0,0,7.1,73,443,80,36,530,4014,378,17,2.0,30.0,135.0,2.0,30.0,22.0,6.0,1082.0,646.0,359.0,7.0,3.0,32.0,9.0,0.0,0.0,3.0,7.0,1.0,0.0,1.0,1.0,2.0,1.0,3.0452236733108293,0.027726432532347505,0.43503195333011846,0.14285714285714285,,,,,,,,,11.0,10.699999999999998,3.0,,0.22,0.0958904109589041,0.17381489841986456,0.013207547169811321,0.019182859990034877,0.0,0.0,0.11764705882352941,0.26550604533226135,0.5324675324675324,11.0,0.42857142857142855,0.4350319533301186,,13.666666666666666,0.2222222222222222,15.0,0.034055727554179564,0.016713091922005572,3.5,1.5,20.5,0.0,38.5,3.55,0.0,0.0,0.0,22.0,11.0,0.3181818181818182,1.8636363636363635,0.0,0.5,0.0,0.5,0.5,1.0,0.14285714285714285,0.5,2023-2025,True
00-0040534,Ke'Shawn Williams,WR,PIT,1,2025,2025,1,11,1,1,5,0,5,0,0,0.0076984986662864,2,10,0,2.5,341,2223,360,273,522,3280,407,17,7.0,23.0,679.0,85.0,23.0,13.0,7.0,2204.0,1285.0,759.0,1.0,1.0,5.0,0.0,0.0,0.0,0.0,1.0,0.0,0.0,0.0,0.0,0.0,0.0,0.0076984986662864685,0.010435571687840291,0.0076984986662864685,0.0,,,,,,,,,5.0,5.0,0.0,,0.035454545454545454,0.002932551319648094,0.002249212775528565,0.0019157088122605363,0.001524390243902439,0.007326007326007326,0.004914004914004914,0.6470588235294118,0.005973275922342136,1.0,5.0,1.0,0.0076984986662864,5.0,5.0,0.033873343151693665,3.2857142857142856,0.010116731517509728,0.00922266139657444,0.09090909090909091,0.09090909090909091,0.45454545454545453,0.0,0.45454545454545453,0.22727272727272727,0.18181818181818182,0.9090909090909091,0.0,13.0,1.1818181818181819,0.07692307692307693,0.38461538461538464,0.0,0.0,0.0,0.0,0.0,0.0,0.0,,2023-2025,True
00-0040563,Efton Chism III,WR,NE,1,2025,2025,1,8,3,3,75,1,35,40,3,6.78007010172587,0,0,0,16.5,213,2262,222,253,482,4612,494,17,8.0,92.0,515.0,59.0,92.0,36.0,38.0,1121.0,613.0,409.0,3.0,3.0,35.0,40.0,0.0,0.0,3.0,3.0,1.0,1.0,1.0,0.0,0.0,0.0,6.780070101725869,0.08206958073148975,2.2600233672419563,0.3333333333333333,,,,,,,,,11.699999999999998,11.699999999999998,13.300000000000002,,0.17875,0.014084507042253521,0.015473032714412025,0.006224066390041493,0.0075888985255854295,0.0,0.0,0.47058823529411764,0.0319578834634687,2.142857142857143,11.666666666666666,1.0,2.2600233672419567,,25.0,0.1786407766990291,11.5,0.05872756933115824,0.09290953545232274,0.375,0.375,9.375,0.125,4.375,2.0625,0.0,0.0,0.0,36.0,4.5,0.08333333333333333,2.0833333333333335,0.0,0.125,0.125,0.125,0.0,0.0,0.0,,2023-2025,True
00-0040581,Dont'e Thornton Jr.,WR,LV,1,2025,2025,1,11,30,10,135,0,497,38,7,-12.038327714126535,0,0,0,23.5,319,2228,331,254,494,3208,369,17,15.0,399.0,879.0,0.0,401.0,249.0,127.0,1017.0,600.0,349.0,30.0,10.0,97.0,38.0,0.0,3.0,7.0,30.0,2.0,0.0,1.0,11.0,8.0,2.0,-12.038327714126549,0.3942969518190757,-0.40127759047088496,0.06666666666666667,,,,,,,,,16.6,9.7,3.8,,0.4533333333333333,0.09404388714733543,0.22307001795332138,0.06072874493927125,0.15492518703241895,0.0,0.0,0.6470588235294118,0.2972148432883281,0.2716297786720322,16.566666666666666,0.3333333333333333,-0.40127759047088446,,13.5,0.4539249146757679,26.6,0.415,0.3638968481375358,2.727272727272727,0.9090909090909091,12.272727272727273,0.0,45.18181818181818,2.1363636363636362,0.0,0.0,0.0,249.0,22.636363636363637,0.12048192771084337,0.5421686746987951,0.1,0.18181818181818182,0.0,0.09090909090909091,1.0,0.7272727272727273,0.36666666666666664,0.25,2023-2025,True
00-0040582,Arian Smith,WR,NYJ,1,2025,2025,1,13,16,7,52,0,216,33,4,-6.329420673835563,4,13,0,13.5,356,2380,373,355,472,3404,456,17,16.0,376.0,982.0,58.0,389.0,244.0,117.0,1081.0,613.0,399.0,16.0,7.0,19.0,33.0,1.0,1.0,4.0,16.0,0.0,0.0,2.0,5.0,3.0,0.0,-6.329420673835557,0.3598519888991674,-0.3955887921147223,0.0,,,,,,,,,13.5,2.7,4.7,7.0,0.3825,0.0449438202247191,0.0907563025210084,0.03389830508474576,0.06345475910693302,0.011267605633802818,0.008771929824561403,0.7647058823529411,0.13094514210178454,0.24074074074074073,13.5,0.4375,-0.3955887921147227,3.25,7.428571428571429,0.38289205702647655,23.5,0.39804241435562804,0.2932330827067669,1.2307692307692308,0.5384615384615384,4.0,0.0,16.615384615384617,1.0384615384615385,0.3076923076923077,1.0,0.0,244.0,18.76923076923077,0.06557377049180328,0.21311475409836064,0.0625,0.0,0.0,0.15384615384615385,0.38461538461538464,0.23076923076923078,0.3125,0.0,2023-2025,True
00-0040584,Gunnar Helm,TE,TEN,1,2025,2025,1,16,55,44,357,2,303,159,17,3.8344788257476887,0,0,0,91.7,497,3887,537,359,530,4014,378,17,16.0,533.0,1002.0,129.0,545.0,287.0,227.0,1082.0,646.0,359.0,55.0,44.0,198.0,159.0,0.0,2.0,17.0,55.0,8.0,3.0,4.0,2.0,9.0,3.0,3.83447882574768,0.5036968576709797,0.069717796831776,0.14545454545454545,4.87368421052632,3.52239567631081,5.37509090909091,7.61768070830027,3.93272727272727,4.74639537948424,-0.813668106756964,80.0,5.6,4.5,3.6,,0.525625,0.11066398390342053,0.0779521481862619,0.10377358490566038,0.07548579970104634,0.0,0.0,0.9411764705882353,0.22056247958551412,1.1782178217821782,5.509090909090909,0.8,0.06971779683177616,,8.113636363636363,0.5319361277445109,33.3125,0.44427244582043346,0.6323119777158774,3.4375,2.75,22.3125,0.125,18.9375,5.73125,0.0,0.0,0.0,287.0,17.9375,0.1916376306620209,1.2439024390243902,0.03636363636363636,0.5,0.1875,0.25,0.125,0.5625,0.03636363636363636,0.3333333333333333,2023-2025,True
00-0040590,Konata Mumpfield,WR,LA,1,2025,2025,1,10,23,10,92,1,296,25,7,-8.76410686524537,0,0,0,25.2,344,3437,354,277,581,5428,465,17,17.0,375.0,1135.0,73.0,385.0,176.0,165.0,1156.0,624.0,441.0,23.0,10.0,67.0,25.0,0.0,2.0,7.0,23.0,4.0,1.0,1.0,3.0,10.0,2.0,-8.764106865245363,0.33304498269896193,-0.3810481245758854,0.17391304347826086,,,,,,,,,9.7,6.7,2.5,,0.32176470588235295,0.06686046511627906,0.08612161768984579,0.039586919104991396,0.054532056005895356,0.0,0.0,0.5882352941176471,0.16057583005731063,0.3108108108108108,12.869565217391305,0.43478260869565216,-0.38104812457588566,,9.2,0.3303964757709251,22.058823529411764,0.28205128205128205,0.3741496598639456,2.3,1.0,9.2,0.1,29.6,2.52,0.0,0.0,0.0,176.0,17.6,0.13068181818181818,0.5227272727272727,0.08695652173913043,0.4,0.1,0.1,0.3,1.0,0.13043478260869565,0.2,2023-2025,True
00-0040628,Drake Dabney,TE,GB,1,2025,2025,1,1,2,1,3,0,10,0,0,-0.841750696999952,0,0,0,1.3,10,27,11,35,460,4283,492,17,2.0,52.0,98.0,16.0,53.0,17.0,32.0,1074.0,554.0,441.0,2.0,1.0,3.0,0.0,0.0,0.0,0.0,2.0,1.0,1.0,0.0,0.0,0.0,0.0,-0.8417506969999522,0.049348230912476726,-0.4208753484999761,0.5,,,,,,,,,5.0,3.0,0.0,,0.515,0.2,0.37037037037037035,0.004347826086956522,0.0023348120476301658,0.0,0.0,0.058823529411764705,0.5592592592592593,0.3,5.0,0.5,-0.420875348499976,,3.0,0.5306122448979592,26.0,0.030685920577617327,0.07256235827664399,2.0,1.0,3.0,0.0,10.0,1.3,0.0,0.0,0.0,17.0,17.0,0.11764705882352941,0.17647058823529413,0.0,1.0,1.0,0.0,0.0,0.0,0.0,,2023-2025,True
00-0040646,Jalen Royals,WR,KC,1,2025,2025,1,2,3,2,4,0,22,4,0,-1.62522926169913,0,0,0,2.4,65,482,68,55,549,4533,430,17,7.0,86.0,434.0,52.0,90.0,36.0,42.0,1142.0,689.0,363.0,3.0,2.0,0.0,4.0,0.0,0.0,0.0,3.0,0.0,0.0,1.0,1.0,1.0,0.0,-1.6252292616991326,0.07880910683012259,-0.5417430872330442,0.0,,,,,,,,,7.3,0.0,2.0,,0.19,0.046153846153846156,0.04564315352697095,0.00546448087431694,0.004853298036620339,0.0,0.0,0.11764705882352941,0.1011809766996489,0.18181818181818182,7.333333333333333,0.6666666666666666,-0.5417430872330433,,2.0,0.19815668202764977,12.285714285714286,0.05224963715529753,0.11570247933884298,1.5,1.0,2.0,0.0,11.0,1.2,0.0,0.0,0.0,36.0,18.0,0.08333333333333333,0.1111111111111111,0.0,0.0,0.0,0.5,0.5,0.5,0.3333333333333333,0.0,2023-2025,True
00-0040648,Tory Horton,WR,SEA,1,2025,2025,1,8,22,13,161,5,337,33,7,10.245775616387848,0,0,0,65.1,207,1985,220,226,455,3758,507,17,8.0,226.0,479.0,37.0,231.0,137.0,76.0,1087.0,520.0,486.0,22.0,13.0,128.0,33.0,1.0,0.0,7.0,22.0,4.0,3.0,5.0,6.0,6.0,1.0,10.245775616387846,0.2125114995400184,0.4657170734721748,0.18181818181818182,,,,,,,,,15.3,9.8,2.5,13.0,0.48125,0.10628019323671498,0.16977329974811084,0.04835164835164835,0.08967535923363491,0.0,0.0,0.47058823529411764,0.27826159967875,0.47774480712166173,15.318181818181818,0.5909090909090909,0.4657170734721749,,12.384615384615385,0.4718162839248434,28.25,0.26346153846153847,0.15637860082304528,2.75,1.625,20.125,0.625,42.125,8.1375,0.0,0.0,0.0,137.0,17.125,0.16058394160583941,1.1751824817518248,0.0,0.5,0.375,0.625,0.75,0.75,0.2727272727272727,0.16666666666666666,2023-2025,True
00-0040663,Harold Fannin Jr.,TE,CLE,1,2025,2025,1,16,107,72,731,6,646,352,32,1.4001505646190187,7,13,1,186.4,501,3589,536,397,522,3785,421,17,16.0,786.0,1031.0,90.0,808.0,461.0,291.0,1122.0,641.0,396.0,107.0,72.0,379.0,352.0,7.0,4.0,32.0,107.0,10.0,3.0,3.0,7.0,29.0,7.0,2.34715056461898,0.7201426024955436,0.021935986585224113,0.09345794392523364,5.698241758241761,2.94057543117714,5.86476635514019,18.0856889237296,5.13652777777778,3.9213539506592006,1.21517382711858,67.2897196261682,6.0,5.3,4.9,10.3,0.759375,0.21357285429141717,0.17999442741710783,0.2049808429118774,0.17067371202113607,0.017632241813602016,0.0166270783847981,0.9411764705882353,0.44635538062910124,1.131578947368421,6.037383177570093,0.6728971962616822,0.013085519295504847,1.8571428571428572,10.152777777777779,0.7623666343355965,49.125,0.719188767550702,0.7348484848484849,6.6875,4.5,45.6875,0.375,40.375,11.65,0.4375,0.8125,0.0625,461.0,28.8125,0.23210412147505424,1.5856832971800434,0.037383177570093455,0.625,0.1875,0.1875,0.4375,1.8125,0.06542056074766354,0.2413793103448276,2023-2025,True
00-0040667,Matthew Golden,WR,GB,1,2025,2025,1,14,44,29,361,0,552,101,16,16.798845552614974,10,49,0,70.0,377,3459,401,393,460,4283,492,17,14.0,452.0,854.0,16.0,462.0,268.0,163.0,1074.0,554.0,441.0,44.0,29.0,260.0,101.0,0.0,1.0,16.0,44.0,2.0,0.0,2.0,12.0,12.0,8.0,16.79884555261497,0.4301675977653631,0.381791944377613,0.045454545454545456,,,,,,,,,12.5,9.0,3.5,,0.5321428571428571,0.11671087533156499,0.1595836947094536,0.09565217391304348,0.12888162502918515,0.02544529262086514,0.02032520325203252,0.8235294117647058,0.286774899293965,0.6539855072463768,12.545454545454545,0.6590909090909091,0.38179194437761305,4.9,12.448275862068966,0.5292740046838408,32.285714285714285,0.48375451263537905,0.36961451247165533,3.142857142857143,2.0714285714285716,25.785714285714285,0.0,39.42857142857143,5.0,0.7142857142857143,3.5,0.0,268.0,19.142857142857142,0.16417910447761194,1.3470149253731343,0.022727272727272728,0.14285714285714285,0.0,0.14285714285714285,0.8571428571428571,0.8571428571428571,0.2727272727272727,0.6666666666666666,2023-2025,True
00-0040669,Isaac TeSlaa,WR,DET,1,2025,2025,1,14,27,16,239,6,352,55,14,17.83113294077017,0,0,0,75.9,462,3061,489,370,550,3732,442,17,17.0,436.0,1099.0,68.0,448.0,293.0,126.0,1123.0,624.0,434.0,27.0,16.0,184.0,55.0,0.0,0.0,14.0,27.0,11.0,3.0,11.0,4.0,6.0,1.0,17.831132940770182,0.39893143365983974,0.6604123311396364,0.4074074074074074,,,,,,,,,13.1,11.5,3.4,,0.39647058823529413,0.05844155844155844,0.11499509964064031,0.04909090909090909,0.09431939978563773,0.0,0.0,0.8235294117647058,0.16815890741078587,0.6789772727272727,13.037037037037036,0.5925925925925926,0.6604123311396359,,14.9375,0.39672429481346677,25.647058823529413,0.46955128205128205,0.2903225806451613,1.9285714285714286,1.1428571428571428,17.071428571428573,0.42857142857142855,25.142857142857142,5.421428571428572,0.0,0.0,0.0,293.0,20.928571428571427,0.09215017064846416,0.8156996587030717,0.0,0.7857142857142857,0.21428571428571427,0.7857142857142857,0.2857142857142857,0.42857142857142855,0.14814814814814814,0.16666666666666666,2023-2025,True
00-0040705,Chimere Dike,WR,TEN,1,2025,2025,1,17,74,48,423,4,599,220,20,1.5662332190759858,11,18,0,128.1,530,4014,570,378,530,4014,378,17,17.0,631.0,1056.0,161.0,644.0,407.0,189.0,1082.0,646.0,359.0,74.0,48.0,203.0,220.0,0.0,2.0,20.0,74.0,14.0,5.0,4.0,11.0,26.0,12.0,1.5662332190759591,0.5951940850277264,0.021165313771296747,0.1891891891891892,6.77223880597015,3.80351713375379,8.20581081081081,15.646870265200302,4.77666666666667,5.00259858523876,-0.22593191857209102,64.8648648648649,7.9,4.2,4.6,,0.5929411764705882,0.13962264150943396,0.14922770303936223,0.13962264150943396,0.14922770303936223,0.0291005291005291,0.0291005291005291,1.0,0.3138933543917045,0.7061769616026711,8.094594594594595,0.6486486486486487,0.021165313771297104,1.6363636363636365,8.8125,0.5975378787878788,37.11764705882353,0.6300309597523219,0.5264623955431755,4.352941176470588,2.823529411764706,24.88235294117647,0.23529411764705882,35.23529411764706,7.535294117647059,0.6470588235294118,1.0588235294117647,0.0,407.0,23.941176470588236,0.18181818181818182,1.0393120393120394,0.02702702702702703,0.8235294117647058,0.29411764705882354,0.23529411764705882,0.6470588235294118,1.5294117647058822,0.14864864864864866,0.46153846153846156,2023-2025,True
00-0040727,Tre Harris,WR,LAC,1,2025,2025,1,16,43,30,324,1,398,139,18,15.32728224309756,2,10,0,69.4,512,4419,536,439,544,4546,466,17,17.0,555.0,1143.0,62.0,574.0,291.0,247.0,1178.0,681.0,411.0,43.0,30.0,185.0,139.0,1.0,1.0,18.0,43.0,5.0,1.0,2.0,7.0,13.0,8.0,15.32728224309757,0.4872665534804754,0.35644842425808304,0.11627906976744186,,,,,,,,,7.7,6.2,4.6,30.0,0.4852941176470588,0.083984375,0.09006562570717357,0.07904411764705882,0.08754949406071272,0.004555808656036446,0.004291845493562232,0.9411764705882353,0.1890225004950215,0.8140703517587939,9.255813953488373,0.6976744186046512,0.3564484242580828,5.0,10.8,0.48556430446194226,32.64705882352941,0.42731277533039647,0.6009732360097324,2.6875,1.875,20.25,0.0625,24.875,4.3375,0.125,0.625,0.0,291.0,18.1875,0.14776632302405499,1.1134020618556701,0.023255813953488372,0.3125,0.0625,0.125,0.4375,0.8125,0.16279069767441862,0.6153846153846154,2023-2025,True
00-0040729,Jack Bech,WR,LV,1,2025,2025,1,14,29,20,224,0,240,68,11,-2.0305611165089212,0,0,0,42.4,381,2389,398,309,494,3208,369,17,15.0,343.0,934.0,131.0,349.0,196.0,134.0,1017.0,600.0,349.0,29.0,20.0,156.0,68.0,1.0,1.0,11.0,29.0,4.0,1.0,0.0,3.0,13.0,4.0,-2.0305611165089203,0.34316617502458213,-0.07001934884513518,0.13793103448275862,,,,,,,,,8.8,7.8,3.4,20.0,0.3975,0.07611548556430446,0.10046044370029301,0.058704453441295545,0.07481296758104738,0.0,0.0,0.8235294117647058,0.1844955389366618,0.9333333333333333,8.275862068965518,0.6896551724137931,-0.07001934884513522,,11.2,0.367237687366167,22.866666666666667,0.32666666666666666,0.3839541547277937,2.0714285714285716,1.4285714285714286,16.0,0.0,17.142857142857142,3.0285714285714285,0.0,0.0,0.0,196.0,14.0,0.14795918367346939,1.1428571428571428,0.034482758620689655,0.2857142857142857,0.07142857142857142,0.0,0.21428571428571427,0.9285714285714286,0.10344827586206896,0.3076923076923077,2023-2025,True
00-0040735,Luther Burden III,WR,CHI,1,2025,2025,1,15,60,47,652,2,460,334,27,30.070644080435127,6,37,0,127.9,469,4318,503,442,532,4944,505,17,15.0,402.0,1010.0,34.0,413.0,242.0,142.0,1184.0,644.0,451.0,60.0,47.0,318.0,334.0,1.0,4.0,27.0,60.0,4.0,0.0,1.0,7.0,14.0,8.0,30.07064408043516,0.34881756756756754,0.501177401340586,0.06666666666666667,7.42519230769231,4.63045457645756,7.26483333333333,9.73344617452722,7.41787234042553,6.49109083460145,0.926781505824081,78.3333333333333,7.7,6.799999999999999,7.1,47.0,0.39666666666666667,0.1279317697228145,0.10653080129689671,0.11278195488721804,0.09304207119741101,0.013574660633484163,0.011881188118811881,0.8823529411764706,0.26646921549204944,1.4173913043478261,7.666666666666667,0.7833333333333333,0.5011774013405854,6.166666666666667,13.872340425531915,0.39801980198019804,26.8,0.37577639751552794,0.3148558758314856,4.0,3.1333333333333333,43.46666666666667,0.13333333333333333,30.666666666666668,8.526666666666667,0.4,2.466666666666667,0.0,242.0,16.133333333333333,0.24793388429752067,2.6942148760330578,0.06666666666666667,0.26666666666666666,0.0,0.06666666666666667,0.4666666666666667,0.9333333333333333,0.11666666666666667,0.5714285714285714,2023-2025,True
00-0040736,Mason Taylor,TE,NYJ,1,2025,2025,1,13,65,44,369,1,375,133,23,9.696050731421693,0,0,0,88.9,352,2805,370,353,472,3404,456,17,13.0,654.0,804.0,3.0,675.0,397.0,230.0,1081.0,613.0,399.0,65.0,44.0,236.0,133.0,0.0,8.0,23.0,65.0,8.0,3.0,2.0,2.0,17.0,7.0,8.6430507314217,0.6244218316373727,0.13297001125264155,0.12307692307692308,6.10875,3.24760178941833,5.93846153846154,11.8232636495903,3.23090909090909,3.72492511169889,-0.49401602078980394,67.6923076923077,5.9,5.4,3.0,,0.8107692307692307,0.1846590909090909,0.13368983957219252,0.13771186440677965,0.11016451233842538,0.0,0.0,0.7647058823529411,0.3705715240641711,0.984,5.769230769230769,0.676923076923077,0.14917001125264143,,8.386363636363637,0.8134328358208955,50.30769230769231,0.6476345840130505,0.5764411027568922,5.0,3.3846153846153846,28.384615384615383,0.07692307692307693,28.846153846153847,6.838461538461539,0.0,0.0,0.0,397.0,30.53846153846154,0.163727959697733,0.929471032745592,0.12307692307692308,0.6153846153846154,0.23076923076923078,0.15384615384615385,0.15384615384615385,1.3076923076923077,0.03076923076923077,0.4117647058823529,2023-2025,True
00-0040737,Terrance Ferguson,TE,LA,1,2025,2025,1,11,25,11,231,3,466,40,9,7.3868127090298366,1,0,0,52.1,384,3925,393,305,581,5428,465,17,13.0,356.0,919.0,73.0,361.0,171.0,156.0,1156.0,624.0,441.0,25.0,11.0,191.0,40.0,0.0,0.0,9.0,25.0,3.0,2.0,6.0,14.0,9.0,4.0,7.386812709029829,0.31228373702422146,0.29547250836119315,0.12,,,,,,,,,18.6,17.4,3.6,,0.3671428571428571,0.06510416666666667,0.11872611464968152,0.043029259896729774,0.08585114222549742,0.003278688524590164,0.002150537634408602,0.6470588235294118,0.18076453025477707,0.4957081545064378,18.64,0.44,0.2954725083611935,0.0,21.0,0.38737758433079433,27.384615384615383,0.27403846153846156,0.35374149659863946,2.272727272727273,1.0,21.0,0.2727272727272727,42.36363636363637,4.736363636363636,0.09090909090909091,0.0,0.0,171.0,15.545454545454545,0.14619883040935672,1.3508771929824561,0.0,0.2727272727272727,0.18181818181818182,0.5454545454545454,1.2727272727272727,0.8181818181818182,0.56,0.4444444444444444,2023-2025,True
00-0040739,Elijah Arroyo,TE,SEA,1,2025,2025,1,13,26,15,179,1,220,78,7,-16.2389062890375,0,0,0,36.9,339,3048,358,385,455,3758,507,17,13.0,316.0,801.0,24.0,326.0,162.0,136.0,1087.0,520.0,486.0,26.0,15.0,101.0,78.0,0.0,1.0,7.0,26.0,5.0,3.0,1.0,5.0,7.0,1.0,-16.238906289037487,0.2999080036798528,-0.6245733188091341,0.19230769230769232,,,,,,,,,8.5,6.7,5.2,,0.39538461538461533,0.07669616519174041,0.07217847769028872,0.05714285714285714,0.05854177754124534,0.0,0.0,0.7647058823529411,0.16556918217081273,0.8136363636363636,8.461538461538462,0.5769230769230769,-0.6245733188091347,,11.933333333333334,0.3945068664169788,24.307692307692307,0.31153846153846154,0.27983539094650206,2.0,1.1538461538461537,13.76923076923077,0.07692307692307693,16.923076923076923,2.838461538461538,0.0,0.0,0.0,162.0,12.461538461538462,0.16049382716049382,1.1049382716049383,0.038461538461538464,0.38461538461538464,0.23076923076923078,0.07692307692307693,0.38461538461538464,0.5384615384615384,0.19230769230769232,0.14285714285714285,2023-2025,True
00-0040782,Isaiah Bond,WR,CLE,1,2025,2025,1,15,44,18,338,0,751,79,11,-0.80450554197506,5,29,0,54.7,472,3499,508,356,522,3785,421,17,16.0,494.0,1010.0,7.0,510.0,342.0,128.0,1122.0,641.0,396.0,44.0,18.0,259.0,79.0,1.0,3.0,11.0,44.0,4.0,3.0,4.0,18.0,20.0,5.0,-0.8045055419750637,0.45454545454545453,-0.018284216863069632,0.09090909090909091,,,,,,,,,17.0,14.399999999999999,4.4,18.0,0.48062499999999997,0.09322033898305085,0.21463275221491854,0.0842911877394636,0.19841479524438574,0.014044943820224719,0.011876484560570071,0.8823529411764706,0.29007343502501926,0.45006657789613846,17.068181818181817,0.4090909090909091,-0.018284216863069545,5.8,18.77777777777778,0.4891089108910891,30.875,0.5335413416536662,0.32323232323232326,2.933333333333333,1.2,22.533333333333335,0.0,50.06666666666667,3.646666666666667,0.3333333333333333,1.9333333333333333,0.0,342.0,22.8,0.1286549707602339,0.9883040935672515,0.06818181818181818,0.26666666666666666,0.2,0.26666666666666666,1.2,1.3333333333333333,0.4090909090909091,0.25,2023-2025,True
