year,name,pos,adp,stdev,team,gsis_id,games,ppg,rookie_season,exp,tier,in_fit,adp_rank,adp_dec,m_iso_deep,resid_iso,n_prior,n_eff,mu_hat,G_last,G_wtd,avail_wtd,avail_last,avail_career,ppsw_hat,gap_since_last,d_ppg,h_ppg,h_ppg_last,h_targets_pg,h_targets_pg_last,h_rec_pg,h_rec_pg_last,h_carries_pg,h_carries_pg_last,h_touches_pg,h_touches_pg_last,h_rec_yards_pg,h_rec_yards_pg_last,h_rush_yards_pg,h_rush_yards_pg_last,h_air_yards_pg,h_air_yards_pg_last,h_target_share_full,h_target_share_full_last,h_air_yards_share_full,h_air_yards_share_full_last,h_carry_share_full,h_carry_share_full_last,h_wopr_full,h_wopr_full_last,h_adot,h_adot_last,h_ypr,h_ypr_last,h_catch_rate,h_catch_rate_last,h_racr_w,h_racr_w_last,h_u_rec,h_u_rec_last,h_u_rush,h_u_rush_last,h_u_tot,h_u_tot_last,h_ypt,h_ypt_last,h_yac_per_rec,h_yac_per_rec_last,h_td_per_tgt,h_td_per_tgt_last,h_rec_epa_per_tgt,h_rec_epa_per_tgt_last,h_ypc,h_ypc_last,team_change,env_tm_pass_att_pg,oldenv_tm_pass_att_pg,env_tm_tgt_pg,oldenv_tm_tgt_pg,env_tm_ay_pg,oldenv_tm_ay_pg,env_tm_car_pg,oldenv_tm_car_pg,env_tm_plays_pg,oldenv_tm_plays_pg,env_tm_pass_rate,oldenv_tm_pass_rate,env_tm_td_pg,oldenv_tm_td_pg,env_tm_pass_yds_pg,oldenv_tm_pass_yds_pg,age,draft_pick,log_draft_pick,expr,sched,ppsw,avail_y,f_age_H,f_age_H_ratio
2015,Adrian Peterson,RB,1.8,1.0,MIN,00-0025394,16,16.29375,2007,8,vet,True,1,1,19.40125646412411,-3.1075064641241106,8,2.9766536964980546,14.741186741363212,1.0,7.67843137254902,0.4799019607843137,0.0625,0.8125,8.58674019607843,1.0,-5.321428571428569,14.741186741363212,11.3,2.903688141923436,3.0,2.064719887955182,2.0,20.50566760037348,21.0,23.409355742296917,24.0,15.806596638655462,18.0,87.17525210084034,75.0,-2.4483006535947713,-7.0,0.0426779918763069,0.0058823529411649,0.0037081139645538,-0.0017743979721161,0.3481626092095211,0.0508474576269955,0.066612667589648,0.007581450831266,-0.8333456394293589,-2.3333333325555556,7.721101206553438,8.9999999955,239215686.97306135,0.6666666664444444,1.2010582010582012,0.0,1.3656862745071363,0.1874999999996323,9.680882352919417,1.312499999996822,11.046568627426554,1.4999999999964544,2031372554.3514075,5.999999998,7.944055139724866,9.999999995,3921568.639541581,0.0,111707252.5101421,0.7549808464639665,4.253385901060675,3.571428571258503,0.0,32.3125,32.3125,31.875,31.875,246.5625,246.5625,25.8125,25.8125,58.125,58.125,0.5559139784946237,0.5559139784946237,1.8125,1.8125,222.875,222.875,30.4476386036961,7.0,1.9459101490553132,8,16.0,16.29375,1.0,0.7092528100781467,0.9048189243890788
2015,LeVeon Bell,RB,3.1,1.7,PIT,00-0030496,6,18.533333333333335,2013,2,vet,True,2,1,19.40125646412411,-0.8679231307907749,2,1.8,20.99903846153846,16.0,15.0,0.9375,1.0,0.90625,19.95625,1.0,6.471634615384616,20.99903846153846,23.15625,6.0673076923076925,6.5625,4.612179487179487,5.1875,18.33974358974359,18.125,24.40705128205128,24.6875,45.81410256410256,53.375,78.75961538461539,85.0625,7.012820512820514,6.75,0.1544690915253786,0.1747088186353166,0.0204030538891148,0.0206975852817131,0.6634825775105659,0.6855791962158734,0.2459857750104483,0.2765515376501741,1.1806637806497509,1.0285714285616323,9.814993306411248,10.289156626382058,0.7542568542483918,0.7904761904686621,3.0,3.0,5.749999999990346,6.562499999989081,17.1666666666252,18.12499999995715,22.916666666615544,24.687499999946233,7.437373737291565,8.133333333255873,9.731994645098077,9.83132530108637,0.0190476190474376,0.0285714285711564,0.284726229041254,0.3431974700768643,4.3035990201464465,4.693103448259679,0.0,38.25,38.25,37.5625,37.5625,326.125,326.125,26.4375,26.4375,64.6875,64.6875,0.591304347826087,0.591304347826087,2.6875,2.6875,312.3125,312.3125,23.534565366187543,48.0,3.871201010907891,2,16.0,6.950000000000001,0.375,1.0949539708655305,1.0502830735627002
2015,Eddie Lacy,RB,4.0,1.6,GB,00-0030485,15,9.373333333333331,2013,2,vet,True,3,1,19.40125646412411,-10.027923130790777,2,1.8,16.747222222222224,16.0,15.666666666666666,0.9791666666666666,1.0,0.96875,16.410416666666666,1.0,0.8708333333333336,16.747222222222224,17.0375,3.2694444444444444,3.4375,2.527777777777778,2.625,16.561111111111114,15.375,19.830555555555556,18.8125,23.502777777777776,26.6875,73.6361111111111,71.1875,-1.9638888888888888,-0.8125,0.0954785293766568,0.103578154425417,-0.0070277956044169,-0.0030246626337824,0.5832569553989795,0.5655172413780103,0.1382983371418933,0.1532499677944777,-0.6424242424103582,-0.2363636363593388,9.225396825165518,10.166666666424604,0.774242424227142,0.7636363636224794,0.0,0.0,3.208333333327366,3.4374999999935265,16.16666666663021,15.374999999964654,19.374999999957577,18.81249999995818,7.122727272588919,7.763636363495207,9.809523809276191,10.285714285469387,0.0484848484839669,0.0727272727259504,0.249365350984549,0.3990591638593813,4.469349975172476,4.630081300794187,0.0,33.5,33.5,33.1875,33.1875,268.625,268.625,27.1875,27.1875,60.6875,60.6875,0.5520082389289392,0.5520082389289392,3.25,3.25,277.9375,277.9375,25.248459958932237,61.0,4.110873864173311,2,16.0,8.787499999999998,0.9375,1.0933364882796217,0.9871264703612812
2015,Jamaal Charles,RB,4.5,1.6,KC,00-0026213,5,20.22,2008,7,vet,True,4,1,19.40125646412411,0.818743535875889,7,2.953488372093023,18.067732939632545,15.0,14.346456692913383,0.8966535433070866,0.9375,0.8482142857142857,16.628198818897637,1.0,-8.506666666666664,18.067732939632545,16.693333333333335,4.480839895013124,3.933333333333333,3.0966207349081367,2.6666666666666665,14.578641732283462,13.733333333333333,19.059481627296588,17.666666666666668,24.925984251968504,19.4,75.05875984251968,68.86666666666666,1.9526246719160103,-2.066666666666667,0.1300379210320343,0.1216494845358316,0.0053166073051081,-0.0107901148625092,0.4894468909271697,0.4904761904750226,0.1987785066616272,0.1749211463999909,0.2660900784297511,-0.5254237288046538,7.647321167999932,7.274999999818125,212598425.885848,0.6779661016834243,0.9171575846833578,0.0,4.078740157472188,3.687499999992397,13.531003936977283,12.874999999969344,17.609744094449475,16.562499999961744,2141732288.6568155,4.932203389746912,7.6631191932689084,7.84999999980375,7874015.822578393,0.084745762710428,25300379.247209053,-0.0103992825490684,5.217508819036582,5.014563106771774,0.0,30.8125,30.8125,30.3125,30.3125,179.5625,179.5625,26.25,26.25,57.0625,57.0625,0.5399780941949617,0.5399780941949617,2.25,2.25,214.25,214.25,28.67898699520876,73.0,4.290459441148391,7,16.0,6.31875,0.3125,0.8464743693264034,0.9059392014001918
2015,Marshawn Lynch,RB,8.6,2.3,SEA,00-0025399,7,11.814285714285711,2007,8,vet,True,5,1,16.783941579810566,-4.969655865524853,8,2.9766536964980546,17.50935746606335,16.0,15.870588235294118,0.9919117647058824,1.0,0.9375,17.404220588235294,1.0,1.6875,17.50935746606335,18.89375,2.7024233283056813,3.0,2.1299346405228756,2.3125,17.921025641025643,17.5,20.623448969331324,20.5,19.607310206133736,22.9375,81.06900955253896,81.625,0.4443640020110608,-0.875,0.0994677145695854,0.1111111111108539,0.0015099388185969,-0.0040345821325636,0.5495318858415916,0.5333333333323175,0.150258529027396,0.1638424591734862,0.1839472638851044,-0.2916666666605903,9.123626625935882,9.91891891865084,439215687.0423655,0.7708333333172743,1.4285714285714286,0.0,2.6833333333270657,2.9999999999930553,17.795588235259256,17.49999999996667,20.47892156858632,20.499999999959723,3074509810.9446325,7.645833333174045,9.44142238213494,10.918918918623811,7843137.313853599,0.0833333333315972,137161687.53353873,0.0927225084551897,4.510452396097702,4.664285714269056,0.0,28.375,28.375,27.0,27.0,216.875,216.875,32.8125,32.8125,61.1875,61.1875,0.4637385086823289,0.4637385086823289,2.5,2.5,218.25,218.25,29.360711841204655,12.0,2.4849066497880004,8,16.0,5.168749999999998,0.4375,0.7907033714278094,0.9048424941176633
2015,CJ Anderson,RB,10.7,3.0,DEN,00-0029854,15,9.42,2013,2,vet,True,6,2,16.783941579810566,-7.363941579810566,2,1.8,10.695238095238096,14.0,10.0,0.625,0.875,0.5,8.883333333333335,1.0,13.192857142857145,10.695238095238096,15.092857142857143,2.261904761904762,3.142857142857143,1.6190476190476188,2.4285714285714284,9.690476190476192,12.785714285714286,11.952380952380954,15.928571428571429,15.428571428571429,23.142857142857142,46.76190476190476,60.642857142857146,4.738095238095238,5.857142857142857,0.0491431730236886,0.0729684908788176,0.0110029521241673,0.0160281469898326,0.2744369308706997,0.4040632054166951,0.08141682602245,0.1206724392111093,2.909090907396005,1.8636363635940083,6.352941176283738,9.529411764425609,0.5151515151398072,0.7727272727097108,2.0,3.0,1.854166666663595,2.749999999995439,7.604166666649515,11.187499999974746,9.45833333331311,13.937499999970186,4.90909090897934,7.363636363469009,5.509803921406575,8.264705882109862,0.0303030303023416,0.0454545454535124,0.046199137742782,0.3146825330353007,4.971534982432,4.74301675975004,0.0,37.9375,37.9375,37.6875,37.6875,319.75,319.75,27.6875,27.6875,65.625,65.625,0.5780952380952381,0.5780952380952381,3.4375,3.4375,298.6875,298.6875,24.555783709787818,260.0,5.560681631015528,2,16.0,8.83125,0.9375,1.106906210481813,1.0102813927946026
2015,Matt Forte,RB,13.7,3.1,CHI,00-0026184,13,16.515384615384615,2008,7,vet,True,7,2,16.113404977375566,0.401979638009049,7,2.953488372093023,20.131197506561683,16.0,15.622047244094489,0.9763779527559056,1.0,0.9553571428571428,19.725344488188977,1.0,0.5812500000000007,20.131197506561683,21.6625,6.686351706036745,8.125,5.208464566929134,6.375,16.953182414698162,16.625,23.639534120734908,24.75,42.00951443569554,50.5,71.82608267716536,64.875,6.001509186351705,3.4375,0.1820573219290794,0.2138157894733325,0.0198100229194606,0.0122932498882404,0.6869974509442835,0.7492957746457767,0.2869529989372416,0.3293289591317671,1.059358826687668,0.4230769230736687,8.1091103354531,7.921568627373317,503937008.6386733,0.7846153846093492,2.847060995127131,3.0,6.555118110224842,8.124999999986636,16.556594488146043,16.62499999995317,23.11171259837089,24.74999999993981,3811023628.240814,6.215384615336805,7.451063950823039,7.725490196002691,31496063.019951697,0.030769230768994,259122334.0626316,-0.011352806201162,4.228585064744057,3.9022556390830743,0.0,38.0625,38.0625,38.0,38.0,279.625,279.625,22.1875,22.1875,60.25,60.25,0.6317427385892116,0.6317427385892116,2.375,2.375,252.1875,252.1875,29.724845995893222,44.0,3.784189633918261,7,16.0,13.41875,0.8125,0.7624405877296164,0.9048653093965753
2015,Jeremy Hill,RB,14.4,2.8,CIN,00-0031301,16,10.64375,2014,1,soph,True,8,2,15.764732142857142,-5.120982142857141,1,1.0,13.18125,16.0,16.0,1.0,1.0,1.0,13.18125,1.0,0.0,13.18125,13.18125,2.0,2.0,1.6875,1.6875,13.875,13.875,15.875,15.875,13.4375,13.4375,70.25,70.25,-0.75,-0.75,0.0649087221094018,0.0649087221094018,-0.0031160737470778,-0.0031160737470778,0.4512195121942048,0.4512195121942048,0.0951818315411482,0.0951818315411482,-0.3749999999882813,-0.3749999999882813,7.962962962668039,7.962962962668039,0.8437499999736329,0.8437499999736329,0.0,0.0,1.9999999999959432,1.9999999999959432,13.8749999999718,13.8749999999718,15.874999999967743,15.874999999967743,6.71874999979004,6.71874999979004,8.18518518488203,8.18518518488203,0.0,0.0,0.0788506296147626,0.0788506296147626,5.063063063040257,5.063063063040257,0.0,31.4375,31.4375,30.8125,30.8125,240.6875,240.6875,30.75,30.75,62.1875,62.1875,0.5055276381909548,0.5055276381909548,2.4375,2.4375,221.9375,221.9375,22.863791923340177,55.0,4.007333185232471,1,16.0,10.64375,1.0,1.0638029696778757,1.0746743753283154
2015,DeMarco Murray,RB,17.6,3.4,PHI,00-0028009,15,12.293333333333331,2011,4,vet,True,9,2,15.48991409805029,-3.1965807647169573,4,2.6470588235294117,19.32024175824176,16.0,14.466666666666669,0.9041666666666668,1.0,0.828125,17.833333333333332,1.0,3.5080357142857146,19.32024175824176,21.94375,4.129963369963369,4.0,3.509523809523809,3.5625,20.18769230769231,24.5,24.31765567765568,28.5,24.818461538461538,26.0,96.29238095238094,115.3125,-2.453186813186813,-5.0,0.1156085637174844,0.1358811040336817,-0.0095991203980595,-0.0189888440541136,0.6710376478400999,0.7716535433055677,0.1666934612975849,0.190529465212643,-0.6483694083585411,-1.2499999999804687,7.0788251954012535,7.298245613907048,0.8497763347616079,0.8906249999860839,1.2,0.0,3.7291666666594407,3.999999999991508,18.7083333332914,24.499999999951775,22.43749999995084,28.499999999943284,6.026204906100381,6.499999999898437,8.050886771674227,8.719298245461065,0.0040404040403428,0.0,0.0189007633874088,-0.0096101415376207,4.801479515606837,4.706632653049218,1.0,38.8125,29.75,38.25,29.4375,345.4375,263.3125,29.625,31.75,68.4375,61.5,0.5671232876712329,0.483739837398374,2.6875,3.3125,286.3125,250.5,27.550992470910337,71.0,4.2626798770413155,4,16.0,11.525,0.9375,0.9456532477129228,0.921226260135078
2015,Justin Forsett,RB,19.3,3.2,BAL,00-0026373,10,12.24,2008,7,vet,True,10,2,15.48991409805029,-3.24991409805029,7,2.953488372093023,9.681960067491564,16.0,13.716535433070868,0.8572834645669292,1.0,0.8928571428571429,9.211318897637796,1.0,12.14375,9.681960067491564,15.43125,2.6955849268841394,3.6875,2.081130483689539,2.75,8.683070866141732,14.6875,11.378655793025873,18.375,12.546681664791905,16.4375,46.42561867266592,79.125,-2.4770809898762653,-2.9375,0.0716905182683782,0.1090573012936986,-0.0073193530865187,-0.0101797704136863,0.3047047719519379,0.5245535714274006,0.1024122302420042,0.1564601126509674,-1.1638748954552092,-0.7966101694780237,6.708048681088473,5.977272727136881,0.7623557067054433,0.7457627118517668,0.0908593322386425,0.0,2.437992125979771,3.687499999993184,8.517716535414028,14.687499999967216,10.9557086613938,18.3749999999604,4.985877829649802,4.4576271185685155,8.137079480444058,7.409090908922521,0.000276281254312,0.0,-0.1474137171947075,-0.1446892241940361,5.188238527527695,5.387234042530268,0.0,34.625,34.625,33.8125,33.8125,288.5625,288.5625,28.0,28.0,62.625,62.625,0.5528942115768463,0.5528942115768463,2.6875,2.6875,249.125,249.125,29.880903490759753,233.0,5.4510384535657,7,16.0,7.65,0.625,0.7506364537891275,0.9048670694462372
2015,Lamar Miller,RB,22.3,3.0,MIA,00-0029615,16,14.49375,2012,3,vet,True,11,2,14.434106455309395,0.0596435446906049,3,2.3333333333333335,10.92123015873016,16.0,15.0,0.9375,1.0,0.8541666666666666,10.633035714285716,1.0,6.34375,10.92123015873016,14.0875,2.625,3.25,1.9166666666666663,2.375,11.68452380952381,13.5,14.309523809523808,16.75,13.571428571428571,17.1875,55.87896825396825,68.6875,3.484126984126984,4.5625,0.0698619667681253,0.0876897133219431,0.0115405652434263,0.0158454525721693,0.4708070388999358,0.5413533834572899,0.1128713458225863,0.1426263867834333,1.1944880516055838,1.403846153819157,7.074898785065854,7.236842105072715,0.72506541075502,0.7307692307551775,2.5714285714285716,3.0,2.5624999999956333,3.249999999994519,11.33035714282772,13.499999999966168,13.89285714282335,16.749999999960686,5.124018838127422,5.2884615383598375,6.4856371695205315,6.394736841936981,0.0109890109887996,0.0192307692303994,-0.2130901249100584,-0.2922903346430475,4.752158867279746,5.087962962939407,0.0,37.1875,37.1875,37.0625,37.0625,287.9375,287.9375,24.9375,24.9375,62.125,62.125,0.5985915492957746,0.5985915492957746,2.4375,2.4375,254.125,254.125,24.35318275154004,97.0,4.574710978503383,3,16.0,14.49375,1.0,1.1077513212030838,1.0178389170313022
2015,LeSean McCoy,RB,24.4,4.2,BUF,00-0027029,12,14.891666666666666,2009,6,vet,True,12,3,14.434106455309395,0.4575602113572703,6,2.9076923076923076,15.863062169312167,16.0,15.396825396825395,0.9623015873015872,1.0,0.9375,15.209623015873015,1.0,-8.200000000000001,15.863062169312167,12.4625,3.4365740740740742,2.3125,2.6936507936507934,1.75,18.75271164021164,19.5,22.189285714285713,21.8125,20.315079365079363,9.6875,84.72824074074074,82.4375,-3.5990740740740743,-2.25,0.0927336375583289,0.0604575163397704,-0.0100739266181627,-0.006513479283516,0.6156364872609461,0.6582278480998772,0.1320487077047794,0.0861268390111944,-1.001808020865619,-0.9729729729466764,7.101234244702925,5.5357142855165815,0.7763046375472641,0.7567567567363039,0.0,0.0,3.2291666666608703,2.3124999999962212,18.12400793646946,19.499999999958863,21.353174603130338,21.812499999955083,5.561234803186617,4.189189189075968,8.234498937064819,6.499999999767857,0.0170883562401652,0.0,-0.0180306835991773,-0.2047215595575028,4.515735695350012,4.227564102550553,1.0,36.1875,38.8125,35.75,38.25,258.0,345.4375,25.125,29.625,61.3125,68.4375,0.5902140672782875,0.5671232876712329,1.875,2.6875,241.0,286.3125,27.137577002053387,53.0,3.970291913552122,6,16.0,11.16875,0.75,0.9810840570415882,0.9314457573737858
2015,Frank Gore,RB,27.7,3.4,IND,00-0023500,16,12.0875,2005,10,vet,True,13,3,13.416324058711414,-1.3288240587114135,10,2.994146341463414,11.58703924456124,16.0,15.790811339198436,0.9869257086999024,1.0,0.925,11.347513440860215,1.0,-2.012500000000001,11.58703924456124,9.91875,1.6922471467926017,1.1875,1.1150028775395344,0.6875,16.495535053086375,15.9375,18.187782199878978,17.125,10.082405432625375,6.9375,71.25965276984338,69.125,4.918662959718678,5.25,0.0571148765792368,0.0392561983470263,0.0182103488332014,0.0178268251273306,0.5441060396157246,0.5425531914882074,0.0984195590520963,0.0713630751096709,3.536248431509292,4.42105263134626,9.274418427747271,10.090909089991737,677419355.4449165,0.5789473683905817,1.6696900982615268,1.3214285714285714,1.6177908113356287,1.1874999999975464,16.261058162233834,15.937499999966091,17.878848973569465,17.124999999963638,5697947219.681645,5.842105262850415,8.117372222172172,9.272727271884298,21505376.375397664,0.0526315789445983,278933945.28233534,0.0760699158868127,4.324426601869934,4.337254901943775,1.0,41.3125,30.4375,40.4375,30.25,356.5625,294.5,25.9375,29.375,67.25,59.8125,0.6143122676579925,0.5088819226750261,3.1875,1.875,316.375,212.9375,32.30116358658453,65.0,4.174387269895637,10,16.0,12.0875,1.0,0.5882592016556029,0.9036128684164918
2015,Mark Ingram II,RB,31.0,3.2,NO,00-0027966,12,16.95,2011,4,vet,True,14,3,13.416324058711414,3.5336759412885854,4,2.6470588235294117,10.81307808857809,13.0,12.666666666666666,0.7916666666666666,0.8125,0.78125,8.6325,1.0,9.452447552447554,10.81307808857809,14.761538461538462,1.9135897435897435,2.769230769230769,1.4827738927738927,2.230769230769231,13.28937062937063,17.384615384615383,15.202960372960373,20.153846153846153,8.145536130536131,11.153846153846152,57.20296037296037,74.15384615384616,-0.8483333333333333,-1.0,0.0374875954938606,0.055469953774953,-0.0020766533523212,-0.0025814138204919,0.4252971099419594,0.5566502463040477,0.054777735894166,0.0813979409880852,-0.5310541310174777,-0.3611111111010803,6.180375179780407,4.999999999827586,0.7357368556971553,0.805555555533179,0.0,0.0,1.5208333333309902,2.249999999996533,10.64999999997342,14.12499999996521,12.170833333304412,16.374999999961744,4.419197098930753,4.027777777665896,6.515440114793999,4.999999999827586,0.0,0.0,-0.2418991295857046,-0.3643431602908346,4.373630416875192,4.265486725644843,0.0,41.1875,41.1875,40.5625,40.5625,314.75,314.75,25.375,25.375,66.5625,66.5625,0.6187793427230047,0.6187793427230047,3.0625,3.0625,309.5,309.5,25.694729637234772,28.0,3.332204510175204,4,16.0,12.7125,0.75,1.076311816194794,0.9736140338698409
2015,Latavius Murray,RB,33.2,4.1,LV,00-0030513,16,12.8,2013,2,vet,True,15,3,13.416324058711414,-0.6163240587114149,1,1.0,6.592307692307693,13.0,13.0,0.8125,0.8125,0.8125,5.35625,1.0,0.0,6.592307692307693,6.592307692307693,1.7692307692307692,1.7692307692307692,1.3076923076923077,1.3076923076923077,6.3076923076923075,6.3076923076923075,8.076923076923077,8.076923076923077,11.0,11.0,32.61538461538461,32.61538461538461,1.1538461538461535,1.1538461538461535,0.0371567043618139,0.0371567043618139,0.0030358227079532,0.0030358227079532,0.2433234421357765,0.2433234421357765,0.0578601324382882,0.0578601324382882,0.6521739130151228,0.6521739130151228,8.411764705387544,8.411764705387544,0.7391304347504726,0.7391304347504726,3.0,3.0,1.437499999997678,1.437499999997678,5.124999999984793,5.124999999984793,6.562499999982471,6.562499999982471,6.217391304077505,6.217391304077505,8.999999999470589,8.999999999470589,0.0,0.0,-0.1059720391278597,-0.1059720391278597,5.170731707254015,5.170731707254015,0.0,39.3125,39.3125,38.6875,38.6875,308.8125,308.8125,21.0625,21.0625,60.375,60.375,0.6511387163561076,0.6511387163561076,1.625,1.625,216.0,216.0,25.61806981519507,181.0,5.198497031265826,2,16.0,12.8,1.0,1.0796778875798194,0.9758960800597245
2015,Arian Foster,RB,37.5,4.8,HOU,00-0026796,4,19.25,2009,6,vet,True,16,3,13.416324058711414,5.833675941288586,6,2.9076923076923076,18.973290598290596,13.0,12.07936507936508,0.7549603174603174,0.8125,0.7395833333333334,14.841071428571428,1.0,7.47596153846154,18.973290598290596,21.03846153846154,4.423565323565323,4.538461538461538,2.9158119658119657,2.923076923076923,18.961721611721615,20.0,23.38528693528694,24.53846153846154,24.815384615384616,25.153846153846153,87.18797313797313,95.84615384615384,6.285470085470085,13.461538461538462,0.1051671182578916,0.1229166666664105,0.0209764956943856,0.0438486594838276,0.4604613611882787,0.4718693284927915,0.1724342243729074,0.2150690616382952,1.3786185132062236,2.9661016948649817,8.386561875641744,8.605263157668283,0.6601478671722281,0.6440677965992532,1.2824489795918366,1.8685714285714283,3.3501984126918396,3.6874999999923177,14.76388888886011,16.24999999997051,18.11408730155195,19.937499999962828,5.554542429010271,5.542372881261994,7.899194598588201,6.815789473504848,0.0571999919294016,0.084745762710428,-0.1518071572512824,-0.1832696628286939,4.599233629162812,4.792307692289261,0.0,30.3125,30.3125,30.0,30.0,249.4375,249.4375,34.4375,34.4375,64.75,64.75,0.4681467181467181,0.4681467181467181,2.125,2.125,216.25,216.25,29.021218343600275,260.0,5.560681631015528,6,16.0,4.8125,0.25,0.817998345423577,0.9049759618112099
2015,Doug Martin,RB,38.0,4.8,TB,00-0029613,16,14.51875,2012,3,vet,True,17,3,13.416324058711414,1.1024259412885868,3,2.3333333333333335,10.322402597402595,11.0,10.285714285714286,0.6428571428571429,0.6875,0.6875,6.921428571428572,1.0,-4.354545454545456,10.322402597402595,7.345454545454545,2.806818181818182,1.818181818181818,1.6842532467532467,1.181818181818182,15.856872294372296,12.181818181818182,18.66369047619048,14.0,10.681818181818183,5.818181818181818,60.35876623376623,44.90909090909091,5.71780303030303,-0.3636363636363636,0.0536218966608477,0.0382409177819536,0.0085595702304791,-0.0007288629737608,0.4128574893664219,0.3796033994323524,0.0864245441526071,0.0568511725912979,1.349319727841084,-0.19999999999,5.760708678700591,4.9230769226982245,0.614285714259762,0.6499999999675,0.6048064085447262,0.0,1.7678571428537917,1.24999999999761,9.901785714259912,8.374999999976275,11.669642857113704,9.624999999973886,3.577551020270236,3.19999999984,5.39751065226064,4.846153845781065,0.0020408163265014,0.0,-0.2357230393046361,-0.2482507150321471,3.783623535592541,3.686567164151593,0.0,33.1875,33.1875,32.6875,32.6875,343.0,343.0,22.0625,22.0625,55.25,55.25,0.6006787330316742,0.6006787330316742,1.75,1.75,226.4375,226.4375,26.63107460643395,31.0,3.4339872044851463,3,16.0,14.51875,1.0,1.02076265809706,0.9459224941488242
2015,Ameer Abdullah,RB,41.5,6.0,DET,00-0032104,16,7.3125,2015,0,rookie,True,18,4,12.035856922066072,-4.723356922066072,0,,,,,,,,,,,,,,,,,,,,,,,,,,,,,,,,,,,,,,,,,,,,,,,,,,,,,,,,,,,,,,,,,,,,,,,,,,,,22.217659137577,54.0,3.9889840465642745,0,16.0,7.3125,1.0,1.0190290446079455,1.0946145070316606
2015,Andre Ellington,RB,43.7,5.7,ARI,00-0030287,10,7.470000000000001,2013,2,vet,True,19,4,12.035856922066072,-4.565856922066072,2,1.8,13.534444444444444,12.0,13.0,0.8125,0.75,0.84375,10.839583333333332,1.0,3.7716666666666647,13.534444444444444,14.791666666666666,4.822222222222222,5.333333333333333,3.4222222222222225,3.8333333333333335,13.78888888888889,16.75,18.61111111111111,22.083333333333332,30.188888888888886,32.916666666666664,51.15555555555556,55.0,11.78888888888889,9.416666666666666,0.1098624934712573,0.1140819964347342,0.0284287192549498,0.0191136671177234,0.4307384371718809,0.5062972292178682,0.1846938436853509,0.1845025616345077,2.6273757309503165,1.765624999972412,8.895577851893838,8.586956521552459,0.707236842093775,0.7187499999887695,2.4986559139784945,3.0,3.854166666659801,3.9999999999928697,10.833333333306411,12.562499999968356,14.687499999966212,16.562499999961226,6.2841739765058335,6.171874999903564,7.512077294514015,7.934782608523157,0.0266812865492794,0.0312499999995117,0.084193354200865,0.0929278201937341,4.030862635946179,3.2835820895359027,0.0,35.5,35.5,35.0625,35.0625,369.5,369.5,24.8125,24.8125,60.3125,60.3125,0.5886010362694301,0.5886010362694301,1.6875,1.6875,249.375,249.375,26.573579739904176,187.0,5.231108616854587,2,16.0,4.66875,0.625,1.0249043889379297,0.9476260144001757
2015,Carlos Hyde,RB,44.7,5.6,SF,00-0031045,7,11.614285714285714,2014,1,soph,True,20,4,12.035856922066072,-0.4215712077803584,1,1.0,5.292857142857143,14.0,14.0,0.875,0.875,0.875,4.63125,1.0,0.0,5.292857142857143,5.292857142857143,1.1428571428571428,1.1428571428571428,0.8571428571428571,0.8571428571428571,5.928571428571429,5.928571428571429,7.071428571428571,7.071428571428571,4.857142857142857,4.857142857142857,23.785714285714285,23.785714285714285,0.3571428571428571,0.3571428571428571,0.0330578512396011,0.0330578512396011,0.0010611205432934,0.0010611205432934,0.1765957446804753,0.1765957446804753,0.0503295612397071,0.0503295612397071,0.3124999999804687,0.3124999999804687,5.666666666194445,5.666666666194445,0.749999999953125,0.749999999953125,3.0,3.0,0.999999999997934,0.999999999997934,5.1874999999889635,5.1874999999889635,6.187499999986898,6.187499999986898,4.249999999734375,4.249999999734375,5.416666666215278,5.416666666215278,0.0,0.0,-0.2838515329802257,-0.2838515329802257,4.012048192722746,4.012048192722746,0.0,30.4375,30.4375,30.25,30.25,294.5,294.5,29.375,29.375,59.8125,59.8125,0.5088819226750261,0.5088819226750261,1.875,1.875,212.9375,212.9375,24.947296372347708,57.0,4.04305126783455,1,16.0,5.08125,0.4375,1.1012011773757264,0.9967518509981157
2015,Chris Ivory,RB,47.6,6.3,NYJ,00-0027531,15,13.513333333333334,2010,5,vet,True,21,4,12.035856922066072,1.4774764112672614,5,2.8181818181818183,8.246827956989247,16.0,13.67741935483871,0.8548387096774194,1.0,0.6875,7.275604838709677,1.0,2.571666666666667,8.246827956989247,9.525,1.0693548387096774,1.6875,0.660752688172043,1.125,11.596236559139786,12.375,12.665591397849465,14.0625,4.508064516129032,7.6875,51.42795698924731,51.3125,-0.7682795698924731,-0.75,0.0334294231498693,0.0560165975102572,-0.0022364689124173,-0.0029339853300726,0.3341304743563929,0.3905325443779279,0.0485786064861118,0.081971106534335,-1.0143369173632395,-0.4444444444279835,6.333333331459976,6.833333332953703,0.5360983102076495,0.6666666666419753,0.0,0.0,1.014112903223717,1.687499999996499,10.239919354817824,12.374999999975593,11.254032258041544,14.06249999997209,3.913466460950368,4.555555555386832,6.989247309507765,6.666666666296297,0.019115890082924,0.0370370370356652,-0.2973232892580582,0.019050406265505,4.49527260516854,4.146464646443705,0.0,31.125,31.125,30.125,30.125,255.625,255.625,31.6875,31.6875,62.8125,62.8125,0.4955223880597015,0.4955223880597015,1.6875,1.6875,200.375,200.375,27.444216290212182,260.0,5.560681631015528,5,16.0,12.66875,0.9375,0.9549802133455847,0.9236629734135013
2015,Alfred Morris,RB,48.2,6.9,WAS,00-0029141,16,6.0375,2012,3,vet,True,22,4,11.36028003858886,-5.322780038588862,3,2.3333333333333335,12.144642857142856,16.0,16.0,1.0,1.0,1.0,12.144642857142856,1.0,0.5999999999999996,12.144642857142856,11.74375,1.2857142857142858,1.625,0.8660714285714286,1.0625,17.383928571428573,16.5625,18.669642857142858,18.1875,7.616071428571429,9.6875,75.52678571428571,67.125,1.0446428571428572,1.125,0.0383013725711441,0.0477941176469709,0.003919186012567,0.0042704626334509,0.6439152327430187,0.6608478802976039,0.0601954890655131,0.0746805003138721,0.8628663003164245,0.692307692281065,8.686274509131405,9.117647058287195,0.6861263735880078,0.6538461538210059,3.0,3.0,1.2857142857118915,1.6249999999970128,17.383928571388328,16.562499999958696,18.669642857100214,18.18749999995571,5.95123626340751,5.961538461309171,8.528562939667747,9.058823528878891,0.0,0.0,0.0934534372802144,0.1006212131478378,4.323625223217843,4.052830188663952,0.0,34.1875,34.1875,34.0,34.0,263.4375,263.4375,25.0625,25.0625,59.25,59.25,0.5770042194092827,0.5770042194092827,2.0625,2.0625,278.8125,278.8125,26.718685831622174,173.0,5.153291594497779,3,16.0,6.0375,1.0,1.0142917510562297,0.943338291553724
2015,Melvin Gordon III,RB,51.8,7.1,LAC,00-0032144,14,7.735714285714286,2015,0,rookie,True,23,4,11.36028003858886,-3.624565752874576,0,,,,,,,,,,,,,,,,,,,,,,,,,,,,,,,,,,,,,,,,,,,,,,,,,,,,,,,,,,,,,,,,,,,,,,,,,,,,22.38466803559206,15.0,2.70805020110221,0,16.0,6.76875,0.875,1.0317549516987374,1.089822153379639
2015,Jonathan Stewart,RB,53.0,6.1,CAR,00-0026153,13,12.523076923076925,2008,7,vet,True,24,4,11.36028003858886,1.1627968844880634,7,2.953488372093023,9.272381457125553,13.0,11.023622047244094,0.6889763779527559,0.8125,0.8035714285714286,6.930413385826772,1.0,6.3307692307692305,9.272381457125553,11.23076923076923,2.114863045965408,2.3846153846153846,1.725733802505456,1.9230769230769231,11.36843651755069,13.461538461538462,13.483299563516098,15.846153846153848,13.079494269947023,13.923076923076923,49.877283969311534,62.23076923076923,-2.698180756251623,-4.384615384615385,0.0480260831151021,0.057407407407301,-0.0065216580786116,-0.0108097857007375,0.2795347304677184,0.3699788583501692,0.0674739640176249,0.0785442611204353,-0.9982652015551584,-1.8387096773600415,7.522715588540104,7.2399999997104,62992126.813175224,0.8064516128772112,0.9040864572779468,0.0,1.5610236220442426,1.937499999996412,8.217027559037648,10.937499999976875,9.77805118108189,12.874999999973287,370078746.2860038,5.83870967723101,8.203979892320818,8.5599999996576,0.0256216787908969,0.0322580645150884,13928612.747835612,-0.1279664850215484,4.320174442274231,4.622857142830727,0.0,34.0625,34.0625,33.75,33.75,329.5625,329.5625,29.5625,29.5625,63.625,63.625,0.5353634577603144,0.5353634577603144,2.0625,2.0625,239.25,239.25,28.449007529089663,13.0,2.5649493574615367,7,16.0,10.175,0.8125,0.8661701336970845,0.9073979486091047
2015,Joseph Randle,RB,56.6,5.9,DAL,00-0030388,6,12.35,2013,2,vet,True,25,5,11.36028003858886,0.9897199614111384,2,1.8,4.623809523809523,14.0,11.666666666666666,0.7291666666666666,0.875,0.65625,3.1604166666666664,1.0,-2.1714285714285713,4.623809523809523,3.9,0.7142857142857143,0.3571428571428571,0.5714285714285714,0.2857142857142857,5.0,3.642857142857143,5.714285714285714,4.0,4.0,1.6428571428571428,24.142857142857142,24.5,0.0476190476190476,0.2142857142857142,0.0128242672718592,0.0106157112526313,0.0003317209583527,0.0007120816520292,0.1205005624294051,0.1003937007872039,0.0194686055786358,0.0164220240353675,0.33333333326,0.59999999988,6.3749999987239585,5.7499999985625,0.7999999998666668,0.79999999984,2.0,3.0,0.4166666666658651,0.3124999999993365,3.2499999999924687,3.1874999999937255,3.6666666666583345,3.499999999993062,5.099999999183333,4.59999999908,7.041666665223958,6.7499999983125,0.0,0.0,-0.5547405293793217,-0.9144193333374616,5.496005809624638,6.725490195946559,0.0,29.75,29.75,29.4375,29.4375,263.3125,263.3125,31.75,31.75,61.5,61.5,0.483739837398374,0.483739837398374,3.3125,3.3125,250.5,250.5,23.67419575633128,151.0,5.017279836814924,2,16.0,4.63125,0.375,1.0990798643878694,1.0447781968742524
2015,C.J. Spiller,RB,57.9,6.4,NO,00-0027861,13,6.238461538461538,2010,5,vet,True,26,5,11.36028003858886,-5.121818500127324,5,2.8181818181818183,9.639275473630311,9.0,12.064516129032258,0.7540322580645161,0.5625,0.875,7.656451612903227,1.0,-2.3755555555555556,9.639275473630311,7.944444444444445,2.696940604198669,2.4444444444444446,2.216679467485919,2.111111111111111,10.219700460829491,8.666666666666666,12.91664106502816,11.11111111111111,15.499295954941116,13.88888888888889,46.2023425499232,33.333333333333336,-3.1797363031234003,-6.444444444444445,0.0622116768419527,0.0384615384614712,-0.006537333898613,-0.0140503875968958,0.2796561603361461,0.194029850745786,0.0887413815338999,0.0478570363743797,-1.3503657619397316,-2.6363636362438014,6.875672761769238,6.578947368074792,0.8276588319400402,0.8636363635971074,0.6054157154245218,0.0,2.0927419354799826,1.374999999997596,8.024193548369619,4.874999999987873,10.1169354838496,6.249999999985469,5.650864858552891,5.681818181559917,8.924139228213797,9.789473683695292,0.0314304936303547,0.0454545454524793,0.0543384519852593,0.1653070486001458,4.414126114918049,3.846153846104536,1.0,41.1875,36.1875,40.5625,35.75,314.75,258.0,25.375,25.125,66.5625,61.3125,0.6187793427230047,0.5902140672782875,3.0625,1.875,309.5,241.0,28.073921971252567,9.0,2.1972245773362196,5,16.0,5.06875,0.8125,0.8991953542229608,0.9116496259221696
2015,Todd Gurley,RB,60.2,6.3,LA,00-0032241,13,16.03076923076923,2015,0,rookie,True,27,5,11.36028003858886,4.670489192180369,0,,,,,,,,,,,,,,,,,,,,,,,,,,,,,,,,,,,,,,,,,,,,,,,,,,,,,,,,,,,,,,,,,,,,,,,,,,,,21.078713210130047,10.0,2.302585092994046,0,16.0,13.025,0.8125,0.9176274214542479,1.0083600547856426
2015,TJ Yeldon,RB,63.1,6.1,JAX,00-0032209,12,12.991666666666667,2015,0,rookie,True,28,5,10.925918745824406,2.065747920842261,0,,,,,,,,,,,,,,,,,,,,,,,,,,,,,,,,,,,,,,,,,,,,,,,,,,,,,,,,,,,,,,,,,,,,,,,,,,,,21.913757700205338,36.0,3.58351893845611,0,16.0,9.74375,0.75,0.9941608641898565,1.0924609269974916
2015,LeGarrette Blount,RB,68.5,7.9,NE,00-0027325,12,10.216666666666669,2010,5,vet,True,29,5,10.925918745824406,-0.7092520791577392,5,2.8181818181818183,6.640290677064871,15.0,14.483870967741936,0.905241935483871,0.9375,0.85,6.152620967741935,1.0,-1.0225,6.640290677064871,6.54,0.6519319390287133,0.8,0.4707786836819095,0.6666666666666666,8.644535034857615,8.333333333333334,9.296466973886329,9.133333333333333,3.213541297412265,3.6,39.31934302256883,36.46666666666667,0.2533616920713695,0.5333333333333333,0.0109467928851958,0.0099833610648835,0.0003703473959836,0.0007946756729908,0.2210099220529294,0.1451800232286351,0.0166794325049822,0.0155313145684189,0.2462058372039093,0.6666666666111111,8.675268814155412,5.39999999946,0.6596006143457386,0.8333333332638889,2.154589371980677,3.0,0.5987903225796389,0.7499999999987521,7.977822580626656,7.812499999981835,8.576612903206296,8.562499999980588,4.859354838034862,4.499999999625,10.109677415424086,6.09999999939,0.0,0.0,-0.0175866870911206,0.1297774708547046,4.471380679717842,4.375999999964992,0.0,38.0625,38.0625,37.5625,37.5625,303.0625,303.0625,27.375,27.375,65.4375,65.4375,0.5816618911174785,0.5816618911174785,2.9375,2.9375,268.1875,268.1875,28.739219712525667,260.0,5.560681631015528,5,16.0,7.662500000000001,0.75,0.841390030019204,0.9056766471754304
2015,Danny Woodhead,RB,69.0,6.8,LAC,00-0026019,16,15.19375,2008,7,vet,True,30,5,10.925918745824406,4.267831254175594,6,2.9076923076923076,7.664021164021164,3.0,9.031746031746032,0.564484126984127,0.1875,0.7395833333333334,5.83125,1.0,-9.895833333333334,7.664021164021164,4.066666666666666,3.1185185185185187,2.0,2.5578231292517004,1.6666666666666667,5.430839002267573,5.0,8.549357520786092,7.0,20.79939531368103,11.333333333333334,18.580045351473924,12.666666666666666,6.46379440665155,3.0,0.0628660715320131,0.0105820105819919,0.0172173037900113,0.0018488085456035,0.1076617238565847,0.0376884422109605,0.1063512199510276,0.0171671818549103,1.9947930721868572,1.49999999975,7.971848056146032,6.79999999864,0.8079575196235558,0.8333333331944445,2.8457318280847694,3.0,2.23214285713884,0.3749999999993386,3.27480158729463,0.9374999999976446,5.506944444433469,1.3124999999969833,6.3677785927884205,5.666666665722222,6.778897406152224,6.5999999986799995,0.0251629596453746,0.0,0.3747028615084959,0.481059561830241,3.3537202790943113,2.5333333331644443,0.0,35.875,35.875,35.4375,35.4375,304.25,304.25,24.875,24.875,60.75,60.75,0.5905349794238683,0.5905349794238683,2.3125,2.3125,268.5,268.5,30.598220396988363,260.0,5.560681631015528,7,16.0,15.19375,1.0,0.698633504301177,0.9047885249315043
2015,Giovani Bernard,RB,75.5,8.4,CIN,00-0030456,16,11.325,2013,2,vet,True,31,6,10.925918745824406,0.3990812541755932,2,1.8,14.279647435897436,13.0,14.0,0.875,0.8125,0.90625,12.472916666666668,1.0,0.5225961538461537,14.279647435897436,14.453846153846154,4.483974358974359,4.538461538461538,3.371794871794872,3.3076923076923075,12.157051282051285,12.923076923076923,16.64102564102564,17.46153846153846,28.60576923076923,26.846153846153847,49.35096153846154,52.30769230769231,1.2628205128205128,0.7692307692307693,0.1202928968519953,0.1196754563892095,0.0041485574000011,0.0025967281225648,0.3454523942321744,0.3414634146334523,0.1833433354579937,0.1813308942696098,0.2844229217066931,0.169491525420856,8.470376522521637,8.116279069578692,0.7525423728693111,0.7288135593096812,3.0,3.0,3.916666666659148,3.68749999999252,10.541666666645076,10.49999999997866,14.458333333304225,14.18749999997118,6.391121872376,5.915254237187877,8.755260243445695,8.41860465096701,0.0368845843416243,0.0338983050841712,0.0562124743814852,-0.0384034227317957,4.061157796427836,4.047619047594955,0.0,31.4375,31.4375,30.8125,30.8125,240.6875,240.6875,30.75,30.75,62.1875,62.1875,0.5055276381909548,0.5055276381909548,2.4375,2.4375,221.9375,221.9375,23.77549623545517,37.0,3.610917912644224,2,16.0,11.325,1.0,1.1015550953177522,1.0407331155532602
2015,Shane Vereen,RB,77.9,8.3,NYG,00-0027994,16,9.9,2011,4,vet,True,32,6,10.925918745824406,-1.0259187458244057,4,2.6470588235294117,11.047777777777778,16.0,12.466666666666669,0.7791666666666667,1.0,0.609375,8.400416666666667,1.0,-6.449999999999999,11.047777777777778,10.3625,5.01111111111111,4.8125,3.3888888888888884,3.25,5.688888888888889,6.0,10.7,10.8125,30.78888888888889,27.9375,24.022222222222226,24.4375,16.733333333333334,13.5625,0.1008379872086471,0.1281198003325655,0.0387063043346416,0.0447514951536306,0.1599488672150886,0.2191780821912804,0.1783513938472198,0.2235057471063898,2.900429039498572,2.8181818181452183,9.490643752959585,8.596153845988535,0.6238669542881151,0.6753246753159048,2.050917093939059,2.0599078341013826,3.824999999993698,4.812499999991993,4.512499999990003,5.999999999986302,8.3374999999837,10.812499999978296,6.274550570021064,5.805194805119413,7.821822149081317,7.365384615242974,0.0426298339329549,0.0389610389605329,0.2118133866177142,0.145783585895863,4.225946562321303,4.0729166666242405,1.0,37.9375,38.0625,37.4375,37.5625,311.75,303.0625,28.0625,27.375,66.0,65.4375,0.5748106060606061,0.5816618911174785,2.6875,2.9375,279.375,268.1875,26.49965776865161,56.0,4.02535169073515,4,16.0,9.9,1.0,1.0301099395872706,0.9498196020614695
2015,Ryan Mathews,RB,78.9,9.0,PHI,00-0027864,12,10.375,2010,5,vet,True,33,6,10.925918745824406,-0.550918745824406,5,2.8181818181818183,12.087096774193547,6.0,10.064516129032258,0.6290322580645161,0.375,0.75,7.891935483870968,1.0,-2.0,12.087096774193547,11.15,2.34715821812596,1.6666666666666667,1.902457757296467,1.5,14.38594470046083,12.333333333333334,16.73310291858679,14.0,14.18010752688172,11.5,63.07334869431644,55.0,-0.4919354838709676,1.1666666666666667,0.0476505300147043,0.0176366843033198,-0.0025730349755919,0.0014379622021361,0.3489961334211254,0.1859296482407388,0.069674670539142,0.027461599996475,0.0955709815096998,0.69999999993,7.466373410980102,7.666666665814815,0.8380948873207843,0.89999999991,2.347826086956522,3.0,1.6048387096744412,0.6249999999988978,9.679435483849154,4.62499999998838,11.284274193523595,5.249999999987278,6.287194974895659,6.89999999931,7.458073538837735,6.999999999222222,0.0078201368521579,0.0,0.1750745860072486,0.2382782188005891,4.389586407390062,4.459459459399196,1.0,38.8125,35.875,38.25,35.4375,345.4375,304.25,29.625,24.875,68.4375,60.75,0.5671232876712329,0.5905349794238683,2.6875,2.3125,286.3125,268.5,27.89322381930185,12.0,2.4849066497880004,5,16.0,7.78125,0.75,0.9153041560253189,0.9145014517232477
2015,Joique Bell,RB,80.5,8.7,DET,00-0027218,13,8.13076923076923,2010,5,vet,True,34,6,9.51747964997965,-1.38671041921042,4,2.4955489614243325,12.387528735632184,15.0,14.93103448275862,0.9331896551724138,0.9375,0.75,11.931896551724137,1.0,-0.3304166666666663,12.387528735632184,13.213333333333331,3.733908045977011,3.533333333333333,2.6126436781609197,2.2666666666666666,11.771264367816093,14.866666666666667,15.505172413793105,18.4,25.455747126436783,21.466666666666665,46.4080459770115,57.333333333333336,1.797126436781609,0.8666666666666667,0.0931519186334921,0.089830508474424,0.0049971017322601,0.0027449324324318,0.4425257018378503,0.5631313131298911,0.1432258491628202,0.1366672154143383,0.4411756385888105,0.2452830188632965,9.358729027638455,9.470588235015573,0.6697783183767204,0.6415094339501602,3.0,3.0,3.612068965511419,3.312499999994386,11.258620689627516,13.937499999964803,14.870689655138936,17.24999999995919,6.508406174162365,6.075471697998577,9.448390676789185,9.911764705590832,0.0104098893947287,0.0188679245279458,0.1737652508395761,0.1295995697839221,3.904291690681606,3.8565022421351727,0.0,37.75,37.75,36.875,36.875,296.0,296.0,24.75,24.75,62.5,62.5,0.604,0.604,2.0625,2.0625,267.75,267.75,29.075975359342916,260.0,5.560681631015528,5,16.0,6.606249999999999,0.8125,0.8135328665697309,0.9049182135723745
2015,Rashad Jennings,RB,81.7,8.6,NYG,00-0027155,16,10.30625,2009,6,vet,True,35,6,9.51747964997965,0.78877035002035,5,2.580429948109711,11.357103235747305,11.0,12.05084745762712,0.753177966101695,0.6875,0.7875,8.571080508474576,1.0,0.9575757575757587,11.357103235747305,12.590909090909092,3.340215716486903,3.727272727272727,2.4791987673343603,2.727272727272727,12.831946584488955,15.181818181818182,16.172162300975863,18.90909090909091,18.92917308680021,20.545454545454547,50.1210580380072,58.09090909090909,-4.192295839753467,-8.454545454545455,0.0713698987287104,0.0684474123538089,-0.0090372308445347,-0.0186447473937412,0.3481674645347819,0.3719376391973899,0.1007287865018912,0.0896197953550945,-1.0833385923261931,-2.2682926828715053,7.610976825219968,7.533333333082222,0.7446509795572067,0.7317073170553243,1.3728813559322033,0.0,2.4978813559277424,2.562499999995722,9.498940677944343,10.437499999976756,11.996822033872084,12.999999999972475,5.6698857183537195,5.512195121816776,9.460723884023816,10.433333332985557,0.0,0.0,-0.162372005352406,-0.211399742137877,3.947761596752736,3.8263473053663097,0.0,37.9375,37.9375,37.4375,37.4375,311.75,311.75,28.0625,28.0625,66.0,66.0,0.5748106060606061,0.5748106060606061,2.6875,2.6875,279.375,279.375,30.43394934976044,250.0,5.521460917862246,6,16.0,10.30625,1.0,0.7102272933273215,0.9048212087578771
2015,Darren McFadden,RB,84.6,9.1,DAL,00-0026144,16,12.23125,2008,7,vet,True,36,6,9.4762971493062,2.7549528506937992,7,2.953488372093023,9.824051051310894,16.0,13.236220472440944,0.827263779527559,1.0,0.7410714285714286,7.705157480314961,1.0,-2.2965,9.824051051310894,7.5375,3.446626863949698,3.5,2.333122782729082,2.25,11.784125061290416,9.6875,15.230751925240114,13.1875,15.215404805168586,13.25,42.888967725188195,33.375,1.3683020391681808,-0.0625,0.0784414136376544,0.0904684975765905,0.0032247517872792,-0.0002023881805302,0.4050477269438848,0.4599406528176263,0.119919446707577,0.1355610746385146,0.412505797946688,-0.0178571428568239,6.453706155627669,5.888888888725309,228346457.35904643,0.6428571428456633,1.3516949152542372,0.0,2.8917322834596644,3.499999999994346,9.419783464541611,9.687499999971251,12.31151574800128,13.1874999999656,2244094492.500225,3.785714285646684,7.360772281539358,7.249999999798612,0.0063197788546334,0.0,110335537.35049428,-0.3102938570014197,3.5805600841510334,3.445161290300354,1.0,29.75,39.3125,29.4375,38.6875,263.3125,308.8125,31.75,21.0625,61.5,60.375,0.483739837398374,0.6511387163561076,3.3125,1.625,250.5,216.0,28.01368925393566,4.0,1.3862943611198906,7,16.0,12.23125,1.0,0.9045605763696408,0.9125442601075396
2015,Alfred Blue,RB,86.4,7.9,HOU,00-0031075,14,7.978571428571428,2014,1,soph,True,37,6,9.4762971493062,-1.4977257207347725,1,1.0,6.44375,16.0,16.0,1.0,1.0,1.0,6.44375,1.0,0.0,6.44375,6.44375,1.125,1.125,0.9375,0.9375,10.5625,10.5625,11.6875,11.6875,7.0625,7.0625,33.0,33.0,2.5,2.5,0.0374999999999218,0.0374999999999218,0.0100225507391606,0.0100225507391606,0.3067150635203145,0.3067150635203145,0.0632657855172952,0.0632657855172952,2.2222222220987655,2.2222222220987655,7.533333332831111,7.533333332831111,0.8333333332870371,0.8333333332870371,2.825,2.825,1.124999999997656,1.124999999997656,10.562499999980831,10.562499999980831,11.687499999978488,11.687499999978488,6.277777777429012,6.277777777429012,4.999999999666667,4.999999999666667,0.0555555555524691,0.0555555555524691,0.3563473881250703,0.3563473881250703,3.124260355011099,3.124260355011099,0.0,30.3125,30.3125,30.0,30.0,249.4375,249.4375,34.4375,34.4375,64.75,64.75,0.4681467181467181,0.4681467181467181,2.125,2.125,216.25,216.25,24.347707049965777,181.0,5.198497031265826,1,16.0,6.981249999999999,0.875,1.1077539720401475,1.0180482120455996
2015,Tevin Coleman,RB,88.9,8.3,ATL,00-0032058,11,3.8454545454545457,2015,0,rookie,True,38,6,9.4762971493062,-5.630842603851654,0,,,,,,,,,,,,,,,,,,,,,,,,,,,,,,,,,,,,,,,,,,,,,,,,,,,,,,,,,,,,,,,,,,,,,,,,,,,,22.376454483230663,73.0,4.290459441148391,0,16.0,2.6437500000000003,0.6875,1.0311450140765075,1.0900633595855882
2015,Isaiah Crowell,RB,95.4,9.5,CLE,00-0030656,16,8.612499999999999,2014,1,soph,True,39,7,9.4762971493062,-0.8637971493062011,1,1.0,8.16,15.0,15.0,0.9375,0.9375,0.9375,7.65,1.0,0.0,8.16,8.16,0.9333333333333332,0.9333333333333332,0.6,0.6,9.866666666666667,9.866666666666667,10.8,10.8,5.8,5.8,40.46666666666667,40.46666666666667,2.2,2.2,0.0280561122243926,0.0280561122243926,0.0065658575407865,0.0065658575407865,0.3102725366869805,0.3102725366869805,0.0466802686151396,0.0466802686151396,2.3571428569744897,2.3571428569744897,9.666666665592592,9.666666665592592,0.6428571428112245,0.6428571428112245,2.636363636363636,2.636363636363636,0.8749999999982465,0.8749999999982465,9.249999999980608,9.249999999980608,10.124999999978854,10.124999999978854,6.214285713841837,6.214285713841837,7.555555554716049,7.555555554716049,0.0,0.0,-0.0873557128839521,-0.0873557128839521,4.10135135132364,4.10135135132364,0.0,31.375,31.375,31.1875,31.1875,314.125,314.125,29.8125,29.8125,61.1875,61.1875,0.5127681307456589,0.5127681307456589,1.8125,1.8125,229.875,229.875,22.64476386036961,260.0,5.560681631015528,1,16.0,8.612499999999999,1.0,1.0500398705746998,1.081848034094661
2015,Devonta Freeman,RB,96.2,10.0,ATL,00-0031285,15,21.09333333333333,2014,1,soph,True,40,7,9.4762971493062,11.61703618402713,1,1.0,5.45625,16.0,16.0,1.0,1.0,1.0,5.45625,1.0,0.0,5.45625,5.45625,2.3125,2.3125,1.875,1.875,4.0625,4.0625,6.375,6.375,14.0625,14.0625,15.5,15.5,4.75,4.75,0.0593900481539977,0.0593900481539977,0.015596142006974,0.015596142006974,0.1747311827952292,0.1747311827952292,0.1000023716358784,0.1000023716358784,2.0540540539985392,2.0540540539985392,7.49999999975,7.49999999975,0.810810810788897,0.810810810788897,2.960526315789474,2.960526315789474,2.312499999996288,2.312499999996288,4.06249999998908,4.06249999998908,6.374999999985368,6.374999999985368,6.081081080916728,6.081081080916728,5.666666666477778,5.666666666477778,0.0270270270262965,0.0270270270262965,0.0158165980470685,0.0158165980470685,3.8153846153259168,3.8153846153259168,0.0,39.5,39.5,38.9375,38.9375,304.5625,304.5625,23.25,23.25,62.75,62.75,0.6294820717131474,0.6294820717131474,2.4375,2.4375,297.375,297.375,23.463381245722108,103.0,4.634728988229636,1,16.0,19.775,0.9375,1.092525099351512,1.0530419967116051
2015,Bishop Sankey,RB,100.2,9.8,TEN,00-0031413,9,6.577777777777778,2014,1,soph,True,41,7,9.4762971493062,-2.8985193715284217,1,1.0,6.0125,16.0,16.0,1.0,1.0,1.0,6.0125,1.0,0.0,6.0125,6.0125,1.4375,1.4375,1.125,1.125,9.5,9.5,10.9375,10.9375,8.3125,8.3125,35.5625,35.5625,-0.8125,-0.8125,0.0455445544553553,0.0455445544553553,-0.0027565733672598,-0.0027565733672598,0.4269662921336321,0.4269662921336321,0.0663872303259511,0.0663872303259511,-0.5652173912797731,-0.5652173912797731,7.388888888478395,7.388888888478395,0.7826086956181475,0.7826086956181475,0.0,0.0,1.4374999999971536,1.4374999999971536,9.499999999973316,9.499999999973316,10.93749999997047,10.93749999997047,5.782608695400756,5.782608695400756,8.222222221765431,8.222222221765431,0.0,0.0,0.1408644110591491,0.1408644110591491,3.7434210526069513,3.7434210526069513,0.0,32.0625,32.0625,31.5625,31.5625,294.75,294.75,22.25,22.25,54.3125,54.3125,0.5903337169159953,0.5903337169159953,1.625,1.625,233.625,233.625,22.9596167008898,54.0,3.9889840465642745,1,16.0,3.7,0.5625,1.0693160040079617,1.0714122080794086
2015,Duke Johnson,RB,101.8,9.1,CLE,00-0032257,16,10.26875,2015,0,rookie,True,42,7,9.4762971493062,0.7924528506938007,0,,,,,,,,,,,,,,,,,,,,,,,,,,,,,,,,,,,,,,,,,,,,,,,,,,,,,,,,,,,,,,,,,,,,,,,,,,,,21.93839835728953,77.0,4.343805421853684,0,16.0,10.26875,1.0,0.9962523659628181,1.094759231072827
2015,Darren Sproles,RB,106.4,10.3,PHI,00-0023564,16,10.09375,2005,10,vet,True,43,7,8.801446416016189,1.292303583983811,9,2.9824846003530547,11.91795022476707,15.0,14.866797257590598,0.9291748285994124,0.9375,0.9513888888888888,11.013748775710086,1.0,-1.1866666666666674,11.91795022476707,10.506666666666666,5.204897159647405,4.133333333333334,3.760915643285869,2.6666666666666665,3.830214219342525,3.8,9.035111378989928,7.933333333333334,33.929661719279736,25.8,20.468228735025992,21.933333333333337,4.747125743991562,3.0,0.1221747723029291,0.1013071895423181,0.0133797662693068,0.0081418491043951,0.1315967480548808,0.1202531645567083,0.1926279948429085,0.1576600786865538,0.889064347842445,0.7258064516011967,9.174284766637532,9.674999999758128,269343781.306369,0.6451612903121748,3.0,3.0,4.794319294801375,3.874999999993668,3.568315377073068,3.562499999992484,8.362634671874442,7.437499999986152,2810969643.997289,6.241935483770292,9.078209293447674,10.0999999997475,39177277.19916194,0.0,201259537.16369665,-0.0300833717173336,5.292350547601175,5.771929824460142,0.0,38.8125,38.8125,38.25,38.25,345.4375,345.4375,29.625,29.625,68.4375,68.4375,0.5671232876712329,0.5671232876712329,2.6875,2.6875,286.3125,286.3125,32.199863107460644,130.0,4.867534450455582,10,16.0,10.09375,1.0,0.5943723062526072,0.9037396187107715
2015,Tre Mason,RB,109.0,11.0,LA,00-0031391,13,3.9615384615384617,2014,1,soph,True,44,8,8.801446416016189,-4.839907954477727,1,1.0,11.275,12.0,12.0,0.75,0.75,0.75,8.45625,1.0,0.0,11.275,11.275,2.1666666666666665,2.1666666666666665,1.3333333333333333,1.3333333333333333,14.916666666666666,14.916666666666666,17.083333333333332,17.083333333333332,12.333333333333334,12.333333333333334,63.75,63.75,-2.0833333333333335,-2.0833333333333335,0.0513833992093846,0.0513833992093846,-0.0059523809523795,-0.0059523809523795,0.4531645569608781,0.4531645569608781,0.0729084321474112,0.0729084321474112,-0.9615384615014791,-0.9615384615014791,9.249999999421876,9.249999999421876,0.6153846153609468,0.6153846153609468,0.0,0.0,1.6249999999967886,1.6249999999967886,11.187499999971678,11.187499999971678,12.812499999968466,12.812499999968466,5.692307692088757,5.692307692088757,10.249999999359376,10.249999999359376,0.0384615384600591,0.0384615384600591,-0.067614823539129,-0.067614823539129,4.273743016735901,4.273743016735901,0.0,32.1875,32.1875,31.625,31.625,262.5,262.5,24.6875,24.6875,56.875,56.875,0.5659340659340659,0.5659340659340659,1.9375,1.9375,230.9375,230.9375,22.069815195071868,75.0,4.31748811353631,1,16.0,3.21875,0.8125,1.0071879052526602,1.0986274421640205
2015,Ronnie Hillman,RB,114.0,9.6,DEN,00-0029683,16,10.0875,2012,3,vet,True,45,8,8.801446416016189,1.2860535839838114,3,2.3333333333333335,9.42777777777778,8.0,9.142857142857142,0.5714285714285714,0.5,0.6458333333333334,5.016071428571429,1.0,7.265277777777779,9.42777777777778,12.7875,2.99546485260771,4.25,1.9829931972789117,2.625,10.184807256235828,13.25,13.180272108843536,17.5,14.339002267573695,17.375,41.28798185941043,54.25,6.608843537414965,9.75,0.0411254231126794,0.0563847429518136,0.0104791320207436,0.0152462861610603,0.196062499979841,0.239277652369663,0.0690235270835396,0.0952495147404626,1.97248899551257,2.29411764699135,7.501360543712894,6.619047618732426,0.7168867546640868,0.6176470588053634,1.8754578754578757,1.7820512820512822,1.571428571426001,2.1249999999964757,5.52678571427346,6.624999999985045,7.098214285699462,8.74999999998152,5.502801120144492,4.088235293997405,5.73401360505287,5.142857142612245,0.0168067226885813,0.0294117647050173,0.1119879967627947,-0.0503086798470597,4.026712022667275,4.094339622602884,0.0,37.9375,37.9375,37.6875,37.6875,319.75,319.75,27.6875,27.6875,65.625,65.625,0.5780952380952381,0.5780952380952381,3.4375,3.4375,298.6875,298.6875,23.964407939767284,67.0,4.204692619390966,3,16.0,10.0875,1.0,1.1050372986835642,1.0331499639023587
2015,David Johnson,RB,118.0,10.1,ARI,00-0032187,15,14.4,2015,0,rookie,True,46,8,8.801446416016189,5.598553583983811,0,,,,,,,,,,,,,,,,,,,,,,,,,,,,,,,,,,,,,,,,,,,,,,,,,,,,,,,,,,,,,,,,,,,,,,,,,,,,23.709787816564,86.0,4.454347296253507,0,16.0,13.5,0.9375,1.1000036674464906,1.0433615297776064
2015,Knile Davis,RB,121.2,10.6,KC,00-0030280,6,2.783333333333333,2013,2,vet,True,47,8,8.514685960281549,-5.731352626948215,2,1.8,6.514583333333333,16.0,16.0,1.0,1.0,1.0,6.514583333333333,1.0,3.14375,6.514583333333333,7.5625,1.3541666666666667,1.5625,0.8958333333333334,1.0,7.041666666666667,8.375,8.395833333333334,9.9375,7.6875,9.1875,24.333333333333332,28.9375,0.0625,0.75,0.0437100555608199,0.051546391752471,0.0007891067743914,0.0041768186564552,0.2654887596057808,0.3190476190468594,0.0661174580833039,0.0802433606882252,-0.1466666666483555,0.4799999999808,8.39772727213785,9.187499999425782,0.6711111110777481,0.6399999999744,2.0,3.0,1.3541666666639347,1.5624999999967784,7.041666666650073,8.374999999980059,8.395833333314007,9.937499999976836,5.586666666398756,5.8799999997648,9.29924242358288,9.812499999386718,0.0266666666656,0.0399999999984,0.0583458112635945,0.0872165287135503,3.4558635394119768,3.45522388057123,0.0,30.8125,30.8125,30.3125,30.3125,179.5625,179.5625,26.25,26.25,57.0625,57.0625,0.5399780941949617,0.5399780941949617,2.25,2.25,214.25,214.25,23.906913073237508,96.0,4.564348191467836,2,16.0,1.04375,0.375,1.1041368453384388,1.035458415596468
2015,Matt Jones,RB,124.4,12.8,WAS,00-0031939,13,8.8,2015,0,rookie,True,48,8,8.514685960281549,0.2853140397184521,0,,,,,,,,,,,,,,,,,,,,,,,,,,,,,,,,,,,,,,,,,,,,,,,,,,,,,,,,,,,,,,,,,,,,,,,,,,,,22.48596851471595,95.0,4.553876891600541,0,16.0,7.15,0.8125,1.0391087936061651,1.0867878808309694
2015,DeAngelo Williams,RB,129.1,12.2,PIT,00-0024242,14,16.664285714285715,2006,9,vet,True,49,9,8.371889717425432,8.292395996860282,9,2.9883040935672516,7.6558121330724065,6.0,10.373776908023483,0.6483610567514677,0.375,0.8125,5.71986301369863,1.0,-6.0233333333333325,7.6558121330724065,4.883333333333334,1.4737718902102463,1.0,1.1299764162777863,0.8333333333333334,11.395820161573583,10.333333333333334,12.869592051783831,11.333333333333334,11.99829519795273,7.333333333333333,45.62683902855135,36.5,-2.6032214360981487,-3.0,0.0353759297056039,0.0111111111110905,-0.0055911079058735,-0.003413616537075,0.2574902986917619,0.1310782241012028,0.0491501190242945,0.0142771350906832,-2.103647329861949,-2.9999999995,10.34692634437918,8.79999999824,330724071.2075436,0.8333333331944445,0.0314960629921259,0.0,1.0714285714263605,0.3749999999993056,7.614603718183515,3.874999999991807,8.686032289609876,4.249999999991113,2252446191.696244,7.333333332111111,12.35632477119064,11.39999999772,21526418.80617525,0.0,39085378.70050969,0.2330005272233114,3.9732982793197142,3.5322580644591572,1.0,38.25,34.0625,37.5625,33.75,326.125,329.5625,26.4375,29.5625,64.6875,63.625,0.591304347826087,0.5353634577603144,2.6875,2.0625,312.3125,239.25,32.35318275154004,27.0,3.295836866004329,9,16.0,14.58125,0.875,0.5851401198814522,0.9035441721868913
2015,Reggie Bush,RB,129.5,11.3,SF,00-0024217,3,2.9333333333333336,2006,9,vet,False,50,9,7.491790151433535,-4.558456818100201,9,2.9883040935672516,12.41533530722376,11.0,12.587084148727984,0.786692759295499,0.6875,0.8055555555555556,10.057093933463795,1.0,-7.358441558441559,12.41533530722376,9.727272727272728,4.838535762997603,5.090909090909091,3.5024325234452443,3.636363636363636,10.502105836107797,6.909090909090909,15.340641599105396,12.0,25.857986208181902,23.0,45.37510716615413,27.0,4.699292618666395,5.363636363636363,0.1034953275813037,0.0949152542371272,0.0121742360432681,0.0124577702702676,0.3247424789303451,0.1919191919187073,0.1637649566022433,0.1510933205448782,0.9535821915539964,1.0535714285526148,7.400016183031286,6.324999999841875,866927593.6558161,0.7142857142729593,2.9893077601410933,3.0,3.757338551852631,3.499999999994068,8.741193737748784,4.749999999988005,12.498532289601416,8.249999999982073,6540117421.983184,4.517857142776467,7.1149903578099,6.299999999842501,43052837.59033088,0.0,354946288.12781787,-0.1316870445893984,4.215741951607672,3.9078947367906856,1.0,30.4375,37.75,30.25,36.875,294.5,296.0,29.375,24.75,59.8125,62.5,0.5088819226750261,0.604,1.875,2.0625,212.9375,267.75,30.49965776865161,2.0,0.6931471805599453,9,16.0,0.55,0.1875,0.7055667095352945,0.9048093863042457
2015,David Cobb,RB,130.4,10.3,TEN,00-0032133,7,3.057142857142857,2015,0,rookie,True,51,9,7.491790151433535,-4.434647294290678,0,,,,,,,,,,,,,,,,,,,,,,,,,,,,,,,,,,,,,,,,,,,,,,,,,,,,,,,,,,,,,,,,,,,,,,,,,,,,22.245037645448324,138.0,4.927253685157205,0,16.0,1.3375,0.4375,1.0211685692955268,1.0938499520741058
2015,Roy Helu,RB,142.7,13.3,LV,00-0028043,6,4.033333333333333,2011,4,vet,True,52,9,7.491790151433535,-3.458456818100202,4,2.6470588235294117,8.267119658119658,13.0,12.6,0.7875,0.8125,0.734375,6.819583333333332,1.0,3.0735576923076913,8.267119658119658,9.792307692307691,3.201538461538462,3.6153846153846154,2.7686324786324783,3.230769230769231,3.4343589743589744,3.076923076923077,6.635897435897436,6.6923076923076925,27.437008547008546,36.69230769230769,16.361538461538462,16.615384615384617,1.584786324786325,0.6923076923076923,0.0736967356134375,0.0863970588233705,0.0051567816128749,0.0021352313167254,0.1154413067042043,0.0997506234411477,0.1141548505491688,0.1310902501567637,0.568848133065744,0.1914893616980534,9.589071757388512,11.35714285687245,0.8621217064431866,0.8936170212575827,2.4,3.0,2.570833333328727,2.9374999999946003,3.0124999999927846,2.4999999999937654,5.583333333321511,5.437499999988366,8.291808195528265,10.148936169996832,9.13486943130885,11.571428571153062,0.0238249789633157,0.0425531914884563,0.1585886605891978,0.3090057719321363,4.474388663231468,5.399999999865001,1.0,39.3125,34.1875,38.6875,34.0,308.8125,263.4375,21.0625,25.0625,60.375,59.25,0.6511387163561076,0.5770042194092827,1.625,2.0625,216.0,278.8125,26.732375085557837,105.0,4.653960350157523,4,16.0,1.5125,0.375,1.0132641306005348,0.942936165381063
2015,Cameron Artis-Payne,RB,145.8,15.5,CAR,00-0031599,5,7.0200000000000005,2015,0,rookie,True,53,9,7.491790151433535,-0.4717901514335345,0,,,,,,,,,,,,,,,,,,,,,,,,,,,,,,,,,,,,,,,,,,,,,,,,,,,,,,,,,,,,,,,,,,,,,,,,,,,,25.190965092402465,174.0,5.159055299214529,0,16.0,2.19375,0.3125,1.0950618716327063,0.9889240715543549
2015,Christine Michael,RB,148.8,17.4,SEA,00-0030432,6,4.733333333333333,2013,2,vet,True,54,9,7.491790151433535,-2.7584568181002016,2,1.8,2.1911111111111112,10.0,7.666666666666667,0.4791666666666667,0.625,0.40625,0.9854166666666666,1.0,-0.6633333333333333,2.1911111111111112,1.97,0.1333333333333333,0.2,0.0666666666666666,0.1,4.266666666666667,3.4,4.3999999999999995,3.6,0.7999999999999999,1.2,20.444444444444443,17.5,0.6,0.9,0.0030864197530792,0.0046296296296189,0.0017291066282415,0.0025936599423623,0.0549624224279359,0.0647619047617814,0.005840004269388,0.008760006404082,2.9999999985,4.49999999775,7.999999991999999,11.999999988,0.3333333331666666,0.49999999975,1.3333333333333333,1.3333333333333333,0.0833333333331404,0.1249999999997106,1.7916666666632317,2.124999999995953,1.874999999996372,2.249999999995663,3.999999998,5.999999997,11.999999988,17.999999982,0.0,0.0,0.177305210913974,0.2659578163709611,4.8943355118003735,5.147058823378028,0.0,28.375,28.375,27.0,27.0,216.875,216.875,32.8125,32.8125,61.1875,61.1875,0.4637385086823289,0.4637385086823289,2.5,2.5,218.25,218.25,24.810403832991103,62.0,4.127134385045092,2,16.0,1.775,0.375,1.103783064424134,1.0013336292111554
2015,Fred Jackson,RB,149.9,19.3,,00-0024204,13,5.707692307692308,2006,9,vet,True,55,9,7.491790151433535,-1.7840978437412272,8,2.9766536964980546,13.878481792717087,14.0,13.827450980392156,0.8642156862745098,0.875,0.8203125,11.977333333333332,1.0,-1.1973214285714295,13.878481792717087,13.471428571428572,5.2676750700280115,6.428571428571429,3.911027077497666,4.714285714285714,11.561148459383752,10.071428571428571,16.828823529411768,16.5,30.57426704014939,35.785714285714285,47.427320261437906,37.5,-2.289299719887955,-4.785714285714286,0.1322308422462264,0.1573426573423822,-0.0084760485521799,-0.0162306201550348,0.359648813379782,0.3507462686558439,0.1924130293828137,0.2246525519050489,-0.3703927038793116,-0.7444444444361729,7.834117465710275,7.590909090794077,376470588.9626919,0.7333333333251851,0.2857142857142857,0.0,4.5490196078348735,5.624999999990166,9.969607843114778,8.812499999978078,14.51862745094965,14.437499999968244,3231372554.710449,5.566666666604815,8.577687241093837,8.803030302896923,0.0140527591505774,0.0111111111109876,154216359.57285535,-0.1469228866199396,4.030255727972503,3.723404255292742,,,36.1875,,35.75,,258.0,,25.125,,61.3125,,0.5902140672782875,,1.875,,241.0,34.52703627652293,260.0,5.560681631015528,9,16.0,4.6375,0.8125,0.4650029401335555,0.8976400107305182
2015,Charles Sims,RB,150.3,17.2,TB,00-0031390,16,11.25,2014,1,soph,True,56,9,7.491790151433535,3.758209848566465,1,1.0,7.5625,8.0,8.0,0.5,0.5,0.5,3.78125,1.0,0.0,7.5625,7.5625,3.375,3.375,2.375,2.375,8.25,8.25,11.625,11.625,23.75,23.75,23.125,23.125,2.625,2.625,0.0516252390056374,0.0516252390056374,0.0038265306122442,0.0038265306122442,0.1869688385263825,0.1869688385263825,0.080116429937027,0.080116429937027,0.7777777777489712,0.7777777777489712,9.999999999473683,9.999999999473683,0.7037037036776406,0.7037037036776406,3.0,3.0,1.6874999999967737,1.6874999999967737,4.124999999988314,4.124999999988314,5.8124999999850875,5.8124999999850875,7.037037036776406,7.037037036776406,10.368421052085871,10.368421052085871,0.0,0.0,-0.1358469578627193,-0.1358469578627193,2.8030303029878327,2.8030303029878327,0.0,33.1875,33.1875,32.6875,32.6875,343.0,343.0,22.0625,22.0625,55.25,55.25,0.6006787330316742,0.6006787330316742,1.75,1.75,226.4375,226.4375,24.95003422313484,69.0,4.23410650459726,1,16.0,11.25,1.0,1.1011451823523444,0.9966613000298722
2015,Jonas Gray,RB,150.9,16.7,NE,00-0029104,6,5.366666666666666,2012,3,vet,True,57,9,7.491790151433535,-2.1251234847668687,1,1.0,9.1125,8.0,8.0,0.5,0.5,0.5,4.5562499999999995,1.0,0.0,9.1125,9.1125,0.375,0.375,0.125,0.125,11.125,11.125,11.5,11.5,0.875,0.875,51.5,51.5,1.25,1.25,0.0049916805324376,0.0049916805324376,0.0020622808826557,0.0020622808826557,0.2031963470314995,0.2031963470314995,0.0089311174165154,0.0089311174165154,3.3333333322222223,3.3333333322222223,6.999999992999999,6.999999992999999,0.3333333332222222,0.3333333332222222,0.7,0.7,0.187499999999688,0.187499999999688,5.5624999999873,5.5624999999873,5.749999999986988,5.749999999986988,2.3333333325555556,2.3333333325555556,2.999999997,2.999999997,0.0,0.0,-0.2179831957183599,-0.2179831957183599,4.629213483094054,4.629213483094054,0.0,38.0625,38.0625,37.5625,37.5625,303.0625,303.0625,27.375,27.375,65.4375,65.4375,0.5816618911174785,0.5816618911174785,2.9375,2.9375,268.1875,268.1875,25.180013689253936,260.0,5.560681631015528,3,16.0,2.0124999999999997,0.375,1.095375544404226,0.98926885733899
2015,Denard Robinson,RB,154.2,17.2,JAX,00-0030547,11,6.1,2013,2,vet,True,58,10,7.491790151433535,-1.3917901514335351,2,1.8,5.887545787545787,13.0,13.333333333333334,0.8333333333333334,0.8125,0.84375,4.7875,1.0,8.552747252747253,5.887545787545787,8.738461538461538,1.6135531135531134,2.3846153846153846,1.1794871794871795,1.7692307692307692,7.399267399267399,10.384615384615383,9.012820512820513,12.76923076923077,6.358974358974359,9.538461538461538,31.417582417582413,44.76923076923077,-4.324175824175824,-6.3076923076923075,0.0379417113593643,0.056057866184347,-0.014009021416706,-0.0203726708074483,0.2676366843026098,0.3749999999989583,0.0471062520473522,0.0698259297113067,-3.4301075251581685,-2.6451612902372528,3.594202898394455,5.391304347591682,0.4946236558980229,0.7419354838470343,0.0,0.0,1.3124999999976286,1.9374999999964964,6.041666666649939,8.437499999976563,7.354166666647568,10.37499999997306,2.666666666580645,3.999999999870968,5.826086956268431,8.739130434402647,0.0,0.0,-0.260820805662226,-0.1132877636345119,3.974074073997785,4.311111111079177,0.0,34.8125,34.8125,34.5625,34.5625,251.5625,251.5625,22.5,22.5,57.3125,57.3125,0.6074154852780806,0.6074154852780806,1.5,1.5,215.6875,215.6875,24.94182067077344,135.0,4.90527477843843,2,16.0,4.19375,0.6875,1.1013130541031073,0.99693299655919
2015,Andre Williams,RB,154.8,16.5,NYG,00-0031055,16,2.2125,2014,1,soph,True,59,10,7.491790151433535,-5.2792901514335355,1,1.0,9.06875,16.0,16.0,1.0,1.0,1.0,9.06875,1.0,0.0,9.06875,9.06875,2.3125,2.3125,1.125,1.125,13.5625,13.5625,15.875,15.875,8.125,8.125,45.0625,45.0625,-1.375,-1.375,0.061769616026608,0.061769616026608,-0.004410585404971,-0.004410585404971,0.4832962138073868,0.4832962138073868,0.0895670142564323,0.0895670142564323,-0.5945945945785245,-0.5945945945785245,7.222222221820988,7.222222221820988,0.4864864864733382,0.4864864864733382,0.0,0.0,2.3124999999961395,2.3124999999961395,13.562499999969791,13.562499999969791,15.874999999965931,15.874999999965931,3.513513513418554,3.513513513418554,8.166666666212963,8.166666666212963,0.0,0.0,-0.1762101336616302,-0.1762101336616302,3.322580645145979,3.322580645145979,0.0,37.9375,37.9375,37.4375,37.4375,311.75,311.75,28.0625,28.0625,66.0,66.0,0.5748106060606061,0.5748106060606061,2.6875,2.6875,279.375,279.375,23.00889801505818,113.0,4.727387818712341,1,16.0,2.2125,1.0,1.072022642617328,1.069705156055415
2015,James Starks,RB,156.5,12.8,GB,00-0027791,16,10.39375,2010,5,vet,True,60,10,7.491790151433535,2.9019598485664657,5,2.8181818181818183,6.214203001299776,14.0,12.290322580645162,0.7681451612903226,0.875,0.6125,4.77258064516129,1.0,-1.5708791208791215,6.214203001299776,5.521428571428571,1.6828547796289737,2.0714285714285716,1.1135531135531138,1.2857142857142858,7.399149237858915,6.071428571428571,9.082004017487886,8.142857142857142,8.82795698924731,10.0,31.50147701760605,23.785714285714285,3.2272243885147107,8.214285714285714,0.0403284105413922,0.0546139359697653,0.0112852316749934,0.0267566309911524,0.1959943714884737,0.1954022988501255,0.0683922779845837,0.1006505456484547,1.2274576279129497,3.965517241242568,8.03358052072694,7.777777777345679,0.6715843506261734,0.6206896551510107,0.6492753623188406,1.2173913043478262,1.3508064516103828,1.8124999999965867,5.344758064503879,5.3124999999877875,6.6955645161142625,7.124999999984374,5.422675884204642,4.827586206730083,8.420368309538565,6.7222222218487655,0.0198511166237831,0.0,0.0388016381618388,-0.0778000983945875,4.307665961555577,3.917647058777439,0.0,33.5,33.5,33.1875,33.1875,268.625,268.625,27.1875,27.1875,60.6875,60.6875,0.5520082389289392,0.5520082389289392,3.25,3.25,277.9375,277.9375,29.51403148528405,193.0,5.262690188904886,5,16.0,10.39375,1.0,0.7786782709880583,0.9048548868027271
2015,Khiry Robinson,RB,156.8,14.3,NO,00-0030348,8,8.8125,2013,2,vet,True,61,10,7.491790151433535,1.320709848566465,2,1.8,5.872592592592593,9.0,9.333333333333334,0.5833333333333334,0.5625,0.59375,3.3625000000000003,1.0,4.548888888888889,5.872592592592593,7.388888888888889,0.8148148148148149,1.2222222222222223,0.5925925925925926,0.8888888888888888,7.4296296296296305,8.444444444444445,8.244444444444445,9.666666666666666,4.666666666666667,7.0,34.28148148148148,40.22222222222222,-1.6296296296296298,-2.4444444444444446,0.0112994350282311,0.0169491525423467,-0.0029123643102986,-0.0043685464654479,0.170830551110574,0.1871921182261399,0.0149104975251377,0.0223657462877066,-1.333333333212121,-1.999999999818182,5.24999999934375,7.874999999015625,0.4848484848044077,0.7272727272066115,0.0,0.0,0.4583333333326271,0.6874999999989407,4.29166666665599,4.749999999988301,4.749999999988617,5.437499999987241,3.8181818178347102,5.727272726752066,7.166666665770833,10.74999999865625,0.0,0.0,0.0834517795851813,0.125177669377772,4.558154645806557,4.763157894674169,0.0,41.1875,41.1875,40.5625,40.5625,314.75,314.75,25.375,25.375,66.5625,66.5625,0.6187793427230047,0.6187793427230047,3.0625,3.0625,309.5,309.5,25.675564681724847,260.0,5.560681631015528,2,16.0,4.40625,0.5,1.0771657986549272,0.9741839148308216
2016,David Johnson,RB,3.4,1.5,ARI,00-0032187,16,25.4875,2015,1,soph,True,1,1,19.40125646412411,6.086243535875891,1,1.0,13.6125,16.0,16.0,1.0,1.0,1.0,13.6125,1.0,0.0,13.6125,13.6125,3.5625,3.5625,2.25,2.25,7.8125,7.8125,11.375,11.375,28.5625,28.5625,36.3125,36.3125,16.8125,16.8125,0.1036363636361752,0.1036363636361752,0.0446843853820523,0.0446843853820523,0.2765486725657599,0.2765486725657599,0.1867336152216994,0.1867336152216994,4.719298245531241,4.719298245531241,12.694444444091822,12.694444444091822,0.6315789473573408,0.6315789473573408,1.6988847583643123,1.6988847583643123,3.5624999999935225,3.5624999999935225,7.812499999982717,7.812499999982717,11.37499999997624,11.37499999997624,8.017543859508464,8.017543859508464,9.638888888621144,9.638888888621144,0.07017543859526,0.07017543859526,0.2150707228280225,0.2150707228280225,4.647999999962816,4.647999999962816,0.0,35.125,35.125,34.375,34.375,376.25,376.25,28.25,28.25,63.375,63.375,0.5542406311637081,0.5542406311637081,3.1875,3.1875,298.4375,298.4375,24.711841204654345,86.0,4.454347296253507,1,16.0,25.4875,1.0,1.1052553377260128,1.00472842322993
2016,Todd Gurley,RB,6.3,1.8,LA,00-0032241,16,12.3875,2015,1,soph,True,2,1,18.25,-5.862500000000001,1,1.0,16.03076923076923,13.0,13.0,0.8125,0.8125,0.8125,13.025,1.0,0.0,16.03076923076923,16.03076923076923,2.0,2.0,1.6153846153846154,1.6153846153846154,17.615384615384617,17.615384615384617,19.615384615384617,19.615384615384617,14.461538461538462,14.461538461538462,85.07692307692308,85.07692307692308,-1.2307692307692308,-1.2307692307692308,0.0555555555554368,0.0555555555554368,-0.0042149631190715,-0.0042149631190715,0.5337995337982895,0.5337995337982895,0.0803828591498051,0.0803828591498051,-0.6153846153609468,-0.6153846153609468,8.952380951954648,8.952380951954648,0.8076923076612426,0.8076923076612426,0.0,0.0,1.624999999996528,1.624999999996528,14.312499999966636,14.312499999966636,15.937499999963164,15.937499999963164,7.230769230491124,7.230769230491124,9.619047618589567,9.619047618589567,0.0,0.0,0.0635309965546935,0.0635309965546935,4.8296943231230145,4.8296943231230145,0.0,29.5625,29.5625,29.25,29.25,237.25,237.25,26.8125,26.8125,56.375,56.375,0.524390243902439,0.524390243902439,1.6875,1.6875,183.1875,183.1875,22.080766598220396,10.0,2.302585092994046,1,16.0,12.3875,1.0,1.0080824838545477,1.0983379062665735
2016,Ezekiel Elliott,RB,8.3,2.0,DAL,00-0033045,15,21.69333333333333,2016,0,rookie,True,3,1,16.783941579810566,4.909391753522765,0,,,,,,,,,,,,,,,,,,,,,,,,,,,,,,,,,,,,,,,,,,,,,,,,,,,,,,,,,,,,,,,,,,,,,,,,,,,,21.114305270362767,4.0,1.3862943611198906,0,16.0,20.3375,0.9375,0.9210546026671775,1.0121261068399212
2016,Lamar Miller,RB,9.8,2.2,HOU,00-0029615,14,13.65,2012,4,vet,True,4,1,16.783941579810566,-3.133941579810566,4,2.6470588235294117,12.826574074074074,16.0,15.533333333333331,0.9708333333333332,1.0,0.890625,12.692083333333334,1.0,0.40625,12.826574074074074,14.49375,3.125,3.5625,2.461111111111111,2.9375,11.919444444444446,12.125,15.044444444444444,15.6875,19.566666666666663,24.8125,55.14351851851852,54.5,1.525925925925926,-0.1875,0.0849258311927918,0.098106712564375,0.0050705124345915,-0.0005907837731389,0.520485145284212,0.5639534883704537,0.1309381054934018,0.1467465202053653,0.5293575819778351,-0.052631578946445,7.806583971941975,8.44680851045858,0.7781299402159725,0.824561403494306,1.2,0.0,3.095833333328025,3.5624999999938685,11.754166666634138,12.124999999964754,14.84999999996216,15.687499999958622,6.105828674101898,6.964912280579563,7.872020749928475,9.085106382785424,0.0238416554201758,0.03508771929763,0.0122770854216639,0.209473394461921,4.614924997158054,4.494845360801573,1.0,38.6875,36.75,38.375,36.3125,369.6875,317.375,29.5,21.5,68.1875,58.25,0.5673693858845096,0.630901287553648,2.25,2.1875,254.9375,264.4375,25.35523613963039,97.0,4.574710978503383,4,16.0,11.94375,0.875,1.0898377686206115,0.9838312060429472
2016,Adrian Peterson,RB,10.7,2.6,MIN,00-0025394,3,3.0,2007,9,vet,False,5,2,16.783941579810566,-13.783941579810566,9,2.9883040935672516,15.518987512813345,16.0,11.847358121330725,0.7404598825831703,1.0,0.8333333333333334,12.447786203522504,1.0,4.993749999999999,15.518987512813345,16.29375,2.5762044543844933,2.25,1.969674308079396,1.875,20.47151709999068,20.4375,23.047721554375176,22.6875,14.838908303047246,13.875,89.99939194856023,92.8125,-1.56617742987606,-0.6875,0.062008805609707,0.081264108351961,0.0001174842852574,-0.0034591194968542,0.5193523684633349,0.6898734177200636,0.0930954474142407,0.1194747788801435,-0.5689341688347082,-0.3055555555470679,7.560236414105636,7.399999999753334,119373777.67409782,0.8333333333101852,0.5958005249343833,0.0,1.8087084148689228,2.249999999994921,15.069716242628989,20.437499999956884,16.878424657497913,22.687499999951804,1013698635.8870364,6.166666666495371,8.28936867688748,8.633333333045556,1956947.1684600844,0.0,55744323.66539921,0.0114560993966283,4.397616853437116,4.541284403655837,0.0,28.375,28.375,27.6875,27.6875,198.75,198.75,29.625,29.625,58.0,58.0,0.4892241379310345,0.4892241379310345,2.0,2.0,202.875,202.875,31.449691991786448,7.0,1.9459101490553132,9,16.0,0.5625,0.1875,0.6413342419090685,0.9044256645065932
2016,LeVeon Bell,RB,12.3,2.9,PIT,00-0030496,12,26.45,2013,3,vet,True,6,2,16.783941579810566,9.666058420189431,3,2.3333333333333335,19.590064102564103,6.0,9.857142857142858,0.6160714285714286,0.375,0.7291666666666666,12.524107142857144,1.0,-4.622916666666665,19.590064102564103,18.533333333333335,5.076465201465202,4.333333333333333,4.262362637362637,4.0,18.62179487179487,18.833333333333332,23.69826007326007,23.166666666666668,32.586996336996336,22.666666666666668,86.70650183150182,92.66666666666669,3.005494505494506,0.0,0.0916413523366646,0.0445205479451292,0.0087441659524778,0.0,0.450770883733849,0.2912371134013112,0.1435829446717315,0.0667808219176938,0.5059987631356074,0.0,7.444520940707995,5.666666666430555,0.8507254649872651,0.92307692304142,3.0,,3.3928571428514154,1.6249999999972176,11.39285714282897,7.062499999981798,14.785714285680386,8.687499999979016,6.176456876306697,5.230769230568047,7.480378657285087,5.791666666425347,0.0081632653060447,0.0,0.0644774308791051,-0.1007091677425064,4.656030427066958,4.920353982257342,0.0,36.875,36.875,36.5,36.5,367.125,367.125,24.25,24.25,61.125,61.125,0.6032719836400818,0.6032719836400818,2.625,2.625,301.375,301.375,24.536618754277892,48.0,3.871201010907891,3,16.0,19.8375,0.75,1.107045252911009,1.0109801768185878
2016,Devonta Freeman,RB,19.2,3.4,ATL,00-0031285,16,17.75625,2014,2,vet,True,7,2,15.48991409805029,2.266335901949711,2,1.8,15.88097222222222,15.0,15.333333333333334,0.9583333333333334,0.9375,0.96875,15.002083333333331,1.0,15.63708333333333,15.88097222222222,21.09333333333333,5.081944444444445,6.466666666666667,3.869444444444444,4.866666666666666,13.131944444444445,17.666666666666668,18.21388888888889,24.133333333333333,30.376388888888886,38.53333333333333,52.1,70.4,14.605555555555556,19.533333333333335,0.124604894495247,0.1572123176658716,0.0460634280887875,0.0612970711296942,0.4788786482323288,0.6309523809508787,0.2191517414050217,0.2787264262895934,2.6984303891127737,3.0206185566698904,7.778538812629745,7.917808219069618,0.7719884833162126,0.7525773195798703,2.30197293575235,1.9726962457337884,4.8124999999922125,6.062499999990175,12.395833333303402,16.562499999960565,17.208333333295617,22.624999999950735,5.999535617996581,5.958762886536507,5.879756468679933,5.9863013697810095,0.0296275657095838,0.0309278350512275,0.0716491448966473,0.0995654183214367,3.9283986453501862,3.984905660362321,0.0,38.8125,38.8125,38.5625,38.5625,298.75,298.75,26.25,26.25,65.0625,65.0625,0.5965417867435159,0.5965417867435159,2.125,2.125,287.625,287.625,24.465434633812457,103.0,4.634728988229636,2,16.0,17.75625,1.0,1.107461288314607,1.0136042261792153
2016,Jamaal Charles,RB,19.4,3.7,KC,00-0026213,2,6.699999999999999,2008,8,vet,False,8,2,15.48991409805029,-8.789914098050291,8,2.9766536964980546,19.148086601307188,5.0,9.654901960784311,0.6034313725490196,0.3125,0.78125,11.453259803921569,1.0,3.5266666666666637,19.148086601307188,20.22,5.243398692810457,6.0,3.6504738562091505,4.2,14.388578431372547,14.2,19.63197712418301,20.2,30.183529411764702,35.4,73.92495098039215,72.8,-0.6337908496732026,-3.2,0.0972884410671778,0.0647948164145468,5.878397779706352e-05,-0.0051579626047694,0.3255050660586291,0.1628440366968742,0.1459738103852247,0.0935816507984817,-0.1351891243286773,-0.5333333333155555,8.039478161340236,8.428571428170068,105882353.63569684,0.6999999999766666,0.4549679357090672,0.0,2.9725490196017623,1.87499999999595,8.966421568607107,4.437499999989822,11.93897058820887,6.312499999985772,1066666672.2141788,5.899999999803334,8.716627243174354,9.76190476143991,3921568.681310285,0.0333333333322222,12600581.045025434,0.0162963757313935,5.171956753415998,5.126760563308074,0.0,29.5625,29.5625,28.9375,28.9375,193.875,193.875,27.25,27.25,56.8125,56.8125,0.5203520352035204,0.5203520352035204,2.4375,2.4375,218.3125,218.3125,29.68104038329911,73.0,4.290459441148391,8,16.0,0.8374999999999999,0.125,0.7657867118186908,0.9048638652022701
2016,LeSean McCoy,RB,22.0,3.3,BUF,00-0027029,15,19.886666666666667,2009,7,vet,True,9,2,14.434106455309395,5.452560211357271,7,2.953488372093023,15.37354002624672,12.0,13.68503937007874,0.8553149606299213,0.75,0.9107142857142856,13.173277559055116,1.0,2.429166666666666,15.37354002624672,14.891666666666666,3.804494750656168,4.166666666666667,2.6800524934383203,2.6666666666666665,17.827460629921262,16.916666666666668,21.631955380577427,21.083333333333332,22.34002624671916,24.333333333333332,79.6158464566929,74.58333333333333,1.9521653543307087,7.416666666666667,0.1005403629335957,0.1082251082248739,0.0044888216985197,0.018824027072754,0.506375249245413,0.3988212180738726,0.1539527195893574,0.1755144812882388,0.4000479896313984,1.7799999999644,8.12108470392153,9.124999999714843,0.7076156863358932,0.6399999999872,1.5118110236220472,3.0,3.1766732283401726,3.124999999993236,15.38435039366914,12.687499999975074,18.561023622009312,15.81249999996831,5.7017149023093046,5.839999999883201,8.588767189111879,8.937499999720703,0.0286343814415686,0.0399999999992,0.0210179199085518,0.0594563889864727,4.461880602286534,4.408866995052174,0.0,29.0625,29.0625,28.875,28.875,295.5,295.5,31.8125,31.8125,60.875,60.875,0.4774127310061601,0.4774127310061601,2.625,2.625,225.0,225.0,28.139630390143736,53.0,3.970291913552122,7,16.0,18.64375,0.9375,0.8933533110346547,0.9107357298313545
2016,Eddie Lacy,RB,24.0,3.8,GB,00-0030485,5,8.559999999999999,2013,3,vet,True,10,3,14.434106455309395,-5.874106455309397,3,2.3333333333333335,12.533571428571433,15.0,15.285714285714286,0.9553571428571428,0.9375,0.9583333333333334,12.054464285714284,1.0,-7.664166666666668,12.533571428571433,9.373333333333331,2.4678571428571425,1.8666666666666667,1.8452380952380951,1.3333333333333333,14.221428571428572,12.466666666666669,16.689285714285713,14.333333333333334,17.234523809523807,12.533333333333331,60.4345238095238,50.53333333333333,-1.5654761904761902,-1.2666666666666666,0.0692379538035992,0.0495575221238061,-0.0053783341231528,-0.0041412380122048,0.495052456638319,0.4288990825678236,0.1000920968191918,0.0714374165771657,-0.6630797773456928,-0.6785714285471939,9.325170067659508,9.39999999953,0.7399814471031775,0.714285714260204,0.0,0.0,2.374999999995673,1.7499999999969027,13.607142857111915,11.687499999973197,15.98214285710759,13.437499999970097,6.8893320962786335,6.714285714045919,10.28979591795694,10.6499999994675,0.0615955473079974,0.0714285714260204,0.2248412039220328,0.2064480936251458,4.231707666963748,4.053475935807201,0.0,35.8125,35.8125,35.3125,35.3125,286.75,286.75,27.25,27.25,63.0625,63.0625,0.5678889990089198,0.5678889990089198,2.4375,2.4375,239.0625,239.0625,26.250513347022583,61.0,4.110873864173311,3,16.0,2.675,0.3125,1.0464802090402907,0.95719890292407
2016,Mark Ingram II,RB,25.5,3.8,NO,00-0027966,16,15.1375,2011,5,vet,True,11,3,14.434106455309395,0.7033935446906039,5,2.8181818181818183,13.980521655763592,12.0,12.32258064516129,0.7701612903225806,0.75,0.775,10.738306451612903,1.0,2.188461538461537,13.980521655763592,16.95,3.506575682382134,5.0,2.8680088728475828,4.166666666666667,13.57012557335138,13.833333333333334,17.07670125573351,18.833333333333332,21.360743288969093,33.75,60.75412061057222,64.08333333333333,-0.496505376344086,-0.1666666666666666,0.0648476688164742,0.0904977375564246,-0.0012034580252887,-0.0003848374061958,0.4216010635977638,0.4181360201500803,0.0964290826070093,0.1354772201502998,-0.2741659773737616,-0.0333333333327777,7.171149280455294,8.099999999838001,0.7861092312441432,0.8333333333194445,0.0,0.0,2.6713709677378827,3.749999999994344,10.508064516102683,10.374999999973866,13.179435483840566,14.12499999996821,5.622192144585848,6.749999999887501,7.9010194102892255,9.199999999816,0.0,0.0,-0.1493276180210951,-0.0625418259292736,4.507256070335233,4.632530120454021,0.0,41.6875,41.6875,41.4375,41.4375,324.8125,324.8125,24.8125,24.8125,66.5,66.5,0.6268796992481203,0.6268796992481203,3.0,3.0,325.3125,325.3125,26.69678302532512,28.0,3.332204510175204,5,16.0,15.1375,1.0,1.0159321007758726,0.9439815284233987
2016,Doug Martin,RB,30.8,3.9,TB,00-0029613,8,10.6875,2012,4,vet,True,12,3,13.416324058711414,-2.728824058711414,4,2.6470588235294117,12.560454545454546,16.0,13.333333333333334,0.8333333333333334,1.0,0.765625,10.973333333333334,1.0,7.173295454545456,12.560454545454546,14.51875,2.7765151515151514,2.75,1.8859848484848485,2.0625,16.999873737373736,18.0,19.776388888888892,20.75,14.01818181818182,16.9375,74.90075757575757,87.625,5.701641414141415,5.6875,0.0697219644733898,0.0838095238093641,0.0131241375397097,0.0171181339352864,0.5302492459526725,0.6329670329656418,0.1137698429878815,0.1376969794687468,1.7327128426644065,2.068181818134814,7.068128696392202,8.212121211872361,0.6866666666454647,0.7499999999829546,1.8705213789325936,2.978021978021978,2.291666666662309,2.749999999994762,14.220833333300194,17.99999999996044,16.512499999962504,20.749999999955204,4.954372294233273,6.1590909089509305,6.252171637608501,6.99999999978788,0.0130735930733039,0.0227272727267562,-0.0725288082763752,0.070266143873353,4.361987279563801,4.868055555538652,0.0,33.4375,33.4375,32.8125,32.8125,332.25,332.25,28.4375,28.4375,61.875,61.875,0.5404040404040404,0.5404040404040404,2.125,2.125,252.625,252.625,27.633127994524298,31.0,3.4339872044851463,4,16.0,5.34375,0.5,0.9384177221612612,0.9194643254460344
2016,CJ Anderson,RB,33.2,3.5,DEN,00-0029854,7,14.642857142857142,2013,3,vet,True,13,3,13.416324058711414,1.2265330841457285,3,2.3333333333333335,9.9665306122449,15.0,12.857142857142858,0.8035714285714286,0.9375,0.6458333333333334,8.85357142857143,1.0,-5.6728571428571435,9.9665306122449,9.42,2.340816326530612,2.4,1.6462585034013606,1.6666666666666667,9.943537414965986,10.133333333333333,12.2843537414966,12.533333333333331,13.583673469387756,12.2,47.46938775510204,48.0,3.973469387755102,3.4,0.0551200164424516,0.0596026490065238,0.0099960106209665,0.009240804493566,0.3289470753430982,0.369829683697397,0.0896772320983539,0.0958725366552819,2.056277055528182,1.4166666666273149,6.905546218240002,7.3199999997072,0.617604617588577,0.6944444444251544,2.5714285714285716,3.0,2.0803571428536975,2.249999999996275,8.68749999997944,9.499999999976886,10.767857142833138,11.74999999997316,5.0086580085295065,5.08333333319213,5.767058823323731,5.9599999997616,0.0129870129867178,0.0,-0.1399099755370761,-0.2794918104969697,4.83742476688914,4.736842105231995,0.0,37.875,37.875,37.75,37.75,344.9375,344.9375,25.6875,25.6875,63.5625,63.5625,0.5958702064896755,0.5958702064896755,2.0,2.0,263.5,263.5,25.557837097878167,260.0,5.560681631015528,3,16.0,6.40625,0.4375,1.0822016599549058,0.9776968536517127
2016,Latavius Murray,RB,35.8,3.9,LV,00-0030513,14,14.87142857142857,2013,3,vet,True,14,3,13.416324058711414,1.4551045127171562,2,1.8,10.730769230769232,16.0,15.0,0.9375,1.0,0.90625,10.31875,1.0,6.207692307692306,10.730769230769232,12.8,2.7980769230769234,3.3125,2.144230769230769,2.5625,13.185897435897436,16.625,15.98397435897436,19.9375,13.333333333333334,14.5,55.28846153846154,66.625,-0.032051282051282,-0.625,0.0711764721693143,0.0881863560730645,-0.0003998902423436,-0.0021177467174921,0.5603870933232428,0.7189189189169759,0.106484785084331,0.1307971114073524,0.091605140818735,-0.1886792452794589,6.576279291947742,5.658536585227841,0.7621000820140118,0.7735849056457814,1.0,0.0,2.687499999995552,3.312499999994489,12.791666666631643,16.62499999995507,15.479166666627195,19.93749999994956,4.990702761681465,4.377358490483446,6.934959349321051,5.9024390242462825,0.0,0.0,-0.1960117300098756,-0.2410315754508836,4.395256433736282,4.007518796977416,0.0,37.8125,37.8125,37.5625,37.5625,295.125,295.125,23.125,23.125,60.9375,60.9375,0.6205128205128205,0.6205128205128205,2.5625,2.5625,258.0625,258.0625,26.62012320328542,181.0,5.198497031265826,3,16.0,13.0125,0.875,1.0215580586516844,0.946246668766337
2016,DeMarco Murray,RB,40.3,4.7,TEN,00-0028009,16,18.3625,2011,5,vet,True,15,4,13.006055194805196,5.356444805194805,5,2.8181818181818183,15.693450313127734,15.0,14.741935483870968,0.9213709677419356,0.9375,0.85,14.577419354838709,1.0,-9.650416666666668,15.693450313127734,12.293333333333331,3.8908424908424903,3.6666666666666665,3.2121351766513055,2.933333333333333,16.40909842845327,12.866666666666667,20.299940919295757,16.533333333333335,23.08850289495451,21.466666666666665,70.7479262672811,46.8,-2.7698215762731895,-3.066666666666667,0.1017252675635372,0.0887096774192117,-0.010235019520103,-0.0108311749470188,0.5500641953855551,0.4366515837094193,0.1454233876812337,0.1254826936659044,-0.7453986873210643,-0.8363636363484298,7.2023640973957015,7.318181818015496,0.8240853232642384,0.7999999999854546,0.5806451612903226,0.0,3.578629032251707,3.437499999994456,15.278225806417236,12.06249999997271,18.85685483866894,15.499999999967166,5.937606479436448,5.854545454439009,8.38825899498953,8.704545454347624,0.0113391984357723,0.0181818181814876,0.0730904944229615,0.1238933672687922,4.200615610500351,3.637305699463019,1.0,34.4375,38.9375,33.9375,38.75,303.3125,265.4375,23.1875,27.625,57.625,66.5625,0.5976138828633406,0.5849765258215962,2.1875,2.375,243.3125,271.3125,28.553045859000683,71.0,4.2626798770413155,5,16.0,18.3625,1.0,0.8572024577920329,0.9066391069020598
2016,Thomas Rawls,RB,41.0,5.1,SEA,00-0031897,9,8.38888888888889,2015,1,soph,True,16,4,12.035856922066072,-3.646968033177183,1,1.0,10.633333333333333,12.0,12.0,0.75,0.75,0.75,7.975,1.0,0.0,10.633333333333333,10.633333333333333,0.9166666666666666,0.9166666666666666,0.75,0.75,12.25,12.25,13.166666666666666,13.166666666666666,6.333333333333333,6.333333333333333,69.16666666666667,69.16666666666667,-0.8333333333333334,-0.8333333333333334,0.0233050847457133,0.0233050847457133,-0.0024473813020062,-0.0024473813020062,0.293999999999412,0.293999999999412,0.0332444602071656,0.0332444602071656,-0.9090909090082644,-0.9090909090082644,8.444444443506173,8.444444443506173,0.8181818181074381,0.8181818181074381,0.0,0.0,0.6874999999985435,0.6874999999985435,9.187499999981624,9.187499999981624,9.874999999980169,9.874999999980169,6.90909090846281,6.90909090846281,8.444444443506173,8.444444443506173,0.0909090909008264,0.0909090909008264,0.2629056315185593,0.2629056315185593,5.646258503362951,5.646258503362951,0.0,30.5625,30.5625,29.5,29.5,255.375,255.375,31.25,31.25,61.8125,61.8125,0.4944388270980788,0.4944388270980788,2.75,2.75,253.8125,253.8125,23.080082135523615,260.0,5.560681631015528,1,16.0,4.71875,0.5625,1.0757689340022705,1.0672029519315498
2016,Matt Forte,RB,43.1,5.2,NYJ,00-0026184,14,13.114285714285714,2008,8,vet,True,17,4,12.035856922066072,1.0784287922196416,8,2.9766536964980546,18.31620123177476,13.0,14.305882352941175,0.8941176470588236,0.8125,0.9375,16.55968137254902,1.0,-5.147115384615386,18.31620123177476,16.515384615384615,5.569582704876823,4.461538461538462,4.292963800904978,3.3846153846153846,16.86084590246355,16.76923076923077,22.430428607340367,21.23076923076923,35.94259678230266,29.923076923076923,70.44611236802413,69.07692307692308,7.313572146807441,8.615384615384615,0.1467674960164502,0.1117533718687634,0.0229192464858297,0.0260041792430865,0.5759710113479538,0.4658119658109705,0.2361947165647562,0.1858329832733058,1.4969058226595129,1.9310344827253272,8.476444612600739,8.840909090708163,250980392.91849,0.7586206896420928,2.9241326196299937,3.0,5.084313725481024,3.6249999999930154,15.085049019571846,13.624999999970887,20.16936274505287,17.249999999963904,1898039222.1375144,6.706896551608502,7.715200120871485,7.977272727091426,15686274.549625708,0.0517241379301426,129053084.06665032,0.0862626890016645,4.173711208886072,4.119266055026976,1.0,37.75,32.6875,37.625,32.4375,346.5,269.1875,28.0,29.25,65.75,61.9375,0.5741444866920152,0.5277497477295661,2.75,2.125,260.625,240.1875,30.72689938398357,44.0,3.784189633918261,8,16.0,11.475,0.875,0.6896806916715432,0.9047554773876513
2016,Carlos Hyde,RB,45.7,5.4,SF,00-0031045,13,14.776923076923076,2014,2,vet,True,18,4,12.035856922066072,2.7410661548570037,2,1.8,9.507142857142858,7.0,9.333333333333334,0.5833333333333334,0.4375,0.65625,4.9312499999999995,1.0,6.321428571428571,9.507142857142858,11.614285714285714,1.8095238095238095,2.142857142857143,1.3333333333333333,1.5714285714285714,12.928571428571429,16.428571428571427,14.73809523809524,18.571428571428573,6.666666666666667,7.571428571428571,52.69047619047618,67.14285714285714,1.0714285714285714,1.4285714285714286,0.0300669027941164,0.0285714285713741,0.0020683844883676,0.0025720164609046,0.2554464448075176,0.2948717948710388,0.046548223333032,0.0446575543796945,0.5486111110749711,0.6666666666222222,5.101010100560683,4.818181817743802,0.7388888888406712,0.7333333332844444,3.0,3.0,0.958333333331454,0.9374999999982142,6.520833333317369,7.187499999981571,7.479166666648823,8.124999999979785,3.772222221976643,3.5333333330977776,5.502525252038701,5.545454544950413,0.0,0.0,-0.1945058634585687,-0.1498330286977401,4.0619870787099766,4.086956521703591,0.0,32.875,32.875,32.8125,32.8125,243.0,243.0,24.375,24.375,57.25,57.25,0.574235807860262,0.574235807860262,1.4375,1.4375,227.875,227.875,25.949349760438057,57.0,4.04305126783455,2,16.0,12.00625,0.8125,1.0638117118448271,0.9660834591786538
2016,Jeremy Langford,RB,47.1,5.0,CHI,00-0031569,10,7.090000000000001,2015,1,soph,True,19,4,12.035856922066072,-4.9458569220660715,1,1.0,9.84,15.0,15.0,0.9375,0.9375,0.9375,9.225,1.0,0.0,9.84,9.84,2.8,2.8,1.4666666666666666,1.4666666666666666,9.866666666666667,9.866666666666667,12.666666666666666,12.666666666666666,18.6,18.6,35.8,35.8,13.8,13.8,0.0809248554911735,0.0809248554911735,0.0480612955653475,0.0480612955653475,0.3162393162386405,0.3162393162386405,0.1550301901325036,0.1550301901325036,4.928571428454082,4.928571428454082,12.681818181241736,12.681818181241736,0.5238095237970521,0.5238095237970521,1.3478260869565215,1.3478260869565215,2.624999999994942,2.624999999994942,9.249999999980236,9.249999999980236,11.874999999975175,11.874999999975175,6.64285714269898,6.64285714269898,10.36363636316529,10.36363636316529,0.0238095238089569,0.0238095238089569,0.0157980342167759,0.0157980342167759,3.6283783783538626,3.6283783783538626,0.0,32.6875,32.6875,32.4375,32.4375,269.1875,269.1875,29.25,29.25,61.9375,61.9375,0.5277497477295661,0.5277497477295661,2.125,2.125,240.1875,240.1875,24.739219712525667,106.0,4.663439094112067,1,16.0,4.43125,0.625,1.1048797697594273,1.0037768666086746
2016,Jeremy Hill,RB,49.1,5.0,CIN,00-0031301,15,11.753333333333334,2014,2,vet,True,20,4,11.36028003858886,0.3930532947444725,2,1.8,11.489583333333334,16.0,16.0,1.0,1.0,1.0,11.489583333333334,1.0,-2.5374999999999996,11.489583333333334,10.64375,1.4583333333333333,1.1875,1.1875,0.9375,13.916666666666666,13.9375,15.375,15.125,7.770833333333333,4.9375,56.5,49.625,-0.375,-0.1875,0.0472254662923078,0.0383838383837608,-0.001495312253592,-0.0006849315068491,0.4687505440355022,0.4775160599561509,0.0697914808609473,0.0570963055208468,-0.2302631578852904,-0.157894736833795,6.16543209843305,5.2666666663155555,0.8075657894371945,0.7894736841689751,0.0,0.0,1.4583333333303816,1.187499999997601,13.91666666663737,13.937499999970155,15.37499999996775,15.124999999967756,5.011513157678859,4.157894736623269,6.5950617280362325,5.799999999613333,0.0350877192963988,0.0526315789445983,0.1020155779749744,0.1135980521550802,4.061379765397394,3.560538116575962,0.0,31.5625,31.5625,30.9375,30.9375,273.75,273.75,29.1875,29.1875,60.75,60.75,0.5195473251028807,0.5195473251028807,3.0625,3.0625,256.5,256.5,23.86584531143053,55.0,4.007333185232471,2,16.0,11.01875,0.9375,1.1034034311353518,1.0371076513587767
2016,Melvin Gordon III,RB,53.7,5.2,LAC,00-0032144,13,19.276923076923076,2015,1,soph,True,21,4,11.36028003858886,7.916643038334215,1,1.0,7.735714285714286,14.0,14.0,0.875,0.875,0.875,6.76875,1.0,0.0,7.735714285714286,7.735714285714286,2.642857142857143,2.642857142857143,2.357142857142857,2.357142857142857,13.142857142857142,13.142857142857142,15.785714285714286,15.785714285714286,13.714285714285714,13.714285714285714,45.785714285714285,45.785714285714285,-3.7142857142857144,-3.7142857142857144,0.0561456752654686,0.0561456752654686,-0.0108243130724373,-0.0108243130724373,0.4681933842227272,0.4681933842227272,0.0766414937474968,0.0766414937474968,-1.4054054053674216,-1.4054054053674216,5.8181818180055105,5.8181818180055105,0.8918918918677868,0.8918918918677868,0.0,0.0,2.312499999996491,2.312499999996491,11.499999999970738,11.499999999970738,13.81249999996723,13.81249999996723,5.189189189048942,5.189189189048942,7.75757575734068,7.75757575734068,0.0,0.0,0.0405079495588167,0.0405079495588167,3.48369565215498,3.48369565215498,0.0,41.6875,41.6875,41.1875,41.1875,300.25,300.25,24.5625,24.5625,66.25,66.25,0.629245283018868,0.629245283018868,2.125,2.125,303.4375,303.4375,23.38672142368241,15.0,2.70805020110221,1,16.0,15.6625,0.8125,1.0896615292583423,1.055968288562861
2016,Danny Woodhead,RB,53.7,5.6,LAC,00-0026019,2,13.55,2008,8,vet,False,22,4,11.36028003858886,2.1897199614111393,7,2.953488372093023,11.458530183727037,16.0,12.543307086614174,0.7839566929133859,1.0,0.7767857142857143,10.549360236220473,1.0,11.127083333333331,11.458530183727037,15.19375,4.885564304461942,6.625,3.788526434195725,5.0,5.780652418447694,6.125,10.666216722909637,12.75,34.097337832770904,47.1875,19.79955005624297,21.0,5.694638170228721,4.9375,0.1122436845588555,0.1608497723821535,0.016827924607862,0.0164446294754337,0.1790706782262271,0.2493638676838438,0.1801450740637867,0.2527858992060339,1.3651187146052692,0.7452830188608935,8.710444311257087,9.43749999988203,0.7811276419549698,0.7547169811249554,2.9234732690499245,3.0,4.445866141725225,6.624999999989948,4.71112204723279,6.124999999984415,9.156988188958014,12.749999999974364,6.748181952323965,7.122641509366767,7.854098713231969,8.912499999888594,0.0410071493469164,0.0566037735843716,0.2455393749058321,0.1183940677813349,3.39144054338011,3.428571428536443,0.0,41.6875,41.6875,41.1875,41.1875,300.25,300.25,24.5625,24.5625,66.25,66.25,0.629245283018868,0.629245283018868,2.125,2.125,303.4375,303.4375,31.600273785078713,260.0,5.560681631015528,8,16.0,1.69375,0.125,0.6316580586057116,0.9043200373075949
2016,Arian Foster,RB,57.4,6.1,MIA,00-0026796,4,4.825,2009,7,vet,True,23,5,11.36028003858886,-6.535280038588861,7,2.953488372093023,19.112734706238644,4.0,8.007874015748031,0.500492125984252,0.25,0.6696428571428571,9.7873031496063,1.0,-1.78846153846154,19.112734706238644,19.25,5.721926105390673,7.0,4.218079951544518,5.5,17.34321623258631,15.75,23.065142337976983,22.75,40.9084191399152,56.75,63.78615990308904,40.75,14.456571774682011,22.5,0.0751503561061946,0.0456026058631179,0.0180733438116537,0.0152155536770895,0.2956806191826724,0.1334745762709036,0.1253768748274496,0.0790547963686395,2.3036791499128415,3.2142857141709182,9.359976649598815,10.31818181771281,0.7234254324076278,0.7857142856862245,1.907216597925259,2.522222222222222,2.5437992125937283,1.74999999999715,9.308070866123252,3.9374999999916582,11.85187007871698,5.687499999988808,6.840892250915428,8.107142856853317,7.606400756326013,7.318181817849173,0.0643702997072252,0.0714285714260204,0.0284564088322755,0.2059033566957779,3.5853466159207112,2.587301587260519,1.0,36.75,38.6875,36.3125,38.375,317.375,369.6875,21.5,29.5,58.25,68.1875,0.630901287553648,0.5673693858845096,2.1875,2.25,264.4375,254.9375,30.023271731690624,260.0,5.560681631015528,7,16.0,1.20625,0.25,0.7400250318171253,0.9048635884366025
2016,Giovani Bernard,RB,57.7,5.8,CIN,00-0030456,10,12.23,2013,3,vet,True,24,5,11.36028003858886,0.869719961411139,3,2.3333333333333335,12.591277472527471,16.0,15.142857142857142,0.9464285714285714,1.0,0.9375,11.816964285714286,1.0,-3.1288461538461547,12.591277472527471,11.325,4.278846153846154,4.125,3.195054945054945,3.0625,10.710164835164834,9.625,14.989010989010987,13.75,29.11675824175824,29.5,47.221840659340664,45.625,2.1126373626373627,2.75,0.1277445748411774,0.1333333333330639,0.0075183315145458,0.0100456621004543,0.3364878569342176,0.32976445396075,0.1968796943219481,0.2070319634699139,0.502847918820906,0.6666666666565656,9.13453454452522,9.632653061027906,0.7467605840371296,0.7424242424129935,3.0,3.0,4.035714285706301,4.124999999991666,10.017857142836112,9.62499999997939,14.053571428542414,13.749999999971056,6.825632317536454,7.1515151514067945,9.140009491979018,9.42857142837901,0.0158076790035532,0.0,0.0755048593852029,0.0899741481379911,4.449216050028478,4.74025974022896,0.0,31.5625,31.5625,30.9375,30.9375,273.75,273.75,29.1875,29.1875,60.75,60.75,0.5195473251028807,0.5195473251028807,3.0625,3.0625,256.5,256.5,24.77754962354552,37.0,3.610917912644224,3,16.0,7.643750000000001,0.625,1.1043071186532525,1.0024565811882986
2016,Ryan Mathews,RB,60.4,5.4,PHI,00-0027864,13,11.123076923076924,2010,6,vet,True,25,5,11.36028003858886,-0.2372031155119387,6,2.9076923076923076,10.812087912087913,13.0,11.555555555555555,0.7222222222222222,0.8125,0.7604166666666666,7.835714285714285,1.0,-1.5730769230769237,10.812087912087913,9.576923076923077,2.248967963253677,2.1538461538461537,1.7175707889993606,1.5384615384615383,11.220434327577186,8.153846153846153,13.469402290830864,10.307692307692308,12.682030932030932,11.23076923076923,52.09592127449271,41.46153846153846,0.6565934065934066,1.7692307692307692,0.046386154298033,0.0451612903225078,0.0014846780144278,0.0054155874735094,0.2935410838227604,0.2398190045243443,0.070618506057149,0.0715328467152183,0.4642605509774,0.8214285713992346,7.381866281407987,7.299999999635,0.7752076883058863,0.714285714260204,2.727272727272727,3.0,1.6785714285685296,1.7499999999971774,8.127976190457844,6.624999999985012,9.806547619026375,8.37499999998219,5.7422251916341125,5.21428571409949,7.530163169711266,7.59999999962,0.0219885934164003,0.0357142857130102,-0.0457082350758788,-0.2595915930001586,4.742764440629084,5.084905660329388,0.0,38.9375,38.9375,38.75,38.75,265.4375,265.4375,27.625,27.625,66.5625,66.5625,0.5849765258215962,0.5849765258215962,2.375,2.375,271.3125,271.3125,28.8952772073922,12.0,2.4849066497880004,6,16.0,9.0375,0.8125,0.8283614802894916,0.905193335758476
2016,Jonathan Stewart,RB,62.8,6.6,CAR,00-0026153,13,11.261538461538462,2008,8,vet,True,26,5,11.261538461538462,0.0,8,2.9766536964980546,10.904103102779574,13.0,12.015686274509804,0.7509803921568627,0.8125,0.8046875,8.55906862745098,1.0,1.2923076923076948,10.904103102779574,12.523076923076925,1.8641444612032847,1.6153846153846154,1.4772809978692332,1.2307692307692308,15.006120268620268,18.615384615384617,16.870264729823553,20.23076923076923,10.33672550216668,7.615384615384615,63.02847536450478,76.07692307692308,-1.8843729799612152,-1.0769230769230769,0.0452572866751594,0.0425101214574038,-0.0046115360379675,-0.0027163368257658,0.3701593906258528,0.4600760456265018,0.0646578547861619,0.0618637464080696,-0.8318157408893134,-0.6666666666349206,6.852489724294482,6.187499999613281,31372549.814890444,0.7619047618684808,0.448483833137879,0.0,1.436274509801093,1.3124999999973432,11.684558823506276,15.124999999971246,13.120833333307372,16.43749999996859,184313730.9088277,4.714285714061225,7.756491946142133,7.312499999542969,0.0366634952995755,0.04761904761678,6936995.420070227,0.1026780087131344,4.203018008561547,4.086776859487245,0.0,31.3125,31.3125,30.875,30.875,322.125,322.125,32.875,32.875,64.1875,64.1875,0.4878286270691334,0.4878286270691334,3.375,3.375,242.0625,242.0625,29.451060917180012,13.0,2.5649493574615367,8,16.0,9.15,0.8125,0.7835932622367828,0.904850226317024
2016,Duke Johnson,RB,66.9,6.0,CLE,00-0032257,15,9.586666666666668,2015,1,soph,True,27,5,10.925918745824406,-1.3392520791577385,1,1.0,10.26875,16.0,16.0,1.0,1.0,1.0,10.26875,1.0,0.0,10.26875,10.26875,4.625,4.625,3.8125,3.8125,6.5,6.5,11.125,11.125,33.375,33.375,23.6875,23.6875,5.6875,5.6875,0.1231281198001279,0.1231281198001279,0.0188327814569497,0.0188327814569497,0.2736842105255955,0.2736842105255955,0.1978751267200567,0.1978751267200567,1.2297297297131118,1.2297297297131118,8.754098360512229,8.754098360512229,0.8243243243131848,0.8243243243131848,3.0,3.0,4.624999999992304,4.624999999992304,6.499999999982895,6.499999999982895,11.1249999999752,11.1249999999752,7.216216216118699,7.216216216118699,7.999999999868853,7.999999999868853,0.0270270270266617,0.0270270270266617,0.1677581152614348,0.1677581152614348,3.644230769195728,3.644230769195728,0.0,38.0625,38.0625,37.5625,37.5625,302.0,302.0,23.75,23.75,61.8125,61.8125,0.6157735085945399,0.6157735085945399,1.5625,1.5625,259.75,259.75,22.94045174537988,77.0,4.343805421853684,1,16.0,8.9875,0.9375,1.0682399332599375,1.0720708091480635
2016,DeAngelo Williams,RB,69.1,7.9,PIT,00-0024242,7,14.285714285714286,2006,10,vet,True,28,5,10.925918745824406,3.3597955398898804,10,2.994146341463414,11.125043988269796,16.0,13.189638318670577,0.824352394916911,1.0,0.83125,10.158015640273703,1.0,9.704166666666666,11.125043988269796,14.5875,2.2063513547384517,2.9375,1.8156578188836257,2.5,11.948449758127175,12.5,14.154801112865629,15.4375,17.47324422888939,22.9375,51.162575506930345,56.6875,-0.768569065343259,1.0625,0.0579497356124612,0.0804794520546567,-0.0013443519124458,0.0028941096356821,0.386603194920827,0.5154639175244446,0.0859835570799798,0.1227450548269625,-0.8697676404708641,0.3617021276518787,9.760390383050169,9.174999999770623,165200391.8111432,0.8510638297691263,1.5274350548701097,3.0,2.0053763440823995,2.9374999999949702,10.059689638294506,12.499999999967782,12.065065982376908,15.437499999962752,1125122197.4142115,7.808510638131734,10.776619704751376,9.19999999977,10752688.181774734,0.0,19523586.122674458,0.1709678032489294,4.25442367616888,4.534999999977325,0.0,36.875,36.875,36.5,36.5,367.125,367.125,24.25,24.25,61.125,61.125,0.6032719836400818,0.6032719836400818,2.625,2.625,301.375,301.375,33.35523613963039,27.0,3.295836866004329,10,16.0,6.25,0.4375,0.5274879753750573,0.9016619149740351
2016,Frank Gore,RB,73.8,7.6,IND,00-0023500,16,13.3875,2005,11,vet,True,29,5,10.925918745824406,2.461581254175595,11,2.9970717423133237,11.837391864770956,16.0,15.895456765999024,0.993466047874939,1.0,0.9318181818181818,11.717687469467512,1.0,2.168750000000001,11.837391864770956,12.0875,2.659095667400504,3.625,1.6202481405583506,2.125,16.37270755217751,16.25,19.031803219578013,19.875,13.386566076001836,16.6875,65.84593296704924,60.4375,2.051681586610751,-0.8125,0.0765801878691798,0.0960264900660661,0.0078527556470647,-0.0024947227019761,0.6003633174638109,0.6565656565639986,0.1203672107567151,0.142293429207716,1.655136738670568,-0.2241379310306183,8.563332592112763,7.85294117623962,338544211.6367491,0.5862068965416172,0.8282714660667416,0.0,2.621885686365512,3.6249999999939986,16.255526380030872,16.249999999958966,18.877412066396385,19.87499999995297,2847581832.1681747,4.603448275782699,8.073370508109003,8.029411764469724,10747435.295401556,0.0172413793100475,139398840.26125556,-0.0088270298993362,4.0216808604741585,3.719230769216465,0.0,38.6875,38.6875,37.75,37.75,325.6875,325.6875,24.75,24.75,63.4375,63.4375,0.6098522167487684,0.6098522167487684,2.0,2.0,245.5,245.5,33.30321697467488,65.0,4.174387269895637,11,16.0,13.3875,1.0,0.5303749532756686,0.9017895674702985
2016,Rashad Jennings,RB,74.9,7.0,NYG,00-0027155,13,10.646153846153847,2009,7,vet,True,30,6,10.925918745824406,-0.2797648996705586,6,2.778512396694215,10.81031781226903,16.0,14.105691056910567,0.8816056910569106,1.0,0.8229166666666666,9.473932926829267,1.0,-2.2846590909090914,10.81031781226903,10.30625,2.903030303030303,2.5,2.13229859571323,1.8125,12.49662478442966,12.1875,15.399655087459966,14.6875,18.70586351318059,18.5,52.10684897758069,53.9375,-2.531263858093127,-1.0,0.0680766313089707,0.0650406504063983,-0.006099867898203,-0.0033919864320535,0.4187774174224322,0.4838709677407348,0.097845039434714,0.0951865851071599,-0.7277803003789056,-0.39999999999,8.961699284356076,10.206896551372177,0.7344260796155707,0.724999999981875,0.6585365853658537,0.0,2.4989837398331436,2.499999999995935,10.897865853632364,12.18749999996976,13.396849593465507,14.687499999965697,6.570107783504304,7.399999999815001,10.100167806246317,10.689655172045184,0.0130081300809756,0.024999999999375,0.0122487429164335,0.1732272452267701,4.196414307707191,4.42564102561833,0.0,38.9375,38.9375,38.4375,38.4375,294.8125,294.8125,25.1875,25.1875,64.125,64.125,0.6072124756335283,0.6072124756335283,2.5625,2.5625,281.25,281.25,31.43600273785079,250.0,5.521460917862246,7,16.0,8.65,0.8125,0.642221822472045,0.9044344422400212
2016,Matt Jones,RB,78.4,8.0,WAS,00-0031939,7,10.757142857142856,2015,1,soph,True,31,6,10.925918745824406,-0.1687758886815498,1,1.0,8.8,13.0,13.0,0.8125,0.8125,0.8125,7.15,1.0,0.0,8.8,8.8,1.9230769230769231,1.9230769230769231,1.4615384615384617,1.4615384615384617,11.076923076923077,11.076923076923077,13.0,13.0,23.384615384615383,23.384615384615383,37.69230769230769,37.69230769230769,3.3076923076923075,3.3076923076923075,0.0450450450449638,0.0450450450449638,0.0096434178066809,0.0096434178066809,0.3356643356635532,0.3356643356635532,0.0743179600321225,0.0743179600321225,1.7199999999312,1.7199999999312,15.999999999157897,15.999999999157897,0.7599999999696,0.7599999999696,3.0,3.0,1.5624999999971847,1.5624999999971847,8.999999999979021,8.999999999979021,10.562499999976206,10.562499999976206,12.1599999995136,12.1599999995136,13.999999999263158,13.999999999263158,0.0399999999984,0.0399999999984,0.5016240015728003,0.5016240015728003,3.4027777777541477,3.4027777777541477,0.0,34.6875,34.6875,34.6875,34.6875,278.6875,278.6875,26.8125,26.8125,61.5,61.5,0.5640243902439024,0.5640243902439024,2.4375,2.4375,268.375,268.375,23.488021902806295,95.0,4.553876891600541,1,16.0,4.70625,0.4375,1.0933920697506816,1.0520916206914417
2016,Derrick Henry,RB,78.5,7.7,TEN,00-0032764,14,7.55,2016,0,rookie,True,32,6,10.925918745824406,-3.375918745824406,0,,,,,,,,,,,,,,,,,,,,,,,,,,,,,,,,,,,,,,,,,,,,,,,,,,,,,,,,,,,,,,,,,,,,,,,,,,,,22.65845311430527,45.0,3.80666248977032,0,16.0,6.60625,0.875,1.050944010530485,1.0814108612397402
2016,Ameer Abdullah,RB,82.1,7.7,DET,00-0032104,2,13.4,2015,1,soph,False,33,6,9.51747964997965,3.88252035002035,1,1.0,7.3125,16.0,16.0,1.0,1.0,1.0,7.3125,1.0,0.0,7.3125,7.3125,2.375,2.375,1.5625,1.5625,8.9375,8.9375,11.3125,11.3125,11.4375,11.4375,37.3125,37.3125,-0.125,-0.125,0.0610932475883262,0.0610932475883262,-0.0004878048780486,-0.0004878048780486,0.4039548022587459,0.4039548022587459,0.0912984079678552,0.0912984079678552,-0.0526315789459833,-0.0526315789459833,7.3199999997072,7.3199999997072,0.6578947368247923,0.6578947368247923,0.0,0.0,2.3749999999961817,2.3749999999961817,8.937499999974753,8.937499999974753,11.312499999970935,11.312499999970935,4.81578947355748,4.81578947355748,8.1199999996752,8.1199999996752,0.0263157894729916,0.0263157894729916,-0.3503282903463568,-0.3503282903463568,4.174825174795981,4.174825174795981,0.0,39.5,39.5,38.875,38.875,256.25,256.25,22.125,22.125,61.625,61.625,0.640973630831643,0.640973630831643,2.5,2.5,278.9375,278.9375,23.21971252566735,54.0,3.9889840465642745,1,16.0,1.675,0.125,1.082562652949238,1.0621799414462394
2016,Chris Ivory,RB,84.1,7.8,JAX,00-0027531,11,8.590909090909092,2010,6,vet,True,34,6,9.4762971493062,-0.8853880583971083,6,2.9076923076923076,10.921878306878307,15.0,14.34920634920635,0.8968253968253969,0.9375,0.7291666666666666,10.01498015873016,1.0,3.9883333333333337,10.921878306878307,13.513333333333334,1.7791005291005293,2.466666666666667,1.341005291005291,2.0,14.07010582010582,16.466666666666665,15.84920634920635,18.933333333333337,9.566402116402118,14.466666666666669,61.53862433862434,71.33333333333333,-3.2563492063492063,-5.666666666666667,0.0476680877187389,0.0614617940198314,-0.0088881115381799,-0.0153318903318875,0.4444587594899356,0.551339285713055,0.0652804535013825,0.0814603677974259,-1.6659993325363032,-2.2972972972352084,6.79047618943191,7.233333333092222,0.6756348184393943,0.810810810788897,0.0,0.0,1.6736111111081318,2.312499999996158,12.879960317432538,15.43749999996554,14.55357142854067,17.749999999961698,4.904652951747059,5.864864864706355,8.09523809394121,9.166666666361111,0.0231342453557481,0.0270270270262965,-0.0562307946335158,0.1773275595340095,4.41233226255619,4.331983805650478,1.0,37.9375,37.75,37.5625,37.625,346.8125,346.5,22.125,28.0,60.0625,65.75,0.631633714880333,0.5741444866920152,2.5,2.75,276.75,260.625,28.44626967830253,260.0,5.560681631015528,6,16.0,5.906250000000001,0.6875,0.8664079663724745,0.9074214414797194
2016,Charles Sims,RB,87.2,7.5,TB,00-0031390,7,9.7,2014,2,vet,True,35,6,9.4762971493062,0.2237028506937992,2,1.8,10.020833333333334,16.0,13.333333333333334,0.8333333333333334,1.0,0.75,8.760416666666666,1.0,3.6875,10.020833333333334,11.25,4.041666666666667,4.375,2.9166666666666665,3.1875,7.208333333333333,6.6875,11.25,11.0625,31.291666666666668,35.0625,29.75,33.0625,10.333333333333334,14.1875,0.1060973018905987,0.1333333333330793,0.0297430296422501,0.042701279157253,0.219099502951673,0.2351648351643183,0.1799660735854731,0.2298908954096961,2.4211640211235346,3.242857142810816,10.66666666634744,10.999999999784317,0.7202821869332272,0.7285714285610204,2.647577092511013,2.4713656387665197,3.4791666666600363,4.374999999991667,5.83333333331964,6.687499999985302,9.312499999979677,11.06249999997697,7.688536155039619,8.014285714171224,9.678362572795509,9.333333333150328,0.0380952380946938,0.0571428571420408,0.0293333965975498,0.1119235738276845,4.230293590061714,4.943925233598654,0.0,33.4375,33.4375,32.8125,32.8125,332.25,332.25,28.4375,28.4375,61.875,61.875,0.5404040404040404,0.5404040404040404,2.125,2.125,252.625,252.625,25.95208761122519,69.0,4.23410650459726,2,16.0,4.2437499999999995,0.4375,1.0636654393096585,0.9660027286331851
2016,Justin Forsett,RB,90.7,7.3,BAL,00-0026373,9,6.844444444444445,2008,8,vet,True,36,6,9.4762971493062,-2.631852704861755,8,2.9766536964980546,10.965995798319328,10.0,11.850980392156863,0.740686274509804,0.625,0.859375,8.427598039215688,1.0,-3.19125,10.965995798319328,12.24,3.4005462184873947,4.1,2.592563025210084,3.1,11.904117647058824,15.1,15.30466386554622,19.2,13.92873949579832,15.3,55.297464985994395,64.1,-0.1795658263305321,2.1,0.0665136597851842,0.0613772455088901,-0.0015719227323451,0.0041306058221864,0.3496559137097604,0.3942558746725998,0.0986701437651347,0.0949572923388657,-0.3225534749594294,0.512195121938727,5.818290658673445,4.9354838708085325,0.7592143629572895,0.7560975609571684,1.5568829758349172,3.0,2.5004901960742743,2.562499999996164,8.979411764684029,9.43749999997536,11.479901960758305,11.999999999971523,4.3563334154480025,3.731707316982154,6.319504353438354,4.516129032112383,0.0001375988992063,0.0,-0.1452452152827047,-0.1430936547918894,4.714786397658882,4.245033112554669,0.0,42.25,42.25,41.75,41.75,317.75,317.75,23.9375,23.9375,66.1875,66.1875,0.6383380547686497,0.6383380547686497,1.8125,1.8125,278.0625,278.0625,30.882956878850106,233.0,5.4510384535657,8,16.0,3.850000000000001,0.5625,0.6789658903433322,0.9047061389778863
2016,James White,RB,90.9,6.8,NE,00-0031062,16,10.10625,2014,2,vet,True,37,6,9.4762971493062,0.629952850693801,2,1.8,8.044444444444444,12.0,9.0,0.5625,0.75,0.46875,5.339583333333334,1.0,6.5166666666666675,8.044444444444444,10.216666666666669,3.5555555555555554,4.5,2.777777777777778,3.3333333333333335,2.222222222222222,1.8333333333333333,5.777777777777778,6.333333333333333,25.333333333333332,34.166666666666664,7.333333333333333,4.666666666666667,5.888888888888889,9.0,0.0604654635435694,0.0865384615383228,0.0145594572226407,0.0219422998780938,0.0451434839108492,0.0574412532635576,0.1008898153712027,0.14516730222215,1.2666666666553088,1.9999999999629632,8.366666666189168,10.249999999743752,0.8271604937513489,0.7407407407270233,2.0,3.0,2.354166666662888,3.374999999994591,1.1041666666638452,1.37499999999641,3.4583333333267325,4.749999999991001,6.595061727994659,7.592592592451989,7.383333332868751,8.674999999783125,0.0493827160484682,0.0740740740727023,0.3226951352667577,0.4611306363700917,3.104377104143591,2.545454545338843,0.0,39.3125,39.3125,39.0,39.0,307.625,307.625,23.9375,23.9375,63.25,63.25,0.6215415019762845,0.6215415019762845,3.125,3.125,300.75,300.75,24.57768651608487,130.0,4.867534450455582,2,16.0,10.10625,1.0,1.106720093397748,1.0094895174953118
2016,LeGarrette Blount,RB,91.6,7.2,NE,00-0027325,16,14.55625,2010,6,vet,True,38,7,9.4762971493062,5.0799528506938,6,2.9076923076923076,8.45686260829118,12.0,13.22222222222222,0.8263888888888888,0.75,0.8333333333333334,6.91954365079365,1.0,3.6766666666666663,8.45686260829118,10.216666666666669,0.6170882028024887,0.5833333333333334,0.4856212570498285,0.5,11.237787080644225,13.75,11.854875283446711,14.333333333333334,3.401372172800744,3.5833333333333335,49.104226989941274,58.583333333333336,0.8865748008605151,1.5,0.0110845228319818,0.0112179487179307,0.0020397836289734,0.0036570499796823,0.3275747359824545,0.4308093994766819,0.0180546327882541,0.0193868580626737,1.4272713528139742,2.571428571061225,7.908994706887761,7.166666665472222,0.7599395312598564,0.8571428570204082,2.290909090909091,2.388888888888889,0.5168650793642281,0.4374999999992989,9.163690476167694,10.312499999973074,9.680555555531924,10.749999999972372,5.51129251622901,6.142857141979592,7.598941796570229,5.166666665805556,0.0725623582662779,0.1428571428367347,0.1487874262643136,0.3099623485773906,4.364320555711441,4.260606060580239,0.0,39.3125,39.3125,39.0,39.0,307.625,307.625,23.9375,23.9375,63.25,63.25,0.6215415019762845,0.6215415019762845,3.125,3.125,300.75,300.75,29.741273100616016,260.0,5.560681631015528,6,16.0,14.55625,1.0,0.7611884813824197,0.9048657778869317
2016,TJ Yeldon,RB,93.7,8.3,JAX,00-0032209,15,9.18,2015,1,soph,True,39,7,9.4762971493062,-0.2962971493062003,1,1.0,12.991666666666667,12.0,12.0,0.75,0.75,0.75,9.74375,1.0,0.0,12.991666666666667,12.991666666666667,3.8333333333333335,3.8333333333333335,3.0,3.0,15.166666666666666,15.166666666666666,19.0,19.0,23.25,23.25,61.666666666666664,61.666666666666664,0.6666666666666666,0.6666666666666666,0.0765391014973768,0.0765391014973768,0.0014417012074245,0.0014417012074245,0.5141242937838584,0.5141242937838584,0.1158178430912623,0.1158178430912623,0.1739130434744801,0.1739130434744801,7.749999999784723,7.749999999784723,0.7826086956351608,0.7826086956351608,3.0,3.0,2.8749999999952163,2.8749999999952163,11.374999999967866,11.374999999967866,14.249999999963082,14.249999999963082,6.065217391172496,6.065217391172496,8.27777777754784,8.27777777754784,0.02173913043431,0.02173913043431,0.0744843794941346,0.0744843794941346,4.065934065911726,4.065934065911726,0.0,37.9375,37.9375,37.5625,37.5625,346.8125,346.8125,22.125,22.125,60.0625,60.0625,0.631633714880333,0.631633714880333,2.5,2.5,276.75,276.75,22.915811088295687,36.0,3.58351893845611,1,16.0,8.60625,0.9375,1.066834214482916,1.0729120941172219
2016,Christine Michael,RB,99.6,8.4,SEA,00-0030432,14,9.757142857142856,2013,3,vet,True,40,7,9.4762971493062,0.2808457078366562,3,2.3333333333333335,3.0033333333333334,8.0,7.857142857142857,0.4910714285714285,0.5,0.4375,1.4544642857142855,1.0,1.6424999999999998,3.0033333333333334,3.6125,0.4857142857142857,0.75,0.2428571428571428,0.375,5.685714285714285,6.75,6.171428571428572,7.5,1.4857142857142858,2.0,26.119047619047617,30.375,0.0428571428571428,-0.375,0.0047824601305867,0.0060544904137174,0.0005295099482761,-0.0003701875616978,0.0575389614055159,0.059471365638701,0.0075443471596734,0.0088226043273875,0.9999999994047618,-0.4999999999166666,6.476190471746031,5.333333331555555,0.4285714284523809,0.4999999999166666,0.4444444444444444,0.0,0.2499999999994839,0.3749999999992415,2.696428571423001,3.374999999992827,2.946428571422484,3.749999999992069,3.2380952369841265,2.666666666222222,8.571428565142856,5.999999998,0.0,0.0,-0.099829710097362,-0.3076809008558642,4.6690009335811125,4.499999999916667,0.0,30.5625,30.5625,29.5,29.5,255.375,255.375,31.25,31.25,61.8125,61.8125,0.4944388270980788,0.4944388270980788,2.75,2.75,253.8125,253.8125,25.812457221081452,62.0,4.127134385045092,3,16.0,8.5375,0.875,1.07077519310391,0.970126550727656
2016,Theo Riddick,RB,99.8,8.3,DET,00-0030107,10,16.18,2013,3,vet,True,41,7,9.4762971493062,6.7037028506938,3,2.3333333333333335,8.653937728937729,16.0,14.571428571428571,0.9107142857142856,1.0,0.8541666666666666,8.21875,1.0,3.902884615384615,8.653937728937729,11.1875,4.72985347985348,6.1875,3.652014652014652,5.0,2.0824175824175826,2.6875,6.812271062271063,8.875,32.1474358974359,43.5625,6.168498168498169,8.3125,5.13919413919414,4.625,0.1169983664954612,0.1591639871380077,0.0169644649014392,0.0180487804878004,0.0867300751891772,0.1214689265533291,0.1873726751741994,0.251380127048472,1.6371284270286626,0.7474747474671972,8.56260504164433,8.712499999891094,0.727474747457269,0.8080808080726456,2.669172932330827,3.0,4.499999999992688,6.187499999990052,1.9732142857088653,2.6874999999924083,6.473214285701553,8.87499999998246,6.293088022953236,7.040404040332925,7.834453781227133,8.16249999989797,0.0401731601725281,0.0303030303027242,0.1614448063321587,0.1805489272394087,2.892838685740318,3.0930232557420227,0.0,39.5,39.5,38.875,38.875,256.25,256.25,22.125,22.125,61.625,61.625,0.640973630831643,0.640973630831643,2.5,2.5,278.9375,278.9375,25.3305954825462,199.0,5.293304824724492,3,16.0,10.1125,0.625,1.0906713230601905,0.9845880843222848
2016,Bilal Powell,RB,105.9,7.8,NYJ,00-0028064,16,12.3125,2011,5,vet,True,42,7,8.801446416016189,3.511053583983811,5,2.8181818181818183,8.678304007820136,11.0,12.580645161290322,0.7862903225806451,0.6875,0.725,6.543548387096774,1.0,9.595151515151514,8.678304007820136,12.28181818181818,3.8557813154587346,5.7272727272727275,2.779318530931434,4.2727272727272725,5.988144113950566,6.363636363636363,9.8439254294093,12.090909090909092,22.739687194525903,35.27272727272727,25.08552576455802,28.454545454545453,3.3499231950844854,6.0,0.0822502619480326,0.1046511627905238,0.0066367946400139,0.0119047619047597,0.1588190789543875,0.1562499999996512,0.1280211491700587,0.1653100775191175,0.655175573180698,1.0476190476024188,8.15119379780273,8.255319148760526,0.7185140269497289,0.7460317460199043,1.7036978756884342,3.0,2.8810483870916337,3.937499999993459,4.679435483861043,4.3749999999902345,7.560483870952675,8.312499999983693,5.8539305248382725,6.158730158632402,8.506204195027507,8.936170212575826,0.016385048642853,0.0317460317455278,-0.0424965879265991,0.0080389452871074,4.229884631421911,4.471428571364694,0.0,37.75,37.75,37.625,37.625,346.5,346.5,28.0,28.0,65.75,65.75,0.5741444866920152,0.5741444866920152,2.75,2.75,260.625,260.625,27.8466803559206,126.0,4.836281906951478,5,16.0,12.3125,1.0,0.919454182546968,0.9153156297709931
2016,Isaiah Crowell,RB,106.9,8.7,CLE,00-0030656,16,12.81875,2014,2,vet,True,43,7,8.801446416016189,4.017303583983811,2,1.8,8.461666666666666,16.0,15.666666666666666,0.9791666666666666,1.0,0.96875,8.291666666666666,1.0,0.4524999999999988,8.461666666666666,8.612499999999999,1.227777777777778,1.375,0.9916666666666668,1.1875,10.997222222222222,11.5625,12.225,12.9375,9.516666666666667,11.375,42.90555555555556,44.125,-1.3083333333333331,-3.0625,0.0337558089000481,0.0366056572378758,-0.0045718664709505,-0.010140728476819,0.427985582403578,0.4868421052618767,0.0474334068204068,0.0478099759230404,-0.6991341991228285,-2.2272727271714876,9.608187133808796,9.578947367916898,0.7900432900018131,0.8636363635971074,0.8787878787878788,0.0,1.2083333333312236,1.3749999999977125,10.791666666639918,11.562499999969573,11.999999999971145,12.937499999967285,7.5865800861814385,8.27272727235124,10.483430798521232,11.947368420423825,0.0303030303016528,0.0454545454524793,0.2666413585354347,0.4436398942451282,3.911261261238272,3.816216216195589,0.0,38.0625,38.0625,37.5625,37.5625,302.0,302.0,23.75,23.75,61.8125,61.8125,0.6157735085945399,0.6157735085945399,1.5625,1.5625,259.75,259.75,23.64681724845996,260.0,5.560681631015528,2,16.0,12.81875,1.0,1.0983465468437645,1.0458675533181458
2016,Jay Ajayi,RB,111.3,10.6,MIA,00-0031590,15,14.353333333333332,2015,1,soph,True,44,8,8.801446416016189,5.551886917317145,1,1.0,4.744444444444444,9.0,9.0,0.5625,0.5625,0.5625,2.6687499999999993,1.0,0.0,4.744444444444444,4.744444444444444,1.2222222222222223,1.2222222222222223,0.7777777777777778,0.7777777777777778,5.444444444444445,5.444444444444445,6.666666666666667,6.666666666666667,10.0,10.0,20.77777777777778,20.77777777777778,2.111111111111111,2.111111111111111,0.0189328743545285,0.0189328743545285,0.0037416305632131,0.0037416305632131,0.1424418604647022,0.1424418604647022,0.0310184529260419,0.0310184529260419,1.7272727271157025,1.7272727271157025,12.857142855306122,12.857142855306122,0.6363636363057851,0.6363636363057851,3.0,3.0,0.6874999999988167,0.6874999999988167,3.0624999999910973,3.0624999999910973,3.749999999989914,3.749999999989914,8.18181818107438,8.18181818107438,11.142857141265306,11.142857141265306,0.0,0.0,0.2078535842403878,0.2078535842403878,3.816326530534361,3.816326530534361,0.0,36.75,36.75,36.3125,36.3125,317.375,317.375,21.5,21.5,58.25,58.25,0.630901287553648,0.630901287553648,2.1875,2.1875,264.4375,264.4375,23.21423682409309,149.0,5.003946305945459,1,16.0,13.45625,0.9375,1.0823124174677363,1.0623804560309735
2016,Darren Sproles,RB,116.8,11.3,PHI,00-0023564,15,10.833333333333334,2005,11,vet,True,45,8,8.801446416016189,2.031886917317145,10,2.9912266459337227,11.00451206820889,16.0,15.434229828850857,0.9646393643031784,1.0,0.95625,10.55307457212714,1.0,-0.4129166666666659,11.00451206820889,10.09375,5.196185819070905,5.1875,3.598970597454705,3.4375,4.509852673813554,5.1875,9.706038492884458,10.375,29.08273086326876,24.25,20.139883392890727,19.8125,6.094286251645665,7.4375,0.1280314491387831,0.1338709677417195,0.0207105108636993,0.0280197786672879,0.159730989009183,0.1877828054294394,0.2065445313127642,0.2204202966796808,1.1617991576736926,1.4337349397417622,8.112860289515954,7.05454545441719,134474328.309221,0.6626506024016547,3.0,3.0,4.991198044001778,5.1874999999916325,4.379095354513244,5.187499999988264,9.370293398515022,10.374999999979895,1403422988.4147303,4.674698795124401,7.800869907684999,6.52727272715405,19559902.216470264,0.0120481927709391,100482145.41022743,-0.0783390172051413,4.554733334029254,3.8192771083877193,0.0,38.9375,38.9375,38.75,38.75,265.4375,265.4375,27.625,27.625,66.5625,66.5625,0.5849765258215962,0.5849765258215962,2.375,2.375,271.3125,271.3125,33.20191649555099,130.0,4.867534450455582,11,16.0,10.15625,0.9375,0.5360282079438549,0.9020276477975468
2016,Tevin Coleman,RB,119.5,11.8,ATL,00-0032058,13,14.7,2015,1,soph,True,46,8,8.801446416016189,5.89855358398381,1,1.0,3.5499999999999994,12.0,12.0,0.75,0.75,0.75,2.6624999999999996,1.0,0.0,3.5499999999999994,3.5499999999999994,0.9166666666666666,0.9166666666666666,0.1666666666666666,0.1666666666666666,7.25,7.25,8.166666666666666,8.166666666666666,1.1666666666666667,1.1666666666666667,32.666666666666664,32.666666666666664,3.5833333333333335,3.5833333333333335,0.0178282009724184,0.0178282009724184,0.0089958158995797,0.0089958158995797,0.2071428571423639,0.2071428571423639,0.0330393725883334,0.0330393725883334,3.909090908735537,3.909090908735537,6.9999999965,6.9999999965,0.1818181818016528,0.1818181818016528,0.3255813953488372,0.3255813953488372,0.6874999999988857,0.6874999999988857,5.437499999987053,5.437499999987053,6.124999999985938,6.124999999985938,1.27272727261157,1.27272727261157,5.49999999725,5.49999999725,0.0,0.0,-0.9126996161983432,-0.9126996161983432,4.505747126384991,4.505747126384991,0.0,38.8125,38.8125,38.5625,38.5625,298.75,298.75,26.25,26.25,65.0625,65.0625,0.5965417867435159,0.5965417867435159,2.125,2.125,287.625,287.625,23.378507871321013,73.0,4.290459441148391,1,16.0,11.94375,0.8125,1.0893370507461546,1.0562781858285473
2016,Spencer Ware,RB,125.8,15.7,KC,00-0030414,14,13.842857142857143,2013,3,vet,True,47,8,8.514685960281549,5.328171182575595,2,1.4705882352941178,7.56,9.0,7.4,0.4625,0.5625,0.3125,4.1525,1.0,8.2,7.56,9.2,0.5333333333333333,0.6666666666666666,0.5333333333333333,0.6666666666666666,7.0,8.0,7.533333333333333,8.666666666666666,0.4444444444444445,0.5555555555555556,37.82222222222222,44.77777777777778,-0.6222222222222222,-0.7777777777777778,0.0103671706263275,0.0129589632829093,-0.0018052869116693,-0.0022566086395866,0.1332888736681577,0.1651376146785203,0.0142870551013227,0.0178588188766534,-0.9333333331777778,-1.1666666664722225,0.6666666665555556,0.8333333331944445,0.7999999998666667,0.9999999998333332,0.0,0.0,0.299999999999352,0.3749999999991901,3.6374999999916695,4.499999999989679,3.9374999999910214,4.874999999988869,0.6666666665555556,0.8333333331944445,1.5999999997333334,1.9999999996666664,0.0,0.0,-0.6321573832570921,-0.7901967290713652,5.1444444441600305,5.597222222144483,0.0,29.5625,29.5625,28.9375,28.9375,193.875,193.875,27.25,27.25,56.8125,56.8125,0.5203520352035204,0.5203520352035204,2.4375,2.4375,218.3125,218.3125,24.774811772758383,194.0,5.267858159063328,3,16.0,12.1125,0.875,1.1043493319421303,1.002550539090149
2016,DeAndre Washington,RB,126.2,11.4,LV,00-0032940,13,6.553846153846154,2016,0,rookie,True,48,8,8.514685960281549,-1.960839806435395,0,,,,,,,,,,,,,,,,,,,,,,,,,,,,,,,,,,,,,,,,,,,,,,,,,,,,,,,,,,,,,,,,,,,,,,,,,,,,23.523613963039015,143.0,4.962844630259907,0,16.0,5.325,0.8125,1.094592637900522,1.0507093965967054
2016,Dion Lewis,RB,130.2,14.9,NE,00-0028087,7,7.814285714285715,2011,5,vet,True,49,9,7.491790151433535,0.3224955628521799,3,1.3831417624521072,14.832080200501252,7.0,7.2105263157894735,0.4506578947368421,0.4375,0.5416666666666666,6.4957236842105255,1.0,14.288095238095238,14.832080200501252,17.17142857142857,6.05417389627916,7.142857142857143,4.3699633699633695,5.142857142857143,6.2159244264507425,7.0,12.2700983227299,14.142857142857142,47.0855986119144,55.42857142857143,29.773857721226143,33.42857142857143,13.83477925583189,16.571428571428573,0.0679255401952684,0.0801282051280767,0.0196655085453422,0.0235676554246193,0.113740131331412,0.1279373368142873,0.1156541662746421,0.1366896664893486,1.2694736847240844,2.3199999999536,10.181286548981808,10.777777777478397,0.7642105261984,0.7199999999856,2.5460526315789473,3.0,2.648026315785229,3.1249999999949925,2.74013157894026,3.062499999992004,5.388157894725489,6.187499999986997,7.639999999395621,7.7599999998448,9.742690057232297,9.4444444441821,0.0336842105256421,0.0399999999992,0.0764418957288725,0.2518459245302868,4.813596341411456,4.775510203984173,0.0,39.3125,39.3125,39.0,39.0,307.625,307.625,23.9375,23.9375,63.25,63.25,0.6215415019762845,0.6215415019762845,3.125,3.125,300.75,300.75,25.930184804928132,149.0,5.003946305945459,5,16.0,3.41875,0.4375,1.0648133906106083,0.9666493803099906
2016,Alfred Morris,RB,130.2,11.6,DAL,00-0029141,11,3.463636363636364,2012,4,vet,True,50,9,7.491790151433535,-4.028153787797171,4,2.6470588235294117,8.8875,16.0,16.0,1.0,1.0,1.0,8.8875,1.0,-5.706250000000001,8.8875,6.0375,1.0333333333333334,0.8125,0.7375,0.625,14.845833333333331,12.625,15.879166666666666,13.4375,5.3875,3.4375,60.27916666666667,46.9375,0.9541666666666668,0.875,0.0303664663590039,0.0234234234233812,0.0035034694327611,0.003139717425431,0.5516204264061411,0.4708624708613733,0.0480021281414386,0.0373329373328735,0.9770299144624576,1.0769230768402367,6.986928103967989,5.49999999945,0.7304487178992557,0.7692307691715976,3.0,3.0,1.0333333333314354,0.8124999999985361,14.845833333298856,12.624999999970573,15.87916666663029,13.437499999969107,5.033653845826858,4.230769230443787,6.006662704975614,3.79999999962,0.0,0.0,0.0304779256923518,-0.0246256469470279,4.00053005465356,3.7178217821598127,1.0,33.0,34.6875,32.4375,34.6875,251.125,278.6875,25.5,26.8125,58.5,61.5,0.5641025641025641,0.5640243902439024,1.5,2.4375,229.8125,268.375,27.720739219712527,173.0,5.153291594497779,4,16.0,2.38125,0.6875,0.9306589150318503,0.9176850436286916
2016,Devontae Booker,RB,140.9,13.4,DEN,00-0032972,16,8.91875,2016,0,rookie,True,51,9,7.491790151433535,1.4269598485664643,0,,,,,,,,,,,,,,,,,,,,,,,,,,,,,,,,,,,,,,,,,,,,,,,,,,,,,,,,,,,,,,,,,,,,,,,,,,,,24.265571526351813,136.0,4.912654885736052,0,16.0,8.91875,1.0,1.1076403925726623,1.0212179599684963
2016,Jerick McKinnon,RB,148.8,14.0,MIN,00-0031376,15,9.893333333333334,2014,2,vet,True,52,9,7.491790151433535,2.401543181899799,2,1.8,6.332575757575758,16.0,14.333333333333334,0.8958333333333334,1.0,0.84375,5.439583333333334,1.0,-3.360227272727272,6.332575757575758,5.2125,2.4507575757575757,1.8125,1.6931818181818183,1.3125,5.590909090909091,3.25,8.041666666666666,5.0625,11.299242424242424,10.8125,27.59469696969697,16.9375,0.875,1.8125,0.0704392215876563,0.0654627539501908,0.0051502180134059,0.009119496855343,0.1643390102944386,0.1097046413499795,0.1092639849908687,0.1045777787240263,0.5772357723369163,0.9999999999655173,7.158730158406904,8.238095237702948,0.7022708157896056,0.7241379310095125,2.0,3.0,2.0624999999955977,1.8124999999959088,4.520833333323062,3.2499999999931433,6.583333333318659,5.062499999989052,5.0745724696987216,5.965517241173603,7.767195766848633,8.428571428170068,0.0229885057463337,0.0344827586195005,-0.0686597111869645,0.0687924482078169,5.061379623245667,5.21153846143824,0.0,28.375,28.375,27.6875,27.6875,198.75,198.75,29.625,29.625,58.0,58.0,0.4892241379310345,0.4892241379310345,2.0,2.0,202.875,202.875,24.331279945242983,96.0,4.564348191467836,2,16.0,9.275,0.9375,1.1077441845518314,1.0186791056871658
2016,Shane Vereen,RB,149.9,17.4,NYG,00-0027994,5,7.640000000000001,2011,5,vet,True,53,9,7.491790151433535,0.1482098485664655,5,2.8181818181818183,10.45537634408602,16.0,14.290322580645162,0.8931451612903226,1.0,0.6875,9.174395161290322,1.0,-0.4625000000000003,10.45537634408602,9.9,5.03763440860215,5.0625,3.543010752688172,3.6875,4.720430107526882,3.8125,9.758064516129032,8.875,30.833333333333336,30.875,20.010752688172044,16.25,12.290322580645162,8.125,0.1167705445579681,0.1317073170729565,0.0329533161673092,0.0275598897604351,0.1555183624680052,0.1513647642676144,0.1982231381540687,0.2168528984417394,2.2317886431561473,1.604938271585124,8.913734128614141,8.372881355790291,0.6778169452203925,0.7283950617194025,2.5570946438382274,3.0,4.463709677412057,5.062499999991768,4.151209677409635,3.812499999990539,8.61491935482169,8.874999999982307,6.183822756861017,6.098765432023471,7.467639476119627,7.135593220218041,0.0461151924443449,0.049382716048773,0.1347991159642054,0.0625982372265409,4.244707088554096,4.2622950818973395,0.0,38.9375,38.9375,38.4375,38.4375,294.8125,294.8125,25.1875,25.1875,64.125,64.125,0.6072124756335283,0.6072124756335283,2.5625,2.5625,281.25,281.25,27.50171115674196,56.0,4.02535169073515,5,16.0,2.3875,0.3125,0.9499702444790531,0.9223310446674466
2016,James Starks,RB,154.9,15.0,GB,00-0027791,9,6.544444444444445,2010,6,vet,True,54,10,7.491790151433535,-0.9473457069890898,6,2.9076923076923076,8.33714750857608,16.0,14.174603174603174,0.8859126984126984,1.0,0.6770833333333334,7.627777777777778,1.0,4.872321428571429,8.33714750857608,10.39375,2.510611082039653,3.3125,1.9130181987324848,2.6875,8.339263910692482,9.25,10.849874992732136,12.5625,16.788359788359784,24.5,34.580091865806146,37.5625,-0.6977149834292694,-4.5,0.0674912799727344,0.0938053097343472,-0.0024180542385537,-0.0156931124673025,0.2688604894796617,0.3394495412836251,0.099544281992114,0.129722785874409,-0.0860398674140617,-1.358490566012104,8.58352264076681,9.116279069555436,0.7425615717438875,0.8113207547016732,0.3141654978962132,0.0,2.347222222218004,3.3124999999941376,7.3283730158562115,9.249999999978783,9.675595238074218,12.562499999972925,6.425114249030113,7.396226414954788,9.91965705287966,11.372093022991349,0.0385191328574616,0.0566037735838376,0.0712351554488096,0.1026551253205626,4.182279218306203,4.060810810783373,0.0,35.8125,35.8125,35.3125,35.3125,286.75,286.75,27.25,27.25,63.0625,63.0625,0.5678889990089198,0.5678889990089198,2.4375,2.4375,239.0625,239.0625,30.5160848733744,193.0,5.262690188904886,6,16.0,3.68125,0.5625,0.7044083778376299,0.904806077115078
2016,Chris Thompson,RB,155.2,15.0,WAS,00-0030404,16,9.21875,2013,3,vet,True,55,10,7.491790151433535,1.726959848566465,3,2.3333333333333335,6.341758241758242,13.0,8.571428571428571,0.5357142857142857,0.8125,0.3958333333333333,3.591071428571429,1.0,-0.8269230769230766,6.341758241758242,7.1230769230769235,3.10989010989011,3.692307692307693,2.3956043956043955,2.6923076923076925,1.9670329670329672,2.6923076923076925,5.0769230769230775,6.384615384615385,14.406593406593403,18.46153846153846,11.20879120879121,16.615384615384617,6.703296703296703,13.23076923076923,0.0530973200089889,0.0864864864863306,0.0216353871168468,0.0385736712267237,0.0487575599793911,0.0815850815848914,0.0947907509952761,0.1567312995882026,1.802721088427701,3.5833333332586808,5.204081632326823,6.85714285694694,0.6615646258066742,0.7291666666514758,0.9302325581395348,1.3953488372093024,1.8392857142823955,2.9999999999945945,1.3035714285683813,2.187499999994901,3.1428571428507768,5.1874999999894955,3.9591836732524297,4.9999999998958335,4.391836734331663,4.685714285580409,0.0646258503338091,0.0416666666657986,0.0876139810758664,0.0887692932104048,4.669387754620331,6.171428571252245,0.0,34.6875,34.6875,34.6875,34.6875,278.6875,278.6875,26.8125,26.8125,61.5,61.5,0.5640243902439024,0.5640243902439024,2.4375,2.4375,268.375,268.375,25.867214236824093,154.0,5.0369526024136295,3,16.0,9.21875,1.0,1.0680545283990155,0.9685084466331546
2016,Terrance West,RB,158.5,14.8,BAL,00-0031375,16,10.6875,2014,2,vet,True,56,10,7.491790151433535,3.195709848566465,2,1.8,4.783333333333334,8.0,10.0,0.625,0.5,0.6875,3.397916666666667,1.0,-4.9,4.783333333333334,3.15,0.7261904761904763,0.625,0.5952380952380952,0.5,9.23809523809524,7.75,9.964285714285714,8.375,3.2738095238095237,2.625,35.273809523809526,28.875,0.5476190476190476,0.0,0.0114365808412665,0.0041288191577174,0.0015254012468494,0.0,0.1743155998195056,0.0822281167107662,0.0182226521346943,0.0061932287365762,0.5897435896982248,0.0,5.43939393834263,5.2499999986875,0.8153846152562525,0.79999999984,2.782608695652174,,0.4791666666658121,0.3124999999995321,6.145833333319064,3.8749999999897984,6.624999999984875,4.18749999998933,4.441025640339408,4.19999999916,4.6060606051646005,4.499999998875,0.0256410256390532,0.0,-0.0054525985630971,0.002349917590148,3.795761805900829,3.7258064515528098,0.0,42.25,42.25,41.75,41.75,317.75,317.75,23.9375,23.9375,66.1875,66.1875,0.6383380547686497,0.6383380547686497,1.8125,1.8125,278.0625,278.0625,25.593429158110883,94.0,4.543294782270004,2,16.0,10.6875,1.0,1.080727084617672,0.9766315228936145
2016,Chris Johnson,RB,159.4,12.8,ARI,00-0026164,3,5.1000000000000005,2008,8,vet,False,57,10,7.491790151433535,-2.3917901514335345,8,2.9766536964980546,10.382976530005942,11.0,13.486274509803922,0.8428921568627451,0.6875,0.953125,8.850196078431372,1.0,2.5329545454545457,10.382976530005942,9.745454545454546,1.9721479500891264,1.181818181818182,1.3115092097445038,0.5454545454545454,15.71062982768865,17.818181818181817,17.68277777777778,19.0,10.005362448009508,5.2727272727272725,65.56124183006537,74.0,2.047816399286987,3.5454545454545454,0.0550487925964308,0.0236363636363206,0.0043005497426295,0.0064784053156135,0.4576178523437402,0.4336283185831114,0.0855835737144869,0.0399894291754104,1.6060665855457703,2.999999999769231,8.286565330593543,9.666666665055557,168627451.57695282,0.4615384615029586,1.8360589541691903,1.4871794871794872,1.7867647058789125,0.8124999999985228,12.911519607814537,12.249999999972898,14.69828431369345,13.06249999997142,1019607847.910063,4.461538461195266,8.737902169075861,10.49999999825,3921568.6449819794,0.0,18044508.27439135,-0.2368938199312952,4.181435101164897,4.153061224468607,0.0,35.125,35.125,34.375,34.375,376.25,376.25,28.25,28.25,63.375,63.375,0.5542406311637081,0.5542406311637081,3.1875,3.1875,298.4375,298.4375,30.94045174537988,24.0,3.1780538303479458,8,16.0,0.95625,0.1875,0.6750572785240104,0.9046852274041101
2017,David Johnson,RB,1.3,0.6,ARI,00-0032187,1,13.0,2015,2,vet,False,1,1,19.40125646412411,-6.40125646412411,2,1.8,21.52916666666667,16.0,16.0,1.0,1.0,1.0,21.52916666666667,1.0,11.875,21.52916666666667,25.4875,6.1875,7.5,4.083333333333333,5.0,14.8125,18.3125,21.0,25.8125,46.145833333333336,54.9375,63.729166666666664,77.4375,27.645833333333332,33.0625,0.1603316180672065,0.1886792452827222,0.0721923851625432,0.0859463850527886,0.5817401172533581,0.7343358395971571,0.29103209671459,0.3431813374610353,4.511988304041478,4.408333333296597,11.556481481272378,10.987499999862656,0.654970760226521,0.6666666666611111,1.6740453920445628,1.6616257088846882,6.187499999989979,7.499999999988208,14.812499999963643,18.312499999954102,20.999999999953623,25.812499999942315,7.555847953128794,7.324999999938958,8.721296296138194,8.262499999896718,0.0456140350871237,0.0333333333330555,0.2015020986910283,0.1947177866225312,4.368445961297666,4.22866894196509,0.0,40.375,40.375,39.75,39.75,384.6875,384.6875,24.9375,24.9375,65.3125,65.3125,0.6181818181818182,0.6181818181818182,3.0,3.0,276.5625,276.5625,25.711156741957563,86.0,4.454347296253507,2,16.0,0.8125,0.0625,1.0755624851603047,0.9731265813145927
2017,LeVeon Bell,RB,2.3,0.8,PIT,00-0030496,15,22.89333333333333,2013,4,vet,True,2,1,19.40125646412411,3.492076869209221,4,2.6470588235294117,23.24869658119658,12.0,11.0,0.6875,0.75,0.734375,16.42458333333333,1.0,7.916666666666664,23.24869658119658,26.45,6.546794871794871,7.833333333333333,5.322435897435897,6.25,20.29017094017094,21.75,26.83696581196581,29.583333333333332,42.58504273504274,51.333333333333336,96.81858974358974,105.66666666666669,0.6914529914529915,-1.3333333333333333,0.1277377158360622,0.159322033898035,0.0024287847357533,-0.0030971738288805,0.5507020440301393,0.6381418092893933,0.1933067230691206,0.2368150291668362,0.1453526142869442,-0.170212765955636,7.854554216716436,8.213333333223822,0.822537131883147,0.7978723404170439,0.8181818181818182,0.0,4.716666666658683,5.874999999990042,14.016666666632249,16.312499999960117,18.733333333290933,22.18749999995016,6.377382003232185,6.553191489291987,8.219732262225543,8.866666666548443,0.0151570415398632,0.0212765957444545,0.1785644359380336,0.278390565364596,4.76387422483077,4.858237547874107,0.0,37.25,37.25,36.875,36.875,322.875,322.875,25.5625,25.5625,62.8125,62.8125,0.5930348258706468,0.5930348258706468,2.875,2.875,273.5625,273.5625,25.53593429158111,48.0,3.871201010907891,4,16.0,21.4625,0.9375,1.0830869384516861,0.9783542604796382
2017,Ezekiel Elliott,RB,6.2,2.8,DAL,00-0033045,10,20.32,2016,1,soph,True,3,1,18.801468895250412,1.518531104749588,1,1.0,21.69333333333333,15.0,15.0,0.9375,0.9375,0.9375,20.3375,1.0,0.0,21.69333333333333,21.69333333333333,2.6666666666666665,2.6666666666666665,2.1333333333333333,2.1333333333333333,21.466666666666665,21.466666666666665,24.133333333333333,24.133333333333333,24.2,24.2,108.73333333333332,108.73333333333332,-0.0666666666666666,-0.0666666666666666,0.0835073068891784,0.0835073068891784,-0.0002587991718425,-0.0002587991718425,0.6452905811610314,0.6452905811610314,0.1250798009134779,0.1250798009134779,-0.024999999999375,-0.024999999999375,11.343749999645508,11.343749999645508,0.79999999998,0.79999999998,0.0,0.0,2.499999999994781,2.499999999994781,20.12499999995967,20.12499999995967,22.62499999995445,22.62499999995445,9.074999999773128,9.074999999773128,11.874999999628908,11.874999999628908,0.024999999999375,0.024999999999375,0.3370131152282629,0.3370131152282629,5.065217391288617,5.065217391288617,0.0,30.1875,30.1875,29.9375,29.9375,241.5,241.5,31.1875,31.1875,61.375,61.375,0.4918533604887983,0.4918533604887983,3.0625,3.0625,237.4375,237.4375,22.11362080766598,4.0,1.3862943611198906,1,16.0,12.7,0.625,1.0107506706852958,1.0974624428527993
2017,Devonta Freeman,RB,7.0,1.9,ATL,00-0031285,14,14.3,2014,3,vet,True,4,1,16.783941579810566,-2.4839415798105673,3,2.3333333333333335,16.952559523809523,16.0,15.714285714285714,0.9821428571428572,1.0,0.9791666666666666,16.575892857142858,1.0,-3.3370833333333287,16.952559523809523,17.75625,4.499404761904762,4.0625,3.586904761904762,3.375,13.73511904761905,14.1875,18.23452380952381,18.25,29.51845238095238,28.875,60.864285714285714,67.4375,8.902380952380954,4.625,0.1234829601743806,0.1226415094337308,0.0289640895267551,0.0161395856052309,0.5133436486987698,0.5391923990486005,0.2054993029302996,0.1952599740742579,1.8070196173020592,1.1384615384440235,8.222548379925389,8.55555555539712,0.805577481853491,0.8307692307564497,2.7008455438938648,3.0,4.383928571420854,4.062499999992335,13.419642857110771,14.1874999999663,17.803571428531626,18.249999999958636,6.632768012045939,7.107692307582958,6.922012031469139,7.703703703561043,0.0302799457433973,0.0307692307687573,0.0679039654539047,0.0650950808718478,4.399773113571091,4.753303964736769,0.0,33.5625,33.5625,33.125,33.125,286.5625,286.5625,26.3125,26.3125,59.875,59.875,0.5605427974947808,0.5605427974947808,3.625,3.625,310.0,310.0,25.464750171115675,103.0,4.634728988229636,3,16.0,12.5125,0.875,1.08586822634314,0.9804992161368382
2017,LeSean McCoy,RB,7.8,2.0,BUF,00-0027029,16,16.475,2009,8,vet,True,5,1,16.783941579810566,-0.3089415798105648,8,2.9766536964980546,17.638952614379086,15.0,14.345098039215689,0.8965686274509804,0.9375,0.9140625,15.919240196078432,1.0,4.995000000000001,17.638952614379086,19.886666666666667,3.8022385620915022,3.8,3.0079738562091505,3.3333333333333335,16.709362745098037,15.6,20.51160130718954,19.4,23.03941176470588,23.733333333333334,82.0507679738562,84.46666666666667,0.0352614379084967,-1.8666666666666667,0.1124080428593464,0.1241830065356771,-0.0009872529404922,-0.0064205457463869,0.4909321781746334,0.4756097560965943,0.167920987230675,0.1817801277810448,-0.0473376403849624,-0.4912280701668206,7.618579440705127,7.1199999998576,0.7927368388904884,0.8771929824407511,0.7529411764705882,0.0,3.3703431372478767,3.5624999999922387,15.00318627447912,14.624999999970274,18.373529411727,18.18749999996251,5.974730937531313,6.245614034978147,8.172758560773893,7.7599999998448,0.0230673744240295,0.017543859648815,0.1299505923905735,0.2380322283688296,4.940073198224538,5.414529914506776,0.0,29.625,29.625,28.6875,28.6875,272.5625,272.5625,30.75,30.75,60.375,60.375,0.4906832298136646,0.4906832298136646,2.875,2.875,203.125,203.125,29.13894592744695,53.0,3.970291913552122,8,16.0,16.475,1.0,0.8084270593395636,0.9048738314970838
2017,Melvin Gordon III,RB,10.1,2.6,LAC,00-0032144,16,18.006249999999998,2015,2,vet,True,6,1,16.783941579810566,1.2223084201894316,2,1.8,15.42985347985348,13.0,13.333333333333334,0.8333333333333334,0.8125,0.84375,12.697916666666666,1.0,11.54120879120879,15.42985347985348,19.276923076923076,3.804029304029304,4.384615384615385,2.888278388278388,3.1538461538461537,17.406593406593405,19.53846153846154,21.21062271062271,23.923076923076923,26.05860805860806,32.23076923076923,66.39010989010988,76.6923076923077,0.3003663003663002,2.3076923076923075,0.0860911116131927,0.1010638297870548,0.0005164574078324,0.0061868426479673,0.5815250979224197,0.6381909547722658,0.1294981876052719,0.1559265345341594,-0.1175912754795067,0.5263157894644507,8.7524020692503,10.219512194872696,0.7768294610235396,0.7192982456014159,2.0,3.0,3.145833333327953,3.5624999999936837,14.41666666663032,15.874999999960112,17.562499999958273,19.437499999953797,6.630314524918643,7.350877192853494,9.26878541488552,10.024390243657942,0.0233918128650866,0.03508771929763,0.1938971046938462,0.270591682261361,3.778029784303825,3.925196850378247,0.0,36.25,36.25,35.25,35.25,303.0625,303.0625,24.875,24.875,61.125,61.125,0.5930470347648262,0.5930470347648262,2.6875,2.6875,274.125,274.125,24.386036960985628,15.0,2.70805020110221,2,16.0,18.006249999999998,1.0,1.107709855321198,1.0165884671557317
2017,Jay Ajayi,RB,13.8,2.6,PHI,00-0031590,14,9.65,2015,2,vet,True,7,2,15.798529411764708,-6.148529411764708,2,1.8,11.15037037037037,15.0,13.0,0.8125,0.9375,0.75,9.860416666666667,1.0,9.60888888888889,11.15037037037037,14.353333333333332,1.962962962962963,2.3333333333333335,1.4592592592592597,1.8,13.370370370370368,17.333333333333332,15.333333333333334,19.666666666666668,10.044444444444444,10.066666666666666,63.459259259259255,84.8,2.837037037037037,3.2,0.0562752693243504,0.0749464668092613,0.0096904819555455,0.0126649076517116,0.4754641592484942,0.6419753086403902,0.0911962413554074,0.1212851355700902,1.4900432899648262,1.371428571389388,8.014109346692347,5.59259259238546,0.7264069263729488,0.7714285714065306,3.0,3.0,1.6874999999964828,2.1874999999953157,11.85416666663695,16.249999999959876,13.541666666633432,18.437499999955193,5.603463203133093,4.314285714162449,6.973544972893649,4.888888888707819,0.0,0.0,-0.0576237789967493,-0.1903624606153179,4.533647305037371,4.892307692288876,1.0,38.0625,29.8125,37.75,29.1875,283.3125,236.875,27.375,25.3125,65.4375,55.125,0.5816618911174785,0.5408163265306123,2.0,2.5625,237.375,232.25,24.213552361396303,149.0,5.003946305945459,2,16.0,8.44375,0.875,1.1074425798845906,1.0232485266238516
2017,DeMarco Murray,RB,15.2,2.4,TEN,00-0028009,15,11.433333333333334,2011,6,vet,True,8,2,15.48991409805029,-4.056580764716957,6,2.9076923076923076,17.049158090586662,16.0,15.38095238095238,0.9613095238095238,1.0,0.875,16.5,1.0,6.069166666666668,17.049158090586662,18.3625,4.041525670097099,4.1875,3.263114134542706,3.3125,17.375905575905577,18.3125,21.417431246002675,22.5,23.32926332926333,23.5625,75.66961451247165,80.4375,0.5100877958020813,3.6875,0.1195078333101961,0.1367346938772719,0.0013467352433226,0.0125665601703913,0.5833249055318646,0.6155462184861018,0.1802044646356201,0.2138986329351818,0.0805038915910851,0.8805970149122299,7.157078230546126,7.1132075470356,0.8073028231211822,0.7910447761075963,1.8095238095238095,3.0,3.887896825389357,4.187499999991454,16.819444444407985,18.312499999961528,20.707341269797343,22.499999999952983,5.779769878609202,5.626865671557808,7.194342476362561,6.037735848942685,0.0283230313076679,0.0447761194023167,0.1004712548745814,0.1269963665620882,4.298076363293468,4.3924914675618005,0.0,31.5,31.5,30.625,30.625,293.4375,293.4375,29.75,29.75,61.25,61.25,0.5142857142857142,0.5142857142857142,2.8125,2.8125,232.5,232.5,29.5523613963039,71.0,4.2626798770413155,6,16.0,10.71875,0.9375,0.775699016185042,0.9048574487310913
2017,Jordan Howard,RB,16.8,2.7,CHI,00-0032780,16,12.48125,2016,1,soph,True,9,2,15.48991409805029,-3.0086640980502892,1,1.0,15.34,15.0,15.0,0.9375,0.9375,0.9375,14.38125,1.0,0.0,15.34,15.34,3.3333333333333335,3.3333333333333335,1.9333333333333331,1.9333333333333331,16.8,16.8,20.133333333333333,20.133333333333333,19.866666666666667,19.866666666666667,87.53333333333333,87.53333333333333,3.7333333333333334,3.7333333333333334,0.0909090909089256,0.0909090909089256,0.0110891089108888,0.0110891089108888,0.663157894735097,0.663157894735097,0.1441260126010106,0.1441260126010106,1.1199999999776,1.1199999999776,10.275862068611175,10.275862068611175,0.5799999999884,0.5799999999884,3.0,3.0,3.1249999999943183,3.1249999999943183,15.749999999958554,15.749999999958554,18.874999999952873,18.874999999952873,5.9599999998808,5.9599999998808,9.793103447938169,9.793103447938169,0.0199999999996,0.0199999999996,0.1500864069832274,0.1500864069832274,5.2103174602967846,5.2103174602967846,0.0,34.9375,34.9375,34.375,34.375,315.625,315.625,23.75,23.75,58.6875,58.6875,0.5953141640042598,0.5953141640042598,1.8125,1.8125,258.6875,258.6875,22.830937713894592,150.0,5.0106352940962555,1,16.0,12.48125,1.0,1.061838195764945,1.0757750922551002
2017,Kareem Hunt,RB,18.7,3.0,KC,00-0033923,15,19.046666666666667,2017,0,rookie,True,10,2,15.48991409805029,3.556752568616377,0,,,,,,,,,,,,,,,,,,,,,,,,,,,,,,,,,,,,,,,,,,,,,,,,,,,,,,,,,,,,,,,,,,,,,,,,,,,,22.072553045859,86.0,4.454347296253507,0,16.0,17.85625,0.9375,1.007411549903132,1.0985549956656726
2017,Todd Gurley,RB,19.4,2.9,LA,00-0032241,15,25.553333333333335,2015,2,vet,True,11,2,15.48991409805029,10.063419235283044,2,1.8,13.601923076923075,16.0,15.0,0.9375,1.0,0.90625,12.6,1.0,-3.6432692307692314,13.601923076923075,12.3875,3.0833333333333335,3.625,2.330128205128205,2.6875,17.455128205128204,17.375,20.538461538461537,21.0,18.44551282051282,20.4375,65.23397435897436,55.3125,2.0064102564102564,3.625,0.0914744933611085,0.1094339622639444,0.0086592149658595,0.015096304008325,0.6721554001536675,0.7413333333313564,0.1432731905177645,0.1747183562017442,0.4615384615348568,0.9999999999827588,8.053894425727448,7.604651162613845,0.7634836427751109,0.7413793103320452,2.0,3.0,2.9583333333276163,3.6249999999931606,16.354166666624653,17.374999999953666,19.312499999952273,20.999999999946827,6.168877099754077,5.637931034385553,8.601698043280352,8.093023255625745,0.0,0.0,-0.1060027117257797,-0.1907695658660164,3.7322002659734186,3.183453237398621,0.0,33.5,33.5,33.125,33.125,240.125,240.125,23.4375,23.4375,56.9375,56.9375,0.5883644346871569,0.5883644346871569,1.4375,1.4375,207.0625,207.0625,23.080082135523615,10.0,2.302585092994046,2,16.0,23.95625,0.9375,1.0757689340022705,1.0672029519315498
2017,Christian McCaffrey,RB,22.9,3.7,CAR,00-0033280,16,14.2875,2017,0,rookie,True,12,2,14.434106455309395,-0.1466064553093957,0,,,,,,,,,,,,,,,,,,,,,,,,,,,,,,,,,,,,,,,,,,,,,,,,,,,,,,,,,,,,,,,,,,,,,,,,,,,,21.234770704996578,8.0,2.0794415416798357,0,16.0,14.2875,1.0,0.9325770278635969,1.024787839729193
2017,Leonard Fournette,RB,27.0,4.0,JAX,00-0033856,13,17.707692307692305,2017,0,rookie,True,13,3,14.434106455309395,3.2735858523829098,0,,,,,,,,,,,,,,,,,,,,,,,,,,,,,,,,,,,,,,,,,,,,,,,,,,,,,,,,,,,,,,,,,,,,,,,,,,,,22.62012320328542,4.0,1.3862943611198906,0,16.0,14.387499999999998,0.8125,1.048388611554253,1.0826266861643008
2017,Dalvin Cook,RB,27.5,3.9,MIN,00-0033893,4,16.35,2017,0,rookie,True,14,3,14.434106455309395,1.915893544690606,0,,,,,,,,,,,,,,,,,,,,,,,,,,,,,,,,,,,,,,,,,,,,,,,,,,,,,,,,,,,,,,,,,,,,,,,,,,,,22.06160164271047,41.0,3.713572066704308,0,16.0,4.0875,0.25,1.0065169713012445,1.0988450322596544
2017,Isaiah Crowell,RB,29.8,3.8,CLE,00-0030656,16,8.96875,2014,3,vet,True,15,3,13.416324058711414,-4.447574058711414,3,2.3333333333333335,10.95142857142857,16.0,15.857142857142858,0.9910714285714286,1.0,0.9791666666666666,10.87857142857143,1.0,4.206250000000001,10.95142857142857,12.81875,2.419047619047619,3.3125,1.8535714285714284,2.5,11.78452380952381,12.375,14.203571428571427,15.6875,15.471428571428572,19.9375,52.38809523809524,59.5,-0.525,0.0625,0.0687422488730928,0.0949820788528763,-0.0018411610485763,0.0002068680182043,0.5066876985802017,0.5657142857126694,0.1018245605756358,0.1426179258920576,-0.288847271322386,0.0188679245279458,8.674937342946984,7.974999999800626,0.7698568277823973,0.7547169811178356,2.090909090909091,3.0,2.4107142857099895,3.312499999994064,11.696428571396902,12.374999999964642,14.107142857106892,15.687499999958703,6.6907445651718955,6.018867924414739,9.135756056393028,8.124999999796875,0.0129870129864226,0.0,0.1741398901071681,0.1047637887859681,4.423729573705845,4.808080808056525,0.0,35.4375,35.4375,34.875,34.875,302.125,302.125,21.875,21.875,57.3125,57.3125,0.6183206106870229,0.6183206106870229,1.75,1.75,230.8125,230.8125,24.646132785763175,260.0,5.560681631015528,3,16.0,8.96875,1.0,1.1060572969992986,1.0070383172160375
2017,Ty Montgomery II,RB,32.6,4.9,GB,00-0032200,8,11.45,2015,2,vet,True,16,3,13.416324058711414,-1.9663240587114144,2,1.8,8.577777777777778,15.0,12.0,0.75,0.9375,0.65625,6.729166666666667,1.0,2.366666666666667,8.577777777777778,9.366666666666667,3.5444444444444443,3.7333333333333334,2.788888888888889,2.933333333333333,3.588888888888889,5.133333333333334,7.133333333333334,8.866666666666667,23.022222222222226,23.2,21.08888888888889,30.466666666666665,9.966666666666669,4.533333333333333,0.0720129140121609,0.0912052117262358,0.0175236238220524,0.0126629422718784,0.1395484799420634,0.2058823529406259,0.1202859076936781,0.1456718771796686,3.0025062655342847,1.2142857142640306,8.29494949462818,7.909090908911158,0.7869674185231618,0.7857142857002551,2.3626666666666667,3.0,2.729166666662166,3.4999999999943,3.2708333333246116,4.812499999987132,5.999999999986777,8.312499999981432,6.5288220549382885,6.214285714174745,6.916161615915576,7.340909090742253,0.0350877192963988,0.0,0.1972148919725966,0.0549477330372978,5.512265511695607,5.935064934987856,0.0,38.75,38.75,38.375,38.375,335.625,335.625,23.375,23.375,62.125,62.125,0.6237424547283702,0.6237424547283702,3.1875,3.1875,277.8125,277.8125,24.607802874743328,94.0,4.543294782270004,2,16.0,5.725,0.5,1.1064504515789313,1.0084052024777193
2017,Carlos Hyde,RB,35.2,4.5,SF,00-0031045,16,14.6125,2014,3,vet,True,17,3,13.416324058711414,1.1961759412885868,3,2.3333333333333335,12.518445839874412,13.0,11.428571428571429,0.7142857142857143,0.8125,0.7083333333333334,8.974107142857141,1.0,3.162637362637362,12.518445839874412,14.776923076923076,2.2260596546310834,2.5384615384615383,1.7582417582417584,2.076923076923077,15.07927786499215,16.692307692307693,17.305337519623233,19.23076923076923,10.021978021978024,12.538461538461538,66.01020408163265,76.0,3.624018838304553,5.538461538461538,0.0516068480439815,0.0677618069813803,0.0112212551026124,0.0180859080632961,0.3802194058526619,0.4737991266365201,0.085265150637801,0.1143028461163778,1.4818722943190257,2.1818181817520665,5.63588263556226,6.037037036813443,0.7841991341643019,0.8181818181570248,2.5793650793650795,2.263888888888889,1.589285714282489,2.062499999995765,10.544642857119092,13.562499999970386,12.133928571401585,15.624999999966152,4.439177488986711,4.939393939244261,5.427008176685996,5.370370370171468,0.0519480519464777,0.0909090909063361,-0.1805958780300013,-0.1701633889585758,4.342563257552326,4.552995391684088,0.0,30.6875,30.6875,30.4375,30.4375,248.8125,248.8125,28.625,28.625,59.3125,59.3125,0.5173867228661749,0.5173867228661749,2.25,2.25,197.875,197.875,26.94866529774127,57.0,4.04305126783455,3,16.0,14.6125,1.0,0.9964846106349925,0.9366799505262965
2017,Lamar Miller,RB,35.2,4.7,HOU,00-0029615,16,12.09375,2012,5,vet,True,18,3,13.416324058711414,-1.322574058711414,5,2.8181818181818183,13.251568100358424,14.0,14.741935483870968,0.9213709677419356,0.875,0.8875,12.305846774193547,1.0,-0.84375,13.251568100358424,13.65,2.949884792626728,2.7857142857142856,2.3337173579109067,2.2142857142857144,15.647657450076805,19.142857142857142,18.597542242703533,21.928571428571427,16.398617511520737,13.428571428571429,66.23995135688683,76.64285714285714,1.4388120839733745,1.3571428571428572,0.075978815283308,0.067590987868167,0.0044357764902078,0.0038407115423481,0.555186643586206,0.5877192982443252,0.1170732664681076,0.1040749798818943,0.5075882427206275,0.4871794871669954,6.907452181952118,6.064516128836629,0.7867708974471678,0.7948717948514136,2.129032258064516,3.0,2.756048387092025,2.4374999999957754,14.332661290287882,16.74999999996327,17.08870967737991,19.187499999959044,5.442439846379224,4.820512820389218,6.706024608352689,5.612903225625391,0.0247703626305977,0.0256410256403681,-0.0003689404840437,-0.0122245897706447,4.299470208053842,4.003731343268643,0.0,36.4375,36.4375,36.0625,36.0625,309.1875,309.1875,28.5,28.5,64.9375,64.9375,0.5611164581328201,0.5611164581328201,1.4375,1.4375,213.625,213.625,26.354551676933607,97.0,4.574710978503383,5,16.0,12.09375,1.0,1.039862313138795,0.9541231064320609
2017,Marshawn Lynch,RB,36.4,6.0,LV,00-0025399,15,10.946666666666664,2007,10,vet,True,19,3,13.416324058711414,-2.4696573920447484,9,2.9883040935672516,14.656249112922303,7.0,11.426614481409002,0.7141634050880626,0.4375,0.8819444444444444,11.274513209393346,2.0,-7.0794642857142875,14.656249112922303,11.814285714285711,2.851502835064479,3.0,1.9932718292796572,1.8571428571428572,16.8870647943055,15.857142857142858,19.73856762936998,18.857142857142858,15.509938137531094,11.428571428571429,70.29918424693375,59.57142857142857,0.4364522626753546,0.4285714285714285,0.0719258272479349,0.0444915254236345,0.0011213175787403,0.0007342143906018,0.3854454616232724,0.221999999999556,0.1086736631770205,0.0672512382088731,0.1633619977698409,0.1428571428503401,7.635830537919926,6.153846153372781,219178082.8850869,0.6190476190181405,2.220472440944882,3.0,1.9965753424612327,1.3124999999972191,12.355919765141993,6.937499999986125,14.352495107603223,8.249999999983345,1534246580.7556152,3.809523809342404,8.064175100867695,6.692307691792899,3913894.354271366,0.0,68446634.378001,-0.6011478831752523,4.132867105138903,3.756756756722912,1.0,37.25,35.4375,36.8125,34.25,283.625,296.625,27.125,25.1875,64.375,60.625,0.5786407766990291,0.5845360824742268,2.875,2.25,258.5625,276.375,31.362080766598226,12.0,2.4849066497880004,10,16.0,10.262499999999998,0.9375,0.6470258971848329,0.9044805302343496
2017,Joe Mixon,RB,42.5,4.9,CIN,00-0033897,14,10.092857142857143,2017,0,rookie,True,20,4,12.035856922066072,-1.9429997792089289,0,,,,,,,,,,,,,,,,,,,,,,,,,,,,,,,,,,,,,,,,,,,,,,,,,,,,,,,,,,,,,,,,,,,,,,,,,,,,21.10609171800137,48.0,3.871201010907891,0,16.0,8.83125,0.875,0.9202655435888392,1.0112590276345053
2017,Bilal Powell,RB,48.6,6.4,NYJ,00-0028064,15,9.68,2011,6,vet,True,21,4,11.36028003858886,-1.6802800385888617,6,2.9076923076923076,10.524244829244829,16.0,14.317460317460318,0.8948412698412699,1.0,0.7708333333333334,9.473809523809525,1.0,0.0306818181818187,10.524244829244829,12.3125,4.246495567924139,4.625,3.2088710231567372,3.625,7.10527726242012,8.1875,11.351772830344258,12.8125,23.50683020683021,24.25,35.264306328592035,45.125,0.600755857898715,-2.0625,0.1093135628155144,0.1355311355308873,-0.0001578673122115,-0.0067401960784299,0.2373349139925923,0.3133971291858531,0.1638598371047235,0.1985785660414299,0.0958757539448286,-0.4459459459399196,7.408824972149765,6.689655172298455,0.7516669193045038,0.783783783773192,0.8383275261324041,0.0,3.766865079358247,4.624999999991529,6.46130952379469,8.187499999980412,10.228174603152938,12.81249999997194,5.5437401595476645,5.2432432431723885,7.863753459887174,7.241379310219977,0.0217904979806606,0.0270270270266617,-0.0622072577465371,-0.0813019691346022,4.8808386632773555,5.511450381637317,0.0,34.375,34.375,34.125,34.125,306.0,306.0,26.125,26.125,60.5,60.5,0.5681818181818182,0.5681818181818182,1.625,1.625,227.8125,227.8125,28.84599589322382,126.0,4.836281906951478,6,16.0,9.075,0.9375,0.8324531558833732,0.9053174877738395
2017,Doug Martin,RB,49.0,6.3,TB,00-0029613,11,6.909090909090909,2012,5,vet,True,22,4,11.36028003858886,-4.451189129497952,5,2.8181818181818183,11.593768328445746,8.0,10.580645161290322,0.6612903225806451,0.5,0.7125,8.067741935483872,1.0,-3.8312500000000007,11.593768328445746,10.6875,2.375733137829912,2.0,1.815799120234604,1.75,17.516067937438905,18.0,19.89180107526882,20.0,15.42815249266862,16.75,63.40359237536656,52.625,4.5653103616813295,3.5,0.0481988941706195,0.0280210157617722,0.0088493711316374,0.0048417776240697,0.42063972272615,0.317880794701285,0.0784929010480754,0.0454207679795072,1.741635246394068,1.749999999890625,8.360154437993593,9.571428570744898,0.7838709677034507,0.8749999999453125,2.453478086580287,3.0,1.6249999999969875,0.9999999999982488,11.526209677393066,8.999999999980133,13.151209677390051,9.999999999978382,6.719857561455616,8.374999999476563,6.969944801326036,7.642857142311224,0.0063259321322438,0.0,3.269059586057961e-05,0.0680590957885817,3.619599579706773,2.9236111110908083,0.0,36.125,36.125,35.6875,35.6875,361.4375,361.4375,28.3125,28.3125,64.4375,64.4375,0.5606207565470417,0.5606207565470417,2.3125,2.3125,260.3125,260.3125,28.632443531827516,31.0,3.4339872044851463,5,16.0,4.75,0.6875,0.850423712518093,0.9061731619644822
2017,CJ Anderson,RB,51.4,6.1,DEN,00-0029854,16,10.94375,2013,4,vet,True,23,4,11.36028003858886,-0.4165300385888617,4,2.6470588235294117,12.460571428571429,7.0,9.733333333333333,0.6083333333333333,0.4375,0.59375,7.548333333333334,1.0,5.222857142857142,12.460571428571429,14.642857142857142,2.920952380952381,3.4285714285714284,1.9873015873015871,2.2857142857142856,13.02126984126984,15.714285714285714,15.942222222222222,19.142857142857142,16.091428571428573,18.285714285714285,55.44761904761905,62.42857142857143,5.435238095238095,6.714285714285714,0.0487442570735822,0.0431654676258216,0.0097246892250545,0.0094872830036315,0.2965980660540724,0.2682926829261749,0.0799236680679116,0.0713892995412745,2.004040403647411,1.958333333251736,7.489254901578668,7.9999999995,0.6437710437487433,0.6666666666388888,2.652482269503546,2.723404255319149,1.7708333333302868,1.4999999999973022,7.720833333314797,6.874999999983232,9.491666666645084,8.374999999980535,5.181818181639695,5.333333333111111,6.157960784001075,6.49999999959375,0.0282828282817646,0.0416666666649305,-0.0822811997066938,-0.0318560208551093,4.376252769983549,3.972727272691157,0.0,35.625,35.625,34.75,34.75,309.625,309.625,25.625,25.625,61.25,61.25,0.5816326530612245,0.5816326530612245,1.9375,1.9375,244.625,244.625,26.55715263518138,260.0,5.560681631015528,4,16.0,10.94375,1.0,1.0260762739744829,0.9481129313478709
2017,Ameer Abdullah,RB,53.0,6.3,DET,00-0032104,14,8.885714285714284,2015,2,vet,True,24,4,11.36028003858886,-2.474565752874577,2,1.8,11.370833333333332,2.0,6.666666666666667,0.4166666666666667,0.125,0.5625,3.5541666666666667,1.0,6.0875,11.370833333333332,13.4,2.4583333333333335,2.5,2.1875,2.5,8.979166666666666,9.0,11.4375,11.5,22.8125,28.5,46.104166666666664,50.5,0.9583333333333334,1.5,0.0261115422995471,0.0086206896551575,0.0002991854901231,0.000692680674209,0.1689373150385316,0.0514285714284244,0.0393767432924068,0.0134159109546826,0.3824561402713388,0.59999999988,10.0399999983824,11.39999999772,0.8859649121415973,0.9999999998,2.0,3.0,0.999999999998368,0.3124999999994612,3.729166666656108,1.1249999999967857,4.729166666654476,1.437499999996247,9.205263156332494,11.39999999772,9.9066666651184,10.79999999784,0.1421052631309972,0.19999999996,0.7678853095989554,1.3269921095716115,5.132349132131582,5.611111110799382,0.0,37.125,37.125,36.25,36.25,270.6875,270.6875,21.875,21.875,59.0,59.0,0.6292372881355932,0.6292372881355932,2.0625,2.0625,270.4375,270.4375,24.21902806297057,54.0,3.9889840465642745,2,16.0,7.774999999999999,0.875,1.1074665120180283,1.0230341023956053
2017,Mark Ingram II,RB,57.6,5.9,NO,00-0027966,16,17.375,2011,6,vet,True,25,5,11.36028003858886,6.014719961411139,6,2.9076923076923076,14.568193195693196,16.0,14.19047619047619,0.8869047619047619,1.0,0.8125,12.97281746031746,1.0,-1.8125,14.568193195693196,15.1375,3.5667277167277165,3.625,2.871559921559922,2.875,13.185299885299886,12.8125,16.7520276020276,16.4375,20.63782606282606,19.9375,63.005995855995856,65.1875,0.0414021164021164,0.5625,0.0762771183523501,0.0873493975902299,0.0003554649802119,0.0018656716417906,0.4651945513312178,0.5074257425730014,0.1146645030146735,0.1323300665345983,-0.0560893342427446,0.155172413790428,7.051090018532553,6.9347826085448965,0.789661849412039,0.7931034482621879,1.5238095238095235,3.0,3.155753968249201,3.624999999994541,11.678571428542352,12.812499999968288,14.834325396791556,16.437499999962828,5.560126293319473,5.499999999905173,7.46544295336337,7.043478260716447,0.0350301039950172,0.0689655172401902,0.0664839912178469,0.275551487668072,4.80213800439935,5.087804878023962,0.0,42.125,42.125,41.5,41.5,301.5,301.5,25.25,25.25,67.375,67.375,0.6252319109461967,0.6252319109461967,3.4375,3.4375,328.625,328.625,27.696098562628336,28.0,3.332204510175204,6,16.0,17.375,1.0,0.9328457413621943,0.9181709238656282
2017,Danny Woodhead,RB,61.7,6.1,BAL,00-0026019,8,7.324999999999999,2008,9,vet,True,26,5,11.36028003858886,-4.035280038588862,8,2.9766536964980546,12.508366013071896,2.0,7.250980392156863,0.4531862745098039,0.125,0.6953125,6.104191176470588,1.0,-1.643749999999999,12.508366013071896,13.55,4.441045751633987,4.0,3.3927170868347343,3.0,7.647619047619047,9.5,12.088664799253037,13.5,25.76612511671335,17.5,38.974677871148465,58.0,6.349878618113912,7.0,0.0630217677484347,0.0141843971630954,0.0098302241543936,0.0028871932357181,0.113147172151116,0.0477386934672167,0.1014138085307277,0.0232976310096458,1.5583140263798794,1.74999999978125,7.266247427732831,5.833333332361111,0.7655027863383576,0.74999999990625,2.710906294781727,2.5,2.465196078427412,0.4999999999991135,2.9424019607771856,1.1874999999970164,5.407598039204598,1.6874999999961298,5.55693767794174,4.374999999453125,6.505113214915966,5.166666665805556,0.0831682665296407,0.124999999984375,0.1430005683393503,0.0412628461991691,4.753673071288902,6.1052631575734075,1.0,42.4375,36.25,41.5625,35.25,312.5,303.0625,22.9375,24.875,65.375,61.125,0.6491395793499044,0.5930470347648262,1.875,2.6875,271.4375,274.125,32.59958932238193,260.0,5.560681631015528,9,16.0,3.6625,0.5,0.5705429097314526,0.9031839700520335
2017,Mike Gillislee,RB,65.3,7.2,NE,00-0030433,9,7.644444444444444,2013,4,vet,True,27,5,10.925918745824406,-3.281474301379962,3,2.0864197530864197,8.413076923076922,15.0,10.923076923076923,0.6826923076923077,0.9375,0.4583333333333333,5.83701923076923,1.0,-1.9400000000000013,8.413076923076922,8.379999999999999,0.8820512820512819,0.7333333333333333,0.7384615384615384,0.6,7.266666666666667,6.733333333333333,8.148717948717948,7.466666666666667,3.835897435897436,3.3333333333333335,40.910256410256416,38.46666666666667,1.1897435897435895,0.5333333333333333,0.0194097841156242,0.0239651416121482,0.0020399895981447,0.0018344416418248,0.1560630822906568,0.2052845528451112,0.0305426688921377,0.0372318215674997,1.0629370628084642,0.7272727272066115,4.905982905355176,5.555555554938271,0.7672327671493182,0.8181818181074381,2.6904761904761902,3.0,0.5576923076910946,0.6874999999985022,4.8173076922979385,6.312499999987169,5.374999999989033,6.999999999985672,4.071928071491677,4.545454545041323,4.598290597691358,4.888888888345679,0.0559440559389701,0.0909090909008264,-0.1024707020758111,-0.1251349467596431,5.532798042371502,5.71287128707215,1.0,34.375,29.625,34.125,28.6875,266.5625,272.5625,30.125,30.75,64.5,60.375,0.5329457364341085,0.4906832298136646,3.1875,2.875,278.5,203.125,26.833675564681723,164.0,5.099866427824199,4,16.0,4.3,0.5625,1.0055268689935497,0.9399808991740244
2017,Rob Kelley,RB,67.0,7.1,WAS,00-0032371,7,6.171428571428572,2016,1,soph,True,28,5,10.925918745824406,-4.754490174395834,1,1.0,9.471428571428572,14.0,14.0,0.875,0.875,0.875,8.2875,1.0,0.0,9.471428571428572,9.471428571428572,1.2857142857142858,1.2857142857142858,0.8571428571428571,0.8571428571428571,12.0,12.0,13.285714285714286,13.285714285714286,5.857142857142857,5.857142857142857,50.285714285714285,50.285714285714285,1.0714285714285714,1.0714285714285714,0.0303541315345187,0.0303541315345187,0.0028857252789528,0.0028857252789528,0.4432717678088568,0.4432717678088568,0.0475512049970452,0.0475512049970452,0.8333333332870371,0.8333333332870371,6.833333332763889,6.833333332763889,0.6666666666296296,0.6666666666296296,3.0,3.0,1.1249999999981029,1.1249999999981029,10.499999999972296,10.499999999972296,11.6249999999704,11.6249999999704,4.555555555302469,4.555555555302469,6.499999999458334,6.499999999458334,0.0555555555524691,0.0555555555524691,-0.0423900752253045,-0.0423900752253045,4.190476190451247,4.190476190451247,0.0,37.9375,37.9375,37.0625,37.0625,324.875,324.875,23.6875,23.6875,61.625,61.625,0.6156186612576064,0.6156186612576064,2.625,2.625,309.25,309.25,24.91170431211499,260.0,5.560681631015528,1,16.0,2.7,0.4375,1.101928376103701,0.9979298163085948
2017,Adrian Peterson,RB,69.9,7.4,ARI,00-0025394,10,7.890000000000001,2007,10,vet,True,29,5,10.925918745824406,-3.0359187458244055,10,2.994146341463414,9.253374994181446,3.0,7.419354838709677,0.4637096774193548,0.1875,0.76875,6.499334066471163,1.0,-13.29375,9.253374994181446,3.0,2.287820602336731,2.0,1.4843632174277337,1.0,16.398447609737936,12.333333333333334,18.686268212074665,14.333333333333334,8.74683819764465,2.6666666666666665,56.967438206954334,24.0,-0.4486640599543826,0.6666666666666666,0.0361073135071684,0.0102564102563927,0.0003170681793895,0.0005162622612285,0.3081541464942133,0.0973684210523753,0.0543829179863254,0.015745998967449,-0.1173594268194659,0.3333333332777777,5.111059765871165,2.6666666657777776,59628544.132418364,0.4999999999166666,1.8026143790849671,3.0,1.0911534701834713,0.3749999999993589,8.68487292275689,2.312499999993914,9.77602639294036,2.687499999993274,506353864.73210394,1.333333333111111,5.975758286018629,3.666666665444444,977517.1095631506,0.0,27844916.13137236,-0.3723145949344197,3.1705831245393576,1.945945945893353,1.0,40.375,36.75,39.75,36.5625,384.6875,242.125,24.9375,23.75,65.3125,60.5,0.6181818181818182,0.6074380165289256,3.0,1.8125,276.5625,257.4375,32.44900752908966,7.0,1.9459101490553132,10,16.0,4.93125,0.625,0.5794285765005058,0.9034111172178035
2017,Tevin Coleman,RB,73.2,7.6,ATL,00-0032058,15,11.18,2015,2,vet,True,30,5,10.925918745824406,0.2540812541755937,2,1.8,10.983333333333333,13.0,12.666666666666666,0.7916666666666666,0.8125,0.78125,8.85,1.0,11.15,10.983333333333333,14.7,2.356837606837607,3.076923076923077,1.6452991452991454,2.3846153846153846,8.467948717948717,9.076923076923077,10.824786324786324,12.153846153846152,21.97863247863248,32.38461538461539,37.55555555555555,40.0,6.527777777777778,8.0,0.0562571990661829,0.0754716981130651,0.0181203792002564,0.0226826608505948,0.2559043094666466,0.2802850356287879,0.0970700640394538,0.1290854097650141,3.036363636201846,2.599999999935,11.387096772734823,13.580645160852235,0.577272727254301,0.7749999999806251,2.1085271317829455,3.0,1.895833333329817,2.499999999995283,6.729166666650673,7.374999999982483,8.62499999998049,9.874999999977764,7.440909090695107,10.524999999736876,9.553763439694505,11.580645160916754,0.04999999999875,0.074999999998125,0.0875679958390891,0.5877018018578053,4.439768816114733,4.406779660979604,0.0,33.5625,33.5625,33.125,33.125,286.5625,286.5625,26.3125,26.3125,59.875,59.875,0.5605427974947808,0.5605427974947808,3.625,3.625,310.0,310.0,24.37782340862423,73.0,4.290459441148391,2,16.0,10.48125,0.9375,1.1077202217916693,1.016900800266055
2017,Darren McFadden,RB,75.3,7.7,DAL,00-0026144,0,,2008,9,vet,False,31,6,10.925918745824406,,9,2.9883040935672516,7.743094227364286,3.0,8.800391389432486,0.5500244618395304,0.1875,0.7083333333333334,5.398346379647749,1.0,-7.7645833333333325,7.743094227364286,4.466666666666667,2.5213077854956527,1.6666666666666667,1.7070579127330594,1.0,10.67824634595672,8.0,13.199554131452372,9.666666666666666,11.755426765015809,5.666666666666667,42.23659276144599,29.0,-1.392483315770987,-3.3333333333333335,0.0503044702476202,0.0104384133611473,-0.0007444402804711,-0.0025879917184258,0.2714952617006432,0.0480961923846731,0.0749355971751005,0.0138460258388228,-0.9183407845727573,-1.9999999996,6.496844125091165,5.666666664777778,56751468.36556295,0.59999999988,0.3177290836653386,0.0,1.704990215261044,0.3124999999993476,6.834271037165027,1.4999999999969942,8.539261252426071,1.8124999999963416,557729945.616594,3.39999999932,7.98933740186372,8.333333330555556,0.0015706691086858,0.0,27421943.598168157,-0.167396756414372,3.847282301700757,3.624999999848958,0.0,30.1875,30.1875,29.9375,29.9375,241.5,241.5,31.1875,31.1875,61.375,61.375,0.4918533604887983,0.4918533604887983,3.0625,3.0625,237.4375,237.4375,30.015058179329227,4.0,1.3862943611198906,9,16.0,,0.0,0.740632867397619,0.9048639429235809
2017,Derrick Henry,RB,77.9,8.4,TEN,00-0032764,16,8.4375,2016,1,soph,True,32,6,10.925918745824406,-2.488418745824406,1,1.0,7.55,14.0,14.0,0.875,0.875,0.875,6.60625,1.0,0.0,7.55,7.55,1.0714285714285714,1.0714285714285714,0.9285714285714286,0.9285714285714286,7.857142857142857,7.857142857142857,8.928571428571429,8.928571428571429,9.785714285714286,9.785714285714286,35.0,35.0,1.4285714285714286,1.4285714285714286,0.0306122448978967,0.0306122448978967,0.0042598509052174,0.0042598509052174,0.2310924369743044,0.2310924369743044,0.0489002629804972,0.0489002629804972,1.3333333332444444,1.3333333332444444,10.538461537650887,10.538461537650887,0.8666666666088889,0.8666666666088889,3.0,3.0,0.9374999999980868,0.9374999999980868,6.874999999985556,6.874999999985556,7.812499999983643,7.812499999983643,9.133333332724444,9.133333332724444,9.53846153772781,9.53846153772781,0.0,0.0,0.2520547597798137,0.2520547597798137,4.4545454545049585,4.4545454545049585,0.0,31.5,31.5,30.625,30.625,293.4375,293.4375,29.75,29.75,61.25,61.25,0.5142857142857142,0.5142857142857142,2.8125,2.8125,232.5,232.5,23.65776865160849,45.0,3.80666248977032,1,16.0,8.4375,1.0,1.0986439470303202,1.0454322672079195
2017,Theo Riddick,RB,83.0,7.7,DET,00-0030107,16,9.625,2013,4,vet,True,33,6,9.51747964997965,0.1075203500203496,4,2.6470588235294117,12.667837606837606,10.0,12.133333333333333,0.7583333333333333,0.625,0.796875,9.22875,1.0,4.9925,12.667837606837606,16.18,5.780598290598291,6.7,4.530940170940171,5.3,5.878461538461538,9.2,11.65905982905983,15.9,34.78880341880342,37.1,21.91863247863248,35.7,3.6249572649572657,2.3,0.1162084331000745,0.1155172413791111,0.0107490445996596,0.0053105518356025,0.1806645112783583,0.2628571428563918,0.1818369808698736,0.1769932483535885,0.9470778430584044,0.3432835820844286,7.729215686030248,6.999999999867925,0.7613787627374435,0.7910447761075963,2.8456140350877193,3.0,4.33333333332607,4.18749999999278,3.987499999988709,5.749999999983571,8.320833333314779,9.937499999976351,5.890008241513203,5.537313432753174,7.530292267644218,7.264150943259168,0.0585484697714613,0.0746268656705279,0.0948252132068989,0.0365330692222967,3.419556604047624,3.8804347825665166,0.0,37.125,37.125,36.25,36.25,270.6875,270.6875,21.875,21.875,59.0,59.0,0.6292372881355932,0.6292372881355932,2.0625,2.0625,270.4375,270.4375,26.32991101984942,199.0,5.293304824724492,4,16.0,9.625,1.0,1.041452083807933,0.9548524613430156
2017,Paul Perkins,RB,83.4,8.4,NYG,00-0032417,7,3.085714285714286,2016,1,soph,True,34,6,9.4762971493062,-6.390582863591915,1,1.0,5.485714285714286,14.0,14.0,0.875,0.875,0.875,4.8,1.0,0.0,5.485714285714286,5.485714285714286,1.7142857142857142,1.7142857142857142,1.0714285714285714,1.0714285714285714,8.0,8.0,9.714285714285714,9.714285714285714,11.571428571428571,11.571428571428571,32.57142857142857,32.57142857142857,1.1428571428571428,1.1428571428571428,0.0402010050250582,0.0402010050250582,0.0033999150021242,0.0033999150021242,0.2814070351751723,0.2814070351751723,0.0626814480390744,0.0626814480390744,0.6666666666388888,0.6666666666388888,10.79999999928,10.79999999928,0.6249999999739584,0.6249999999739584,3.0,3.0,1.4999999999974876,1.4999999999974876,6.999999999982412,6.999999999982412,8.4999999999799,8.4999999999799,6.74999999971875,6.74999999971875,11.333333332577778,11.333333332577778,0.0,0.0,-0.0453998441522226,-0.0453998441522226,4.071428571392219,4.071428571392219,0.0,37.375,37.375,37.3125,37.3125,294.125,294.125,24.875,24.875,62.25,62.25,0.6004016064257028,0.6004016064257028,2.0,2.0,251.6875,251.6875,22.792607802874745,149.0,5.003946305945459,1,16.0,1.35,0.4375,1.0595058886863316,1.077050653099835
2017,Frank Gore,RB,86.1,8.7,IND,00-0023500,16,10.85,2005,12,vet,True,35,6,9.4762971493062,1.3737028506937996,12,2.9985355137905785,12.61263520077806,16.0,15.947741147741148,0.9967338217338216,1.0,0.9375,12.55279761904762,1.0,1.3000000000000007,12.61263520077806,13.3875,2.7983318269032553,2.9375,1.9977162255733685,2.375,16.405111687254546,16.4375,19.203443514157797,19.375,15.350012395012396,17.3125,64.95399872614159,64.0625,1.0568479139907712,0.0625,0.0793746922704852,0.0821678321676885,0.0040286007836801,0.0002063131834123,0.6217027609767337,0.6430317848395036,0.121882058954304,0.1233961674799214,0.8380071726844522,0.0212765957442281,7.926247599737515,7.289473684018699,169230769.93315145,0.80851063828067,1.9183940242763773,3.0,2.779731379726419,2.937499999994865,16.346535408996555,16.43749999995981,19.126266788722972,19.37499999995468,1423443228.9422178,5.8936170211512,7.799776353244348,7.526315789275624,5372405.4271025285,0.0851063829769126,69682399.6231665,0.2158577516480452,3.9594944495213458,3.8973384030270064,0.0,36.5,36.5,35.75,35.75,302.9375,302.9375,25.5625,25.5625,62.0625,62.0625,0.5881168177240684,0.5881168177240684,2.8125,2.8125,280.6875,280.6875,34.3025325119781,65.0,4.174387269895637,12,16.0,10.85,1.0,0.47663068927161206,0.8986030341704585
2017,Terrance West,RB,86.8,7.6,BAL,00-0031375,5,5.62,2014,3,vet,True,36,6,9.4762971493062,-3.8562971493062,3,2.3333333333333335,8.157142857142857,16.0,13.428571428571429,0.8392857142857143,1.0,0.7916666666666666,7.5633928571428575,1.0,7.5375,8.157142857142857,10.6875,1.9183673469387756,2.8125,1.469387755102041,2.125,10.852040816326532,12.0625,12.770408163265303,14.875,9.831632653061224,14.75,42.76020408163265,48.375,1.663265306122449,2.5,0.0435694906075308,0.067669172932229,0.0052251719629345,0.0079999999999983,0.3752127191121729,0.5258855585816734,0.0690118562853504,0.1071037593983424,0.7606837606530311,0.8888888888691359,6.297555385223461,6.941176470384084,0.7811965811319742,0.7555555555387655,2.9565217391304346,3.0,1.8124999999972171,2.812499999995771,9.526785714260816,12.062499999967134,11.339285714258036,14.874999999962904,4.900122099761404,5.244444444327901,5.906799082769999,6.882352940974049,0.0236874236862961,0.0222222222217283,0.0333687673607571,0.0624847918036478,3.918390884974492,4.010362694279739,0.0,42.4375,42.4375,41.5625,41.5625,312.5,312.5,22.9375,22.9375,65.375,65.375,0.6491395793499044,0.6491395793499044,1.875,1.875,271.4375,271.4375,26.5927446954141,94.0,4.543294782270004,3,16.0,1.75625,0.3125,1.0235371897286176,0.9470571695573504
2017,LeGarrette Blount,RB,91.9,7.7,PHI,00-0027325,15,7.1066666666666665,2010,7,vet,True,37,7,9.4762971493062,-2.3696304826395336,7,2.953488372093023,11.53056964033342,16.0,14.622047244094489,0.9138779527559056,1.0,0.8571428571428571,10.767962598425196,1.0,4.339583333333334,11.53056964033342,14.55625,0.5580831242248565,0.5,0.4613711747570015,0.4375,14.991973118744772,18.6875,15.55005624296963,19.1875,2.884145251074385,2.375,60.92571890052205,72.5625,0.3138126964898618,-0.25,0.0128823139853706,0.0146520146519878,0.0005392356060353,-0.0009378663540443,0.4751059305518919,0.6203319502061819,0.0197009359022807,0.0213215155301506,0.4560479939470895,-0.4999999999375,6.659017621361163,5.4285714277959185,0.8179227595462281,0.874999999890625,1.0588235294117647,0.0,0.5083661417313997,0.4999999999990843,13.963090551150264,18.68749999996123,14.471456692881665,19.187499999960313,5.127649043184469,4.74999999940625,6.8651668525245535,6.142857141979592,0.0359955005572874,0.0,0.00863844086178,-0.1293207166438389,4.121736663094512,3.882943143799723,1.0,38.0625,34.375,37.75,34.125,283.3125,266.5625,27.375,30.125,65.4375,64.5,0.5816618911174785,0.5329457364341085,2.0,3.1875,237.375,278.5,30.740588637919235,260.0,5.560681631015528,7,16.0,6.6625,0.9375,0.6887337098446661,0.9047516151438886
2017,Duke Johnson,RB,94.2,8.1,CLE,00-0032257,16,13.50625,2015,2,vet,True,38,7,9.4762971493062,4.0299528506938,2,1.8,9.43125,16.0,16.0,1.0,1.0,1.0,9.43125,1.0,-1.2562500000000014,9.43125,9.0125,4.625,4.625,3.4791666666666665,3.3125,5.208333333333333,4.5625,9.833333333333334,9.1875,32.541666666666664,32.125,22.8125,22.375,7.9375,9.0625,0.1294536982366822,0.1326164874549594,0.0262748355787363,0.0299958626396297,0.2302756892224202,0.2085714285708326,0.2125729322601388,0.2199218350301799,1.716216216193024,1.95945945943298,9.383441591746868,9.698113207364187,0.7522522522420867,0.7162162162065376,3.0,3.0,4.62499999999191,4.6249999999917115,5.208333333318941,4.562499999986964,9.83333333331085,9.187499999978677,7.0360360359409535,6.945945945852081,8.025157232559584,8.03773584890495,0.0090090090088872,0.0,0.0667806890048695,0.0162919758765869,4.484149982381187,4.904109588973916,0.0,35.4375,35.4375,34.875,34.875,302.125,302.125,21.875,21.875,57.3125,57.3125,0.6183206106870229,0.6183206106870229,1.75,1.75,230.8125,230.8125,23.939767282683093,77.0,4.343805421853684,2,16.0,13.50625,1.0,1.1046679804667134,1.0341387986520554
2017,Thomas Rawls,RB,95.7,9.1,SEA,00-0031897,8,3.9625,2015,2,vet,True,39,7,9.4762971493062,-5.5137971493062,2,1.8,9.137037037037038,9.0,10.0,0.625,0.5625,0.65625,5.804166666666667,1.0,-2.2444444444444436,9.137037037037038,8.38888888888889,1.5648148148148149,1.8888888888888888,1.212962962962963,1.4444444444444444,12.157407407407408,12.11111111111111,13.72222222222222,14.0,9.22222222222222,10.666666666666666,48.90740740740741,38.77777777777778,0.5370370370370371,1.2222222222222223,0.0284496267886793,0.0310218978101623,0.0007293670698604,0.0023177412557938,0.278314309345924,0.27047146401918,0.0431849971319213,0.0481552655942992,0.1283422459914781,0.6470588234913495,7.737891737200282,7.384615384047337,0.7825311942411183,0.7647058823079584,2.0,3.0,0.937499999998222,1.062499999998061,7.604166666649273,6.812499999983096,8.541666666647494,7.874999999981157,6.067736184952424,5.647058823197232,7.019943019306791,6.307692307207101,0.0303030303002754,0.0,0.0302480556178037,-0.086080732332574,4.016642742691615,3.2018348623559465,0.0,35.4375,35.4375,34.25,34.25,296.625,296.625,25.1875,25.1875,60.625,60.625,0.5845360824742268,0.5845360824742268,2.25,2.25,276.375,276.375,24.079397672826833,260.0,5.560681631015528,2,16.0,1.98125,0.5,1.1064480417197309,1.0285520395496839
2017,Jacquizz Rodgers,RB,95.9,7.7,TB,00-0028083,11,4.209090909090909,2011,6,vet,True,40,7,9.4762971493062,-5.267206240215291,6,2.9076923076923076,6.505218253968255,10.0,10.095238095238097,0.6309523809523809,0.625,0.8125,4.525297619047619,1.0,7.86,6.505218253968255,9.08,1.6888227513227514,1.6,1.2873677248677249,1.3,8.373214285714287,12.9,10.062037037037037,14.5,9.286243386243386,9.8,34.57612433862434,56.0,-0.4215608465608466,0.1,0.0337213624910693,0.0280210157617722,-0.0002834567442196,0.000172920629431,0.2009201759076767,0.2847682119199012,0.0503836240156502,0.0421525680832601,-0.8574865262884025,0.0624999999960937,7.925521721972854,7.538461537881656,0.6835326982003002,0.8124999999492187,1.7557319223985892,3.0,1.2628968253947177,0.9999999999982488,5.401785714273157,8.062499999982203,6.664682539667875,9.062499999980451,5.182911347755994,6.124999999617187,8.682617492575744,6.923076922544379,0.0063486920663058,0.0,-0.1280520541914474,0.0225755833932365,3.822775527584461,4.341085271284178,0.0,36.125,36.125,35.6875,35.6875,361.4375,361.4375,28.3125,28.3125,64.4375,64.4375,0.5606207565470417,0.5606207565470417,2.3125,2.3125,260.3125,260.3125,27.567419575633128,145.0,4.976733742420574,6,16.0,2.89375,0.6875,0.9442082789071656,0.9208698942801382
2017,Jonathan Stewart,RB,101.4,7.0,CAR,00-0026153,15,7.813333333333333,2008,9,vet,True,41,7,9.4762971493062,-1.6629638159728666,9,2.9883040935672516,11.083170523214555,13.0,12.50880626223092,0.7818003913894325,0.8125,0.8055555555555556,8.85511252446184,1.0,-1.2615384615384624,11.083170523214555,11.261538461538462,1.7395211333567495,1.6153846153846154,1.04548946378692,0.6153846153846154,15.889400675971126,16.76923076923077,17.628921809327874,18.384615384615383,7.470456877868815,4.615384615384615,63.20689384816097,63.38461538461539,0.0616142663598632,2.0,0.0416088592749312,0.0379746835442351,6.991688826639134e-06,0.004607478291688,0.4258064825841302,0.4812362030894454,0.0624181830945754,0.0601872601205343,0.2051651017818259,1.238095238036281,7.176878433375916,7.4999999990625,15655577.887124997,0.3809523809342404,1.381733577227945,2.3076923076923075,1.3742661448114897,1.3124999999976268,12.656678082165168,13.624999999969925,14.030944226976658,14.93749999996755,91976520.76943175,2.857142857006803,8.50470733066584,9.24999999884375,0.0182958733882421,0.0,3461709.8799555646,-0.3260180255103802,3.9910031696706296,3.7798165137441297,0.0,35.1875,35.1875,34.5625,34.5625,352.6875,352.6875,28.3125,28.3125,63.5,63.5,0.5541338582677166,0.5541338582677166,2.3125,2.3125,247.625,247.625,30.45037645448323,13.0,2.5649493574615367,9,16.0,7.324999999999999,0.9375,0.70905804181828,0.9048184607263849
2017,James White,RB,102.7,8.0,NE,00-0031062,14,9.571428571428571,2014,3,vet,True,42,7,9.4762971493062,0.0951314221223711,3,2.3333333333333335,9.222619047619048,16.0,13.0,0.8125,1.0,0.6458333333333334,8.063392857142858,1.0,-0.1104166666666657,9.222619047619048,10.10625,4.595238095238095,5.375,3.3333333333333335,3.75,2.345238095238095,2.4375,6.94047619047619,7.8125,30.535714285714285,34.4375,9.071428571428571,10.375,6.345238095238096,6.6875,0.115919002952312,0.157509157508869,0.0205757245072379,0.0250879249706857,0.0655831291448619,0.0809128630703715,0.1882815115835346,0.2538252837427836,1.2538205979935098,1.2441860464971606,8.833333333041232,9.18333333318028,0.7531684508057431,0.6976744185965387,2.5714285714285716,3.0,4.080357142849898,5.374999999990156,1.8660714285673297,2.437499999994943,5.946428571417228,7.8124999999851,6.487584594347167,6.406976744111547,8.040476190195815,8.533333333191111,0.0543866125253691,0.0581395348830448,0.1936871593082554,0.0969311773393786,3.7626817625193207,4.256410256301118,0.0,34.375,34.375,34.125,34.125,266.5625,266.5625,30.125,30.125,64.5,64.5,0.5329457364341085,0.5329457364341085,3.1875,3.1875,278.5,278.5,25.57700205338809,130.0,4.867534450455582,3,16.0,8.375,0.875,1.0814076578502416,0.9771232863640771
2017,Eddie Lacy,RB,106.6,10.6,SEA,00-0030485,8,3.5374999999999996,2013,4,vet,True,43,7,8.801446416016189,-5.263946416016189,4,2.6470588235294117,10.414333333333332,5.0,9.8,0.6125,0.3125,0.796875,7.052083333333333,1.0,-0.8133333333333344,10.414333333333332,8.559999999999999,1.8983333333333332,1.4,1.287777777777778,0.8,14.21,14.2,16.108333333333334,15.6,11.029444444444444,5.6,66.60277777777777,72.0,-1.583888888888889,-1.6,0.038391392556762,0.0114006514657794,-0.0033044268117852,-0.0014897579143386,0.3322722516002853,0.1898395721920057,0.0552739900668933,0.0160581466586321,-0.9189610388647248,-1.1428571426938776,8.085079363974437,6.99999999825,0.6500865800331835,0.5714285713469388,0.0,0.0,1.3416666666642674,0.4374999999992875,8.7166666666459,4.437499999988135,10.058333333310168,4.8749999999874225,5.348354977958601,3.9999999994285713,10.13523809371324,9.9999999975,0.0287445887437321,0.0,-0.0106531214152426,-0.2167106560853587,4.679022263324337,5.070422535139853,1.0,35.4375,38.75,34.25,38.375,296.625,335.625,25.1875,23.375,60.625,62.125,0.5845360824742268,0.6237424547283702,2.25,3.1875,276.375,277.8125,27.249828884325805,61.0,4.110873864173311,4,16.0,1.7687499999999998,0.5,0.9716694994552452,0.9284741686335114
2017,Rex Burkhead,RB,113.4,9.6,NE,00-0030288,10,12.98,2013,4,vet,True,44,8,8.801446416016189,4.1785535839838115,3,2.3333333333333335,3.9717006802721095,14.0,13.285714285714286,0.8303571428571429,0.875,0.75,3.319642857142857,1.0,3.834761904761905,3.9717006802721095,5.421428571428572,1.3061224489795915,1.4285714285714286,1.0272108843537413,1.2142857142857142,3.280272108843538,5.285714285714286,4.586394557823129,6.714285714285714,8.708843537414966,10.357142857142858,14.668027210884356,24.571428571428573,4.020408163265306,1.0714285714285714,0.0326416446113734,0.0369003690036219,0.0132314247432073,0.0034754402224273,0.0998714905650173,0.1659192825108387,0.0582244642373052,0.0577833616611321,3.7571428568933336,0.7499999999625,8.559663864848087,8.529411764204152,0.7761904761434921,0.8499999999575,2.305627705627706,3.0,1.0714285714265317,1.2499999999976938,2.7946428571366155,4.6249999999896305,3.8660714285631466,5.874999999987324,6.633333332936824,7.2499999996375,6.28331332486423,8.35294117597924,0.0190476190463492,0.0,0.0105768612088128,0.1330278502101715,3.370656370501426,4.648648648585829,1.0,34.375,35.1875,34.125,33.875,266.5625,269.75,30.125,27.875,64.5,63.0625,0.5329457364341085,0.557978196233895,3.1875,2.1875,278.5,262.875,27.16769336071184,190.0,5.247024072160486,4,16.0,8.1125,0.625,0.9785745877007049,0.9306382195084396
2017,Jamaal Williams,RB,114.3,10.6,GB,00-0033948,12,11.841666666666669,2017,0,rookie,True,45,8,8.801446416016189,3.040220250650478,0,,,,,,,,,,,,,,,,,,,,,,,,,,,,,,,,,,,,,,,,,,,,,,,,,,,,,,,,,,,,,,,,,,,,,,,,,,,,22.41478439425051,134.0,4.897839799950911,0,16.0,8.881250000000001,0.75,1.0339711004809258,1.0889299310316878
2017,Darren Sproles,RB,116.3,10.2,PHI,00-0023564,3,6.800000000000001,2005,12,vet,False,46,8,8.801446416016189,-2.001446416016188,11,2.995609399254453,10.918859967298769,15.0,15.21695577815783,0.9510597361348644,0.9375,0.9545454545454546,10.35451685805033,1.0,0.7395833333333339,10.918859967298769,10.833333333333334,4.964589950321687,4.733333333333333,3.532770145401467,3.466666666666667,5.38890350629906,6.266666666666667,10.353493456620743,11.0,28.77447299015831,28.466666666666665,24.67326204213573,29.2,4.212431480889824,2.3333333333333335,0.1227867176503096,0.1175496688739775,0.0142110730851198,0.0077211559673488,0.1871915432880593,0.2146118721456287,0.1941278276350484,0.1817293124881105,0.8271333355038393,0.4929577464719301,8.162235538961028,8.211538461380547,67187882.45597376,0.7323943661868676,3.0,3.0,4.714146103095184,4.437499999992653,5.127595895419525,5.874999999986587,9.84174199851471,10.31249999997924,701197171.6650304,6.0140845069575475,7.813906040177382,7.82692307677256,9772782.821981875,0.0281690140841102,50204248.086581714,0.0265936879730375,4.607192323143564,4.659574468035537,0.0,38.0625,38.0625,37.75,37.75,283.3125,283.3125,27.375,27.375,65.4375,65.4375,0.5816618911174785,0.5816618911174785,2.0,2.0,237.375,237.375,34.20123203285421,130.0,4.867534450455582,12,16.0,1.275,0.1875,0.48192618710478013,0.8990045131795303
2017,Jamaal Charles,RB,123.3,12.6,DEN,00-0026213,13,5.1923076923076925,2008,9,vet,True,47,8,8.514685960281549,-3.322378267973856,9,2.9883040935672516,11.793011252446185,3.0,6.3209393346379645,0.3950587084148728,0.1875,0.7152777777777778,6.134992661448141,1.0,-15.753333333333334,11.793011252446185,4.466666666666666,3.1175472928897587,1.0,2.155650684931507,0.6666666666666666,9.184124266144812,4.0,12.301671559034572,5.0,17.40013046314416,4.666666666666667,43.56985485975212,13.333333333333334,-1.4852250489236791,-2.3333333333333335,0.0513530103581667,0.0055970149253626,-0.0009259500066708,-0.001906837374012,0.177025640948227,0.0291262135921623,0.0763813505325805,0.0070607362262356,-1.2364120544775634,-2.3333333325555556,7.518721976997574,6.9999999965,52837574.06608486,0.6666666664444444,0.2265918738629472,0.0,1.5772994129126416,0.1874999999996501,4.850171232865648,0.7499999999981797,6.427470645778289,0.9374999999978298,532289633.28626657,4.666666665111111,8.608101655423601,8.49999999575,1956947.1893035665,0.0,6287960.982352419,-0.4082007793724591,4.250845998793154,3.3333333330555557,1.0,35.625,34.125,34.75,33.5,309.625,229.4375,25.625,25.75,61.25,59.875,0.5816326530612245,0.569937369519833,1.9375,2.125,244.625,244.625,30.680355920602327,73.0,4.290459441148391,9,16.0,4.21875,0.8125,0.6929068851079373,0.9047681780658442
2017,Samaje Perine,RB,126.8,11.7,WAS,00-0033526,13,8.346153846153847,2017,0,rookie,True,48,9,8.371889717425432,-0.0257358712715856,0,,,,,,,,,,,,,,,,,,,,,,,,,,,,,,,,,,,,,,,,,,,,,,,,,,,,,,,,,,,,,,,,,,,,,,,,,,,,21.960301163586585,114.0,4.736198448394496,0,16.0,6.78125,0.8125,0.9981009078810879,1.0967905520495105
2017,CJ Prosise,RB,129.4,11.9,SEA,00-0032393,4,4.25,2016,1,soph,True,49,9,7.491790151433535,-3.241790151433535,1,1.0,10.166666666666666,6.0,6.0,0.375,0.375,0.375,3.8125,1.0,0.0,10.166666666666666,10.166666666666666,3.1666666666666665,3.1666666666666665,2.8333333333333335,2.8333333333333335,5.0,5.0,8.166666666666666,8.166666666666666,34.666666666666664,34.666666666666664,28.666666666666668,28.666666666666668,18.666666666666668,18.666666666666668,0.034671532846652,0.034671532846652,0.023598820058992,0.023598820058992,0.0744416873447284,0.0744416873447284,0.0685264733112725,0.0685264733112725,5.894736841795014,5.894736841795014,12.235294116927337,12.235294116927337,0.8947368420581717,0.8947368420581717,1.8571428571428572,1.8571428571428572,1.187499999997833,1.187499999997833,1.8749999999953475,1.8749999999953475,3.062499999993181,3.062499999993181,10.947368420476456,10.947368420476456,6.529411764321799,6.529411764321799,0.0,0.0,0.6162153930434339,0.6162153930434339,5.733333333142222,5.733333333142222,0.0,35.4375,35.4375,34.25,34.25,296.625,296.625,25.1875,25.1875,60.625,60.625,0.5845360824742268,0.5845360824742268,2.25,2.25,276.375,276.375,23.28542094455852,90.0,4.499809670330265,1,16.0,1.0625,0.25,1.0854937087168481,1.0597628304960771
2017,Matt Forte,RB,132.6,14.6,NYJ,00-0026184,12,10.033333333333331,2008,9,vet,True,50,9,7.491790151433535,2.541543181899798,9,2.9883040935672516,15.71015353612467,14.0,14.152641878669275,0.8845401174168297,0.875,0.9305555555555556,14.012365459882584,1.0,-3.4010989010989015,15.71015353612467,13.114285714285714,4.318061260331319,3.0714285714285716,3.2158066493193695,2.142857142857143,16.214875576152483,15.571428571428571,20.5329368364838,18.642857142857142,27.347367977749578,18.785714285714285,64.24666216855552,58.07142857142857,2.683457165795718,-1.9285714285714288,0.1126944885427202,0.0787545787544345,0.0086744484305372,-0.0055147058823518,0.5486977878980369,0.5215311004772212,0.1751138467154564,0.1142715740140055,0.4324203497757383,-0.6279069767295836,8.621839614099896,8.766666666374444,125244619.1248916,0.6976744185884263,1.4563327164431736,0.0,3.883561643828574,2.687499999995078,14.353595890376663,13.624999999967404,18.23715753420524,16.312499999962483,947162432.8979132,6.116279069625203,8.442353615285075,9.166666666361111,7827788.681229048,0.0232558139529475,64400266.92810867,-0.1434855540129846,3.951099715443922,3.7293577981480306,0.0,34.375,34.375,34.125,34.125,306.0,306.0,26.125,26.125,60.5,60.5,0.5681818181818182,0.5681818181818182,1.625,1.625,227.8125,227.8125,31.72621492128679,44.0,3.784189633918261,9,16.0,7.524999999999999,0.75,0.6236659280657315,0.9042200566123334
2017,Jeremy Hill,RB,134.5,15.2,CIN,00-0031301,7,2.457142857142857,2014,3,vet,True,51,9,7.491790151433535,-5.034647294290679,3,2.3333333333333335,11.64029761904762,15.0,15.428571428571429,0.9642857142857144,0.9375,0.9791666666666666,11.220535714285717,1.0,1.1095833333333331,11.64029761904762,11.753333333333334,1.6535714285714285,1.8,1.3089285714285714,1.4,14.421428571428573,14.8,16.075,16.6,9.958928571428572,11.6,56.17619047619048,55.93333333333333,-0.2369047619047619,-0.1333333333333333,0.0487054844994974,0.0498154981548896,-0.0009056435542005,-0.0004633920296569,0.4853261460337959,0.4977578475325162,0.0724242762613057,0.0743988728115745,-0.1410122528487419,-0.0740740740713305,7.377021919511151,8.285714285319727,0.7905440684724955,0.7777777777489712,0.0,0.0,1.5892857142826702,1.6874999999968867,13.892857142826813,13.87499999996889,15.48214285710948,15.562499999965777,5.830331035694231,6.444444444205761,7.289040060102344,7.809523809151927,0.0150375939841709,0.0,0.1231204810134709,0.1389491582923433,3.9001794876058864,3.779279279262256,0.0,35.1875,35.1875,33.875,33.875,269.75,269.75,27.875,27.875,63.0625,63.0625,0.557978196233895,0.557978196233895,2.1875,2.1875,262.875,262.875,24.865160848733744,55.0,4.007333185232471,3,16.0,1.075,0.4375,1.1028214145194601,0.9994838107041363
2017,Alvin Kamara,RB,140.0,13.7,NO,00-0033906,16,20.025,2017,0,rookie,True,52,9,7.491790151433535,12.533209848566464,0,,,,,,,,,,,,,,,,,,,,,,,,,,,,,,,,,,,,,,,,,,,,,,,,,,,,,,,,,,,,,,,,,,,,,,,,,,,,22.105407255304584,67.0,4.204692619390966,0,16.0,20.025,1.0,1.0100891130001601,1.0976845739824197
2017,Marlon Mack,RB,141.3,11.4,IND,00-0033951,14,7.378571428571429,2017,0,rookie,True,53,9,7.491790151433535,-0.1132187228621059,0,,,,,,,,,,,,,,,,,,,,,,,,,,,,,,,,,,,,,,,,,,,,,,,,,,,,,,,,,,,,,,,,,,,,,,,,,,,,21.48665297741273,143.0,4.962844630259907,0,16.0,6.456250000000001,0.875,0.9561916670741448,1.0507374335745405
2017,Wendell Smallwood,RB,146.1,14.4,PHI,00-0032782,8,5.8375,2016,1,soph,True,54,9,7.491790151433535,-1.6542901514335346,1,1.0,4.391666666666667,12.0,12.0,0.75,0.75,0.75,3.29375,1.0,0.0,4.391666666666667,4.391666666666667,1.0833333333333333,1.0833333333333333,0.5,0.5,6.416666666666667,6.416666666666667,7.5,7.5,4.583333333333333,4.583333333333333,26.0,26.0,0.0833333333333333,0.0833333333333333,0.0215231788079113,0.0215231788079113,0.0002206044562099,0.0002206044562099,0.1757990867575895,0.1757990867575895,0.032439191331214,0.032439191331214,0.0769230769171597,0.0769230769171597,9.166666665138887,9.166666665138887,0.4615384615029586,0.4615384615029586,3.0,3.0,0.8124999999986549,0.8124999999986549,4.812499999989013,4.812499999989013,5.6249999999876685,5.6249999999876685,4.230769230443787,4.230769230443787,8.333333331944445,8.333333331944445,0.0,0.0,-0.5039765564426676,-0.5039765564426676,4.051948051895429,4.051948051895429,0.0,38.0625,38.0625,37.75,37.75,283.3125,283.3125,27.375,27.375,65.4375,65.4375,0.5816618911174785,0.5816618911174785,2.0,2.0,237.375,237.375,23.613963039014372,153.0,5.030437921392435,1,16.0,2.91875,0.5,1.097404636104343,1.0471660122840372
2017,Chris Carson,RB,149.7,17.1,SEA,00-0033594,4,9.925,2017,0,rookie,True,55,9,7.491790151433535,2.4332098485664657,0,,,,,,,,,,,,,,,,,,,,,,,,,,,,,,,,,,,,,,,,,,,,,,,,,,,,,,,,,,,,,,,,,,,,,,,,,,,,22.9596167008898,249.0,5.517452896464707,0,16.0,2.48125,0.25,1.0693160040079617,1.0714122080794086
2017,Latavius Murray,RB,154.4,17.1,MIN,00-0030513,16,9.84375,2013,4,vet,True,56,10,7.491790151433535,2.351959848566465,3,2.3333333333333335,13.096860282574568,14.0,14.428571428571429,0.9017857142857144,0.875,0.8958333333333334,11.858035714285714,1.0,2.071428571428571,13.096860282574568,14.87142857142857,2.954277864992151,3.0714285714285716,2.265894819466248,2.357142857142857,13.610282574568288,13.928571428571429,16.56456043956044,17.0,16.489795918367346,18.857142857142858,55.85832025117739,56.285714285714285,0.4760596546310832,0.8571428571428571,0.072221398574554,0.0730050933784838,0.0013396680173998,0.0026443367122074,0.4969137575724374,0.4493087557593334,0.1092698654740109,0.111358675766271,0.1987277845996695,0.2790697674353705,7.389833982124791,7.999999999757577,0.7651525268330158,0.7674418604472688,2.142857142857143,3.0,2.687499999995486,2.687499999995437,12.446428571397515,12.187499999971918,15.133928571393,14.874999999967354,5.647178259908143,6.1395348835781505,7.73403019718377,8.333333333080809,0.0,0.0,-0.0797226237319779,0.0074942059764452,4.192838837889789,4.041025641004918,1.0,36.75,37.25,36.5625,36.8125,242.125,283.625,23.75,27.125,60.5,64.375,0.6074380165289256,0.5786407766990291,1.8125,2.875,257.4375,258.5625,27.61943874058864,181.0,5.198497031265826,4,16.0,9.84375,1.0,0.939626276685153,0.9197524756433736
2017,DeAndre Washington,RB,155.2,15.4,LV,00-0032940,15,5.666666666666667,2016,1,soph,True,57,10,7.491790151433535,-1.825123484766868,1,1.0,6.553846153846154,13.0,13.0,0.8125,0.8125,0.8125,5.325,1.0,0.0,6.553846153846154,6.553846153846154,1.7692307692307692,1.7692307692307692,1.3076923076923077,1.3076923076923077,6.6923076923076925,6.6923076923076925,8.461538461538462,8.461538461538462,8.846153846153847,8.846153846153847,35.92307692307692,35.92307692307692,0.4615384615384615,0.4615384615384615,0.0390492359931425,0.0390492359931425,0.0013221683561037,0.0013221683561037,0.2004608294926256,0.2004608294926256,0.0594993718389864,0.0594993718389864,0.2608695652060491,0.2608695652060491,6.764705881955018,6.764705881955018,0.7391304347504726,0.7391304347504726,3.0,3.0,1.4374999999975595,1.4374999999975595,5.437499999987471,5.437499999987471,6.874999999985031,6.874999999985031,4.999999999782609,4.999999999782609,6.764705881955018,6.764705881955018,0.0,0.0,-0.3945577263896738,-0.3945577263896738,5.3678160918923234,5.3678160918923234,0.0,37.25,37.25,36.8125,36.8125,283.625,283.625,27.125,27.125,64.375,64.375,0.5786407766990291,0.5786407766990291,2.875,2.875,258.5625,258.5625,24.522929500342233,143.0,4.962844630259907,1,16.0,5.3125,0.9375,1.1071372180124774,1.0114813696661684
2017,Dion Lewis,RB,155.9,17.2,NE,00-0028087,16,12.6875,2011,6,vet,True,58,10,7.491790151433535,5.195709848566465,4,2.024124513618677,10.42875816993464,7.0,7.078431372549019,0.4424019607843137,0.4375,0.515625,4.565073529411765,1.0,-9.357142857142856,10.42875816993464,7.814285714285715,4.406737053795877,3.4285714285714284,3.151835093011563,2.4285714285714284,8.052431228901817,9.142857142857142,12.459168282697693,12.571428571428571,25.96746390864038,13.428571428571429,36.459168282697696,40.42857142857143,12.952452775982188,12.428571428571429,0.0528858562804104,0.0439560439559634,0.0201254832309089,0.0203985932004641,0.1256867676645034,0.1327800829872764,0.0934166226822518,0.08021308117427,2.7474509804887113,3.624999999848958,7.262463154722241,5.529411764380622,0.7291503267351337,0.7083333333038194,1.6264649537976112,1.0804597701149423,1.9276960784280672,1.4999999999972529,3.5306372548941054,3.9999999999917017,5.458333333322173,5.499999999988955,5.303790849345646,3.916666666503472,6.693066768546478,4.882352940889273,0.0125490196075921,0.0,-0.0675198355935955,-0.1529971135663109,4.567810401658955,4.421874999930908,0.0,34.375,34.375,34.125,34.125,266.5625,266.5625,30.125,30.125,64.5,64.5,0.5329457364341085,0.5329457364341085,3.1875,3.1875,278.5,278.5,26.92950034223135,149.0,5.003946305945459,6,16.0,12.6875,1.0,0.998005571186995,0.9372271718177818
2017,Jonathan Williams,RB,156.1,16.3,NO,00-0032975,0,,2016,1,soph,False,59,10,7.491790151433535,,1,1.0,1.55,8.0,8.0,0.5,0.5,0.5,0.775,1.0,0.0,1.55,1.55,0.25,0.25,0.125,0.125,3.375,3.375,3.625,3.625,0.0,0.0,11.75,11.75,0.125,0.125,0.004357298474936,0.004357298474936,0.0002293052052281,0.0002293052052281,0.0548780487803762,0.0548780487803762,0.0066964613560637,0.0066964613560637,0.49999999975,0.49999999975,0.0,0.0,0.49999999975,0.49999999975,0.0,0.0,0.1249999999997276,0.1249999999997276,1.68749999999657,1.68749999999657,1.812499999996298,1.812499999996298,0.0,0.0,1.999999998,1.999999998,0.0,0.0,-0.7965755796268056,-0.7965755796268056,3.481481481352538,3.481481481352538,1.0,42.125,29.625,41.5,28.6875,301.5,272.5625,25.25,30.75,67.375,60.375,0.6252319109461967,0.4906832298136646,3.4375,2.875,328.625,203.125,23.578370978781656,156.0,5.049856007249537,1,16.0,,0.0,1.0963376745527078,1.0485674226996329
2017,D'Onta Foreman,RB,157.0,18.9,HOU,00-0033925,8,7.075,2017,0,rookie,True,60,10,7.491790151433535,-0.4167901514335348,0,,,,,,,,,,,,,,,,,,,,,,,,,,,,,,,,,,,,,,,,,,,,,,,,,,,,,,,,,,,,,,,,,,,,,,,,,,,,21.35523613963039,89.0,4.48863636973214,0,16.0,3.5375,0.5,0.9439629515772145,1.0372995742210125
2017,Giovani Bernard,RB,159.6,15.6,CIN,00-0030456,16,9.48125,2013,4,vet,True,61,10,7.491790151433535,1.9894598485664643,4,2.6470588235294117,12.398596153846151,10.0,12.4,0.775,0.625,0.859375,9.59125,1.0,0.9050000000000012,12.398596153846151,12.23,4.716794871794872,5.1,3.571025641025641,3.9,9.851410256410254,9.1,14.568205128205127,14.2,31.507820512820512,33.6,40.010192307692314,33.7,6.159230769230769,9.7,0.1097986367708086,0.0940959409592359,0.0154949618739153,0.0224745134383636,0.2658467996034372,0.2040358744390044,0.1755444284679536,0.1568760708457085,1.2490414470638531,1.9019607842764323,8.85765458219908,8.615384615163709,0.7563314097975656,0.764705882337947,3.0,3.0,3.5833333333264705,3.187499999994119,7.708333333316718,5.687499999987248,11.29166666664319,8.874999999981368,6.699020571644194,6.5882352939884665,7.6841411816392995,6.410256410092045,0.0178344332079891,0.0196078431368704,0.0896585033873511,0.1020429418892308,4.051392398416494,3.703296703256008,0.0,35.1875,35.1875,33.875,33.875,269.75,269.75,27.875,27.875,63.0625,63.0625,0.557978196233895,0.557978196233895,2.1875,2.1875,262.875,262.875,25.776865160848732,37.0,3.610917912644224,4,16.0,9.48125,1.0,1.0724907960908465,0.9711796010402591
2017,Charcandrick West,RB,160.7,15.1,KC,00-0030668,11,6.4818181818181815,2014,3,vet,True,62,10,7.491790151433535,-1.0099719696153535,3,2.3333333333333335,6.114285714285714,15.0,13.142857142857142,0.8214285714285714,0.9375,0.6666666666666666,5.732142857142857,1.0,-2.580000000000001,6.114285714285714,6.2733333333333325,2.0142857142857142,2.2666666666666666,1.4476190476190476,1.8666666666666667,6.3999999999999995,5.866666666666666,8.414285714285715,8.133333333333333,11.23809523809524,12.533333333333331,23.23809523809524,19.533333333333335,1.0571428571428572,2.0,0.0575230642132638,0.0634328358207771,0.0036639761761338,0.0081721601743371,0.2269019837376454,0.2135922330091903,0.0888493796431895,0.1008697658532017,0.689075629954523,0.8823529411505191,6.893877550730524,6.714285714045919,0.63865546216609,0.8235294117404846,1.7142857142857142,3.0,1.8303571428535472,2.124999999996035,5.9999999999858185,5.499999999986651,7.830357142839366,7.624999999982686,4.957983193131489,5.529411764543253,7.18163265275637,6.642857142619898,0.0420168067214533,0.0588235294100346,-0.0286359159332392,0.2704354737904719,3.034740259711563,3.329545454507618,0.0,34.125,34.125,33.5,33.5,229.4375,229.4375,25.75,25.75,59.875,59.875,0.569937369519833,0.569937369519833,2.125,2.125,244.625,244.625,26.250513347022583,260.0,5.560681631015528,3,16.0,4.45625,0.6875,1.0464802090402907,0.95719890292407
2018,Todd Gurley,RB,1.5,0.7,LA,00-0032241,14,26.57857142857143,2015,3,vet,True,1,1,19.40125646412411,7.177314964447319,3,2.3333333333333335,20.43130036630037,15.0,15.0,0.9375,0.9375,0.9166666666666666,19.089285714285715,1.0,13.165833333333335,20.43130036630037,25.553333333333335,4.635714285714286,5.8,3.436721611721612,4.266666666666667,18.10934065934066,18.6,22.745054945054942,24.4,37.9242673992674,52.53333333333333,77.6717032967033,87.0,3.9836996336996338,5.466666666666667,0.1366823458940655,0.1705882352937831,0.0153468365675429,0.0203625527688054,0.6392308543130386,0.6145374449325671,0.2157663044383782,0.2701361398788385,0.7363900467271388,0.9425287356213502,10.487383325201831,12.312499999807615,0.7475685234176707,0.7356321838995904,2.5714285714285716,3.0,4.3749999999914575,5.437499999989338,16.973214285674334,17.43749999996159,21.34821428566579,22.87499999995093,7.819502336616723,9.057471264263707,10.516799161299142,11.953124999813232,0.0394088669946209,0.0689655172405866,0.0920547491590954,0.2405978448227518,4.272325459601148,4.677419354821945,0.0,32.375,32.375,31.875,31.875,251.6875,251.6875,28.375,28.375,60.75,60.75,0.5329218106995884,0.5329218106995884,2.8125,2.8125,251.4375,251.4375,24.079397672826833,10.0,2.302585092994046,3,16.0,23.25625,0.875,1.1064480417197309,1.0285520395496839
2018,David Johnson,RB,2.8,0.9,ARI,00-0032187,16,15.4125,2015,3,vet,True,2,1,19.40125646412411,-3.9887564641241102,3,2.3333333333333335,16.655357142857145,1.0,7.428571428571429,0.4642857142857143,0.0625,0.6875,9.69107142857143,1.0,-12.4875,16.655357142857145,13.0,7.794642857142857,9.0,5.178571428571429,6.0,12.633928571428571,11.0,20.428571428571427,20.0,58.0625,67.0,40.455357142857146,23.0,31.276785714285715,34.0,0.0774008092874753,0.015202702702677,0.0343302692830739,0.0059336823734719,0.2646856876946429,0.0268948655256066,0.1401324024293648,0.0269576317154458,4.092439431650933,3.777777777358025,11.333730157577053,11.166666664805556,0.6616541352928476,0.6666666665925925,1.8434984453300227,1.9705882352941175,2.973214285709448,0.5624999999990499,6.741071428554887,0.6874999999983191,9.714285714264337,1.249999999997369,7.492188804836502,7.444444443617284,8.118650792852877,7.666666665388889,0.0195488721801958,0.0,0.1045242816527395,0.0317909188740229,3.066996320967004,2.090909090719008,0.0,37.375,37.375,37.0,37.0,358.125,358.125,25.5625,25.5625,62.9375,62.9375,0.5938430983118173,0.5938430983118173,1.6875,1.6875,248.6875,248.6875,26.71047227926078,86.0,4.454347296253507,3,16.0,15.4125,1.0,1.0149083233296463,0.9435793406880448
2018,LeVeon Bell,RB,3.0,1.5,PIT,00-0030496,0,,2013,5,vet,False,3,1,19.40125646412411,,5,2.8181818181818183,23.06528329197684,15.0,13.064516129032258,0.8165322580645161,0.9375,0.775,19.024798387096773,1.0,-3.5566666666666684,23.06528329197684,22.89333333333333,6.849524400330853,7.133333333333334,5.534511993382961,5.733333333333333,20.862985938792388,21.4,27.712510339123245,28.533333333333335,43.41856906534326,44.2,91.26921009098427,86.06666666666666,1.538875103391233,2.3333333333333335,0.1562116601300534,0.1829059829056702,0.0046213298529998,0.0066768409004184,0.6455932603975648,0.7345537757420262,0.23755242109218,0.2790327629887982,0.2391591636796237,0.3271028037352607,7.779585498664987,7.709302325491752,0.8128345181367473,0.8037383177494978,2.111111111111111,3.0,5.733870967732173,6.687499999988569,17.1370967741532,20.062499999954092,22.870967741885373,26.74999999994266,6.283900547207874,6.1962616821850816,8.106322062319187,7.999999999906977,0.0169813239889,0.018691588784872,0.1424218992460209,0.108538271097259,4.380871710631676,4.021806853570026,0.0,36.9375,36.9375,36.5625,36.5625,327.625,327.625,27.3125,27.3125,64.25,64.25,0.5749027237354085,0.5749027237354085,2.5625,2.5625,283.875,283.875,26.535249828884325,48.0,3.871201010907891,5,16.0,,0.0,1.0276190226357678,0.9487633029388809
2018,Ezekiel Elliott,RB,5.3,2.3,DAL,00-0033045,15,21.94,2016,2,vet,True,4,1,18.801468895250412,3.138531104749589,2,1.8,20.777777777777775,10.0,11.666666666666666,0.7291666666666666,0.625,0.78125,15.245833333333332,1.0,-1.3733333333333313,20.777777777777775,20.32,3.422222222222222,3.8,2.4444444444444446,2.6,23.288888888888888,24.2,26.71111111111111,28.0,26.0,26.9,101.77777777777776,98.3,0.5111111111111112,0.8,0.0800694459388968,0.0783505154637559,0.001291144077705,0.0020661157024788,0.5512079714974214,0.5041666666656164,0.1210079697627387,0.1189720541873691,0.132017543856164,0.2105263157839335,10.678685897052448,10.346153845755918,0.7228070175251894,0.684210526297784,2.0,3.0,2.4166666666616625,2.374999999995103,16.791666666632217,15.124999999968493,19.20833333329388,17.499999999963595,7.744298245414218,7.078947368234765,11.16346153806072,10.807692307276628,0.0434210526304472,0.0526315789459833,-0.0153821340010126,-0.1915797586156504,4.3963947778012695,4.061983471057595,0.0,30.8125,30.8125,30.3125,30.3125,242.0,242.0,30.0,30.0,60.8125,60.8125,0.5066803699897225,0.5066803699897225,2.5,2.5,207.875,207.875,23.1129363449692,4.0,1.3862943611198906,2,16.0,20.56875,0.9375,1.0774377538203774,1.0660359230280005
2018,Alvin Kamara,RB,6.1,1.4,NO,00-0033906,15,23.613333333333333,2017,1,soph,True,5,1,18.801468895250412,4.811864438082921,1,1.0,20.025,16.0,16.0,1.0,1.0,1.0,20.025,1.0,0.0,20.025,20.025,6.25,6.25,5.0625,5.0625,7.5,7.5,13.75,13.75,51.625,51.625,45.5,45.5,15.0625,15.0625,0.1890359168238392,0.1890359168238392,0.0708198648251334,0.0708198648251334,0.2702702702696615,0.2702702702696615,0.3331277806133523,0.3331277806133523,2.4099999999759,2.4099999999759,10.197530864071634,10.197530864071634,0.8099999999919,0.8099999999919,3.0,3.0,6.2499999999881855,6.2499999999881855,7.499999999983108,7.499999999983108,13.749999999971294,13.749999999971294,8.2599999999174,8.2599999999174,8.432098765327998,8.432098765327998,0.0499999999995,0.0499999999995,0.3784694342708139,0.3784694342708139,6.066666666616111,6.066666666616111,0.0,33.5,33.5,33.0625,33.0625,212.6875,212.6875,27.75,27.75,61.25,61.25,0.5469387755102041,0.5469387755102041,2.875,2.875,270.875,270.875,23.1047227926078,67.0,4.204692619390966,1,16.0,22.1375,0.9375,1.0770300637019161,1.0663305211742016
2018,Saquon Barkley,RB,6.5,1.7,NYG,00-0034844,16,24.1125,2018,0,rookie,True,6,1,18.25,5.862500000000001,0,,,,,,,,,,,,,,,,,,,,,,,,,,,,,,,,,,,,,,,,,,,,,,,,,,,,,,,,,,,,,,,,,,,,,,,,,,,,21.557837097878167,2.0,0.6931471805599453,0,16.0,24.1125,1.0,0.9627230404337965,1.0579146122908505
2018,Melvin Gordon III,RB,9.1,1.8,LAC,00-0032144,12,22.958333333333332,2015,3,vet,True,7,1,16.783941579810566,6.174391753522766,3,2.3333333333333335,16.902080062794347,16.0,14.857142857142858,0.9285714285714286,1.0,0.8958333333333334,15.73125,1.0,-1.270673076923078,16.902080062794347,18.006249999999998,4.594583987441131,5.1875,3.3092621664050235,3.625,17.60282574568289,17.75,22.197409733124022,22.9375,28.1679748822606,29.75,67.91718995290424,69.0625,-0.6212715855572999,-1.3125,0.1196685666573171,0.1448516579404103,-0.0022986107119363,-0.004409911801763,0.6365417825045245,0.6778042959411031,0.1778938224876202,0.2141905486493814,-0.1949745741710587,-0.2530120481897227,8.440684630583066,8.20689655158264,0.7322384437040725,0.6987951807144723,0.8571428571428571,0.0,4.312499999992521,5.187499999990947,16.321428571388786,17.749999999957637,20.63392857138131,22.937499999948585,6.118671801517733,5.734939758967049,8.84918389693582,8.534482758473544,0.0375637889900409,0.0481927710837567,0.1448843558896431,0.1081247942864908,3.8424956620781168,3.8908450704088353,0.0,36.4375,36.4375,35.8125,35.8125,297.625,297.625,26.1875,26.1875,62.625,62.625,0.5818363273453094,0.5818363273453094,2.375,2.375,284.4375,284.4375,25.38535249828884,15.0,2.70805020110221,3,16.0,17.21875,0.75,1.088780990144424,0.9829109453205513
2018,Leonard Fournette,RB,9.4,2.0,JAX,00-0033856,8,15.05,2017,1,soph,True,8,1,16.783941579810566,-1.7339415798105655,1,1.0,17.707692307692305,13.0,13.0,0.8125,0.8125,0.8125,14.387499999999998,1.0,0.0,17.707692307692305,17.707692307692305,3.692307692307693,3.692307692307693,2.769230769230769,2.769230769230769,20.615384615384617,20.615384615384617,24.307692307692307,24.307692307692307,23.23076923076923,23.23076923076923,80.0,80.0,1.3076923076923077,1.3076923076923077,0.0928433268857005,0.0928433268857005,0.0041830708661407,0.0041830708661407,0.508538899429775,0.508538899429775,0.1421931399348492,0.1421931399348492,0.3541666666592882,0.3541666666592882,8.388888888655865,8.388888888655865,0.749999999984375,0.749999999984375,3.0,3.0,2.9999999999941975,2.9999999999941975,16.749999999968214,16.749999999968214,19.749999999962412,19.749999999962412,6.2916666665355905,6.2916666665355905,8.41666666643287,8.41666666643287,0.0208333333328993,0.0208333333328993,0.1572453361293112,0.1572453361293112,3.8805970149108937,3.8805970149108937,0.0,32.9375,32.9375,32.3125,32.3125,254.0,254.0,32.9375,32.9375,65.875,65.875,0.5,0.5,2.4375,2.4375,232.25,232.25,23.61943874058864,4.0,1.3862943611198906,1,16.0,7.525,0.5,1.09756162122758,1.0469492237118496
2018,Kareem Hunt,RB,11.4,2.0,KC,00-0033923,11,20.92727272727273,2017,1,soph,True,9,2,16.783941579810566,4.14333114746216,1,1.0,18.45,16.0,16.0,1.0,1.0,1.0,18.45,1.0,0.0,18.45,18.45,3.9375,3.9375,3.3125,3.3125,17.0,17.0,20.9375,20.9375,28.4375,28.4375,82.9375,82.9375,6.4375,6.4375,0.1193181818179558,0.1193181818179558,0.0247894103489711,0.0247894103489711,0.6716049382699467,0.6716049382699467,0.1963298599712135,0.1963298599712135,1.634920634894684,1.634920634894684,8.58490566021538,8.58490566021538,0.8412698412564878,0.8412698412564878,3.0,3.0,3.937499999992543,3.937499999992543,16.999999999958025,16.999999999958025,20.937499999950568,20.937499999950568,7.222222222107584,7.222222222107584,7.75471698098576,7.75471698098576,0.0476190476182917,0.0476190476182917,0.2757124227160654,0.2757124227160654,4.878676470570299,4.878676470570299,0.0,33.9375,33.9375,33.0,33.0,259.6875,259.6875,25.3125,25.3125,59.25,59.25,0.5727848101265823,0.5727848101265823,2.375,2.375,270.375,270.375,23.071868583162217,86.0,4.454347296253507,1,16.0,14.3875,0.6875,1.0753455493088557,1.0674934531099154
2018,Christian McCaffrey,RB,12.7,2.3,CAR,00-0033280,16,24.09375,2017,1,soph,True,10,2,16.783941579810566,7.309808420189434,1,1.0,14.2875,16.0,16.0,1.0,1.0,1.0,14.2875,1.0,0.0,14.2875,14.2875,7.0625,7.0625,5.0,5.0,7.3125,7.3125,14.375,14.375,40.6875,40.6875,27.1875,27.1875,15.3125,15.3125,0.2296747967475006,0.2296747967475006,0.0578375826251043,0.0578375826251043,0.2387755102035943,0.2387755102035943,0.384998502958824,0.384998502958824,2.1681415929011667,2.1681415929011667,8.137499999898282,8.137499999898282,0.7079646017636463,0.7079646017636463,2.657142857142857,2.657142857142857,7.062499999985645,7.062499999985645,7.312499999985077,7.312499999985077,14.374999999970722,14.374999999970722,5.7610619468516715,5.7610619468516715,7.412499999907343,7.412499999907343,0.0442477876102278,0.0442477876102278,0.1009213938762009,0.1009213938762009,3.717948717916941,3.717948717916941,0.0,31.3125,31.3125,30.75,30.75,264.75,264.75,30.625,30.625,61.9375,61.9375,0.5055499495459133,0.5055499495459133,2.3125,2.3125,207.4375,207.4375,22.234086242299796,8.0,2.0794415416798357,1,16.0,24.09375,1.0,1.0203127594204942,1.0941552611384207
2018,Dalvin Cook,RB,15.6,2.3,MIN,00-0033893,11,13.818181818181818,2017,1,soph,True,11,2,15.48991409805029,-1.671732279868472,1,1.0,16.35,4.0,4.0,0.25,0.25,0.25,4.0875,1.0,0.0,16.35,16.35,4.0,4.0,2.75,2.75,18.5,18.5,22.5,22.5,22.5,22.5,88.5,88.5,-2.0,-2.0,0.0307101727446627,0.0307101727446627,-0.002023779408044,-0.002023779408044,0.1477045908180684,0.1477045908180684,0.0446486135313633,0.0446486135313633,-0.49999999996875,-0.49999999996875,8.18181818107438,8.18181818107438,0.6874999999570313,0.6874999999570313,0.0,0.0,0.9999999999980806,0.9999999999980806,4.624999999990769,4.624999999990769,5.62499999998885,5.62499999998885,5.624999999648438,5.624999999648438,9.45454545368595,9.45454545368595,0.0,0.0,-0.175681205027448,-0.175681205027448,4.783783783719138,4.783783783719138,0.0,32.9375,32.9375,32.5625,32.5625,247.0625,247.0625,31.3125,31.3125,64.25,64.25,0.5126459143968871,0.5126459143968871,2.5,2.5,245.5625,245.5625,23.06091718001369,41.0,3.713572066704308,1,16.0,9.5,0.6875,1.0747810363843027,1.067881390499366
2018,Devonta Freeman,RB,19.1,2.5,ATL,00-0031285,2,7.05,2014,4,vet,False,12,2,15.48991409805029,-8.439914098050291,4,2.6470588235294117,15.53786111111111,14.0,14.8,0.925,0.875,0.953125,14.40875,1.0,-3.4562500000000025,15.53786111111111,14.3,3.8901984126984126,3.357142857142857,3.0453174603174604,2.5714285714285716,13.87638888888889,14.0,17.766587301587304,17.357142857142858,25.851468253968257,22.642857142857142,61.355714285714285,61.785714285714285,7.6211111111111105,6.5,0.1061102298994656,0.090909090908915,0.0239831123851454,0.0196247573862368,0.4826611445859923,0.4558139534873121,0.1759535235188002,0.1501009665337384,1.875899934860834,1.9361702127247624,8.533485540131027,8.805555555310958,0.7844467964874764,0.7659574467922138,2.8603945871504703,3.0,3.612499999993368,2.937499999994318,12.795833333303168,12.249999999971513,16.408333333296536,15.18749999996583,6.692454859445613,6.744680850920327,6.845087096066669,6.777777777589507,0.0254781590771737,0.0212765957442281,0.1575706263080091,0.2360289545553504,4.4069689495864734,4.413265306099933,0.0,33.125,33.125,32.3125,32.3125,289.8125,289.8125,26.875,26.875,60.0,60.0,0.5520833333333334,0.5520833333333334,2.0625,2.0625,259.125,259.125,26.46406570841889,103.0,4.634728988229636,4,16.0,0.88125,0.125,1.032551914988753,0.9508768929260287
2018,Jordan Howard,RB,20.0,2.6,CHI,00-0032780,16,11.25,2016,2,vet,True,13,2,14.434106455309395,-3.1841064553093954,2,1.8,13.434166666666668,16.0,15.666666666666666,0.9791666666666666,1.0,0.96875,13.114583333333334,1.0,-2.858749999999999,13.434166666666668,12.48125,2.4444444444444446,2.0,1.602777777777778,1.4375,17.099999999999998,17.25,19.544444444444444,19.25,11.830555555555556,7.8125,75.92777777777778,70.125,0.1611111111111111,-1.625,0.0758870758869234,0.0683760683759222,-0.0013263290977018,-0.0075340481019972,0.6570715889233041,0.6540284360174076,0.1129021834619937,0.0972902688924853,-0.1683333333238729,-0.8124999999746094,7.048475761843297,5.434782608459357,0.6724999999811594,0.7187499999775392,1.0,0.0,2.374999999995257,1.9999999999957263,16.749999999958934,17.249999999959126,19.124999999954195,19.249999999954852,4.59083333321222,3.90624999987793,7.815092453462692,6.826086956224953,0.0066666666665333,0.0,-0.116835140247719,-0.2502959138631923,4.446917414292007,4.065217391289619,0.0,29.5625,29.5625,29.25,29.25,215.6875,215.6875,26.375,26.375,55.9375,55.9375,0.5284916201117319,0.5284916201117319,1.625,1.625,192.8125,192.8125,23.83025325119781,150.0,5.0106352940962555,2,16.0,11.25,1.0,1.1027150477661969,1.0385368271576005
2018,Joe Mixon,RB,23.3,3.2,CIN,00-0033897,14,17.385714285714286,2017,1,soph,True,14,2,14.434106455309395,2.9516078304048907,1,1.0,10.092857142857143,14.0,14.0,0.875,0.875,0.875,8.83125,1.0,0.0,10.092857142857143,10.092857142857143,2.4285714285714284,2.4285714285714284,2.142857142857143,2.142857142857143,12.714285714285714,12.714285714285714,15.142857142857142,15.142857142857142,20.5,20.5,44.714285714285715,44.714285714285715,-2.2142857142857144,-2.2142857142857144,0.0696721311473982,0.0696721311473982,-0.0076999503228992,-0.0076999503228992,0.4721485411128059,0.4721485411128059,0.0991182314950678,0.0991182314950678,-0.9117647058555364,-0.9117647058555364,9.566666666347778,9.566666666347778,0.8823529411505191,0.8823529411505191,0.0,0.0,2.1249999999956457,2.1249999999956457,11.124999999970491,11.124999999970491,13.249999999966136,13.249999999966136,8.441176470339967,8.441176470339967,10.433333332985557,10.433333332985557,0.0,0.0,0.1300023954831907,0.1300023954831907,3.516853932564512,3.516853932564512,0.0,31.875,31.875,30.5,30.5,251.625,251.625,23.5625,23.5625,55.4375,55.4375,0.5749718151071026,0.5749718151071026,1.9375,1.9375,211.625,211.625,22.105407255304584,48.0,3.871201010907891,1,16.0,15.2125,0.875,1.0100891130001601,1.0976845739824197
2018,Royce Freeman,RB,29.0,4.2,DEN,00-0034838,14,7.235714285714286,2018,0,rookie,True,15,3,13.416324058711414,-6.180609772997128,0,,,,,,,,,,,,,,,,,,,,,,,,,,,,,,,,,,,,,,,,,,,,,,,,,,,,,,,,,,,,,,,,,,,,,,,,,,,,22.518822724161534,71.0,4.2626798770413155,0,16.0,6.33125,0.875,1.0414298273024498,1.085783129522021
2018,LeSean McCoy,RB,29.9,4.2,BUF,00-0027029,14,9.085714285714284,2009,9,vet,True,16,3,13.416324058711414,-4.3306097729971285,9,2.9883040935672516,17.055837410306587,16.0,15.174168297455967,0.948385518590998,1.0,0.9236111111111112,16.197663894324855,1.0,-3.4116666666666653,17.055837410306587,16.475,4.3083577951728635,4.8125,3.348401826484018,3.6875,17.324633072407046,17.9375,21.632990867579903,22.75,25.524559686888452,28.0,76.57719341161122,71.125,3.2739562948467062,6.5,0.1385199785688874,0.1645299145295629,0.0122711222970713,0.0254777070063631,0.5402235522668278,0.5893223819289747,0.2163697534612809,0.2646292666987986,0.6530237484610133,1.3506493506318096,7.605875076568536,7.593220338854352,0.7794593700007264,0.7662337662238151,1.8786692759295496,3.0,4.0928326810089555,4.812499999989717,16.47321428568052,17.937499999963165,20.566046966689477,22.749999999952884,5.896303198641266,5.8181818181062575,7.432390876816124,6.694915254123815,0.0245235442806102,0.0259740259736886,0.1050749199473826,0.0802964180996728,4.451661066372881,3.9651567944112713,0.0,29.6875,29.6875,29.25,29.25,255.125,255.125,30.4375,30.4375,60.125,60.125,0.4937629937629937,0.4937629937629937,1.75,1.75,191.5625,191.5625,30.138261464750173,53.0,3.970291913552122,9,16.0,7.949999999999998,0.875,0.731560907753467,0.9048568799174432
2018,Alex Collins,RB,31.5,3.8,BAL,00-0032426,10,10.86,2016,2,vet,True,17,3,13.416324058711414,-2.5563240587114144,2,1.8,8.92962962962963,15.0,13.0,0.8125,0.9375,0.75,7.872916666666666,1.0,7.411111111111111,8.92962962962963,11.4,2.0074074074074075,2.4,1.4296296296296298,1.5333333333333334,10.57037037037037,14.133333333333333,12.577777777777778,16.533333333333335,11.422222222222222,12.466666666666669,47.874074074074066,64.86666666666666,-0.0222222222222222,-0.2,0.0494717462299231,0.064171122994538,-0.0003104009915263,-0.0007816571130795,0.3328874024518883,0.4608695652163894,0.0739903386508162,0.0957095245126513,0.035353535346814,-0.0833333333310185,7.96574440005994,8.130434782255199,0.7592592592171249,0.638888888871142,1.0,0.0,1.7291666666635743,2.2499999999959894,9.47916666664586,13.249999999971196,11.208333333309437,15.499999999967184,6.00841750808991,5.194444444300155,7.961791830894463,8.260869564858224,0.0,0.0,0.0919760390178754,-0.1379824484006926,4.403834449120542,4.589622641487785,0.0,35.4375,35.4375,35.0625,35.0625,239.875,239.875,28.75,28.75,64.1875,64.1875,0.5520934761441091,0.5520934761441091,2.125,2.125,202.1875,202.1875,24.01642710472279,171.0,5.14166355650266,2,16.0,6.7875,0.625,1.1057406607161453,1.0310658771064916
2018,Kenyan Drake,RB,32.8,4.5,MIA,00-0033118,16,12.8875,2016,2,vet,True,18,3,13.416324058711414,-0.5288240587114128,2,1.8,7.029166666666668,16.0,15.666666666666666,0.9791666666666666,1.0,0.96875,6.960416666666667,1.0,5.593750000000001,7.029166666666668,8.89375,2.2222222222222223,3.0,1.5333333333333332,2.0,6.2749999999999995,8.3125,8.497222222222222,11.3125,10.980555555555556,14.9375,30.811111111111114,40.25,1.2472222222222222,1.9375,0.0615595274511296,0.0816326530610856,0.0041020257800727,0.0064168909128531,0.2734567901227056,0.3694444444434182,0.0952107092227453,0.1269408032306257,0.3638888888865856,0.6458333333198785,6.682870370025472,7.468749999766603,0.7444444444051852,0.6666666666527779,2.0,3.0,2.208333333329486,2.9999999999948983,6.229166666649576,8.312499999976911,8.437499999979062,11.31249999997181,4.85277777755529,4.979166666562935,6.643518518136397,6.687499999791016,0.0138888888885995,0.0208333333328993,-0.0156285856089562,-0.0783582251486876,5.0361509834403435,4.842105263121488,0.0,37.625,37.625,36.75,36.75,301.9375,301.9375,22.5,22.5,60.125,60.125,0.6257796257796258,0.6257796257796258,1.75,1.75,237.0,237.0,24.5968514715948,73.0,4.290459441148391,2,16.0,12.8875,1.0,1.1065572409491908,1.0087974261787207
2018,Jerick McKinnon,RB,34.3,24.9,SF,00-0031376,0,,2014,4,vet,False,19,3,13.416324058711414,,4,2.6470588235294117,9.84140404040404,16.0,15.4,0.9625,1.0,0.90625,9.497916666666669,1.0,1.2379166666666652,9.84140404040404,11.13125,3.699040404040404,4.25,2.803080808080808,3.1875,8.944848484848485,9.375,12.643888888888888,13.625,20.82651515151515,26.3125,34.10116161616161,35.625,0.7816666666666666,0.9375,0.1078571133649363,0.1305182341648166,0.003466832819708,0.0037945863900825,0.3041273881492513,0.2994011976041928,0.1642124530212002,0.1984335617202827,0.263282892533896,0.2205882352908736,7.415755759480455,8.254901960622453,0.7568063644058183,0.7499999999889706,2.8,3.0,3.562499999993259,4.249999999991843,8.554166666647658,9.374999999981288,12.116666666640915,13.62499999997313,5.599894146105232,6.191176470497188,7.939941661218308,8.823529411591696,0.0303468687404111,0.0294117647054498,-0.0641041885037704,-0.0554695395603153,3.9429258198081336,3.799999999974667,1.0,37.9375,32.9375,37.4375,32.5625,299.3125,247.0625,25.5,31.3125,63.4375,64.25,0.5980295566502463,0.5126459143968871,1.875,2.5,264.6875,245.5625,26.32991101984942,96.0,4.564348191467836,4,16.0,,0.0,1.041452083807933,0.9548524613430156
2018,Lamar Miller,RB,38.0,4.3,HOU,00-0029615,14,12.328571428571427,2012,6,vet,True,20,3,13.416324058711414,-1.0877526301399865,6,2.9076923076923076,12.663470017636683,16.0,15.38095238095238,0.9613095238095238,1.0,0.90625,12.19811507936508,1.0,-1.5562500000000004,12.663470017636683,12.09375,2.8801020408163263,2.8125,2.29119425547997,2.25,15.255196523053666,14.875,18.135298563869995,17.6875,18.450113378684808,20.4375,60.784737969261776,55.5,2.6444948349710256,3.8125,0.0816831896539007,0.0872093023254123,0.0081526503333919,0.0117533718689765,0.5430283484307054,0.5312499999988142,0.1282316397142255,0.1390413137964021,0.9383017984310044,1.3555555555254322,8.012661655541402,9.08333333308102,0.7934904415919574,0.7999999999822223,2.5714285714285716,3.0,2.7847222222171166,2.8124999999945492,14.60813492060098,14.874999999966796,17.392857142818098,17.687499999961346,6.369031247078126,7.266666666505186,7.462047382124947,8.194444444216822,0.0460510249973723,0.0666666666651851,0.1477047705218948,0.2911511780588979,4.010770387815249,3.731092436959113,0.0,32.8125,32.8125,32.25,32.25,324.375,324.375,28.0,28.0,60.8125,60.8125,0.539568345323741,0.539568345323741,2.25,2.25,227.75,227.75,27.353867214236825,97.0,4.574710978503383,6,16.0,10.7875,0.875,0.9627900649133881,0.9258422092738677
2018,Derrick Henry,RB,42.1,5.2,TEN,00-0032764,16,12.585,2016,2,vet,True,21,4,12.035856922066072,0.5491430779339268,2,1.8,8.141666666666667,16.0,15.333333333333334,0.9583333333333334,1.0,0.9375,7.827083333333333,1.0,0.8875000000000002,8.141666666666667,8.4375,1.0654761904761905,1.0625,0.7678571428571429,0.6875,9.952380952380953,11.0,11.017857142857144,12.0625,8.928571428571429,8.5,42.666666666666664,46.5,1.642857142857143,1.75,0.0336200595940163,0.0351239669420761,0.0057399379589162,0.0064799814857656,0.3418916099163449,0.397291196387365,0.0544480459622659,0.0572219374531502,1.5424836600364988,1.647058823432526,11.755244754225226,12.363636362512397,0.7202614378638627,0.6470588234913495,3.0,3.0,1.0208333333312325,1.0624999999978049,9.624999999978632,10.99999999997517,10.645833333309865,12.062499999972976,8.37777777726109,7.999999999529412,10.755244754311477,11.363636362603303,0.039215686272203,0.0588235294083045,0.2518330388503488,0.2517221783856164,4.303030303000792,4.2272727272487085,0.0,31.0,31.0,30.25,30.25,270.0625,270.0625,27.6875,27.6875,58.6875,58.6875,0.5282215122470714,0.5282215122470714,2.0,2.0,212.125,212.125,24.657084188911703,45.0,3.80666248977032,2,16.0,12.585,1.0,1.1059326401304113,1.0066509055503883
2018,Mark Ingram II,RB,45.9,5.8,NO,00-0027966,12,11.875,2011,7,vet,True,22,4,12.035856922066072,-0.1608569220660722,7,2.953488372093023,15.982647018335994,16.0,15.10236220472441,0.9438976377952756,1.0,0.8392857142857143,15.191240157480314,1.0,2.2375000000000007,15.982647018335994,17.375,4.0055420956995755,4.4375,3.2512462603013788,3.625,13.784833801369237,14.375,17.79037589706881,18.8125,23.34002395242553,26.0,66.65651762935227,70.25,-2.814107611548556,-5.625,0.1054744135171127,0.1342155009449258,-0.0131514162315225,-0.0264472524243237,0.4918142510783087,0.5180180180168513,0.1490056289136032,0.1828101747203622,-0.6666172332246502,-1.2676056337849633,7.112229558411474,7.172413792979786,0.8033888712839934,0.8169014084391986,0.7559055118110236,0.0,3.801673228339864,4.437499999991612,13.037401574772412,14.374999999967624,16.83907480311228,18.812499999959236,5.710817889502386,5.859154929494941,8.047614519554443,8.620689655023781,0.0173771382022526,0.0,0.0402654084233848,0.0144564909850862,4.844881194229162,4.886956521717883,0.0,33.5,33.5,33.0625,33.0625,212.6875,212.6875,27.75,27.75,61.25,61.25,0.5469387755102041,0.5469387755102041,2.875,2.875,270.875,270.875,28.69541409993155,28.0,3.332204510175204,7,16.0,8.90625,0.75,0.8450831518343247,0.9058606427548587
2018,Jay Ajayi,RB,46.6,5.9,PHI,00-0031590,4,10.85,2015,3,vet,True,23,4,12.035856922066072,-1.1858569220660726,3,2.3333333333333335,10.293015873015872,14.0,13.571428571428571,0.8482142857142857,0.875,0.7916666666666666,9.050892857142856,1.0,-4.703333333333333,10.293015873015872,9.65,2.2290249433106575,2.4285714285714284,1.6049886621315193,1.7142857142857142,14.219954648526077,14.857142857142858,16.448979591836736,17.285714285714285,10.75374149659864,11.285714285714286,62.82947845804989,62.357142857142854,0.2770975056689342,-1.6428571428571428,0.0411009895505808,0.0297202797202537,0.0028494674699951,-0.0022812933941675,0.3464559996503152,0.249699879951681,0.0636461115548679,0.0429835142044632,0.2520353595761266,-0.676470588215398,7.196523053187593,6.583333333059028,0.7146785986857868,0.7058823529204153,1.2857142857142858,0.0,1.9374999999963785,2.1249999999963003,12.50892857139686,12.999999999966793,14.44642857139324,15.124999999963093,5.056946414710031,4.647058823392734,7.179138321541722,7.3333333330277775,0.0168067226885813,0.0294117647050173,-0.0757219561873459,-0.0892955890802934,4.341343350498991,4.1971153845952065,0.0,35.25,35.25,34.75,34.75,328.1875,328.1875,29.5625,29.5625,64.8125,64.8125,0.5438765670202508,0.5438765670202508,2.9375,2.9375,247.9375,247.9375,25.21286789869952,149.0,5.003946305945459,3,16.0,2.7125,0.25,1.0944136545573366,0.9882377928806291
2018,Marshawn Lynch,RB,52.6,5.8,LV,00-0025399,6,13.166666666666666,2007,11,vet,True,24,4,11.36028003858886,1.8063866280778047,10,2.0742202389703133,12.181583038026034,15.0,13.81042345276873,0.8631514657980456,0.9375,0.8875,10.599398208469054,1.0,-0.8676190476190477,12.181583038026034,10.946666666666664,2.3279378601854175,2.066666666666667,1.553026213742826,1.3333333333333333,14.827680853348603,13.8,17.155618713534025,15.866666666666667,11.878726420159646,10.066666666666666,63.028327785135595,59.4,0.8123955089427403,1.0,0.0614080417592196,0.0561594202897533,0.0025410746635562,0.003249566724436,0.501530369625036,0.5594594594579474,0.0938908149033188,0.0865138271417352,0.3771738448287604,0.4838709677263267,7.578572901948223,7.5499999996225,72964170.04229613,0.6451612903017689,2.741514360313316,3.0,1.9571661237746552,1.93749999999649,12.743892508111893,12.937499999965034,14.701058631886546,14.874999999961524,510749190.71921194,4.8709677417783555,8.154784023533258,8.19999999959,1302931.6058844742,0.0,22785817.634470843,-0.0959431357414215,4.247262061640216,4.304347826066163,0.0,34.875,34.875,34.5,34.5,288.5,288.5,23.125,23.125,58.0,58.0,0.6012931034482759,0.6012931034482759,2.25,2.25,235.0625,235.0625,32.36139630390144,12.0,2.4849066497880004,11,16.0,4.9375,0.375,0.5846495340263653,0.9035330069065168
2018,Carlos Hyde,RB,53.9,5.8,JAX,00-0031045,13,7.515384615384615,2014,4,vet,True,25,4,11.36028003858886,-3.844895423204246,4,2.6470588235294117,13.635274725274725,16.0,13.866666666666667,0.8666666666666667,1.0,0.78125,11.98125,1.0,-0.1644230769230752,13.635274725274725,14.6125,3.972161172161172,5.5,2.787179487179487,3.6875,15.036996336996337,15.0,19.009157509157507,20.5,16.343589743589742,21.875,62.07142857142857,58.625,7.124542124542125,10.1875,0.1024360059930149,0.1469115191984192,0.0233892967885377,0.0340363332637222,0.4911612129265517,0.5882352941162053,0.1700265167414988,0.2441927120822344,1.6794191918831072,1.8522727272516784,5.793920371118369,5.932203389729963,0.723535353515035,0.6704545454469266,2.3488979777323338,2.147239263803681,3.6749999999935974,5.499999999990818,12.920833333302635,14.999999999963237,16.595833333296234,20.499999999954056,4.192828282715149,3.977272727227531,5.4433382790143,5.457627118551566,0.0242424242416896,0.0,-0.1898977709337342,-0.1980369272245004,4.1109739646268455,3.908333333317049,1.0,32.9375,37.9375,32.3125,37.4375,254.0,299.3125,32.9375,25.5,65.875,63.4375,0.5,0.5980295566502463,2.4375,1.875,232.25,264.6875,27.94798083504449,57.0,4.04305126783455,4,16.0,6.10625,0.8125,0.9104199374344929,0.9135819077698898
2018,Dion Lewis,RB,55.5,6.2,TEN,00-0028087,16,10.04375,2011,7,vet,True,26,4,11.36028003858886,-1.316530038588862,5,2.45772161308307,11.685797101449277,16.0,12.043478260869565,0.7527173913043478,1.0,0.6125,9.085380434782609,1.0,4.873214285714285,11.685797101449277,12.6875,3.171683389074693,2.1875,2.510813823857302,2.0,9.831947762382544,11.25,13.003631151457236,13.4375,18.9594839942666,13.375,47.33406593406594,56.0,5.744131231087753,0.0,0.0568069139882654,0.0599315068492124,0.008925214302403,0.0,0.2793418336097216,0.4017857142848174,0.0914580209940803,0.0898972602738186,1.2184347826515154,0.0,6.942483659803995,6.687499999791016,0.8321821945748322,0.914285714259592,1.6264649537976112,,2.0722826086921016,2.187499999996254,7.826630434765151,11.24999999997489,9.898913043457252,13.437499999971145,5.754848861041158,6.114285714111021,6.863881784190178,6.9999999997812505,0.0532670807438674,0.0857142857118367,0.1812755526435002,0.3795343776449358,4.7959661587879525,4.9777777777501235,1.0,31.0,36.6875,30.25,36.5,270.0625,333.4375,27.6875,28.0,58.6875,64.6875,0.5282215122470714,0.5671497584541063,2.0,3.0,212.125,288.6875,27.928815879534564,149.0,5.003946305945459,7,16.0,10.04375,1.0,0.9121294891420575,0.9139025595340201
2018,Jamaal Williams,RB,59.7,6.7,GB,00-0033948,14,8.1,2017,1,soph,True,27,5,11.36028003858886,-3.2602800385888617,1,1.0,9.52,15.0,15.0,0.9375,0.9375,0.9375,8.925,1.0,0.0,9.52,9.52,2.2666666666666666,2.2666666666666666,1.6666666666666667,1.6666666666666667,10.2,10.2,12.466666666666669,12.466666666666669,17.466666666666665,17.466666666666665,37.06666666666667,37.06666666666667,3.4,3.4,0.0613718411551238,0.0613718411551238,0.0125770653514149,0.0125770653514149,0.3963730569937918,0.3963730569937918,0.1008617074786762,0.1008617074786762,1.4999999999558824,1.4999999999558824,10.4799999995808,10.4799999995808,0.7352941176254326,0.7352941176254326,3.0,3.0,2.1249999999961644,2.1249999999961644,9.562499999975229,9.562499999975229,11.687499999971392,11.687499999971392,7.705882352714534,7.705882352714534,10.2399999995904,10.2399999995904,0.0588235294100346,0.0588235294100346,0.2364102547648268,0.2364102547648268,3.633986928080824,3.633986928080824,0.0,35.125,35.125,34.625,34.625,253.4375,253.4375,24.125,24.125,59.25,59.25,0.5928270042194093,0.5928270042194093,2.375,2.375,220.75,220.75,23.41409993155373,134.0,4.897839799950911,1,16.0,7.0874999999999995,0.875,1.0907129280163297,1.0549284759002324
2018,Kerryon Johnson,RB,62.5,6.6,DET,00-0034349,10,13.94,2018,0,rookie,True,28,5,11.36028003858886,2.57971996141114,0,,,,,,,,,,,,,,,,,,,,,,,,,,,,,,,,,,,,,,,,,,,,,,,,,,,,,,,,,,,,,,,,,,,,,,,,,,,,21.17180013689254,43.0,3.7612001156935624,0,16.0,8.7125,0.625,0.9265690613941845,1.0181858210268246
2018,Rex Burkhead,RB,64.0,6.6,NE,00-0030288,8,6.2125,2013,5,vet,True,29,5,10.925918745824406,-4.713418745824406,4,2.6470588235294117,8.776126984126984,10.0,11.533333333333331,0.7208333333333333,0.625,0.71875,5.8758333333333335,1.0,7.558571428571429,8.776126984126984,12.98,2.5295238095238095,3.6,2.0793650793650795,3.0,4.944126984126984,6.4,7.473650793650794,10.0,17.61079365079365,25.4,20.925079365079363,26.4,7.902857142857143,11.3,0.0481094798140184,0.0616438356163328,0.0174711347333321,0.0211808809746914,0.1227971717873142,0.142857142856824,0.0843940140343601,0.1072923701067832,3.427407407244461,3.1388888888016977,8.51006535900081,8.466666666384445,0.8066666666323952,0.8333333333101852,2.274779654956646,2.247787610619469,1.6999999999969937,2.2499999999961475,3.4374999999923257,3.999999999991072,5.137499999989319,6.249999999987219,6.858518518228956,7.055555555359569,6.203323995938716,6.133333333128889,0.0533333333315061,0.0833333333310185,0.1978295118896751,0.3616755812354296,3.7729729728662904,4.124999999935547,0.0,36.6875,36.6875,36.5,36.5,333.4375,333.4375,28.0,28.0,64.6875,64.6875,0.5671497584541063,0.5671497584541063,3.0,3.0,288.6875,288.6875,28.16700889801506,190.0,5.247024072160486,5,16.0,3.10625,0.5,0.8909244692375723,0.9103775670705496
2018,Chris Carson,RB,66.7,7.3,SEA,00-0033594,14,14.385714285714286,2017,1,soph,True,30,5,10.925918745824406,3.45979553988988,1,1.0,9.925,4.0,4.0,0.25,0.25,0.25,2.48125,1.0,0.0,9.925,9.925,2.0,2.0,1.75,1.75,12.25,12.25,14.25,14.25,14.75,14.75,52.0,52.0,4.25,4.25,0.0152091254752562,0.0152091254752562,0.0032486145614364,0.0032486145614364,0.1198044009777021,0.1198044009777021,0.0250877184058898,0.0250877184058898,2.124999999734375,2.124999999734375,8.428571427367347,8.428571427367347,0.874999999890625,0.874999999890625,3.0,3.0,0.4999999999990494,0.4999999999990494,3.062499999992512,3.062499999992512,3.5624999999915614,3.5624999999915614,7.374999999078125,7.374999999078125,6.571428570489796,6.571428570489796,0.124999999984375,0.124999999984375,0.5539061317721209,0.5539061317721209,4.2448979590970435,4.2448979590970435,0.0,34.6875,34.6875,32.875,32.875,327.0625,327.0625,25.5625,25.5625,60.25,60.25,0.5757261410788381,0.5757261410788381,2.375,2.375,248.6875,248.6875,23.958932238193015,249.0,5.517452896464707,1,16.0,12.5875,0.875,1.1049598101305862,1.033369824110351
2018,Peyton Barber,RB,69.0,7.3,TB,00-0032741,16,9.39375,2016,2,vet,True,31,5,10.925918745824406,-1.532168745824405,2,1.8,5.284285714285715,14.0,12.666666666666666,0.7916666666666666,0.875,0.75,4.322916666666667,1.0,2.5114285714285716,5.284285714285715,6.121428571428572,1.1047619047619048,1.3571428571428572,0.9285714285714284,1.1428571428571428,6.976190476190477,7.714285714285714,8.08095238095238,9.071428571428571,6.3619047619047615,8.142857142857142,27.576190476190476,30.214285714285715,1.4904761904761905,1.2857142857142858,0.0247554233907675,0.0318791946308189,0.0030505167646268,0.0029330291673451,0.2255609088031636,0.277634961438875,0.03926849682139,0.04987191236337,1.6871345027148097,0.94736842100277,6.616666665996458,7.124999999554688,0.8391812864738637,0.8421052631135734,2.491228070175439,3.0,0.9166666666651194,1.1874999999980076,5.645833333319236,6.7499999999826485,6.5624999999843565,7.937499999980656,5.55555555508577,5.999999999684211,5.641666666185729,7.062499999558594,0.0,0.0,0.0468944280613609,-0.0314883315661813,3.9626262625775137,3.9166666666304017,0.0,37.8125,37.8125,37.25,37.25,383.5625,383.5625,24.3125,24.3125,62.125,62.125,0.6086519114688129,0.6086519114688129,2.125,2.125,287.9375,287.9375,24.50924024640657,260.0,5.560681631015528,2,16.0,9.39375,1.0,1.1072291831139458,1.0119829763115147
2018,Chris Thompson,RB,74.1,8.0,WAS,00-0030404,10,9.16,2013,5,vet,True,32,5,10.925918745824406,-1.765918745824406,5,2.8181818181818183,11.831687344913153,10.0,11.225806451612904,0.7016129032258065,0.625,0.5625,8.202822580645162,1.0,6.321250000000001,11.831687344913153,15.54,4.4893300248138965,5.4,3.3441687344913156,3.9,4.844168734491316,6.4,9.333498759305211,11.8,35.20471464019851,51.0,23.447146401985112,29.4,10.039454094292804,13.3,0.091163991160963,0.1011235955054286,0.0265960318806731,0.0321566731141121,0.1396862929184851,0.1596009975058364,0.1553632090579157,0.1741950644380214,2.1069928260033017,2.4629629629173526,9.76254620926658,13.076923076587772,0.7260996316466968,0.7222222222088478,2.5860465116279068,3.0,3.1572580645104313,3.3749999999936797,3.4556451612815926,3.9999999999900258,6.612903225792024,7.3749999999837055,7.221214673705471,9.444444444269548,8.737421717793426,12.435897435578568,0.0611493759233797,0.0740740740727023,0.2784302321704667,0.4555755915102679,4.776389265217885,4.593749999928223,0.0,33.75,33.75,33.375,33.375,258.5,258.5,25.0625,25.0625,58.8125,58.8125,0.5738575982996812,0.5738575982996812,2.3125,2.3125,255.8125,255.8125,27.86584531143053,154.0,5.0369526024136295,5,16.0,5.725,0.625,0.9177455046317913,0.9149793834007244
2018,Tevin Coleman,RB,76.5,7.5,ATL,00-0032058,16,12.1,2015,3,vet,True,33,6,10.925918745824406,1.1740812541755936,3,2.3333333333333335,11.095714285714283,15.0,14.0,0.875,0.9375,0.8333333333333334,9.782142857142857,1.0,-3.5199999999999996,11.095714285714283,11.18,2.4957875457875462,2.6,1.733699633699634,1.8,9.571978021978024,10.4,12.067765567765568,13.0,20.809890109890112,19.933333333333337,40.01904761904762,41.86666666666667,9.464285714285714,11.666666666666666,0.0672160585110107,0.0754352030946316,0.029331544257513,0.0377399180504555,0.3169822455848913,0.3627906976735749,0.1213561687467752,0.1395707472772663,3.865401265266181,4.487179487064432,11.208226658980022,11.074074073663922,0.6430069929889524,0.6923076922899409,1.8799810156620784,1.7085714285714286,2.205357142852942,2.4374999999952855,8.455357142837332,9.749999999977328,10.660714285690274,12.187499999972612,7.569913419709381,7.666666666470086,8.70822665916909,8.074074073775034,0.0653846153829526,0.0769230769211045,0.2089700546165189,0.3000215986995912,4.203124364400726,4.02564102561522,0.0,33.125,33.125,32.3125,32.3125,289.8125,289.8125,26.875,26.875,60.0,60.0,0.5520833333333334,0.5520833333333334,2.0625,2.0625,259.125,259.125,25.377138945927445,73.0,4.290459441148391,3,16.0,12.1,1.0,1.0890692024561115,0.9831619317809472
2018,Adrian Peterson,RB,81.1,8.5,WAS,00-0025394,16,11.8125,2007,11,vet,True,34,6,9.51747964997965,2.2950203500203497,11,2.9970717423133237,8.57135447926117,10.0,8.710307767464583,0.5443942354665364,0.625,0.7556818181818182,5.714909013190034,1.0,4.890000000000001,8.57135447926117,7.890000000000001,2.0938155721497194,1.9,1.2920877241956872,1.1,15.999028776141628,15.6,18.092844348291344,17.5,7.8729924163119085,7.0,54.932725591457874,52.9,1.526632470281713,3.5,0.0265235534544248,0.0169491525423577,0.0020755210351043,0.0038322566517021,0.2454884442789331,0.1828839390384725,0.0412381949062103,0.0281063084697281,0.8628515367552959,1.8421052630609416,5.737654018689517,6.363636363057851,29799707.494043034,0.5789473683905817,1.9015003261578605,2.0,1.1393502686837316,1.1874999999979563,9.217696629192096,9.749999999976488,10.35704689787583,10.937499999974444,253053252.26847777,3.684210526121883,5.487640804167857,4.999999999545454,488519.7865574514,0.0,13915656.506271856,-0.3262260106473074,3.2808582280370104,3.3910256410039037,1.0,33.75,37.375,33.375,37.0,258.5,358.125,25.0625,25.5625,58.8125,62.9375,0.5738575982996812,0.5938430983118173,2.3125,1.6875,255.8125,248.6875,33.44832306639288,7.0,1.9459101490553132,11,16.0,11.8125,1.0,0.5223476606469095,0.9014242310724222
2018,Sony Michel,RB,83.5,7.8,NE,00-0034845,13,10.7,2018,0,rookie,True,35,6,9.4762971493062,1.2237028506937992,0,,,,,,,,,,,,,,,,,,,,,,,,,,,,,,,,,,,,,,,,,,,,,,,,,,,,,,,,,,,,,,,,,,,,,,,,,,,,23.53730321697467,31.0,3.4339872044851463,0,16.0,8.69375,0.8125,1.0950443041067826,1.0501765907888159
2018,Tarik Cohen,RB,85.2,9.3,CHI,00-0033556,16,14.62125,2017,1,soph,True,36,6,9.4762971493062,5.1449528506938,1,1.0,9.50875,16.0,16.0,1.0,1.0,1.0,9.50875,1.0,0.0,9.50875,9.50875,4.4375,4.4375,3.3125,3.3125,5.4375,5.4375,9.875,9.875,22.0625,22.0625,23.125,23.125,9.8125,9.8125,0.1517094017090775,0.1517094017090775,0.0454940596928294,0.0454940596928294,0.2061611374402697,0.2061611374402697,0.2594099443485969,0.2594099443485969,2.211267605602658,2.211267605602658,6.660377358364899,6.660377358364899,0.7464788732289228,0.7464788732289228,2.248407643312102,2.248407643312102,4.437499999990518,4.437499999990518,5.437499999987115,5.437499999987115,9.874999999977632,9.874999999977632,4.971830985845467,4.971830985845467,5.7169811319676045,5.7169811319676045,0.0140845070420551,0.0140845070420551,-0.2121501542055782,-0.2121501542055782,4.252873563169507,4.252873563169507,0.0,29.5625,29.5625,29.25,29.25,215.6875,215.6875,26.375,26.375,55.9375,55.9375,0.5284916201117319,0.5284916201117319,1.625,1.625,192.8125,192.8125,23.10198494182067,119.0,4.77912349311153,1,16.0,14.62125,1.0,1.0768941669957628,1.0664288063339007
2018,Rashaad Penny,RB,87.1,8.2,SEA,00-0034750,12,5.866666666666667,2018,0,rookie,True,37,6,9.4762971493062,-3.609630482639533,0,,,,,,,,,,,,,,,,,,,,,,,,,,,,,,,,,,,,,,,,,,,,,,,,,,,,,,,,,,,,,,,,,,,,,,,,,,,,22.57905544147844,27.0,3.295836866004329,0,16.0,4.4,0.75,1.0456045478642684,1.083917092918757
2018,Isaiah Crowell,RB,89.6,7.9,NYJ,00-0030656,13,10.823076923076924,2014,4,vet,True,38,6,9.4762971493062,1.3467797737707237,4,2.6470588235294117,9.894,16.0,15.933333333333334,0.9958333333333332,1.0,0.984375,9.86,1.0,-3.85,9.894,8.96875,2.528888888888889,2.625,1.7983333333333331,1.75,12.366111111111111,12.875,14.895,15.5,13.286666666666669,11.375,52.88111111111111,53.3125,-0.545,-0.5625,0.0716556878721555,0.0742049469963353,-0.0017903433098979,-0.0017458777885544,0.5225653704477935,0.5364583333319364,0.1062302914913046,0.1100853060425148,-0.2490811075667733,-0.2142857142806122,7.514970759918116,6.499999999767857,0.7148220751788753,0.6666666666507937,0.9757575757575758,0.0,2.5249999999955217,2.6249999999953624,12.32499999996734,12.874999999966471,14.849999999962863,15.499999999961837,5.433458574802969,4.333333333230159,8.26335282617389,7.499999999732143,0.0060606060603305,0.0,-0.0491883043121318,-0.2446004744290194,4.272821373867542,4.140776699009026,1.0,31.875,35.875,31.0,35.375,243.75,322.1875,26.6875,24.0,58.5625,59.875,0.544290288153682,0.5991649269311065,2.0,1.625,218.8125,221.0625,25.645448323066393,260.0,5.560681631015528,4,16.0,8.793750000000001,0.8125,1.0785006637240238,0.9750795198310358
2018,Duke Johnson,RB,93.5,8.2,CLE,00-0032257,16,8.25,2015,3,vet,True,39,7,9.4762971493062,-1.2262971493062,3,2.3333333333333335,11.759821428571428,16.0,16.0,1.0,1.0,1.0,11.759821428571428,1.0,4.49375,11.759821428571428,13.50625,5.303571428571429,5.8125,4.133928571428571,4.625,5.160714285714286,5.125,10.464285714285714,10.9375,38.69642857142857,43.3125,22.205357142857142,21.75,10.508928571428571,12.4375,0.1493721301376146,0.1643109540633139,0.0333196711161148,0.0386032977691486,0.2207133906188147,0.2135416666661105,0.2473819649877023,0.273488739533375,1.958255490490468,2.1397849462135508,9.372826319170551,9.364864864738312,0.7770789222309668,0.7956989247226268,3.0,3.0,5.303571428562093,5.812499999989731,5.160714285700491,5.124999999986654,10.464285714262584,10.937499999976383,7.273508531486513,7.451612903145682,8.33510599535513,8.567567567451789,0.0222941835842557,0.0322580645157821,0.0597299852556434,0.0544419574437238,4.346865671862014,4.243902438972635,0.0,35.875,35.875,35.375,35.375,322.1875,322.1875,24.0,24.0,59.875,59.875,0.5991649269311065,0.5991649269311065,1.625,1.625,221.0625,221.0625,24.93908281998631,77.0,4.343805421853684,3,16.0,8.25,1.0,1.1013689924667975,0.9970235802269046
2018,Marlon Mack,RB,94.3,7.5,IND,00-0033951,12,14.841666666666669,2017,1,soph,True,40,7,9.4762971493062,5.365369517360467,1,1.0,7.378571428571429,14.0,14.0,0.875,0.875,0.875,6.456250000000001,1.0,0.0,7.378571428571429,7.378571428571429,2.357142857142857,2.357142857142857,1.5,1.5,6.642857142857143,6.642857142857143,9.0,9.0,16.071428571428573,16.071428571428573,25.571428571428573,25.571428571428573,-4.5,-4.5,0.06991525423714,0.06991525423714,-0.0177464788732344,-0.0177464788732344,0.2062084257201636,0.2062084257201636,0.0924503461444459,0.0924503461444459,-1.909090909033058,-1.909090909033058,10.71428571377551,10.71428571377551,0.6363636363443527,0.6363636363443527,0.0,0.0,2.06249999999563,2.06249999999563,5.8124999999871125,5.8124999999871125,7.874999999982743,7.874999999982743,6.818181817975208,6.818181817975208,13.476190475548751,13.476190475548751,0.030303030302112,0.030303030302112,0.3541638921812153,0.3541638921812153,3.8494623655500058,3.8494623655500058,0.0,30.4375,30.4375,29.5,29.5,221.875,221.875,28.1875,28.1875,58.625,58.625,0.5191897654584222,0.5191897654584222,1.5,1.5,201.625,201.625,22.48596851471595,143.0,4.962844630259907,1,16.0,11.13125,0.75,1.0391087936061651,1.0867878808309694
2018,Aaron Jones Sr.,RB,97.7,8.1,GB,00-0033293,12,14.283333333333331,2017,1,soph,True,41,7,9.4762971493062,4.807036184027133,1,1.0,8.0,10.0,10.0,0.625,0.625,0.625,5.0,1.0,0.0,8.0,8.0,1.8,1.8,0.9,0.9,8.1,8.1,9.9,9.9,2.2,2.2,44.8,44.8,-0.5,-0.5,0.0324909747291832,0.0324909747291832,-0.0012330456226877,-0.0012330456226877,0.2098445595849486,0.2098445595849486,0.0478733301578934,0.0478733301578934,-0.2777777777623457,-0.2777777777623457,2.4444444441728397,2.4444444441728397,0.4999999999722222,0.4999999999722222,0.0,0.0,1.1249999999979692,1.1249999999979692,5.062499999986885,5.062499999986885,6.187499999984855,6.187499999984855,1.222222222154321,1.222222222154321,3.333333332962963,3.333333332962963,0.0,0.0,-0.3857515005027462,-0.3857515005027462,5.530864197462582,5.530864197462582,0.0,35.125,35.125,34.625,34.625,253.4375,253.4375,24.125,24.125,59.25,59.25,0.5928270042194093,0.5928270042194093,2.375,2.375,220.75,220.75,23.74811772758385,182.0,5.204006687076795,1,16.0,10.7125,0.75,1.1009398055162127,1.04183117348825
2018,James White,RB,99.5,8.2,NE,00-0031062,16,17.2875,2014,4,vet,True,42,7,9.4762971493062,7.811202850693801,4,2.6470588235294117,9.408650793650793,14.0,13.533333333333331,0.8458333333333333,0.875,0.703125,8.229583333333334,1.0,-0.5348214285714299,9.408650793650793,9.571428571428571,4.887301587301588,5.142857142857143,3.688888888888889,4.0,2.7325396825396826,3.0714285714285716,7.619841269841269,8.214285714285714,30.59285714285714,30.642857142857142,10.747619047619049,12.214285714285714,7.875396825396825,9.214285714285714,0.1198489593685006,0.1232876712326656,0.022497974779414,0.024179943767568,0.0817959364579641,0.0959821428569286,0.1955220213983407,0.2018574674862961,1.5406718346059216,1.7916666666417824,8.207936507727235,7.660714285577488,0.7662934251850669,0.7777777777669753,2.8,3.0,4.304166666659176,4.499999999992295,2.3041666666615543,2.6874999999940012,6.608333333320731,7.187499999986296,6.205317255095653,5.958333333250579,6.990317460128795,6.071428571320153,0.0476026414004191,0.0416666666660879,0.165077578655259,0.1400441955838872,3.8768483883511657,3.9767441859540296,0.0,36.6875,36.6875,36.5,36.5,333.4375,333.4375,28.0,28.0,64.6875,64.6875,0.5671497584541063,0.5671497584541063,3.0,3.0,288.6875,288.6875,26.576317590691307,130.0,4.867534450455582,4,16.0,17.2875,1.0,1.0247090747651708,0.9475448019922719
2018,Ronald Jones,RB,111.4,11.0,TB,00-0034816,6,3.4499999999999997,2018,0,rookie,True,43,8,8.801446416016189,-5.35144641601619,0,,,,,,,,,,,,,,,,,,,,,,,,,,,,,,,,,,,,,,,,,,,,,,,,,,,,,,,,,,,,,,,,,,,,,,,,,,,,21.078713210130047,38.0,3.6375861597263857,0,16.0,1.29375,0.375,0.9176274214542479,1.0083600547856426
2018,Bilal Powell,RB,114.3,10.9,NYJ,00-0028064,7,8.614285714285714,2011,7,vet,True,44,8,8.801446416016189,-0.187160701730475,7,2.953488372093023,10.098798616082082,15.0,14.661417322834646,0.9163385826771654,0.9375,0.7946428571428571,9.272834645669292,1.0,-2.6325000000000003,10.098798616082082,9.68,3.2151907147970142,2.2,2.36450557316699,1.5333333333333334,9.504717592119167,11.866666666666667,12.71990830691618,14.066666666666666,17.372154617036507,11.333333333333334,43.42927531785799,51.46666666666667,1.507461567304087,2.4,0.0877544801062823,0.066532258064382,0.0045734140952736,0.0092307692307668,0.3278051692136688,0.416861826696916,0.134833110026115,0.1062599255581097,0.5973098764928374,1.0909090908760333,7.39999568099006,7.391304347504726,0.7241029647314382,0.6969696969485768,1.927674284616862,3.0,2.907972440939397,2.062499999995842,8.811515748011008,11.124999999973946,11.719488188950406,13.187499999969788,5.34608346250773,5.151515151359045,7.034090641211436,6.217391304077505,0.0108094596282017,0.0,-0.214571925349542,-0.3645558950212499,4.606817870021884,4.337078651661028,0.0,31.875,31.875,31.0,31.0,243.75,243.75,26.6875,26.6875,58.5625,58.5625,0.544290288153682,0.544290288153682,2.0,2.0,218.8125,218.8125,29.845311430527037,126.0,4.836281906951478,7,16.0,3.76875,0.4375,0.7533112199288632,0.9048672020620526
2018,Alfred Morris,RB,119.8,23.5,SF,00-0029141,11,6.1909090909090905,2012,6,vet,True,45,8,8.801446416016189,-2.6105373251070985,6,2.9076923076923076,5.669952468166754,13.0,13.968253968253968,0.873015873015873,0.8125,0.9479166666666666,5.049404761904762,1.0,2.668131868131868,5.669952468166754,5.553846153846154,0.7065236350950637,0.6923076923076923,0.5035212803069945,0.5384615384615384,9.279707395778823,8.846153846153847,9.986231030873888,9.538461538461538,3.2405263387406245,3.4615384615384617,40.132751177394034,42.07692307692308,0.0304269143554857,0.0769230769230769,0.0198369676969452,0.0185567010308895,0.0001108932786996,0.0002582644628098,0.288149173213298,0.2395833333328342,0.0298330768405076,0.0280158366703012,-0.2612009902982781,0.1111111110987654,5.860077363357602,6.428571427653061,0.6959622167187136,0.777777777691358,2.238095238095238,3.0,0.6269841269828873,0.5624999999988403,8.28075396823596,7.187499999985026,8.907738095218846,7.749999999983866,4.203780015842374,4.999999999444444,5.55411848152171,6.2857142848163265,0.0,0.0,-0.2981430679188291,0.085561083594351,4.262928135822121,4.756521739089074,1.0,37.9375,30.8125,37.4375,30.3125,299.3125,242.0,25.5,30.0,63.4375,60.8125,0.5980295566502463,0.5066803699897225,1.875,2.5,264.6875,207.875,29.71937029431896,173.0,5.153291594497779,6,16.0,4.25625,0.6875,0.7628579565120152,0.9048651535749862
2018,Latavius Murray,RB,123.1,11.0,MIN,00-0030513,16,8.24375,2013,5,vet,True,46,8,8.514685960281549,-0.2709359602815482,4,2.6470588235294117,11.361868131868132,16.0,15.266666666666667,0.9541666666666668,1.0,0.921875,10.78375,1.0,-5.02767857142857,11.361868131868132,9.84375,1.9453296703296703,1.0625,1.5574175824175824,0.9375,13.5514652014652,13.5,15.496794871794872,14.5625,11.12857142857143,6.4375,54.13388278388278,52.625,-0.4445054945054945,-1.25,0.0511057505567674,0.0326295585412041,-0.0020731941359387,-0.00505944852011,0.4618332066271575,0.4311377245500377,0.075207389939994,0.0454027238477292,-0.534711347542069,-1.17647058816609,7.11081141363631,6.866666666208888,0.8276594144551768,0.8823529411245675,1.0,0.0,1.8208333333301392,1.0624999999979607,13.008333333304469,13.499999999973054,14.829166666634608,14.562499999971015,5.866722403453327,6.058823529055363,8.05365853616724,8.333333332777778,0.0,0.0,0.0297558125617489,0.1255494443187599,4.035670470017956,3.8981481481301015,0.0,32.9375,32.9375,32.5625,32.5625,247.0625,247.0625,31.3125,31.3125,64.25,64.25,0.5126459143968871,0.5126459143968871,2.5,2.5,245.5625,245.5625,28.618754277891856,181.0,5.198497031265826,5,16.0,8.24375,1.0,0.8515889553969433,0.9062477434225358
2018,CJ Anderson,RB,123.3,12.4,LA,00-0029854,8,8.4125,2013,5,vet,True,47,8,8.514685960281549,-0.1021859602815489,5,2.8181818181818183,11.677695852534562,16.0,12.96774193548387,0.8104838709677419,1.0,0.675,9.300806451612903,1.0,-3.6991071428571423,11.677695852534562,10.94375,2.7036866359447007,2.5,1.8648233486943164,1.75,14.20384024577573,15.3125,16.90752688172043,17.8125,15.011981566820277,14.0,59.313364055299544,62.9375,4.371889400921658,3.375,0.0610544631293247,0.0725952813065833,0.0107512578539803,0.0117136659435983,0.4202145650308526,0.5361050328215841,0.0991075751917733,0.1170924881203937,1.6664711630377795,1.3499999999662502,7.752865274809954,7.999999999714285,0.6727924405145532,0.6999999999825001,2.8318462594372,3.0,2.147177419351023,2.4999999999954627,11.639112903199544,15.312499999966494,13.786290322550563,17.812499999961958,5.397653958785659,5.5999999998600005,6.942792084282943,7.678571428297194,0.0265884652973054,0.024999999999375,-0.0383650127586038,0.0028064125052305,4.238937317922815,4.110204081615877,1.0,32.375,35.375,31.875,34.4375,251.6875,288.125,28.375,28.5625,60.75,63.9375,0.5329218106995884,0.5532746823069403,2.8125,1.6875,251.4375,229.25,27.5564681724846,260.0,5.560681631015528,5,16.0,4.20625,0.5,0.9451715914443373,0.9211075619583714
2018,Matt Breida,RB,125.6,24.4,SF,00-0033308,14,11.607142857142858,2017,1,soph,True,48,8,8.514685960281549,3.092456896861309,1,1.0,6.46875,16.0,16.0,1.0,1.0,1.0,6.46875,1.0,0.0,6.46875,6.46875,2.25,2.25,1.3125,1.3125,6.5625,6.5625,8.8125,8.8125,11.25,11.25,29.0625,29.0625,2.75,2.75,0.0601001669448078,0.0601001669448078,0.0091877218625998,0.0091877218625998,0.2573529411758398,0.2573529411758398,0.0965816557210316,0.0965816557210316,1.2222222221882717,1.2222222221882717,8.571428571020409,8.571428571020409,0.5833333333171297,0.5833333333171297,3.0,3.0,2.249999999996244,2.249999999996244,6.562499999983916,6.562499999983916,8.81249999998016,8.81249999998016,4.999999999861112,4.999999999861112,7.619047618684808,7.619047618684808,0.0277777777770061,0.0277777777770061,-0.0687403181182124,-0.0687403181182124,4.428571428529252,4.428571428529252,0.0,37.9375,37.9375,37.4375,37.4375,299.3125,299.3125,25.5,25.5,63.4375,63.4375,0.5980295566502463,0.5980295566502463,1.875,1.875,264.6875,264.6875,23.50718685831622,260.0,5.560681631015528,1,16.0,10.15625,0.875,1.0940506384530093,1.051350059346091
2018,Nick Chubb,RB,126.4,12.2,CLE,00-0034791,16,12.15625,2018,0,rookie,True,49,8,8.514685960281549,3.641564039718451,0,,,,,,,,,,,,,,,,,,,,,,,,,,,,,,,,,,,,,,,,,,,,,,,,,,,,,,,,,,,,,,,,,,,,,,,,,,,,22.680355920602327,35.0,3.5553480614894135,0,16.0,12.15625,1.0,1.0523775260969697,1.080707613069457
2018,Corey Clement,RB,128.4,11.5,PHI,00-0033725,10,8.15,2017,1,soph,True,50,9,8.371889717425432,-0.2218897174254319,1,1.0,6.16,15.0,15.0,0.9375,0.9375,0.9375,5.775,1.0,0.0,6.16,6.16,1.0,1.0,0.6666666666666666,0.6666666666666666,4.933333333333334,4.933333333333334,5.933333333333334,5.933333333333334,8.2,8.2,21.4,21.4,-0.3333333333333333,-0.3333333333333333,0.0269784172661385,0.0269784172661385,-0.000952199581032,-0.000952199581032,0.1564482029595001,0.1564482029595001,0.0398010861924853,0.0398010861924853,-0.3333333333111111,-0.3333333333111111,12.29999999877,12.29999999877,0.6666666666222222,0.6666666666222222,0.0,0.0,0.937499999998314,0.937499999998314,4.624999999990223,4.624999999990223,5.562499999988537,5.562499999988537,8.199999999453333,8.199999999453333,12.79999999872,12.79999999872,0.1333333333244444,0.1333333333244444,0.5975223617496688,0.5975223617496688,4.337837837779218,4.337837837779218,0.0,35.25,35.25,34.75,34.75,328.1875,328.1875,29.5625,29.5625,64.8125,64.8125,0.5438765670202508,0.5438765670202508,2.9375,2.9375,247.9375,247.9375,23.83025325119781,260.0,5.560681631015528,1,16.0,5.09375,0.625,1.1027150477661969,1.0385368271576005
2018,Ty Montgomery II,RB,129.2,12.6,BAL,00-0032200,11,6.618181818181818,2015,3,vet,True,51,9,7.491790151433535,-0.8736083332517168,3,2.3333333333333335,10.219047619047618,8.0,9.714285714285714,0.6071428571428571,0.5,0.6041666666666666,6.1553571428571425,1.0,2.083333333333332,10.219047619047618,11.45,3.7333333333333334,3.875,2.8380952380952382,2.875,6.609523809523809,8.875,10.342857142857143,12.75,22.223809523809525,21.625,28.53809523809523,34.125,2.3428571428571425,-3.375,0.0628379224053604,0.05595667870026,0.0037052980023003,-0.0066584463625137,0.1649138193087245,0.1839378238337203,0.0968505922096508,0.0792741055966303,0.7890925469961859,-0.8709677419073881,7.853115000616506,7.5217391301077505,0.7612348844225175,0.7419354838470343,1.012571428571429,0.0,2.276785714281787,1.9374999999965028,3.937499999989693,4.437499999988504,6.2142857142714805,6.3749999999850075,5.9870066870365815,5.580645161110302,8.305684170563874,9.347826086550096,0.0334707737070786,0.0322580645150884,0.154761527486016,0.1229215041210806,4.5595826035730065,3.8450704224810552,1.0,35.4375,35.125,35.0625,34.625,239.875,253.4375,28.75,24.125,64.1875,59.25,0.5520934761441091,0.5928270042194093,2.125,2.375,202.1875,220.75,25.607118412046542,94.0,4.543294782270004,3,16.0,4.55,0.6875,1.0801487771221376,0.9762225880927335
2018,Giovani Bernard,RB,140.9,13.5,CIN,00-0030456,12,7.991666666666667,2013,5,vet,True,52,9,7.491790151433535,0.4998765152331321,5,2.8181818181818183,10.892869106699752,16.0,14.258064516129032,0.8911290322580645,1.0,0.8875,9.534475806451614,1.0,-2.748750000000001,10.892869106699752,9.48125,4.217803970223325,3.75,3.115012406947891,2.6875,8.153908188585607,6.5625,12.371712158808933,10.3125,27.79410669975186,24.3125,34.13396401985112,28.625,1.302853598014888,-3.25,0.1165868602036192,0.1229508196718792,0.0008312160278027,-0.0129160457029277,0.2723850134125936,0.2785145888586777,0.1754621415248908,0.1753849975157694,0.1570630657910401,-0.8666666666522223,8.955129186326829,9.046511627696594,0.7358592843044852,0.7166666666547222,1.4516129032258065,0.0,3.6693548387023904,3.749999999992316,7.116935483853944,6.5624999999825935,10.786290322556336,10.312499999974907,6.5876981260086245,6.4833333332252785,8.987450159035259,10.209302325343971,0.0258338655304606,0.0333333333327777,0.0478527699242124,0.0086598948025199,4.211656844066417,4.36190476186322,0.0,31.875,31.875,30.5,30.5,251.625,251.625,23.5625,23.5625,55.4375,55.4375,0.5749718151071026,0.5749718151071026,1.9375,1.9375,211.625,211.625,26.77618069815195,37.0,3.610917912644224,5,16.0,5.99375,0.75,1.0099457381455874,0.9416537858768461
2018,Jordan Wilkins,RB,143.1,13.0,IND,00-0034400,10,5.220000000000001,2018,0,rookie,True,53,9,7.491790151433535,-2.2717901514335344,0,,,,,,,,,,,,,,,,,,,,,,,,,,,,,,,,,,,,,,,,,,,,,,,,,,,,,,,,,,,,,,,,,,,,,,,,,,,,24.123203285420946,169.0,5.1298987149230735,0,16.0,3.2625,0.625,1.1068485990595216,1.0268113578548397
2018,LeGarrette Blount,RB,153.9,16.9,DET,00-0027325,16,5.40625,2010,8,vet,True,54,10,7.491790151433535,-2.085540151433535,8,2.9766536964980546,9.11836213459743,16.0,15.31372549019608,0.9571078431372548,1.0,0.875,8.738553921568627,1.0,-7.831250000000001,9.11836213459743,6.725,0.528927673633556,0.5,0.4807613301730948,0.5,12.894041514041517,10.8125,13.42296918767507,11.3125,3.005044889750772,3.125,54.374769805358035,47.875,0.2504086762910292,0.1875,0.0136383548817403,0.0143884892086072,0.0005553405874107,0.0005713197486192,0.4202138071892872,0.365750528540453,0.0208462707337981,0.0219826576369442,0.4153650793148249,0.374999999953125,6.453706814952422,6.24999999921875,0.9093183939073372,0.999999999875,2.064777327935223,3.0,0.5041666666657751,0.4999999999991007,12.381617647031993,10.812499999977142,12.885784313697767,11.312499999976245,5.6910252093506974,6.24999999921875,6.368141922261247,5.874999999265625,0.0806722688971588,0.124999999984375,0.1241893101988407,0.2388374383692056,4.275341181554636,4.4277456647142905,1.0,35.625,35.25,35.3125,34.75,282.25,328.1875,22.6875,29.5625,58.3125,64.8125,0.6109324758842444,0.5438765670202508,2.4375,2.9375,279.375,247.9375,31.73990417522245,260.0,5.560681631015528,8,16.0,5.40625,1.0,0.6228017614495149,0.904208606449753
2018,Devontae Booker,RB,155.6,14.9,DEN,00-0032972,14,6.107142857142857,2016,2,vet,True,55,10,7.491790151433535,-1.3846472942906782,2,1.8,7.660096153846155,13.0,14.0,0.875,0.8125,0.90625,6.78125,1.0,-1.8879807692307675,7.660096153846155,7.0307692307692315,2.886217948717949,2.923076923076923,2.184294871794872,2.3076923076923075,7.676282051282051,6.076923076923077,10.5625,9.0,19.62339743589743,21.153846153846153,28.083333333333332,23.0,5.189102564102564,5.846153846153846,0.0729554287603079,0.0689655172412541,0.0151623132384061,0.0164859002169161,0.2567077618253799,0.1728665207873679,0.1200467624073462,0.1149884060137225,1.7925925925472992,1.9999999999473683,8.960573476406887,9.166666666361111,0.7559454190843606,0.7894736841897507,3.0,3.0,2.5208333333287736,2.3749999999956897,6.916666666650623,4.937499999989196,9.437499999979396,7.312499999984886,6.7875243663011515,7.236842105072715,7.853763440601348,7.699999999743333,0.0074074074072427,0.0,-0.0249540959995709,0.061585681157198,3.695620544119623,3.7848101265343694,0.0,35.375,35.375,34.4375,34.4375,288.125,288.125,28.5625,28.5625,63.9375,63.9375,0.5532746823069403,0.5532746823069403,1.6875,1.6875,229.25,229.25,26.26420260095825,136.0,4.912654885736052,2,16.0,5.34375,0.875,1.0456208929014132,0.9567948277381437
2018,James Conner,RB,157.1,16.6,PIT,00-0033553,13,21.53846153846154,2017,1,soph,True,56,10,7.491790151433535,14.046671387028006,1,1.0,1.2,12.0,12.0,0.75,0.75,0.75,0.8999999999999999,1.0,0.0,1.2,1.2,0.0833333333333333,0.0833333333333333,0.0,0.0,2.6666666666666665,2.6666666666666665,2.75,2.75,0.0,0.0,12.0,12.0,-0.3333333333333333,-0.3333333333333333,0.0017094017093987,0.0017094017093987,-0.0007630675314763,-0.0007630675314763,0.073226544622258,0.073226544622258,0.0020299552920647,0.0020299552920647,-3.999999996,-3.999999996,0.0,0.0,0.0,0.0,0.0,-0.0,0.0624999999998931,0.0624999999998931,1.9999999999954232,1.9999999999954232,2.0624999999953166,2.0624999999953166,0.0,0.0,0.0,0.0,0.0,0.0,-0.4565101845747097,-0.4565101845747097,4.499999999859376,4.499999999859376,0.0,36.9375,36.9375,36.5625,36.5625,327.625,327.625,27.3125,27.3125,64.25,64.25,0.5749027237354085,0.5749027237354085,2.5625,2.5625,283.875,283.875,23.326488706365502,105.0,4.653960350157523,1,16.0,17.5,0.8125,1.0872325729085177,1.058233587217271
2018,Doug Martin,RB,158.6,17.7,LV,00-0029613,15,7.873333333333333,2012,6,vet,True,57,10,7.491790151433535,0.3815431818997981,6,2.9076923076923076,9.21424963924964,11.0,10.793650793650794,0.6746031746031746,0.6875,0.7083333333333334,6.382539682539683,1.0,-3.778409090909091,9.21424963924964,6.909090909090909,2.0001803751803755,1.6363636363636365,1.3090728715728714,0.8181818181818182,14.991311928811928,12.545454545454543,16.991492303992306,14.181818181818182,11.47041847041847,7.636363636363637,49.94606782106782,36.90909090909091,4.601400913900915,4.636363636363637,0.0390572805128209,0.0302013422818285,0.0085755314749214,0.0083102493074778,0.3871748649913613,0.3547557840607847,0.0645887928016764,0.0511191879379772,2.2961485603150114,2.833333333175926,8.854467527163221,9.333333332296297,0.6396825396494933,0.4999999999722222,2.0438683021734936,1.6470588235294117,1.3710317460293049,1.1249999999981124,10.052579365055166,8.624999999977828,11.423611111084472,9.74999999997594,5.676966948097796,4.666666666407408,6.815898764297409,6.666666665925926,0.0031127602555485,0.0,-0.0447880049059331,-0.0882080536732958,3.275436738197772,2.9420289854859276,1.0,34.875,37.8125,34.5,37.25,288.5,383.5625,23.125,24.3125,58.0,62.125,0.6012931034482759,0.6086519114688129,2.25,2.125,235.0625,287.9375,29.631759069130737,31.0,3.4339872044851463,6,16.0,7.38125,0.9375,0.7695686249240297,0.9048617699744209
2018,Theo Riddick,RB,159.6,13.6,DET,00-0030107,14,8.321428571428571,2013,5,vet,True,58,10,7.491790151433535,0.8296384199950362,5,2.8181818181818183,11.097340777502067,16.0,14.129032258064516,0.8830645161290323,1.0,0.8375,9.433266129032257,1.0,-6.555,11.097340777502067,9.625,5.087386269644334,4.4375,3.9020678246484697,3.3125,5.55409429280397,5.25,10.641480562448304,9.6875,31.155872622001652,27.75,19.83159636062862,17.875,3.979818031430935,4.3125,0.1210885795330357,0.1256637168139368,0.013087090211011,0.0152790079716529,0.2068531292905855,0.2314049586770484,0.1907938324472614,0.1991908808010624,0.9598536587195144,0.9718309859018052,8.063741004418752,8.377358490407975,0.7536884971846586,0.7464788732289228,2.925297113752122,3.0,4.387096774185981,4.437499999992146,4.639112903212879,5.249999999985537,9.026209677398858,9.687499999977682,6.0776277951438,6.253521126672485,7.879843184811827,8.207547169656461,0.0428687507070221,0.0281690140841102,0.0239811112488169,-0.042435234336885,3.4119206302018164,3.4047619047213717,0.0,35.625,35.625,35.3125,35.3125,282.25,282.25,22.6875,22.6875,58.3125,58.3125,0.6109324758842444,0.6109324758842444,2.4375,2.4375,279.375,279.375,27.329226557152634,199.0,5.293304824724492,5,16.0,7.28125,0.875,0.964902068204087,0.926457724211473
2018,Austin Ekeler,RB,160.8,14.4,LAC,00-0033699,14,12.05714285714286,2017,1,soph,True,59,10,7.491790151433535,4.565352705709324,1,1.0,7.635714285714286,14.0,14.0,0.875,0.875,0.875,6.68125,1.0,0.0,7.635714285714286,7.635714285714286,2.5,2.5,1.9285714285714288,1.9285714285714288,3.357142857142857,3.357142857142857,5.857142857142857,5.857142857142857,19.928571428571427,19.928571428571427,18.571428571428573,18.571428571428573,2.857142857142857,2.857142857142857,0.0610820244327031,0.0610820244327031,0.0083998320033581,0.0083998320033581,0.1121718377085628,0.1121718377085628,0.0975029190514054,0.0975029190514054,1.1428571428244898,1.1428571428244898,10.333333332950618,10.333333332950618,0.7714285714065306,0.7714285714065306,3.0,3.0,2.187499999996182,2.187499999996182,2.9374999999929896,2.9374999999929896,5.124999999989171,5.124999999989171,7.971428571200817,7.971428571200817,9.111111110773663,9.111111110773663,0.0857142857118367,0.0857142857118367,0.1306062204944923,0.1306062204944923,5.531914893499321,5.531914893499321,0.0,36.4375,36.4375,35.8125,35.8125,297.625,297.625,26.1875,26.1875,62.625,62.625,0.5818363273453094,0.5818363273453094,2.375,2.375,284.4375,284.4375,23.29363449691992,260.0,5.560681631015528,1,16.0,10.550000000000002,0.875,1.0858524196178463,1.0594598143308478
2018,Spencer Ware,RB,164.3,15.6,KC,00-0030414,10,7.869999999999999,2013,5,vet,True,60,10,7.481169871794871,0.3888301282051278,3,2.0864197530864197,11.426373626373628,14.0,11.461538461538462,0.7163461538461539,0.875,0.5,9.05096153846154,2.0,4.642857142857144,11.426373626373628,13.842857142857143,2.0512820512820515,3.0,1.6556776556776558,2.357142857142857,12.0989010989011,15.285714285714286,14.15018315018315,18.285714285714285,19.819291819291816,31.928571428571427,55.030525030525034,65.78571428571429,4.85958485958486,8.285714285714286,0.052207809597866,0.0783582089550777,0.0187512092436782,0.0315990193407704,0.3709064749350727,0.5194174757268947,0.0914375608673739,0.1396566269711558,1.3406593406787022,2.7619047618390025,8.592074591779262,13.54545454504408,0.791208791145997,0.7857142856955783,2.0,3.0,1.730769230765968,2.624999999995103,9.629807692284512,13.374999999967535,11.360576923050475,15.99999999996264,6.805860805662132,10.64285714260374,7.850815850494032,11.757575757219469,0.0293040293033315,0.0476190476179138,-0.0650482439819447,0.2893949680650224,4.6270868278996415,4.303738317736898,0.0,33.9375,33.9375,33.0,33.0,259.6875,259.6875,25.3125,25.3125,59.25,59.25,0.5727848101265823,0.5727848101265823,2.375,2.375,270.375,270.375,26.77344284736482,194.0,5.267858159063328,5,16.0,4.918749999999999,0.625,1.0101544002233118,0.9417337588508965
2019,Saquon Barkley,RB,1.4,0.6,NYG,00-0034844,13,18.776923076923076,2018,1,soph,True,1,1,19.40125646412411,-0.6243333872010339,1,1.0,24.1125,16.0,16.0,1.0,1.0,1.0,24.1125,1.0,0.0,24.1125,24.1125,7.5625,7.5625,5.6875,5.6875,16.3125,16.3125,23.875,23.875,45.0625,45.0625,81.6875,81.6875,1.125,1.125,0.2108013937278557,0.2108013937278557,0.0041860465116269,0.0041860465116269,0.7372881355911376,0.7372881355911376,0.3191323231499224,0.3191323231499224,0.1487603305772829,0.1487603305772829,7.923076922989856,7.923076922989856,0.7520661156962639,0.7520661156962639,3.0,3.0,7.562499999986825,7.562499999986825,16.312499999953918,16.312499999953918,23.87499999994074,23.87499999994074,5.958677685901168,5.958677685901168,8.439560439467696,8.439560439467696,0.0330578512393962,0.0330578512393962,0.0212090923773029,0.0212090923773029,5.007662835229856,5.007662835229856,0.0,36.4375,36.4375,35.875,35.875,268.75,268.75,22.125,22.125,58.5625,58.5625,0.6221985058697972,0.6221985058697972,2.25,2.25,275.3125,275.3125,22.55715263518138,2.0,0.6931471805599453,1,16.0,15.25625,0.8125,1.0441033342800035,1.0846015270307028
2019,Alvin Kamara,RB,2.5,0.9,NO,00-0033906,14,17.751428571428573,2017,2,vet,True,2,1,19.40125646412411,-1.6498278926955372,2,1.8,22.41722222222222,15.0,15.333333333333334,0.9583333333333334,0.9375,0.96875,21.433333333333337,1.0,3.5883333333333347,22.41722222222222,23.613333333333333,6.75,7.0,5.2875000000000005,5.4,11.122222222222222,12.933333333333334,17.872222222222224,19.933333333333337,48.71944444444444,47.266666666666666,54.41111111111112,58.86666666666667,13.554166666666667,12.8,0.199998273644208,0.2054794520543924,0.0578586954644029,0.0513781107840376,0.3646831544912858,0.4118895966020979,0.340498497291394,0.3441838556304149,2.022380952361309,1.8285714285540136,9.23456790112056,8.753086419645022,0.7842857142781163,0.7714285714212245,3.0,3.0,6.458333333320834,6.562499999987158,10.58333333331054,12.124999999974255,17.041666666631375,18.687499999961418,7.254920634850229,6.752380952316644,8.094650205661383,7.925925925828075,0.0420634920630835,0.0380952380948752,0.2591875708665607,0.1995466391644341,5.056586483358115,4.551546391729116,0.0,32.4375,32.4375,31.9375,31.9375,233.5625,233.5625,29.4375,29.4375,61.875,61.875,0.5242424242424243,0.5242424242424243,3.6875,3.6875,260.875,260.875,24.10403832991102,67.0,4.204692619390966,2,16.0,15.5325,0.875,1.1066909870008586,1.02757196406216
2019,Christian McCaffrey,RB,3.2,1.2,CAR,00-0033280,16,29.45,2017,2,vet,True,3,1,19.40125646412411,10.04874353587589,2,1.8,20.825,16.0,16.0,1.0,1.0,1.0,20.825,1.0,9.80625,20.825,24.09375,7.520833333333333,7.75,6.125,6.6875,11.5625,13.6875,19.083333333333332,21.4375,49.6875,54.1875,54.8125,68.625,8.604166666666666,5.25,0.2285190498959463,0.2279411764701692,0.032971125748707,0.0205378973105084,0.4305533751952262,0.5264423076910422,0.3658583628680145,0.3562882928226097,1.1743267675225533,0.6774193548332466,8.114369158794114,8.102803738242029,0.8112570177875439,0.8629032257994927,2.8857142857142857,3.0,7.520833333319051,7.749999999985754,11.56249999997309,13.687499999967097,19.083333333292146,21.43749999995285,6.581644304826945,6.991935483814581,7.822858255370808,8.028037383102541,0.0470073270526115,0.0483870967738033,0.2129413628930021,0.2689513474014027,4.581781992715042,5.013698630114093,0.0,35.1875,35.1875,34.0,34.0,255.625,255.625,26.0,26.0,61.1875,61.1875,0.575076608784474,0.575076608784474,2.8125,2.8125,254.4375,254.4375,23.23340177960301,8.0,2.0794415416798357,2,16.0,29.45,1.0,1.0831882416529923,1.0616793908369004
2019,Ezekiel Elliott,RB,3.9,1.2,DAL,00-0033045,16,19.48125,2016,3,vet,True,4,1,19.40125646412411,0.0799935358758894,3,2.3333333333333335,21.44190476190476,15.0,13.571428571428571,0.8482142857142857,0.9375,0.8333333333333334,18.2875,1.0,1.620000000000001,21.44190476190476,21.94,5.0857142857142845,6.333333333333333,3.980952380952381,5.133333333333334,21.561904761904763,20.266666666666666,26.64761904761905,26.6,32.74285714285714,37.8,98.24761904761904,95.6,1.4761904761904765,2.2,0.1393168584278789,0.1837524177946155,0.0053996961786913,0.0084811102544311,0.6319365110508733,0.6924829157159624,0.2127550749669024,0.2815654038700251,0.2550751879663417,0.347368421048975,8.784371877902895,7.363636363540731,0.7729323308141909,0.8105263157809418,2.5714285714285716,3.0,4.428571428562721,5.937499999988516,18.053571428531935,18.99999999995672,22.482142857094654,24.93749999994524,6.729511278073953,5.968421052568753,9.058923219410213,7.480519480422331,0.0366541353376709,0.0315789473680886,-0.0068386822105193,-0.0004310933676494,4.5796579122819026,4.717105263142378,0.0,32.9375,32.9375,32.3125,32.3125,243.1875,243.1875,27.4375,27.4375,60.375,60.375,0.5455486542443064,0.5455486542443064,2.1875,2.1875,242.8125,242.8125,24.112251882272417,4.0,1.3862943611198906,3,16.0,19.48125,1.0,1.1067585350259999,1.0272458255083017
2019,James Conner,RB,7.1,1.9,PIT,00-0033553,10,14.55,2017,2,vet,True,5,1,16.783941579810566,-2.2339415798105655,2,1.8,14.758974358974362,13.0,12.666666666666666,0.7916666666666666,0.8125,0.78125,11.966666666666669,1.0,20.33846153846154,14.758974358974362,21.53846153846154,3.668803418803419,5.461538461538462,2.8205128205128207,4.230769230769231,11.914529914529917,16.53846153846154,15.583333333333334,22.0,25.48717948717949,38.23076923076923,53.89743589743589,74.84615384615384,-1.0341880341880345,-1.3846153846153846,0.0705895244355737,0.1050295857986612,-0.0025474955342511,-0.0034397095356385,0.4398677854042827,0.6231884057952951,0.1041010397793848,0.1551365820230448,-1.5023474165046615,-0.2535211267569926,6.024242424132893,9.03636363619934,0.5164319248753554,0.7746478873130331,0.0,0.0,2.979166666662255,4.4374999999934355,9.624999999972507,13.437499999961052,12.604166666634764,17.874999999954486,4.666666666600938,6.999999999901408,6.642424242303471,9.963636363455208,0.00938967136137,0.0140845070420551,-0.012566729952478,0.2094049973586377,4.517054263504984,4.525581395327788,0.0,43.0625,43.0625,42.25,42.25,327.0625,327.0625,21.5625,21.5625,64.625,64.625,0.6663442940038685,0.6663442940038685,3.1875,3.1875,323.375,323.375,24.32580424366872,105.0,4.653960350157523,2,16.0,9.09375,0.625,1.1077409220557262,1.0188895798482627
2019,David Johnson,RB,7.1,2.0,ARI,00-0032187,11,12.845454545454546,2015,4,vet,True,6,1,16.783941579810566,-3.938487034356021,4,2.6470588235294117,15.9925,16.0,12.0,0.75,1.0,0.765625,12.7425,1.0,2.4124999999999996,15.9925,15.4125,6.170833333333333,4.75,4.083333333333333,3.125,14.495833333333334,16.125,20.666666666666668,20.875,41.9625,27.875,50.2125,58.75,16.695833333333333,3.9375,0.1218145284777372,0.1606765327692163,0.0246895229822537,0.016253869969036,0.5111256213925585,0.7267605633782345,0.2000044588041834,0.2523925081321497,2.3519103312558465,0.8289473684101454,10.046407406774144,8.9199999998216,0.6596491227811682,0.6578947368334487,2.4602992744873444,3.0,3.92083333332572,4.749999999989958,11.74583333330139,16.12499999995458,15.666666666627108,20.874999999944535,6.626179336952694,5.868421052554362,7.895370369915876,7.699999999846001,0.0301754385960951,0.0394736842100069,-0.0446900273755481,-0.1752525477752999,3.374417404557432,3.643410852699057,0.0,30.9375,30.9375,29.5625,29.5625,242.25,242.25,22.1875,22.1875,53.125,53.125,0.5823529411764706,0.5823529411764706,1.5,1.5,180.25,180.25,27.709787816564,86.0,4.454347296253507,4,16.0,8.83125,0.6875,0.9316312288976012,0.9178997204544239
2019,LeVeon Bell,RB,8.8,2.2,NYJ,00-0030496,15,14.333333333333334,2013,6,vet,True,7,1,16.783941579810566,-2.4506082464772323,5,2.8181818181818183,23.06528329197684,15.0,13.064516129032258,0.8165322580645161,0.9375,0.775,19.024798387096773,2.0,-3.5566666666666684,23.06528329197684,22.89333333333333,6.849524400330853,7.133333333333334,5.534511993382961,5.733333333333333,20.862985938792388,21.4,27.712510339123245,28.533333333333335,43.41856906534326,44.2,91.26921009098427,86.06666666666666,1.538875103391233,2.3333333333333335,0.1562116601300534,0.1829059829056702,0.0046213298529998,0.0066768409004184,0.6455932603975648,0.7345537757420262,0.23755242109218,0.2790327629887982,0.2391591636796237,0.3271028037352607,7.779585498664987,7.709302325491752,0.8128345181367473,0.8037383177494978,2.111111111111111,3.0,5.733870967732173,6.687499999988569,17.1370967741532,20.062499999954092,22.870967741885373,26.74999999994266,6.283900547207874,6.1962616821850816,8.106322062319187,7.999999999906977,0.0169813239889,0.018691588784872,0.1424218992460209,0.108538271097259,4.380871710631676,4.021806853570026,1.0,32.75,43.0625,31.5625,42.25,284.6875,327.0625,25.5625,21.5625,58.3125,64.625,0.5616291532690246,0.6663442940038685,1.8125,3.1875,212.75,323.375,27.534565366187543,48.0,3.871201010907891,6,16.0,13.4375,0.9375,0.9470924920306115,0.9215947897860828
2019,Nick Chubb,RB,11.7,2.4,CLE,00-0034791,16,15.95,2018,1,soph,True,8,2,16.783941579810566,-0.8339415798105669,1,1.0,12.15625,16.0,16.0,1.0,1.0,1.0,12.15625,1.0,0.0,12.15625,12.15625,1.8125,1.8125,1.25,1.25,12.0,12.0,13.8125,13.8125,9.3125,9.3125,62.25,62.25,2.625,2.625,0.0520646319568185,0.0520646319568185,0.007888805409465,0.007888805409465,0.4671532846703962,0.4671532846703962,0.0836191117218533,0.0836191117218533,1.448275862019025,1.448275862019025,7.4499999996275,7.4499999996275,0.6896551723900118,0.6896551723900118,3.0,3.0,1.812499999996746,1.812499999996746,11.999999999970804,11.999999999970804,13.81249999996755,13.81249999996755,5.137931034305589,5.137931034305589,9.0499999995475,9.0499999995475,0.0689655172390011,0.0689655172390011,0.0698914781995583,0.0698914781995583,5.1874999999729825,5.1874999999729825,0.0,35.875,35.875,34.8125,34.8125,332.75,332.75,25.6875,25.6875,61.5625,61.5625,0.582741116751269,0.582741116751269,2.75,2.75,266.3125,266.3125,23.679671457905545,35.0,3.5553480614894135,1,16.0,15.95,1.0,1.0992251701737192,1.044560470427018
2019,Dalvin Cook,RB,14.6,2.8,MIN,00-0033893,14,20.885714285714283,2017,2,vet,True,9,2,15.764732142857142,5.120982142857141,2,1.8,14.662121212121212,11.0,8.666666666666666,0.5416666666666666,0.6875,0.46875,7.695833333333333,1.0,-2.531818181818183,14.662121212121212,13.818181818181818,4.303030303030303,4.454545454545454,3.3409090909090913,3.636363636363636,14.227272727272728,12.090909090909092,18.53030303030303,16.545454545454547,25.984848484848484,27.727272727272727,66.77272727272727,55.90909090909091,-6.121212121212121,-8.181818181818182,0.0654169044283078,0.0827702702701304,-0.0147228254001181,-0.0210723483961552,0.2976008766772225,0.3725490196067996,0.0878193788623791,0.109404761527887,-1.3911564625496278,-1.8367346938400668,7.810606060231044,7.624999999809376,0.7733843537160672,0.8163265305955852,0.0,0.0,2.3749999999959113,3.062499999994827,7.083333333314734,8.312499999976716,9.458333333310646,11.374999999971545,6.024659863743704,6.224489795791337,9.3681818177399,9.324999999766876,0.0272108843531861,0.0408163265297792,0.0087963584454263,0.1010351401818634,4.677301361467161,4.6240601503411725,0.0,37.875,37.875,37.0,37.0,266.9375,266.9375,22.3125,22.3125,60.1875,60.1875,0.6292834890965732,0.6292834890965732,2.4375,2.4375,268.625,268.625,24.060232717316907,41.0,3.713572066704308,2,16.0,18.275,0.875,1.10625294016739,1.0293159435280723
2019,Todd Gurley,RB,16.0,3.1,LA,00-0032241,15,14.626666666666669,2015,4,vet,True,10,2,15.48991409805029,-0.8632474313836234,4,2.6470588235294117,23.709844932844938,14.0,14.466666666666669,0.9041666666666668,0.875,0.90625,21.311666666666667,1.0,1.0252380952380946,23.709844932844938,26.57857142857143,5.249047619047619,5.785714285714286,3.851422466422467,4.214285714285714,18.20340659340659,18.285714285714285,23.452454212454217,24.071428571428573,39.79322954822955,41.42857142857143,83.90393772893773,89.35714285714286,3.763821733821734,3.5714285714285716,0.14305114979629,0.1486238532107364,0.0127841776776851,0.0105418511490595,0.5957659745683851,0.5577342047918132,0.2235256490688146,0.2303150756204464,0.672866795464485,0.6172839506096631,10.137050071446003,9.830508474409651,0.7373426771785944,0.7283950617194025,2.8,3.0,4.741666666657726,5.062499999990711,16.45416666662943,15.999999999965144,21.19583333328716,21.062499999955858,7.468031131526254,7.160493827072092,10.214054297781868,9.949152542204253,0.0447282531568353,0.049382716048773,0.1023874079696618,0.1114284844289073,4.600001881137022,4.886718749980911,0.0,35.5,35.5,34.0625,34.0625,296.4375,296.4375,28.6875,28.6875,64.1875,64.1875,0.5530671859785784,0.5530671859785784,3.4375,3.4375,295.625,295.625,25.078713210130047,10.0,2.302585092994046,4,16.0,13.712500000000002,0.9375,1.0981260992207362,0.9924849368093321
2019,Joe Mixon,RB,18.4,3.3,CIN,00-0033897,16,14.0875,2017,2,vet,True,11,2,15.48991409805029,-1.40241409805029,2,1.8,14.954761904761904,14.0,14.0,0.875,0.875,0.875,13.085416666666667,1.0,7.292857142857143,14.954761904761904,17.385714285714286,3.4285714285714284,3.928571428571429,2.7619047619047623,3.0714285714285716,15.523809523809524,16.928571428571427,18.952380952380953,20.857142857142858,20.928571428571427,21.142857142857142,70.52380952380953,83.42857142857143,-0.6904761904761906,0.0714285714285714,0.0925372132178738,0.1039697542531115,-0.0024124362129612,0.0002313208420078,0.5974942676491894,0.6601671309173812,0.1371171144777378,0.1561165559690728,-0.2918003564975204,0.0181818181814876,7.778036175497573,6.883720930072472,0.8153297682528177,0.781818181803967,2.0,3.0,2.999999999994216,3.4374999999935016,13.583333333295991,14.81249999995874,16.583333333290206,18.24999999995224,6.401604277926876,5.381818181720331,8.640568475216206,7.7441860463315315,0.0121212121209917,0.0181818181814876,0.0159330607514812,-0.0411016066143734,4.457798005637037,4.928270042173299,0.0,33.875,33.875,33.0625,33.0625,270.1875,270.1875,22.4375,22.4375,56.3125,56.3125,0.6015538290788013,0.6015538290788013,2.5,2.5,223.0625,223.0625,23.1047227926078,48.0,3.871201010907891,2,16.0,14.0875,1.0,1.0770300637019161,1.0663305211742016
2019,Leonard Fournette,RB,23.2,3.5,JAX,00-0033856,15,17.293333333333333,2017,2,vet,True,12,2,14.434106455309395,2.8592268780239376,2,1.8,15.935897435897436,8.0,9.666666666666666,0.6041666666666666,0.5,0.65625,9.8125,1.0,-2.6576923076923045,15.935897435897436,15.05,3.397435897435898,3.25,2.756410256410257,2.75,17.955128205128204,16.625,21.352564102564106,19.875,23.16025641025641,23.125,63.25,54.875,-0.7307692307692308,-1.75,0.0640266560356283,0.0496183206105923,-0.0011377464991316,-0.0037981551817678,0.382653992117105,0.3197115384607699,0.0952435615040504,0.071768772288651,-0.2409188034074562,-0.5384615384408284,8.402356902024406,8.409090908708677,0.8141025640756595,0.8461538461213017,1.0,0.0,2.083333333329332,1.624999999996899,11.124999999976083,8.312499999980018,13.208333333305411,9.937499999976916,6.840811965585829,7.115384615110947,9.26010100972969,9.6818181813781,0.0325854700843392,0.0384615384600591,0.2362172144306867,0.2757031535813744,3.494033591419918,3.30075187967443,0.0,33.5,33.5,32.75,32.75,230.375,230.375,26.0,26.0,59.5,59.5,0.5630252100840336,0.5630252100840336,1.375,1.375,214.4375,214.4375,24.618754277891856,4.0,1.3862943611198906,2,16.0,16.2125,0.9375,1.1063381216990362,1.0080143845312444
2019,Damien Williams,RB,25.5,4.2,KC,00-0030874,11,12.827272727272726,2014,5,vet,True,13,3,14.434106455309395,-1.6068337280366691,5,2.8181818181818183,6.588495805269998,13.0,12.612903225806452,0.7883064516129032,0.8125,0.8375,5.19375,1.0,1.6246153846153844,6.588495805269998,7.584615384615384,2.137799834574028,1.8461538461538465,1.7690653432588916,1.7692307692307692,3.624435779274489,3.8461538461538463,5.7622356138485165,5.6923076923076925,13.550821221788963,12.307692307692308,16.35824175824176,19.692307692307693,0.2824766631218242,-3.8461538461538463,0.0476712941938769,0.0425531914892862,0.0021171767121223,-0.00974279033515,0.1167204360262708,0.1291989664079348,0.072988964989301,0.0570098339993243,-0.0442054958084582,-2.083333333246528,7.710879582898555,6.956521738827977,0.845174091109085,0.9583333332934028,1.2062345843207427,0.0,1.6512096774163756,1.4999999999973406,2.7741935483798015,3.1249999999919247,4.4254032257961775,4.6249999999892655,6.424069806888598,6.666666666388889,8.400761370086634,9.30434782568242,0.0678230073365105,0.0833333333298611,0.2323156062910743,0.403945906083529,4.429193770905096,5.1199999998976,0.0,36.4375,36.4375,35.25,35.25,320.75,320.75,24.1875,24.1875,60.625,60.625,0.6010309278350515,0.6010309278350515,4.125,4.125,320.375,320.375,27.411362080766597,260.0,5.560681631015528,5,16.0,8.81875,0.6875,0.9578288197161383,0.9244448469616301
2019,Chris Carson,RB,26.5,3.7,SEA,00-0033594,15,15.506666666666666,2017,2,vet,True,14,3,14.434106455309395,1.0725602113572703,2,1.8,12.898809523809524,14.0,10.666666666666666,0.6666666666666666,0.875,0.5625,9.21875,1.0,4.460714285714285,12.898809523809524,14.385714285714286,1.8095238095238095,1.7142857142857142,1.5357142857142858,1.4285714285714286,15.845238095238097,17.642857142857142,17.654761904761905,19.357142857142858,12.678571428571429,11.642857142857142,72.14285714285714,82.21428571428571,1.3690476190476188,-0.0714285714285714,0.045069708491652,0.05999999999985,0.0009014656247872,-0.0002721088435373,0.3482993446449238,0.4625468164785346,0.0682355886748291,0.0898095238092988,0.6805555554681714,-0.0416666666649305,8.242857142184116,8.1499999995925,0.8472222221626158,0.8333333332986111,1.0,0.0,1.1666666666638497,1.49999999999625,11.31249999997823,15.437499999971092,12.47916666664208,16.93749999996734,6.9861111106151625,6.791666666383681,7.623809523224932,8.1499999995925,0.0416666666614583,0.0,0.2820495173513185,0.1461212101409172,4.521578671913158,4.659919028321215,0.0,26.6875,26.6875,25.0,25.0,229.6875,229.6875,33.375,33.375,60.0625,60.0625,0.4443288241415192,0.4443288241415192,3.125,3.125,215.5,215.5,24.958247775496236,249.0,5.517452896464707,2,16.0,14.5375,0.9375,1.1009637689352032,0.9963922759593817
2019,Kerryon Johnson,RB,28.5,3.5,DET,00-0034349,8,10.625,2018,1,soph,True,15,3,13.416324058711414,-2.791324058711414,1,1.0,13.94,10.0,10.0,0.625,0.625,0.625,8.7125,1.0,0.0,13.94,13.94,3.9,3.9,3.2,3.2,11.8,11.8,15.7,15.7,21.3,21.3,64.1,64.1,-2.4,-2.4,0.0695187165774161,0.0695187165774161,-0.0062111801242219,-0.0062111801242219,0.2920792079200691,0.2920792079200691,0.0999302487791688,0.0999302487791688,-0.6153846153688364,-0.6153846153688364,6.656249999791993,6.656249999791993,0.8205128204917818,0.8205128204917818,0.0,0.0,2.437499999995655,2.437499999995655,7.374999999981746,7.374999999981746,9.8124999999774,9.8124999999774,5.461538461398423,5.461538461398423,8.34374999973926,8.34374999973926,0.0256410256403681,0.0256410256403681,0.1668560723562766,0.1668560723562766,5.432203389784473,5.432203389784473,0.0,35.875,35.875,35.0625,35.0625,241.5,241.5,25.25,25.25,61.125,61.125,0.5869120654396728,0.5869120654396728,2.0625,2.0625,240.25,240.25,22.171115674195757,43.0,3.7612001156935624,1,16.0,5.3125,0.5,1.0153566574974224,1.095901484955836
2019,Aaron Jones Sr.,RB,29.2,3.4,GB,00-0033293,16,19.675,2017,2,vet,True,16,3,13.416324058711414,6.258675941288587,2,1.8,12.188888888888888,12.0,11.333333333333334,0.7083333333333334,0.75,0.6875,8.808333333333334,1.0,6.283333333333333,12.188888888888888,14.283333333333331,2.5444444444444443,2.9166666666666665,1.7444444444444445,2.1666666666666665,10.088888888888889,11.083333333333334,12.633333333333333,14.0,12.17777777777778,17.166666666666668,55.37777777777777,60.666666666666664,0.3333333333333333,0.75,0.04877070431346,0.0569105691055985,0.000681681933213,0.0016390457111634,0.3362144527937828,0.3993993993982,0.0736332338234392,0.0865131856562121,0.0788359788362249,0.2571428571355102,6.0968660965724055,7.923076922772189,0.661904761881353,0.7428571428359184,2.0,3.0,1.833333333330285,2.187499999996443,7.229166666645653,8.312499999975039,9.06249999997594,10.499999999971482,4.331216931082189,5.885714285546123,6.7777777774363726,8.499999999673078,0.0190476190470748,0.0285714285706122,-0.0674025413800527,0.0917719381812939,5.492744206144301,5.47368421048516,0.0,40.0,40.0,38.4375,38.4375,343.1875,343.1875,20.8125,20.8125,60.8125,60.8125,0.65775950668037,0.65775950668037,2.4375,2.4375,289.3125,289.3125,24.747433264887064,182.0,5.204006687076795,2,16.0,19.675,1.0,1.1047670993694514,1.0034916250224128
2019,Devonta Freeman,RB,30.4,3.5,ATL,00-0031285,14,14.114285714285714,2014,5,vet,True,17,3,13.416324058711414,0.6979616555743,5,2.8181818181818183,11.157029569892472,2.0,8.193548387096774,0.5120967741935484,0.125,0.7875,7.426814516129032,1.0,-7.249999999999999,11.157029569892472,7.05,3.688805683563748,3.5,2.763863287250384,2.5,10.32728494623656,7.0,14.016090629800308,10.5,18.44425883256529,11.5,47.23663594470047,34.0,3.945698924731183,0.5,0.0573252874860592,0.0115894039734907,0.0117038920360089,0.0001921229586935,0.254132058289184,0.0398860398859262,0.0941806556542951,0.0175185920313215,0.9814262357516216,0.1428571428367347,6.50329945442727,4.59999999908,0.7482346249758363,0.7142857141836735,2.9324489937824856,3.0,1.9737903225770623,0.4374999999992757,6.6431451612744405,0.8749999999975072,8.6169354838515,1.312499999996783,4.934137143729115,3.285714285244898,5.376655046070969,3.9999999992,0.012328141488955,0.0,-0.2385432987904788,-0.6099001035703112,4.6393167726623155,4.857142856795918,0.0,38.5625,38.5625,37.75,37.75,325.3125,325.3125,21.9375,21.9375,60.5,60.5,0.637396694214876,0.637396694214876,2.9375,2.9375,309.3125,309.3125,27.463381245722108,103.0,4.634728988229636,5,16.0,12.35,0.875,0.953312266631461,0.9232164480696704
2019,David Montgomery,RB,31.3,3.9,CHI,00-0035685,16,10.65,2019,0,rookie,True,18,3,13.416324058711414,-2.7663240587114135,0,,,,,,,,,,,,,,,,,,,,,,,,,,,,,,,,,,,,,,,,,,,,,,,,,,,,,,,,,,,,,,,,,,,,,,,,,,,,22.234086242299796,73.0,4.290459441148391,0,16.0,10.65,1.0,1.0203127594204942,1.0941552611384207
2019,Josh Jacobs,RB,33.1,3.6,LV,00-0035700,13,14.738461538461538,2019,0,rookie,True,19,3,13.416324058711414,1.3221374797501235,0,,,,,,,,,,,,,,,,,,,,,,,,,,,,,,,,,,,,,,,,,,,,,,,,,,,,,,,,,,,,,,,,,,,,,,,,,,,,21.5523613963039,24.0,3.1780538303479458,0,16.0,11.975,0.8125,0.9622248262568869,1.057367135980773
2019,Sony Michel,RB,37.4,3.9,NE,00-0034845,16,9.5375,2018,1,soph,True,20,3,13.416324058711414,-3.8788240587114142,1,1.0,10.7,13.0,13.0,0.8125,0.8125,0.8125,8.69375,1.0,0.0,10.7,10.7,0.8461538461538461,0.8461538461538461,0.5384615384615384,0.5384615384615384,16.076923076923077,16.076923076923077,16.923076923076923,16.923076923076923,3.8461538461538463,3.8461538461538463,71.61538461538461,71.61538461538461,0.8461538461538461,0.8461538461538461,0.0197841726618349,0.0197841726618349,0.0024982966159431,0.0024982966159431,0.4372384937229346,0.4372384937229346,0.0314250666239125,0.0314250666239125,0.9999999999090908,0.9999999999090908,7.142857141836735,7.142857141836735,0.6363636363057851,0.6363636363057851,3.0,3.0,0.6874999999987634,0.6874999999987634,13.062499999972673,13.062499999972673,13.749999999971436,13.749999999971436,4.545454545041323,4.545454545041323,7.142857141836735,7.142857141836735,0.0,0.0,-0.1008507798291842,-0.1008507798291842,4.454545454524141,4.454545454524141,0.0,35.875,35.875,34.75,34.75,275.1875,275.1875,29.875,29.875,65.75,65.75,0.5456273764258555,0.5456273764258555,2.9375,2.9375,275.3125,275.3125,24.536618754277892,31.0,3.4339872044851463,1,16.0,9.5375,1.0,1.107045252911009,1.0109801768185878
2019,Mark Ingram II,RB,39.7,3.9,BAL,00-0027966,15,16.166666666666668,2011,8,vet,True,21,4,13.006055194805196,3.160611471861472,8,2.9766536964980546,13.920769299328123,12.0,13.545098039215686,0.8465686274509804,0.75,0.828125,12.036421568627452,1.0,-5.5,13.920769299328123,11.875,3.1243288084464553,2.25,2.4976795100324516,1.75,12.637936834407425,11.5,15.762265642853876,13.75,18.73535833447598,14.166666666666666,60.17795191736368,53.75,-1.0250653594771242,0.75,0.0790527839608096,0.0528375733854151,-0.0053410243007809,0.0024083489430017,0.3920140964715348,0.2929936305726263,0.1148404589306678,0.080942204338224,-0.1646812625664476,0.3333333333209876,7.605661294350552,8.095238094852608,0.7905331066860214,0.7777777777489712,1.8823529411764703,3.0,2.740441176465648,1.6874999999966978,10.822549019583342,8.624999999981688,13.562990196048991,10.312499999978384,6.004705089658352,6.2962962960631,7.71297626941306,7.380952380600907,0.0272456364402009,0.0370370370356652,-0.0919656194576233,-0.2231635924333112,4.7590618871685715,4.673913043444393,1.0,34.75,32.4375,33.6875,31.9375,296.375,233.5625,34.1875,29.4375,68.9375,61.875,0.5040797824116047,0.5242424242424243,2.3125,3.6875,231.75,260.875,29.694729637234772,28.0,3.332204510175204,8,16.0,15.156250000000002,0.9375,0.7647381102021279,0.9048643981481217
2019,Melvin Gordon III,RB,42.0,5.2,LAC,00-0032144,12,15.066666666666665,2015,4,vet,True,22,4,12.035856922066072,3.0308097446005924,4,2.6470588235294117,20.132081807081807,12.0,13.333333333333334,0.8333333333333334,0.75,0.859375,16.524583333333332,1.0,4.952083333333334,20.132081807081807,22.958333333333332,5.077472527472527,5.5,3.7665445665445665,4.166666666666667,15.992429792429792,14.583333333333334,21.06990231990232,20.083333333333332,34.92283272283272,40.833333333333336,71.02802197802198,73.75,-1.267704517704518,-1.8333333333333333,0.1254105484979148,0.1304347826084378,-0.0040461602481003,-0.0055752660922438,0.5309709604898293,0.438596491226971,0.185283510573202,0.191749487648086,-0.2687659123882449,-0.3333333333282828,9.165652827500898,9.799999999804,0.7457516777628493,0.7575757575642791,0.4,0.0,4.212499999992162,4.124999999991848,13.449999999966815,10.937499999972587,17.66249999995898,15.062499999964436,6.814976133577574,7.424242424129935,9.857619151788825,10.7399999997852,0.049853000518095,0.0606060606051423,0.1685476504368187,0.1892530331655973,4.490307499430566,5.057142857113959,0.0,32.0,32.0,31.625,31.625,246.625,246.625,24.9375,24.9375,56.9375,56.9375,0.562019758507135,0.562019758507135,3.0,3.0,269.75,269.75,26.38466803559206,15.0,2.70805020110221,4,16.0,11.3,0.75,1.0378832314548487,0.953231500575688
2019,Derrick Henry,RB,43.8,5.1,TEN,00-0032764,15,19.64,2016,3,vet,True,23,4,12.035856922066072,7.604143077933928,3,2.3333333333333335,10.680714285714286,16.0,15.714285714285714,0.9821428571428572,1.0,0.9583333333333334,10.545892857142857,1.0,4.147499999999999,10.680714285714286,12.585,1.0994897959183674,1.125,0.8647959183673469,0.9375,11.943877551020408,13.4375,13.043367346938776,14.5625,7.362244897959184,6.1875,56.107142857142854,66.1875,0.2397959183673469,-0.8125,0.0386102776410761,0.0423529411763709,0.0001407191404149,-0.0040586949734611,0.417135422499738,0.4735682819372829,0.0580139198599046,0.0606883252831336,0.248366013054443,-0.7222222221820987,8.80939060870224,6.59999999956,0.784873949534248,0.8333333332870371,1.2857142857142858,0.0,1.0803571428547298,1.124999999997353,11.803571428545355,13.437499999970402,12.883928571400087,14.562499999967756,6.733333332937292,5.499999999694444,8.99034298965095,7.666666666155556,0.016806722688087,0.0,0.0245763733057102,-0.1458661258527686,4.658773784329441,4.925581395325928,0.0,27.3125,27.3125,26.5625,26.5625,200.1875,200.1875,28.375,28.375,55.6875,55.6875,0.4904601571268238,0.4904601571268238,1.9375,1.9375,203.4375,203.4375,25.65639972621492,45.0,3.80666248977032,3,16.0,18.4125,0.9375,1.0780197811150605,0.9747535588347189
2019,Marlon Mack,RB,46.5,5.7,IND,00-0033951,14,12.95,2017,2,vet,True,24,4,12.035856922066072,0.9141430779339288,2,1.8,12.353968253968254,12.0,12.666666666666666,0.7916666666666666,0.75,0.8125,9.572916666666666,1.0,7.463095238095238,12.353968253968254,14.841666666666669,2.23015873015873,2.1666666666666665,1.4444444444444446,1.4166666666666667,13.04761904761905,16.25,15.27777777777778,18.416666666666668,11.07936507936508,8.583333333333334,58.968253968253975,75.66666666666667,-2.8333333333333335,-2.0,0.0506447272272685,0.0410094637223327,-0.0092425879878959,-0.0049906425452266,0.3873635928863324,0.4779411764694168,0.0694972792493756,0.0580207458018405,-1.2517482517052994,-0.92307692304142,7.610644257295412,6.058823529055363,0.6480186479954547,0.6538461538210059,0.0,0.0,1.7708333333301678,1.624999999997437,10.06249999997579,12.187499999970129,11.833333333305958,13.812499999967566,4.913752913582466,3.9615384613860942,9.27637721705835,7.1764705878131485,0.0357420357407434,0.0384615384600591,-0.2045174999674232,-0.4838581960417424,4.387427626107587,4.656410256386378,0.0,40.25,40.25,39.625,39.625,300.5625,300.5625,25.5,25.5,65.75,65.75,0.6121673003802282,0.6121673003802282,3.25,3.25,287.1875,287.1875,23.485284052019164,143.0,4.962844630259907,2,16.0,11.33125,0.875,1.0932957397063294,1.0521970589244924
2019,James White,RB,48.1,6.2,NE,00-0031062,15,13.48,2014,5,vet,True,25,4,12.035856922066072,1.4441430779339264,5,2.8181818181818183,13.475153609831027,16.0,14.806451612903226,0.9254032258064516,1.0,0.7625,12.904637096774197,1.0,7.71607142857143,13.475153609831027,17.2875,6.3325652841781865,7.6875,4.591397849462366,5.4375,4.354454685099847,5.875,10.687019969278031,13.5625,39.02880184331797,46.9375,18.91013824884793,26.5625,13.520353302611367,18.8125,0.1721710559949963,0.2212230215823359,0.0461699775395463,0.0683624801271704,0.1410768568228139,0.1966527196648605,0.2905755682701769,0.3796882684625232,2.008533840757611,2.44715447152482,8.426902907840537,8.632183907946755,0.7358540176908291,0.7073170731649812,2.6425892187332543,2.495016611295681,6.050403225795691,7.687499999986173,4.147177419346021,5.874999999987709,10.197580645141713,13.562499999973882,6.153897281813215,6.1056910568609295,7.327535886298027,7.643678160831682,0.0524067331190303,0.0569105691052283,0.1753480207196328,0.1849765601549833,4.209456495368155,4.521276595696582,0.0,35.875,35.875,34.75,34.75,275.1875,275.1875,29.875,29.875,65.75,65.75,0.5456273764258555,0.5456273764258555,2.9375,2.9375,275.3125,275.3125,27.575633127994525,130.0,4.867534450455582,5,16.0,12.6375,0.9375,0.9434857945042869,0.920691405705004
2019,Duke Johnson,RB,51.7,5.8,HOU,00-0032257,16,9.625,2015,4,vet,True,26,4,11.36028003858886,-1.7352800385888614,4,2.6470588235294117,9.887916666666666,16.0,16.0,1.0,1.0,1.0,9.887916666666666,1.0,-5.25625,9.887916666666666,8.25,4.541666666666667,3.875,3.495833333333333,2.9375,3.7416666666666663,2.5,8.283333333333333,6.375,32.358333333333334,26.8125,17.0625,12.5625,10.004166666666666,9.5625,0.1290726433759029,0.1113105924594052,0.0308760017925762,0.0287377911344799,0.1549055028077131,0.0973236009729992,0.2152221663186577,0.1870823424832437,2.2299815944657215,2.4677419354440686,9.242070721892324,9.12765957427388,0.7669379056367475,0.7580645161168055,2.895424836601307,2.803921568627451,4.5416666666586,3.8749999999930433,3.741666666656985,2.4999999999939173,8.283333333315586,6.374999999986961,7.084626561946013,6.919354838598076,8.133687762281104,7.957446808341332,0.0362104039518063,0.0483870967734131,0.1660965399816548,0.2591672753669147,4.708537313468607,5.0249999998743755,1.0,31.625,35.875,30.875,34.8125,266.75,332.75,29.5,25.6875,61.125,61.5625,0.5173824130879345,0.582741116751269,2.375,2.75,260.3125,266.3125,25.93839835728953,77.0,4.343805421853684,4,16.0,9.625,1.0,1.064384099710988,0.9664068919554463
2019,Phillip Lindsay,RB,55.6,6.2,DEN,00-0034109,16,12.35625,2018,1,soph,True,27,4,11.36028003858886,0.995969961411138,1,1.0,14.853333333333332,15.0,15.0,0.9375,0.9375,0.9375,13.925,1.0,0.0,14.853333333333332,14.853333333333332,3.1333333333333333,3.1333333333333333,2.3333333333333335,2.3333333333333335,12.8,12.8,15.933333333333334,15.933333333333334,16.066666666666666,16.066666666666666,69.13333333333334,69.13333333333334,-2.8666666666666667,-2.8666666666666667,0.0833333333331855,0.0833333333331855,-0.0100279850746245,-0.0100279850746245,0.4885496183193675,0.4885496183193675,0.1179804104475412,0.1179804104475412,-0.9148936170018108,-0.9148936170018108,6.885714285517552,6.885714285517552,0.7446808510479855,0.7446808510479855,0.0,0.0,2.9374999999947917,2.9374999999947917,11.999999999969466,11.999999999969466,14.937499999964258,14.937499999964258,5.127659574358987,5.127659574358987,8.51428571404245,8.51428571404245,0.0212765957442281,0.0212765957442281,0.0011993189675066,0.0011993189675066,5.401041666638537,5.401041666638537,0.0,36.75,36.75,35.25,35.25,268.0,268.0,24.5625,24.5625,61.3125,61.3125,0.599388379204893,0.599388379204893,2.3125,2.3125,245.625,245.625,25.10609171800137,260.0,5.560681631015528,1,16.0,12.35625,1.0,1.0974213218925142,0.9916088496949017
2019,Tevin Coleman,RB,57.7,5.8,SF,00-0032058,14,9.671428571428573,2015,4,vet,True,28,5,11.36028003858886,-1.6888514671602888,4,2.6470588235294117,11.631333333333332,16.0,15.066666666666666,0.9416666666666668,1.0,0.875,11.018333333333333,1.0,0.92,11.631333333333332,12.1,2.6313675213675216,2.75,1.875726495726496,2.0,10.033589743589744,10.4375,12.664957264957264,13.1875,18.911282051282058,17.25,45.34222222222222,50.0,5.116666666666666,1.3125,0.0702195911019835,0.0728476821190847,0.0158398311242069,0.004034582132564,0.4016762350234134,0.4757834757821202,0.1164172684399201,0.1120957306714218,2.0583993783305536,0.4772727272618802,9.830505774046928,8.62499999973047,0.6879487179314836,0.7272727272561984,2.4773244739756364,3.0,2.495833333328945,2.749999999995447,9.512499999974896,10.437499999970264,12.00833333330384,13.187499999965713,6.878080807909557,6.272727272584711,8.647172440802347,8.593749999731447,0.0911188811167277,0.113636363633781,0.2534203767836321,0.2923144086798562,4.5163482562659185,4.790419161647962,1.0,33.25,38.5625,32.1875,37.75,235.0,325.3125,26.4375,21.9375,59.6875,60.5,0.5570680628272251,0.637396694214876,2.0625,2.9375,265.4375,309.3125,26.376454483230663,73.0,4.290459441148391,4,16.0,8.4625,0.875,1.038422981005016,0.9534748374094043
2019,Miles Sanders,RB,59.0,5.0,PHI,00-0035243,16,13.66875,2019,0,rookie,True,29,5,11.36028003858886,2.3084699614111397,0,,,,,,,,,,,,,,,,,,,,,,,,,,,,,,,,,,,,,,,,,,,,,,,,,,,,,,,,,,,,,,,,,,,,,,,,,,,,22.33538672142368,53.0,3.970291913552122,0,16.0,13.66875,1.0,1.028075833693889,1.0912641645918157
2019,Austin Ekeler,RB,61.7,6.7,LAC,00-0033699,16,19.3125,2017,2,vet,True,30,5,11.36028003858886,7.952219961411139,2,1.8,10.583333333333334,14.0,14.0,0.875,0.875,0.875,9.260416666666666,1.0,4.421428571428573,10.583333333333334,12.05714285714286,3.357142857142857,3.7857142857142856,2.5,2.7857142857142856,6.166666666666667,7.571428571428571,9.523809523809524,11.357142857142858,25.88095238095238,28.857142857142858,32.57142857142857,39.57142857142857,2.857142857142857,2.857142857142857,0.0901893968133981,0.1047430830037455,0.0095578422947483,0.0101368474404434,0.214500052836412,0.2656641604003367,0.141974584826421,0.1642104177139287,0.8840970350200537,0.7547169811178356,10.350427350122702,10.358974358708744,0.7477088948621033,0.7358490565898896,3.0,3.0,2.937499999994363,3.3124999999934537,5.395833333319928,6.624999999983396,8.333333333314291,9.93749999997685,7.738903863260365,7.62264150929014,10.062678062385435,10.538461538191322,0.066307277626504,0.0566037735838376,0.213202546491632,0.2545007094902018,5.328248360693318,5.226415094290316,0.0,32.0,32.0,31.625,31.625,246.625,246.625,24.9375,24.9375,56.9375,56.9375,0.562019758507135,0.562019758507135,3.0,3.0,269.75,269.75,24.292950034223136,260.0,5.560681631015528,2,16.0,19.3125,1.0,1.1077081102427757,1.0201557645517065
2019,Derrius Guice,RB,69.8,7.4,WAS,00-0034358,5,11.48,2018,1,soph,True,31,5,10.925918745824406,0.5540812541755944,0,,,,,,,,,,,,,,,,,,,,,,,,,,,,,,,,,,,,,,,,,,,,,,,,,,,,,,,,,,,,,,,,,,,,,,,,,,,,22.195756331279945,59.0,4.07753744390572,1,16.0,3.5875000000000004,0.3125,1.0173122540076875,1.0952259215719404
2019,Tarik Cohen,RB,71.0,7.6,CHI,00-0033556,16,10.24375,2017,2,vet,True,32,5,10.925918745824406,-0.6821687458244057,2,1.8,12.917083333333332,16.0,16.0,1.0,1.0,1.0,12.917083333333332,1.0,5.112500000000001,12.917083333333332,14.62125,5.270833333333333,5.6875,4.0625,4.4375,5.9375,6.1875,11.208333333333334,11.875,37.5625,45.3125,26.208333333333332,27.75,16.979166666666668,20.5625,0.170940170939824,0.1805555555551973,0.0642545104974197,0.0736347358997149,0.2097460201720963,0.2115384615380095,0.3013884137579299,0.3223776484625964,3.1473456120974768,3.615384615344886,9.027637523114954,10.21126760548998,0.7689728112171118,0.7802197802112063,2.218567492046283,2.2036474164133737,5.27083333332265,5.687499999988716,5.9374999999868905,6.187499999986779,11.20833333330954,11.874999999975492,6.968632306578766,7.967032966945417,6.788289485234986,7.323943661868676,0.0413248723103191,0.0549450549444511,0.034284823294584,0.1575023120446651,4.407523510925291,4.484848484803183,0.0,32.0,32.0,31.5,31.5,279.25,279.25,29.25,29.25,61.25,61.25,0.5224489795918368,0.5224489795918368,2.75,2.75,234.1875,234.1875,24.10130047912389,119.0,4.77912349311153,2,16.0,10.24375,1.0,1.1066684709924783,1.027680731790462
2019,Latavius Murray,RB,76.4,7.9,NO,00-0030513,16,9.825,2013,6,vet,True,33,6,10.925918745824406,-1.1009187458244067,5,2.8181818181818183,9.752516838000709,16.0,15.64516129032258,0.9778225806451613,1.0,0.9375,9.472782258064516,1.0,-1.5999999999999996,9.752516838000709,8.24375,1.7799982275788728,1.625,1.46326657213754,1.375,11.073289613612197,8.75,12.853287841191069,10.375,9.933179723502304,8.8125,44.83897554058844,36.125,0.7204005671747608,1.8125,0.0473964180984847,0.0439189189188447,0.002501346800107,0.00678997892765,0.4258712226874631,0.3921568627439996,0.072845569907802,0.0706313636276221,0.3169510849140781,1.115384615341716,6.748633088559291,6.409090908799587,0.8372049275731768,0.8461538461213017,2.032258064516129,3.0,1.7197580645131667,1.624999999997255,10.810483870941123,8.74999999997549,12.53024193545429,10.374999999972744,5.637744090893336,5.4230769228683435,6.5948787637119555,5.227272727035124,0.0,0.0,-0.1026975548121936,-0.2268725867252647,4.083619351836785,4.128571428541939,1.0,32.4375,37.875,31.9375,37.0,233.5625,266.9375,29.4375,22.3125,61.875,60.1875,0.5242424242424243,0.6292834890965732,3.6875,2.4375,260.875,268.625,29.61806981519507,181.0,5.198497031265826,6,16.0,9.825,1.0,0.7706224402634546,0.9048611025685155
2019,Kenyan Drake,RB,82.9,8.0,ARI,00-0033118,14,15.3,2016,3,vet,True,34,6,9.51747964997965,5.782520350020349,3,2.3333333333333335,10.376785714285717,16.0,15.857142857142858,0.9910714285714286,1.0,0.9791666666666666,10.34732142857143,1.0,3.99375,10.376785714285717,12.8875,3.5595238095238098,4.5625,2.5500000000000003,3.3125,6.9750000000000005,7.5,10.53452380952381,12.0625,21.741666666666667,29.8125,32.31190476190476,33.4375,6.28452380952381,10.0625,0.1222775643097053,0.1678160919536372,0.0278203339947708,0.0456090651557944,0.3020244156354553,0.3234501347700176,0.2028905802608976,0.2836504835395119,1.416226353536869,2.205479452024582,8.006944444199595,8.99999999983019,0.7339204174595527,0.7260273972503284,2.550133096716948,2.9627329192546585,3.553571428563786,4.5624999999895115,6.955357142838267,7.499999999979784,10.508928571402054,12.062499999969296,5.813617090525384,6.534246575252955,7.407869122241948,7.981132075321111,0.045091324200253,0.0684931506839932,0.0714416287856987,0.13674428958169,4.70596946907225,4.4583333332961805,1.0,30.9375,28.4375,29.5625,27.1875,242.25,220.625,22.1875,23.1875,53.125,51.625,0.5823529411764706,0.5508474576271186,1.5,2.0625,180.25,206.8125,25.596167008898018,73.0,4.290459441148391,3,16.0,13.3875,0.875,1.080613655745577,0.9765495502530982
2019,Tony Pollard,RB,83.3,8.3,DAL,00-0035261,13,6.892307692307692,2019,0,rookie,True,35,6,9.4762971493062,-2.583989456998508,0,,,,,,,,,,,,,,,,,,,,,,,,,,,,,,,,,,,,,,,,,,,,,,,,,,,,,,,,,,,,,,,,,,,,,,,,,,,,22.338124572210816,128.0,4.852030263919617,0,16.0,5.6,0.8125,1.028282798182449,1.0911851487171913
2019,Devin Singletary,RB,83.9,8.6,BUF,00-0035250,12,12.325,2019,0,rookie,True,36,6,9.4762971493062,2.848702850693801,0,,,,,,,,,,,,,,,,,,,,,,,,,,,,,,,,,,,,,,,,,,,,,,,,,,,,,,,,,,,,,,,,,,,,,,,,,,,,21.99315537303217,74.0,4.30406509320417,0,16.0,9.24375,0.75,1.000855862831787,1.0998179098420844
2019,Matt Breida,RB,84.8,8.1,SF,00-0033308,12,8.608333333333333,2017,2,vet,True,37,6,9.4762971493062,-0.8679638159728675,2,1.8,9.89434523809524,14.0,14.666666666666666,0.9166666666666666,0.875,0.9375,8.927083333333334,1.0,5.138392857142858,9.89434523809524,11.607142857142858,2.2261904761904763,2.2142857142857144,1.7232142857142858,1.9285714285714288,9.473214285714286,10.928571428571429,11.69940476190476,13.142857142857142,16.178571428571427,18.642857142857142,48.44940476190476,58.142857142857146,4.2023809523809526,4.928571428571429,0.0601628388197124,0.0601941747571646,0.0152966165073881,0.0183510638297823,0.3269190654977595,0.3617021276587194,0.1009518897847403,0.1031370068165946,1.8912783750901592,2.225806451541103,9.301587301212564,9.66666666630864,0.7750896057106353,0.8709677419073881,3.0,3.0,2.041666666662907,1.937499999996238,8.562499999979568,9.562499999977394,10.604166666642476,11.499999999973632,7.27956989224576,8.419354838438085,8.342151675149166,8.703703703381345,0.0522700119457866,0.0645161290301769,0.2985477324362206,0.4821917577134371,5.0230314347589,5.320261437873724,0.0,33.25,33.25,32.1875,32.1875,235.0,235.0,26.4375,26.4375,59.6875,59.6875,0.5570680628272251,0.5570680628272251,2.0625,2.0625,265.4375,265.4375,24.50650239561944,260.0,5.560681631015528,2,16.0,6.456249999999999,0.75,1.1072475761342393,1.0120833473414161
2019,Darwin Thompson,RB,86.0,9.3,KC,00-0035148,7,4.257142857142857,2019,0,rookie,True,38,6,9.4762971493062,-5.219154292163343,0,,,,,,,,,,,,,,,,,,,,,,,,,,,,,,,,,,,,,,,,,,,,,,,,,,,,,,,,,,,,,,,,,,,,,,,,,,,,22.548939082819988,214.0,5.365976015021851,0,16.0,1.8625,0.4375,1.0435388008331516,1.0848581397859014
2019,LeSean McCoy,RB,90.8,8.9,KC,00-0027029,13,9.123076923076924,2009,10,vet,True,39,6,9.4762971493062,-0.3532202262292774,10,2.994146341463414,13.06688038216264,14.0,14.586510263929618,0.9116568914956013,0.875,0.91875,12.06980083088954,1.0,-7.389285714285716,13.06688038216264,9.085714285714284,3.796536214681376,3.2857142857142856,2.888037052553181,2.4285714285714284,14.409469696969698,11.5,18.206005911651072,14.785714285714286,21.25811339198436,17.0,56.626256225853005,36.714285714285715,-0.1163326816552621,-3.5,0.1172559250684748,0.0960334029225552,0.0009436998892674,-0.0103615986466461,0.4420244255569157,0.3440170940163589,0.1765444775251994,0.1367969853311806,-0.2069366264637263,-1.065217391281191,7.302641411555338,6.9999999997941185,0.7592751912715934,0.7391304347665407,0.93841642228739,0.0,3.483321114362173,2.874999999993998,13.264723851389771,10.0624999999785,16.748044965751948,12.937499999972497,5.5347550466363336,5.1739130433657845,7.951996983769376,8.470588235044984,0.0122497860482813,0.0,0.0594730198653479,0.0139601859944109,3.821488422129098,3.1925465838311022,1.0,36.4375,31.125,35.25,29.9375,320.75,295.5625,24.1875,29.25,60.625,60.375,0.6010309278350515,0.515527950310559,4.125,1.75,320.375,190.75,31.137577002053387,53.0,3.970291913552122,10,16.0,7.412500000000001,0.8125,0.661816258227093,0.9046012108122725
2019,Darrell Henderson Jr.,RB,93.0,9.2,LA,00-0035664,6,3.733333333333334,2019,0,rookie,True,40,7,9.4762971493062,-5.742963815972866,0,,,,,,,,,,,,,,,,,,,,,,,,,,,,,,,,,,,,,,,,,,,,,,,,,,,,,,,,,,,,,,,,,,,,,,,,,,,,22.034223134839152,70.0,4.248495242049359,0,16.0,1.4,0.375,1.0042631213726083,1.0995603445492994
2019,Rashaad Penny,RB,95.3,7.8,SEA,00-0034750,8,9.0875,2018,1,soph,True,41,7,9.4762971493062,-0.3887971493061997,1,1.0,5.415384615384616,13.0,13.0,0.8125,0.8125,0.8125,4.4,1.0,0.0,5.415384615384616,5.415384615384616,0.9230769230769232,0.9230769230769232,0.6923076923076923,0.6923076923076923,6.538461538461538,6.538461538461538,7.461538461538462,7.461538461538462,5.769230769230769,5.769230769230769,32.23076923076923,32.23076923076923,0.4615384615384615,0.4615384615384615,0.029999999999925,0.029999999999925,0.001632653061224,0.001632653061224,0.1591760299622487,0.1591760299622487,0.0461428571427443,0.0461428571427443,0.4999999999583333,0.4999999999583333,8.333333332407408,8.333333332407408,0.7499999999375,0.7499999999375,3.0,3.0,0.7499999999981249,0.7499999999981249,5.312499999990052,5.312499999990052,6.0624999999881775,6.0624999999881775,6.249999999479167,6.249999999479167,8.111111110209876,8.111111110209876,0.0,0.0,-0.6118706726434574,-0.6118706726434574,4.929411764647889,4.929411764647889,0.0,26.6875,26.6875,25.0,25.0,229.6875,229.6875,33.375,33.375,60.0625,60.0625,0.4443288241415192,0.4443288241415192,3.125,3.125,215.5,215.5,23.578370978781656,27.0,3.295836866004329,1,16.0,4.54375,0.5,1.0963376745527078,1.0485674226996329
2019,Kareem Hunt,RB,100.8,11.9,CLE,00-0033923,8,12.675,2017,2,vet,True,42,7,9.4762971493062,3.1987028506938007,2,1.8,20.101515151515148,11.0,12.666666666666666,0.7916666666666666,0.6875,0.84375,15.741666666666664,1.0,2.477272727272726,20.101515151515148,20.92727272727273,3.433712121212121,3.1818181818181817,2.679924242424242,2.363636363636364,16.636363636363637,16.454545454545453,20.07007575757576,19.636363636363637,32.38825757575758,34.36363636363637,77.58522727272727,74.9090909090909,6.267045454545454,6.181818181818182,0.0811438856650135,0.0620567375885424,0.0170966000201931,0.0132501948558041,0.5356684850211318,0.4677002583967243,0.1336834485116555,0.1023602427818765,1.8402116401659832,1.9428571428016328,12.553942912006704,14.538461537902366,0.7756613756427749,0.7428571428359184,3.0,3.0,2.770833333328262,2.1874999999961213,13.208333333299851,11.312499999970768,15.979166666628116,13.499999999966889,9.60740740716348,10.79999999969143,11.25157232666192,12.9999999995,0.1492063492022877,0.1999999999942857,0.7115356499697109,0.9294472635965336,4.661216282070201,4.552486187820152,1.0,35.875,36.4375,34.8125,35.25,332.75,320.75,25.6875,24.1875,61.5625,60.625,0.582741116751269,0.6010309278350515,2.75,4.125,266.3125,320.375,24.071184120465436,86.0,4.454347296253507,2,16.0,6.3375,0.5,1.1063644267687278,1.0288792550981993
2019,Jordan Howard,RB,103.7,9.0,PHI,00-0032780,9,12.377777777777778,2016,3,vet,True,43,7,9.4762971493062,2.901480628471578,3,2.3333333333333335,12.186071428571427,16.0,15.857142857142858,0.9910714285714286,1.0,0.9791666666666666,12.049107142857142,1.0,-1.231250000000001,12.186071428571427,11.25,2.011904761904762,1.6875,1.4011904761904763,1.25,16.257142857142856,15.625,18.26904761904762,17.3125,10.248809523809523,9.0625,65.93333333333332,58.4375,0.819047619047619,1.3125,0.0631352774208656,0.0535714285713222,0.0021173386869927,0.0047000895255137,0.5868524147882119,0.5341880341868928,0.0961850532121933,0.083647205524843,0.3723015872891808,0.7777777777489712,7.16363246915427,7.2499999996375,0.7114947089709575,0.7407407407133059,2.142857142857143,3.0,1.982142857138911,1.6874999999966518,16.10714285710618,15.624999999966612,18.08928571424509,17.312499999963265,5.0362830686175055,5.370370370171468,6.977896765588296,6.3499999996825,0.0028571428570857,0.0,-0.1017073798541433,-0.0903615595589615,4.042964606116597,3.73999999998504,1.0,37.4375,32.0,37.0,31.5,278.4375,279.25,24.875,29.25,62.3125,61.25,0.600802407221665,0.5224489795918368,2.5625,2.75,282.75,234.1875,24.829568788501028,150.0,5.0106352940962555,3,16.0,6.9625,0.5625,1.1034553442077524,1.0006839210799716
2019,Royce Freeman,RB,108.1,8.3,DEN,00-0034838,16,8.8875,2018,1,soph,True,44,8,8.801446416016189,0.0860535839838103,1,1.0,7.235714285714286,14.0,14.0,0.875,0.875,0.875,6.33125,1.0,0.0,7.235714285714286,7.235714285714286,1.4285714285714286,1.4285714285714286,1.0,1.0,9.285714285714286,9.285714285714286,10.714285714285714,10.714285714285714,5.142857142857143,5.142857142857143,37.214285714285715,37.214285714285715,1.0714285714285714,1.0714285714285714,0.0354609929077385,0.0354609929077385,0.0034981343283573,0.0034981343283573,0.3307888040704051,0.3307888040704051,0.0556401833914579,0.0556401833914579,0.7499999999625,0.7499999999625,5.142857142489796,5.142857142489796,0.699999999965,0.699999999965,3.0,3.0,1.2499999999977838,1.2499999999977838,8.124999999979325,8.124999999979325,9.374999999977108,9.374999999977108,3.59999999982,3.59999999982,4.214285713984694,4.214285713984694,0.0,0.0,-0.085503954450632,-0.085503954450632,4.00769230766148,4.00769230766148,0.0,36.75,36.75,35.25,35.25,268.0,268.0,24.5625,24.5625,61.3125,61.3125,0.599388379204893,0.599388379204893,2.3125,2.3125,245.625,245.625,23.51813826146475,71.0,4.2626798770413155,1,16.0,8.8875,1.0,1.0944119714180178,1.0509227935798529
2019,Kalen Ballage,RB,113.5,10.7,MIA,00-0034799,12,4.316666666666666,2018,1,soph,True,45,8,8.801446416016189,-4.4847797493495225,1,1.0,3.141666666666667,12.0,12.0,0.75,0.75,0.75,2.35625,1.0,0.0,3.141666666666667,3.141666666666667,0.9166666666666666,0.9166666666666666,0.75,0.75,3.0,3.0,3.9166666666666665,3.9166666666666665,4.666666666666667,4.666666666666667,15.916666666666666,15.916666666666666,-1.1666666666666667,-1.1666666666666667,0.0252873563217809,0.0252873563217809,-0.0039660056657212,-0.0039660056657212,0.0970350404310053,0.0970350404310053,0.0351548305166665,0.0351548305166665,-1.27272727261157,-1.27272727261157,6.222222221530864,6.222222221530864,0.8181818181074381,0.8181818181074381,0.0,0.0,0.6874999999984196,0.6874999999984196,2.2499999999939355,2.2499999999939355,2.937499999992355,2.937499999992355,5.090909090446281,5.090909090446281,8.444444443506173,8.444444443506173,0.0,0.0,-0.8313135027881112,-0.8313135027881112,5.30555555540818,5.30555555540818,0.0,28.4375,28.4375,27.1875,27.1875,220.625,220.625,23.1875,23.1875,51.625,51.625,0.5508474576271186,0.5508474576271186,2.0625,2.0625,206.8125,206.8125,23.693360711841205,131.0,4.875197323201151,1,16.0,3.2375,0.75,1.0995884346383438,1.0440168025536494
2019,Jaylen Samuels,RB,119.0,10.4,PIT,00-0034331,13,8.03076923076923,2018,1,soph,True,46,8,8.801446416016189,-0.7706771852469583,1,1.0,9.944444444444445,9.0,9.0,0.5625,0.5625,0.5625,5.59375,1.0,0.0,9.944444444444445,9.944444444444445,3.2222222222222223,3.2222222222222223,2.888888888888889,2.888888888888889,6.222222222222222,6.222222222222222,9.444444444444445,9.444444444444445,22.11111111111111,22.11111111111111,28.444444444444443,28.444444444444443,0.2222222222222222,0.2222222222222222,0.0428994082839602,0.0428994082839602,0.0003821899484042,0.0003821899484042,0.1623188405792396,0.1623188405792396,0.0646166453898233,0.0646166453898233,0.0689655172390011,0.0689655172390011,7.653846153551776,7.653846153551776,0.8965517241070154,0.8965517241070154,3.0,3.0,1.8124999999973188,1.8124999999973188,3.499999999989855,3.499999999989855,5.312499999987174,5.312499999987174,6.862068965280618,6.862068965280618,8.269230768912722,8.269230768912722,0.1034482758585017,0.1034482758585017,0.5233473131674432,0.5233473131674432,4.571428571346939,4.571428571346939,0.0,43.0625,43.0625,42.25,42.25,327.0625,327.0625,21.5625,21.5625,64.625,64.625,0.6663442940038685,0.6663442940038685,3.1875,3.1875,323.375,323.375,23.11567419575633,165.0,5.10594547390058,1,16.0,6.525,0.8125,1.077573650526531,1.0659378093300087
2019,Justin Jackson,RB,119.9,10.3,LAC,00-0034440,6,5.016666666666667,2018,1,soph,True,47,8,8.514685960281549,-3.498019293614882,1,1.0,6.788888888888889,9.0,9.0,0.5625,0.5625,0.5625,3.81875,1.0,0.0,6.788888888888889,6.788888888888889,2.111111111111111,2.111111111111111,1.6666666666666667,1.6666666666666667,5.555555555555555,5.555555555555555,7.666666666666667,7.666666666666667,15.0,15.0,22.88888888888889,22.88888888888889,-2.111111111111111,-2.111111111111111,0.0375494071145503,0.0375494071145503,-0.0048150025342106,-0.0048150025342106,0.125313283207706,0.125313283207706,0.052953608897878,0.052953608897878,-0.9999999999473684,-0.9999999999473684,8.9999999994,8.9999999994,0.7894736841689751,0.7894736841689751,0.0,0.0,1.1874999999976532,1.1874999999976532,3.124999999992168,3.124999999992168,4.3124999999898215,4.3124999999898215,7.105263157520776,7.105263157520776,10.133333332657775,10.133333332657775,0.0,0.0,0.2865201593045045,0.2865201593045045,4.1199999999176,4.1199999999176,0.0,32.0,32.0,31.625,31.625,246.625,246.625,24.9375,24.9375,56.9375,56.9375,0.562019758507135,0.562019758507135,3.0,3.0,269.75,269.75,23.359342915811087,251.0,5.5254529391317835,1,16.0,1.88125,0.375,1.0885799342177171,1.0570027069430756
2019,Justice Hill,RB,120.7,9.2,BAL,00-0034975,14,3.5142857142857147,2019,0,rookie,True,48,8,8.514685960281549,-5.000400245995834,0,,,,,,,,,,,,,,,,,,,,,,,,,,,,,,,,,,,,,,,,,,,,,,,,,,,,,,,,,,,,,,,,,,,,,,,,,,,,21.796030116358654,113.0,4.727387818712341,0,16.0,3.075,0.875,0.9840105949922986,1.081307025354145
2019,Alexander Mattison,RB,127.3,12.1,MIN,00-0034972,13,5.261538461538462,2019,0,rookie,True,49,9,8.371889717425432,-3.11035125588697,0,,,,,,,,,,,,,,,,,,,,,,,,,,,,,,,,,,,,,,,,,,,,,,,,,,,,,,,,,,,,,,,,,,,,,,,,,,,,21.201916495550993,102.0,4.624972813284271,0,16.0,4.275,0.8125,0.9294490461963,1.0213505713001334
2019,Peyton Barber,RB,131.3,13.8,TB,00-0032741,16,7.28125,2016,3,vet,True,50,9,7.491790151433535,-0.210540151433535,3,2.3333333333333335,7.632551020408164,16.0,14.571428571428571,0.9107142857142856,1.0,0.8333333333333334,7.220535714285715,1.0,3.272321428571429,7.632551020408164,9.39375,1.5091836734693878,1.8125,1.1122448979591837,1.25,11.346938775510203,14.625,12.85612244897959,16.4375,6.012244897959184,5.75,42.925510204081625,54.4375,2.0673469387755103,2.5,0.0373807572666669,0.0468497576735915,0.0047895615941718,0.0060938452163305,0.4404074846018677,0.6015424164508958,0.0594238290159207,0.0745403281618186,1.511234983894932,1.3793103447800237,5.464285713867054,4.59999999977,0.7537377927116626,0.6896551723900118,2.3819548872180447,2.3,1.4285714285690925,1.812499999997072,10.77678571425819,14.624999999962403,12.20535714282728,16.437499999959474,4.193760262461933,3.1724137929940546,4.246428571131027,3.19999999984,0.0197044334968574,0.0344827586195005,-0.0128823427366882,-0.057714920835225,3.825252525222543,3.722222222206315,0.0,39.0625,39.0625,38.6875,38.6875,410.25,410.25,24.3125,24.3125,63.375,63.375,0.616370808678501,0.616370808678501,2.9375,2.9375,334.875,334.875,25.508555783709788,260.0,5.560681631015528,3,16.0,7.28125,1.0,1.084178107990195,0.9791772308912782
2019,Adrian Peterson,RB,133.1,12.1,WAS,00-0025394,15,9.8,2007,12,vet,True,51,9,7.491790151433535,2.3082098485664657,12,2.9985355137905785,10.192322983894412,16.0,12.356043956043957,0.7722527472527473,1.0,0.7760416666666666,8.764449023199022,1.0,3.922499999999999,10.192322983894412,11.8125,1.8593505436362576,1.625,1.2710387231815805,1.25,15.843226350369209,15.6875,17.702576894005464,17.3125,10.43712221640793,13.0,60.0301072736787,65.125,1.0444485144485145,0.5625,0.0398498973047392,0.0531697341512205,0.0021260437107143,0.002176541717049,0.4259283714736921,0.6062801932352505,0.0612630765546089,0.0812781804287651,0.6044396025968013,0.3461538461405325,8.069396282098285,10.39999999948,14896215.583807254,0.7692307692011834,2.45128706419029,3.0,1.3822344322316955,1.6249999999966769,12.453388278358636,15.687499999962109,13.835622710590334,17.312499999958785,126495732.30221586,7.9999999996923075,7.769377466447493,10.0499999994975,244200.2641886041,0.0384615384600591,6956129.2012981,0.1030162257940036,3.7162326177412255,4.151394422294218,0.0,31.8125,31.8125,30.5625,30.5625,258.4375,258.4375,25.875,25.875,57.6875,57.6875,0.551462621885157,0.551462621885157,1.75,1.75,205.4375,205.4375,34.4476386036961,7.0,1.9459101490553132,12,16.0,9.1875,0.9375,0.4690982377925662,0.8979926390534986
2019,Dion Lewis,RB,142.9,14.9,TEN,00-0028087,12,5.208333333333333,2011,8,vet,True,52,9,7.491790151433535,-2.283456818100202,6,2.71302549965541,10.82085048010974,16.0,14.127572016460906,0.8829732510288066,1.0,0.6770833333333334,9.59020061728395,1.0,-2.6437500000000007,10.82085048010974,10.04375,3.706763743800781,4.1875,3.1306320565579826,3.6875,9.755860052156349,9.6875,13.462623795957128,13.875,22.14131958576403,25.0,39.42147153258265,32.3125,0.3809674550415293,-4.4375,0.1099243565350403,0.1576470588231585,-0.007452429419665,-0.0221667187012106,0.3120360139656629,0.3414096916292039,0.159669834208795,0.2209538851438902,0.0184288434657311,-1.059701492521497,6.856717000132686,6.779661016834243,0.8576846513780705,0.8805970149122299,0.4634062158864702,0.0,3.186471193408768,4.187499999990147,8.806841563766504,9.68749999997866,11.993312757175271,13.874999999968807,5.868258121341314,5.970149253642236,7.506970628771396,8.084745762574835,0.0330706257066266,0.0149253731341055,0.0829052748612557,-0.0054742715837294,4.026658616221116,3.335483870946223,0.0,27.3125,27.3125,26.5625,26.5625,200.1875,200.1875,28.375,28.375,55.6875,55.6875,0.4904601571268238,0.4904601571268238,1.9375,1.9375,203.4375,203.4375,28.928131416837783,149.0,5.003946305945459,8,16.0,3.90625,0.75,0.8256465836813196,0.9051251283024507
2019,Damien Harris,RB,151.4,13.7,NE,00-0035657,1,1.2,2019,0,rookie,False,53,10,7.491790151433535,-6.291790151433535,0,,,,,,,,,,,,,,,,,,,,,,,,,,,,,,,,,,,,,,,,,,,,,,,,,,,,,,,,,,,,,,,,,,,,,,,,,,,,22.55167693360712,87.0,4.465908118654584,0,16.0,0.075,0.0625,1.0437280308839374,1.0847730785643668
2019,Carlos Hyde,RB,151.9,17.8,HOU,00-0031045,16,9.575,2014,5,vet,True,54,10,7.491790151433535,2.0832098485664643,5,2.8181818181818183,10.22536334633109,14.0,13.935483870967742,0.8709677419354839,0.875,0.8,8.97157258064516,1.0,-7.583928571428571,10.22536334633109,7.028571428571429,2.511875221552641,1.1428571428571428,1.717298830202056,0.7142857142857143,13.616979794399148,12.285714285714286,16.12885501595179,13.428571428571429,9.124778447359091,2.357142857142857,51.0852534562212,40.785714285714285,2.968096419709323,-0.9285714285714286,0.0572050919750679,0.0148011100832425,0.0105727093944752,-0.0014428412874582,0.3450035045578869,0.2079806529622636,0.0932085345387345,0.021191676223643,0.3932673509373906,-0.8124999999492187,4.506735663274049,3.29999999967,0.6726783968419524,0.6249999999609375,1.1365635376124197,0.0,2.2943548387056274,0.9999999999981553,11.800403225778156,10.749999999973952,14.094758064483782,11.749999999972108,3.093304007698862,2.062499999871094,5.6790346508314355,5.89999999941,0.0117302052782369,0.0,-0.3317274629514653,-0.4646927992180882,3.7026093077052034,3.319767441841164,1.0,31.625,35.875,30.875,34.8125,266.75,332.75,29.5,25.6875,61.125,61.5625,0.5173824130879345,0.582741116751269,2.375,2.75,260.3125,266.3125,28.947296372347708,57.0,4.04305126783455,5,16.0,9.575,1.0,0.8240640460805014,0.9050864900525089
2019,Frank Gore,RB,152.3,27.6,BUF,00-0023500,15,6.326666666666667,2005,14,vet,True,55,10,7.491790151433535,-1.165123484766868,14,2.9996338114128775,9.529756350487904,14.0,14.986876640419949,0.9366797900262468,0.875,0.9375,9.056736022096072,1.0,-3.5214285714285714,9.529756350487904,7.328571428571428,1.864704544067298,1.1428571428571428,1.3810878489554557,0.8571428571428571,13.750669478947266,11.142857142857142,15.615374023014564,12.285714285714286,12.09400079614784,8.857142857142858,57.03935589578787,51.57142857142857,0.6079345790021491,1.5,0.0583603136934254,0.0367816091953177,0.0021505539028337,0.0059490084985818,0.5103399730386797,0.4204851752010229,0.0890458582721217,0.0593367197419839,0.6946904141949037,1.3124999999179687,9.260378960530964,10.333333332472222,42299945.806393825,0.749999999953125,1.979658334497044,3.0,1.788622352434856,0.9999999999977012,13.039557010283676,9.74999999997372,14.828179362718531,10.749999999971422,355795648.68551564,7.749999999515625,9.112380524669812,9.583333332534725,1342855.450392134,0.0624999999960937,17417410.150447804,0.4290734733117596,4.224490434827096,4.628205128175461,1.0,31.125,28.4375,29.9375,27.1875,295.5625,220.625,29.25,23.1875,60.375,51.625,0.515527950310559,0.5508474576271186,1.75,2.0625,190.75,206.8125,36.30116358658453,65.0,4.174387269895637,14,16.0,5.93125,0.9375,0.3916447766321571,0.9195635532757455
2019,Ito Smith,RB,154.2,17.5,ATL,00-0034378,5,7.12,2018,1,soph,True,56,10,7.491790151433535,-0.3717901514335349,1,1.0,7.515384615384615,13.0,13.0,0.8125,0.8125,0.8125,6.10625,1.0,0.0,7.515384615384615,7.515384615384615,2.4615384615384617,2.4615384615384617,2.076923076923077,2.076923076923077,6.923076923076923,6.923076923076923,9.384615384615383,9.384615384615383,11.692307692307692,11.692307692307692,24.23076923076923,24.23076923076923,-0.6153846153846154,-0.6153846153846154,0.0529801324502434,0.0529801324502434,-0.0015369836695482,-0.0015369836695482,0.2564102564095259,0.2564102564095259,0.0783943101066813,0.0783943101066813,-0.2499999999921875,-0.2499999999921875,5.6296296294211245,5.6296296294211245,0.8437499999736329,0.8437499999736329,0.0,0.0,1.9999999999966889,1.9999999999966889,5.624999999983975,5.624999999983975,7.624999999980664,7.624999999980664,4.749999999851563,4.749999999851563,5.925925925706447,5.925925925706447,0.0,0.0,0.1938457498053588,0.1938457498053588,3.499999999961111,3.499999999961111,0.0,38.5625,38.5625,37.75,37.75,325.3125,325.3125,21.9375,21.9375,60.5,60.5,0.637396694214876,0.637396694214876,2.9375,2.9375,309.3125,309.3125,23.97262149212868,126.0,4.836281906951478,1,16.0,2.225,0.3125,1.1051535315130312,1.03282040670971
2019,Ty Montgomery II,RB,157.1,19.1,NYJ,00-0032200,12,2.6916666666666664,2015,4,vet,True,57,10,7.491790151433535,-4.800123484766869,4,2.6470588235294117,7.776068376068376,13.0,11.466666666666669,0.7166666666666667,0.8125,0.65625,5.315833333333333,1.0,-5.811538461538461,7.776068376068376,5.638461538461538,3.383247863247864,3.076923076923077,2.35008547008547,1.9230769230769231,4.766495726495726,3.1538461538461537,8.14974358974359,6.230769230769231,20.01213675213675,18.076923076923077,21.030598290598288,14.461538461538462,3.883076923076923,5.230769230769231,0.0478107878215034,0.0346620450606285,0.0052732284517588,0.006645167595035,0.101808267192528,0.0465909090908561,0.0754074416484863,0.0566446849074673,1.2749098552422202,1.6999999999575002,8.678120333420503,9.399999999624,0.6885762793888416,0.624999999984375,2.0725333333333333,3.0,2.3958333333292026,2.499999999995691,3.20416666665834,2.5624999999934066,5.599999999987544,5.0624999999890985,5.927269787205405,5.8749999998531255,8.41998594608138,8.5199999996592,0.0156196943966366,0.0,-0.0013960996489245,-0.1380340233919976,4.573333670225642,4.585365853546699,1.0,32.75,40.0,31.5625,38.4375,284.6875,343.1875,25.5625,20.8125,58.3125,60.8125,0.5616291532690246,0.65775950668037,1.8125,2.4375,212.75,289.3125,26.60643394934976,94.0,4.543294782270004,4,16.0,2.01875,0.75,1.0225523093449649,0.9466514895766316
2019,Malcolm Brown,RB,157.6,16.7,LA,00-0031806,11,5.345454545454545,2015,4,vet,True,58,10,7.491790151433535,-2.14633560597899,4,2.6470588235294117,3.4260606060606063,11.0,10.333333333333334,0.6458333333333334,0.6875,0.53125,2.25125,1.0,-1.0454545454545454,3.4260606060606063,3.5818181818181816,0.7090909090909091,0.6363636363636364,0.5636363636363637,0.4545454545454545,4.096969696969697,3.909090909090909,4.806060606060607,4.545454545454546,4.2303030303030305,4.7272727272727275,17.84848484848485,19.272727272727273,0.3696969696969698,1.6363636363636365,0.0134989540156835,0.0128440366972241,0.0014790631233454,0.0037950664136614,0.0939896950871108,0.0936819172111248,0.0212837752098671,0.0219226015353992,0.997691197789188,2.571428571061225,9.02814814631618,10.39999999792,0.7991341989488315,0.7142857141836735,1.9674074074074075,2.888888888888889,0.4458333333324897,0.4374999999991972,2.6499999999941264,2.687499999994145,3.0958333333266155,3.124999999993342,7.157864356633419,7.428571427510204,7.974814812966353,7.79999999844,0.0761904761795918,0.1428571428367347,0.6912042870929423,0.7499616262438761,4.242949427668588,4.930232558024879,0.0,35.5,35.5,34.0625,34.0625,296.4375,296.4375,28.6875,28.6875,64.1875,64.1875,0.5530671859785784,0.5530671859785784,3.4375,3.4375,295.625,295.625,26.29705681040383,260.0,5.560681631015528,4,16.0,3.6749999999999994,0.6875,1.0435585341681088,0.9558237293250283
2019,Dare Ogunbowale,RB,157.9,17.9,TB,00-0033854,14,5.214285714285714,2017,2,vet,True,59,10,7.491790151433535,-2.2775044371478206,1,1.0,0.0,1.0,1.0,0.0625,0.0625,0.0625,0.0,1.0,0.0,0.0,0.0,0.0,0.0,0.0,0.0,0.0,0.0,0.0,0.0,0.0,0.0,0.0,0.0,0.0,0.0,0.0,0.0,0.0,0.0,0.0,0.0,0.0,0.0,0.0,0.0,0.0,0.0,0.0,0.0,,,0.0,0.0,0.0,0.0,0.0,0.0,0.0,0.0,0.0,0.0,0.0,0.0,0.0,0.0,0.0,0.0,0.0,39.0625,39.0625,38.6875,38.6875,410.25,410.25,24.3125,24.3125,63.375,63.375,0.616370808678501,0.616370808678501,2.9375,2.9375,334.875,334.875,25.32785763175907,260.0,5.560681631015528,2,16.0,4.5625,0.875,1.0907630082934714,0.9846723018823512
2019,Ronald Jones,RB,158.1,17.1,TB,00-0034816,16,10.39375,2018,1,soph,True,60,10,7.491790151433535,2.9019598485664657,1,1.0,2.957142857142857,7.0,7.0,0.4375,0.4375,0.4375,1.29375,1.0,0.0,2.957142857142857,2.957142857142857,1.2857142857142858,1.2857142857142858,1.0,1.0,3.2857142857142856,3.2857142857142856,4.571428571428571,4.571428571428571,4.714285714285714,4.714285714285714,6.285714285714286,6.285714285714286,-2.0,-2.0,0.0145395799676663,0.0145395799676663,-0.0021328458257157,-0.0021328458257157,0.0591259640101307,0.0591259640101307,0.0203163778734985,0.0203163778734985,-1.555555555382716,-1.555555555382716,4.714285713612245,4.714285713612245,0.777777777691358,0.777777777691358,0.0,0.0,0.5624999999990913,0.5624999999990913,1.4374999999963043,1.4374999999963043,1.9999999999953957,1.9999999999953957,3.666666666259259,3.666666666259259,5.999999999142857,5.999999999142857,0.0,0.0,-0.2778156985763357,-0.2778156985763357,1.9130434781776935,1.9130434781776935,0.0,39.0625,39.0625,38.6875,38.6875,410.25,410.25,24.3125,24.3125,63.375,63.375,0.616370808678501,0.616370808678501,2.9375,2.9375,334.875,334.875,22.078028747433265,38.0,3.6375861597263857,1,16.0,10.39375,1.0,1.007858839204076,1.0984102277529333
2019,Nyheim Hines,RB,159.2,18.7,IND,00-0034367,16,7.36875,2018,1,soph,True,61,10,7.491790151433535,-0.1230401514335355,1,1.0,10.05625,16.0,16.0,1.0,1.0,1.0,10.05625,1.0,0.0,10.05625,10.05625,5.0625,5.0625,3.9375,3.9375,5.3125,5.3125,10.375,10.375,26.5625,26.5625,19.625,19.625,10.4375,10.4375,0.127760252365729,0.127760252365729,0.0347265543772021,0.0347265543772021,0.2083333333328227,0.2083333333328227,0.2159489666126351,0.2159489666126351,2.061728395036275,2.061728395036275,6.746031745924666,6.746031745924666,0.7777777777681756,0.7777777777681756,2.5449101796407185,2.5449101796407185,5.062499999992014,5.062499999992014,5.312499999986979,5.312499999986979,10.374999999978993,10.374999999978993,5.246913580182136,5.246913580182136,5.539682539594608,5.539682539594608,0.0246913580243865,0.0246913580243865,0.0090569760222464,0.0090569760222464,3.6941176470153634,3.6941176470153634,0.0,40.25,40.25,39.625,39.625,300.5625,300.5625,25.5,25.5,65.75,65.75,0.6121673003802282,0.6121673003802282,3.25,3.25,287.1875,287.1875,22.80082135523614,104.0,4.6443908991413725,1,16.0,7.36875,1.0,1.0600154266971258,1.0767807172353971
2020,Christian McCaffrey,RB,1.2,0.5,CAR,00-0033280,3,30.133333333333336,2017,3,vet,False,1,1,19.40125646412411,10.732076869209228,3,2.3333333333333335,25.75357142857143,16.0,16.0,1.0,1.0,1.0,25.75357142857143,1.0,5.356249999999999,25.75357142857143,29.45,8.294642857142858,8.875,6.767857142857143,7.25,15.205357142857142,17.9375,23.5,26.8125,57.1875,62.8125,73.02678571428571,86.6875,7.651785714285714,6.9375,0.2331748309075611,0.2366666666662722,0.0264682711096291,0.0215911301303206,0.6093933414038111,0.7435233160602499,0.3682900361380821,0.3701137910906328,0.9499629808465604,0.7816901408395657,8.428325698553811,8.663793103373587,0.814482383877491,0.8169014084449514,2.9510204081632656,3.0,8.294642857128284,8.874999999985208,15.205357142819055,17.93749999995353,23.499999999947335,26.812499999938737,6.864970295601578,7.077464788682554,8.214722503491387,8.508620689581821,0.0362425767850098,0.0281690140843086,0.2944115160736587,0.3555141309591511,4.725193775862778,4.83275261322358,0.0,39.5625,39.5625,37.5,37.5,321.3125,321.3125,24.125,24.125,63.6875,63.6875,0.6211972522080471,0.6211972522080471,2.3125,2.3125,258.375,258.375,24.23545516769336,8.0,2.0794415416798357,3,16.0,5.65,0.1875,1.1075383084183414,1.0223914240884646
2020,Saquon Barkley,RB,2.5,0.7,NYG,00-0034844,2,7.699999999999999,2018,2,vet,False,2,1,19.40125646412411,-11.70125646412411,2,1.8,20.55544871794872,13.0,14.0,0.875,0.8125,0.90625,18.208333333333332,1.0,-5.335576923076925,20.55544871794872,18.776923076923076,6.264423076923077,5.615384615384615,4.5625,4.0,16.565705128205128,16.692307692307693,22.830128205128204,22.307692307692307,37.48237179487179,33.69230769230769,78.6650641025641,77.15384615384616,3.503205128205128,4.6923076923076925,0.1530335711517748,0.1241496598637344,0.0100093430474733,0.0129209913153965,0.6453943877373783,0.5994475138104988,0.2365568968608936,0.1952691837163792,0.6066644024222393,0.8356164383447175,8.256410256273247,8.423076922914941,0.725574549974441,0.7123287671135297,3.0,3.0,5.562499999990436,4.562499999992241,14.479166666626329,13.562499999962537,20.041666666616763,18.124999999954778,5.986225895245595,5.999999999917808,8.428571428432527,8.423076922914941,0.0292841239288636,0.0273972602735972,0.047979702065477,0.061365006909564,4.750634155507886,4.6221198156469026,0.0,37.9375,37.9375,36.75,36.75,295.0625,295.0625,22.625,22.625,60.5625,60.5625,0.6264189886480909,0.6264189886480909,2.5625,2.5625,254.375,254.375,23.55920602327173,2.0,0.6931471805599453,2,16.0,0.9625,0.125,1.0957469724752817,1.049320748616893
2020,Ezekiel Elliott,RB,3.4,1.6,DAL,00-0033045,15,14.913333333333332,2016,4,vet,True,3,1,19.40125646412411,-4.487923130790778,4,2.6470588235294117,20.39622222222222,16.0,14.866666666666667,0.9291666666666668,1.0,0.875,18.924166666666665,1.0,-2.458750000000002,20.39622222222222,19.48125,4.739999999999999,4.4375,3.657777777777778,3.375,20.095555555555556,18.8125,24.835555555555555,23.25,29.28,26.25,91.08222222222224,84.8125,2.2222222222222223,2.875,0.1307552746736368,0.1232638888886748,0.0071029580361376,0.0085933121614032,0.6524389687049045,0.6703786191521818,0.2011049826357515,0.1909111518459945,0.4645749938160458,0.6478873239345367,8.247521691092683,7.777777777633745,0.766335557191144,0.7605633802709779,2.8,3.0,4.433333333325161,4.437499999992296,18.45833333329256,18.812499999958103,22.891666666617716,23.249999999950397,6.295368173854865,5.915492957663162,8.128732070220423,7.314814814679356,0.0321287373357719,0.0281690140841102,0.034703601167639,0.0710530991235277,4.5416033712385175,4.508305647825554,0.0,37.3125,37.3125,36.0,36.0,334.5625,334.5625,28.0625,28.0625,65.375,65.375,0.5707456978967496,0.5707456978967496,3.0,3.0,306.375,306.375,25.114305270362767,4.0,1.3862943611198906,4,16.0,13.98125,0.9375,1.097199444782832,0.9913478587807185
2020,Alvin Kamara,RB,4.9,1.3,NO,00-0033906,15,25.186666666666667,2017,3,vet,True,4,1,19.40125646412411,5.785410202542558,3,2.3333333333333335,19.75105442176871,14.0,14.571428571428571,0.9107142857142856,0.875,0.9375,18.06142857142857,1.0,-5.861904761904761,19.75105442176871,17.751428571428573,6.8520408163265305,6.928571428571429,5.572193877551021,5.785714285714286,11.74625850340136,12.214285714285714,18.59829931972789,19.142857142857142,42.63486394557823,38.07142857142857,55.84965986394558,56.92857142857143,6.8701530612244905,1.8571428571428572,0.1848702031435325,0.1735241502680259,0.0288415450710679,0.0070786822760666,0.3975626217655109,0.4222222222211797,0.2974943862650464,0.2652413029952855,1.0199011150752118,0.2680412371106387,7.717813051051102,6.580246913499009,0.8132947611952748,0.8350515463831437,3.0,3.0,6.2321428571313024,6.0624999999891545,10.642857142832296,10.687499999973612,16.8749999999636,16.749999999962768,6.249163335374724,5.494845360768094,7.398589065164392,6.876543209791647,0.0239182270844124,0.0103092783504091,0.1201935035987525,0.0159479531478963,4.830433471966641,4.660818713423036,0.0,36.3125,36.3125,34.9375,34.9375,229.5625,229.5625,25.3125,25.3125,61.625,61.625,0.5892494929006086,0.5892494929006086,3.0,3.0,276.9375,276.9375,25.10609171800137,67.0,4.204692619390966,3,16.0,23.6125,0.9375,1.0974213218925142,0.9916088496949017
2020,Clyde Edwards-Helaire,RB,6.2,1.7,KC,00-0036360,13,13.538461538461538,2020,0,rookie,True,5,1,18.801468895250412,-5.263007356788874,0,,,,,,,,,,,,,,,,,,,,,,,,,,,,,,,,,,,,,,,,,,,,,,,,,,,,,,,,,,,,,,,,,,,,,,,,,,,,21.39356605065024,32.0,3.4657359027997265,0,16.0,11.0,0.8125,0.9475517608516171,1.0412432357027246
2020,Dalvin Cook,RB,6.2,1.5,MIN,00-0033893,14,24.12857142857143,2017,3,vet,True,6,1,18.801468895250412,5.327102533321018,3,2.3333333333333335,18.218460111317253,14.0,11.714285714285714,0.7321428571428571,0.875,0.6041666666666666,13.741071428571429,1.0,7.067532467532464,18.218460111317253,20.885714285714283,4.415584415584415,4.5,3.595083487940631,3.7857142857142856,16.30148423005566,17.857142857142858,20.717068645640072,22.357142857142858,32.32003710575139,37.07142857142857,74.94341372912801,81.07142857142857,-6.460111317254174,-6.714285714285714,0.1094837799842812,0.1425339366512612,-0.0225622136953558,-0.0284417549167841,0.427663280880244,0.5252100840325101,0.1484321203896727,0.1938916765351429,-1.4488176222583025,-1.4920634920398086,8.943089928672686,9.792452830003915,0.8121760608820219,0.8412698412564878,0.0,0.0,3.2678571428503003,3.937499999991091,11.964285714258986,15.624999999967176,15.232142857109286,19.56249999995827,7.289480077584145,8.238095237964474,10.38690271961197,11.15094339601602,0.0116618075799369,0.0,0.2504322217008738,0.4316591191424594,4.598843440618405,4.53999999998184,0.0,29.125,29.125,27.625,27.625,206.5625,206.5625,29.75,29.75,58.875,58.875,0.494692144373673,0.494692144373673,2.8125,2.8125,233.0625,233.0625,25.062286105407257,41.0,3.713572066704308,3,16.0,21.1125,0.875,1.0985429880736297,0.9930118063677422
2020,Derrick Henry,RB,7.4,1.7,TEN,00-0032764,16,20.81875,2016,4,vet,True,7,1,16.783941579810566,4.034808420189435,4,2.6470588235294117,15.459,15.0,15.333333333333334,0.9583333333333334,0.9375,0.953125,14.741416666666668,1.0,7.0550000000000015,15.459,19.64,1.3664285714285715,1.6,1.0435714285714286,1.2,16.347142857142856,20.2,17.713571428571427,21.8,10.76015873015873,13.733333333333333,80.9388888888889,102.66666666666669,-1.488095238095238,-3.0,0.0479246716218404,0.0560747663550091,-0.0062269372555341,-0.0117986366019895,0.5578092645814586,0.6808988764029643,0.0675281513538867,0.075853103911121,-0.8840958605329265,-1.874999999921875,10.21475265409232,11.444444443808642,0.7662745097659825,0.74999999996875,0.6,0.0,1.3041666666636715,1.4999999999964957,15.608333333298472,18.93749999995745,16.912499999962144,20.437499999953943,7.71999999962444,8.583333332975695,11.188085987374558,13.111111110382716,0.0522875816970331,0.0833333333298611,0.1691356921833881,0.2956250962013563,4.884765499784837,5.082508250808309,0.0,28.0,28.0,26.75,26.75,238.375,238.375,27.8125,27.8125,55.8125,55.8125,0.5016797312430011,0.5016797312430011,3.125,3.125,247.25,247.25,26.65845311430527,45.0,3.80666248977032,4,16.0,20.81875,1.0,1.0187636490028324,0.9451126434616332
2020,Josh Jacobs,RB,9.1,1.7,LV,00-0035700,15,15.42,2019,1,soph,True,8,1,16.783941579810566,-1.3639415798105663,1,1.0,14.738461538461538,13.0,13.0,0.8125,0.8125,0.8125,11.975,1.0,0.0,14.738461538461538,14.738461538461538,2.076923076923077,2.076923076923077,1.5384615384615383,1.5384615384615383,18.615384615384617,18.615384615384617,20.692307692307693,20.692307692307693,12.76923076923077,12.76923076923077,88.46153846153847,88.46153846153847,-2.6153846153846154,-2.6153846153846154,0.054989816700499,0.054989816700499,-0.0103437785214449,-0.0103437785214449,0.5537757437058266,0.5537757437058266,0.075244080085737,0.075244080085737,-1.25925925921262,-1.25925925921262,8.299999999585,8.299999999585,0.7407407407133059,0.7407407407133059,0.0,0.0,1.6874999999965632,1.6874999999965632,15.12499999996539,15.12499999996539,16.812499999961954,16.812499999961954,6.1481481479204385,6.1481481479204385,9.1499999995425,9.1499999995425,0.0,0.0,0.1447243592950066,0.1447243592950066,4.752066115682843,4.752066115682843,0.0,32.6875,32.6875,30.6875,30.6875,205.4375,205.4375,27.3125,27.3125,60.0,60.0,0.5447916666666667,0.5447916666666667,2.1875,2.1875,256.875,256.875,22.55441478439425,24.0,3.1780538303479458,1,16.0,14.45625,0.9375,1.0439156825819704,1.0846872805956513
2020,Austin Ekeler,RB,11.5,2.1,LAC,00-0033699,10,16.53,2017,3,vet,True,9,2,16.783941579810566,-0.2539415798105651,3,2.3333333333333335,15.571428571428571,16.0,15.142857142857142,0.9464285714285714,1.0,0.9166666666666666,15.004464285714286,1.0,7.255357142857141,15.571428571428571,19.3125,5.295918367346938,6.75,4.357142857142857,5.75,7.357142857142857,8.25,12.653061224489797,15.0,46.556122448979586,62.0625,33.85204081632653,34.8125,6.081632653061225,8.5,0.1457954557769845,0.1874999999996744,0.0195065464456287,0.026968074558789,0.2980175870464238,0.3606557377039326,0.232347766177417,0.300127652190664,1.0984754488643655,1.2592592592475995,10.60359929905387,10.793478260752243,0.8072191559945953,0.8518518518439643,3.0,3.0,5.116071428562316,6.749999999988281,7.026785714267089,8.24999999997746,12.142857142829405,14.99999999996574,8.570641338174047,9.194444444359313,10.151085629157624,10.217391304236768,0.0707454470247235,0.0740740740733882,0.3108331135309143,0.384056038810376,4.694790422962852,4.219696969665002,0.0,37.3125,37.3125,36.0,36.0,315.1875,315.1875,22.875,22.875,60.1875,60.1875,0.6199376947040498,0.6199376947040498,2.25,2.25,290.5,290.5,25.295003422313485,260.0,5.560681631015528,3,16.0,10.33125,0.625,1.0918551938986176,0.9856840242348666
2020,Miles Sanders,RB,12.0,2.3,PHI,00-0035243,12,14.2,2019,1,soph,True,10,2,16.783941579810566,-2.583941579810565,1,1.0,13.66875,16.0,16.0,1.0,1.0,1.0,13.66875,1.0,0.0,13.66875,13.66875,3.9375,3.9375,3.125,3.125,11.1875,11.1875,15.125,15.125,31.8125,31.8125,51.125,51.125,8.1875,8.1875,0.1043046357614167,0.1043046357614167,0.0272916666666609,0.0272916666666609,0.3942731277524355,0.3942731277524355,0.1755611203087877,0.1755611203087877,2.0793650793320735,2.0793650793320735,10.1799999997964,10.1799999997964,0.793650793638196,0.793650793638196,3.0,3.0,3.9374999999934808,3.9374999999934808,11.187499999975357,11.187499999975357,15.124999999968836,15.124999999968836,8.079365079236837,8.079365079236837,8.2599999998348,8.2599999998348,0.0476190476182917,0.0476190476182917,0.2928161475756582,0.2928161475756582,4.569832402209108,4.569832402209108,0.0,38.3125,38.3125,37.75,37.75,300.0,300.0,28.375,28.375,66.6875,66.6875,0.5745079662605436,0.5745079662605436,2.6875,2.6875,253.9375,253.9375,23.33744010951403,53.0,3.970291913552122,1,16.0,10.65,0.75,1.0876882431275972,1.0578247327378685
2020,Joe Mixon,RB,13.1,2.5,CIN,00-0033897,6,16.6,2017,3,vet,True,11,2,16.113404977375566,0.4865950226244351,3,2.3333333333333335,14.459183673469388,16.0,15.142857142857142,0.9464285714285714,1.0,0.9166666666666666,13.658035714285717,1.0,-3.2982142857142858,14.459183673469388,14.0875,3.076530612244898,2.8125,2.433673469387755,2.1875,16.581632653061224,17.375,19.65816326530612,20.1875,19.21938775510204,17.9375,70.83163265306122,71.0625,-0.3673469387755102,-0.125,0.0833163365888133,0.0764006791170179,-0.0012701263566679,-0.000413393964448,0.6686849273216792,0.7220779220760466,0.1240854164335524,0.1143116429004133,-0.1504541210380554,-0.0444444444434567,8.019158360793655,8.199999999765716,0.7938714879714899,0.7777777777604938,0.8571428571428571,0.0,2.8928571428519354,2.8124999999952247,15.749999999958208,17.37499999995487,18.64285714281014,20.187499999950095,6.387989134903547,6.37777777763605,9.10718240759132,9.457142856872654,0.0432900432891022,0.0666666666651851,0.1106270425964104,0.1816475289801072,4.2475866067240124,4.089928057539245,0.0,38.5,38.5,36.8125,36.8125,302.375,302.375,24.0625,24.0625,62.5625,62.5625,0.6153846153846154,0.6153846153846154,1.6875,1.6875,249.625,249.625,24.10677618069815,48.0,3.871201010907891,3,16.0,6.2250000000000005,0.375,1.106713503009239,1.0274632237792898
2020,Kenyan Drake,RB,14.8,2.7,ARI,00-0033118,15,12.813333333333333,2016,4,vet,True,12,2,15.48991409805029,-2.6765807647169577,4,2.6470588235294117,13.0025,14.0,14.866666666666667,0.9291666666666668,0.875,0.953125,11.96875,1.0,2.412499999999998,13.0025,15.3,4.251587301587302,4.857142857142857,3.094761904761905,3.5714285714285716,9.731190476190475,12.142857142857142,13.98277777777778,17.0,23.288968253968257,24.642857142857142,46.20269841269841,58.357142857142854,1.370873015873016,-2.9285714285714284,0.0890158736235025,0.0599118942730749,0.0106578181006257,-0.0043593833067512,0.262644951010029,0.2281879194627809,0.1409842831056917,0.0868162730948865,0.3393370042042876,-0.6029411764617214,7.416574073886212,6.8999999998620005,0.734653057553789,0.7352941176362456,1.1900621118012424,0.0,3.924999999992413,4.249999999992461,8.91249999997635,10.62499999997217,12.837499999968763,14.874999999964633,5.41890366181323,5.073529411690095,7.97967225695579,8.479999999830401,0.0210426179601181,0.0,-0.0231381756395537,-0.1058955045116496,4.759256340453933,4.805882352912906,0.0,34.625,34.625,33.0625,33.0625,248.3125,248.3125,24.75,24.75,59.375,59.375,0.5831578947368421,0.5831578947368421,2.375,2.375,237.3125,237.3125,26.598220396988363,73.0,4.290459441148391,4,16.0,12.0125,0.9375,1.0231465613831001,0.9468944889073416
2020,Nick Chubb,RB,16.3,3.1,CLE,00-0034791,12,17.308333333333334,2018,2,vet,True,13,2,15.48991409805029,1.8184192352830433,2,1.8,14.685416666666669,16.0,16.0,1.0,1.0,1.0,14.685416666666669,1.0,3.7937499999999993,14.685416666666669,15.95,2.6458333333333335,3.0625,1.9166666666666667,2.25,16.416666666666668,18.625,19.0625,21.6875,14.6875,17.375,83.0,93.375,-0.2916666666666667,-1.75,0.0805399192272634,0.0947775628624859,-0.0015698732624608,-0.0062992125984237,0.6612309082900333,0.7582697200998517,0.1197109675571726,0.1377568954748322,0.1018062397284019,-0.5714285714169096,7.631481481214311,7.722222222007717,0.7196809758206885,0.7346938775360267,1.0,0.0,2.6458333333282993,3.0624999999940763,16.41666666662534,18.624999999952607,19.06249999995364,21.687499999946684,5.4949566031947406,5.673469387639317,8.905555555241143,8.833333333087964,0.0229885057463337,0.0,-0.0128942509610627,-0.0542871155413733,5.071448545841076,5.013422818775123,0.0,33.6875,33.6875,32.3125,32.3125,277.8125,277.8125,24.5625,24.5625,58.25,58.25,0.5783261802575107,0.5783261802575107,2.3125,2.3125,240.4375,240.4375,24.681724845995895,35.0,3.5553480614894135,2,16.0,12.98125,0.75,1.1056370214171958,1.0057832067725954
2020,Aaron Jones Sr.,RB,17.5,2.9,GB,00-0033293,14,18.492857142857144,2017,3,vet,True,14,2,15.48991409805029,3.0029430448068535,3,2.3333333333333335,16.466666666666665,16.0,14.0,0.875,1.0,0.7916666666666666,15.017857142857142,1.0,5.3916666666666675,16.466666666666665,19.675,3.519047619047619,4.25,2.4976190476190476,3.0625,12.752380952380951,14.75,16.271428571428572,19.0,22.14761904761905,29.625,62.44761904761905,67.75,6.785714285714286,11.625,0.0925938759128055,0.1254612546123146,0.0223431274675194,0.0385892116182492,0.4722114773348757,0.5742092457406953,0.1545310030964719,0.2152043300512464,1.5968120581337155,2.7352941176068337,8.140639405706851,9.673469387557684,0.6954381752540203,0.7205882352835207,2.3133640552995396,2.5483870967741935,3.214285714279927,4.249999999992158,11.5267857142562,14.74999999996411,14.741071428536127,18.99999999995627,5.839429104859,6.970588235191609,8.000971817048027,8.918367346756769,0.0333733493391319,0.0441176470581747,0.0314801841416151,0.105642228282866,4.978730567755322,4.593220338963588,0.0,35.8125,35.8125,33.875,33.875,301.25,301.25,25.6875,25.6875,61.5,61.5,0.5823170731707317,0.5823170731707317,2.75,2.75,251.0625,251.0625,25.749486652977417,182.0,5.204006687076795,3,16.0,16.181250000000002,0.875,1.073794926384516,0.9719897574915655
2020,James Conner,RB,22.4,3.4,PIT,00-0033553,13,12.66153846153846,2017,3,vet,True,15,2,14.434106455309395,-1.7725679937709344,3,2.3333333333333335,14.63956043956044,10.0,11.142857142857142,0.6964285714285714,0.625,0.7291666666666666,10.325,1.0,-6.988461538461539,14.63956043956044,14.55,3.7437728937728942,3.8,3.1516483516483516,3.4,11.734798534798534,11.6,15.478571428571428,15.4,25.26593406593407,25.1,49.61318681318681,46.4,-3.5289377289377293,-5.4,0.0750243764516778,0.0783505154637559,-0.0090282917368992,-0.0138888888888853,0.3563267000733817,0.2936708860752059,0.1062167604616873,0.1078035509734142,-1.455893253668599,-1.4210526315415517,6.80030557660515,7.382352940959343,0.7326061632789909,0.8947368420817176,0.0,0.0,2.6339285714238825,2.374999999995103,8.267857142834872,7.249999999981646,10.901785714258754,9.62499999997675,5.774436090098068,6.605263157720914,7.855156607898721,8.764705882095157,0.0491369268228586,0.078947368418975,0.2713068566622468,0.4842120466232905,4.221594684339574,3.999999999965517,0.0,31.875,31.875,30.3125,30.3125,243.0,243.0,24.6875,24.6875,56.5625,56.5625,0.56353591160221,0.56353591160221,1.5625,1.5625,200.875,200.875,25.32785763175907,105.0,4.653960350157523,3,16.0,10.287499999999998,0.8125,1.0907630082934714,0.9846723018823512
2020,Chris Carson,RB,26.4,4.0,SEA,00-0033594,12,15.65,2017,3,vet,True,16,3,14.434106455309395,1.215893544690605,3,2.3333333333333335,14.389013605442177,15.0,13.142857142857142,0.8214285714285714,0.9375,0.6875,12.258035714285716,1.0,1.1209523809523798,14.389013605442177,15.506666666666666,2.565986394557823,3.1333333333333333,2.0676870748299323,2.466666666666667,17.381292517006806,18.533333333333335,19.947278911564627,21.666666666666668,15.567006802721089,17.733333333333334,77.77551020408164,82.0,-1.2418367346938777,-3.2,0.0736822752990884,0.0951417004046657,-0.0055776870367709,-0.0104370515329396,0.479535477968611,0.5779625779613764,0.1066190320228929,0.1354066145339408,-0.2919199594981846,-1.0212765957229517,7.640761168933129,7.189189188994887,0.8129432623762307,0.7872340425364419,0.4285714285714285,0.0,2.1785714285668236,2.937499999994054,14.776785714255746,17.37499999996388,16.955357142822567,20.312499999957932,6.22809017195775,5.65957446796469,8.16309983414555,8.567567567336013,0.0421732522768857,0.0425531914884563,0.1789506668652661,0.1016265290007267,4.466082534613503,4.424460431638761,0.0,32.3125,32.3125,30.875,30.875,287.4375,287.4375,30.0625,30.0625,62.375,62.375,0.5180360721442886,0.5180360721442886,2.875,2.875,256.875,256.875,25.960301163586585,249.0,5.517452896464707,3,16.0,11.7375,0.75,1.0632236543695313,0.9657606225148879
2020,David Johnson,RB,28.5,3.9,HOU,00-0032187,12,14.958333333333334,2015,5,vet,True,17,3,13.416324058711414,1.54200927462192,5,2.8181818181818183,13.824327956989247,12.0,12.0,0.75,0.75,0.7625,10.730241935483871,1.0,-3.6208333333333336,13.824327956989247,11.791666666666666,5.007392473118279,3.9166666666666665,3.524193548387097,3.0,11.057123655913978,7.833333333333333,16.06451612903226,11.75,36.218413978494624,30.833333333333332,39.13508064516129,28.75,15.863575268817206,15.083333333333334,0.1047989684413332,0.0888468809072044,0.0354600985858308,0.0455575132141843,0.369834326414793,0.2373737373731379,0.1820205216720813,0.1651605806107357,3.125666975616854,3.851063829705297,10.165824372306089,10.277777777492284,0.7145179351739659,0.7659574467922138,2.2455377883145853,2.044198895027624,3.4133064516063536,2.937499999994447,8.715725806428498,5.874999999985164,12.12903225803485,8.812499999979611,7.269359253552293,7.872340425364419,7.060483870657822,6.277777777603395,0.058526893760388,0.0851063829769126,-0.0126636753512962,0.0173610296714398,3.527085978163094,3.670212765918402,1.0,33.375,34.625,32.375,33.0625,279.3125,248.3125,27.125,24.75,60.5,59.375,0.5516528925619835,0.5831578947368421,2.75,2.375,255.1875,237.3125,28.711841204654345,86.0,4.454347296253507,5,16.0,11.21875,0.75,0.8436970040263583,0.9057898784005094
2020,Todd Gurley,RB,29.1,5.0,ATL,00-0032241,15,10.88,2015,5,vet,True,18,3,13.416324058711414,-2.536324058711415,5,2.8181818181818183,19.021752924494866,15.0,14.741935483870968,0.9213709677419356,0.9375,0.9125,17.38951612903226,1.0,-11.951904761904762,19.021752924494866,14.626666666666669,4.225883256528419,3.2666666666666666,2.9302581826775373,2.066666666666667,16.48121824412147,14.866666666666667,20.707101500649888,18.133333333333333,26.377369136240105,13.8,70.08685158927094,57.13333333333333,3.025505140021269,2.3333333333333335,0.110542354792782,0.0800653594769933,0.0099485493980311,0.0072901478858555,0.5752982332089083,0.5561097256843988,0.1727775167677949,0.1252011427355889,0.6942443019453377,0.7142857142711371,8.351434217602032,6.677419354623309,0.6833093270020701,0.6326530612115786,2.903225806451613,3.0,3.8749999999930913,3.062499999994996,15.155241935447917,13.937499999965244,19.03024193544101,16.999999999960238,5.793945280845428,4.224489795832153,8.205551767291787,6.322580644957336,0.0427091942525483,0.0408163265297792,0.0048918284362066,-0.0865102773764076,4.209316692078961,3.843049327337027,1.0,42.75,39.5,40.9375,38.25,337.5,300.0625,22.625,25.0625,65.375,64.5625,0.6539196940726577,0.611810261374637,2.4375,2.625,315.5625,291.8125,26.080766598220396,10.0,2.302585092994046,5,16.0,10.2,0.9375,1.0565754398433205,0.962207876044787
2020,Jonathan Taylor,RB,32.6,4.6,IND,00-0036223,15,16.853333333333335,2020,0,rookie,True,19,3,13.416324058711414,3.4370092746219214,0,,,,,,,,,,,,,,,,,,,,,,,,,,,,,,,,,,,,,,,,,,,,,,,,,,,,,,,,,,,,,,,,,,,,,,,,,,,,21.61806981519507,41.0,3.713572066704308,0,16.0,15.800000000000002,0.9375,0.9681897187335251,1.0639218216450281
2020,LeVeon Bell,RB,34.5,5.0,KC,00-0030496,11,6.781818181818181,2013,7,vet,True,20,3,13.416324058711414,-6.634505876893233,6,2.03403200360604,17.182706477732797,15.0,14.36842105263158,0.8980263157894737,0.9375,0.8020833333333334,15.260723684210523,1.0,-8.559999999999997,17.182706477732797,14.333333333333334,5.738265856950068,5.2,4.770209176788124,4.4,17.811430499325233,16.333333333333332,23.54969635627531,21.533333333333335,34.872726045883944,30.733333333333334,65.21837381916329,52.6,2.433387314439946,2.8666666666666667,0.1577779255518491,0.1585365853655314,0.0086944234805521,0.0106673282063977,0.6416140931883839,0.6396866840714369,0.2427529847641601,0.2452720077927755,0.4494314247964977,0.5512820512749835,7.244183720864678,6.9848484847426535,0.8352812233199056,0.8461538461429979,2.7362637362637363,3.0,5.155263157884876,4.874999999990092,15.907894736802008,15.31249999996002,21.06315789468688,20.187499999950113,6.032182391736893,5.910256410180637,7.136448953601019,6.666666666565656,0.0141782512016652,0.0128205128203484,0.0168550874218261,-0.0439663370555182,3.59908574187074,3.220408163252162,1.0,36.0,32.5625,34.875,30.75,296.75,251.9375,23.4375,23.9375,59.4375,56.5,0.6056782334384858,0.5763274336283186,2.875,1.5625,293.125,215.1875,28.536618754277892,48.0,3.871201010907891,7,16.0,4.6625,0.6875,0.8586136930077263,0.906750700683448
2020,Leonard Fournette,RB,35.4,4.9,TB,00-0033856,12,11.0,2017,3,vet,True,21,3,13.416324058711414,-2.416324058711414,3,2.3333333333333335,16.711575091575092,15.0,12.714285714285714,0.7946428571428571,0.9375,0.75,13.469642857142857,1.0,2.2433333333333323,16.711575091575092,17.293333333333333,5.265567765567766,6.666666666666667,4.076556776556776,5.066666666666666,17.79029304029304,17.666666666666668,23.055860805860807,24.333333333333332,29.811538461538458,34.8,70.99285714285715,76.8,0.182051282051282,0.8666666666666667,0.1289370774025541,0.1776198934277484,0.0012561904675078,0.0030516431924875,0.5532711012845893,0.6812339331602025,0.1942849494310867,0.2685659903763639,-0.0289652014610812,0.1299999999987,7.525822130891148,6.868421052541205,0.7831868131709397,0.7599999999924,2.142857142857143,3.0,4.464285714277656,6.249999999988899,14.232142857108276,16.562499999957424,18.69642857138593,22.81249999994632,5.914633699506955,5.2199999999478,8.164103440204888,7.342105263061288,0.0139652014647168,0.0,-0.0077769950064398,-0.1907726520842846,3.981540002782451,4.347169811304351,1.0,39.375,36.8125,37.9375,35.1875,399.75,266.25,25.5625,24.3125,64.9375,61.125,0.6063522617901829,0.6022494887525562,3.0,1.6875,320.4375,251.4375,25.620807665982205,4.0,1.3862943611198906,3,16.0,8.25,0.75,1.0795601651942397,0.9758144426914764
2020,Melvin Gordon III,RB,39.4,4.9,DEN,00-0032144,15,13.226666666666668,2015,5,vet,True,22,4,13.006055194805196,0.2206114718614706,5,2.8181818181818183,17.51767399267399,12.0,12.64516129032258,0.7903225806451613,0.75,0.8375,13.828024193548384,1.0,-7.8916666666666675,17.51767399267399,15.066666666666665,4.822432943400686,4.583333333333333,3.6289731773602742,3.5,14.706014415691834,13.5,19.528447359092517,18.083333333333332,29.62932766158573,24.666666666666668,60.69097837646225,51.0,-2.7209322935129387,-4.083333333333333,0.1099656775885112,0.0954861111109453,-0.006972755540848,-0.0097164386277989,0.4853719877562208,0.4426229508184628,0.1600675875041732,0.1364276596269587,-0.589872069035805,-0.8909090908928926,8.072474102313981,7.0476190474512475,0.7549824833678197,0.7636363636224794,0.1935483870967742,0.0,3.8124999999931273,3.437499999994032,11.7338709677116,10.124999999972337,15.546370967704728,13.562499999966368,6.075281706812546,5.381818181720331,8.714516179343068,7.642857142675171,0.0335065838282331,0.0181818181814876,0.0616022287276096,-0.0386591041247738,4.122550223726768,3.7777777777544586,1.0,31.5,37.3125,30.0625,36.0,210.3125,315.1875,25.5625,22.875,57.0625,60.1875,0.552026286966046,0.6199376947040498,1.6875,2.25,212.5625,290.5,27.38672142368241,15.0,2.70805020110221,5,16.0,12.400000000000002,0.9375,0.9599584194576491,0.9250397470616197
2020,Mark Ingram II,RB,42.5,5.1,BAL,00-0027966,10,5.29,2011,9,vet,True,23,4,12.035856922066072,-6.745856922066072,9,2.9883040935672516,15.045915534237452,15.0,14.273972602739724,0.8921232876712328,0.9375,0.8402777777777778,13.599388454011743,1.0,4.291666666666668,15.045915534237452,16.166666666666668,2.527665713282152,1.9333333333333331,2.114758529142091,1.7333333333333334,13.053112640783874,13.466666666666669,15.580778354066023,15.4,17.598792645710454,16.466666666666665,64.02983249627084,67.86666666666666,0.9246086105675148,2.8666666666666667,0.073714078027846,0.068396226414933,0.0031695119408674,0.0116468039003218,0.3654181903546707,0.3389261744960756,0.1127897754003762,0.1107471023526248,0.6606506554383922,1.4827586206385257,8.554684207369576,9.499999999634616,0.8436461518127816,0.8965517241070154,2.4422700587084147,3.0,2.2755626223045904,1.8124999999957252,11.725538160446828,12.62499999997882,14.00110078275142,14.437499999974545,7.263431684718477,8.517241379016648,8.087989813641611,8.461538461213017,0.0999717579749745,0.1724137930975029,0.3305651675110459,0.7514454435931188,4.899607426776879,5.039603960371092,0.0,27.5,27.5,26.5,26.5,230.75,230.75,37.25,37.25,64.75,64.75,0.4247104247104247,0.4247104247104247,3.625,3.625,209.375,209.375,30.69678302532512,28.0,3.332204510175204,9,16.0,3.30625,0.625,0.6917651088181136,0.9047638794478611
2020,Devin Singletary,RB,46.4,6.4,BUF,00-0035250,16,8.975,2019,1,soph,True,24,4,12.035856922066072,-3.0608569220660726,1,1.0,12.325,12.0,12.0,0.75,0.75,0.75,9.24375,1.0,0.0,12.325,12.325,3.4166666666666665,3.4166666666666665,2.4166666666666665,2.4166666666666665,12.583333333333334,12.583333333333334,16.0,16.0,16.166666666666668,16.166666666666668,64.58333333333333,64.58333333333333,5.083333333333333,5.083333333333333,0.0845360824740525,0.0845360824740525,0.0134776844896125,0.0134776844896125,0.3247311827950006,0.3247311827950006,0.1362385028538075,0.1362385028538075,1.4878048780124926,1.4878048780124926,6.689655172183115,6.689655172183115,0.7073170731534801,0.7073170731534801,3.0,3.0,2.5624999999947167,2.5624999999947167,9.437499999979703,9.437499999979703,11.99999999997442,11.99999999997442,4.731707316957763,4.731707316957763,6.655172413563615,6.655172413563615,0.0487804878036882,0.0487804878036882,-0.1316394002655875,-0.1316394002655875,5.132450331091839,5.132450331091839,0.0,32.0625,32.0625,30.3125,30.3125,282.875,282.875,29.0625,29.0625,61.125,61.125,0.5245398773006135,0.5245398773006135,2.125,2.125,217.25,217.25,22.99520876112252,74.0,4.30406509320417,1,16.0,8.975,1.0,1.0712825837617197,1.070182385418503
2020,Raheem Mostert,RB,49.4,6.1,SF,00-0031687,8,12.4625,2015,5,vet,True,25,4,11.36028003858886,1.102219961411139,5,2.8181818181818183,6.691756272401433,16.0,11.838709677419354,0.7399193548387096,1.0,0.5375,6.026612903225806,1.0,5.624999999999999,6.691756272401433,10.45,0.935483870967742,1.375,0.6451612903225806,0.875,5.666666666666666,8.5625,6.602150537634408,9.9375,6.612903225806452,11.25,34.13978494623656,48.25,1.3225806451612905,2.8125,0.0278221028198811,0.0471092077086785,0.0073655311924261,0.0148026315789425,0.1647684765180409,0.2751004016058733,0.04688902606452,0.0810256536682776,0.9082530372583748,2.0454545453615705,7.711213517011923,12.85714285622449,0.549643904436085,0.6363636363347107,2.0,3.0,0.8225806451595514,1.3749999999970557,5.0201612903122825,8.562499999982807,5.842741935471834,9.937499999979863,5.144532886144757,8.181818181446282,7.6067588318417085,11.071428570637757,0.0469208211122367,0.0909090909049586,0.1158477371305774,0.3143767027090029,5.921688665473889,5.635036496309234,0.0,29.875,29.875,29.1875,29.1875,190.0,190.0,31.125,31.125,61.0,61.0,0.4897540983606557,0.4897540983606557,3.1875,3.1875,251.8125,251.8125,28.396988364134156,260.0,5.560681631015528,5,16.0,6.23125,0.5,0.8706902753851097,0.9078451734098735
2020,Cam Akers,RB,52.8,5.7,LA,00-0036414,11,9.254545454545454,2020,0,rookie,True,26,4,11.36028003858886,-2.1057345840434074,0,,,,,,,,,,,,,,,,,,,,,,,,,,,,,,,,,,,,,,,,,,,,,,,,,,,,,,,,,,,,,,,,,,,,,,,,,,,,21.196440793976727,52.0,3.951243718581427,0,16.0,6.3625,0.6875,0.9289261170100783,1.020775936224351
2020,Kareem Hunt,RB,53.1,6.0,CLE,00-0033923,16,13.65625,2017,3,vet,True,27,4,11.36028003858886,2.295969961411138,3,2.3333333333333335,15.857792207792206,8.0,10.0,0.625,0.5,0.7291666666666666,10.367857142857142,1.0,-8.252272727272725,15.857792207792206,12.675,4.6144480519480515,5.5,3.791396103896104,4.625,10.2012987012987,5.375,14.815746753246756,10.875,34.23782467532468,35.625,46.03652597402597,22.375,5.185876623376623,4.375,0.0834081698441822,0.0851063829785587,0.0118265518646711,0.0078740157480297,0.2920949268773088,0.1094147582694416,0.1333908410715432,0.133171385491459,1.243207586034831,0.795454545436467,9.781805649428316,7.702702702494523,0.8129457843554633,0.8409090908899794,3.0,3.0,2.758928571423358,2.7499999999946807,7.196428571410315,2.6874999999931615,9.955357142833677,5.437499999987843,7.81875901857036,6.477272727125517,9.084650688145311,7.459459459257853,0.0769325912162697,0.0227272727267562,0.4831054978318332,0.311782883728425,4.376401662360149,4.16279069757761,0.0,33.6875,33.6875,32.3125,32.3125,277.8125,277.8125,24.5625,24.5625,58.25,58.25,0.5783261802575107,0.5783261802575107,2.3125,2.3125,240.4375,240.4375,25.073237508555785,86.0,4.454347296253507,3,16.0,13.65625,1.0,1.0982650621717007,0.9926605422985312
2020,Ronald Jones,RB,56.5,5.5,TB,00-0034816,14,13.30714285714286,2018,2,vet,True,28,4,11.36028003858886,1.9468628185539971,2,1.8,7.914880952380952,16.0,13.0,0.8125,1.0,0.71875,7.360416666666667,1.0,7.436607142857143,7.914880952380952,10.39375,2.0952380952380953,2.5,1.625,1.9375,8.261904761904761,10.75,10.357142857142856,13.25,14.446428571428571,19.3125,32.261904761904766,45.25,0.5833333333333334,1.875,0.0487784322022194,0.065897858319496,0.0024160057378941,0.004690431519699,0.3000672528763671,0.4205378973094852,0.0748588523198551,0.1021300895430334,-0.0185185184734052,0.7499999999812501,8.216589861312302,9.967741935162332,0.7759259258842027,0.7749999999806251,2.0,3.0,1.8541666666636176,2.499999999995881,7.64583333331458,10.749999999973715,9.499999999978195,13.249999999969598,6.372222221957671,7.724999999806876,8.322580644671623,9.483870967436005,0.0,0.0,-0.0575118436777576,0.0526400837715314,3.4438827097638463,4.209302325556923,0.0,39.375,39.375,37.9375,37.9375,399.75,399.75,25.5625,25.5625,64.9375,64.9375,0.6063522617901829,0.6063522617901829,3.0,3.0,320.4375,320.4375,23.080082135523615,38.0,3.6375861597263857,2,16.0,11.643750000000002,0.875,1.0757689340022705,1.0672029519315498
2020,David Montgomery,RB,59.7,6.4,CHI,00-0035685,15,17.653333333333332,2019,1,soph,True,29,5,11.36028003858886,6.293053294744471,1,1.0,10.65,16.0,16.0,1.0,1.0,1.0,10.65,1.0,0.0,10.65,10.65,2.1875,2.1875,1.5625,1.5625,15.125,15.125,17.3125,17.3125,11.5625,11.5625,55.5625,55.5625,5.875,5.875,0.0618374558302794,0.0618374558302794,0.021495540818655,0.021495540818655,0.6126582278465502,0.6126582278465502,0.1078030623184777,0.1078030623184777,2.6857142856375513,2.6857142856375513,7.399999999704,7.399999999704,0.7142857142653062,0.7142857142653062,1.9680851063829787,1.9680851063829787,2.187499999996135,2.187499999996135,15.124999999961709,15.124999999961709,17.312499999957843,17.312499999957843,5.285714285563266,5.285714285563266,6.2399999997504,6.2399999997504,0.0285714285706122,0.0285714285706122,-0.0600731465394837,-0.0600731465394837,3.6735537189930847,3.6735537189930847,0.0,36.25,36.25,35.375,35.375,273.3125,273.3125,24.6875,24.6875,60.9375,60.9375,0.5948717948717949,0.5948717948717949,1.75,1.75,223.3125,223.3125,23.236139630390145,73.0,4.290459441148391,1,16.0,16.55,0.9375,1.0833133593937432,1.0615794066495923
2020,D'Andre Swift,RB,61.4,5.5,DET,00-0036275,13,14.6,2020,0,rookie,True,30,5,11.36028003858886,3.23971996141114,0,,,,,,,,,,,,,,,,,,,,,,,,,,,,,,,,,,,,,,,,,,,,,,,,,,,,,,,,,,,,,,,,,,,,,,,,,,,,21.631759069130737,35.0,3.5553480614894135,0,16.0,11.8625,0.8125,0.9694248923225603,1.0652791260136525
2020,J.K. Dobbins,RB,67.0,5.2,BAL,00-0036158,15,11.233333333333333,2020,0,rookie,True,31,5,10.925918745824406,0.3074145875089265,0,,,,,,,,,,,,,,,,,,,,,,,,,,,,,,,,,,,,,,,,,,,,,,,,,,,,,,,,,,,,,,,,,,,,,,,,,,,,21.70841889117043,55.0,4.007333185232471,0,16.0,10.53125,0.9375,0.9762883780975552,1.072821255564583
2020,James White,RB,72.7,6.8,NE,00-0031062,13,8.86923076923077,2014,6,vet,True,32,5,10.925918745824406,-2.0566879765936363,6,2.9076923076923076,13.477615268329554,15.0,14.904761904761903,0.9315476190476192,0.9375,0.7916666666666666,12.768948412698412,1.0,-3.807500000000003,13.477615268329554,13.48,6.332955404383976,6.333333333333333,4.697354497354498,4.8,4.411451247165533,4.466666666666667,10.74440665154951,10.8,41.045918367346935,43.0,18.210808767951622,17.533333333333335,14.238057445200305,14.933333333333334,0.1669234662647242,0.1618398637135232,0.0477687096011184,0.0493174812857663,0.1455524308436822,0.1498881431763984,0.2838232961178693,0.2772820324703213,2.185986994311731,2.3578947368172853,8.696835822313362,8.95833333320891,0.7470493036048853,0.7578947368341274,2.7629067130728258,2.8794642857142856,5.993055555545123,5.9374999999898845,4.1676587301496335,4.1874999999906315,10.160714285694755,10.124999999980515,6.476729740137452,6.7894736841390575,7.344589968690838,7.361111111008873,0.052520940523619,0.0526315789468144,0.2263234960615154,0.2757059877989641,4.065160184968976,3.9253731342697704,0.0,38.75,38.75,36.6875,36.6875,283.875,283.875,27.9375,27.9375,66.6875,66.6875,0.5810684161199625,0.5810684161199625,2.625,2.625,259.5625,259.5625,28.57768651608487,130.0,4.867534450455582,6,16.0,7.206250000000001,0.8125,0.8550943483541567,0.9064874999771975
2020,Marlon Mack,RB,74.6,8.3,IND,00-0033951,1,8.6,2017,3,vet,False,33,5,10.925918745824406,-2.3259187458244064,3,2.3333333333333335,12.694557823129252,14.0,13.428571428571429,0.8392857142857143,0.875,0.8333333333333334,10.577678571428573,1.0,-1.8916666666666655,12.694557823129252,12.95,1.6496598639455782,1.2142857142857142,1.1904761904761905,1.0,15.673469387755103,17.642857142857142,17.32312925170068,18.857142857142858,8.095238095238097,5.857142857142857,69.80272108843538,77.92857142857143,-1.4183673469387756,-0.3571428571428571,0.0416112062823717,0.0348360655736991,-0.0046886728904433,-0.0012732365673538,0.4656793317398514,0.5244161358799906,0.0591347384002472,0.0513628327634009,-0.7045307633259983,-0.2941176470415225,6.608643456969171,5.85714285672449,0.7483105129787736,0.8235294117162629,0.0,0.0,1.366071428568828,1.0624999999978229,13.133928571399466,15.437499999967224,14.499999999968294,16.499999999965045,4.862196626667325,4.823529411480969,7.240896358097893,5.714285713877551,0.0153180153174614,0.0,-0.0871009844187499,0.000961402242755,4.4043284389404596,4.417004048565113,0.0,32.0625,32.0625,30.5,30.5,245.4375,245.4375,29.4375,29.4375,61.5,61.5,0.5213414634146342,0.5213414634146342,2.4375,2.4375,207.125,207.125,24.487337440109513,143.0,4.962844630259907,3,16.0,0.5375,0.0625,1.1073535473199645,1.0127912653777984
2020,Antonio Gibson,RB,79.0,6.5,WAS,00-0036328,14,14.44285714285714,2020,0,rookie,True,34,6,10.925918745824406,3.5169383970327353,0,,,,,,,,,,,,,,,,,,,,,,,,,,,,,,,,,,,,,,,,,,,,,,,,,,,,,,,,,,,,,,,,,,,,,,,,,,,,22.193018480492817,66.0,4.189654742026425,0,16.0,12.637499999999998,0.875,1.0170949655065473,1.095300814809386
2020,Jordan Howard,RB,80.0,7.2,PHI,00-0032780,7,4.385714285714285,2016,4,vet,True,35,6,9.51747964997965,-5.131765364265365,4,2.6470588235294117,12.288314814814816,9.0,12.2,0.7625,0.5625,0.875,9.33625,1.0,1.1277777777777782,12.288314814814816,12.377777777777778,1.7685185185185186,1.5555555555555556,1.2464814814814815,1.1111111111111112,14.638518518518518,13.22222222222222,16.407037037037036,14.77777777777778,8.871666666666668,7.666666666666667,61.88,58.333333333333336,0.4414814814814815,0.1111111111111111,0.0418251603681274,0.0231788079469814,0.0010992024983743,0.0002083333333332,0.4136588802048224,0.2621145374443566,0.0635071823010531,0.0349140452538055,0.211835978827468,0.0714285714234693,7.023028485237327,6.89999999931,0.7129832451116169,0.7142857142346939,2.6,3.0,1.3916666666640525,0.8749999999985514,11.48333333330748,7.437499999983618,12.874999999971532,8.312499999982169,4.978836860405176,4.928571428219388,6.9363518235732045,6.89999999931,0.0394285714258236,0.0714285714234693,-0.0143837478224716,0.062024430205241,4.239657992638561,4.411764705845279,0.0,38.3125,38.3125,37.75,37.75,300.0,300.0,28.375,28.375,66.6875,66.6875,0.5745079662605436,0.5745079662605436,2.6875,2.6875,253.9375,253.9375,25.831622176591377,150.0,5.0106352940962555,4,16.0,1.9187499999999995,0.4375,1.0698322063604409,0.9695600787321271
2020,Zack Moss,RB,83.7,7.4,BUF,00-0036251,13,7.815384615384615,2020,0,rookie,True,36,6,9.4762971493062,-1.6609125339215849,0,,,,,,,,,,,,,,,,,,,,,,,,,,,,,,,,,,,,,,,,,,,,,,,,,,,,,,,,,,,,,,,,,,,,,,,,,,,,22.713210130047912,86.0,4.454347296253507,0,16.0,6.35,0.8125,1.054506622117226,1.0796485239320075
2020,Phillip Lindsay,RB,83.8,7.6,DEN,00-0034109,11,6.0,2018,2,vet,True,37,6,9.4762971493062,-3.4762971493062,2,1.8,13.18861111111111,16.0,15.666666666666666,0.9791666666666666,1.0,0.96875,12.879166666666668,1.0,-2.497083333333334,13.18861111111111,12.35625,3.0444444444444443,3.0,2.236111111111111,2.1875,13.6,14.0,16.644444444444446,17.0,13.52222222222222,12.25,65.16944444444444,63.1875,-3.913888888888889,-4.4375,0.0943058443056567,0.0997920997918923,-0.0174090311813837,-0.0210995542347634,0.5279680471813578,0.5476772616123529,0.1292724446315164,0.1349184617235041,-1.2910756500911706,-1.4791666666358507,6.028571428399185,5.5999999998400005,0.7343380614503124,0.7291666666514758,0.0,0.0,2.979166666660773,2.999999999993763,13.333333333300336,13.99999999996577,16.31249999996111,16.999999999959535,4.431442080285172,4.083333333248264,7.466666666453334,6.942857142658776,0.0070921985814093,0.0,-0.0379984181904573,-0.0575972867694394,4.809275793627985,4.513392857122708,0.0,31.5,31.5,30.0625,30.0625,210.3125,210.3125,25.5625,25.5625,57.0625,57.0625,0.552026286966046,0.552026286966046,1.6875,1.6875,212.5625,212.5625,26.10814510609172,260.0,5.560681631015528,2,16.0,4.125,0.6875,1.0550078562546081,0.9614002966653795
2020,Tarik Cohen,RB,84.6,6.8,CHI,00-0033556,3,5.833333333333333,2017,3,vet,False,38,6,9.4762971493062,-3.642963815972867,3,2.3333333333333335,11.389464285714284,16.0,16.0,1.0,1.0,1.0,11.389464285714284,1.0,-4.3774999999999995,11.389464285714284,10.24375,5.973214285714286,6.5,4.5625,4.9375,4.830357142857143,4.0,10.803571428571429,10.5,32.38392857142857,28.5,18.839285714285715,13.3125,13.776785714285714,11.375,0.1782575492819501,0.1837455830385446,0.0513199478362511,0.0416190258403746,0.1824770466196332,0.162025316455286,0.3033102874083009,0.3047516926460792,2.348862405175017,1.749999999983173,7.167360023427045,5.772151898661112,0.7636257102976653,0.7596153846080806,2.3825257854452673,2.5054945054945055,5.973214285703144,6.499999999988516,4.830357142845737,3.9999999999898734,10.803571428548882,10.499999999978389,5.492051208289886,4.384615384573225,6.0123410632531105,5.430379746766704,0.0341941760449233,0.0288461538458764,-0.0700864909369338,-0.1483649766105722,3.790724361795409,3.328124999947998,0.0,36.25,36.25,35.375,35.375,273.3125,273.3125,24.6875,24.6875,60.9375,60.9375,0.5948717948717949,0.5948717948717949,1.75,1.75,223.3125,223.3125,25.10335386721424,119.0,4.77912349311153,3,16.0,1.09375,0.1875,1.097495280929075,0.9916958537462653
2020,Matt Breida,RB,90.5,7.5,MIA,00-0033308,10,4.2,2017,3,vet,True,39,6,9.4762971493062,-5.2762971493062,3,2.3333333333333335,9.159481292517006,12.0,13.142857142857142,0.8214285714285714,0.75,0.875,7.515178571428571,1.0,-2.998809523809525,9.159481292517006,8.608333333333333,2.001700680272109,1.8333333333333333,1.64328231292517,1.5833333333333333,9.917091836734697,10.25,11.918792517006803,12.083333333333334,12.647959183673468,10.0,50.430697278911566,51.916666666666664,1.229591836734694,-1.0,0.0527036210419787,0.0471092077086785,0.004300053691137,-0.0039473684210513,0.2812441433886015,0.2469879518067329,0.082065469146764,0.0679006536682819,0.4988595633644957,-0.545454545429752,7.595417113863556,6.315789473351801,0.8256877530743336,0.8636363635971074,1.2857142857142858,0.0,1.6607142857109918,1.3749999999970557,8.062499999982423,7.6874999999845635,9.723214285693414,9.062499999981618,6.236698784846766,5.454545454297521,7.394756732757636,6.684210525963989,0.0483754596638967,0.0454545454524793,0.0932615086212674,-0.0607031592399473,5.047036700819715,5.065040650365325,1.0,38.4375,29.875,37.875,29.1875,339.5,190.0,21.8125,31.125,60.25,61.0,0.6379668049792531,0.4897540983606557,2.0,3.1875,257.3125,251.8125,25.508555783709788,260.0,5.560681631015528,3,16.0,2.625,0.625,1.084178107990195,0.9791772308912782
2020,Latavius Murray,RB,94.9,7.2,NO,00-0030513,15,9.08,2013,7,vet,True,40,7,9.4762971493062,-0.3962971493061999,6,2.9076923076923076,9.789333682190824,16.0,15.825396825396826,0.9890873015873016,1.0,0.9479166666666666,9.651686507936509,1.0,1.581249999999999,9.789333682190824,9.825,2.2409515088086516,2.6875,1.799385138670853,2.125,10.083682190825048,9.125,12.3246336996337,11.8125,12.348072562358276,14.6875,42.28584510727368,39.8125,-1.2328187685330545,-3.125,0.0623940860728108,0.0769230769229393,-0.0056836423204031,-0.0136128505308974,0.3926636567050583,0.3604938271596037,0.0896125794849341,0.1058556200127807,-0.4346637887679308,-1.162790697647377,6.831493592493145,6.911764705679066,0.8135821958027843,0.7906976744002164,1.0,0.0,2.211309523805624,2.6874999999951923,9.954365079340535,9.124999999977469,12.165674603146162,11.812499999972662,5.550060122918396,5.465116278942672,7.487862846258221,8.352941176224915,0.0118124769284812,0.0232558139529475,-0.0552438496390392,-0.009273072752546,4.225533940669024,4.363013698600254,0.0,36.3125,36.3125,34.9375,34.9375,229.5625,229.5625,25.3125,25.3125,61.625,61.625,0.5892494929006086,0.5892494929006086,3.0,3.0,276.9375,276.9375,30.62012320328542,181.0,5.198497031265826,7,16.0,8.5125,0.9375,0.6971032903015429,0.9047832960075777
2020,Tevin Coleman,RB,96.4,7.2,SF,00-0032058,6,2.1166666666666667,2015,5,vet,True,41,7,9.4762971493062,-7.359630482639533,5,2.8181818181818183,10.619769585253456,14.0,14.516129032258064,0.907258064516129,0.875,0.875,9.699193548387097,1.0,-2.428571428571427,10.619769585253456,9.671428571428573,2.379233132458938,2.142857142857143,1.6818031430934657,1.5,9.90565402339596,9.785714285714286,12.284887155854898,11.928571428571429,15.786565047855373,12.857142857142858,41.99508448540706,38.857142857142854,1.3329493087557602,-2.2142857142857144,0.0671332621170385,0.0642398286936525,0.0024012765202037,-0.0101973684210492,0.3363467726143604,0.2751004016058733,0.1023807867397004,0.0892215851457444,0.4626663658766478,-1.033333333298889,9.18065947571066,8.571428571020409,0.6941687344709329,0.6999999999766666,1.1987053906333724,0.0,2.175403225802256,1.874999999995985,9.022177419333818,8.562499999982807,11.197580645136076,10.437499999978792,6.424877810175592,5.9999999998,9.1979405817163,9.714285713823129,0.0612940822602087,0.0333333333322222,0.0467216402912901,-0.1470584251702804,4.234776469640436,3.9708029196790458,0.0,29.875,29.875,29.1875,29.1875,190.0,190.0,31.125,31.125,61.0,61.0,0.4897540983606557,0.4897540983606557,3.1875,3.1875,251.8125,251.8125,27.378507871321013,73.0,4.290459441148391,5,16.0,0.79375,0.375,0.9606663308215839,0.9252406754820653
2020,Alexander Mattison,RB,96.7,7.4,MIN,00-0034972,12,7.191666666666666,2019,1,soph,True,42,7,9.4762971493062,-2.2846304826395336,1,1.0,5.261538461538462,13.0,13.0,0.8125,0.8125,0.8125,4.275,1.0,0.0,5.261538461538462,5.261538461538462,0.9230769230769232,0.9230769230769232,0.7692307692307693,0.7692307692307693,7.6923076923076925,7.6923076923076925,8.615384615384615,8.615384615384615,6.3076923076923075,6.3076923076923075,35.53846153846154,35.53846153846154,2.076923076923077,2.076923076923077,0.0271493212669069,0.0271493212669069,0.008169440242055,0.008169440242055,0.210084033613004,0.210084033613004,0.0464425900697988,0.0464425900697988,2.2499999998125,2.2499999998125,8.19999999918,8.19999999918,0.8333333332638889,0.8333333332638889,3.0,3.0,0.7499999999983032,0.7499999999983032,6.24999999998687,6.24999999998687,6.999999999985174,6.999999999985174,6.833333332763889,6.833333332763889,7.39999999926,7.39999999926,0.0,0.0,0.2248406979106821,0.2248406979106821,4.6199999999538,4.6199999999538,0.0,29.125,29.125,27.625,27.625,206.5625,206.5625,29.75,29.75,58.875,58.875,0.494692144373673,0.494692144373673,2.8125,2.8125,233.0625,233.0625,22.203969883641346,102.0,4.624972813284271,1,16.0,5.39375,0.75,1.0179592822641552,1.0949983923251556
2020,Kerryon Johnson,RB,97.2,7.7,DET,00-0034349,12,5.958333333333333,2018,2,vet,True,43,7,9.4762971493062,-3.517963815972867,2,1.8,11.73,8.0,8.666666666666666,0.5416666666666666,0.5,0.5625,6.445833333333333,1.0,-3.3150000000000013,11.73,10.625,2.5500000000000003,1.875,1.9,1.25,13.35,14.125,15.9,16.0,17.683333333333334,15.875,54.95,50.375,4.95,8.625,0.0413547237075905,0.0272727272726776,0.0067418671616561,0.0132183908045951,0.2824539210670867,0.2776412776405955,0.066751392574545,0.0501619644722331,2.861538461339277,4.599999999693333,10.685416665750664,12.69999999873,0.7179487179120754,0.6666666666222222,1.2270531400966185,1.8405797101449275,1.4374999999974154,0.9374999999982956,7.166666666649014,7.062499999982648,8.60416666664643,7.999999999980943,7.464957264534289,8.466666666102222,10.514583332473086,11.59999999884,0.0529914529882708,0.0666666666622222,0.2312984897852756,0.2635196984997751,4.188315584184402,3.566371681384368,0.0,35.6875,35.6875,34.375,34.375,326.25,326.25,25.4375,25.4375,61.125,61.125,0.5838445807770961,0.5838445807770961,2.1875,2.1875,261.6875,261.6875,23.173169062286107,43.0,3.7612001156935624,2,16.0,4.46875,0.75,1.080382318430791,1.0638714339267237
2020,Chase Edmonds,RB,101.1,7.4,ARI,00-0034681,16,10.5,2018,2,vet,True,44,7,9.4762971493062,1.0237028506938,2,1.8,5.914583333333333,12.0,13.333333333333334,0.8333333333333334,0.75,0.875,4.764583333333333,1.0,2.9562499999999994,5.914583333333333,6.8999999999999995,1.6458333333333333,1.75,1.0833333333333333,1.0,4.583333333333333,5.0,6.229166666666667,6.75,7.979166666666667,8.75,21.166666666666668,25.25,0.0486111111111111,0.4166666666666667,0.0426736259592496,0.0396975425330062,-0.0001069958719464,0.0012584948401708,0.1573481291787013,0.1515151515147689,0.063935541828512,0.0604272601876289,-0.0006901311255409,0.2380952380839002,7.549999999428056,8.749999999270834,0.670807453385406,0.5714285714013605,2.0,3.0,1.3541666666639998,1.312499999997519,3.749999999990166,3.7499999999905302,5.104166666654166,5.06249999998805,4.826086956298107,4.999999999761905,7.849999999413055,8.749999999270834,0.03174603174452,0.04761904761678,-0.1352595019284785,-0.1158234490451986,4.522222222146852,5.049999999915833,0.0,34.625,34.625,33.0625,33.0625,248.3125,248.3125,24.75,24.75,59.375,59.375,0.5831578947368421,0.5831578947368421,2.375,2.375,237.3125,237.3125,24.386036960985628,134.0,4.897839799950911,2,16.0,10.5,1.0,1.107709855321198,1.0165884671557317
2020,Damien Harris,RB,101.1,6.7,NE,00-0035657,10,9.13,2019,1,soph,True,45,7,9.4762971493062,-0.346297149306201,1,1.0,1.2,1.0,1.0,0.0625,0.0625,0.0625,0.075,1.0,0.0,1.2,1.2,0.0,0.0,0.0,0.0,4.0,4.0,4.0,4.0,0.0,0.0,12.0,12.0,0.0,0.0,0.0,0.0,0.0,0.0,0.0089485458612775,0.0089485458612775,0.0,0.0,0.0,0.0,0.0,0.0,0.0,0.0,,,0.0,0.0,0.2499999999994407,0.2499999999994407,0.2499999999994407,0.2499999999994407,0.0,0.0,0.0,0.0,0.0,0.0,0.0,0.0,2.99999999925,2.99999999925,0.0,38.75,38.75,36.6875,36.6875,283.875,283.875,27.9375,27.9375,66.6875,66.6875,0.5810684161199625,0.5810684161199625,2.625,2.625,259.5625,259.5625,23.55373032169747,87.0,4.465908118654584,1,16.0,5.706250000000001,0.625,1.09557820045316,1.049536332821477
2020,Sony Michel,RB,107.4,9.4,NE,00-0034845,8,9.4125,2018,2,vet,True,46,7,8.801446416016189,0.6110535839838125,2,1.8,9.925,16.0,15.0,0.9375,1.0,0.90625,9.25625,1.0,-1.1624999999999996,9.925,9.5375,1.1153846153846154,1.25,0.6794871794871794,0.75,15.650641025641027,15.4375,16.76602564102564,16.6875,5.198717948717949,5.875,61.87179487179487,57.0,-0.3429487179487179,-0.9375,0.0293090910575973,0.0340715502554785,-0.0013689077330382,-0.0033025099075289,0.5141279691969028,0.5525727069338868,0.0430054011732692,0.0487955684479475,-0.1666666666719697,-0.7499999999625,7.603174602399282,7.833333332680556,0.6121212120819283,0.59999999997,1.0,0.0,1.062499999998168,1.2499999999978704,14.6458333333012,15.437499999965464,15.70833333329937,16.687499999963336,4.648484848190441,4.699999999765,9.10317460227428,10.083333332493057,0.0,0.0,-0.025178891864696,0.012657052117548,3.9463869463698766,3.692307692292744,0.0,38.75,38.75,36.6875,36.6875,283.875,283.875,27.9375,27.9375,66.6875,66.6875,0.5810684161199625,0.5810684161199625,2.625,2.625,259.5625,259.5625,25.53867214236824,31.0,3.4339872044851463,2,16.0,4.70625,0.5,1.0829778214978354,0.9782719483977068
2020,AJ Dillon,RB,111.9,8.0,GB,00-0036265,6,6.316666666666666,2020,0,rookie,True,47,8,8.801446416016189,-2.4847797493495225,0,,,,,,,,,,,,,,,,,,,,,,,,,,,,,,,,,,,,,,,,,,,,,,,,,,,,,,,,,,,,,,,,,,,,,,,,,,,,22.33538672142368,62.0,4.127134385045092,0,16.0,2.36875,0.375,1.028075833693889,1.0912641645918157
2020,Darrell Henderson Jr.,RB,114.1,7.3,LA,00-0035664,15,8.686666666666667,2019,1,soph,True,48,8,8.801446416016189,-0.1147797493495215,1,1.0,2.488888888888889,9.0,9.0,0.5625,0.5625,0.5625,1.4,1.0,0.0,2.488888888888889,2.488888888888889,0.6666666666666666,0.6666666666666666,0.4444444444444444,0.4444444444444444,4.333333333333333,4.333333333333333,5.0,5.0,4.111111111111111,4.111111111111111,16.333333333333332,16.333333333333332,0.3333333333333333,0.3333333333333333,0.0098039215686114,0.0098039215686114,0.0006248698187876,0.0006248698187876,0.097256857855119,0.097256857855119,0.0151432912260684,0.0151432912260684,0.4999999999166666,0.4999999999166666,9.2499999976875,9.2499999976875,0.6666666665555555,0.6666666665555555,3.0,3.0,0.3749999999993872,0.3749999999993872,2.4374999999939213,2.4374999999939213,2.8124999999933085,2.8124999999933085,6.166666665638889,6.166666665638889,9.2499999976875,9.2499999976875,0.0,0.0,0.0008693080161181,0.0008693080161181,3.7692307691341225,3.7692307691341225,0.0,39.5,39.5,38.25,38.25,300.0625,300.0625,25.0625,25.0625,64.5625,64.5625,0.611810261374637,0.611810261374637,2.625,2.625,291.8125,291.8125,23.0362765229295,70.0,4.248495242049359,1,16.0,8.14375,0.9375,1.0734851871271105,1.068747302142426
2020,Adrian Peterson,RB,118.4,8.7,DET,00-0025394,16,7.78125,2007,13,vet,True,49,8,8.801446416016189,-1.020196416016189,13,2.9992676675210546,9.996137543529192,15.0,13.67818337199365,0.8548864607496032,0.9375,0.7884615384615384,8.976000335734343,1.0,-2.0124999999999993,9.996137543529192,9.8,1.6963220375441104,1.5333333333333334,1.2021776223613605,1.1333333333333333,14.954838062682038,14.066666666666666,16.651160100226146,15.6,9.951835202399849,9.466666666666669,59.94837699333183,59.86666666666667,-0.9113478207789036,-2.8666666666666667,0.0447100246882053,0.0495689655171345,-0.0050027284689238,-0.0121297602256665,0.5093226803120958,0.5926966292118183,0.0635631271040614,0.0658626161177352,-0.6327138270623778,-1.8695652173100188,8.211186037358496,8.35294117597924,7447198.857669267,0.7391304347504726,1.2250447809802965,0.0,1.4098705896686734,1.437499999996902,12.820488951254656,13.187499999962958,14.23035954092333,14.62499999995986,63240147.60907359,6.17391304320983,8.62008669693387,9.470588234737024,122085.22547336514,0.0,3477639.9549399423,-0.0508795535228885,3.9861113383483464,4.255924170595944,1.0,35.6875,29.9375,34.375,29.0,326.25,221.5625,25.4375,22.25,61.125,52.1875,0.5838445807770961,0.5736526946107784,2.1875,1.6875,261.6875,200.3125,35.449691991786445,7.0,1.9459101490553132,13,16.0,7.78125,1.0,0.4185518075812061,0.8924498863964324
2020,Tony Pollard,RB,119.4,8.7,DAL,00-0035261,15,8.02,2019,1,soph,True,50,8,8.801446416016189,-0.7814464160161894,1,1.0,6.371428571428572,14.0,14.0,0.875,0.875,0.875,5.575,1.0,0.0,6.371428571428572,6.371428571428572,1.4285714285714286,1.4285714285714286,1.0714285714285714,1.0714285714285714,6.142857142857143,6.142857142857143,7.571428571428571,7.571428571428571,7.642857142857143,7.642857142857143,32.5,32.5,-1.2857142857142858,-1.2857142857142858,0.0347222222221619,0.0347222222221619,-0.0033626004109838,-0.0033626004109838,0.1915367483291948,0.1915367483291948,0.0497295130455542,0.0497295130455542,-0.899999999955,-0.899999999955,7.133333332857778,7.133333332857778,0.7499999999625,0.7499999999625,0.0,0.0,1.2499999999978295,1.2499999999978295,5.374999999988029,5.374999999988029,6.624999999985858,6.624999999985858,5.3499999997325,5.3499999997325,8.9999999994,8.9999999994,0.0499999999975,0.0499999999975,-0.138352354536334,-0.138352354536334,5.290697674357085,5.290697674357085,0.0,37.3125,37.3125,36.0,36.0,334.5625,334.5625,28.0625,28.0625,65.375,65.375,0.5707456978967496,0.5707456978967496,3.0,3.0,306.375,306.375,23.34017796030116,128.0,4.852030263919617,1,16.0,7.51875,0.9375,1.087802160682367,1.057722621966168
2020,Boston Scott,RB,120.1,9.1,PHI,00-0034414,14,6.685714285714285,2018,2,vet,True,51,8,8.514685960281549,-1.8289716745672635,2,1.8,7.325925925925926,9.0,6.333333333333333,0.3958333333333333,0.5625,0.3125,4.120833333333334,1.0,10.988888888888887,7.325925925925926,10.988888888888887,1.9259259259259256,2.888888888888889,1.7777777777777777,2.6666666666666665,4.518518518518518,6.777777777777778,6.444444444444444,9.666666666666666,15.111111111111112,22.666666666666668,18.14814814814815,27.22222222222222,-3.407407407407407,-5.111111111111111,0.0286975717438818,0.0430463576158227,-0.0063888888888875,-0.0095833333333313,0.0895741556532535,0.1343612334798802,0.0385741353936014,0.0578612030904022,-1.1794871794418145,-1.7692307691627218,5.666666666430555,8.499999999645834,0.6153846153609467,0.92307692304142,0.0,0.0,1.0833333333315398,1.6249999999973097,2.5416666666610683,3.8124999999916023,3.624999999992608,5.437499999988912,5.230769230568048,7.846153845852071,7.583333333017361,11.37499999952604,0.0,0.0,0.217798887324226,0.326698330986339,2.6775956283714053,4.016393442557108,0.0,38.3125,38.3125,37.75,37.75,300.0,300.0,28.375,28.375,66.6875,66.6875,0.5745079662605436,0.5745079662605436,2.6875,2.6875,253.9375,253.9375,25.349760438056126,201.0,5.303304908059076,2,16.0,5.85,0.875,1.0900295264272242,0.9839985683467338
2020,Bryce Love,RB,126.8,8.9,WAS,00-0035256,0,,2019,1,soph,False,52,9,8.371889717425432,,0,,,,,,,,,,,,,,,,,,,,,,,,,,,,,,,,,,,,,,,,,,,,,,,,,,,,,,,,,,,,,,,,,,,,,,,,,,,,23.15126625598905,112.0,4.718498871295094,1,16.0,,0.0,1.0793378394225945,1.0646653499453782
2020,Duke Johnson,RB,131.0,11.0,HOU,00-0032257,11,7.672727272727273,2015,5,vet,True,53,9,7.491790151433535,0.1809371212937378,5,2.8181818181818183,9.752217741935484,16.0,16.0,1.0,1.0,1.0,9.752217741935484,1.0,1.375,9.752217741935484,9.625,4.19758064516129,3.875,3.1108870967741935,2.75,4.487903225806452,5.1875,8.685483870967742,9.0625,28.883064516129032,25.625,21.481854838709676,25.625,10.098790322580646,10.1875,0.1242305666352504,0.1196911196908886,0.0337650248678333,0.0364734840008868,0.1736609798777429,0.1912442396308957,0.2099813673603589,0.2050681183369537,2.43594322726902,2.6290322580221126,9.281353868255016,9.318181817970045,0.7373841062595319,0.7096774193433923,2.699250687807282,2.5153374233128836,4.1975806451535265,3.87499999999252,4.487903225795598,5.187499999988048,8.685483870949122,9.062499999980568,6.841156452915706,6.612903225699792,8.170259474321302,8.204545454358989,0.0424951486339259,0.0483870967734131,0.1476999474147534,0.1304531418832833,4.827877557399681,4.9397590360850625,0.0,33.375,33.375,32.375,32.375,279.3125,279.3125,27.125,27.125,60.5,60.5,0.5516528925619835,0.5516528925619835,2.75,2.75,255.1875,255.1875,26.94045174537988,77.0,4.343805421853684,5,16.0,5.275,0.6875,0.9971364508715646,0.9369146000679897
2020,Ke'Shawn Vaughn,RB,134.4,10.6,TB,00-0036450,5,4.720000000000001,2020,0,rookie,True,54,9,7.491790151433535,-2.7717901514335344,0,,,,,,,,,,,,,,,,,,,,,,,,,,,,,,,,,,,,,,,,,,,,,,,,,,,,,,,,,,,,,,,,,,,,,,,,,,,,23.329226557152634,76.0,4.330733340286331,0,16.0,1.475,0.3125,1.0873464904632877,1.0581313118388171
2020,Ryquell Armstead,RB,135.3,26.8,JAX,00-0035268,0,,2019,1,soph,False,55,9,7.491790151433535,,1,1.0,3.6571428571428575,14.0,14.0,0.875,0.875,0.875,3.2,1.0,0.0,3.6571428571428575,3.6571428571428575,1.7142857142857142,1.7142857142857142,1.0,1.0,2.5,2.5,4.214285714285714,4.214285714285714,10.285714285714286,10.285714285714286,7.714285714285714,7.714285714285714,3.142857142857143,3.142857142857143,0.0426287744226596,0.0426287744226596,0.0103286384976501,0.0103286384976501,0.0899742930588946,0.0899742930588946,0.0711732085823445,0.0711732085823445,1.8333333332569444,1.8333333332569444,10.285714284979592,10.285714284979592,0.5833333333090278,0.5833333333090278,3.0,3.0,1.4999999999973357,1.4999999999973357,2.1874999999943765,2.1874999999943765,3.687499999991712,3.687499999991712,5.99999999975,5.99999999975,7.999999999428572,7.999999999428572,0.0833333333298611,0.0833333333298611,0.1054393254554904,0.1054393254554904,3.0857142856261226,3.0857142856261226,0.0,36.8125,36.8125,35.1875,35.1875,266.25,266.25,24.3125,24.3125,61.125,61.125,0.6022494887525562,0.6022494887525562,1.6875,1.6875,251.4375,251.4375,23.838466803559207,140.0,4.941642422609304,1,16.0,,0.0,1.1028814174802084,1.03820743949069
2020,Justin Jackson,RB,137.6,12.9,LAC,00-0034440,8,8.1625,2018,2,vet,True,56,9,7.491790151433535,0.6707098485664647,2,1.8,5.234391534391534,7.0,7.666666666666667,0.4791666666666667,0.4375,0.5,2.5729166666666665,1.0,-2.3317460317460315,5.234391534391534,4.457142857142857,1.7513227513227514,1.5714285714285714,1.4126984126984128,1.2857142857142858,4.613756613756614,4.142857142857143,6.365079365079365,5.714285714285714,7.095238095238095,3.142857142857143,26.67724867724868,28.571428571428573,-1.8465608465608463,-1.7142857142857142,0.0252479505196428,0.019097222222189,-0.0031913581717244,-0.0023795359904813,0.0945944095208214,0.0792349726773791,0.035637975059257,0.0269801581399466,-1.060606060522401,-1.0909090908099173,4.6296296292485595,2.4444444441728397,0.8086124401279505,0.8181818181074381,0.0,0.0,0.8541666666650887,0.6874999999988064,2.249999999994088,1.8124999999950475,3.1041666666591765,2.4999999999938542,3.7017543857190462,1.999999999818182,6.192592592054649,4.2222222217530865,0.0,0.0,-0.1504896783728353,-0.3689945972115052,5.9710344825726125,6.896551723900119,0.0,37.3125,37.3125,36.0,36.0,315.1875,315.1875,22.875,22.875,60.1875,60.1875,0.6199376947040498,0.6199376947040498,2.25,2.25,290.5,290.5,24.361396303901437,251.0,5.5254529391317835,2,16.0,4.08125,0.5,1.1077409547326125,1.0175260250373128
2020,Nyheim Hines,RB,139.9,14.6,IND,00-0034367,15,12.786666666666669,2018,2,vet,True,57,9,7.491790151433535,5.294876515233132,2,1.8,8.264583333333333,16.0,16.0,1.0,1.0,1.0,8.264583333333333,1.0,-2.687500000000001,8.264583333333333,7.36875,4.104166666666667,3.625,3.1458333333333335,2.75,3.9375,3.25,8.041666666666666,6.875,22.1875,20.0,14.833333333333334,12.4375,6.6875,4.8125,0.1218217234660096,0.1188524590161499,0.0246474135505673,0.0196078431372499,0.1430467091291851,0.1104033970273664,0.1999857746844116,0.1920041787202998,1.572300269594533,1.3275862068736624,7.097162097016212,7.272727272561984,0.7650063856841204,0.7586206896420928,2.848303393213573,3.0,4.104166666659053,3.624999999992572,3.937499999991059,3.2499999999930997,8.041666666650112,6.874999999985672,5.427132112870859,5.51724137921522,6.619288119150338,7.159090908928203,0.0082304526747955,0.0,-0.032738784829381,-0.0536366652551948,3.7826546002381094,3.826923076849482,0.0,32.0625,32.0625,30.5,30.5,245.4375,245.4375,29.4375,29.4375,61.5,61.5,0.5213414634146342,0.5213414634146342,2.4375,2.4375,207.125,207.125,23.802874743326488,104.0,4.6443908991413725,2,16.0,11.987500000000002,0.9375,1.1021604820528252,1.039637017076715
2020,Chris Thompson,RB,149.6,21.4,JAX,00-0030404,6,7.1000000000000005,2013,7,vet,True,58,9,7.491790151433535,-0.3917901514335344,7,2.953488372093023,9.484126975386816,11.0,10.803149606299211,0.6751968503937008,0.6875,0.5892857142857143,6.392814960629922,1.0,-0.6509090909090904,9.484126975386816,8.50909090909091,5.138769891525798,5.2727272727272725,3.7734871427784817,3.8181818181818183,3.960960299542977,3.363636363636364,9.099730191068774,8.636363636363637,32.66314079621166,34.36363636363637,16.53047739661913,12.545454545454543,9.093381421727877,9.181818181818182,0.1135847695279939,0.1249999999997306,0.0257243735899727,0.0284908321579609,0.1126427714274747,0.1039325842693709,0.1883842158049719,0.2074435825101685,1.7583504567784098,1.741379310314804,8.565430426580829,8.999999999785715,0.7299878867761196,0.7241379310219976,2.901439645625692,3.0,3.4635826771582554,3.624999999992187,2.686023622040204,2.3124999999935043,6.149606299198459,5.9374999999856914,6.274711621086441,6.517241379197979,7.522131590766164,8.023809523618482,0.0195074711451368,0.0,0.0312725857015125,-0.0440834100441881,4.088471544834606,3.7297297296289265,1.0,36.8125,29.9375,35.1875,29.0,266.25,221.5625,24.3125,22.25,61.125,52.1875,0.6022494887525562,0.5736526946107784,1.6875,1.6875,251.4375,200.3125,29.867214236824093,154.0,5.0369526024136295,7,16.0,2.6625,0.375,0.7516645411372048,0.9048671417189323
2020,Darrel Williams,RB,152.3,19.6,KC,00-0034301,10,4.9799999999999995,2018,2,vet,True,59,10,7.491790151433535,-2.5117901514335355,2,1.8,6.36388888888889,9.0,7.333333333333333,0.4583333333333333,0.5625,0.40625,3.1604166666666664,1.0,3.508333333333333,6.36388888888889,7.533333333333333,1.6574074074074074,2.111111111111111,1.3611111111111114,1.6666666666666667,4.12037037037037,4.555555555555555,5.777777777777779,6.666666666666667,14.620370370370372,18.555555555555557,14.111111111111107,15.666666666666666,0.9722222222222224,2.3333333333333335,0.0244731691196592,0.0340501792114085,0.0024939463920535,0.0044229149115407,0.0840861326440488,0.1093333333330417,0.0384555161539263,0.0541713092551913,-0.0409356722941418,1.105263157836565,10.422222220727408,11.13333333259111,0.8596491226682056,0.7894736841689751,2.0,3.0,0.8541666666651371,1.187499999997872,1.9791666666614112,2.562499999993167,2.8333333333265487,3.7499999999910383,8.859649121498615,8.789473683747923,11.733333331543705,11.933333332537778,0.1461988303704729,0.0526315789445983,0.4934975508442651,0.2902464360582872,3.4208880548916927,3.439024390160024,0.0,36.0,36.0,34.875,34.875,296.75,296.75,23.4375,23.4375,59.4375,59.4375,0.6056782334384858,0.6056782334384858,2.875,2.875,293.125,293.125,25.38261464750171,260.0,5.560681631015528,2,16.0,3.1125,0.625,1.0888770609149865,0.9829946079959812
2020,Jerick McKinnon,RB,152.3,15.4,SF,00-0031376,13,9.584615384615384,2014,6,vet,True,60,10,7.491790151433535,2.0928252331818493,4,2.6470588235294117,9.84140404040404,16.0,15.4,0.9625,1.0,0.90625,9.497916666666669,3.0,1.2379166666666652,9.84140404040404,11.13125,3.699040404040404,4.25,2.803080808080808,3.1875,8.944848484848485,9.375,12.643888888888888,13.625,20.82651515151515,26.3125,34.10116161616161,35.625,0.7816666666666666,0.9375,0.1078571133649363,0.1305182341648166,0.003466832819708,0.0037945863900825,0.3041273881492513,0.2994011976041928,0.1642124530212002,0.1984335617202827,0.263282892533896,0.2205882352908736,7.415755759480455,8.254901960622453,0.7568063644058183,0.7499999999889706,2.8,3.0,3.562499999993259,4.249999999991843,8.554166666647658,9.374999999981288,12.116666666640915,13.62499999997313,5.599894146105232,6.191176470497188,7.939941661218308,8.823529411591696,0.0303468687404111,0.0294117647054498,-0.0641041885037704,-0.0554695395603153,3.9429258198081336,3.799999999974667,1.0,29.875,29.125,29.1875,27.625,190.0,206.5625,31.125,29.75,61.0,58.875,0.4897540983606557,0.494692144373673,3.1875,2.8125,251.8125,233.0625,28.331279945242983,96.0,4.564348191467836,6,16.0,7.7875,0.8125,0.8764346471180946,0.9084801488455592
2020,Benny Snell Jr.,RB,152.9,19.0,PIT,00-0035217,15,4.993333333333334,2019,1,soph,True,61,10,7.491790151433535,-2.498456818100201,1,1.0,5.263636363636364,11.0,11.0,0.6875,0.6875,0.6875,3.61875,1.0,0.0,5.263636363636364,5.263636363636364,0.3636363636363636,0.3636363636363636,0.2727272727272727,0.2727272727272727,9.818181818181818,9.818181818181818,10.181818181818182,10.181818181818182,2.090909090909091,2.090909090909091,38.72727272727273,38.72727272727273,-0.1818181818181818,-0.1818181818181818,0.0082474226803953,0.0082474226803953,-0.0005144032921809,-0.0005144032921809,0.2734177215182951,0.2734177215182951,0.0120110517160663,0.0120110517160663,-0.499999999875,-0.499999999875,7.666666664111111,7.666666664111111,0.7499999998125,0.7499999998125,0.0,0.0,0.2499999999994845,0.2499999999994845,6.7499999999829114,6.7499999999829114,6.999999999982396,6.999999999982396,5.7499999985625,5.7499999985625,7.333333330888888,7.333333330888888,0.0,0.0,-0.2142746500950131,-0.2142746500950131,3.944444444407922,3.944444444407922,0.0,31.875,31.875,30.3125,30.3125,243.0,243.0,24.6875,24.6875,56.5625,56.5625,0.56353591160221,0.56353591160221,1.5625,1.5625,200.875,200.875,22.510609171800137,122.0,4.804021044733257,1,16.0,4.68125,0.9375,1.0408546527031675,1.0860363246802334
2020,Joshua Kelley,RB,154.5,16.1,LAC,00-0036370,13,6.246153846153846,2020,0,rookie,True,62,10,7.491790151433535,-1.2456363052796888,0,,,,,,,,,,,,,,,,,,,,,,,,,,,,,,,,,,,,,,,,,,,,,,,,,,,,,,,,,,,,,,,,,,,,,,,,,,,,22.781656399726216,112.0,4.718498871295094,0,16.0,5.075,0.8125,1.058824664794292,1.0774104040314896
2020,LeSean McCoy,RB,156.0,18.3,TB,00-0027029,6,4.25,2009,11,vet,True,63,10,7.491790151433535,-3.241790151433535,11,2.9970717423133237,11.094015339610722,13.0,13.79286761113825,0.8620542256961407,0.8125,0.9090909090909092,9.740012823644358,1.0,0.0373626373626372,11.094015339610722,9.123076923076924,3.205671907070295,2.6153846153846154,2.5207622698096563,2.1538461538461537,11.0877282890534,7.769230769230769,14.293400196123692,10.384615384615383,17.588803502311073,13.923076923076923,46.19264896274545,35.76923076923077,-0.9816657898362832,-1.8461538461538465,0.0890801546545739,0.0609318996414678,-0.0020569951879613,-0.0050547598989037,0.3556366979371386,0.2693333333326151,0.1321803353502879,0.0878595175329691,-0.4565313621215913,-0.7058823529204153,6.883258786132522,6.464285714054847,0.791417996235025,0.8235294117404846,0.4689789936492428,0.0,2.803828773809772,2.1249999999961915,9.78691377623571,6.312499999983166,12.590742550045483,8.437499999979359,5.429090635171322,5.323529411608132,8.190400614042487,8.428571428270407,0.0208349673597115,0.0294117647050173,-0.0622942978084246,-0.1839427020860314,4.212915535581799,4.60396039599402,1.0,39.375,36.0,37.9375,34.875,399.75,296.75,25.5625,23.4375,64.9375,59.4375,0.6063522617901829,0.6056782334384858,3.0,2.875,320.4375,293.125,32.139630390143736,53.0,3.970291913552122,11,16.0,1.59375,0.375,0.5980328831029029,0.9038106073793326
2020,Carlos Hyde,RB,156.5,16.2,SEA,00-0031045,10,8.49,2014,6,vet,True,64,10,7.491790151433535,0.9982098485664652,6,2.9076923076923076,9.895020059305777,16.0,14.984126984126984,0.9365079365079364,1.0,0.8333333333333334,9.278075396825397,1.0,2.54642857142857,9.895020059305777,9.575,1.7439386010814582,1.0,1.1624803767660912,0.625,14.478196406767834,15.3125,16.222135007849293,16.3125,5.8233036804465375,2.625,59.105442176870746,66.875,2.1589045874760164,1.375,0.0438376958673362,0.0308880308879712,0.00770291491936,0.004922801521592,0.4565019804807163,0.5645161290309574,0.0711485842445564,0.0497780073970713,0.8919252043858589,1.3749999999140623,4.350933421397707,4.19999999958,0.6484607984261987,0.6249999999609375,1.528958392966573,1.9090909090909092,1.6369047619017885,0.9999999999980697,13.584325396793554,15.31249999996472,15.221230158695342,16.31249999996279,2.855435305292297,2.6249999998359375,5.384921812054833,5.09999999949,0.0057720057718308,0.0,-0.7114824614647897,-1.0793701162745726,4.040253818715987,4.367346938757684,1.0,32.3125,33.375,30.875,32.375,287.4375,279.3125,30.0625,27.125,62.375,60.5,0.5180360721442886,0.5516528925619835,2.875,2.75,256.875,255.1875,29.949349760438057,57.0,4.04305126783455,6,16.0,5.30625,0.625,0.7455141985467686,0.904866107214518
2020,DeAndre Washington,RB,161.4,16.1,MIA,00-0032940,4,4.275,2016,4,vet,True,65,10,7.481169871794871,-3.206169871794871,4,2.6470588235294117,5.635811965811966,16.0,13.533333333333331,0.8458333333333333,1.0,0.8125,5.316666666666666,1.0,6.1937500000000005,5.635811965811966,7.61875,1.917948717948718,2.5625,1.6227350427350429,2.25,5.552820512820513,6.75,7.470769230769231,9.3125,12.374188034188034,18.25,20.488205128205127,24.1875,2.244102564102564,3.375,0.0585109549321464,0.0835030549896466,0.0101209455067452,0.0164283541222949,0.1863842107853275,0.2471395881001209,0.0948510942529412,0.1367544303700764,1.368719217073169,1.3170731706995835,7.949455335121217,8.111111110885803,0.8849754523706077,0.8780487804663891,3.0,3.0,1.8541666666630097,2.562499999994781,4.937499999988351,6.749999999984554,6.791666666651361,9.312499999979334,7.115411018256768,7.12195121933849,6.609150324783926,6.8333333331435195,0.0029629629628971,0.0,0.1547994037293762,0.1343655969739903,3.649082476243545,3.5833333333001542,1.0,38.4375,32.6875,37.875,30.6875,339.5,205.4375,21.8125,27.3125,60.25,60.0,0.6379668049792531,0.5447916666666667,2.0,2.1875,257.3125,256.875,27.523613963039015,143.0,4.962844630259907,4,16.0,1.06875,0.25,0.9480517428467587,0.9218405739436623
2021,Christian McCaffrey,RB,1.2,0.5,CAR,00-0033280,7,18.214285714285715,2017,4,vet,True,1,1,19.40125646412411,-1.1869707498383946,4,2.6470588235294117,28.08944444444445,3.0,9.066666666666666,0.5666666666666667,0.1875,0.796875,15.031666666666668,1.0,0.6833333333333371,28.08944444444445,30.133333333333336,7.248611111111111,6.333333333333333,6.180555555555556,5.666666666666667,17.584722222222226,19.666666666666668,24.833333333333332,26.0,53.17638888888889,49.666666666666664,74.07916666666667,75.0,8.370833333333334,9.0,0.1280432575860474,0.0360531309297228,0.0159100511039392,0.0066716085989605,0.3616972366352659,0.1449631449627887,0.2032019221518285,0.0587498224138566,1.2012107945306107,1.4210526315041552,8.60772846297171,8.76470588183737,0.8572847615738541,0.8947368420581717,2.9771428571428573,3.0,4.504166666658664,1.1874999999977467,9.062499999977394,3.68749999999094,13.566666666636058,4.874999999988686,7.386108944744818,7.842105262745152,7.692360697480756,7.235294117221453,0.0449833779367903,0.0526315789445983,0.3875454535728005,0.4690376488845496,4.238988733786235,3.813559321969262,0.0,34.375,34.375,32.9375,32.9375,252.9375,252.9375,25.4375,25.4375,59.8125,59.8125,0.5747126436781609,0.5747126436781609,2.1875,2.1875,258.0625,258.0625,25.234770704996578,8.0,2.0794415416798357,4,17.0,7.5,0.4117647058823529,1.0937507830018198,0.9875538651549244
2021,Dalvin Cook,RB,2.5,0.7,MIN,00-0033893,13,15.86923076923077,2017,4,vet,True,2,1,19.40125646412411,-3.53202569489334,4,2.6470588235294117,21.37051948051948,14.0,12.933333333333334,0.8083333333333333,0.875,0.671875,17.6725,1.0,3.2428571428571473,21.37051948051948,24.12857142857143,4.1177489177489175,3.857142857142857,3.353896103896104,3.142857142857143,19.493073593073593,22.285714285714285,23.610822510822512,26.142857142857142,28.83506493506493,25.785714285714285,94.28787878787878,111.21428571428572,-6.6718614718614715,-6.857142857142857,0.1104738739581778,0.1113402061853374,-0.0237283112223047,-0.0247486465583849,0.5551317532989098,0.6666666666652422,0.1491009930816535,0.1496862566871367,-1.6242630385177976,-1.777777777744856,8.549199542372047,8.204545454358989,0.8135833963047971,0.8148148147997257,0.0,0.0,3.3249999999930955,3.3749999999930416,15.983333333298638,19.499999999958337,19.30833333329173,22.874999999951378,6.967189468238673,6.6851851850613855,10.1563121781225,9.954545454319216,0.0153187200803308,0.0185185185181755,0.0961710095122285,-0.038807551152836,4.807665400485187,4.990384615368621,0.0,32.25,32.25,30.3125,30.3125,242.4375,242.4375,29.25,29.25,61.5,61.5,0.524390243902439,0.524390243902439,3.4375,3.4375,266.5625,266.5625,26.06160164271047,41.0,3.713572066704308,4,17.0,12.13529411764706,0.7647058823529411,1.0576641903927015,0.9627729439393026
2021,Alvin Kamara,RB,3.8,1.0,NO,00-0033906,13,18.053846153846152,2017,4,vet,True,3,1,19.40125646412411,-1.347410310277958,4,2.6470588235294117,22.65004761904762,15.0,14.8,0.925,0.9375,0.9375,21.022,1.0,7.435238095238095,22.65004761904762,25.186666666666667,7.002063492063493,7.133333333333334,5.551468253968253,5.533333333333333,12.130476190476193,12.466666666666669,19.132539682539683,19.6,46.77626984126984,50.4,59.20095238095238,62.13333333333333,5.339404761904762,4.0,0.19860871947201,0.2106299212594279,0.0234313415795419,0.0186974135244566,0.3874185622216071,0.3785425101206912,0.3143150183136944,0.3290330713562615,0.7750192742597181,0.5607476635461612,8.459477415733192,9.10843373483002,0.7932447203296294,0.7757009345721897,3.0,3.0,6.474999999987587,6.687499999986835,11.19999999997579,11.687499999976342,17.67499999996338,18.37499999996318,6.684500522205074,7.065420560681631,8.149863652040203,8.80722891555654,0.0360839576858885,0.0467289719621801,0.0967805448192362,0.0762942058871596,4.912312803837597,4.983957219224685,0.0,32.625,32.625,31.75,31.75,200.5625,200.5625,30.875,30.875,63.5,63.5,0.5137795275590551,0.5137795275590551,3.625,3.625,246.5625,246.5625,26.105407255304584,67.0,4.204692619390966,4,17.0,13.805882352941175,0.7647058823529411,1.0551675015132678,0.9614809762780826
2021,Derrick Henry,RB,4.0,1.3,TEN,00-0032764,8,24.1625,2016,5,vet,True,4,1,19.40125646412411,4.7612435358758916,5,2.8181818181818183,18.22532258064516,16.0,15.67741935483871,0.9798387096774194,1.0,0.9625,17.878104838709678,1.0,1.1787500000000009,18.22532258064516,20.81875,1.6611751152073733,1.9375,1.1178571428571429,1.1875,20.10345622119815,23.625,21.76463133640553,25.5625,8.88394777265745,7.125,104.5510752688172,126.6875,-1.6555299539170507,-1.8125,0.0573773914243355,0.0662393162391747,-0.0068866733731603,-0.0075051759834349,0.6443736860065935,0.7255278310926574,0.081245415775291,0.0941053511703576,-0.91061870461274,-0.935483870937565,8.039396445365556,5.999999999684211,0.6871151373895685,0.6129032257866805,0.2903225806451613,0.0,1.631048387093188,1.93749999999586,19.745967741895218,23.624999999954657,21.3770161289884,25.56249999995052,5.633506763544772,3.677419354720083,8.863505104065878,6.684210525963989,0.0253004427566289,0.0,-0.0320070802597994,-0.2205784294252878,5.131304009531851,5.362433862419676,0.0,30.3125,30.3125,29.25,29.25,241.5,241.5,32.5625,32.5625,62.875,62.875,0.4821073558648111,0.4821073558648111,3.6875,3.6875,239.125,239.125,27.65776865160849,45.0,3.80666248977032,5,17.0,11.370588235294118,0.4705882352941176,0.9362401955791013,0.9189508589664013
2021,Ezekiel Elliott,RB,5.3,1.1,DAL,00-0033045,17,14.827058823529413,2016,5,vet,True,5,1,18.801468895250412,-3.974410071721,5,2.8181818181818183,17.566344086021505,15.0,14.935483870967742,0.933467741935484,0.9375,0.8875,16.37298387096774,1.0,-4.567916666666667,17.566344086021505,14.913333333333332,4.736559139784946,4.733333333333333,3.559139784946237,3.466666666666667,18.11935483870968,16.266666666666666,22.855913978494623,21.0,25.79784946236559,22.533333333333335,77.75806451612904,65.26666666666667,0.4903225806451614,-1.1333333333333333,0.1226611631255642,0.1150729335492462,0.0015119056245013,-0.0037297060114076,0.6085694934836875,0.5674418604637966,0.1850500786254973,0.1699986061158839,0.1012141610258608,-0.2394366197149375,7.345575011754525,6.499999999875,0.7488175231244206,0.7323943661868676,1.3548387096774193,0.0,4.435483870960075,4.4374999999928075,16.802419354800676,15.249999999964537,21.23790322576075,19.687499999957343,5.503210861008296,4.76056338021464,7.506458445819579,6.923076922943787,0.030085009205882,0.0281690140841102,-0.1093100754197291,-0.2443228972203868,4.268411996122261,4.01229508195077,0.0,39.9375,39.9375,38.5625,38.5625,284.875,284.875,26.875,26.875,66.8125,66.8125,0.5977549111318989,0.5977549111318989,2.4375,2.4375,281.9375,281.9375,26.11362080766598,4.0,1.3862943611198906,5,17.0,14.827058823529413,1.0,1.0546885657372893,0.9612389048102495
2021,Aaron Jones Sr.,RB,7.5,1.7,GB,00-0033293,15,15.266666666666667,2017,4,vet,True,6,1,16.783941579810566,-1.5172749131438987,4,2.6470588235294117,17.54730158730159,14.0,14.0,0.875,0.875,0.8125,15.638333333333334,1.0,-1.182142857142857,17.54730158730159,18.492857142857144,4.042222222222223,4.5,2.9560317460317465,3.357142857142857,13.608253968253967,14.357142857142858,17.65047619047619,18.857142857142858,23.85936507936508,25.357142857142858,71.1993650793651,78.85714285714286,6.1,5.5,0.1102763436893151,0.1257485029937609,0.0206195619089318,0.0191114420451677,0.4623518120710037,0.4537246049651157,0.1798482088702249,0.2020007639222589,1.3970308123039057,1.2222222222028218,7.827333850237062,7.553191489200996,0.7224214129958251,0.7460317460199043,2.6795698924731184,3.0,3.599999999993108,3.937499999992141,12.07916666663777,12.562499999971642,15.67916666663088,16.499999999963784,5.730357920844169,5.634920634831192,7.875630819498828,7.765957446643278,0.032505446622543,0.0317460317455278,0.0631966256173232,0.0909485119085677,5.252760832102089,5.49253731340551,0.0,32.875,32.875,31.3125,31.3125,251.8125,251.8125,27.6875,27.6875,60.5625,60.5625,0.542827657378741,0.542827657378741,4.0,4.0,268.6875,268.6875,26.748802190280628,182.0,5.204006687076795,4,17.0,13.470588235294118,0.8823529411764706,1.0120309860537011,0.9424529898827735
2021,Austin Ekeler,RB,8.5,2.0,LAC,00-0033699,16,21.4875,2017,4,vet,True,7,1,16.783941579810566,4.7035584201894345,4,2.6470588235294117,16.082666666666668,10.0,12.4,0.775,0.625,0.84375,12.512083333333331,1.0,-2.782499999999999,16.082666666666668,16.53,5.938095238095238,6.5,4.913333333333333,5.4,9.62,11.6,15.558095238095238,18.1,43.21952380952381,40.3,44.06428571428572,53.0,-1.321904761904762,-7.8,0.1247754680149822,0.1063829787232301,0.0001298022038205,-0.0168248490077616,0.2718359612222379,0.2489270386260752,0.1872540635651477,0.147797073779412,-0.1273781238534499,-1.1999999999815385,8.928593253065012,7.46296296282476,0.8197791958675843,0.8307692307564497,1.4,0.0,4.554166666658868,4.062499999993351,7.145833333316344,7.249999999984442,11.699999999975212,11.312499999977792,7.306299291097018,6.199999999904615,9.408778231791985,8.759259259097051,0.0494247983548749,0.0307692307687573,0.2494796607431845,0.195795389553921,4.62768380655706,4.568965517201992,0.0,39.1875,39.1875,38.1875,38.1875,289.75,289.75,29.125,29.125,68.3125,68.3125,0.5736505032021958,0.5736505032021958,2.6875,2.6875,284.25,284.25,26.2943189596167,260.0,5.560681631015528,4,17.0,20.223529411764705,0.9411764705882352,1.0437303973958842,0.9559047253505243
2021,Nick Chubb,RB,9.9,2.2,CLE,00-0034791,14,15.37857142857143,2018,3,vet,True,8,1,16.783941579810566,-1.4053701512391363,3,2.3333333333333335,16.18422619047619,12.0,13.714285714285714,0.8571428571428571,0.75,0.9166666666666666,13.711607142857142,1.0,1.3583333333333345,16.18422619047619,17.308333333333334,1.9910714285714288,1.5,1.5833333333333333,1.3333333333333333,16.083333333333336,15.833333333333334,18.074404761904763,17.333333333333332,13.4375,12.5,86.3809523809524,88.91666666666667,2.208333333333333,4.083333333333333,0.0565421923637938,0.0385438972161915,0.0062613229780832,0.0121347201584913,0.5027208943172191,0.3838383838376084,0.0891962146303489,0.0663101499352312,1.5991868010670225,2.7222222220709877,8.627777777328454,9.374999999414062,0.8163712118314415,0.8888888888395061,2.142857142857143,3.0,1.7767857142821804,1.124999999997591,13.821428571397153,11.87499999997601,15.598214285679331,12.999999999973602,7.116886163009387,8.333333332870371,8.566666666235044,8.312499999480469,0.0098522167484287,0.0,0.1486822487812612,0.2698646235880043,5.382500504591691,5.615789473654654,0.0,31.3125,31.3125,29.1875,29.1875,252.375,252.375,30.9375,30.9375,62.25,62.25,0.5030120481927711,0.5030120481927711,3.0,3.0,231.3125,231.3125,25.68104038329911,35.0,3.5553480614894135,3,17.0,12.664705882352942,0.8235294117647058,1.076921803666318,0.9740211158848722
2021,Saquon Barkley,RB,12.0,2.8,NYG,00-0034844,13,11.430769230769233,2018,3,vet,True,9,2,16.783941579810566,-5.353172349041335,3,2.3333333333333335,13.20947802197802,2.0,7.142857142857143,0.4464285714285714,0.125,0.6458333333333334,8.35357142857143,1.0,-11.076923076923077,13.20947802197802,7.699999999999999,5.256181318681318,4.5,3.669642857142857,3.0,12.52815934065934,9.5,17.78434065934066,14.0,33.20673076923077,30.0,43.42788461538462,17.0,11.21565934065934,17.0,0.0758715304935972,0.017999999999964,0.0092573920435391,0.0086934287905884,0.3038084790982641,0.0476190476189282,0.1202874701708732,0.0330854001533578,2.418729188099831,3.777777777358025,9.252747251736151,9.999999998333331,0.6919129023276704,0.6666666665925925,2.2941176470588234,1.7647058823529411,2.705357142852401,0.562499999998875,6.883928571409584,1.187499999997024,9.589285714261983,1.7499999999958988,6.375049192777213,6.666666665925926,8.850340135121877,9.166666665138887,0.0125503388266558,0.0,0.2517574112219713,0.4045906930893421,3.0585424575698617,1.7894736841163434,0.0,32.3125,32.3125,31.25,31.25,244.4375,244.4375,24.9375,24.9375,57.25,57.25,0.5644104803493449,0.5644104803493449,1.5625,1.5625,208.5,208.5,24.55852156057495,2.0,0.6931471805599453,3,17.0,8.741176470588236,0.7647058823529411,1.106882945846305,1.0101823550200326
2021,Najee Harris,RB,12.9,2.5,PIT,00-0036893,17,17.688235294117646,2021,0,rookie,True,10,2,16.113404977375566,1.57483031674208,0,,,,,,,,,,,,,,,,,,,,,,,,,,,,,,,,,,,,,,,,,,,,,,,,,,,,,,,,,,,,,,,,,,,,,,,,,,,,23.482546201232033,24.0,3.1780538303479458,0,17.0,17.688235294117646,1.0,1.0931994096619773,1.0523025368807257
2021,Jonathan Taylor,RB,13.8,2.6,IND,00-0036223,17,21.947058823529417,2020,1,soph,True,11,2,15.798529411764708,6.148529411764706,1,1.0,16.853333333333335,15.0,15.0,0.9375,0.9375,0.9375,15.800000000000002,1.0,0.0,16.853333333333335,16.853333333333335,2.6,2.6,2.4,2.4,15.466666666666669,15.466666666666669,18.066666666666663,18.066666666666663,19.933333333333337,19.933333333333337,77.93333333333334,77.93333333333334,-2.933333333333333,-2.933333333333333,0.0728971962615459,0.0728971962615459,-0.0111448834853061,-0.0111448834853061,0.5054466230925807,0.5054466230925807,0.1015443759526046,0.1015443759526046,-1.1282051281762,-1.1282051281762,8.305555555324846,8.305555555324846,0.9230769230532544,0.9230769230532544,0.0,0.0,2.437499999995444,2.437499999995444,14.49999999996841,14.49999999996841,16.937499999963855,16.937499999963855,7.666666666470086,7.666666666470086,10.055555555276236,10.055555555276236,0.0256410256403681,0.0256410256403681,0.3394267550602472,0.3394267550602472,5.038793103426557,5.038793103426557,0.0,34.5,34.5,33.4375,33.4375,246.75,246.75,28.6875,28.6875,63.1875,63.1875,0.5459940652818991,0.5459940652818991,2.75,2.75,261.625,261.625,22.61738535249829,41.0,3.713572066704308,1,17.0,21.947058823529417,1.0,1.0482051383297588,1.082713423823864
2021,Antonio Gibson,RB,15.6,2.3,WAS,00-0036328,16,14.31875,2020,1,soph,True,12,2,15.48991409805029,-1.1711640980502906,1,1.0,14.44285714285714,14.0,14.0,0.875,0.875,0.875,12.6375,1.0,0.0,14.44285714285714,14.44285714285714,3.142857142857143,3.142857142857143,2.5714285714285716,2.5714285714285716,12.142857142857142,12.142857142857142,15.285714285714286,15.285714285714286,17.642857142857142,17.642857142857142,56.785714285714285,56.785714285714285,-2.5714285714285716,-2.5714285714285716,0.0767888307153982,0.0767888307153982,-0.0100727476217095,-0.0100727476217095,0.4249999999989375,0.4249999999989375,0.1081323227379007,0.1081323227379007,-0.8181818181632232,-0.8181818181632232,6.861111110920525,6.861111110920525,0.8181818181632232,0.8181818181632232,0.0,0.0,2.7499999999952007,2.7499999999952007,10.624999999973438,10.624999999973438,13.374999999968638,13.374999999968638,5.613636363508782,5.613636363508782,8.36111111087886,8.36111111087886,0.0,0.0,-0.1541721089853559,-0.1541721089853559,4.676470588207786,4.676470588207786,0.0,37.5625,37.5625,35.8125,35.8125,223.375,223.375,25.0,25.0,62.5625,62.5625,0.6003996003996004,0.6003996003996004,2.125,2.125,237.25,237.25,23.19233401779603,66.0,4.189654742026425,1,17.0,13.476470588235294,0.9411764705882352,1.0812962375629627,1.063178983652095
2021,Joe Mixon,RB,19.2,2.6,CIN,00-0033897,16,17.99375,2017,4,vet,True,13,2,15.48991409805029,2.5038359019497083,4,2.6470588235294117,15.600952380952382,6.0,10.266666666666667,0.6416666666666667,0.375,0.78125,9.69375,1.0,2.512500000000001,15.600952380952382,16.6,3.746825396825397,4.333333333333333,3.0023809523809524,3.5,18.315873015873017,19.833333333333332,22.062698412698413,24.166666666666668,21.235714285714284,23.0,71.09920634920634,71.33333333333333,-2.7492063492063488,-4.833333333333333,0.0633803681465855,0.0459363957596361,-0.0039477509404139,-0.0062906724511916,0.4664730796272757,0.2895377128946726,0.0923071265615885,0.06450112292362,-0.6650837180000077,-1.115384615341716,7.247035806298716,6.571428571115646,0.8012425918060246,0.8076923076612426,0.4,0.0,2.2166666666627055,1.624999999997129,11.316666666637513,7.437499999981904,13.533333333300217,9.062499999979034,5.811830826948677,5.307692307488166,8.59287559952629,8.142857142469389,0.0407148407136126,0.0384615384600591,0.1426842288400714,0.1707342668032748,3.900414366034918,3.5966386554319607,0.0,36.3125,36.3125,35.375,35.375,288.125,288.125,25.6875,25.6875,62.0,62.0,0.5856854838709677,0.5856854838709677,2.0,2.0,237.0625,237.0625,25.10609171800137,48.0,3.871201010907891,4,17.0,16.935294117647057,0.9411764705882352,1.0974213218925142,0.9916088496949017
2021,Clyde Edwards-Helaire,RB,20.4,2.3,KC,00-0036360,10,11.76,2020,1,soph,True,14,2,14.434106455309395,-2.6741064553093956,1,1.0,13.538461538461538,13.0,13.0,0.8125,0.8125,0.8125,11.0,1.0,0.0,13.538461538461538,13.538461538461538,4.153846153846154,4.153846153846154,2.769230769230769,2.769230769230769,13.923076923076923,13.923076923076923,18.076923076923077,18.076923076923077,22.846153846153847,22.846153846153847,61.76923076923077,61.76923076923077,2.5384615384615383,2.5384615384615383,0.0883797054008373,0.0883797054008373,0.0066666666666653,0.0066666666666653,0.4491315136465282,0.4491315136465282,0.1372362247679217,0.1372362247679217,0.6111111110997943,0.6111111110997943,8.249999999770834,8.249999999770834,0.6666666666543211,0.6666666666543211,3.0,3.0,3.3749999999944764,3.3749999999944764,11.312499999971928,11.312499999971928,14.687499999966406,14.687499999966406,5.499999999898148,5.499999999898148,8.194444444216822,8.194444444216822,0.0185185185181755,0.0185185185181755,0.0399002575639565,0.0399002575639565,4.436464088373279,4.436464088373279,0.0,39.375,39.375,38.1875,38.1875,309.375,309.375,25.1875,25.1875,64.5625,64.5625,0.6098741529525653,0.6098741529525653,3.3125,3.3125,312.8125,312.8125,22.392881587953458,32.0,3.4657359027997265,1,17.0,6.917647058823529,0.5882352941176471,1.0323648893209674,1.0895813387248376
2021,David Montgomery,RB,25.9,3.4,CHI,00-0035685,13,15.0,2019,2,vet,True,15,3,14.434106455309395,0.5658935446906046,2,1.8,15.318888888888887,15.0,15.333333333333334,0.9583333333333334,0.9375,0.96875,14.583333333333334,1.0,7.003333333333332,15.318888888888887,17.653333333333332,3.7513888888888887,4.533333333333333,2.920833333333333,3.6,16.019444444444442,16.466666666666665,19.770833333333332,21.0,23.320833333333336,29.2,66.07638888888889,71.33333333333333,4.802777777777778,4.266666666666667,0.0966751250976612,0.1140939597313522,0.0161552069620248,0.0134850400337097,0.6232185611046965,0.6284987277337697,0.1563213325199093,0.1805804676206251,1.5226890755954468,0.9411764705743944,7.874074073875271,8.111111110960906,0.7675070027865322,0.7941176470471453,2.6560283687943262,3.0,3.562499999993958,4.24999999999287,15.333333333294382,15.437499999960718,18.89583333328834,19.687499999953587,6.056022408850097,6.441176470493512,6.968888888715154,7.3333333331975314,0.0291316526605039,0.0294117647054498,0.0141542576158239,0.0512679596934778,4.112507110098014,4.331983805650478,0.0,38.375,38.375,37.25,37.25,296.625,296.625,24.5625,24.5625,62.9375,62.9375,0.6097318768619663,0.6097318768619663,2.375,2.375,245.3125,245.3125,24.23545516769336,73.0,4.290459441148391,2,17.0,11.470588235294118,0.7647058823529411,1.1075383084183414,1.0223914240884646
2021,Chris Carson,RB,28.0,3.2,SEA,00-0033594,4,12.025,2017,4,vet,True,16,3,13.416324058711414,-1.3913240587114135,4,2.6470588235294117,15.061539682539683,12.0,12.533333333333331,0.7833333333333333,0.75,0.703125,11.980416666666668,1.0,0.1433333333333344,15.061539682539683,15.65,3.2419047619047623,3.8333333333333335,2.6093650793650793,3.0833333333333335,14.377936507936507,11.75,17.61984126984127,15.583333333333334,20.020158730158737,23.916666666666668,66.56190476190476,56.75,2.1315873015873015,5.083333333333333,0.0800709711792164,0.0856610800743283,0.0046363613884757,0.0135736537605666,0.4067515928812569,0.3430656934298222,0.1233519097407576,0.1379931777438892,0.5710170623637332,1.3260869564929112,7.702625482327255,7.756756756547116,0.808359029679292,0.8043478260694708,1.8,3.0,2.549999999994996,2.874999999994646,11.595833333307914,8.81249999997856,14.145833333302908,11.687499999973204,6.23397831205867,6.239130434646976,7.513951093672307,6.945945945758218,0.0660576626557414,0.08695652173724,-0.0708801922790578,-0.2894821940303413,4.660058374290728,4.8297872340082995,0.0,35.1875,35.1875,33.5625,33.5625,280.875,280.875,25.6875,25.6875,60.875,60.875,0.5780287474332649,0.5780287474332649,3.4375,3.4375,265.3125,265.3125,26.9596167008898,249.0,5.517452896464707,4,17.0,2.8294117647058825,0.2352941176470588,0.9956063320114575,0.9363710589337788
2021,James Robinson,RB,29.1,3.3,JAX,00-0035831,14,12.421428571428573,2020,1,soph,True,17,3,13.416324058711414,-0.9948954872828412,1,1.0,17.885714285714286,14.0,14.0,0.875,0.875,0.875,15.65,1.0,0.0,17.885714285714286,17.885714285714286,4.285714285714286,4.285714285714286,3.5,3.5,17.142857142857142,17.142857142857142,21.428571428571427,21.428571428571427,24.571428571428573,24.571428571428573,76.42857142857143,76.42857142857143,-3.5,-3.5,0.1025641025639272,0.1025641025639272,-0.0103419164204283,-0.0103419164204283,0.7121661721047117,0.7121661721047117,0.146606812351591,0.146606812351591,-0.8166666666530557,-0.8166666666530557,7.020408163122033,7.020408163122033,0.8166666666530557,0.8166666666530557,0.0,0.0,3.74999999999359,3.74999999999359,14.99999999995549,14.99999999995549,18.74999999994908,18.74999999994908,5.733333333237778,5.733333333237778,7.816326530452729,7.816326530452729,0.0499999999991666,0.0499999999991666,0.108219215688727,0.108219215688727,4.458333333314757,4.458333333314757,0.0,38.5,38.5,36.5625,36.5625,296.125,296.125,21.0625,21.0625,59.5625,59.5625,0.646379853095488,0.646379853095488,2.125,2.125,247.1875,247.1875,23.06365503080082,260.0,5.560681631015528,1,17.0,10.229411764705883,0.8235294117647058,1.074922164615441,1.0677843415139983
2021,D'Andre Swift,RB,34.0,4.1,DET,00-0036275,13,16.06923076923077,2020,1,soph,True,18,3,13.416324058711414,2.652906710519357,1,1.0,14.6,13.0,13.0,0.8125,0.8125,0.8125,11.8625,1.0,0.0,14.6,14.6,4.384615384615385,4.384615384615385,3.5384615384615383,3.5384615384615383,8.76923076923077,8.76923076923077,13.153846153846152,13.153846153846152,27.46153846153846,27.46153846153846,40.07692307692308,40.07692307692308,3.8461538461538463,3.8461538461538463,0.1014234875443035,0.1014234875443035,0.0102228583111817,0.0102228583111817,0.3106267029964288,0.3106267029964288,0.1592912321342824,0.1592912321342824,0.8771929824407511,0.8771929824407511,7.760869565048678,7.760869565048678,0.807017543845491,0.807017543845491,3.0,3.0,3.5624999999936615,3.5624999999936615,7.124999999980585,7.124999999980585,10.687499999974246,10.687499999974246,6.263157894626962,6.263157894626962,7.630434782442817,7.630434782442817,0.03508771929763,0.03508771929763,0.1645470073675934,0.1645470073675934,4.570175438556402,4.570175438556402,0.0,36.375,36.375,35.125,35.125,305.6875,305.6875,22.9375,22.9375,59.3125,59.3125,0.613277133825079,0.613277133825079,2.75,2.75,274.8125,274.8125,22.63107460643395,35.0,3.5553480614894135,1,17.0,12.28823529411765,0.7647058823529411,1.0491225044522292,1.0822801776145183
2021,Josh Jacobs,RB,35.4,4.1,LV,00-0035700,15,15.066666666666666,2019,2,vet,True,19,3,13.416324058711414,1.6503426079552526,2,1.8,15.192820512820512,15.0,14.333333333333334,0.8958333333333334,0.9375,0.875,13.629166666666668,1.0,0.6815384615384623,15.192820512820512,15.42,2.692307692307692,3.0,1.9794871794871796,2.2,18.33846153846154,18.2,21.03076923076923,21.2,14.834188034188037,15.866666666666667,76.82051282051282,71.0,0.594871794871795,2.2,0.0756913155730968,0.0860420650093957,0.0015566234167207,0.0075068243858035,0.5828413675217855,0.597374179429765,0.1146266097513497,0.1343178745841561,0.069135802473818,0.7333333333170371,7.574747474463443,7.212121211902664,0.7358024691157934,0.7333333333170371,2.0,3.0,2.4374999999952696,2.8124999999946225,16.41666666663024,17.062499999962665,18.854166666625503,19.87499999995729,5.575308641821052,5.288888888771359,7.858080807782609,7.212121211902664,0.0,0.0,0.0521122723573665,0.0058062288885464,4.184754639284022,3.901098901084611,0.0,34.4375,34.4375,32.6875,32.6875,274.75,274.75,28.5625,28.5625,63.0,63.0,0.5466269841269841,0.5466269841269841,3.0,3.0,273.9375,273.9375,23.55373032169747,24.0,3.1780538303479458,2,17.0,13.294117647058824,0.8823529411764706,1.09557820045316,1.049536332821477
2021,Miles Sanders,RB,38.7,4.4,PHI,00-0035243,12,9.766666666666667,2019,2,vet,True,20,3,13.006055194805196,-3.2393885281385284,2,1.8,14.022916666666667,12.0,13.333333333333334,0.8333333333333334,0.75,0.875,11.65625,1.0,0.53125,14.022916666666667,14.2,4.201388888888888,4.333333333333333,2.5972222222222223,2.3333333333333335,12.840277777777777,13.666666666666666,17.041666666666668,18.0,21.54861111111111,16.416666666666668,65.20833333333333,72.25,8.006944444444445,7.916666666666667,0.0965626266559532,0.0926916221032215,0.021608745994113,0.018767285657839,0.4027229697960443,0.4069478908178487,0.159970062179809,0.1521745331153197,1.911070411035987,1.826923076887944,8.083809523574141,7.03571428546301,0.623524623513521,0.5384615384511835,2.382456140350877,2.0736842105263156,3.479166666660632,3.249999999994207,10.56249999997483,10.249999999974566,14.041666666635464,13.499999999968772,5.218762718671401,3.788461538388684,7.77714285690837,7.535714285445153,0.0158730158727639,0.0,-0.1490606078685145,-0.3699989855906009,5.047667711283985,5.2865853658214235,0.0,37.375,37.375,35.0625,35.0625,316.375,316.375,25.1875,25.1875,62.5625,62.5625,0.5974025974025974,0.5974025974025974,2.375,2.375,233.0,233.0,24.33675564681725,53.0,3.970291913552122,2,17.0,6.894117647058825,0.7058823529411765,1.1077474470479367,1.0184687197032822
2021,Mike Davis,RB,43.1,5.2,ATL,00-0032063,17,8.129411764705882,2015,6,vet,True,21,4,12.035856922066072,-3.9064451573601904,6,2.9076923076923076,9.324172335600908,15.0,11.73015873015873,0.7331349206349206,0.9375,0.5625,8.082142857142857,1.0,11.783333333333337,9.324172335600908,13.766666666666667,3.3189720332577477,4.666666666666667,2.776568405139834,3.933333333333333,8.00256991685563,11.0,11.321541950113378,15.666666666666666,16.993801965230535,24.866666666666667,30.18442932728647,42.8,-1.325170068027211,-2.6,0.0854353859312929,0.1328273244779263,-0.0048663626310995,-0.0096367679762763,0.2500785796127738,0.4054054054044093,0.1247466250551696,0.192495249133496,-0.1131616179538459,-0.557142857134898,5.713846216123263,6.322033898197932,0.8336414907406001,0.842857142845102,1.2515262515262515,0.0,2.776785714280259,4.374999999991698,6.675595238079348,10.312499999974662,9.452380952359606,14.68749999996636,4.719212357105237,5.328571428495306,6.439519988447488,7.152542372760127,0.0175359032499096,0.0285714285710204,-0.0704518583657949,-0.0935996326275672,3.420509423185373,3.89090909088551,1.0,39.25,34.375,37.8125,32.9375,326.8125,252.9375,25.5625,25.4375,64.8125,59.8125,0.6055930568948891,0.5747126436781609,2.5,2.1875,288.75,258.0625,28.531143052703623,126.0,4.836281906951478,6,17.0,8.129411764705882,1.0,0.85908454700905,0.9067886504621029
2021,Darrell Henderson Jr.,RB,43.8,4.9,LA,00-0035664,11,14.7,2019,2,vet,True,22,4,12.035856922066072,2.664143077933927,2,1.8,6.62074074074074,15.0,13.0,0.8125,0.9375,0.75,5.895833333333333,1.0,6.1977777777777785,6.62074074074074,8.686666666666667,1.288888888888889,1.6,0.8592592592592592,1.0666666666666669,7.577777777777777,9.2,8.866666666666667,10.8,8.437037037037037,10.6,33.17777777777778,41.6,0.8222222222222223,1.0666666666666669,0.0317377247458328,0.0427046263344435,0.0029723911748028,0.0041461518528105,0.2269221238653191,0.2917547568704191,0.0496872609411113,0.0669592457986327,0.6111111110648147,0.6666666666388888,9.708333332148436,9.937499999378906,0.6666666666111111,0.6666666666388888,3.0,3.0,1.1249999999980165,1.499999999997331,6.562499999985818,8.624999999981766,7.687499999983832,10.124999999979096,6.472222221695603,6.624999999723959,9.7499999988125,9.999999999375,0.0277777777766203,0.0416666666649305,-0.0199377175782839,-0.030341230375485,4.270903009979385,4.5217391304020165,0.0,36.875,36.875,35.125,35.125,241.1875,241.1875,29.5625,29.5625,66.4375,66.4375,0.555032925682032,0.555032925682032,2.4375,2.4375,261.4375,261.4375,24.035592060232716,70.0,4.248495242049359,2,17.0,9.511764705882351,0.6470588235294118,1.1059736282274064,1.0302995448506487
2021,Myles Gaskin,RB,45.7,4.8,MIA,00-0035311,17,10.211764705882352,2019,2,vet,True,23,4,12.035856922066072,-1.82409221618372,2,1.8,12.44190476190476,10.0,9.0,0.5625,0.625,0.53125,7.495833333333333,1.0,11.934285714285712,12.44190476190476,16.419999999999998,3.704761904761905,4.7,3.0666666666666664,4.1,11.180952380952382,14.2,14.885714285714284,18.9,28.295238095238098,38.8,45.26666666666667,58.4,0.7619047619047619,1.0,0.0638828050994071,0.0859232175501171,0.0016884097922575,0.0023485204321272,0.2555677547771655,0.3317757009338042,0.097006094503691,0.1305287906276647,0.1973995271791136,0.2127659574422815,8.737514517501507,9.463414633915528,0.7760047281038105,0.8723404255133546,3.0,3.0,2.2083333333293407,2.9374999999946296,6.666666666650694,8.874999999979265,8.874999999980036,11.812499999973896,6.920212765722295,8.255319148760526,8.499419279440284,9.463414633915528,0.0283687943256375,0.0425531914884563,0.2006406158216112,0.3772799847197918,3.973265518986651,4.112676056309066,0.0,34.9375,34.9375,34.1875,34.1875,266.125,266.125,26.75,26.75,61.6875,61.6875,0.5663627152988855,0.5663627152988855,2.4375,2.4375,246.0625,246.0625,24.542094455852155,234.0,5.455321115357702,2,17.0,10.211764705882352,1.0,1.1070084668704219,1.010779815428252
2021,Javonte Williams,RB,52.7,6.5,DEN,00-0036997,17,12.052941176470588,2021,0,rookie,True,24,4,11.36028003858886,0.6926611378817267,0,,,,,,,,,,,,,,,,,,,,,,,,,,,,,,,,,,,,,,,,,,,,,,,,,,,,,,,,,,,,,,,,,,,,,,,,,,,,21.352498288843258,35.0,3.5553480614894135,0,17.0,12.052941176470588,1.0,0.9437066080576144,1.037017884115176
2021,Kareem Hunt,RB,53.2,5.8,CLE,00-0033923,8,13.75,2017,4,vet,True,25,4,11.36028003858886,2.389719961411138,4,2.6470588235294117,14.683636363636364,16.0,13.2,0.825,1.0,0.796875,12.121666666666666,1.0,0.9812499999999992,14.683636363636364,13.65625,3.8534090909090906,3.1875,3.0359848484848486,2.375,11.36060606060606,12.375,15.214015151515152,15.5625,26.11098484848485,19.0,49.51704545454545,52.5625,4.786742424242424,4.4375,0.0971679239428634,0.1092077087792094,0.0148966371967418,0.0175829618623037,0.3496442992089798,0.3999999999991919,0.1561795319520144,0.1761196364724267,1.3226472002657483,1.392156862717801,8.831509302954267,7.999999999789474,0.7767603202731237,0.7450980392010765,3.0,3.0,2.987499999993927,3.1874999999931743,9.95833333331148,12.374999999975,12.945833333305409,15.562499999968177,6.827839175924095,5.960784313608612,8.169328215767903,7.368421052437673,0.088189457599247,0.0980392156843521,0.3318371466113901,0.1994773392935024,4.307640641076494,4.247474747453296,0.0,31.3125,31.3125,29.1875,29.1875,252.375,252.375,30.9375,30.9375,62.25,62.25,0.5030120481927711,0.5030120481927711,3.0,3.0,231.3125,231.3125,26.072553045859,86.0,4.454347296253507,4,17.0,6.470588235294118,0.4705882352941176,1.0570420472216266,0.9624501092824125
2021,Damien Harris,RB,55.5,6.1,NE,00-0035657,15,14.006666666666666,2019,2,vet,True,26,4,11.36028003858886,2.646386628077805,2,1.8,6.4866666666666655,10.0,7.0,0.4375,0.625,0.34375,3.8291666666666657,1.0,7.929999999999999,6.4866666666666655,9.13,0.4666666666666666,0.7,0.3333333333333333,0.5,10.466666666666669,13.7,10.933333333333332,14.4,3.466666666666667,5.2,50.06666666666666,69.1,-0.1999999999999999,-0.3,0.0111111111110846,0.0166666666666269,-0.0006811989100815,-0.0010217983651222,0.1849217596426397,0.2729083665333209,0.0161898274295699,0.0242847411443548,-0.2857142856734694,-0.4285714285102041,6.933333331946667,10.39999999792,0.4761904761224489,0.7142857141836735,0.0,0.0,0.2916666666659722,0.4374999999989583,5.79166666665511,8.562499999982943,6.083333333321082,8.999999999981902,4.95238095167347,7.428571427510204,7.333333331866666,10.9999999978,0.0,0.0,-0.8778449610850149,-1.3167674416275224,4.36253041335076,5.0437956204011405,0.0,27.5,27.5,26.25,26.25,183.5,183.5,31.375,31.375,58.875,58.875,0.4670912951167728,0.4670912951167728,2.0,2.0,195.25,195.25,24.553045859000683,87.0,4.465908118654584,2,17.0,12.358823529411763,0.8823529411764706,1.106929475117321,1.010380445826073
2021,Gus Edwards,RB,56.6,8.7,BAL,00-0034184,0,,2018,3,vet,False,27,5,11.36028003858886,,3,2.3333333333333335,7.398376623376622,16.0,15.285714285714286,0.9553571428571428,1.0,0.8958333333333334,7.033928571428571,1.0,2.2249999999999996,7.398376623376622,8.0125,0.6152597402597403,0.8125,0.4724025974025974,0.5625,9.29707792207792,9.0,9.912337662337665,9.8125,5.670454545454546,8.0625,47.842532467532465,45.1875,1.788961038961039,3.0625,0.0241975006125345,0.0331632653060378,0.0082751190828266,0.0143232972814924,0.2478005144368858,0.2594594594589919,0.0420888342767804,0.0597712060561014,2.3681318678590446,3.769230768940828,11.455782311038442,14.33333333174074,0.824175824033148,0.6923076922544379,2.706122448979592,2.63265306122449,0.6071428571413449,0.8124999999979273,8.74107142855594,8.999999999983784,9.348214285697283,9.81249999998171,8.935635791365794,9.923076922313609,8.955782311399552,10.333333332185186,0.0,0.0,0.4281489730018296,0.4529359076011748,5.145134081256036,5.020833333298467,0.0,25.375,25.375,24.5,24.5,213.8125,213.8125,34.6875,34.6875,60.0625,60.0625,0.4224765868886576,0.4224765868886576,3.1875,3.1875,182.4375,182.4375,26.38740588637919,260.0,5.560681631015528,3,17.0,,0.0,1.0377033149381265,0.9531503596674709
2021,Chase Edmonds,RB,60.4,6.2,ARI,00-0034681,11,13.0,2018,3,vet,True,28,5,11.36028003858886,1.6397199614111386,3,2.3333333333333335,8.534821428571428,16.0,14.857142857142858,0.9285714285714286,1.0,0.9166666666666666,8.041964285714286,1.0,3.6000000000000005,8.534821428571428,10.5,3.0982142857142856,4.1875,2.357142857142857,3.3125,5.428571428571429,6.0625,8.526785714285714,10.25,17.776785714285715,25.125,25.071428571428573,28.0,4.842261904761905,8.4375,0.0885377138775574,0.1229357798162882,0.017679984962439,0.0310202205882281,0.1831521806230193,0.2025052192062578,0.1451825602900434,0.206117824136192,1.1510901570057708,2.014925373104255,7.569946091317307,7.584905660234248,0.7395144949409433,0.7910447761075963,2.558730158730159,2.977777777777778,2.973214285708752,4.187499999992316,5.071428571417124,6.0624999999873435,8.044642857125877,10.24999999997966,5.496894409790873,5.999999999910448,6.879110511811516,6.15094339611036,0.0477205807684642,0.0597014925364223,0.0194935613111478,0.1355583587408676,4.577270495767687,4.618556700983314,0.0,35.9375,35.9375,34.0625,34.0625,272.0,272.0,29.9375,29.9375,65.875,65.875,0.5455407969639469,0.5455407969639469,3.0625,3.0625,256.375,256.375,25.38535249828884,134.0,4.897839799950911,3,17.0,8.411764705882353,0.6470588235294118,1.088780990144424,0.9829109453205513
2021,Raheem Mostert,RB,63.0,7.9,SF,00-0031687,1,2.0,2015,6,vet,False,29,5,11.037614360661992,-9.037614360661992,6,2.9076923076923076,9.622927689594356,8.0,9.88888888888889,0.6180555555555556,0.5,0.53125,6.1305555555555555,1.0,2.012500000000001,9.622927689594356,12.4625,1.6666666666666667,2.375,1.3333333333333333,2.0,9.39153439153439,13.0,11.058201058201057,15.375,13.158730158730158,19.5,49.87830687830687,65.125,1.9206349206349207,2.5,0.0311104462159057,0.0342960288808045,0.0063625111985656,0.0053908355795133,0.2019584668694302,0.2379862700223387,0.0511194271628545,0.0552176282268661,0.9815881695167072,1.052631578891967,8.746787603299516,9.749999999390624,0.698195705669095,0.8421052631135734,2.5714285714285716,3.0,1.0079365079345637,1.1874999999978564,5.771825396812775,6.499999999985127,6.779761904747338,7.6874999999829825,6.701862881935274,8.21052631535734,8.060468631271316,8.49999999946875,0.0498215235032775,0.0526315789445983,0.2012768369616624,0.284036277423026,5.458413348187959,5.009615384567215,0.0,35.625,35.625,34.625,34.625,231.875,231.875,27.3125,27.3125,62.9375,62.9375,0.5660377358490566,0.5660377358490566,2.75,2.75,270.0,270.0,29.39630390143737,260.0,5.560681631015528,6,17.0,0.1176470588235294,0.0588235294117647,0.7878943447185536,0.904845609166177
2021,Trey Sermon,RB,67.7,5.9,SF,00-0036984,3,8.933333333333334,2021,0,rookie,False,30,5,10.925918745824406,-1.9925854124910725,0,,,,,,,,,,,,,,,,,,,,,,,,,,,,,,,,,,,,,,,,,,,,,,,,,,,,,,,,,,,,,,,,,,,,,,,,,,,,22.587268993839835,88.0,4.477336814478207,0,17.0,1.576470588235294,0.1764705882352941,1.0461675029583675,1.0836611586341764
2021,Melvin Gordon III,RB,75.2,6.6,DEN,00-0032144,16,12.19375,2015,6,vet,True,31,6,10.925918745824406,1.2678312541755936,6,2.9076923076923076,15.33811471597186,15.0,13.841269841269842,0.8650793650793651,0.9375,0.8541666666666666,13.102678571428571,1.0,-1.839999999999998,15.33811471597186,13.226666666666668,3.862890284318856,2.933333333333333,2.8692830978545265,2.1333333333333333,14.51671608814466,14.333333333333334,18.379606372463513,17.266666666666666,19.929774986917845,10.533333333333331,63.252174545031686,65.73333333333333,-1.0341095412523982,0.6,0.0960410640814893,0.0825515947465618,-0.0024973316246751,0.0018382352941172,0.4859070234942244,0.4864253393654153,0.1423134639849613,0.1251141568257248,-0.1863584062667328,0.2045454545408058,6.480106304234856,4.937499999845704,0.7409076866127104,0.7272727272561984,1.619047619047619,3.0,3.2728174603114577,2.749999999994841,12.59920634917598,13.437499999969598,15.872023809487438,16.187499999964437,4.813378155836005,3.5909090908274797,6.859523834199566,5.062499999841798,0.0280313781893877,0.0227272727267562,-0.1814436510879573,-0.4168943471592879,4.357976909633972,4.586046511606577,0.0,34.75,34.75,33.3125,33.3125,306.0,306.0,27.625,27.625,62.375,62.375,0.5571142284569138,0.5571142284569138,2.125,2.125,229.5625,229.5625,28.386036960985628,15.0,2.70805020110221,6,17.0,11.476470588235294,0.9411764705882352,0.8716464091979882,0.9079485415971207
2021,Michael Carter,RB,76.1,5.0,NYJ,00-0036924,14,11.028571428571428,2021,0,rookie,True,32,6,10.925918745824406,0.1026526827470224,0,,,,,,,,,,,,,,,,,,,,,,,,,,,,,,,,,,,,,,,,,,,,,,,,,,,,,,,,,,,,,,,,,,,,,,,,,,,,22.321697467488026,107.0,4.672828834461906,0,17.0,9.08235294117647,0.8235294117647058,1.0270410112510922,1.0916598937483313
2021,AJ Dillon,RB,79.1,5.7,GB,00-0036265,17,10.91764705882353,2020,1,soph,True,33,6,10.925918745824406,-0.0082716870008763,1,1.0,4.477777777777778,9.0,9.0,0.5625,0.5625,0.5625,2.51875,1.0,0.0,4.477777777777778,4.477777777777778,0.2222222222222222,0.2222222222222222,0.2222222222222222,0.2222222222222222,5.111111111111111,5.111111111111111,5.333333333333333,5.333333333333333,2.3333333333333335,2.3333333333333335,26.88888888888889,26.88888888888889,0.5555555555555556,0.5555555555555556,0.0039920159680559,0.0039920159680559,0.0012410027302056,0.0012410027302056,0.1038374717830613,0.1038374717830613,0.0068567258632278,0.0068567258632278,2.49999999875,2.49999999875,10.49999999475,10.49999999475,0.9999999995,0.9999999995,3.0,3.0,0.1249999999997505,0.1249999999997505,2.87499999999351,2.87499999999351,2.9999999999932605,2.9999999999932605,10.49999999475,10.49999999475,7.999999996,7.999999996,0.0,0.0,0.9088687479200832,0.9088687479200832,5.260869565103025,5.260869565103025,0.0,32.875,32.875,31.3125,31.3125,251.8125,251.8125,27.6875,27.6875,60.5625,60.5625,0.542827657378741,0.542827657378741,4.0,4.0,268.6875,268.6875,23.3347022587269,62.0,4.127134385045092,1,17.0,10.91764705882353,1.0,1.0875743255728274,1.0579268846239824
2021,Ronald Jones,RB,79.8,5.8,TB,00-0034816,15,5.28,2018,3,vet,True,34,6,9.51747964997965,-4.23747964997965,3,2.3333333333333335,10.996173469387756,14.0,13.571428571428571,0.8482142857142857,0.875,0.7708333333333334,9.808035714285714,1.0,2.913392857142858,10.996173469387756,13.30714285714286,2.6122448979591835,3.0,1.8392857142857144,2.0,11.377551020408164,13.714285714285714,13.989795918367347,16.714285714285715,12.926020408163266,11.785714285714286,53.744897959183675,69.85714285714286,1.760204081632653,2.642857142857143,0.060509002768354,0.0693069306929549,0.0048394715384161,0.0066570708888077,0.425928938804513,0.5203252032506225,0.0941511342294223,0.1086203456615978,0.4954648526150583,0.8809523809314059,6.888742593503379,5.892857142646684,0.7134920634651118,0.6666666666507937,2.5714285714285716,3.0,2.2946428571390753,2.624999999995669,10.133928571401952,11.99999999996748,12.428571428541028,14.62499999996315,4.9758503399692255,3.928571428477891,6.770901908826468,5.607142856942602,0.0136054421765468,0.0238095238089569,-0.3173040330642114,-0.5121481751040518,4.386664018455059,5.09374999997347,0.0,39.125,39.125,37.875,37.875,347.375,347.375,23.0625,23.0625,62.1875,62.1875,0.629145728643216,0.629145728643216,3.625,3.625,298.5,298.5,24.079397672826833,38.0,3.6375861597263857,3,17.0,4.658823529411765,0.8823529411764706,1.1064480417197309,1.0285520395496839
2021,Zack Moss,RB,83.8,7.1,BUF,00-0036251,13,8.092307692307692,2020,1,soph,True,35,6,9.4762971493062,-1.383989456998508,1,1.0,7.815384615384615,13.0,13.0,0.8125,0.8125,0.8125,6.35,1.0,0.0,7.815384615384615,7.815384615384615,1.3846153846153846,1.3846153846153846,1.0769230769230769,1.0769230769230769,8.615384615384615,8.615384615384615,10.0,10.0,7.3076923076923075,7.3076923076923075,37.0,37.0,2.4615384615384617,2.4615384615384617,0.0314685314684764,0.0314685314684764,0.0064334539605938,0.0064334539605938,0.2725060827243978,0.2725060827243978,0.0517062149751303,0.0517062149751303,1.7777777776790122,1.7777777776790122,6.7857142852295915,6.7857142852295915,0.7777777777345679,0.7777777777345679,2.96875,2.96875,1.1249999999980331,1.1249999999980331,6.999999999982968,6.999999999982968,8.124999999981002,8.124999999981002,5.277777777484568,5.277777777484568,6.214285713841837,6.214285713841837,0.0555555555524691,0.0555555555524691,0.0258050068431179,0.0258050068431179,4.294642857104512,4.294642857104512,0.0,37.25,37.25,35.75,35.75,310.875,310.875,25.6875,25.6875,62.9375,62.9375,0.5918570009930486,0.5918570009930486,3.5,3.5,299.125,299.125,23.71252566735113,86.0,4.454347296253507,1,17.0,6.188235294117646,0.7647058823529411,1.1000705344514707,1.0432519830446767
2021,Leonard Fournette,RB,90.1,7.3,TB,00-0033856,14,18.257142857142856,2017,4,vet,True,36,6,9.4762971493062,8.780845707836656,4,2.6470588235294117,13.66540170940171,12.0,12.333333333333334,0.7708333333333334,0.75,0.75,10.685833333333331,1.0,-6.293333333333333,13.66540170940171,11.0,4.546153846153846,3.9166666666666665,3.5023931623931626,3.0,12.613247863247864,8.083333333333334,17.15940170940171,12.0,24.26760683760684,19.416666666666668,49.44111111111111,30.583333333333332,0.3960683760683761,0.5833333333333334,0.101534772534765,0.0775577557754495,0.0012579266682122,0.0012594458438284,0.3983919159197816,0.2628726287255749,0.1531827074698961,0.1172182457538543,0.0659155300966138,0.1489361702095971,6.96390217950517,6.472222222042439,0.7739978177689525,0.7659574467922138,2.6,3.0,3.649999999993654,2.9374999999951523,9.8749999999751,6.0624999999835705,13.524999999968752,8.999999999978723,5.404134024252665,4.9574468084051615,7.291396420147056,6.527777777596452,0.0065170940168678,0.0,-0.0245994292988033,-0.0393190593046214,3.8759214170852343,3.78350515460017,0.0,39.125,39.125,37.875,37.875,347.375,347.375,23.0625,23.0625,62.1875,62.1875,0.629145728643216,0.629145728643216,3.625,3.625,298.5,298.5,26.62012320328542,4.0,1.3862943611198906,4,17.0,15.03529411764706,0.8235294117647058,1.0215580586516844,0.946246668766337
2021,Devin Singletary,RB,91.2,9.2,BUF,00-0035250,17,11.63529411764706,2019,2,vet,True,37,7,9.4762971493062,2.15899696834086,2,1.8,10.091666666666669,16.0,14.666666666666666,0.9166666666666666,1.0,0.875,9.064583333333331,1.0,-3.3500000000000014,10.091666666666669,8.975,3.222222222222222,3.125,2.388888888888889,2.375,10.694444444444445,9.75,13.916666666666666,12.875,16.597222222222225,16.8125,50.15277777777777,42.9375,3.819444444444444,3.1875,0.0864537524329738,0.0874125874124346,0.0113281063296684,0.0102533172496963,0.3612850901281315,0.3795620437946969,0.1376103030802287,0.1382962031934393,1.1759349593238977,1.0199999999796,6.949183302884215,7.078947368234765,0.74243902437436,0.7599999999848001,3.0,3.0,2.9374999999945968,3.124999999994537,9.645833333310753,9.749999999976277,12.58333333330535,12.874999999970814,5.163902438914188,5.379999999892401,6.937689050011048,7.078947368234765,0.0162601626012294,0.0,-0.0373722855390643,0.0097612718241971,4.646714212909229,4.403846153817924,0.0,37.25,37.25,35.75,35.75,310.875,310.875,25.6875,25.6875,62.9375,62.9375,0.5918570009930486,0.5918570009930486,3.5,3.5,299.125,299.125,23.994524298425738,74.0,4.30406509320417,2,17.0,11.63529411764706,1.0,1.1054634857249435,1.031942952652084
2021,Jamaal Williams,RB,92.0,7.5,DET,00-0033948,13,9.215384615384616,2017,4,vet,True,38,7,9.4762971493062,-0.2609125339215854,4,2.6470588235294117,9.216571428571427,14.0,14.333333333333334,0.8958333333333334,0.875,0.921875,8.223333333333333,1.0,-1.3714285714285737,9.216571428571427,9.078571428571427,2.6832539682539687,2.5,2.259920634920635,2.2142857142857144,8.259761904761906,8.5,10.943015873015872,11.0,16.723968253968255,16.857142857142858,34.337777777777774,36.07142857142857,0.5611904761904764,1.3571428571428572,0.0723793820699109,0.0698602794409783,0.0022252656335222,0.0047158103747816,0.287563100851345,0.2686230248300934,0.110126759048332,0.1080914864238146,0.2888553361632145,0.5428571428416327,7.525833287139988,7.612903225560874,0.8403165493617657,0.8857142856889797,2.2,3.0,2.3999999999954764,2.1874999999956337,7.395833333315362,7.437499999983212,9.795833333310838,9.624999999978844,6.292102054746276,6.742857142664491,7.488965107134063,7.06451612880437,0.0487892934939667,0.0285714285706122,0.1601516234855289,0.106131256976039,4.1632833286233675,4.243697478955935,1.0,36.375,32.875,35.125,31.3125,305.6875,251.8125,22.9375,27.6875,59.3125,60.5625,0.613277133825079,0.542827657378741,2.75,4.0,274.8125,268.6875,26.41478439425051,134.0,4.897839799950911,4,17.0,7.0470588235294125,0.7647058823529411,1.0358825619853056,0.9523389627969632
2021,Sony Michel,RB,93.4,9.9,LA,00-0034845,16,9.13125,2018,3,vet,True,39,7,9.4762971493062,-0.3450471493062004,3,2.3333333333333335,9.632142857142858,8.0,11.0,0.6875,0.5,0.7708333333333334,6.65625,1.0,-0.1249999999999982,9.632142857142858,9.4125,1.120879120879121,1.125,0.7912087912087912,0.875,12.350274725274726,9.875,13.471153846153843,11.0,10.37087912087912,14.25,58.587912087912095,56.125,-0.2898351648351648,-0.25,0.0248059369838391,0.0214285714285204,-0.0009759312627772,-0.0006811989100815,0.3102665684718003,0.1573705179279733,0.0365257535918145,0.0316660179057235,-0.1984126984008618,-0.2222222221975308,12.564625848678409,16.285714283387755,0.7067821067158881,0.777777777691358,0.4285714285714285,0.0,0.7767857142841638,0.5624999999986607,9.098214285694894,4.937499999990165,9.87499999997906,5.499999999988826,9.230303029372624,12.66666666525926,12.880952379283729,15.714285712040816,0.0634920634850088,0.1111111110987654,0.5447989925423203,0.9722824058475824,4.939048293430247,5.683544303725524,1.0,36.875,27.5,35.125,26.25,241.1875,183.5,29.5625,31.375,66.4375,58.875,0.555032925682032,0.4670912951167728,2.4375,2.0,261.4375,195.25,26.537987679671456,31.0,3.4339872044851463,3,17.0,8.594117647058823,0.9411764705882352,1.027427377088677,0.9486819373151283
2021,James Conner,RB,96.2,8.2,ARI,00-0033553,15,17.18,2017,4,vet,True,40,7,9.4762971493062,7.7037028506938,4,2.6470588235294117,13.584615384615384,13.0,12.133333333333333,0.7583333333333333,0.8125,0.75,10.305,1.0,-1.8884615384615395,13.584615384615384,12.66153846153846,3.511196581196581,3.3076923076923075,2.9066666666666667,2.6923076923076925,12.40957264957265,13.0,15.92076923076923,16.307692307692307,20.611282051282053,16.53846153846154,52.73230769230769,55.46153846153846,-1.934017094017094,-0.5384615384615384,0.070185199808275,0.0659509202452976,-0.0050191901450375,-0.0015112262521585,0.4079301186573681,0.4530831099183564,0.1017643666108863,0.0978685219914354,-0.7662385571363503,-0.1627906976706327,6.449666411845941,6.142857142681633,0.7759914033185498,0.813953488353164,0.0,0.0,2.662499999995614,2.6874999999958784,9.491666666641173,10.562499999971685,12.154166666636788,13.249999999967562,5.361403508650416,4.9999999998837215,7.216215940727484,6.657142856952654,0.0229305658506673,0.0,0.0864170739745438,-0.0753614858771963,4.245422686997864,4.266272189323868,1.0,35.9375,41.0,34.0625,40.75,272.0,289.5,29.9375,23.3125,65.875,64.3125,0.5455407969639469,0.6375121477162293,3.0625,2.9375,256.375,258.0625,26.327173169062284,105.0,4.653960350157523,4,17.0,15.158823529411764,0.8823529411764706,1.0416279828825619,0.9549334609246601
2021,Tony Pollard,RB,102.7,7.4,DAL,00-0035261,15,10.84,2019,2,vet,True,41,7,9.4762971493062,1.3637028506937998,2,1.8,7.1571428571428575,16.0,15.333333333333334,0.9583333333333334,1.0,0.9375,6.891666666666667,1.0,1.178571428571428,7.1571428571428575,7.55,2.142857142857143,2.5,1.5238095238095235,1.75,6.2559523809523805,6.3125,8.398809523809524,8.8125,10.589285714285714,12.0625,28.958333333333332,27.1875,-1.011904761904762,-0.875,0.0547939552193107,0.0648298217178852,-0.0031685485354145,-0.0030715225976298,0.2204347300628558,0.2348837209296863,0.079972948854176,0.0950946667584869,-0.5333333333125,-0.34999999999125,6.973015872693239,6.8928571426109695,0.7166666666425,0.6999999999825001,0.0,0.0,2.0833333333299087,2.499999999995948,5.999999999986223,6.31249999998532,8.083333333316132,8.812499999981268,4.999999999830417,4.824999999879376,8.523809523412245,8.285714285418367,0.0333333333320833,0.024999999999375,-0.1205898288327988,-0.1117085659810312,4.634853020136805,4.306930693026664,0.0,39.9375,39.9375,38.5625,38.5625,284.875,284.875,26.875,26.875,66.8125,66.8125,0.5977549111318989,0.5977549111318989,2.4375,2.4375,281.9375,281.9375,24.33949349760438,128.0,4.852030263919617,2,17.0,9.56470588235294,0.8823529411764706,1.1077490782959893,1.0183635597604808
2021,Kenyan Drake,RB,102.9,8.2,LV,00-0033118,11,9.3,2016,5,vet,True,42,7,9.4762971493062,-0.1762971493062011,5,2.8181818181818183,12.904865591397847,15.0,14.935483870967742,0.933467741935484,0.9375,0.95,11.99133064516129,1.0,-2.4866666666666664,12.904865591397847,12.813333333333333,3.123886328725038,2.066666666666667,2.35768049155146,1.6666666666666667,12.932296466973886,15.933333333333334,16.056182795698923,18.0,15.982834101382489,9.133333333333333,55.216359447004606,63.666666666666664,-0.3689324116743471,-2.0,0.0724299950796817,0.0568807339448497,0.0015991339955597,-0.0068933823529395,0.3846120259276095,0.4989561586628414,0.1097643864164144,0.0804957332702169,-0.3352843840057465,-0.9677419354526536,6.417051971122128,5.4799999997808,0.771710376430394,0.8064516128772112,0.5758365057102786,0.0,2.8991935483815907,1.937499999996445,12.0221774193273,14.937499999968816,14.92137096770889,16.87499999996526,4.903007494976526,4.419354838567117,7.26758335000364,6.599999999736,0.0101819119161861,0.0,-0.0437156313405845,-0.0630069960603009,4.365222564511192,3.9958158995648714,1.0,34.4375,35.9375,32.6875,34.0625,274.75,272.0,28.5625,29.9375,63.0,65.875,0.5466269841269841,0.5455407969639469,3.0,3.0625,273.9375,256.375,27.59753593429158,73.0,4.290459441148391,5,17.0,6.01764705882353,0.6470588235294118,0.9415591694299438,0.9202144367536419
2021,Alexander Mattison,RB,106.5,9.5,MIN,00-0034972,16,7.86875,2019,2,vet,True,43,7,8.801446416016189,-0.9326964160161886,2,1.8,6.21025641025641,13.0,13.0,0.8125,0.8125,0.8125,5.045833333333333,1.0,1.4230769230769225,6.21025641025641,6.684615384615385,1.0769230769230769,1.1538461538461535,0.923076923076923,1.0,7.487179487179488,7.384615384615385,8.564102564102564,8.538461538461538,8.512820512820513,9.615384615384617,34.10256410256411,33.38461538461539,2.794871794871795,3.1538461538461537,0.029668330456624,0.0309278350514826,0.0097696363924473,0.0105697344676435,0.2067801479561792,0.2051282051277668,0.0513412411596492,0.0537905667045744,2.5722222220382407,2.733333333151111,9.143589742823314,9.61538461464497,0.855555555493889,0.8666666666088889,3.0,3.0,0.8749999999981458,0.9374999999980672,6.08333333332041,5.99999999998718,6.958333333318556,6.937499999985247,7.833333332773148,8.333333332777778,8.005128204455504,8.307692307053255,0.0444444444414814,0.0666666666622222,0.4347420328770505,0.5396927003602348,4.553888888842094,4.520833333286241,0.0,32.25,32.25,30.3125,30.3125,242.4375,242.4375,29.25,29.25,61.5,61.5,0.524390243902439,0.524390243902439,3.4375,3.4375,266.5625,266.5625,23.20328542094456,102.0,4.624972813284271,2,17.0,7.405882352941177,0.9411764705882352,1.081811946504733,1.0627819909516507
2021,Phillip Lindsay,RB,107.5,7.1,MIA,00-0034109,13,3.515384615384616,2018,3,vet,True,44,8,8.801446416016189,-5.286061800631574,3,2.3333333333333335,9.080833333333333,11.0,13.0,0.8125,0.6875,0.875,7.876785714285715,1.0,-6.356249999999999,9.080833333333333,6.0,2.0320346320346316,1.2727272727272727,1.321969696969697,0.6363636363636364,11.958441558441558,10.727272727272728,13.99047619047619,12.0,7.249783549783549,2.5454545454545454,54.00768398268398,45.63636363636363,-1.989069264069264,-0.5454545454545454,0.0554261712797212,0.0262664165102696,-0.0081612934754948,-0.0012254901960781,0.378825349244154,0.2669683257912512,0.0774263514867355,0.0385417816281497,-0.7982160949195397,-0.4285714285408163,4.869387754701691,3.9999999994285713,0.6004305977440115,0.4999999999642857,0.0,0.0,1.7767857142822503,0.8749999999983584,9.928571428547752,7.374999999983314,11.70535714283,8.249999999981672,3.0420466057548694,1.999999999857143,6.383673468841516,5.571428570632653,0.0030395136777468,0.0,-0.187085618426126,-0.2989010186028775,4.492110933326017,4.2542372880995405,1.0,34.9375,34.75,34.1875,33.3125,266.125,306.0,26.75,27.625,61.6875,62.375,0.5663627152988855,0.5571142284569138,2.4375,2.125,246.0625,229.5625,27.107460643394933,260.0,5.560681631015528,3,17.0,2.6882352941176477,0.7647058823529411,0.9835801056543019,0.9322612073957317
2021,David Johnson,RB,115.0,9.6,HOU,00-0032187,13,6.253846153846154,2015,6,vet,True,45,8,8.801446416016189,-2.547600262170035,6,2.9076923076923076,14.400330687830689,12.0,12.0,0.75,0.75,0.7604166666666666,10.978373015873016,1.0,3.166666666666668,14.400330687830689,14.958333333333334,4.411044973544973,3.8333333333333335,3.130952380952381,2.75,11.6630291005291,12.25,16.074074074074073,16.083333333333332,31.112764550264547,26.166666666666668,48.5056216931217,57.583333333333336,14.916997354497354,14.0,0.096072659452151,0.0876190476188807,0.0355969256245796,0.0357294768183675,0.3990362337058729,0.4273255813941066,0.1690268371154322,0.1564392052011783,3.393099070777351,3.6521739129640833,9.835323873287468,9.515151514863176,0.7159774242702274,0.7173913043322306,2.0543046864646977,1.869047619047619,3.1398809523749476,2.874999999994524,8.955357142832204,9.187499999973292,12.09523809520715,12.062499999967816,7.044205070858225,6.826086956373347,7.091329966067857,7.1212121209963275,0.0508831437201249,0.04347826086862,0.0085340601730799,0.0290693664623194,4.123197365547867,4.700680272076866,0.0,34.125,34.125,32.8125,32.8125,293.875,293.875,21.5,21.5,55.625,55.625,0.6134831460674157,0.6134831460674157,2.6875,2.6875,302.6875,302.6875,29.711156741957563,86.0,4.454347296253507,6,17.0,4.7823529411764705,0.7647058823529411,0.7634840096856136,0.9048649201621356
2021,J.D. McKissic,RB,116.8,10.4,WAS,00-0032602,11,11.627272727272729,2016,5,vet,True,46,8,8.801446416016189,2.825826311256538,5,2.8181818181818183,8.296021505376345,16.0,13.32258064516129,0.8326612903225806,1.0,0.5875,7.932258064516129,1.0,6.3758333333333335,8.296021505376345,11.9625,4.625806451612903,6.875,3.4129032258064513,5.0,3.804301075268817,5.3125,8.43010752688172,12.1875,24.95483870967742,36.8125,16.71505376344086,22.8125,7.606451612903226,11.625,0.1248715128234136,0.1919720767884956,0.029938263425577,0.0520425293788326,0.1418329329649664,0.2124999999994687,0.2082640536330244,0.3243878857479264,2.1462529513414057,1.690909090893719,6.331309297669321,7.362499999907968,0.6642198381073294,0.7272727272661157,2.50030432136336,3.0,4.4233870967663895,6.874999999988002,3.5665322580556515,5.312499999986719,7.989919354822041,12.18749999997472,4.826416033512808,5.354545454496777,5.606641366015217,6.287499999921406,0.0183336065521078,0.0181818181816528,-0.1382880807340166,-0.0862605635940156,4.279383178431687,4.294117647008305,0.0,37.5625,37.5625,35.8125,35.8125,223.375,223.375,25.0,25.0,62.5625,62.5625,0.6003996003996004,0.6003996003996004,2.125,2.125,237.25,237.25,28.046543463381244,260.0,5.560681631015528,5,17.0,7.523529411764707,0.6470588235294118,0.9016326085665832,0.9120455820663427
2021,Nyheim Hines,RB,120.6,11.9,IND,00-0034367,17,6.858823529411764,2018,3,vet,True,47,8,8.514685960281549,-1.6558624308697842,3,2.3333333333333335,10.441964285714286,16.0,16.0,1.0,1.0,1.0,10.441964285714286,1.0,4.70625,10.441964285714286,12.075,4.473214285714286,4.75,3.5982142857142856,3.9375,4.866071428571429,5.5625,9.339285714285714,10.3125,26.723214285714285,30.125,19.928571428571427,23.75,4.723214285714286,3.25,0.1333842099231982,0.1420560747660896,0.0180895920572031,0.01317122593718,0.1721056079894529,0.1938997821346538,0.2127390293248395,0.2223039703051604,1.0648204162872494,0.6842105263067867,7.413522984819639,7.65079365067221,0.8015440900989919,0.8289473684101454,2.9349871685201023,3.0,4.473214285705949,4.749999999991122,4.866071428560672,5.562499999987881,9.33928571426662,10.312499999979003,5.949973912987194,6.342105263074446,7.0998763140353125,7.460317460199043,0.0336025248301557,0.0526315789466758,0.0523523817986081,0.1161707567696,4.060945069416527,4.26966292130034,0.0,34.5,34.5,33.4375,33.4375,246.75,246.75,28.6875,28.6875,63.1875,63.1875,0.5459940652818991,0.5459940652818991,2.75,2.75,261.625,261.625,24.802190280629706,104.0,4.6443908991413725,3,17.0,6.858823529411764,1.0,1.1039235159454406,1.0016122156585836
2021,Giovani Bernard,RB,120.9,10.3,TB,00-0030456,9,6.4222222222222225,2013,8,vet,True,48,8,8.514685960281549,-2.092463738059326,8,2.9766536964980546,8.360048139768729,16.0,15.286274509803922,0.9553921568627451,1.0,0.8984375,7.944191176470589,1.0,5.606249999999999,8.360048139768729,9.88125,3.540203619909502,3.6875,2.6897988939165405,2.9375,6.2984489693313215,7.75,9.838652589240825,11.4375,20.466473102061336,22.1875,22.073802161890395,26.0,2.594987430869784,4.8125,0.0962073196418484,0.1042402826853282,0.0085932722504805,0.0167028199566124,0.2386822484167384,0.3017031630162975,0.150326270038109,0.168052397997621,0.6909151701399232,1.305084745740592,7.619340396414942,7.553191489200996,0.7559303358005198,0.7966101694780237,2.4352941176470586,3.0,3.348039215680261,3.687499999993485,6.025980392141945,7.749999999981144,9.374019607822207,11.43749999997463,5.756864849052099,6.016949152440391,7.485014253827964,7.446808510479856,0.028664017284726,0.0508474576262568,-0.0340163226963289,0.1057716840322191,3.473863389939735,3.354838709650364,1.0,39.125,36.3125,37.875,35.375,347.375,288.125,23.0625,25.6875,62.1875,62.0,0.629145728643216,0.5856854838709677,3.625,2.0,298.5,237.0625,29.776865160848732,37.0,3.610917912644224,8,17.0,3.4000000000000004,0.5294117647058824,0.7584856825334306,0.9048665011076064
2021,Rhamondre Stevenson,RB,121.3,12.2,NE,00-0036875,12,9.575,2021,0,rookie,True,49,8,8.514685960281549,1.0603140397184507,0,,,,,,,,,,,,,,,,,,,,,,,,,,,,,,,,,,,,,,,,,,,,,,,,,,,,,,,,,,,,,,,,,,,,,,,,,,,,23.520876112251884,120.0,4.787491742782046,0,17.0,6.758823529411764,0.7058823529411765,1.09450230465927,1.0508160754480407
2021,Chuba Hubbard,RB,127.6,10.5,CAR,00-0036555,16,8.6,2021,0,rookie,True,50,9,8.371889717425432,0.2281102825745673,0,,,,,,,,,,,,,,,,,,,,,,,,,,,,,,,,,,,,,,,,,,,,,,,,,,,,,,,,,,,,,,,,,,,,,,,,,,,,22.2258726899384,126.0,4.836281906951478,0,17.0,8.094117647058823,0.9411764705882352,1.0196709020142198,1.094384691363847
2021,James White,RB,128.8,18.9,NE,00-0031062,3,10.4,2014,7,vet,False,51,9,8.371889717425432,2.028110282574568,7,2.953488372093023,10.882821522309712,14.0,14.448818897637794,0.9030511811023622,0.875,0.8035714285714286,10.006643700787402,1.0,-5.151428571428571,10.882821522309712,8.328571428571427,5.373265841769779,4.428571428571429,4.093963254593176,3.5,3.4482002249718784,2.5,8.821466066741657,6.928571428571429,33.85967379077615,26.785714285714285,13.389163854518184,8.642857142857142,5.623153355830521,-2.857142857142857,0.1571952552934975,0.1476190476186961,0.0168306622044576,-0.0136239782016302,0.1073382247052393,0.0697211155377097,0.2475743464833666,0.211891786686903,0.7592665989107077,-0.6451612903121748,8.170839174512544,7.653061224333611,0.7688563093510417,0.7903225806324142,1.3705757710518742,0.0,4.925688976368129,3.874999999990774,3.1697834645602208,2.1874999999956426,8.09547244092835,6.062499999986416,6.260872030046964,6.048387096676639,7.870279484623461,8.387755101869638,0.0341817111613187,0.0161290322578043,0.1121168764602441,-0.0003052647097573,3.7587577519989503,3.457142857044082,0.0,27.5,27.5,26.25,26.25,183.5,183.5,31.375,31.375,58.875,58.875,0.4670912951167728,0.4670912951167728,2.0,2.0,195.25,195.25,29.57700205338809,130.0,4.867534450455582,7,17.0,1.835294117647059,0.1764705882352941,0.7737927025607936,0.9048588811104286
2021,Latavius Murray,RB,130.6,14.0,BAL,00-0030513,13,7.5,2013,8,vet,True,52,9,7.491790151433535,0.008209848566465,7,2.953488372093023,9.431874188803322,15.0,15.409448818897635,0.9630905511811024,0.9375,0.9464285714285714,9.077608267716537,1.0,-0.7449999999999992,9.431874188803322,9.08,1.9851439243171527,1.7333333333333334,1.6653117879495831,1.5333333333333334,9.907128435868591,9.733333333333333,11.892272360185745,11.466666666666669,12.038282714660667,11.733333333333333,43.01528799284705,43.733333333333334,-1.4514507801909378,-1.6666666666666667,0.0567434486122971,0.0511811023621039,-0.0067454107100071,-0.0077905889685235,0.3437227569249244,0.2955465587038551,0.0803933854214407,0.0713182412651894,-0.7001754348698764,-0.9615384615014791,7.245064777484707,7.652173912710775,0.8493784484156103,0.8846153845813609,0.4960629921259842,0.0,1.915846456689367,1.6249999999968012,9.53641732281316,9.124999999981528,11.45226377950253,10.749999999978328,6.1644453303776805,6.769230768970414,8.052691976609793,8.608695651799621,0.0252419252593551,0.0384615384600591,0.0497576512567883,0.1531185037011186,4.3603959220141375,4.4931506849007325,1.0,25.375,32.625,24.5,31.75,213.8125,200.5625,34.6875,30.875,60.0625,63.5,0.4224765868886576,0.5137795275590551,3.1875,3.625,182.4375,246.5625,31.61943874058864,181.0,5.198497031265826,8,17.0,5.735294117647059,0.7647058823529411,0.6304374895833785,0.9043053905798575
2021,Rashaad Penny,RB,137.9,12.0,SEA,00-0034750,10,12.17,2018,3,vet,True,53,9,7.491790151433535,4.678209848566465,3,2.3333333333333335,3.811721611721612,3.0,6.142857142857143,0.3839285714285714,0.1875,0.5208333333333334,2.0946428571428575,1.0,-7.233333333333334,3.811721611721612,1.1333333333333333,0.4810744810744811,0.0,0.3528693528693529,0.0,5.0927960927960925,3.6666666666666665,5.573870573870574,3.6666666666666665,3.459096459096459,0.0,22.826617826617827,11.333333333333334,0.8595848595848595,0.0,0.0106477732793286,0.0,0.0017863688201956,0.0,0.0766431801860366,0.0267639902675747,0.0172221180931299,0.0,0.7207792207142365,0.0,4.154761904259094,0.0,0.3149350649072461,0.0,3.0,,0.3035714285707631,0.0,2.31249999999521,0.6874999999983272,2.616071428565973,0.6874999999983272,3.0487012984309083,0.0,4.40873015819516,0.0,0.0259740259716646,0.0,0.028095817906366,0.0,4.0968090730857885,3.090909090628099,0.0,35.1875,35.1875,33.5625,33.5625,280.875,280.875,25.6875,25.6875,60.875,60.875,0.5780287474332649,0.5780287474332649,3.4375,3.4375,265.3125,265.3125,25.579739904175224,27.0,3.295836866004329,3,17.0,7.158823529411765,0.5882352941176471,1.0812942289781464,0.9770413344003697
2021,Tevin Coleman,RB,139.0,17.2,NYJ,00-0032058,11,4.681818181818182,2015,6,vet,True,54,9,7.491790151433535,-2.8099719696153533,6,2.9076923076923076,6.300733182161754,6.0,10.19047619047619,0.6369047619047619,0.375,0.7916666666666666,5.17579365079365,1.0,-7.5547619047619055,6.300733182161754,2.1166666666666667,1.5940141868713298,0.8333333333333334,1.166178266178266,0.6666666666666666,7.244581080295367,4.666666666666667,8.838595267166696,5.5,10.64629920344206,5.666666666666667,25.151020408163262,8.833333333333334,1.7564247921390777,2.1666666666666665,0.0376180919029777,0.0090252707581064,0.0029614119393681,0.0035040431266836,0.1980490984201333,0.0640732265444758,0.0585001262120244,0.0159907363258382,1.5482961480243822,2.59999999948,8.834927677444927,8.499999997875,0.7479242978329989,0.79999999984,1.918288488919718,2.6153846153846154,1.2291666666643155,0.3124999999994359,5.328373015860638,1.7499999999959954,6.557539682524954,2.062499999995431,6.6154160646337035,6.79999999864,7.19263742843183,5.2499999986875,0.0301605801597852,0.0,0.1223515293416291,0.195617984359145,3.0452301448907755,1.8928571427895409,1.0,31.1875,35.625,28.9375,34.625,251.625,231.875,25.375,27.3125,56.5625,62.9375,0.5513812154696133,0.5660377358490566,1.5625,2.75,194.6875,270.0,28.37782340862423,73.0,4.290459441148391,6,17.0,3.0294117647058822,0.6470588235294118,0.8723635095576471,0.9080259344453995
2021,Damien Williams,RB,146.0,23.8,CHI,00-0030874,9,6.744444444444444,2014,7,vet,True,55,9,7.491790151433535,-0.7473457069890914,6,2.9076923076923076,9.75739836882694,11.0,11.793650793650794,0.7371031746031746,0.6875,0.8125,7.035019841269841,2.0,5.242657342657342,9.75739836882694,12.827272727272726,2.7604469604469606,3.363636363636364,2.255773855773856,2.727272727272727,6.908993651850794,10.090909090909092,9.669440612297755,13.454545454545457,16.503362246219393,19.363636363636363,31.044964559250275,45.27272727272727,1.7089820232677373,3.090909090909091,0.057137681258564,0.0663082437274797,0.0046790729125835,0.0071609098567802,0.2077830716950656,0.2959999999992107,0.0889818729266545,0.1044750024909658,0.4450005561039439,0.9189189188940834,7.40059154067114,7.099999999763333,0.8277197265020054,0.810810810788897,2.1173535256181433,3.0,1.9871031745996035,2.312499999995856,4.888888888875902,6.9374999999815,6.875992063475506,9.249999999977357,6.085117146425142,5.7567567566011695,8.027887869807005,7.666666666411111,0.0608292532875366,0.0540540540525931,0.1911568157593896,0.1512842374318201,4.458294832767177,4.486486486446068,1.0,38.375,39.375,37.25,38.1875,296.625,309.375,24.5625,25.1875,62.9375,64.5625,0.6097318768619663,0.6098741529525653,2.375,3.3125,245.3125,312.8125,29.412731006160165,260.0,5.560681631015528,7,17.0,3.570588235294117,0.5294117647058824,0.7866028780046813,0.9048470024349965
2021,Darrel Williams,RB,150.3,15.6,KC,00-0034301,16,12.225,2018,3,vet,True,56,9,7.491790151433535,4.733209848566465,3,2.3333333333333335,5.122985347985349,13.0,10.571428571428571,0.6607142857142857,0.8125,0.5416666666666666,3.300892857142857,1.0,-3.3410256410256407,5.122985347985349,4.1923076923076925,1.853174603174603,2.0,1.3745421245421243,1.3846153846153846,3.4801587301587302,3.0,5.333333333333334,5.0,11.364774114774116,8.923076923076923,13.476190476190476,13.0,-0.5503663003663003,-1.6923076923076923,0.0348046104737351,0.042553191489292,-0.001470848371659,-0.0044444444444435,0.0913364531606763,0.0967741935481469,0.0511773218504413,0.0607186761228276,-0.5010603430525189,-0.8461538461213017,8.14920634836113,6.44444444408642,0.7640254481612682,0.692307692281065,0.8571428571428571,0.0,1.2946428571406818,1.6249999999973403,2.24107142856572,2.4374999999939515,3.535714285706402,4.062499999991292,6.346443029994758,4.461538461366864,9.980952379910264,8.666666666185185,0.0626566415873455,0.0,0.2056580730623262,-0.0102215352741278,3.942285356794853,4.333333333222223,0.0,39.375,39.375,38.1875,38.1875,309.375,309.375,25.1875,25.1875,64.5625,64.5625,0.6098741529525653,0.6098741529525653,3.3125,3.3125,312.8125,312.8125,26.38193018480493,260.0,5.560681631015528,3,17.0,11.505882352941176,0.9411764705882352,1.0380631479715712,0.9533126271662233
2021,Mark Ingram II,RB,154.2,17.2,NO,00-0027966,14,7.757142857142858,2011,10,vet,True,57,10,7.491790151433535,0.265352705709323,10,2.994146341463414,10.163189479956342,10.0,12.134897360703812,0.7584310850439883,0.625,0.81875,8.447788367546432,1.0,-10.876666666666669,10.163189479956342,5.29,1.66298844524651,0.8,1.3566389133837815,0.6,10.123695561525476,7.2,11.786684006771983,8.0,11.2932385551887,5.0,46.94823500058104,29.9,1.0624389051808407,1.2,0.0470350669247696,0.020408163265254,0.0033387944218658,0.0035077462730185,0.2474587652910446,0.1297297297294959,0.0728897564824606,0.033067667288994,1.0807355667966942,1.4999999998125,8.44390058252337,8.333333331944445,0.7967773055017902,0.74999999990625,2.721407624633431,3.0,1.3869134897331308,0.4999999999987245,8.109237536641425,4.499999999991892,9.496151026374555,4.999999999990616,6.756220518564167,6.24999999921875,8.127366693457779,8.166666665305556,0.0499370169356911,0.0,0.1677513239165032,0.0052554761102312,4.525827582869675,4.1527777777201,1.0,32.625,25.375,31.75,24.5,200.5625,213.8125,30.875,34.6875,63.5,60.0625,0.5137795275590551,0.4224765868886576,3.625,3.1875,246.5625,182.4375,31.696098562628336,28.0,3.332204510175204,10,17.0,6.3882352941176475,0.8235294117647058,0.6255681825144933,0.9042450334320388
2021,Justin Jackson,RB,154.6,26.7,LAC,00-0034440,12,7.041666666666667,2018,3,vet,True,58,10,7.491790151433535,-0.450123484766868,3,2.3333333333333335,6.907596371882086,8.0,7.857142857142857,0.4910714285714285,0.5,0.5,3.4348214285714285,1.0,3.7053571428571423,6.907596371882086,8.1625,2.4648526077097506,3.0,1.9625850340136053,2.375,6.191609977324263,7.375,8.656462585034014,10.375,15.397959183673468,21.625,30.718820861678005,33.75,-4.148526077097506,-5.875,0.0332661896895833,0.0392798690670388,-0.007160896383961,-0.0101380500431384,0.1128887138288172,0.1266094420598141,0.0448866570656023,0.0518231685703613,-1.5735930735105923,-1.958333333251736,7.187134502486819,9.105263157415513,0.7989291409883678,0.7916666666336806,0.0,0.0,1.2232142857122066,1.499999999997545,3.071428571421516,3.6874999999920863,4.294642857133722,5.187499999989631,5.705513784184155,7.208333333032986,9.300584794741267,11.631578946756232,0.0,0.0,0.0565314675697058,0.2117973270266117,5.1740268847386135,4.5762711863631145,0.0,39.1875,39.1875,38.1875,38.1875,289.75,289.75,29.125,29.125,68.3125,68.3125,0.5736505032021958,0.5736505032021958,2.6875,2.6875,284.25,284.25,25.360711841204655,251.0,5.5254529391317835,3,17.0,4.970588235294118,0.7058823529411765,1.0896456270794865,0.9836638906090486
2021,Kenny Gainwell,RB,154.8,14.0,PHI,00-0036919,13,9.33846153846154,2021,0,rookie,True,59,10,7.491790151433535,1.846671387028004,0,,,,,,,,,,,,,,,,,,,,,,,,,,,,,,,,,,,,,,,,,,,,,,,,,,,,,,,,,,,,,,,,,,,,,,,,,,,,22.469541409993155,150.0,5.0106352940962555,0,17.0,7.1411764705882375,0.7647058823529411,1.037934637228101,1.087285643616607
2021,Devontae Booker,RB,155.5,16.0,NYG,00-0032972,16,9.00625,2016,5,vet,True,60,10,7.491790151433535,1.5144598485664649,5,2.8181818181818183,4.759471670802316,15.0,13.483870967741936,0.842741935483871,0.9375,0.8625,4.332056451612903,1.0,4.3133333333333335,4.759471670802316,5.713333333333334,1.6712468982630273,1.4,1.27482423490488,1.1333333333333333,4.274407223600773,6.2,5.945654121863799,7.6,8.641511579818031,5.6,19.006451612903227,28.2,2.3962572373862696,0.4666666666666667,0.0442807736246618,0.0401529636710513,0.0073670944887227,0.0015923566878977,0.1423005346768787,0.2035010940914584,0.0715781265790987,0.0613440951881054,1.5725911868813485,0.3333333333174603,6.802835882632454,4.941176470297578,0.7591594418891066,0.8095238094852608,2.6344086021505375,3.0,1.477822580642394,1.3124999999974905,3.9758064516040097,5.812499999987281,5.453629032246403,7.124999999984771,5.05154410346614,3.999999999809524,5.933449525861662,4.764705882072664,0.0007168458781202,0.0,-0.4220000188543616,-0.6478543721943464,4.560982804065682,4.548387096725286,1.0,32.3125,34.4375,31.25,32.6875,244.4375,274.75,24.9375,28.5625,57.25,63.0,0.5644104803493449,0.5466269841269841,1.5625,3.0,208.5,273.9375,29.26488706365503,136.0,4.912654885736052,5,17.0,8.476470588235294,0.9411764705882352,0.7983138074485556,0.9048401396764509
2021,Tony Jones,RB,158.8,17.6,NO,00-0035860,9,2.477777777777778,2020,1,soph,True,61,10,7.491790151433535,-5.014012373655757,1,1.0,1.3,1.0,1.0,0.0625,0.0625,0.0625,0.08125,1.0,0.0,1.3,1.3,0.0,0.0,0.0,0.0,3.0,3.0,3.0,3.0,0.0,0.0,13.0,13.0,0.0,0.0,0.0,0.0,0.0,0.0,0.0060728744939148,0.0060728744939148,0.0,0.0,0.0,0.0,0.0,0.0,0.0,0.0,,,0.0,0.0,0.1874999999996204,0.1874999999996204,0.1874999999996204,0.1874999999996204,0.0,0.0,0.0,0.0,0.0,0.0,0.0,0.0,4.3333333318888885,4.3333333318888885,0.0,32.625,32.625,31.75,31.75,200.5625,200.5625,30.875,30.875,63.5,63.5,0.5137795275590551,0.5137795275590551,3.625,3.625,246.5625,246.5625,23.770020533880903,260.0,5.560681631015528,1,17.0,1.311764705882353,0.5294117647058824,1.1014328255221837,1.0409525807706304
2021,Marlon Mack,RB,158.8,16.4,IND,00-0033951,5,2.58,2017,4,vet,True,62,10,7.491790151433535,-4.911790151433535,4,2.6470588235294117,10.510793650793651,1.0,6.8,0.425,0.0625,0.640625,5.222916666666666,1.0,-4.350000000000001,10.510793650793651,8.6,2.36984126984127,3.0,2.155555555555556,3.0,9.447619047619048,4.0,11.817460317460318,7.0,19.77777777777778,30.0,46.44126984126985,26.0,-1.1952380952380954,-1.0,0.0224092171373753,0.0056074766355035,-0.0023231368456651,-0.0002532928064842,0.2219648065185291,0.008714596949872,0.0319876299140974,0.0082339099887163,-0.5065588006039844,-0.3333333332222222,8.417366944807835,9.999999996666666,0.8825449058789833,0.9999999996666666,0.0,0.0,0.7374999999985995,0.1874999999996495,6.262499999986127,0.2499999999994553,6.999999999984726,0.4374999999991049,7.602358424000307,9.999999996666666,8.890196076386424,10.33333332988889,0.0071484071481486,0.0,0.241047759663341,0.5281779107351706,5.522019937305547,6.499999998375,0.0,34.5,34.5,33.4375,33.4375,246.75,246.75,28.6875,28.6875,63.1875,63.1875,0.5459940652818991,0.5459940652818991,2.75,2.75,261.625,261.625,25.48665297741273,143.0,4.962844630259907,4,17.0,0.7588235294117647,0.2941176470588235,1.0850299332963602,0.9798375928818834
2021,Jerick McKinnon,RB,159.7,21.7,KC,00-0031376,6,5.583333333333333,2014,7,vet,True,63,10,7.491790151433535,-1.908456818100202,5,1.492705094475006,9.171333497725902,14.0,14.265822784810126,0.8916139240506329,0.875,0.9,8.193275316455695,1.0,-2.1169642857142854,9.171333497725902,9.014285714285714,3.364193928434435,3.2857142857142856,2.441814619979177,2.357142857142857,6.38554989314483,5.785714285714286,9.749743821579264,9.071428571428571,18.594546276508304,18.071428571428573,24.934216943394155,22.785714285714285,9.175542495479204,11.142857142857142,0.0877460268714826,0.0830324909745793,0.034722881184667,0.0420485175202043,0.2079064690005642,0.1853546910750907,0.1559250571364908,0.153982698726012,2.7973762233437935,3.3913043477523632,7.619025354987404,7.666666666434344,0.7248751764981017,0.7173913043322306,1.8455047062642,1.6217948717948718,3.00553797467806,2.8749999999948104,5.72547468353131,5.0624999999884155,8.731012658209371,7.937499999983226,5.518967242834511,5.499999999880435,5.877357545821961,5.393939393775942,0.0233735111253418,0.02173913043431,-0.1968816254520164,-0.2280013372367616,3.939155316583034,3.9382716048896502,1.0,39.375,35.625,38.1875,34.625,309.375,231.875,25.1875,27.3125,64.5625,62.9375,0.6098741529525653,0.5660377358490566,3.3125,2.75,312.8125,270.0,29.3305954825462,96.0,4.564348191467836,7,17.0,1.9705882352941175,0.3529411764705882,0.7930879203337807,0.9048405385908509
2021,Malcolm Brown,RB,161.7,16.1,MIA,00-0031806,6,3.75,2015,6,vet,True,64,10,7.481169871794871,-3.7311698717948714,6,2.9076923076923076,5.351329622758194,16.0,14.142857142857142,0.8839285714285714,1.0,0.6666666666666666,4.937599206349207,1.0,2.597321428571428,5.351329622758194,6.81875,1.3252937538651823,2.0625,0.9006390434961864,1.4375,5.433518862090291,6.3125,6.758812615955473,8.375,6.440321583178726,10.125,22.177076891362603,26.1875,-0.0707070707070706,-0.3125,0.0355293748261675,0.0587188612098599,-0.0003059614552051,-0.0012956724540032,0.1745387873933928,0.213530655390669,0.0530798892206076,0.0871713210969876,0.1605854463253952,-0.1515151515105601,7.758944864583637,7.043478260563327,0.628942486016371,0.6969696969485768,0.6278959810874705,0.0,1.249007936505716,2.06249999999633,4.932539682528774,6.312499999986654,6.1815476190344905,8.374999999982984,4.875008588812786,4.909090908942149,6.718641207440815,7.739130434446125,0.0181405895665694,0.0,-0.4015263516681587,-0.0878071202422104,4.055986530841126,4.148514851444074,1.0,34.9375,36.875,34.1875,35.125,266.125,241.1875,26.75,29.5625,61.6875,66.4375,0.5663627152988855,0.555032925682032,2.4375,2.4375,246.0625,261.4375,28.2984257357974,260.0,5.560681631015528,6,17.0,1.3235294117647058,0.3529411764705882,0.8793168924241868,0.9088186195835185
2021,Carlos Hyde,RB,172.7,14.7,JAX,00-0031045,10,4.58,2014,7,vet,True,65,10,7.481169871794871,-2.9011698717948713,7,2.953488372093023,9.18697845461625,10.0,12.472440944881887,0.7795275590551181,0.625,0.8035714285714286,7.276525590551181,1.0,-1.084999999999999,9.18697845461625,8.49,1.8729774162845028,2.0,1.3829627065847538,1.6,11.263987193908454,8.1,13.136964610192956,10.1,7.575339621008912,9.3,47.26017997750281,35.6,3.4394566063857406,4.7,0.0405148622250395,0.0372439478584036,0.0090915002642164,0.0104583889630595,0.325769790995164,0.1970802919703234,0.0671363435225108,0.0631867940617471,1.6267030540849534,2.3499999998825,5.087470909644138,5.812499999636719,0.72482701022276,0.79999999996,1.7556116270018467,1.9787234042553192,1.4419291338556195,1.2499999999976723,9.289862204702406,5.062499999987683,10.731791338558024,6.312499999985355,3.7597828678624783,4.6499999997675,6.072835229389406,6.749999999578125,0.0028632784537428,0.0,-0.3767887334270179,-0.0473245948898363,4.21905465506235,4.395061728340801,1.0,38.5,35.1875,36.5625,33.5625,296.125,280.875,21.0625,25.6875,59.5625,60.875,0.646379853095488,0.5780287474332649,2.125,3.4375,247.1875,265.3125,30.94866529774127,57.0,4.04305126783455,7,17.0,2.6941176470588233,0.5882352941176471,0.67449968124925,0.9046821724970521
2022,Jonathan Taylor,RB,1.3,0.6,IND,00-0036223,10,14.41,2020,2,vet,True,1,1,19.40125646412411,-4.99125646412411,2,1.8,20.249150326797388,17.0,16.333333333333332,0.9791666666666666,1.0,0.96875,19.89803921568628,1.0,5.0937254901960785,20.249150326797388,21.947058823529417,2.8666666666666667,3.0,2.368627450980392,2.3529411764705883,18.175163398692813,19.529411764705884,21.041830065359477,22.529411764705884,20.76209150326797,21.176470588235293,96.99738562091504,106.52941176470588,-2.7424836601307185,-2.6470588235294117,0.092028149085719,0.1015936254978056,-0.0113253112378703,-0.0114155251141523,0.6120359819117349,0.665330661321312,0.1301145057620693,0.1443995706668017,-0.9643036701648464,-0.8823529411591696,8.768518518291616,8.999999999775001,0.8305681246676299,0.7843137254748175,0.0,0.0,2.8124999999944973,2.9999999999940243,17.85294117643397,19.529411764666747,20.665441176428462,22.52941176466077,7.261437908338934,7.058823529273357,10.118518518256248,10.149999999746251,0.0346907993959499,0.0392156862737408,0.168478569128378,0.0830044761624433,5.316143885870189,5.454819277092004,0.0,30.647058823529413,30.647058823529413,29.529411764705884,29.529411764705884,231.8823529411765,231.8823529411765,29.352941176470587,29.352941176470587,60.0,60.0,0.5107843137254902,0.5107843137254902,2.8823529411764706,2.8823529411764706,211.05882352941177,211.05882352941177,23.616700889801507,41.0,3.713572066704308,2,17.0,8.476470588235294,0.5882352941176471,1.0974831286659614,1.0470575990242532
2022,Christian McCaffrey,RB,2.4,0.9,SF,00-0033280,17,20.962352941176473,2017,5,vet,True,2,1,19.40125646412411,1.561096477052363,5,2.8181818181818183,22.992588325652843,7.0,8.0,0.4867172675521821,0.4117647058823529,0.7198529411764706,11.144354838709678,1.0,-11.91904761904762,22.992588325652843,18.214285714285715,6.530433947772656,5.857142857142857,5.718701996927804,5.285714285714286,15.8082757296467,14.142857142857142,22.338709677419356,20.0,51.02083333333333,49.0,68.4346198156682,63.142857142857146,10.76008064516129,13.0,0.0987586590001973,0.0713043478259629,0.0185983287275902,0.021118588999763,0.2873153945432264,0.2175824175819393,0.1611568186096092,0.1217395340387785,1.7267857109369107,2.219512195067817,8.94968552467391,9.270270270019724,0.8805901875322433,0.9024390243682332,2.988940092165899,3.0,3.424217267546145,2.4117647058781584,7.390773244764239,5.823529411751907,10.814990512310384,8.235294117630065,7.891783635628803,8.36585365833254,7.321063807314953,6.972972972784515,0.0343546635961729,0.0243902439018441,0.4529306528965957,0.5142292772626538,4.355457240013401,4.464646464601367,1.0,30.235294117647054,35.23529411764706,29.235294117647054,33.8235294117647,232.8235294117647,253.47058823529412,29.352941176470587,26.764705882352946,59.588235294117645,62.0,0.5074037512339585,0.5683111954459203,2.823529411764706,1.8235294117647056,261.0,210.1764705882353,26.234086242299796,8.0,2.0794415416798357,5,17.0,20.962352941176473,1.0,1.0474878230694444,0.9576843291636268
2022,Austin Ekeler,RB,2.7,0.9,LAC,00-0033699,17,21.923529411764704,2017,5,vet,True,3,1,19.40125646412411,2.5222729476405945,5,2.8181818181818183,18.872258064516128,16.0,14.258064516129032,0.8607685009487666,0.9411764705882352,0.8632352941176471,16.492184535104364,1.0,4.9575,18.872258064516128,21.4875,5.90552995391705,5.875,4.635483870967741,4.375,11.3,12.875,17.205529953917054,18.75,41.78364055299539,40.4375,50.70852534562212,56.9375,4.876497695852534,10.6875,0.1339960595881255,0.1426403641879474,0.0177746406538619,0.0343166767007757,0.3828871481695499,0.4869976359326549,0.2134363378398917,0.2379822199724641,0.8772810038907102,1.81914893615086,9.09079397030893,9.242857142725102,0.7810187598357511,0.7446808510559076,2.225806451612903,3.0,5.057518975323965,5.529411764697492,9.711930740014946,12.117647058794883,14.76944971533891,17.647058823492376,7.087811256121025,6.882978723331032,9.175676102874778,8.957142857014897,0.0678411000957487,0.085106382977818,0.1170711809729801,-0.0070617688115865,4.52169479520679,4.422330097065911,0.0,39.64705882352941,39.64705882352941,38.76470588235294,38.76470588235294,293.11764705882354,293.11764705882354,24.88235294117647,24.88235294117647,64.52941176470588,64.52941176470588,0.6144029170464904,0.6144029170464904,3.2941176470588234,3.2941176470588234,294.94117647058823,294.94117647058823,27.29363449691992,260.0,5.560681631015528,5,17.0,21.923529411764704,1.0,0.9679456821678918,0.9273523508951615
2022,Derrick Henry,RB,4.3,1.4,TEN,00-0032764,16,18.9225,2016,6,vet,True,4,1,19.40125646412411,-0.4787564641241104,6,2.9076923076923076,21.241031746031744,8.0,11.77777777777778,0.7211718020541551,0.4705882352941176,0.8805147058823529,14.572699579831934,1.0,3.34375,21.241031746031744,24.1625,2.0872448979591836,2.5,1.6929138321995465,2.25,23.796938775510203,27.375,25.884183673469387,29.875,14.149244142101288,19.25,110.9378306878307,117.125,-1.0051020408163265,-0.375,0.0476944884761713,0.0383141762451373,-0.0037817188576505,-0.0007737941707503,0.5189567865256792,0.3974591651535436,0.0688945295139016,0.0569296084481807,-0.524272695916745,-0.1499999999925,8.301572501093652,8.555555555080247,0.7952471310735971,0.899999999955,0.1428571428571428,0.0,1.4001517273547004,1.1764705882330404,16.25968720818493,12.88235294115309,17.65983893553963,14.058823529386132,6.6831541215486965,7.699999999615,8.876398454836258,8.888888888395062,0.0124494242135793,0.0,0.2309798915324153,0.4857485204561234,4.698153433396739,4.278538812765851,0.0,31.470588235294116,31.470588235294116,30.705882352941178,30.705882352941178,228.05882352941177,228.05882352941177,32.411764705882355,32.411764705882355,63.88235294117647,63.88235294117647,0.4926335174953959,0.4926335174953959,2.6470588235294117,2.6470588235294117,220.2941176470588,220.2941176470588,28.657084188911703,45.0,3.80666248977032,6,17.0,17.80941176470588,0.9411764705882352,0.8483293259825084,0.9060435665198205
2022,Najee Harris,RB,7.1,2.1,PIT,00-0036893,17,13.262352941176472,2021,1,soph,True,5,1,16.783941579810566,-3.5215886386340944,1,1.0,17.688235294117646,17.0,17.0,1.0,1.0,1.0,17.688235294117646,1.0,0.0,17.688235294117646,17.688235294117646,5.529411764705882,5.529411764705882,4.352941176470588,4.352941176470588,18.058823529411764,18.058823529411764,23.58823529411765,23.58823529411765,27.470588235294116,27.470588235294116,70.58823529411765,70.58823529411765,-0.7647058823529411,-0.7647058823529411,0.1439509954055988,0.1439509954055988,-0.0029445073612677,-0.0029445073612677,0.746958637467769,0.746958637467769,0.2138653379555108,0.2138653379555108,-0.1382978723389542,-0.1382978723389542,6.310810810725529,6.310810810725529,0.7872340425448167,0.7872340425448167,0.0,0.0,5.529411764697415,5.529411764697415,18.058823529367828,18.058823529367828,23.58823529406524,23.58823529406524,4.968085106330126,4.968085106330126,6.743243243152118,6.743243243152118,0.0319148936166817,0.0319148936166817,-0.050768912923854,-0.050768912923854,3.908794788260883,3.908794788260883,0.0,39.05882352941177,39.05882352941177,38.411764705882355,38.411764705882355,259.70588235294116,259.70588235294116,24.176470588235293,24.176470588235293,63.23529411764706,63.23529411764706,0.6176744186046511,0.6176744186046511,1.9411764705882353,1.9411764705882353,236.2941176470588,236.2941176470588,24.48186173853525,24.0,3.1780538303479458,1,17.0,13.262352941176472,1.0,1.107380482568625,1.0129943981216245
2022,Dalvin Cook,RB,7.5,1.7,MIN,00-0033893,17,13.988235294117649,2017,5,vet,True,6,1,16.783941579810566,-2.795706285692919,5,2.8181818181818183,18.53114466178982,13.0,12.96774193548387,0.7858159392789373,0.7647058823529411,0.6904411764705882,14.814587286527512,1.0,-8.25934065934066,18.53114466178982,15.86923076923077,3.937868583029873,3.769230769230769,2.9727288840192063,2.6153846153846154,19.317988463149753,19.153846153846153,23.255857046179624,22.923076923076923,22.845751023170376,17.23076923076923,91.6380554928942,89.15384615384616,-6.364796493828751,-6.076923076923077,0.097209983659786,0.0847750865050436,-0.0204329652934647,-0.0173435784851773,0.554839597561555,0.554565701557785,0.1315118997842537,0.1150221248179413,-1.6180601272447566,-1.612244897926281,7.537088962527831,6.588235293923876,0.7517997342152231,0.6938775510062475,0.0,0.0,3.0965370018916185,2.882352941171484,15.29364326372349,14.64705882349679,18.390180265615108,17.529411764668275,5.73066771499821,4.571428571335277,9.134458454185628,8.17647058799481,0.0074122839098375,0.0,-0.0046958626146827,-0.0992585552336621,4.728673438364775,4.654618473876889,0.0,35.529411764705884,35.529411764705884,34.0,34.0,267.94117647058823,267.94117647058823,26.41176470588235,26.41176470588235,61.94117647058823,61.94117647058823,0.5735992402659069,0.5735992402659069,2.588235294117647,2.588235294117647,261.7647058823529,261.7647058823529,27.06091718001369,41.0,3.713572066704308,5,17.0,13.988235294117649,1.0,0.9874060965975634,0.9335380794017869
2022,Joe Mixon,RB,10.1,1.8,CIN,00-0033897,14,17.107142857142858,2017,5,vet,True,7,1,16.783941579810566,0.3232012773322914,5,2.8181818181818183,16.83594470046083,16.0,13.225806451612904,0.7962523719165086,0.9411764705882352,0.8132352941176471,13.431321157495256,1.0,1.3937499999999972,16.83594470046083,17.99375,3.36136712749616,3.0,2.8076036866359444,2.625,18.28187403993855,18.25,21.643241167434713,21.25,20.40437788018433,19.625,73.27380952380953,75.3125,-1.5883256528417815,-0.5,0.0765460562715603,0.0888888888887242,-0.0028561430205341,-0.0018327605956467,0.5713771782148319,0.6697247706406658,0.1128197842929666,0.1320504009161337,-0.4078362076326202,-0.1666666666631944,7.365309184215494,7.476190476012472,0.8393109315096356,0.8749999999817709,0.1935483870967742,0.0,2.529886148002975,2.823529411759478,14.341081593893456,17.1764705881959,16.870967741896425,19.999999999955374,6.188520292539234,6.541666666530382,8.065677133318294,7.5714285712483,0.0519587938930114,0.0624999999986979,0.1624255547618228,0.1809330478134647,4.017213314534568,4.1267123287529905,0.0,32.64705882352941,32.64705882352941,31.764705882352946,31.764705882352946,256.7647058823529,256.7647058823529,25.647058823529413,25.647058823529413,58.294117647058826,58.294117647058826,0.5600403632694249,0.5600403632694249,3.0588235294117645,3.0588235294117645,282.70588235294116,282.70588235294116,26.105407255304584,48.0,3.871201010907891,5,17.0,14.088235294117649,0.8235294117647058,1.0551675015132678,0.9614809762780826
2022,Alvin Kamara,RB,10.9,2.0,NO,00-0033906,15,14.113333333333332,2017,5,vet,True,8,2,16.783941579810566,-2.670608246477233,5,2.8181818181818183,20.27781460475009,13.0,13.870967741935484,0.8422675521821632,0.7647058823529411,0.9029411764705882,17.297552182163187,1.0,-7.1328205128205155,20.27781460475009,18.053846153846152,6.048144865886801,5.153846153846154,4.552199279215408,3.6153846153846154,15.398121233605105,18.46153846153846,21.446266099491908,23.615384615384617,40.062959352475474,33.76923076923077,64.29822757887274,69.07692307692308,5.640654909606523,5.923076923076923,0.169055940890413,0.1413502109701659,0.0221902679037006,0.0210267613325993,0.4303448450972653,0.4705882352931949,0.26911709886821,0.2267440493880684,0.9681725424230276,1.1492537313261304,8.914160314305047,9.340425531716162,0.7458887548965112,0.7014925373029628,3.0,3.0,5.167220113841695,3.94117647057992,12.705882352915175,14.117647058795848,17.873102466756873,18.05882352937577,6.616236410549477,6.552238805872355,8.742384265298268,9.297872340227704,0.0559770714844121,0.0746268656705279,0.1300448091467827,0.1612300569538575,4.308108345934877,3.741666666651077,0.0,29.647058823529413,29.647058823529413,27.88235294117647,27.88235294117647,215.41176470588235,215.41176470588235,30.0,30.0,59.64705882352941,59.64705882352941,0.4970414201183432,0.4970414201183432,2.411764705882353,2.411764705882353,202.1764705882353,202.1764705882353,27.1047227926078,67.0,4.204692619390966,5,17.0,12.452941176470588,0.8823529411764706,0.9838070191645487,0.9323352046286023
2022,D'Andre Swift,RB,12.8,2.4,DET,00-0036275,14,13.65,2020,2,vet,True,9,2,16.113404977375566,-2.463404977375566,2,1.8,15.57948717948718,13.0,13.0,0.7806372549019608,0.7647058823529411,0.7886029411764706,12.146323529411765,1.0,1.4692307692307691,15.57948717948718,16.06923076923077,5.461538461538463,6.0,4.358974358974359,4.769230769230769,10.666666666666666,11.615384615384617,16.128205128205128,17.615384615384617,32.333333333333336,34.76923076923077,45.0,47.46153846153846,1.2307692307692308,-0.0769230769230769,0.1258432274113601,0.1380530973448884,0.0032285042660056,-0.0002686727565824,0.3392955520521217,0.3536299765799681,0.1910247941032441,0.2068915750877249,0.2838506522666847,-0.0128205128203484,7.447171575367944,7.290322580527576,0.7989203778562332,0.7948717948616042,1.0,0.0,4.246323529404238,4.588235294109526,8.29656862743064,8.882352941155668,12.542892156834876,13.470588235265192,5.9509671614073225,5.794871794797501,7.941327723092802,8.096774193417794,0.0287899235263412,0.0256410256406969,-0.0120101953155358,-0.1002887966571005,4.247453622988619,4.086092715204728,0.0,34.88235294117647,34.88235294117647,33.23529411764706,33.23529411764706,218.94117647058823,218.94117647058823,25.11764705882353,25.11764705882353,60.0,60.0,0.5813725490196079,0.5813725490196079,2.0588235294117645,2.0588235294117645,228.47058823529412,228.47058823529412,23.630390143737166,35.0,3.5553480614894135,2,17.0,11.241176470588234,0.8235294117647058,1.0978755914740537,1.0465161015378401
2022,Aaron Jones Sr.,RB,14.9,2.4,GB,00-0033293,17,14.623529411764704,2017,5,vet,True,10,2,15.48991409805029,-0.8663846862855848,5,2.8181818181818183,16.37019969278034,15.0,14.516129032258064,0.8787950664136622,0.8823529411764706,0.8264705882352942,14.51949715370019,1.0,-3.2261904761904763,16.37019969278034,15.266666666666667,4.19247311827957,4.333333333333333,3.2195852534562213,3.466666666666667,12.468509984639017,11.4,16.66098310291859,15.733333333333333,24.998617511520735,26.066666666666663,61.94377880184332,53.266666666666666,4.878494623655914,3.7333333333333334,0.1122163406079128,0.1140350877190981,0.0164562985670504,0.0125532391840366,0.4216066557752698,0.3834080717480193,0.1798439199088045,0.1798398990074729,1.1206476635149,0.8615384615252071,7.668312905126924,7.519230769086169,0.7624619740238856,0.7999999999876922,2.844953173777315,3.0,3.715370018968535,3.8235294117579985,11.03640891838045,10.058823529389212,14.751778937348986,13.88235294114721,5.877468472817279,6.015384615292071,7.900119130944366,7.923076922924556,0.0633711218141452,0.0923076923062721,0.1030949969718461,0.1404997201167114,4.953278916103962,4.672514619855717,0.0,34.88235294117647,34.88235294117647,33.529411764705884,33.529411764705884,262.4117647058824,262.4117647058824,26.235294117647054,26.235294117647054,61.11764705882353,61.11764705882353,0.5707410972088547,0.5707410972088547,3.0588235294117645,3.0588235294117645,266.2352941176471,266.2352941176471,27.74811772758385,182.0,5.204006687076795,5,17.0,14.623529411764704,1.0,0.928228130367473,0.9171468257556595
2022,Saquon Barkley,RB,15.5,2.3,NYG,00-0034844,16,17.75,2018,4,vet,True,11,2,15.48991409805029,2.2600859019497097,4,2.6470588235294117,12.260833333333332,13.0,10.266666666666667,0.6161764705882352,0.7647058823529411,0.6755514705882353,8.560294117647059,1.0,3.730769230769232,12.260833333333332,11.430769230769233,4.7913461538461535,4.384615384615385,3.3945512820512818,3.1538461538461537,12.492628205128206,12.461538461538462,17.28397435897436,16.846153846153847,26.286217948717947,20.23076923076923,44.594551282051285,45.61538461538461,6.464743589743589,2.3076923076923075,0.0893074234501079,0.1010638297870548,0.0082111668706415,0.0072957198443562,0.3479825408420231,0.3866348448678123,0.139708951984611,0.1567027485716316,1.4094420421609617,0.5263157894644507,7.739086928775544,6.414634146185009,0.7065184187403346,0.7192982456014159,2.670588235294118,3.0,3.050735294112264,3.3529411764646437,8.29485294115548,9.52941176468314,11.345588235267742,12.882352941147785,5.435841670036486,4.61403508763835,8.006581493856638,7.268292682749554,0.024570275077842,0.03508771929763,0.0825247218800034,-0.0655538812942184,3.379583188006148,3.6604938271378984,0.0,34.88235294117647,34.88235294117647,33.1764705882353,33.1764705882353,241.8823529411765,241.8823529411765,24.647058823529413,24.647058823529413,59.52941176470589,59.52941176470589,0.5859683794466403,0.5859683794466403,1.3529411764705883,1.3529411764705883,203.7058823529412,203.7058823529412,25.557837097878167,2.0,0.6931471805599453,4,17.0,16.705882352941178,0.9411764705882352,1.0822016599549058,0.9776968536517127
2022,Nick Chubb,RB,18.8,2.9,CLE,00-0034791,17,16.552941176470586,2018,4,vet,True,12,2,15.48991409805029,1.063027078420296,4,2.6470588235294117,15.754543650793652,14.0,13.866666666666667,0.8392156862745098,0.8235294117647058,0.8933823529411764,13.153259803921568,1.0,-1.9297619047619037,15.754543650793652,15.37857142857143,1.881547619047619,1.7857142857142858,1.5007936507936506,1.4285714285714286,16.19126984126984,16.285714285714285,18.072817460317463,18.071428571428573,12.899404761904764,12.428571428571429,88.27301587301586,89.92857142857143,1.5638888888888889,1.0,0.053106463316811,0.0501002004007012,0.0047311745337827,0.0033922946450197,0.4853247334987214,0.4701030927825358,0.0829715171488645,0.0775249068525656,1.044953840485997,0.5599999999776,8.666296295854611,8.699999999565,0.807639898837606,0.799999999968,2.6,3.0,1.6134803921536416,1.4705882352911706,13.60294117644118,13.4117647058547,15.21642156859482,14.882352941145871,7.033213542589234,6.9599999997216,8.877777777332353,9.1499999995425,0.0259310344817467,0.0399999999984,0.2427208551583204,0.3250046357382473,5.4568628085626205,5.521929824537184,0.0,30.58823529411765,30.58823529411765,29.352941176470587,29.352941176470587,242.76470588235293,242.76470588235293,28.529411764705884,28.529411764705884,59.117647058823536,59.117647058823536,0.5174129353233831,0.5174129353233831,2.411764705882353,2.411764705882353,212.8823529411765,212.8823529411765,26.680355920602327,35.0,3.5553480614894135,4,17.0,16.552941176470586,1.0,1.0171456214445698,0.9444667313245824
2022,Javonte Williams,RB,20.2,3.3,DEN,00-0036997,4,10.5,2021,1,soph,True,13,2,14.434106455309395,-3.9341064553093954,1,1.0,12.052941176470588,17.0,17.0,1.0,1.0,1.0,12.052941176470588,1.0,0.0,12.052941176470588,12.052941176470588,3.1176470588235294,3.1176470588235294,2.5294117647058822,2.5294117647058822,11.941176470588236,11.941176470588236,15.058823529411764,15.058823529411764,18.58823529411765,18.58823529411765,53.11764705882353,53.11764705882353,-0.7058823529411765,-0.7058823529411765,0.1025145067696276,0.1025145067696276,-0.0027353544563476,-0.0027353544563476,0.4461538461528656,0.4461538461528656,0.151857012034998,0.151857012034998,-0.2264150943353506,-0.2264150943353506,7.348837209131423,7.348837209131423,0.8113207547016732,0.8113207547016732,0.0,0.0,3.117647058817499,3.117647058817499,11.941176470561992,11.941176470561992,15.058823529379492,15.058823529379492,5.962264150830901,5.962264150830901,7.976744185861007,7.976744185861007,0.0566037735838376,0.0566037735838376,0.1419297852819407,0.1419297852819407,4.448275862047053,4.448275862047053,0.0,31.823529411764707,31.823529411764707,30.41176470588235,30.41176470588235,258.05882352941177,258.05882352941177,26.764705882352946,26.764705882352946,58.58823529411765,58.58823529411765,0.5431726907630522,0.5431726907630522,2.1176470588235294,2.1176470588235294,226.8235294117647,226.8235294117647,22.351813826146476,35.0,3.5553480614894135,1,17.0,2.4705882352941178,0.2352941176470588,1.029315201209818,1.090789337083274
2022,Leonard Fournette,RB,21.9,3.0,TB,00-0033856,15,14.98,2017,5,vet,True,14,2,14.434106455309395,0.5458935446906032,5,2.8181818181818183,16.03533262436488,14.0,13.193548387096774,0.7980313092979127,0.8235294117647058,0.7647058823529411,12.930716318785578,1.0,7.257142857142856,16.03533262436488,18.257142857142856,5.29652605459057,6.0,4.238485170743236,4.928571428571429,12.739129150419474,12.857142857142858,18.035655205010045,18.857142857142858,28.47971759423373,32.42857142857143,53.858602150537635,58.0,2.293028476899445,4.071428571428571,0.1096811793576094,0.117318435754026,0.0056923712460855,0.0098496630378417,0.4340773619127991,0.4675324675312531,0.168506428908674,0.1828724177575283,0.3821250260794456,0.6785714285633503,6.765609516448142,6.579710144832178,0.7984782067495151,0.8214285714187924,2.806451612903226,3.0,4.316413662232457,4.941176470581334,10.243121442098994,10.588235294090143,14.55953510433145,15.52941176467148,5.404458091579063,5.404761904697562,6.886673817086529,6.507246376717286,0.0154422190709955,0.0238095238092403,-0.014628440402004,-0.0052806383112547,4.203761259150172,4.511111111086049,0.0,43.0,43.0,42.11764705882353,42.11764705882353,340.4117647058824,340.4117647058824,22.647058823529413,22.647058823529413,65.64705882352942,65.64705882352942,0.6550179211469535,0.6550179211469535,3.588235294117647,3.588235294117647,316.6470588235294,316.6470588235294,27.61943874058864,4.0,1.3862943611198906,5,17.0,13.21764705882353,0.8823529411764706,0.939626276685153,0.9197524756433736
2022,Ezekiel Elliott,RB,27.7,3.7,DAL,00-0033045,15,12.386666666666668,2016,6,vet,True,15,3,13.416324058711414,-1.0296573920447472,6,2.9076923076923076,16.17496109554933,17.0,15.984126984126984,0.9672619047619048,1.0,0.90625,15.587752100840335,1.0,-0.0862745098039194,16.17496109554933,14.827058823529413,4.272798008092126,3.823529411764706,3.1556178026766264,2.764705882352941,15.997105508870217,13.941176470588236,20.26990351696234,17.764705882352942,21.269343292872705,16.88235294117647,68.20028011204482,58.94117647058823,0.8985994397759104,1.2941176470588236,0.1121873361799419,0.1020408163263704,0.0029659864056851,0.0043746271624568,0.5539600148640986,0.501057082451372,0.1703571947538925,0.1561234635032754,0.2217207654349887,0.3384615384563313,6.716144137767963,6.106382978593482,0.735742932618454,0.7230769230657987,2.1904761904761907,3.0,4.124649859937157,3.8235294117587033,15.349089635820656,13.941176470558764,19.473739495757812,17.764705882317468,4.950664196530018,4.415384615316686,6.968223558038781,6.446808510501132,0.0304325503171838,0.0307692307687573,-0.0625656957385303,-0.0172820779223689,4.247808113011517,4.227848101247984,0.0,38.05882352941177,38.05882352941177,37.47058823529411,37.47058823529411,295.8235294117647,295.8235294117647,27.823529411764707,27.823529411764707,65.88235294117648,65.88235294117648,0.5776785714285714,0.5776785714285714,3.235294117647059,3.235294117647059,291.94117647058823,291.94117647058823,27.1129363449692,4.0,1.3862943611198906,6,17.0,10.929411764705884,0.8823529411764706,0.9831262786338083,0.9321131457280083
2022,James Conner,RB,28.4,3.3,ARI,00-0033553,13,15.4,2017,5,vet,True,16,3,13.416324058711414,1.9836759412885847,5,2.8181818181818183,15.44029776674938,15.0,13.612903225806452,0.8223434535104365,0.8823529411764706,0.7764705882352941,12.810199240986718,1.0,4.518461538461539,15.44029776674938,17.18,3.0409015715467325,2.6,2.679569892473118,2.466666666666667,12.955169561621174,13.466666666666669,15.996071133167906,16.066666666666666,22.876426799007444,25.0,51.390901571546735,50.13333333333333,-0.5573200992555831,0.7333333333333333,0.0692746722331441,0.0684210526314589,-0.0010996564613843,0.0025749063670405,0.4075832520034016,0.4072580645153079,0.1031422488267472,0.1044340134041167,-0.2251857369142081,0.28205128204405,8.351843817273178,10.135135134861214,0.8651405880282649,0.9487179486936228,1.5483870967741935,3.0,2.4723671726713223,2.294117647054799,10.725569259937346,11.882352941152512,13.197936432608673,14.176470588207312,7.557006660385978,9.615384615138067,8.82040091276248,10.324324324045287,0.0507976683386349,0.0769230769211045,0.3743638548363121,0.6443139618942199,3.975667636784408,3.7227722772092937,0.0,34.76470588235294,34.76470588235294,33.529411764705884,33.529411764705884,251.2941176470588,251.2941176470588,29.176470588235293,29.176470588235293,63.94117647058823,63.94117647058823,0.5436982520699172,0.5436982520699172,2.9411764705882355,2.9411764705882355,271.70588235294116,271.70588235294116,27.326488706365502,105.0,4.653960350157523,5,17.0,11.776470588235297,0.7647058823529411,0.9651364925893934,0.926526326738795
2022,Cam Akers,RB,33.1,4.6,LA,00-0036414,15,9.42,2020,2,vet,True,17,3,13.416324058711414,-3.996324058711414,2,1.8,5.95151515151515,1.0,4.333333333333333,0.2683823529411764,0.0588235294117647,0.3731617647058823,2.2894607843137256,1.0,-4.954545454545454,5.95151515151515,4.3,2.4242424242424243,3.0,2.3333333333333335,3.0,7.727272727272727,5.0,10.15151515151515,8.0,10.393939393939393,10.0,20.93939393939394,3.0,5.787878787878788,6.0,0.0116259364790155,0.0049833887043106,0.0058786312299602,0.0011734793663209,0.110121145004631,0.0119047619047335,0.0215539465794955,0.0082965186128906,2.7380952375504535,1.9999999993333333,5.949494948415366,3.3333333322222223,0.9285714283304988,0.9999999996666666,1.8060263653483992,1.6666666666666667,0.4093137254894817,0.176470588235001,3.216911764699029,0.2941176470581232,3.6262254901885105,0.4705882352931242,5.150793649843727,3.3333333322222223,3.646464645917661,1.3333333328888888,0.0238095238078231,0.0,-0.0425333880884183,-0.1922146149192661,1.8367816091054936,0.59999999988,0.0,35.705882352941174,35.705882352941174,35.411764705882355,35.411764705882355,300.7647058823529,300.7647058823529,24.705882352941178,24.705882352941178,60.41176470588235,60.41176470588235,0.5910418695228822,0.5910418695228822,3.0,3.0,287.8235294117647,287.8235294117647,23.195071868583163,52.0,3.951243718581427,2,17.0,8.311764705882354,0.8823529411764706,1.0814267974389875,1.0630802312230119
2022,Travis Etienne Jr.,RB,33.6,4.1,JAX,00-0036973,17,12.06470588235294,2021,1,soph,True,18,3,13.416324058711414,-1.351618176358473,0,,,,,,,,,,,,,,,,,,,,,,,,,,,,,,,,,,,,,,,,,,,,,,,,,,,,,,,,,,,,,,,,,,,,,,,,,,,,23.59753593429158,25.0,3.218875824868201,1,17.0,12.06470588235294,1.0,1.096928376630134,1.0478159872541253
2022,J.K. Dobbins,RB,38.8,3.9,BAL,00-0036158,8,10.15,2020,2,vet,True,19,4,13.006055194805196,-2.8560551948051955,1,1.0,11.233333333333333,15.0,15.0,0.9375,0.9375,0.9375,10.53125,2.0,0.0,11.233333333333333,11.233333333333333,1.6,1.6,1.2,1.2,8.933333333333334,8.933333333333334,10.533333333333331,10.533333333333331,8.0,8.0,53.666666666666664,53.666666666666664,0.0,0.0,0.0612244897957621,0.0612244897957621,0.0,0.0,0.2414414414410064,0.2414414414410064,0.0918367346936432,0.0918367346936432,0.0,0.0,6.666666666296297,6.666666666296297,0.74999999996875,0.74999999996875,,,1.4999999999961735,1.4999999999961735,8.37499999998491,8.37499999998491,9.874999999981084,9.874999999981084,4.999999999791667,4.999999999791667,7.166666666268519,7.166666666268519,0.0,0.0,0.0521131944512179,0.0521131944512179,6.007462686522333,6.007462686522333,0.0,35.94117647058823,35.94117647058823,34.76470588235294,34.76470588235294,303.8235294117647,303.8235294117647,30.41176470588235,30.41176470588235,66.35294117647058,66.35294117647058,0.5416666666666666,0.5416666666666666,2.2941176470588234,2.2941176470588234,251.0,251.0,23.707049965776864,55.0,4.007333185232471,2,17.0,4.776470588235294,0.4705882352941176,1.0999368004415104,1.0434711128421301
2022,David Montgomery,RB,39.3,4.7,CHI,00-0035685,16,11.10625,2019,3,vet,True,20,4,13.006055194805196,-1.8998051948051968,3,2.3333333333333335,15.136666666666668,13.0,14.0,0.8476890756302521,0.7647058823529411,0.9007352941176472,12.804621848739496,1.0,-2.6533333333333324,15.136666666666668,15.0,3.849496336996336,3.923076923076923,3.0979395604395603,3.230769230769231,16.75558608058608,17.307692307692307,20.605082417582416,21.23076923076923,23.225412087912087,23.153846153846153,65.63713369963371,65.3076923076923,4.036355311355311,3.4615384615384617,0.0970483360559253,0.0973282442746234,0.0128513424028107,0.0103734439834,0.5377703607736234,0.4736842105253185,0.1545684437658555,0.1532537772003152,1.1567827130604311,0.8823529411591696,7.469841269658564,7.166666666496032,0.7995198079076901,0.8235294117485583,2.85258358662614,3.0,3.2410714285655677,2.999999999994275,14.134453781479989,13.235294117619196,17.37552521004556,16.23529411761347,5.967987194763185,5.9019607841980015,6.700952380789488,6.4999999998452385,0.0124849939973588,0.0,0.0651670787267351,0.1034266945599185,3.9186935233657567,3.7733333333165633,0.0,31.88235294117647,31.88235294117647,30.823529411764707,30.823529411764707,255.1764705882353,255.1764705882353,27.941176470588236,27.941176470588236,59.82352941176471,59.82352941176471,0.5329400196656834,0.5329400196656834,1.7647058823529411,1.7647058823529411,213.8235294117647,213.8235294117647,25.234770704996578,73.0,4.290459441148391,3,17.0,10.452941176470588,0.9411764705882352,1.0937507830018198,0.9875538651549244
2022,Elijah Mitchell,RB,42.4,5.2,SF,00-0036567,5,8.72,2021,1,soph,True,21,4,12.035856922066072,-3.3158569220660716,1,1.0,15.0,11.0,11.0,0.6470588235294118,0.6470588235294118,0.6470588235294118,9.705882352941178,1.0,0.0,15.0,15.0,1.818181818181818,1.818181818181818,1.7272727272727273,1.7272727272727273,18.818181818181817,18.818181818181817,20.636363636363637,20.636363636363637,12.454545454545457,12.454545454545457,87.54545454545455,87.54545454545455,-1.0909090909090908,-1.0909090909090908,0.0402414486920719,0.0402414486920719,-0.0030318342597263,-0.0030318342597263,0.4148296593178059,0.4148296593178059,0.0582398890562994,0.0582398890562994,-0.59999999997,-0.59999999997,7.210526315409973,7.210526315409973,0.9499999999525,0.9499999999525,0.0,0.0,1.176470588232927,1.176470588232927,12.176470588210892,12.176470588210892,13.35294117644382,13.35294117644382,6.8499999996575,6.8499999996575,7.947368420634349,7.947368420634349,0.0499999999975,0.0499999999975,0.2055036900520485,0.2055036900520485,4.652173913021004,4.652173913021004,0.0,30.235294117647054,30.235294117647054,29.235294117647054,29.235294117647054,232.8235294117647,232.8235294117647,29.352941176470587,29.352941176470587,59.588235294117645,59.588235294117645,0.5074037512339585,0.5074037512339585,2.823529411764706,2.823529411764706,261.0,261.0,24.33401779603012,194.0,5.267858159063328,1,17.0,2.5647058823529414,0.2941176470588235,1.107745815799884,1.0185739016765356
2022,Breece Hall,RB,44.4,4.7,NYJ,00-0038120,7,16.442857142857143,2022,0,rookie,True,22,4,12.035856922066072,4.407000220791071,0,,,,,,,,,,,,,,,,,,,,,,,,,,,,,,,,,,,,,,,,,,,,,,,,,,,,,,,,,,,,,,,,,,,,,,,,,,,,21.253935660506503,36.0,3.58351893845611,0,17.0,6.770588235294118,0.4117647058823529,0.9343997644363978,1.0267908037943867
2022,Josh Jacobs,RB,46.8,5.9,LV,00-0035700,17,19.311764705882354,2019,3,vet,True,23,4,12.035856922066072,7.275907783816281,3,2.3333333333333335,15.1207326007326,15.0,14.714285714285714,0.8881302521008403,0.8823529411764706,0.8774509803921569,13.437710084033611,1.0,-0.3533333333333335,15.1207326007326,15.066666666666666,3.591941391941392,4.266666666666667,2.9054945054945054,3.6,16.12600732600733,14.466666666666669,19.71794871794872,18.733333333333334,19.614652014652016,23.2,66.14212454212453,58.13333333333333,-0.7736263736263737,-1.8,0.0930882705215132,0.1061359867328256,-0.0024497587954307,-0.0054545454545443,0.5493060657211736,0.5241545893707146,0.1379175746254684,0.1553857982810574,-0.2114417989360255,-0.4218749999934081,6.9288600286701065,6.444444444325104,0.7974867724706637,0.8437499999868163,0.8571428571428571,0.0,3.1959033613389427,3.7647058823466977,14.32983193273988,12.764705882322108,17.52573529407882,16.529411764668804,5.496560846446187,5.437499999915039,7.547643097437892,7.314814814679356,0.0,0.0,-0.0306279410792175,-0.0926831011566556,4.0897138052388575,4.018433179704984,0.0,36.94117647058823,36.94117647058823,35.470588235294116,35.470588235294116,291.1764705882353,291.1764705882353,24.352941176470587,24.352941176470587,61.29411764705882,61.29411764705882,0.6026871401151631,0.6026871401151631,2.176470588235294,2.176470588235294,282.8235294117647,282.8235294117647,24.553045859000683,24.0,3.1780538303479458,3,17.0,19.311764705882354,1.0,1.106929475117321,1.010380445826073
2022,AJ Dillon,RB,48.7,5.6,GB,00-0036265,17,9.858823529411763,2020,2,vet,True,24,4,11.36028003858886,-1.5014565091770962,2,1.8,8.771023965141612,17.0,14.333333333333334,0.8541666666666666,1.0,0.78125,8.118014705882354,1.0,6.439869281045752,8.771023965141612,10.91764705882353,1.5250544662309369,2.176470588235294,1.4074074074074074,2.0,9.037037037037036,11.0,10.562091503267974,13.176470588235292,13.052287581699346,18.41176470588235,40.453159041394336,47.23529411764706,0.7342047930283225,0.8235294117647058,0.0446055257904456,0.0649122807016405,0.002505874107408,0.0031383097960091,0.3141341647342353,0.4192825112098222,0.068662400560854,0.0995652379096671,1.0855855851621012,0.3783783783681519,9.637254900030278,9.205882352670416,0.9459459457627224,0.9189189188940834,3.0,3.0,1.4926470588209009,2.176470588231476,8.29166666664806,10.999999999975335,9.78431372546896,13.176470588206811,9.139639637737218,8.459459459230827,8.745098037703576,9.117647058555365,0.036036036035062,0.0540540540525931,0.6098207412585562,0.4602967379277927,4.616368286391582,4.29411764703586,0.0,34.88235294117647,34.88235294117647,33.529411764705884,33.529411764705884,262.4117647058824,262.4117647058824,26.235294117647054,26.235294117647054,61.11764705882353,61.11764705882353,0.5707410972088547,0.5707410972088547,3.0588235294117645,3.0588235294117645,266.2352941176471,266.2352941176471,24.33401779603012,62.0,4.127134385045092,2,17.0,9.858823529411763,1.0,1.107745815799884,1.0185739016765356
2022,Clyde Edwards-Helaire,RB,54.3,4.8,KC,00-0036360,10,9.83,2020,2,vet,True,25,4,11.36028003858886,-1.5302800385888613,2,1.8,12.352820512820513,10.0,11.0,0.6629901960784313,0.5882352941176471,0.7003676470588236,8.27843137254902,1.0,-1.7784615384615383,12.352820512820513,11.76,2.9179487179487182,2.3,2.1897435897435895,1.9,12.574358974358974,11.9,15.49230769230769,14.2,16.215384615384618,12.9,55.05641025641026,51.7,-2.687179487179487,-5.3,0.0535310687285511,0.0361067503924079,-0.005369813302773,-0.0113880532874921,0.3337785633264512,0.2761020881664127,0.0765377337808855,0.0461884882873674,-1.3325281802912468,-2.3043478259867674,7.276315789159068,6.789473683853186,0.7729468598753219,0.8260869564858223,1.0,0.0,2.0269607843104684,1.3529411764684642,8.437499999979815,6.999999999983758,10.464460784290283,8.352941176452223,5.57246376791942,5.608695651930057,8.661306042497019,8.894736841637119,0.0641438539962916,0.0869565217353497,-0.0116194259530888,-0.0373792677116115,4.375179906184121,4.3445378150895415,0.0,39.705882352941174,39.705882352941174,37.47058823529411,37.47058823529411,273.7647058823529,273.7647058823529,25.352941176470587,25.352941176470587,65.05882352941177,65.05882352941177,0.6103074141048824,0.6103074141048824,3.1176470588235294,3.1176470588235294,290.4117647058824,290.4117647058824,23.392197125256672,32.0,3.4657359027997265,2,17.0,5.7823529411764705,0.5882352941176471,1.089877848266467,1.055761893831577
2022,Damien Harris,RB,59.8,6.3,NE,00-0035657,11,8.263636363636364,2019,3,vet,True,26,5,11.36028003858886,-3.0966436749524977,3,2.3333333333333335,10.783809523809524,15.0,11.571428571428571,0.6917016806722689,0.8823529411764706,0.5232843137254902,8.703256302521007,1.0,4.876666666666667,10.783809523809524,14.006666666666666,1.0,1.4,0.8285714285714285,1.2,12.18095238095238,13.466666666666669,13.18095238095238,14.866666666666667,6.514285714285714,8.8,56.84761904761904,61.93333333333333,-0.3523809523809524,-0.4666666666666667,0.0276626681206283,0.0400763358777861,-0.0012328974594301,-0.0016466713714416,0.3153024310236927,0.4130879345594824,0.0406309739593414,0.05896183385667,-0.3129251700414642,-0.3333333333174603,7.161904761077672,7.333333332925926,0.6938775509679301,0.8571428571020409,0.0,0.0,0.8308823529395317,1.2352941176447014,9.272058823510577,11.882352941152172,10.102941176450106,13.117647058796871,5.714285713811468,6.285714285414966,7.396825395960493,7.444444444030864,0.0,0.0,-0.260474297511118,0.2025537001693046,4.497661549131658,4.5990099009673315,0.0,31.470588235294116,31.470588235294116,30.823529411764707,30.823529411764707,250.05882352941177,250.05882352941177,28.764705882352946,28.764705882352946,60.23529411764706,60.23529411764706,0.5224609375,0.5224609375,2.823529411764706,2.823529411764706,241.05882352941177,241.05882352941177,25.5523613963039,87.0,4.465908118654584,3,17.0,5.347058823529412,0.6470588235294118,1.0824285176990955,0.9778606990216667
2022,Miles Sanders,RB,61.7,5.6,PHI,00-0035243,17,12.747058823529413,2019,3,vet,True,27,5,11.36028003858886,1.3867787849405513,3,2.3333333333333335,11.59077380952381,12.0,12.571428571428571,0.7605042016806723,0.7058823529411765,0.8186274509803922,8.935031512605041,1.0,-4.433333333333334,11.59077380952381,9.766666666666667,3.419642857142857,2.8333333333333335,2.351190476190476,2.1666666666666665,12.026785714285714,11.416666666666666,15.446428571428571,14.25,16.758928571428573,13.166666666666666,63.85119047619048,62.833333333333336,2.5744047619047623,-1.5,0.0828980243665042,0.0726495726494174,0.0066608622511249,-0.0045500505561161,0.3149332208214225,0.2490909090904562,0.1290096401255437,0.1057893235848448,0.5165091677638165,-0.5294117646903115,6.9370172682114015,6.076923076689349,0.7041996285517661,0.7647058823304499,1.0210526315789472,0.0,2.633928571423543,1.9999999999957268,9.131827731073276,8.058823529397111,11.76575630249682,10.058823529392836,4.892074778512162,4.647058823392734,8.322072213208406,8.730769230433433,0.0068027210883273,0.0,-0.1773749178317307,-0.1986106503041428,5.3082288105481785,5.503649634996324,0.0,29.058823529411764,29.058823529411764,27.529411764705884,27.529411764705884,232.7058823529412,232.7058823529412,32.35294117647059,32.35294117647059,61.41176470588235,61.41176470588235,0.4731800766283525,0.4731800766283525,2.6470588235294117,2.6470588235294117,210.8823529411765,210.8823529411765,25.336071184120467,53.0,3.970291913552122,3,17.0,12.747058823529413,1.0,1.0904879525936286,0.9844196499462552
2022,Rashaad Penny,RB,63.3,6.4,SEA,00-0034750,5,10.44,2018,4,vet,True,28,5,10.925918745824406,-0.4859187458244065,4,2.6470588235294117,8.269470085470086,10.0,8.2,0.4928921568627451,0.5882352941176471,0.5376838235294118,4.795539215686275,1.0,11.036666666666669,8.269470085470086,12.17,0.6511680911680913,0.8,0.4846723646723647,0.6,8.723304843304843,11.9,9.374472934472935,12.7,4.174245014245014,4.8,50.59908831908832,74.9,-0.4521937321937322,-1.6,0.0139703673334286,0.016877637130766,-0.0010930564832911,-0.003612553623842,0.1894391338039591,0.2881355932196413,0.0201904114618391,0.0227876681594597,-0.730303030200023,-1.99999999975,6.205555554609799,7.999999998666667,0.5469696969067148,0.74999999990625,0.8181818181818182,0.0,0.3926470588226893,0.4705882352931249,4.8124999999887255,6.999999999983051,5.205147058811415,7.470588235276176,4.62272727220109,5.99999999925,7.568518517350335,10.333333331611112,0.0121212121201101,0.0,0.0617646022406588,0.091224788533165,5.268706979176532,6.2941176470059315,0.0,29.11764705882353,29.11764705882353,27.88235294117647,27.88235294117647,260.52941176470586,260.52941176470586,24.294117647058822,24.294117647058822,53.41176470588235,53.41176470588235,0.5451541850220264,0.5451541850220264,2.823529411764706,2.823529411764706,224.41176470588235,224.41176470588235,26.57905544147844,27.0,3.295836866004329,4,17.0,3.0705882352941174,0.2941176470588235,1.0245137605924117,0.9474635725462851
2022,Kareem Hunt,RB,68.9,7.0,CLE,00-0033923,17,7.458823529411765,2017,5,vet,True,29,5,10.925918745824406,-3.467095216412641,5,2.8181818181818183,14.201759530791788,8.0,10.516129032258064,0.6420777988614801,0.4705882352941176,0.7316176470588236,9.204981024667932,1.0,0.09375,14.201759530791788,13.75,3.606488269794722,3.375,2.8883797653958942,2.75,10.52932551319648,9.75,14.1358137829912,13.125,23.86015395894428,21.75,48.863086510263926,48.25,2.5742302052785924,0.5,0.074943558776357,0.0541082164327572,0.0077082964714217,0.0009692270414342,0.2521890440134855,0.1608247422677096,0.1178111456945308,0.0818407835781399,0.7164541411054453,0.1481481481426611,8.355422389806982,7.909090908731405,0.7964013496984206,0.8148148147846365,3.0,3.0,2.2652988614754945,1.5882352941144642,7.186669829206555,4.588235294108188,9.451968690682053,6.176470588222652,6.629958024069471,6.444444444205761,8.03501218632971,7.909090908731405,0.042672318193184,0.0,0.2146191575002542,0.1047272927085643,4.638519251439337,4.948717948654504,0.0,30.58823529411765,30.58823529411765,29.352941176470587,29.352941176470587,242.76470588235293,242.76470588235293,28.529411764705884,28.529411764705884,59.117647058823536,59.117647058823536,0.5174129353233831,0.5174129353233831,2.411764705882353,2.411764705882353,212.8823529411765,212.8823529411765,27.071868583162217,86.0,4.454347296253507,5,17.0,7.458823529411765,1.0,0.9865072800293422,0.9332372299419154
2022,Chase Edmonds,RB,69.6,7.9,DEN,00-0034681,13,5.707692307692308,2018,4,vet,True,30,5,10.925918745824406,-5.218226438132098,4,2.6470588235294117,10.351805555555556,12.0,13.333333333333334,0.8098039215686276,0.7058823529411765,0.8639705882352942,8.248602941176472,1.0,1.4416666666666682,10.351805555555556,11.941666666666668,3.801388888888889,4.416666666666667,3.0111111111111115,3.5833333333333335,7.688888888888888,9.666666666666666,11.49027777777778,14.083333333333334,22.118055555555557,25.916666666666668,38.01111111111111,49.333333333333336,3.281944444444445,1.9166666666666667,0.0909082430842935,0.0929824561401877,0.0111220703857168,0.0053838951310848,0.2102022004195231,0.233870967741464,0.1441478138964421,0.143242410802041,0.7686219474788293,0.4339622641427554,7.390005850276975,7.232558139366685,0.7778111668133326,0.8113207547016732,2.794074074074074,3.0,3.050245098033716,3.11764705881806,6.005882352928498,6.8235294117509495,9.056127450962215,9.94117647056901,5.6947771396043665,5.867924528191172,7.228856223248043,7.534883720755003,0.0222696043586166,0.0,-0.0338972560746419,-0.0806142212872079,4.857898645127893,5.1034482758180735,1.0,31.823529411764707,34.76470588235294,30.41176470588235,33.529411764705884,258.05882352941177,251.2941176470588,26.764705882352946,29.176470588235293,58.58823529411765,63.94117647058823,0.5431726907630522,0.5436982520699172,2.1176470588235294,2.9411764705882355,226.8235294117647,271.70588235294116,26.38466803559206,134.0,4.897839799950911,4,17.0,4.364705882352942,0.7647058823529411,1.0378832314548487,0.953231500575688
2022,Dameon Pierce,RB,70.5,10.7,HOU,00-0037258,13,12.8,2022,0,rookie,True,31,5,10.925918745824406,1.874081254175595,0,,,,,,,,,,,,,,,,,,,,,,,,,,,,,,,,,,,,,,,,,,,,,,,,,,,,,,,,,,,,,,,,,,,,,,,,,,,,22.53251197809719,107.0,4.672828834461906,0,17.0,9.788235294117648,0.7647058823529411,1.0423884516345867,1.0853620201454284
2022,Tony Pollard,RB,70.8,6.7,DAL,00-0035261,16,15.55,2019,3,vet,True,32,5,10.925918745824406,4.624081254175595,3,2.3333333333333335,9.261632653061223,15.0,15.142857142857142,0.9149159663865546,0.8823529411764706,0.9191176470588236,8.419117647058824,1.0,3.29,9.261632653061223,10.84,2.670748299319728,3.066666666666667,2.1387755102040815,2.6,7.633503401360544,8.666666666666666,10.30425170068027,11.733333333333333,17.376360544217686,22.466666666666665,39.80119047619048,47.93333333333333,-0.1289115646258503,0.5333333333333333,0.0647479812567423,0.0722135007848159,-0.0004489359359658,0.0015907735136206,0.2515242772449692,0.2748414376315543,0.0968077167299374,0.1094337926367584,-0.1291925465770827,0.1739130434744801,7.926164311613718,8.641025640804077,0.7916149068114091,0.8478260869380908,1.7142857142857142,3.0,2.4390756302482055,2.7058823529369285,6.941176470573093,7.647058823513245,9.380252100821297,10.352941176450171,6.329192546420166,7.326086956362477,8.64939822052842,8.74358974336555,0.0142857142851785,0.0,0.0338629615024873,0.1497025542539519,5.14680514047388,5.530769230726687,0.0,38.05882352941177,38.05882352941177,37.47058823529411,37.47058823529411,295.8235294117647,295.8235294117647,27.823529411764707,27.823529411764707,65.88235294117648,65.88235294117648,0.5776785714285714,0.5776785714285714,3.235294117647059,3.235294117647059,291.94117647058823,291.94117647058823,25.3388090349076,128.0,4.852030263919617,3,17.0,14.63529411764706,0.9411764705882352,1.0903962673603478,0.98433543313029
2022,Devin Singletary,RB,74.4,7.2,BUF,00-0035250,16,11.11875,2019,3,vet,True,33,5,10.925918745824406,0.1928312541755943,3,2.3333333333333335,10.973739495798318,17.0,16.0,0.9642857142857144,1.0,0.9166666666666666,10.53356092436975,1.0,2.6602941176470605,10.973739495798318,11.63529411764706,3.061624649859944,2.9411764705882355,2.3683473389355743,2.3529411764705883,10.90266106442577,11.058823529411764,13.964285714285714,14.0,14.776960784313726,13.411764705882351,50.73774509803921,51.1764705882353,1.7713585434173669,0.2352941176470588,0.0829126492311183,0.0802568218297267,0.0052881313491278,0.0007581501137223,0.3878702446995893,0.4078091106281826,0.128070665791067,0.1209159378241957,0.549686411137899,0.0799999999984,6.235364272583236,5.699999999857501,0.7753310104370116,0.7999999999840001,3.0,3.0,2.939600840331121,2.9411764705835144,10.453256302497625,11.058823529387777,13.392857142828746,13.99999999997129,4.818815330911109,4.559999999908801,6.430438164204021,6.04999999984875,0.0183972125431554,0.0199999999996,-0.0424094587924825,-0.0461873387325461,4.6358258480716525,4.62765957444347,0.0,38.52941176470589,38.52941176470589,36.64705882352941,36.64705882352941,310.3529411764706,310.3529411764706,27.11764705882353,27.11764705882353,65.64705882352942,65.64705882352942,0.5869175627240143,0.5869175627240143,3.2941176470588234,3.2941176470588234,261.7647058823529,261.7647058823529,24.993839835728952,74.0,4.30406509320417,3,17.0,10.46470588235294,0.9411764705882352,1.1001776441275914,0.99522715871991
2022,Rhamondre Stevenson,RB,76.0,7.9,NE,00-0036875,17,14.652941176470588,2021,1,soph,True,34,6,10.925918745824406,3.7270224306461817,1,1.0,9.575,12.0,12.0,0.7058823529411765,0.7058823529411765,0.7058823529411765,6.758823529411765,1.0,0.0,9.575,9.575,1.5,1.5,1.1666666666666667,1.1666666666666667,11.083333333333334,11.083333333333334,12.583333333333334,12.583333333333334,10.25,10.25,50.5,50.5,-0.4166666666666667,-0.4166666666666667,0.0343511450381023,0.0343511450381023,-0.001176193836744,-0.001176193836744,0.2719836400812433,0.2719836400812433,0.0507033818714327,0.0507033818714327,-0.2777777777623457,-0.2777777777623457,8.785714285086735,8.785714285086735,0.7777777777345679,0.7777777777345679,0.0,0.0,1.058823529409744,1.058823529409744,7.823529411748707,7.823529411748707,8.882352941158452,8.882352941158452,6.833333332953703,6.833333332953703,10.357142856403062,10.357142856403062,0.0,0.0,-0.1687445630542577,-0.1687445630542577,4.556390977409351,4.556390977409351,0.0,31.470588235294116,31.470588235294116,30.823529411764707,30.823529411764707,250.05882352941177,250.05882352941177,28.764705882352946,28.764705882352946,60.23529411764706,60.23529411764706,0.5224609375,0.5224609375,2.823529411764706,2.823529411764706,241.05882352941177,241.05882352941177,24.520191649555095,120.0,4.787491742782046,1,17.0,14.652941176470588,1.0,1.1071556110327712,1.0115816578750232
2022,Melvin Gordon III,RB,85.4,6.2,KC,00-0032144,10,8.709999999999999,2015,7,vet,True,35,6,9.4762971493062,-0.766297149306201,7,2.953488372093023,13.75355296934037,16.0,14.929133858267717,0.9034275127373784,0.9411764705882352,0.8665966386554622,12.283172186197314,1.0,-1.032916666666667,13.75355296934037,12.19375,3.113087306394393,2.375,2.3052349225577573,1.75,13.594906405930027,12.6875,16.70799371232442,15.0625,16.5950852297309,13.3125,60.29044879005509,57.375,-0.1350307173141818,0.75,0.0846822750604408,0.0735009671178462,0.0001396125421394,0.0027353544563476,0.4658739262513349,0.4461538461528656,0.1271211413701588,0.1121661987962127,0.0666924938618382,0.3157894736759003,7.048061732335048,7.607142856871174,0.7388588897023769,0.7368421052437674,2.3149606299212597,3.0,2.7499710514075346,2.2352941176427352,12.267600741055544,11.941176470561992,15.017571792463078,14.176470588204726,5.212438314279457,5.60526315774723,6.750337469938946,6.642857142619898,0.0404283297517666,0.0526315789459833,-0.1247201538984,-0.0688829613524295,4.440718618246749,4.522167487662452,1.0,39.705882352941174,31.823529411764707,37.47058823529411,30.41176470588235,273.7647058823529,258.05882352941177,25.352941176470587,26.764705882352946,65.05882352941177,58.58823529411765,0.6103074141048824,0.5431726907630522,3.1176470588235294,2.1176470588235294,290.4117647058824,226.8235294117647,29.38535249828884,15.0,2.70805020110221,7,17.0,5.123529411764705,0.5882352941176471,0.7887586606290942,0.904844648324268
2022,Cordarrelle Patterson,RB,91.4,7.2,ATL,00-0030578,13,11.9,2013,9,vet,True,36,7,9.4762971493062,2.4237028506937985,9,2.9883040935672516,9.45957215077812,16.0,15.921722113502936,0.965638310118568,0.9411764705882352,0.9726307189542484,9.000623776908023,1.0,10.325,9.45957215077812,14.6625,2.979436911751002,4.3125,2.2569646351691364,3.25,6.138300251607493,9.5625,9.117737163358496,13.875,22.110769033640853,34.25,25.07570589879788,38.625,10.551569052278449,13.375,0.084905600020557,0.124548736461869,0.0402899424821664,0.0532470763871477,0.2482940408567651,0.389312977098246,0.1555613597683521,0.224096058163807,3.803031508955754,3.1014492753173704,9.08919521270682,10.538461538258876,0.7616069903887481,0.753623188394875,1.939322854538073,2.560747663551402,2.844904742713928,4.058823529404438,5.845401174153497,8.9999999999771,8.690305916867423,13.058823529381538,6.8704403770174105,7.942028985392144,6.703250127985748,7.403846153703773,0.0436196992028278,0.0724637681148918,0.1483761036187861,0.2766815358772402,4.548240328645101,4.03921568624811,0.0,33.705882352941174,33.705882352941174,32.588235294117645,32.588235294117645,236.41176470588235,236.41176470588235,23.11764705882353,23.11764705882353,56.8235294117647,56.8235294117647,0.593167701863354,0.593167701863354,1.8235294117647056,1.8235294117647056,234.52941176470588,234.52941176470588,31.460643394934976,29.0,3.367295829986474,9,17.0,9.1,0.7647058823529411,0.6406272777245431,0.9044183669794728
2022,James Cook III,RB,92.0,7.8,BUF,00-0037248,14,7.678571428571429,2022,0,rookie,True,37,7,9.4762971493062,-1.7977257207347712,0,,,,,,,,,,,,,,,,,,,,,,,,,,,,,,,,,,,,,,,,,,,,,,,,,,,,,,,,,,,,,,,,,,,,,,,,,,,,22.934976043805612,63.0,4.143134726391533,0,17.0,6.323529411764706,0.8235294117647058,1.067927551309488,1.0722574560108002
2022,Kenneth Walker III,RB,92.9,8.3,SEA,00-0038134,15,13.5,2022,0,rookie,True,38,7,9.4762971493062,4.0237028506938,0,,,,,,,,,,,,,,,,,,,,,,,,,,,,,,,,,,,,,,,,,,,,,,,,,,,,,,,,,,,,,,,,,,,,,,,,,,,,21.86447638603696,41.0,3.713572066704308,0,17.0,11.911764705882351,0.8823529411764706,0.9899427736292745,1.0878257625186243
2022,Nyheim Hines,RB,93.9,8.3,BUF,00-0034367,11,5.381818181818182,2018,4,vet,True,39,7,9.4762971493062,-4.094478967488018,4,2.6470588235294117,8.530955882352941,17.0,16.533333333333335,1.0,1.0,1.0,8.530955882352941,1.0,-5.216176470588235,8.530955882352941,6.858823529411764,3.8757352941176473,3.3529411764705883,2.934068627450981,2.3529411764705883,4.027696078431372,3.2941176470588234,7.90343137254902,6.647058823529412,22.196323529411764,18.235294117647054,17.958823529411763,16.235294117647058,5.749264705882354,6.647058823529412,0.1228037335550079,0.1135458167328415,0.0237301573351299,0.0286656519533159,0.1401689898071157,0.1122244488975706,0.2008167104671029,0.1903846814665834,1.5542261357693017,1.9824561403160976,7.592977392812499,7.749999999806251,0.7483229145542499,0.7017543859526009,2.832787522300531,2.743362831858407,3.875735294110194,3.352941176463909,4.027696078422832,3.294117647052222,7.903431372533026,6.647058823516131,5.677239287998107,5.438596491132657,6.99327561312448,6.899999999827501,0.0250379034001073,0.017543859648815,0.0650271701812746,0.0761176100161077,4.5236791275855355,4.928571428483418,1.0,38.52941176470589,30.647058823529413,36.64705882352941,29.529411764705884,310.3529411764706,231.8823529411765,27.11764705882353,29.352941176470587,65.64705882352942,60.0,0.5869175627240143,0.5107843137254902,3.2941176470588234,2.8823529411764706,261.7647058823529,211.05882352941177,25.801505817932924,104.0,4.6443908991413725,4,17.0,3.4823529411764707,0.6470588235294118,1.0713140426716066,0.9704500980046483
2022,James Robinson,RB,101.5,9.3,NYJ,00-0035831,10,8.86,2020,2,vet,True,40,7,9.4762971493062,-0.6162971493062006,2,1.8,14.242857142857142,14.0,14.0,0.8406862745098039,0.8235294117647058,0.8492647058823529,12.036274509803922,1.0,-5.4642857142857135,14.242857142857142,12.421428571428573,3.619047619047619,3.2857142857142856,2.642857142857143,2.2142857142857144,13.523809523809524,11.714285714285714,17.142857142857142,15.0,18.761904761904763,15.857142857142858,62.0,54.785714285714285,0.7380952380952381,2.857142857142857,0.0867895207516362,0.0789022298454907,0.0023447593976491,0.0086880973066879,0.5163002886600427,0.4183673469377083,0.1318256127058088,0.1244350128829176,0.3074879226972486,0.8695652173724008,7.114329602607103,7.161290322349636,0.7214975845267589,0.6739130434636106,2.0,3.0,3.0539215686222203,2.7058823529365355,11.431372548988364,9.647058823504802,14.485294117610584,12.352941176441336,5.128502415357143,4.826086956416825,7.551678735797805,7.419354838470343,0.0166666666663888,0.0,-0.0144860077454203,-0.075838619462494,4.603997289947697,4.676829268264166,1.0,35.470588235294116,35.529411764705884,34.1764705882353,34.294117647058826,249.41176470588235,270.8235294117647,22.352941176470587,23.058823529411764,57.8235294117647,58.58823529411765,0.6134282807731435,0.606425702811245,2.0,1.4705882352941178,232.8823529411765,216.1176470588235,24.06297056810404,260.0,5.560681631015528,2,17.0,5.211764705882352,0.5882352941176471,1.1062808118177245,1.0292067284190567
2022,Raheem Mostert,RB,101.9,8.6,MIA,00-0031687,16,10.51875,2015,7,vet,True,41,7,9.4762971493062,1.042452850693801,7,2.953488372093023,5.781452318460192,1.0,5.409448818897638,0.3362378415933302,0.0588235294117647,0.4637605042016806,3.1004284390921724,1.0,-10.4625,5.781452318460192,2.0,0.8267716535433071,0.0,0.6614173228346457,0.0,5.666666666666666,2.0,6.4934383202099735,2.0,6.52755905511811,0.0,34.821522309711284,20.0,0.952755905511811,0.0,0.0154327410362366,0.0,0.0031562063425955,0.0,0.1022039089671314,0.004008016032056,0.0253584559941719,0.0,0.4869295644059256,0.0,4.338957629983225,0.0,0.3463490508437243,0.0,2.5714285714285716,,0.4999999999990354,0.0,2.9224756831802803,0.1176470588232936,3.4224756831793157,0.1176470588232936,3.3245461540308843,0.0,3.998500187166086,0.0,0.0247146140213109,0.0,0.0998459899888561,0.0,7.747086933983003,9.999999995,1.0,36.1764705882353,30.235294117647054,35.23529411764706,29.235294117647054,261.0,232.8235294117647,26.0,29.352941176470587,62.1764705882353,59.588235294117645,0.5818353831598865,0.5074037512339585,1.9411764705882353,2.823529411764706,231.52941176470588,261.0,30.39561943874059,260.0,5.560681631015528,7,17.0,9.9,0.9411764705882352,0.7129573513173056,0.9048275032631512
2022,Kenny Gainwell,RB,105.8,8.2,PHI,00-0036919,15,5.793333333333334,2021,1,soph,True,42,7,8.801446416016189,-3.008113082682855,1,1.0,7.7125,16.0,16.0,0.9411764705882352,0.9411764705882352,0.9411764705882352,7.258823529411765,1.0,0.0,7.7125,7.7125,3.125,3.125,2.0625,2.0625,4.25,4.25,7.375,7.375,15.8125,15.8125,18.1875,18.1875,5.8125,5.8125,0.1068376068373785,0.1068376068373785,0.0235085945399333,0.0235085945399333,0.1236363636361388,0.1236363636361388,0.1767124264340212,0.1767124264340212,1.8599999999628,1.8599999999628,7.666666666434344,7.666666666434344,0.6599999999868,0.6599999999868,2.7204301075268815,2.7204301075268815,2.941176470581951,2.941176470581951,3.999999999992727,3.999999999992727,6.941176470574678,6.941176470574678,5.059999999898801,5.059999999898801,6.8484848482773195,6.8484848482773195,0.0199999999996,0.0199999999996,0.0882799207782031,0.0882799207782031,4.2794117646429495,4.2794117646429495,0.0,29.058823529411764,29.058823529411764,27.529411764705884,27.529411764705884,232.7058823529412,232.7058823529412,32.35294117647059,32.35294117647059,61.41176470588235,61.41176470588235,0.4731800766283525,0.4731800766283525,2.6470588235294117,2.6470588235294117,210.8823529411765,210.8823529411765,23.468856947296377,150.0,5.0106352940962555,1,17.0,5.111764705882353,0.8823529411764706,1.0927177594402164,1.052830523296056
2022,Tyler Allgeier,RB,107.6,8.0,ATL,00-0037263,16,9.9625,2022,0,rookie,True,43,8,8.801446416016189,1.1610535839838114,0,,,,,,,,,,,,,,,,,,,,,,,,,,,,,,,,,,,,,,,,,,,,,,,,,,,,,,,,,,,,,,,,,,,,,,,,,,,,22.379192334017795,151.0,5.017279836814924,0,17.0,9.376470588235296,0.9411764705882352,1.0313483266172507,1.0899829139523232
2022,J.D. McKissic,RB,110.2,7.9,WAS,00-0032602,8,6.975,2016,6,vet,True,44,8,8.801446416016189,-1.8264464160161893,6,2.9076923076923076,9.988085618085618,11.0,12.142857142857142,0.7383870214752567,0.6470588235294118,0.5974264705882353,7.724649859943977,1.0,-0.3352272727272734,9.988085618085618,11.627272727272729,4.723520923520924,4.818181818181818,3.6649350649350647,3.909090909090909,4.088407888407889,4.363636363636363,8.811928811928812,9.181818181818182,30.61125541125541,36.09090909090909,18.014189514189514,19.272727272727273,5.174314574314574,2.8181818181818183,0.1118578866677252,0.0992509363294021,0.0186252039316871,0.0076656775469812,0.1209039160011227,0.1006289308173991,0.1808244727537688,0.1542423787769901,1.3531876606873952,0.5849056603663225,7.804959502952294,9.232558139320174,0.7389377639965199,0.8113207547016732,2.7541179994010183,3.0,3.760154061617844,3.117647058817691,3.189133986920736,2.8235294117587864,6.9492880485385795,5.941176470576478,6.179635083205104,7.490566037594518,7.247564762131965,8.837209302120066,0.0281887138556171,0.0377358490558917,0.0558951671701216,0.2440101885772556,4.3491144739963685,4.4166666665746535,0.0,32.35294117647059,32.35294117647059,31.41176470588235,31.41176470588235,237.8823529411765,237.8823529411765,28.058823529411764,28.058823529411764,60.41176470588235,60.41176470588235,0.5355404089581305,0.5355404089581305,2.0,2.0,220.35294117647055,220.35294117647055,29.045859000684462,260.0,5.560681631015528,6,17.0,3.2823529411764705,0.4705882352941176,0.8159840790524201,0.9049460613972803
2022,Darrell Henderson Jr.,RB,111.9,8.8,JAX,00-0035664,10,7.35,2019,3,vet,True,45,8,8.801446416016189,-1.4514464160161893,3,2.3333333333333335,10.618412698412698,12.0,12.428571428571429,0.751575630252101,0.7058823529411765,0.7352941176470589,8.019222689075631,1.0,4.93,10.618412698412698,13.616666666666667,2.457142857142857,3.3333333333333335,1.749206349206349,2.4166666666666665,10.342857142857142,12.416666666666666,12.8,15.75,11.996825396825397,14.666666666666666,46.98095238095238,57.333333333333336,2.1142857142857143,3.0833333333333335,0.0515705578762952,0.0664451827241421,0.0054089996990939,0.0072364560923122,0.2999734272343139,0.3547619047610601,0.0811421366038087,0.1047332933508317,0.790476190443135,0.9249999999768752,7.62869458065339,6.068965517032105,0.6999999999658334,0.724999999981875,3.0,3.0,1.826680672265824,2.35294117646668,7.820903361326535,8.764705882332073,9.647584033592356,11.117647058798752,5.2880952378066866,4.39999999989,7.725369457496847,6.206896551510107,0.0547619047603373,0.074999999998125,-0.119356659830626,-0.1939208665198826,4.4689296696474745,4.617449664398541,1.0,35.529411764705884,35.705882352941174,34.294117647058826,35.411764705882355,270.8235294117647,300.7647058823529,23.058823529411764,24.705882352941178,58.58823529411765,60.41176470588235,0.606425702811245,0.5910418695228822,1.4705882352941178,3.0,216.1176470588235,287.8235294117647,25.034907597535938,70.0,4.248495242049359,3,17.0,4.323529411764706,0.5882352941176471,1.0992130188167704,0.993894664603145
2022,Brian Robinson Jr.,RB,112.7,7.9,WAS,00-0037746,12,9.391666666666666,2022,0,rookie,True,46,8,8.801446416016189,0.5902202506504768,0,,,,,,,,,,,,,,,,,,,,,,,,,,,,,,,,,,,,,,,,,,,,,,,,,,,,,,,,,,,,,,,,,,,,,,,,,,,,23.446954140999317,98.0,4.584967478670572,0,17.0,6.629411764705882,0.7058823529411765,1.0919404817948566,1.0536753397475973
2022,Michael Carter,RB,113.3,7.9,NYJ,00-0036924,16,7.875,2021,1,soph,True,47,8,8.801446416016189,-0.9264464160161888,1,1.0,11.028571428571428,14.0,14.0,0.8235294117647058,0.8235294117647058,0.8235294117647058,9.08235294117647,1.0,0.0,11.028571428571428,11.028571428571428,3.928571428571429,3.928571428571429,2.5714285714285716,2.5714285714285716,10.5,10.5,14.428571428571429,14.428571428571429,23.214285714285715,23.214285714285715,45.642857142857146,45.642857142857146,2.357142857142857,2.357142857142857,0.0946643717726425,0.0946643717726425,0.0077830188679226,0.0077830188679226,0.3868421052621399,0.3868421052621399,0.1474446708665097,0.1474446708665097,0.5999999999890909,0.5999999999890909,9.027777777527008,9.027777777527008,0.6545454545335537,0.6545454545335537,3.0,3.0,3.2352941176414904,3.2352941176414904,8.647058823506656,8.647058823506656,11.882352941148149,11.882352941148149,5.909090908983472,5.909090908983472,9.472222221959106,9.472222221959106,0.0,0.0,-0.0962927925841715,-0.0962927925841715,4.346938775480633,4.346938775480633,0.0,35.470588235294116,35.470588235294116,34.1764705882353,34.1764705882353,249.41176470588235,249.41176470588235,22.352941176470587,22.352941176470587,57.8235294117647,57.8235294117647,0.6134282807731435,0.6134282807731435,2.0,2.0,232.8823529411765,232.8823529411765,23.32101300479124,107.0,4.672828834461906,1,17.0,7.411764705882353,0.9411764705882352,1.0870047377989782,1.0584382616407377
2022,Antonio Gibson,RB,114.7,14.3,WAS,00-0036328,15,11.06,2020,2,vet,True,48,8,8.801446416016189,2.2585535839838116,2,1.8,14.360119047619046,16.0,15.333333333333334,0.9191176470588236,0.9411764705882352,0.9080882352941176,13.196813725490196,1.0,-0.1241071428571416,14.360119047619046,14.31875,3.214285714285714,3.25,2.607142857142857,2.625,14.797619047619046,16.125,18.011904761904763,19.375,18.13095238095238,18.375,62.13690476190476,64.8125,-1.2321428571428572,-0.5625,0.0905151283407165,0.0973782771533757,-0.004841262065792,-0.0022255192878332,0.5022536687619926,0.5408805031435202,0.1323838090650204,0.1445095522285802,-0.3881118881034708,-0.1730769230735946,6.953703703529065,6.999999999833334,0.8111888111722578,0.8076923076767752,0.0,0.0,2.955882352935758,3.0588235294060366,13.659313725460132,15.17647058820348,16.61519607839589,18.235294117609516,5.640442890327878,5.653846153737426,8.072751322548056,7.928571428382654,0.0384615384607988,0.0576923076911982,-0.0347342469945987,0.0249846840007798,4.238410092699703,4.019379844945662,0.0,32.35294117647059,32.35294117647059,31.41176470588235,31.41176470588235,237.8823529411765,237.8823529411765,28.058823529411764,28.058823529411764,60.41176470588235,60.41176470588235,0.5355404089581305,0.5355404089581305,2.0,2.0,220.35294117647055,220.35294117647055,24.191649555099247,66.0,4.189654742026425,2,17.0,9.758823529411766,0.8823529411764706,1.1073308447054477,1.0241081334556128
2022,Isiah Pacheco,RB,118.0,9.0,KC,00-0037197,16,8.4375,2022,0,rookie,True,49,8,8.801446416016189,-0.3639464160161889,0,,,,,,,,,,,,,,,,,,,,,,,,,,,,,,,,,,,,,,,,,,,,,,,,,,,,,,,,,,,,,,,,,,,,,,,,,,,,23.50171115674196,251.0,5.5254529391317835,0,17.0,7.9411764705882355,0.9411764705882352,1.093869971970505,1.0515639284770113
2022,Jamaal Williams,RB,121.7,10.1,DET,00-0033948,17,13.288235294117648,2017,5,vet,True,50,8,8.514685960281549,4.773549333836099,5,2.8181818181818183,9.215958879829849,13.0,13.64516129032258,0.8281546489563567,0.7647058823529411,0.8904411764705882,7.616223908918405,1.0,0.1368131868131872,9.215958879829849,9.215384615384616,2.410011225333806,2.1538461538461537,2.1257680491551456,2.0,10.071100673520029,11.76923076923077,12.481111898853834,13.923076923076923,14.32549332388042,12.076923076923077,40.47609594706368,46.23076923076923,0.6685661113080468,0.7692307692307693,0.0606003575815987,0.0495575221238061,0.0024634395340651,0.0026867275658241,0.3240795996787136,0.3583138173293716,0.0926249440462437,0.076216992481786,0.3241005082751565,0.357142857130102,6.758157545766725,6.03846153822929,0.8858674547431848,0.9285714285382654,2.6129032258064515,3.0,2.011385199237293,1.647058823526497,8.22379032256107,8.999999999978922,10.235175521798364,10.647058823505418,5.938574726847605,5.607142856942602,6.720466987203827,5.999999999769231,0.0236077226583709,0.0,0.1067069222907598,0.0566025149206637,4.041900746179165,3.9281045751377257,0.0,34.88235294117647,34.88235294117647,33.23529411764706,33.23529411764706,218.94117647058823,218.94117647058823,25.11764705882353,25.11764705882353,60.0,60.0,0.5813725490196079,0.5813725490196079,2.0588235294117645,2.0588235294117645,228.47058823529412,228.47058823529412,27.41409993155373,134.0,4.897839799950911,5,17.0,13.288235294117648,1.0,0.9575914358519255,0.9243798180755177
2022,Rachaad White,RB,123.3,9.6,TB,00-0037256,16,8.81875,2022,0,rookie,True,51,8,8.514685960281549,0.3040640397184511,0,,,,,,,,,,,,,,,,,,,,,,,,,,,,,,,,,,,,,,,,,,,,,,,,,,,,,,,,,,,,,,,,,,,,,,,,,,,,23.63586584531143,91.0,4.51085950651685,0,17.0,8.299999999999999,0.9411764705882352,1.0980325765972905,1.0462997676178498
2022,Alexander Mattison,RB,128.9,11.3,MIN,00-0034972,16,5.50625,2019,3,vet,True,52,9,8.371889717425432,-2.8656397174254327,3,2.3333333333333335,7.157967032967034,16.0,14.714285714285714,0.8860294117647058,0.9411764705882352,0.8553921568627452,6.394432773109244,1.0,1.1841346153846155,7.157967032967034,7.86875,1.854395604395604,2.4375,1.5384615384615383,2.0,7.994505494505495,8.375,9.8489010989011,10.8125,11.79120879120879,14.25,32.151098901098905,30.6875,1.304945054945055,0.1875,0.0512715978772902,0.0674740484427898,0.0045633395421919,0.0006586169045004,0.2591577662411007,0.2984409799547919,0.0801017344954697,0.101672104497335,1.14633699625702,0.0769230769211045,7.990109889654188,7.124999999777344,0.8355311354926849,0.8205128204917818,3.0,3.0,1.6859243697448367,2.2941176470548545,7.111344537799555,7.882352941158915,8.797268907544392,10.17647058821377,6.697802197476461,5.846153846003945,7.680769230348118,7.437499999767579,0.0336996336979881,0.0256410256403681,0.1466412050895657,-0.0694344157510478,4.04548329776105,3.6641791044502674,0.0,35.529411764705884,35.529411764705884,34.0,34.0,267.94117647058823,267.94117647058823,26.41176470588235,26.41176470588235,61.94117647058823,61.94117647058823,0.5735992402659069,0.5735992402659069,2.588235294117647,2.588235294117647,261.7647058823529,261.7647058823529,24.202600958247775,102.0,4.624972813284271,3,17.0,5.18235294117647,0.9411764705882352,1.107394715617715,1.0236776726816135
2022,Zamir White,RB,130.5,7.5,LV,00-0038040,5,1.3199999999999998,2022,0,rookie,True,53,9,7.491790151433535,-6.171790151433536,0,,,,,,,,,,,,,,,,,,,,,,,,,,,,,,,,,,,,,,,,,,,,,,,,,,,,,,,,,,,,,,,,,,,,,,,,,,,,22.954140999315538,122.0,4.804021044733257,0,17.0,0.388235294117647,0.2941176470588235,1.0690134532766145,1.0716020647023003
2023,Christian McCaffrey,RB,2.4,1.0,SF,00-0033280,16,24.45625,2017,6,vet,True,1,1,19.40125646412411,5.054993535875891,6,2.9076923076923076,21.961357654172783,17.0,12.571428571428571,0.7474323062558357,1.0,0.7665441176470589,16.131274509803923,1.0,2.7480672268907576,21.961357654172783,20.962352941176473,6.440278889333511,6.352941176470588,5.3536470143613,5.0,15.069058178827088,14.352941176470589,21.5093370681606,20.705882352941178,47.24554544039838,43.588235294117645,67.70592403628117,67.0,9.268499066293185,7.823529411764706,0.107518347866281,0.1160042964552996,0.0193164029310621,0.0200120373156755,0.2669463200468179,0.2472137791284222,0.1747990038511651,0.1880148708039224,1.4752026102553455,1.2314814814700787,8.83182471657083,8.717647058720969,0.833071126959548,0.7870370370297496,2.9945578231292513,3.0,4.911823062548524,6.352941176457078,10.927112511648016,14.35294117644168,15.83893557419654,20.705882352898755,7.368267432666913,6.861111111047582,7.75555614043198,8.1764705881391,0.0404202548087162,0.0462962962958676,0.319621066001742,0.1904774036973524,4.514225771748112,4.668032786866115,0.0,30.11764705882353,30.11764705882353,29.647058823529413,29.647058823529413,202.47058823529412,202.47058823529412,29.647058823529413,29.647058823529413,59.76470588235294,59.76470588235294,0.5039370078740157,0.5039370078740157,2.9411764705882355,2.9411764705882355,238.1764705882353,238.1764705882353,27.23340177960301,8.0,2.0794415416798357,6,17.0,23.01764705882353,0.9411764705882352,0.9730551050591518,0.9289044836629621
2023,Austin Ekeler,RB,5.0,1.5,LAC,00-0033699,14,13.242857142857144,2017,6,vet,True,2,1,18.801468895250412,-5.5586117523932685,6,2.9076923076923076,20.422110177404292,17.0,15.65079365079365,0.9314892623716152,1.0,0.886029411764706,19.25096288515406,1.0,0.4360294117647036,20.422110177404292,21.923529411764704,6.700480192076831,7.470588235294118,5.47796451914099,6.294117647058823,11.655555555555557,12.0,18.356035747632387,19.470588235294116,42.13256635987728,42.47058823529411,52.290749633186614,53.8235294117647,-0.6181939442443645,-5.9411764705882355,0.1598325842989393,0.1848617176125402,-0.0030934868376342,-0.0233094853450211,0.444887578330162,0.5049504950482551,0.237583435662065,0.2609759366772955,0.0277284479868984,-0.795275590544919,7.900632487657439,6.747663551338807,0.812257325015172,0.842519685032736,1.0952380952380951,0.0,6.283204948636615,7.470588235283244,10.874124649833538,11.999999999970298,17.157329598470152,19.47058823525354,6.37529220287046,5.685039370033976,8.583254358845771,8.00934579431767,0.0533796289308465,0.0393700787398474,0.1079444242530718,0.0991028786806607,4.503205562149409,4.485294117625072,0.0,41.8235294117647,41.8235294117647,40.411764705882355,40.411764705882355,254.8823529411765,254.8823529411765,23.764705882352946,23.764705882352946,65.58823529411765,65.58823529411765,0.6376681614349776,0.6376681614349776,2.411764705882353,2.411764705882353,281.8235294117647,281.8235294117647,28.292950034223136,260.0,5.560681631015528,6,17.0,10.905882352941177,0.8235294117647058,0.8797991221881204,0.9088797583804755
2023,Bijan Robinson,RB,8.8,2.7,ATL,00-0038542,16,15.375,2023,0,rookie,True,3,1,16.783941579810566,-1.4089415798105662,0,,,,,,,,,,,,,,,,,,,,,,,,,,,,,,,,,,,,,,,,,,,,,,,,,,,,,,,,,,,,,,,,,,,,,,,,,,,,21.58521560574949,8.0,2.0794415416798357,0,17.0,14.470588235294118,0.9411764705882352,0.9652141113183439,1.0606519938412364
2023,Saquon Barkley,RB,9.0,2.1,NYG,00-0034844,14,15.94285714285714,2018,5,vet,True,4,1,16.783941579810566,-0.8410844369534249,5,2.8181818181818183,15.093951612903227,16.0,13.225806451612904,0.7839184060721063,0.9411764705882352,0.7286764705882354,12.764468690702088,1.0,6.319230769230769,15.093951612903227,17.75,4.770006203473946,4.75,3.4812344913151363,3.5625,15.560949131513649,18.4375,20.330955334987593,23.1875,23.622363523573203,21.125,63.900589330024815,82.0,2.61197270471464,-1.0,0.1234296425228613,0.1554192229035676,0.0013532009338056,-0.005076142131978,0.4611826190172893,0.5673076923066014,0.1860917044379559,0.2295755348629668,0.5733293412847472,-0.2105263157867035,6.805274093949186,5.929824561299477,0.7289605251918426,0.7499999999901316,1.2922201138519924,0.0,3.7835626185885025,4.470588235284976,12.969995256139605,17.35294117643722,16.753557874728106,21.823529411722195,4.925661928595262,4.447368420994113,7.803976897071648,7.61403508758572,0.011888842779601,0.0,-0.0456323055824907,-0.1657795188285789,3.9307441888306225,4.447457627103568,0.0,30.58823529411765,30.58823529411765,28.764705882352946,28.764705882352946,185.41176470588235,185.41176470588235,30.58823529411765,30.58823529411765,61.1764705882353,61.1764705882353,0.5,0.5,2.235294117647059,2.235294117647059,201.8235294117647,201.8235294117647,26.55715263518138,2.0,0.6931471805599453,5,17.0,13.12941176470588,0.8235294117647058,1.0260762739744829,0.9481129313478709
2023,Nick Chubb,RB,12.5,2.9,CLE,00-0034791,2,11.55,2018,5,vet,False,5,2,16.783941579810566,-5.2339415798105655,5,2.8181818181818183,16.16661979307852,17.0,15.483870967741936,0.922201138519924,1.0,0.9147058823529411,14.90793406072106,1.0,1.1743697478991564,16.16661979307852,16.552941176470586,2.033765925725129,2.176470588235294,1.5459248215415196,1.588235294117647,17.00336586247402,17.764705882352942,19.03713178819915,19.941176470588236,13.49781444835999,14.058823529411764,89.01255986265474,89.70588235294117,0.7567204301075269,0.0,0.0633628970874327,0.0729783037473905,0.0022892780002174,0.0,0.5278250893348723,0.5676691729312638,0.0966468402313013,0.1094674556210858,0.5056228260416115,0.0,8.762066905232363,8.851851851524005,0.7674281986427164,0.7297297297100074,2.6,,1.9040559772258272,2.176470588231002,15.75094876657195,17.76470588231955,17.65500474379778,19.941176470550552,6.737082402819245,6.45945945928488,9.246714455992976,9.592592592237311,0.0264967080531273,0.0270270270262965,0.2285475997811248,0.2152601728650039,5.246698197255702,5.049668874155465,0.0,31.764705882352946,31.764705882352946,29.823529411764707,29.823529411764707,245.35294117647055,245.35294117647055,31.294117647058822,31.294117647058822,63.05882352941177,63.05882352941177,0.503731343283582,0.503731343283582,2.235294117647059,2.235294117647059,218.23529411764707,218.23529411764707,27.679671457905545,35.0,3.5553480614894135,5,17.0,1.3588235294117648,0.1176470588235294,0.9343005074551544,0.9185057134613221
2023,Tony Pollard,RB,15.2,2.7,DAL,00-0035261,17,13.094117647058823,2019,4,vet,True,6,2,15.48991409805029,-2.395796450991467,4,2.6470588235294117,12.615428571428572,16.0,15.6,0.928921568627451,0.9411764705882352,0.9246323529411764,11.734411764705884,1.0,4.710000000000001,12.615428571428572,15.55,3.0796825396825396,3.4375,2.298095238095238,2.4375,9.99563492063492,12.0625,13.07531746031746,15.5,20.47563492063492,23.1875,52.14055555555556,62.9375,2.4398412698412697,4.6875,0.0840383545557999,0.1009174311924753,0.0087833023186096,0.0168615107913631,0.3112260814207964,0.3634651600746451,0.1322058434567266,0.1631792043426672,0.6669828721901988,1.3636363636115705,8.772380952127254,9.512820512576596,0.7476021080202664,0.7090909090780165,2.4,3.0,2.863725490191095,3.235294117641123,9.294117647040355,11.352941176449209,12.157843137231447,14.588235294090332,6.551198945839758,6.745454545331901,8.781684981424068,8.897435897207759,0.0357575757567968,0.0545454545444628,0.0763205869290683,0.1134710091773268,5.1845712417058625,5.217616580283847,0.0,32.705882352941174,32.705882352941174,32.05882352941177,32.05882352941177,261.6470588235294,261.6470588235294,31.235294117647054,31.235294117647054,63.94117647058823,63.94117647058823,0.5114995400183993,0.5114995400183993,3.0588235294117645,3.0588235294117645,230.05882352941177,230.05882352941177,26.338124572210816,128.0,4.852030263919617,4,17.0,13.094117647058823,1.0,1.0409243865840472,0.9546093808702588
2023,Derrick Henry,RB,17.9,2.8,TEN,00-0032764,17,14.509411764705884,2016,7,vet,True,7,2,15.48991409805029,-0.9805023333444076,7,2.953488372093023,20.07263779527559,16.0,13.905511811023622,0.832040296433534,0.9411764705882352,0.8891806722689076,16.20379863362668,1.0,-5.240000000000002,20.07263779527559,18.9225,2.326743532058493,2.5625,1.8791619797525307,2.0625,22.796906636670418,21.8125,25.123650168728908,24.375,19.55434945631796,24.875,103.4730971128609,96.125,-0.719066366704162,-0.4375,0.071048042502663,0.0940366972474907,-0.0029305474699971,-0.0020926756352759,0.6185728656461462,0.716632443530356,0.1045206805249965,0.1395901729265429,-0.3461103079589064,-0.170731707312909,10.19588862538817,12.06060606024059,0.8001005069159957,0.8048780487608567,0.0708661417322834,0.0,1.909940944877659,2.4117647058768212,18.41135942562307,20.52941176466373,20.32130037050073,22.94117647054055,8.207141750593243,9.707317072933968,10.46576768953344,12.030303029938477,0.0061756986256338,0.0,0.2881833861762103,0.344493076216196,4.551368353672181,4.406876790818319,0.0,26.823529411764707,26.823529411764707,25.647058823529413,25.647058823529413,196.76470588235293,196.76470588235293,28.647058823529413,28.647058823529413,55.47058823529411,55.47058823529411,0.4835630965005302,0.4835630965005302,1.8823529411764703,1.8823529411764703,189.8235294117647,189.8235294117647,29.65639972621492,45.0,3.80666248977032,7,17.0,14.509411764705884,1.0,0.7676741947285038,0.9048629095703054
2023,Josh Jacobs,RB,21.9,3.3,LV,00-0035700,13,13.930769230769233,2019,4,vet,True,8,2,14.434106455309395,-0.5033372245401644,4,2.6470588235294117,17.355949723479135,17.0,15.933333333333334,0.9477941176470588,1.0,0.9080882352941176,16.570539215686274,1.0,4.245098039215687,17.355949723479135,19.311764705882354,3.6840824534942183,3.764705882352941,3.0186425339366516,3.1176470588235294,18.19213675213675,20.0,21.876219205630967,23.764705882352946,21.702523881347418,23.529411764705884,82.72514831573655,97.23529411764706,0.7370135746606333,2.0588235294117645,0.1046120411775523,0.1146953405015865,0.0024279800450727,0.0066960015305133,0.6800188431299503,0.79439252336263,0.1586176477978794,0.1767302118237392,0.1929938271586308,0.5468749999914551,7.258625246007839,7.547169811178356,0.8138271604794087,0.8281249999870605,2.0,3.0,3.4992647058761435,3.764705882346194,17.35392156858702,19.99999999995327,20.85318627446316,23.764705882299467,5.898395061622804,6.249999999902343,7.285755457978623,7.056603773451763,0.0,0.0,0.0049392170641756,0.0360604804396447,4.501474285574429,4.861764705868054,0.0,34.470588235294116,34.470588235294116,32.8235294117647,32.8235294117647,307.47058823529414,307.47058823529414,25.176470588235293,25.176470588235293,59.647058823529406,59.647058823529406,0.5779092702169625,0.5779092702169625,2.3529411764705883,2.3529411764705883,246.0,246.0,25.5523613963039,24.0,3.1780538303479458,4,17.0,10.65294117647059,0.7647058823529411,1.0824285176990955,0.9778606990216667
2023,Rhamondre Stevenson,RB,23.4,3.3,NE,00-0036875,12,12.141666666666666,2021,2,vet,True,9,2,14.434106455309395,-2.2924397886427297,2,1.8,12.960294117647058,17.0,15.333333333333334,0.9019607843137256,1.0,0.8529411764705883,12.02156862745098,1.0,5.077941176470588,12.960294117647058,14.652941176470588,3.950980392156863,5.176470588235294,3.094771241830065,4.0588235294117645,11.929738562091504,12.352941176470589,15.880718954248367,17.529411764705884,19.926470588235293,24.764705882352946,57.617647058823536,61.1764705882353,-0.687908496732026,-0.8235294117647058,0.124706494935262,0.1698841698838419,-0.0026740532023044,-0.0034229828850847,0.4200729780655217,0.4941176470576609,0.1851879051612799,0.2524301668062035,-0.1986531986468493,-0.1590909090891012,6.99620427854484,6.101449275273891,0.7819865319661886,0.784090909081999,0.0,0.0,3.8039215686201153,5.176470588225301,10.84313725487725,12.352941176441522,14.647058823497366,17.529411764666822,5.467171717008931,4.784090909036545,8.167356797476648,7.072463768013442,0.0075757575756714,0.0113636363635072,-0.1454416388824909,-0.1337901767966075,4.8203842940413635,4.95238095235737,0.0,31.764705882352946,31.764705882352946,30.470588235294116,30.470588235294116,240.58823529411765,240.58823529411765,25.0,25.0,56.76470588235294,56.76470588235294,0.5595854922279793,0.5595854922279793,1.8235294117647056,1.8235294117647056,224.41176470588235,224.41176470588235,25.519507186858316,120.0,4.787491742782046,2,17.0,8.570588235294117,0.7058823529411765,1.0837416401747915,0.9788480755390256
2023,Jonathan Taylor,RB,25.9,4.3,IND,00-0036223,10,15.64,2020,3,vet,True,10,3,14.434106455309395,1.2058935446906052,3,2.3333333333333335,16.283402088107973,11.0,13.285714285714286,0.789390756302521,0.6470588235294118,0.8615196078431372,13.44873949579832,1.0,-8.637967914438503,16.283402088107973,13.30909090909091,3.3064935064935064,3.636363636363636,2.4696715049656226,2.5454545454545454,17.763381716322893,17.454545454545453,21.0698752228164,21.09090909090909,16.326610644257702,13.0,86.29758085052201,78.27272727272727,-4.967557932263815,-6.636363636363637,0.0789175659910233,0.0690846286700015,-0.0161004790718986,-0.0196818549474198,0.5122197813784594,0.4373576309785026,0.1071060136362059,0.0898496445418084,-1.4561301443302914,-1.8249999999543751,6.6763038546738125,5.1071428569604596,0.7559577677046985,0.6999999999825001,0.0,0.0,2.549894957978513,2.3529411764665245,14.105042016776329,11.294117647033096,16.65493697475484,13.647058823499622,5.154901960665614,3.5749999999106254,8.581405895427604,7.428571428306123,0.0148674854554071,0.0,-0.1784579175707887,-0.4386602825951637,4.840847379645306,4.4843749999766445,0.0,35.529411764705884,35.529411764705884,34.05882352941177,34.05882352941177,218.1764705882353,218.1764705882353,25.823529411764707,25.823529411764707,61.352941176470594,61.352941176470594,0.5790987535953979,0.5790987535953979,1.4705882352941178,1.4705882352941178,226.76470588235293,226.76470588235293,24.61601642710472,41.0,3.713572066704308,3,17.0,9.2,0.5882352941176471,1.10636620416901,1.008112068053862
2023,Najee Harris,RB,30.4,4.7,PIT,00-0036893,17,11.5,2021,2,vet,True,11,3,13.416324058711414,-1.916324058711414,2,1.8,14.737647058823532,17.0,17.0,1.0,1.0,1.0,14.737647058823532,1.0,-4.425882352941175,14.737647058823532,13.262352941176472,3.9215686274509807,3.1176470588235294,3.0588235294117645,2.411764705882353,16.686274509803923,16.0,20.607843137254903,19.11764705882353,18.137254901960784,13.470588235294118,64.07843137254902,60.8235294117647,3.4705882352941173,5.588235294117647,0.1124605507798508,0.0967153284669768,0.013086319255111,0.0211017325633005,0.6116528791551977,0.543999999998912,0.1778512496483539,0.1598442054947755,1.1488692626569217,1.7924528301548597,5.827180839256715,5.585365853522308,0.7781346179454598,0.7735849056457814,1.607017543859649,2.4105263157894736,3.9215686274443655,3.11764705881784,16.68627450976794,15.999999999968,20.607843137212303,19.11764705878584,4.536531513376448,4.320754716899609,5.613601406171864,5.0487804876817375,0.048374146928119,0.0566037735838376,0.0139115077796339,0.0462517181313779,3.83724532156784,3.8014705882213184,0.0,33.588235294117645,33.588235294117645,32.23529411764706,32.23529411764706,264.8235294117647,264.8235294117647,29.41176470588235,29.41176470588235,63.0,63.0,0.5331465919701214,0.5331465919701214,1.6470588235294117,1.6470588235294117,215.35294117647055,215.35294117647055,25.481177275838466,24.0,3.1780538303479458,2,17.0,11.5,1.0,1.0852395065580553,0.9800030107652765
2023,Joe Mixon,RB,31.4,4.4,CIN,00-0033897,17,15.705882352941176,2017,6,vet,True,12,3,13.416324058711414,2.289558294229762,6,2.9076923076923076,16.973696145124716,14.0,13.61904761904762,0.8101073762838468,0.8235294117647058,0.8149509803921569,13.76499183006536,1.0,-0.8866071428571409,16.973696145124716,17.107142857142858,4.375094482237339,5.357142857142857,3.558390022675737,4.285714285714286,16.614890400604686,15.0,20.989984882842027,20.357142857142858,26.040249433106577,31.5,65.58824640967498,58.142857142857146,-1.3257747543461829,-1.0714285714285714,0.1017989172192953,0.1262626262624137,-0.0032475332102203,-0.0036266924564788,0.5484888537742139,0.5263157894723651,0.1504251025817888,0.1868552546740853,-0.3022686101035856,-0.1999999999973333,7.357533090583497,7.3499999998775,0.8193434742294821,0.7999999999893332,0.0952380952380952,0.0,3.625816993457773,4.6874999999921085,13.723389355708642,13.124999999967104,17.349206349166415,17.812499999959215,6.031811572479483,5.8799999999215995,7.930730017915987,7.799999999870001,0.0391119991111954,0.0266666666663111,0.1566635838364184,0.1510816745024329,3.9455826664774,3.8761904761720185,0.0,38.125,38.125,37.125,37.125,258.5,258.5,24.9375,24.9375,63.0625,63.0625,0.6045589692765114,0.6045589692765114,3.0625,3.0625,282.5,282.5,27.1047227926078,48.0,3.871201010907891,6,17.0,15.705882352941176,1.0,0.9838070191645487,0.9323352046286023
2023,Travis Etienne Jr.,RB,34.7,5.4,JAX,00-0036973,17,16.61176470588235,2021,2,vet,True,13,3,13.416324058711414,3.195440647170937,1,1.0,12.06470588235294,17.0,17.0,1.0,1.0,1.0,12.06470588235294,1.0,0.0,12.06470588235294,12.06470588235294,2.6470588235294117,2.6470588235294117,2.0588235294117645,2.0588235294117645,12.941176470588236,12.941176470588236,15.588235294117649,15.588235294117649,18.58823529411765,18.58823529411765,66.17647058823529,66.17647058823529,0.2352941176470588,0.2352941176470588,0.0783972125434174,0.0783972125434174,0.0009535160905838,0.0009535160905838,0.4910714285703324,0.4910714285703324,0.1182632800785348,0.1182632800785348,0.0888888888869135,0.0888888888869135,9.02857142831347,9.02857142831347,0.7777777777604938,0.7777777777604938,3.0,3.0,2.6470588235248003,2.6470588235248003,12.941176470559348,12.941176470559348,15.588235294084148,15.588235294084148,7.022222222066174,7.022222222066174,10.057142856855512,10.057142856855512,0.0,0.0,0.1051535788521377,0.1051535788521377,5.11363636361312,5.11363636361312,0.0,35.05882352941177,35.05882352941177,33.76470588235294,33.76470588235294,246.76470588235293,246.76470588235293,26.352941176470587,26.352941176470587,61.411764705882355,61.411764705882355,0.5708812260536399,0.5708812260536399,2.411764705882353,2.411764705882353,244.0,244.0,24.5968514715948,25.0,3.218875824868201,2,17.0,16.61176470588235,1.0,1.1065572409491908,1.0087974261787207
2023,Breece Hall,RB,36.6,4.5,NYJ,00-0038120,17,17.08823529411765,2022,1,soph,True,14,3,13.416324058711414,3.671911235406234,1,1.0,16.442857142857143,7.0,7.0,0.4117647058823529,0.4117647058823529,0.4117647058823529,6.770588235294118,1.0,0.0,16.442857142857143,16.442857142857143,4.428571428571429,4.428571428571429,2.7142857142857144,2.7142857142857144,11.428571428571429,11.428571428571429,15.857142857142858,15.857142857142858,31.142857142857142,31.142857142857142,66.14285714285714,66.14285714285714,21.714285714285715,21.714285714285715,0.0527210884352844,0.0527210884352844,0.0310330747243709,0.0310330747243709,0.1975308641970431,0.1975308641970431,0.1008047849599864,0.1008047849599864,4.903225806293444,4.903225806293444,11.473684209922435,11.473684209922435,0.6129032257866805,0.6129032257866805,1.4342105263157894,1.4342105263157894,1.8235294117616043,1.8235294117616043,4.7058823529295575,4.7058823529295575,6.529411764691162,6.529411764691162,7.032258064289282,7.032258064289282,8.736842104803324,8.736842104803324,0.0322580645150884,0.0322580645150884,-0.0462158807999323,-0.0462158807999323,5.787499999927656,5.787499999927656,0.0,36.88235294117647,36.88235294117647,34.588235294117645,34.588235294117645,288.11764705882354,288.11764705882354,23.823529411764707,23.823529411764707,60.705882352941174,60.705882352941174,0.6075581395348837,0.6075581395348837,1.6470588235294117,1.6470588235294117,237.64705882352945,237.64705882352945,22.25325119780972,36.0,3.58351893845611,1,17.0,17.08823529411765,1.0,1.0218063401134878,1.0936188995627545
2023,Jahmyr Gibbs,RB,36.7,5.5,DET,00-0039139,15,16.14,2023,0,rookie,True,15,3,13.416324058711414,2.7236759412885867,0,,,,,,,,,,,,,,,,,,,,,,,,,,,,,,,,,,,,,,,,,,,,,,,,,,,,,,,,,,,,,,,,,,,,,,,,,,,,21.451060917180012,12.0,2.4849066497880004,0,17.0,14.241176470588236,0.8823529411764706,0.9529035001880288,1.0471241412252625
2023,Aaron Jones Sr.,RB,38.9,4.3,GB,00-0033293,11,12.263636363636364,2017,6,vet,True,16,4,13.006055194805196,-0.7424188311688322,6,2.9076923076923076,15.483002089724778,17.0,15.77777777777778,0.940359477124183,1.0,0.8553921568627452,14.57233893557423,1.0,-0.643137254901962,15.483002089724778,14.623529411764704,4.2142234671646435,4.235294117647059,3.3470788315326137,3.4705882352941178,12.499444222133295,12.529411764705882,16.713667689297942,16.764705882352942,24.102961184473788,23.235294117647054,63.97420301453914,65.94117647058823,1.922471210706505,-0.9411764705882352,0.1229424321508581,0.1333333333330864,0.0062479797596012,-0.0036413290851152,0.4447170595246542,0.4671052631568704,0.188787234058008,0.1974510696400489,0.4385550231420563,-0.2222222222191358,7.173888701442806,6.694915254123815,0.7914054510571187,0.8194444444330632,1.3998975934459803,0.0,3.9794584500393566,4.235294117639215,11.7947595704683,12.529411764678406,15.774218020507655,16.76470588231762,5.678683781118301,5.486111111034915,7.993897737486826,8.084745762574835,0.0664559841020612,0.0694444444434799,0.0347696823525893,-0.0314204661848157,5.110552252989497,5.262910798097358,0.0,33.11764705882353,33.11764705882353,31.764705882352946,31.764705882352946,258.47058823529414,258.47058823529414,26.823529411764707,26.823529411764707,59.94117647058823,59.94117647058823,0.5525024533856723,0.5525024533856723,2.2941176470588234,2.2941176470588234,228.8235294117647,228.8235294117647,28.747433264887064,182.0,5.204006687076795,6,17.0,7.935294117647059,0.6470588235294118,0.8406979378170577,0.9056425621716183
2023,Kenneth Walker III,RB,47.9,5.8,SEA,00-0038134,15,13.293333333333331,2022,1,soph,True,17,4,12.035856922066072,1.2574764112672607,1,1.0,13.5,15.0,15.0,0.8823529411764706,0.8823529411764706,0.8823529411764706,11.911764705882351,1.0,0.0,13.5,13.5,2.3333333333333335,2.3333333333333335,1.8,1.8,15.2,15.2,17.533333333333335,17.533333333333335,11.0,11.0,70.0,70.0,-5.0,-5.0,0.0632911392403918,0.0632911392403918,-0.0175561797752767,-0.0175561797752767,0.5364705882340318,0.5364705882340318,0.082647383017894,0.082647383017894,-2.1428571427959184,-2.1428571427959184,6.1111111108847735,6.1111111108847735,0.7714285714065306,0.7714285714065306,0.0,0.0,2.058823529408042,2.058823529408042,13.411764705850796,13.411764705850796,15.470588235258838,15.470588235258838,4.714285714151021,4.714285714151021,8.18518518488203,8.18518518488203,0.0,0.0,-0.3416746414301947,-0.3416746414301947,4.605263157874538,4.605263157874538,0.0,33.705882352941174,33.705882352941174,32.529411764705884,32.529411764705884,251.2941176470588,251.2941176470588,25.0,25.0,58.705882352941174,58.705882352941174,0.5741482965931863,0.5741482965931863,2.4705882352941178,2.4705882352941178,251.8823529411765,251.8823529411765,22.863791923340177,41.0,3.713572066704308,1,17.0,11.729411764705882,0.8823529411764706,1.0638029696778757,1.0746743753283154
2023,Miles Sanders,RB,52.9,5.8,CAR,00-0035243,16,5.475,2019,4,vet,True,18,4,11.36028003858886,-5.885280038588862,4,2.6470588235294117,12.207459150326798,17.0,14.933333333333334,0.8882352941176471,1.0,0.8639705882352942,10.96811274509804,1.0,2.980392156862745,12.207459150326798,12.747058823529413,2.4115196078431373,1.5294117647058822,1.724673202614379,1.1764705882352942,13.737990196078432,15.235294117647058,16.149509803921568,16.764705882352942,10.267892156862745,4.588235294117647,69.60898692810457,74.6470588235294,1.9229575163398696,1.3529411764705883,0.0661444905789017,0.0514851485147495,0.0059591266847329,0.00534510806414,0.4008904050103147,0.4761029411755954,0.1033881245476656,0.0809692984170223,0.7128324833998402,0.8846153845813609,5.3172747250613215,3.899999999805,0.7388829035647887,0.7692307692011834,2.0764912280701755,3.0,2.044852941172509,1.529411764702854,12.38700980389769,15.235294117619054,14.4318627450702,16.76470588232191,3.882968229910804,2.9999999998846154,6.63030036602659,5.1499999997425,0.0031746031745527,0.0,-0.3142619470031438,-0.4340380975281303,5.090300858039807,4.899613899594982,1.0,26.88235294117647,31.529411764705884,25.11764705882353,29.705882352941178,188.47058823529412,253.1176470588235,28.41176470588235,32.0,55.294117647058826,63.52941176470589,0.4861702127659574,0.4962962962962963,1.8823529411764703,3.3529411764705883,190.94117647058823,256.70588235294116,26.33538672142368,53.0,3.970291913552122,4,17.0,5.152941176470588,0.9411764705882352,1.041100285658676,0.9546904213192506
2023,J.K. Dobbins,RB,55.1,7.0,BAL,00-0036158,1,11.7,2020,3,vet,False,19,4,11.36028003858886,0.3397199614111379,2,1.4705882352941178,10.366666666666667,8.0,9.4,0.5639705882352941,0.4705882352941176,0.7040441176470589,5.927426470588236,1.0,-1.083333333333332,10.366666666666667,10.15,1.12,1.0,0.94,0.875,10.986666666666668,11.5,12.106666666666666,12.5,5.8,5.25,62.733333333333334,65.0,0.4,0.5,0.0260083388193378,0.0172043010752318,0.0008281573498962,0.0010351966873703,0.1882122426605588,0.1749049429654469,0.0395922183739342,0.0265310892940069,0.39999999995,0.4999999999375,6.133333332573545,5.999999999142857,0.8499999999062501,0.874999999890625,3.0,3.0,0.6764705882337192,0.4705882352931056,6.004411764694633,5.411764705872065,6.680882352928353,5.88235294116517,5.1999999994333335,5.24999999934375,5.890476189759826,5.571428570632653,0.0999999999875,0.124999999984375,0.0222458025704419,0.0147789546002479,5.723231667690099,5.652173912982041,0.0,28.705882352941178,28.705882352941178,27.352941176470587,27.352941176470587,227.2941176470588,227.2941176470588,30.941176470588236,30.941176470588236,59.64705882352941,59.64705882352941,0.4812623274161736,0.4812623274161736,1.9411764705882353,1.9411764705882353,188.35294117647055,188.35294117647055,24.70636550308008,55.0,4.007333185232471,3,17.0,0.6882352941176471,0.0588235294117647,1.10533045131933,1.0049188733884309
2023,Alexander Mattison,RB,56.9,7.4,MIN,00-0034972,16,8.325000000000001,2019,4,vet,True,20,5,11.36028003858886,-3.0352800385888603,4,2.6470588235294117,6.113717948717949,17.0,15.933333333333334,0.9468137254901962,1.0,0.8915441176470589,5.757401960784315,1.0,-2.66875,6.113717948717949,5.2,1.4300904977375566,1.0588235294117647,1.1885369532428356,0.8823529411764706,6.052337858220212,4.352941176470588,7.482428355957768,5.411764705882353,8.357466063348417,5.352941176470588,23.882277526395175,16.647058823529413,-0.4263197586726998,-1.9411764705882353,0.0389033447400079,0.0280811232448859,-0.0015150884718054,-0.0068337129840532,0.2186300598891696,0.1831683168312297,0.0572944551797481,0.0373380857784917,-0.442820512803514,-1.8333333332314816,6.964273503845139,6.066666666262222,0.8343589743163394,0.8333333332870371,1.4,0.0,1.351470588232984,1.058823529410113,5.640196078418359,4.352941176459813,6.991666666651343,5.411764705869926,5.821937321635517,5.055555555274691,7.886581196097863,8.066666666128889,0.0453561253537113,0.0555555555524691,0.1955529646743554,0.2383507543110463,3.9275318452339,3.824324324272644,0.0,39.52941176470589,39.52941176470589,37.705882352941174,37.705882352941174,284.05882352941177,284.05882352941177,23.764705882352946,23.764705882352946,63.294117647058826,63.294117647058826,0.6245353159851301,0.6245353159851301,2.823529411764706,2.823529411764706,283.4117647058824,283.4117647058824,25.201916495550993,102.0,4.624972813284271,4,17.0,7.835294117647059,0.9411764705882352,1.094745090335095,0.9885798010851068
2023,Dameon Pierce,RB,57.0,8.3,HOU,00-0037258,12,6.866666666666667,2022,1,soph,True,21,5,11.36028003858886,-4.493613371922194,1,1.0,12.8,13.0,13.0,0.7647058823529411,0.7647058823529411,0.7647058823529411,9.788235294117648,1.0,0.0,12.8,12.8,3.0,3.0,2.3076923076923075,2.3076923076923075,16.923076923076923,16.923076923076923,19.923076923076923,19.923076923076923,12.692307692307692,12.692307692307692,72.23076923076923,72.23076923076923,-0.8461538461538461,-0.8461538461538461,0.0698924731181543,0.0698924731181543,-0.0026673132880691,-0.0026673132880691,0.5527638190940886,0.5527638190940886,0.102971590375583,0.102971590375583,-0.28205128204405,-0.28205128204405,5.499999999816667,5.499999999816667,0.7692307692110454,0.7692307692110454,0.0,0.0,2.294117647054712,2.294117647054712,12.94117647055572,12.94117647055572,15.235294117610431,15.235294117610431,4.23076923066075,4.23076923066075,6.5666666664477775,6.5666666664477775,0.0256410256403681,0.0256410256403681,-0.2262597561581251,-0.2262597561581251,4.268181818162417,4.268181818162417,0.0,34.05882352941177,34.05882352941177,32.8235294117647,32.8235294117647,242.58823529411765,242.58823529411765,23.41176470588235,23.41176470588235,57.47058823529411,57.47058823529411,0.5926305015353122,0.5926305015353122,1.588235294117647,1.588235294117647,214.23529411764707,214.23529411764707,23.531827515400412,107.0,4.672828834461906,1,17.0,4.847058823529412,0.7058823529411765,1.0948636376242784,1.050389595508804
2023,Cam Akers,RB,63.1,7.3,MIN,00-0036414,7,6.671428571428571,2020,3,vet,True,22,5,10.925918745824406,-4.254490174395835,3,2.3333333333333335,7.933506493506493,15.0,10.428571428571429,0.6192226890756302,0.8823529411764706,0.5428921568627451,5.730777310924369,1.0,5.12,7.933506493506493,9.42,1.7246753246753246,1.2,1.4952380952380953,0.8666666666666667,10.473593073593074,12.533333333333331,12.198268398268397,13.733333333333333,8.91168831168831,7.8,38.91688311688312,52.4,3.775757575757576,2.2666666666666666,0.0248775428236567,0.0348162475821376,0.0078147449265325,0.0092668301989617,0.3085781619008969,0.4574209245730963,0.0427866356840579,0.0587111525124797,2.2528344668267377,1.8888888887839503,7.692640691782409,8.999999999307692,0.8106575962456988,0.7222222221820987,2.4882970137207425,3.0,0.7804621848724731,1.0588235294097166,7.69800420166236,11.058823529384858,8.478466386534832,12.117647058794574,5.921768706869534,6.499999999638889,7.540792540098271,10.461538460733728,0.0102040816319241,0.0,0.1125927019650743,0.2289372695051938,3.1762498689352396,4.180851063807549,1.0,39.52941176470589,31.235294117647054,37.705882352941174,30.41176470588235,284.05882352941177,215.8235294117647,23.764705882352946,24.176470588235293,63.294117647058826,55.41176470588235,0.6245353159851301,0.5636942675159236,2.823529411764706,1.8235294117647056,283.4117647058824,206.23529411764707,24.194387405886378,52.0,3.951243718581427,3,17.0,2.7470588235294113,0.4117647058823529,1.107348058852623,1.0240004083648493
2023,James Conner,RB,66.2,6.0,ARI,00-0033553,13,15.5,2017,6,vet,True,23,5,10.925918745824406,4.574081254175594,6,2.9076923076923076,15.41982905982906,13.0,13.301587301587302,0.7930672268907563,0.7647058823529411,0.7745098039215685,12.285130718954248,1.0,-1.7800000000000011,15.41982905982906,15.4,3.762494912494912,4.461538461538462,3.1158323158323156,3.5384615384615383,13.524949124949124,14.076923076923077,17.287444037444036,18.53846153846154,22.97826617826618,23.076923076923077,55.84192104192105,60.15384615384615,-2.1106227106227107,-3.6153846153846154,0.080481737855431,0.0913385826770215,-0.0058615857266984,-0.0104747047024714,0.4147328312647309,0.4216589861741436,0.1166194967744577,0.1296755807238022,-0.522409402010349,-0.8103448275722355,7.422266833410233,6.521739130293006,0.8285502948137496,0.7931034482621879,0.7619047619047619,0.0,2.9495214752519736,3.41176470587698,10.745448179246956,10.76470588232814,13.69496965449893,14.17647058820512,6.345784886482887,5.172413793014269,8.492026121924685,8.173913043300567,0.0337532040701461,0.0172413793100475,0.1311989554943086,-0.1043670407432573,4.126807399023438,4.273224043692497,0.0,39.05882352941177,39.05882352941177,37.35294117647059,37.35294117647059,263.94117647058823,263.94117647058823,25.529411764705884,25.529411764705884,64.58823529411765,64.58823529411765,0.604735883424408,0.604735883424408,1.8823529411764703,1.8823529411764703,233.2941176470588,233.2941176470588,28.32580424366872,105.0,4.653960350157523,6,17.0,11.852941176470589,0.7647058823529411,0.8769149279494225,0.9085364494116205
2023,Rachaad White,RB,68.1,6.3,TB,00-0037256,17,15.758823529411764,2022,1,soph,True,24,5,10.925918745824406,4.832904783587358,1,1.0,8.299999999999999,17.0,17.0,1.0,1.0,1.0,8.299999999999999,1.0,0.0,8.299999999999999,8.299999999999999,3.411764705882353,3.411764705882353,2.9411764705882355,2.9411764705882355,7.588235294117647,7.588235294117647,11.0,11.0,17.058823529411764,17.058823529411764,28.294117647058822,28.294117647058822,-1.0588235294117647,-1.0588235294117647,0.0801104972374584,0.0801104972374584,-0.0035778175313051,-0.0035778175313051,0.334196891190844,0.334196891190844,0.1176612735842739,0.1176612735842739,-0.3103448275808561,-0.3103448275808561,5.799999999884,5.799999999884,0.8620689655023782,0.8620689655023782,0.0,0.0,3.4117647058776406,3.4117647058776406,7.588235294097989,7.588235294097989,10.999999999975628,10.999999999975628,4.999999999913793,4.999999999913793,6.379999999872401,6.379999999872401,0.0344827586200951,0.0344827586200951,0.1202139174379353,0.1202139174379353,3.728682170513731,3.728682170513731,0.0,44.1764705882353,44.1764705882353,42.588235294117645,42.588235294117645,295.94117647058823,295.94117647058823,22.705882352941178,22.705882352941178,66.88235294117648,66.88235294117648,0.6605101143359718,0.6605101143359718,1.8235294117647056,1.8235294117647056,279.1764705882353,279.1764705882353,24.635181382614647,91.0,4.51085950651685,1,17.0,15.758823529411764,1.0,1.1061696268791936,1.0074285766817486
2023,Alvin Kamara,RB,69.2,7.5,NO,00-0033906,13,17.923076923076923,2017,6,vet,True,25,5,10.925918745824406,6.997158177252517,6,2.9076923076923076,17.14664951450666,15.0,14.444444444444445,0.8626283846872081,0.8823529411764706,0.8995098039215685,14.836797385620915,1.0,-3.9405128205128186,17.14664951450666,14.113333333333332,5.583478690621548,5.133333333333334,4.170129804058376,3.8,15.128176056747488,14.866666666666667,20.711654747369035,20.0,36.30611227396941,32.666666666666664,62.01341357055643,59.8,5.247518024303739,4.866666666666666,0.1625191392067737,0.1561866125757481,0.0193270400068904,0.0165532879818556,0.4553480437638414,0.479569892472087,0.257307636814984,0.2458672204509211,0.9579525579743208,0.9480519480396356,8.75280458788692,8.59649122791936,0.743029572853903,0.7402597402501264,3.0,3.0,4.843253968244235,4.529411764696695,12.91503267971144,13.11764705879532,17.758286647955675,17.647058823492017,6.487931624773854,6.363636363553718,8.409856027993104,8.087719298103725,0.0407374293202351,0.0259740259736886,0.041554760528146,-0.0441699740711582,4.16299757956574,4.022421524645639,0.0,30.11764705882353,30.11764705882353,29.0,29.0,259.4117647058824,259.4117647058824,27.352941176470587,27.352941176470587,57.47058823529411,57.47058823529411,0.5240532241555783,0.5240532241555783,2.1176470588235294,2.1176470588235294,233.47058823529412,233.47058823529412,28.10403832991102,67.0,4.204692619390966,6,17.0,13.705882352941176,0.7647058823529411,0.896515461223922,0.9112191230377157
2023,Javonte Williams,RB,72.8,7.2,DEN,00-0036997,16,11.2,2021,2,vet,True,26,5,10.925918745824406,0.2740812541755932,2,1.8,11.01764705882353,4.0,8.333333333333334,0.4901960784313726,0.2352941176470588,0.6176470588235294,5.664705882352941,1.0,-1.552941176470588,11.01764705882353,10.5,4.705882352941177,5.5,3.5098039215686274,4.0,11.813725490196076,11.75,16.519607843137255,17.25,18.862745098039216,19.0,51.70588235294118,51.0,-4.235294117647059,-6.0,0.0612817918436766,0.0406654343807011,-0.0043037712508361,-0.0050879796480803,0.2192885192880335,0.1058558558556174,0.0889100478899297,0.0574365658173955,-0.802744425351453,-1.090909090859504,5.616279069512558,4.749999999703125,0.7552887363936707,0.7272727272396694,0.0,0.0,1.9019607843101207,1.2941176470564315,5.823529411751807,2.7647058823467145,7.725490196061927,4.058823529403146,4.29045168653592,3.4545454543884295,7.57558139497971,7.374999999539062,0.0188679245279458,0.0,-0.1469249547100069,-0.2913523247059808,4.376375641897381,4.340425531822545,0.0,33.588235294117645,33.588235294117645,31.823529411764707,31.823529411764707,277.47058823529414,277.47058823529414,26.11764705882353,26.11764705882353,59.705882352941174,59.705882352941174,0.5625615763546798,0.5625615763546798,1.7058823529411764,1.7058823529411764,235.7058823529412,235.7058823529412,23.351129363449697,35.0,3.5553480614894135,2,17.0,10.541176470588235,0.9411764705882352,1.08825545570553,1.0573138293465638
2023,D'Andre Swift,RB,75.9,6.8,PHI,00-0036275,16,12.45625,2020,3,vet,True,27,6,10.925918745824406,1.530331254175595,3,2.3333333333333335,14.476923076923075,14.0,13.571428571428571,0.8051470588235293,0.8235294117647058,0.8002450980392156,11.629096638655463,1.0,-2.4192307692307704,14.476923076923075,13.65,5.197802197802198,5.0,3.8273155416012554,3.4285714285714284,8.612244897959183,7.071428571428571,13.81004709576138,12.071428571428571,29.73469387755102,27.785714285714285,41.40816326530613,38.714285714285715,1.833594976452119,2.2857142857142856,0.1249807691188251,0.1243339253994239,0.0059357269074149,0.007966143888472,0.2632695223078066,0.2062499999995703,0.1916261625134282,0.1920771888210663,0.3828747693350514,0.4571428571363265,7.822597341727879,8.10416666649783,0.7342311823409512,0.6857142857044898,2.142857142857143,3.0,4.172794117639654,4.117647058816216,6.883403361328888,5.823529411752573,11.05619747896854,9.941176470568788,5.725924701782263,5.557142857063469,8.808188071689079,9.458333333136286,0.0368283345721637,0.0428571428565306,0.0610109723431866,0.1157768480872285,4.94876439539065,5.474747474692174,1.0,31.529411764705884,34.588235294117645,29.705882352941178,33.11764705882353,253.1176470588235,236.2941176470588,32.0,28.235294117647054,63.52941176470589,62.8235294117647,0.4962962962962963,0.550561797752809,3.3529411764705883,3.0588235294117645,256.70588235294116,261.4117647058824,24.629705681040384,35.0,3.5553480614894135,3,17.0,11.723529411764709,0.9411764705882352,1.1062257918191412,1.0076237901208445
2023,David Montgomery,RB,76.8,6.0,DET,00-0035685,14,14.8,2019,4,vet,True,28,6,10.925918745824406,3.874081254175593,4,2.6470588235294117,12.987111111111112,16.0,15.066666666666666,0.8975490196078432,0.9411764705882352,0.9108455882352942,11.550392156862744,1.0,-3.8937500000000007,12.987111111111112,11.10625,3.1297649572649573,2.5,2.5790384615384614,2.125,14.519273504273505,12.5625,17.64903846153846,15.0625,21.371858974358975,19.75,57.33066239316239,50.0625,3.5836324786324787,3.1875,0.1047135503263972,0.1114206128130601,0.0145534428539292,0.016042780748658,0.443074197034515,0.3602150537627953,0.1672577354873463,0.1783608657436508,1.2198319327445346,1.2749999999681252,8.442788670792913,9.294117646785468,0.8264425770122554,0.8499999999787501,2.9312056737588654,3.0,2.767401960778083,2.352941176464034,12.901960784287205,11.823529411743516,15.669362745065287,14.17647058820755,6.998394024117487,7.899999999802501,7.56632679717904,8.323529411519898,0.0191596638651007,0.024999999999375,0.1200420197272869,0.1680575931027697,3.9540967785551375,3.9850746268458455,1.0,34.588235294117645,22.176470588235293,33.11764705882353,21.11764705882353,236.2941176470588,187.0,28.235294117647054,32.8235294117647,62.8235294117647,55.0,0.550561797752809,0.4032085561497326,3.0588235294117645,2.176470588235294,261.4117647058824,152.8235294117647,26.234086242299796,73.0,4.290459441148391,4,17.0,12.188235294117648,0.8235294117647058,1.0474878230694444,0.9576843291636268
2023,James Cook III,RB,77.6,7.2,BUF,00-0037248,17,13.688235294117646,2022,1,soph,True,29,6,10.925918745824406,2.7623165482932404,1,1.0,6.60625,16.0,16.0,0.9411764705882352,0.9411764705882352,0.9411764705882352,6.2176470588235295,1.0,0.0,6.60625,6.60625,2.0,2.0,1.3125,1.3125,5.5625,5.5625,7.5625,7.5625,11.25,11.25,31.6875,31.6875,5.125,5.125,0.0580762250452666,0.0580762250452666,0.0161290322580613,0.0161290322580613,0.2069767441855651,0.2069767441855651,0.0984046601485429,0.0984046601485429,2.5624999999199223,2.5624999999199223,8.571428571020409,8.571428571020409,0.6562499999794923,0.6562499999794923,2.1951219512195124,2.1951219512195124,1.9999999999963705,1.9999999999963705,5.562499999987064,5.562499999987064,7.562499999983434,7.562499999983434,5.62499999982422,5.62499999982422,6.285714285414966,6.285714285414966,0.0312499999990234,0.0312499999990234,0.1210230129890541,0.1210230129890541,5.696629213419139,5.696629213419139,0.0,35.875,35.875,34.4375,34.4375,317.75,317.75,26.875,26.875,62.75,62.75,0.5717131474103586,0.5717131474103586,3.125,3.125,268.1875,268.1875,23.93429158110883,63.0,4.143134726391533,1,17.0,13.688235294117646,1.0,1.1045794579453343,1.0343584131275327
2023,Isiah Pacheco,RB,79.2,6.9,KC,00-0037197,14,15.278571428571428,2022,1,soph,True,30,6,10.925918745824406,4.352652682747022,1,1.0,7.9411764705882355,17.0,17.0,1.0,1.0,1.0,7.9411764705882355,1.0,0.0,7.9411764705882355,7.9411764705882355,0.8235294117647058,0.8235294117647058,0.7647058823529411,0.7647058823529411,10.0,10.0,10.823529411764708,10.823529411764708,7.647058823529412,7.647058823529412,48.8235294117647,48.8235294117647,-0.5294117647058824,-0.5294117647058824,0.0228013029315589,0.0228013029315589,-0.0019841269841265,-0.0019841269841265,0.4076738609102933,0.4076738609102933,0.0328130655084498,0.0328130655084498,-0.6428571428112245,-0.6428571428112245,9.99999999923077,9.99999999923077,0.928571428505102,0.928571428505102,0.0,0.0,0.8235294117633647,0.8235294117633647,9.99999999997602,9.99999999997602,10.823529411739385,10.823529411739385,9.28571428505102,9.28571428505102,12.076923075994085,12.076923075994085,0.0,0.0,0.379543587920819,0.379543587920819,4.882352941147751,4.882352941147751,0.0,38.294117647058826,38.294117647058826,36.11764705882353,36.11764705882353,266.8235294117647,266.8235294117647,24.529411764705884,24.529411764705884,62.82352941176471,62.82352941176471,0.6095505617977528,0.6095505617977528,3.4705882352941178,3.4705882352941178,308.8235294117647,308.8235294117647,24.501026694045173,251.0,5.5254529391317835,1,17.0,12.58235294117647,0.8235294117647058,1.1072843621748267,1.0122841391348874
2023,Antonio Gibson,RB,88.9,5.3,WAS,00-0036328,16,7.9625,2020,3,vet,True,31,6,9.4762971493062,-1.5137971493061997,3,2.3333333333333335,12.474336734693878,15.0,15.142857142857142,0.898109243697479,0.8823529411764706,0.8995098039215685,11.232247899159663,1.0,-3.258749999999999,12.474336734693878,11.06,3.5870748299319724,3.8666666666666663,2.8697278911564625,3.066666666666667,12.018027210884354,9.933333333333334,15.605102040816329,13.8,21.218027210884355,23.533333333333335,47.43010204081632,36.4,2.1005102040816324,4.6,0.101208124682896,0.1092278719395306,0.0069189168831673,0.0157390510948869,0.373509671104819,0.2769516728619388,0.1566554288425612,0.1748591436757168,0.513469289323245,1.1896551723932818,7.36525189769042,7.673913043311437,0.8008543180807893,0.7931034482621879,1.7142857142857142,3.0,3.216386554615855,3.4117647058759277,10.862394957961,8.764705882336651,14.078781512576857,12.17647058821258,5.895165179538685,6.0862068964467895,7.149191560514923,6.456521738990076,0.0361879499803967,0.0344827586200951,0.0150249941008446,0.0523444249224271,3.910421199829443,3.664429530176749,0.0,32.588235294117645,32.588235294117645,31.235294117647054,31.235294117647054,257.88235294117646,257.88235294117646,31.647058823529413,31.647058823529413,64.23529411764706,64.23529411764706,0.5073260073260073,0.5073260073260073,1.9411764705882353,1.9411764705882353,222.52941176470588,222.52941176470588,25.190965092402465,66.0,4.189654742026425,3,17.0,7.494117647058824,0.9411764705882352,1.0950618716327063,0.9889240715543549
2023,AJ Dillon,RB,91.7,7.3,GB,00-0036265,15,7.84,2020,3,vet,True,32,7,9.4762971493062,-1.6362971493062002,3,2.3333333333333335,9.392623716153128,17.0,15.857142857142858,0.9375,1.0,0.8541666666666666,9.112762605042018,1.0,-1.0588235294117645,9.392623716153128,9.858823529411763,2.0989729225023344,2.5294117647058822,1.5443510737628383,1.6470588235294117,10.125116713352009,10.941176470588236,12.22408963585434,13.470588235294118,12.518207282913163,12.117647058823527,43.219421101774046,45.294117647058826,0.8860877684407097,1.0,0.0646192994127522,0.0796296296294821,0.0032847529905662,0.0038689121529349,0.3677116345096498,0.4078947368412107,0.0992282762125247,0.1221526829512777,0.6911645863266767,0.3953488372001082,8.33433373251589,7.357142856880102,0.7774984285740416,0.6511627906825311,3.0,3.0,2.0850840336096423,2.5294117647011984,9.80567226888588,10.941176470564242,11.89075630249552,13.47058823526544,6.654529944348632,4.790697674307194,7.890756301725001,7.249999999741071,0.015444015443598,0.0,0.1838745162134912,-0.1355851525703075,4.344034949147422,4.139784946214302,0.0,33.11764705882353,33.11764705882353,31.764705882352946,31.764705882352946,258.47058823529414,258.47058823529414,26.823529411764707,26.823529411764707,59.94117647058823,59.94117647058823,0.5525024533856723,0.5525024533856723,2.2941176470588234,2.2941176470588234,228.8235294117647,228.8235294117647,25.333333333333332,62.0,4.127134385045092,3,17.0,6.917647058823529,0.8823529411764706,1.0905796378269097,0.9845038670102533
2023,Brian Robinson Jr.,RB,94.2,8.0,WAS,00-0037746,15,13.206666666666669,2022,1,soph,True,33,7,9.4762971493062,3.730369517360467,1,1.0,9.391666666666666,12.0,12.0,0.7058823529411765,0.7058823529411765,0.7058823529411765,6.629411764705882,1.0,0.0,9.391666666666666,9.391666666666666,1.0,1.0,0.75,0.75,17.083333333333332,17.083333333333332,18.083333333333332,18.083333333333332,5.0,5.0,66.41666666666667,66.41666666666667,-0.9166666666666666,-0.9166666666666666,0.0225988700564546,0.0225988700564546,-0.0025091240875906,-0.0025091240875906,0.3810408921926003,0.3810408921926003,0.0321419182233684,0.0321419182233684,-0.9166666665902776,-0.9166666665902776,6.666666665925926,6.666666665925926,0.7499999999375,0.7499999999375,0.0,0.0,0.7058823529398471,0.7058823529398471,12.05882352938935,12.05882352938935,12.764705882329196,12.764705882329196,4.999999999583333,4.999999999583333,7.999999999111111,7.999999999111111,0.0833333333263888,0.0833333333263888,-0.1717056022319121,-0.1717056022319121,3.887804878029816,3.887804878029816,0.0,32.588235294117645,32.588235294117645,31.235294117647054,31.235294117647054,257.88235294117646,257.88235294117646,31.647058823529413,31.647058823529413,64.23529411764706,64.23529411764706,0.5073260073260073,0.5073260073260073,1.9411764705882353,1.9411764705882353,222.52941176470588,222.52941176470588,24.44626967830253,98.0,4.584967478670572,1,17.0,11.65294117647059,0.8823529411764706,1.1075487775566493,1.0143178462788358
2023,Khalil Herbert,RB,94.4,7.6,CHI,00-0036906,12,9.375,2021,2,vet,True,34,7,9.4762971493062,-0.1012971493062,2,1.8,7.684775641025641,13.0,14.0,0.823529411764706,0.7647058823529411,0.8529411764705882,6.166666666666667,1.0,4.130288461538461,7.684775641025641,9.06153846153846,0.9487179487179488,0.9230769230769232,0.7532051282051282,0.6923076923076923,8.761217948717949,9.923076923076923,9.709935897435898,10.846153846153848,4.923076923076923,4.384615384615385,46.50801282051282,56.23076923076923,-1.591346153846154,-2.230769230769231,0.0324622396109386,0.033426183843918,-0.0064657786448459,-0.0091223655237467,0.2264025655532407,0.2311827956985104,0.0441673143650157,0.0437536198992543,-1.7152777776370085,-2.416666666465278,6.507936507304106,6.333333332629629,0.7916666666067709,0.7499999999375,0.0,0.0,0.7843137254882865,0.7058823529392102,7.078431372535701,7.588235294104048,7.862745098023988,8.294117647043258,5.166666666277778,4.749999999604166,8.40476190392347,8.999999999,0.0555555555509259,0.0833333333263888,-0.0639399924232951,-0.0719874818480539,5.179072276116766,5.666666666622739,0.0,22.176470588235293,22.176470588235293,21.11764705882353,21.11764705882353,187.0,187.0,32.8235294117647,32.8235294117647,55.0,55.0,0.4032085561497326,0.4032085561497326,2.176470588235294,2.176470588235294,152.8235294117647,152.8235294117647,25.363449691991782,217.0,5.37989735354046,2,17.0,6.617647058823529,0.7058823529411765,1.0895495563089241,0.9835802321092114
2023,Rashaad Penny,RB,97.3,6.5,PHI,00-0034750,3,1.6,2018,5,vet,False,35,7,9.4762971493062,-7.8762971493062,5,2.8181818181818183,9.38974358974359,5.0,6.548387096774194,0.3902988614800759,0.2941176470588235,0.4889705882352941,3.905241935483871,1.0,-1.7300000000000004,9.38974358974359,10.44,0.8312103666942376,1.0,0.647422111938241,0.8,10.104824924179765,11.4,10.936035290874,12.4,3.6714088778604905,3.2,60.199558864074994,69.2,-1.4575130962227736,-2.4,0.0114264829394298,0.0090415913200559,-0.0019786989507766,-0.0028089887640442,0.160886108386952,0.1341176470585079,0.0157546351436011,0.0115960948452529,-1.592082111139366,-2.39999999952,5.0672043001015155,3.999999999,0.6775659822916362,0.79999999984,0.3333333333333333,0.0,0.3417931688797744,0.2941176470582917,4.059179316878518,3.352941176462699,4.400972485758293,3.647058823520991,3.888416421702463,3.19999999936,7.275089604266291,6.99999999825,0.0058651026387629,0.0,0.1402485679923127,0.2138272858844881,5.682368119467353,6.070175438489997,1.0,31.529411764705884,33.705882352941174,29.705882352941178,32.529411764705884,253.1176470588235,251.2941176470588,32.0,25.0,63.52941176470589,58.705882352941174,0.4962962962962963,0.5741482965931863,3.3529411764705883,2.4705882352941178,256.70588235294116,251.8823529411765,27.578370978781656,27.0,3.295836866004329,5,17.0,0.2823529411764706,0.1764705882352941,0.9432449663699941,0.9206318641458369
2023,Samaje Perine,RB,99.3,7.1,DEN,00-0033526,17,7.135294117647058,2017,6,vet,True,36,7,9.4762971493062,-2.3410030316591417,6,2.9076923076923076,6.826076516076516,16.0,14.047619047619047,0.8340919701213819,0.9411764705882352,0.6476715686274509,6.137412464985993,1.0,3.334583333333333,6.826076516076516,8.88125,2.3319495319495323,3.1875,1.8305657305657308,2.375,4.970288970288969,5.9375,7.302238502238501,9.125,13.38994708994709,17.9375,21.102401302401304,24.625,0.1777370777370777,0.75,0.0618556874893991,0.0858585858584413,0.0011451658268027,0.002901353965183,0.1804123474934956,0.2380952380946413,0.0935851473128606,0.1308188265632901,-0.1320002911230727,0.2352941176424452,6.626006654984317,7.552631578748616,0.7544225575226723,0.7450980392010765,2.440677966101695,3.0,2.2091503267935733,3.187499999994634,4.546860410819812,5.9374999999851195,6.756010737613384,9.124999999979751,5.322588174873987,5.627450980281815,7.424444950446944,8.447368420830333,0.0486920574670755,0.0784313725474817,0.0970656086754712,0.1264668926376948,4.234085116482104,4.1473684210089745,1.0,33.588235294117645,38.125,31.823529411764707,37.125,277.47058823529414,258.5,26.11764705882353,24.9375,59.705882352941174,63.0625,0.5625615763546798,0.6045589692765114,1.7058823529411764,3.0625,235.7058823529412,282.5,27.958932238193015,114.0,4.736198448394496,6,17.0,7.135294117647058,1.0,0.9094432003232581,0.9134061922364153
2023,Jamaal Williams,RB,104.2,8.8,NO,00-0033948,13,4.676923076923076,2017,6,vet,True,37,7,8.801446416016189,-4.124523339093113,6,2.9076923076923076,11.284416741055397,17.0,15.34920634920635,0.9154411764705882,1.0,0.9087009803921569,10.497245564892625,1.0,4.072850678733033,11.284416741055397,13.288235294117648,1.663936429272564,0.9411764705882352,1.4045562669512248,0.7058823529411765,12.783818912180257,15.411764705882351,14.44775534145282,16.352941176470587,9.230191392796437,4.294117647058823,51.76741602623955,62.705882352941174,1.1954569007090017,1.7058823529411764,0.044254364117137,0.0284191829484397,0.0048791237828842,0.0072193178989277,0.436716416772546,0.5458333333321962,0.0697969328237245,0.047682296951909,1.0801129484588072,1.8124999998867188,6.415389691574808,6.083333332826389,0.8168554142149005,0.749999999953125,2.5643130815544612,2.5172413793103448,1.467787114843272,0.9411764705865636,11.874824929946048,15.411764705850246,13.34261204478932,16.352941176436808,5.239616135288108,4.562499999714844,6.058219205114406,5.416666666215278,0.0116164984509444,0.0,-0.0101630250733952,-0.1233807865824204,4.0555142287857135,4.0687022900608065,1.0,30.11764705882353,34.588235294117645,29.0,33.11764705882353,259.4117647058824,236.2941176470588,27.352941176470587,28.235294117647054,57.47058823529411,62.8235294117647,0.5240532241555783,0.550561797752809,2.1176470588235294,3.0588235294117645,233.47058823529412,261.4117647058824,28.413415468856947,134.0,4.897839799950911,6,17.0,3.5764705882352934,0.7647058823529411,0.8692619584771565,0.9077024474693925
2023,Zach Charbonnet,RB,107.2,7.3,SEA,00-0039165,16,6.63125,2023,0,rookie,True,38,7,8.801446416016189,-2.1701964160161893,0,,,,,,,,,,,,,,,,,,,,,,,,,,,,,,,,,,,,,,,,,,,,,,,,,,,,,,,,,,,,,,,,,,,,,,,,,,,,22.64476386036961,52.0,3.951243718581427,0,17.0,6.241176470588235,0.9411764705882352,1.0500398705746998,1.081848034094661
2023,Damien Harris,RB,110.6,8.5,BUF,00-0035657,5,3.78,2019,4,vet,True,39,8,8.801446416016189,-5.021446416016189,4,2.6470588235294117,9.439717171717172,11.0,11.266666666666667,0.6678921568627452,0.6470588235294118,0.5542279411764706,6.913284313725489,1.0,-5.743030303030302,9.439717171717172,8.263636363636364,1.5818181818181818,2.090909090909091,1.210909090909091,1.5454545454545454,10.823838383838384,9.636363636363637,12.405656565656564,11.727272727272728,7.743030303030304,8.818181818181818,48.928888888888885,42.0,1.0476767676767678,2.272727272727273,0.0365900688037378,0.0444015444014586,0.0026846315523466,0.0061124694376513,0.2801607423205475,0.2494117647052955,0.0567643452922494,0.0708810452085439,0.4336783988829815,1.0869565216918715,6.385359476559199,5.705882352605537,0.7180124223186194,0.7391304347504726,1.7142857142857142,3.0,1.1093137254880356,1.3529411764679764,7.652450980375542,6.235294117632387,8.761764705863577,7.588235294100364,4.915942028666397,4.217391304164461,6.149891066975797,5.0588235291141865,0.0,0.0,-0.2420111840495749,-0.2258559597707247,4.42343702479297,4.358490565996618,1.0,35.875,31.764705882352946,34.4375,30.470588235294116,317.75,240.58823529411765,26.875,25.0,62.75,56.76470588235294,0.5717131474103586,0.5595854922279793,3.125,1.8235294117647056,268.1875,224.41176470588235,26.55167693360712,87.0,4.465908118654584,4,17.0,1.1117647058823528,0.2941176470588235,1.0264669023200004,0.9482751009351704
2023,Jerick McKinnon,RB,111.3,8.3,KC,00-0031376,12,7.03,2014,9,vet,True,40,8,8.801446416016189,-1.771446416016189,7,2.489738795135945,9.052181820565126,17.0,14.32181425485961,0.8514086520137212,1.0,0.861344537815126,8.366353544657603,1.0,7.558169934640523,9.052181820565126,11.547058823529412,3.497607419825054,4.176470588235294,2.6373355540265715,3.2941176470588234,3.799914475902279,4.235294117647059,7.297521895727334,8.411764705882353,23.112018532787815,30.11764705882353,15.623539013746738,17.11764705882353,2.850305370528341,2.823529411764706,0.0875882943640116,0.1156351791529061,0.0112409790826723,0.0105820105820082,0.1386389956895454,0.172661870503183,0.1392511269038881,0.180860176136765,0.7267022552479769,0.6760563380186471,8.630697393155632,9.142857142693876,0.73948300625074,0.7887323943550882,1.9736390319543669,3.0,3.14730498030225,4.176470588228492,3.513824482268426,4.2352941176369026,6.661129462570677,8.411764705865394,6.407954469040905,7.211267605532235,9.19403610907506,9.660714285541774,0.0878989451478986,0.1267605633784963,0.1806938953400129,0.3331622444847192,4.335190647819823,4.041666666610532,0.0,38.294117647058826,38.294117647058826,36.11764705882353,36.11764705882353,266.8235294117647,266.8235294117647,24.529411764705884,24.529411764705884,62.82352941176471,62.82352941176471,0.6095505617977528,0.6095505617977528,3.4705882352941178,3.4705882352941178,308.8235294117647,308.8235294117647,31.329226557152634,96.0,4.564348191467836,9,17.0,4.96235294117647,0.7058823529411765,0.6491718966182414,0.9044999343216208
2023,Elijah Mitchell,RB,115.1,8.7,SF,00-0036567,10,4.76,2021,2,vet,True,41,8,8.801446416016189,-4.041446416016189,2,1.8,10.813333333333333,5.0,7.0,0.411764705882353,0.2941176470588235,0.4705882352941176,4.9450980392156865,1.0,-6.279999999999999,10.813333333333333,8.72,1.1393939393939394,0.8,0.9757575757575756,0.6,12.272727272727272,9.0,13.412121212121212,9.8,5.084848484848485,1.4,66.38181818181818,55.8,-1.2969696969696969,-1.4,0.0187048215216854,0.0079365079364921,-0.0023664123108632,-0.0020337013364317,0.1978003626296267,0.0892857142855371,0.0264007436649238,0.010481170969236,-1.366666666365,-1.7499999995625,3.959064326840361,2.3333333325555556,0.8166666665258333,0.7499999998125,0.0,0.0,0.549019607842037,0.235294117646592,5.8235294117530705,2.64705882352416,6.372549019595108,2.882352941170752,3.449999999594167,1.7499999995625,6.204678361248487,5.333333331555555,0.0166666666658333,0.0,-0.266982712855754,-0.5032259143096552,5.684057970915149,6.199999999862222,0.0,30.11764705882353,30.11764705882353,29.647058823529413,29.647058823529413,202.47058823529412,202.47058823529412,29.647058823529413,29.647058823529413,59.76470588235294,59.76470588235294,0.5039370078740157,0.5039370078740157,2.9411764705882355,2.9411764705882355,238.1764705882353,238.1764705882353,25.333333333333332,194.0,5.267858159063328,2,17.0,2.8,0.5882352941176471,1.0905796378269097,0.9845038670102533
2023,De'Von Achane,RB,117.8,8.5,MIA,00-0039040,11,17.336363636363636,2023,0,rookie,True,42,8,8.801446416016189,8.534917220347447,0,,,,,,,,,,,,,,,,,,,,,,,,,,,,,,,,,,,,,,,,,,,,,,,,,,,,,,,,,,,,,,,,,,,,,,,,,,,,21.883641341546884,84.0,4.430816798843313,0,17.0,11.217647058823529,0.6470588235294118,0.9915884266410728,1.0896341334569135
2023,Jaylen Warren,RB,119.8,11.0,PIT,00-0037228,17,11.552941176470588,2022,1,soph,True,43,8,8.801446416016189,2.751494760454399,1,1.0,5.83125,16.0,16.0,0.9411764705882352,0.9411764705882352,0.9411764705882352,5.488235294117647,1.0,0.0,5.83125,5.83125,2.0625,2.0625,1.75,1.75,4.8125,4.8125,6.875,6.875,13.375,13.375,23.6875,23.6875,-1.0,-1.0,0.0602189781020798,0.0602189781020798,-0.0035539760106611,-0.0035539760106611,0.153999999999692,0.153999999999692,0.087840683945657,0.087840683945657,-0.4848484848337925,-0.4848484848337925,7.642857142584184,7.642857142584184,0.848484848459137,0.848484848459137,0.0,0.0,1.941176470584693,1.941176470584693,4.529411764696823,4.529411764696823,6.470588235281516,6.470588235281516,6.484848484651975,6.484848484651975,8.035714285427296,8.035714285427296,0.0,0.0,0.3215506710179516,0.3215506710179516,4.922077922013999,4.922077922013999,0.0,33.588235294117645,33.588235294117645,32.23529411764706,32.23529411764706,264.8235294117647,264.8235294117647,29.41176470588235,29.41176470588235,63.0,63.0,0.5331465919701214,0.5331465919701214,1.6470588235294117,1.6470588235294117,215.35294117647055,215.35294117647055,24.83230663928816,260.0,5.560681631015528,1,17.0,11.552941176470588,1.0,1.1034085270339837,1.0005911429734569
2023,Raheem Mostert,RB,122.8,11.9,MIA,00-0031687,15,17.846666666666668,2015,8,vet,True,44,8,8.514685960281549,9.33198070638512,8,2.9766536964980546,8.159389978213508,16.0,10.72549019607843,0.6398933102652826,0.9411764705882352,0.5234375,6.513546712802769,1.0,8.51875,8.159389978213508,10.51875,1.7294117647058824,2.625,1.3019607843137255,1.9375,8.500653594771242,11.3125,10.230065359477123,13.9375,9.588235294117649,12.625,45.295424836601306,55.6875,1.9803921568627452,3.0,0.0451991937667349,0.0747330960852762,0.0061700285861916,0.0091603053435097,0.2838628417403984,0.4641025641013741,0.0721178106604366,0.1185118578683711,0.8161794861246425,1.142857142829932,5.431812294549006,6.516129032047867,0.5429902742395845,0.7380952380776644,2.869565217391304,3.0,1.4891580161449485,2.4705882352897217,6.799913494792809,10.647058823502112,8.289071510937756,13.117647058791832,4.069946702612989,4.809523809409297,4.889828619371762,5.774193548200833,0.0362117414737233,0.0476190476179138,0.0668802983396116,0.0341721511563768,6.32933132598499,4.9226519336744605,0.0,34.35294117647059,34.35294117647059,33.05882352941177,33.05882352941177,308.2352941176471,308.2352941176471,22.941176470588236,22.941176470588236,57.294117647058826,57.294117647058826,0.5995893223819302,0.5995893223819302,2.4705882352941178,2.4705882352941178,280.29411764705884,280.29411764705884,31.394934976043807,260.0,5.560681631015528,8,17.0,15.74705882352941,0.8823529411764706,0.644886052131698,0.9044605111161911
2023,Tyler Allgeier,RB,125.0,9.9,ATL,00-0037263,17,8.094117647058823,2022,1,soph,True,45,8,8.514685960281549,-0.4205683132227253,1,1.0,9.9625,16.0,16.0,0.9411764705882352,0.9411764705882352,0.9411764705882352,9.376470588235296,1.0,0.0,9.9625,9.9625,1.0625,1.0625,1.0,1.0,13.125,13.125,14.1875,14.1875,8.6875,8.6875,64.6875,64.6875,-2.0,-2.0,0.0424999999998937,0.0424999999998937,-0.0081177067478416,-0.0081177067478416,0.3756708407864478,0.3756708407864478,0.0580676052763514,0.0580676052763514,-1.882352941065744,-1.882352941065744,8.687499999457032,8.687499999457032,0.941176470532872,0.941176470532872,0.0,0.0,0.9999999999975,0.9999999999975,12.352941176448487,12.352941176448487,13.35294117644599,13.35294117644599,8.176470587754325,8.176470587754325,10.49999999934375,10.49999999934375,0.0588235294083045,0.0588235294083045,0.4191364251097693,0.4191364251097693,4.92857142854796,4.92857142854796,0.0,24.41176470588235,24.41176470588235,23.529411764705884,23.529411764705884,231.8823529411765,231.8823529411765,32.88235294117647,32.88235294117647,57.294117647058826,57.294117647058826,0.4260780287474333,0.4260780287474333,2.0,2.0,172.1764705882353,172.1764705882353,23.378507871321013,151.0,5.017279836814924,1,17.0,8.094117647058823,1.0,1.0893370507461546,1.0562781858285473
2023,Devin Singletary,RB,130.7,11.7,HOU,00-0035250,16,10.45875,2019,4,vet,True,46,9,7.491790151433535,2.966959848566465,4,2.6470588235294117,11.051078431372549,16.0,16.0,0.9519607843137254,0.9411764705882352,0.9227941176470588,10.49683823529412,1.0,-0.5165441176470598,11.051078431372549,11.11875,3.1620915032679737,3.25,2.3718954248366013,2.375,10.987908496732024,11.0625,14.15,14.3125,16.22924836601307,17.5,50.97761437908496,51.1875,1.0933006535947711,0.5,0.0890252980137529,0.0943738656985583,0.0033070288283864,0.0015735641227376,0.4005409979135613,0.4116279069757869,0.1358528672005,0.1426622934337538,0.3385716072473903,0.1538461538431952,6.839661221838936,7.368421052437673,0.7515647279400334,0.7307692307551775,3.0,3.0,3.105147058818044,3.2499999999941016,10.77818627448517,11.062499999974277,13.883333333303217,14.312499999968376,5.120575359498163,5.384615384511835,6.664029037935653,6.868421052450832,0.0188417761096855,0.0192307692303994,0.051421661713539,0.1335238921563078,4.63118200592232,4.627118644041655,1.0,34.05882352941177,35.875,32.8235294117647,34.4375,242.58823529411765,317.75,23.41176470588235,26.875,57.47058823529411,62.75,0.5926305015353122,0.5717131474103586,1.588235294117647,3.125,214.23529411764707,268.1875,25.99315537303217,74.0,4.30406509320417,4,17.0,9.843529411764706,0.9411764705882352,1.0614565146090225,0.9647913996125556
2023,Kenny Gainwell,RB,131.1,10.4,PHI,00-0036919,16,6.08625,2021,2,vet,True,47,9,7.491790151433535,-1.4055401514335353,2,1.8,6.017892156862746,17.0,16.666666666666668,0.9803921568627452,1.0,0.9705882352941176,5.866666666666667,1.0,-2.5419117647058824,6.017892156862746,5.170588235294118,2.1789215686274512,1.7058823529411764,1.5894607843137256,1.3529411764705883,3.495098039215686,3.1176470588235294,5.674019607843138,4.823529411764706,11.89828431372549,9.941176470588236,15.474264705882351,14.117647058823527,3.310049019607843,2.0588235294117645,0.073896363995222,0.0574257425741437,0.0132587715783807,0.0081338600976044,0.1061631016040837,0.0974264705880562,0.1201256860976995,0.0918323159295386,1.4245977011092803,1.2068965516825207,7.454106279902816,7.347826086637051,0.7487356321612758,0.7931034482485136,2.906810035842294,3.0,2.1176470588191827,1.7058823529377989,3.411764705876108,3.1176470588177985,5.529411764695291,4.823529411755597,5.571724137763334,5.8275862066956,6.514712340546126,6.347826086680529,0.0066666666665333,0.0,-0.0940705976569576,-0.185245856874538,4.445338512685659,4.5283018867070135,0.0,31.529411764705884,31.529411764705884,29.705882352941178,29.705882352941178,253.1176470588235,253.1176470588235,32.0,32.0,63.52941176470589,63.52941176470589,0.4962962962962963,0.4962962962962963,3.3529411764705883,3.3529411764705883,256.70588235294116,256.70588235294116,24.468172484599588,150.0,5.0106352940962555,2,17.0,5.728235294117646,0.9411764705882352,1.107447820690277,1.0135025433684335
2023,Cordarrelle Patterson,RB,132.4,13.3,ATL,00-0030578,11,3.2,2013,10,vet,True,48,9,7.491790151433535,-4.291790151433535,10,2.994146341463414,10.680978855374017,13.0,14.4594330400782,0.8650738887930539,0.7647058823529411,0.9518382352941176,9.05036045943304,1.0,-2.762500000000001,10.680978855374017,11.9,2.6817354240741342,2.3846153846153846,1.935861047554596,1.6153846153846154,8.610025458412554,11.076923076923077,11.291760882486688,13.461538461538462,15.74147219268187,9.384615384615383,39.28249599862503,53.46153846153846,8.158062502014115,5.769230769230769,0.0811991804598293,0.0774999999998062,0.0296475158414438,0.0190258751902539,0.2529530013212432,0.2576028622535642,0.1425520317787547,0.1295681126328871,3.110516889986106,2.4193548386316337,7.447756543526621,5.809523809247166,0.719472025175837,0.6774193548168574,1.7828419472163135,1.6266666666666667,2.33371787130793,1.8235294117601473,7.159277787346301,8.470588235278964,9.492995658654232,10.29411764703911,5.401527638833218,3.93548387084079,6.112953364082617,5.523809523546485,0.0217885301003372,0.0,-0.2187071164421644,-0.5850733770889334,4.6874505562381215,4.826388888855373,0.0,24.41176470588235,24.41176470588235,23.529411764705884,23.529411764705884,231.8823529411765,231.8823529411765,32.88235294117647,32.88235294117647,57.294117647058826,57.294117647058826,0.4260780287474333,0.4260780287474333,2.0,2.0,172.1764705882353,172.1764705882353,32.459958932238195,29.0,3.367295829986474,10,17.0,2.070588235294118,0.6470588235294118,0.5787795395497521,0.9033952314932813
2023,Jeff Wilson Jr.,RB,133.2,10.2,MIA,00-0034115,8,4.9875,2018,5,vet,True,49,9,7.491790151433535,-2.504290151433535,5,2.8181818181818183,9.06033724340176,16.0,12.451612903225806,0.7402751423149906,0.9411764705882352,0.5948529411764707,7.020137571157496,1.0,3.46875,9.06033724340176,9.90625,1.9010263929618767,2.3125,1.1766862170087975,1.375,10.276392961876832,11.0,12.17741935483871,13.3125,9.32893450635386,11.5625,46.540811339198434,53.75,3.340175953079179,5.75,0.0302201704048885,0.034709193245746,0.0068456522215916,0.0105966367196486,0.1882000448657096,0.1968680089483256,0.050122212162447,0.0594814355723731,1.350628969950085,2.4864864864192846,7.797756006705653,8.409090908708677,0.6571179473924061,0.5945945945785245,1.6090650753054845,2.010869565217391,1.520991461097736,2.176470588231265,7.80075901326539,10.352941176447182,9.321750474363126,12.529411764678446,4.843010752369744,4.999999999864865,6.707273908252971,6.409090908799587,0.0406775438998989,0.0270270270262965,-0.1515965607895062,-0.2361502973742286,4.477731288223575,4.886363636335873,0.0,34.35294117647059,34.35294117647059,33.05882352941177,33.05882352941177,308.2352941176471,308.2352941176471,22.941176470588236,22.941176470588236,57.294117647058826,57.294117647058826,0.5995893223819302,0.5995893223819302,2.4705882352941178,2.4705882352941178,280.29411764705884,280.29411764705884,27.79192334017796,260.0,5.560681631015528,5,17.0,2.347058823529412,0.4705882352941176,0.9243314515396217,0.9163174025805072
2023,D'Onta Foreman,RB,137.1,16.2,CHI,00-0033925,9,10.133333333333333,2017,6,vet,True,50,9,7.491790151433535,2.641543181899798,5,2.580429948109711,8.201129943502824,16.0,11.983050847457626,0.7080633100697906,0.9411764705882352,0.4816176470588235,5.904486540378864,1.0,-2.2458333333333336,8.201129943502824,8.1875,0.7465160075329567,0.5625,0.5468926553672316,0.3125,11.869679849340868,12.6875,12.616195856873825,13.25,5.828625235404897,1.625,51.195856873822976,57.125,0.5589453860640302,-0.1875,0.0178361504733245,0.0210772833723159,-0.00031892039022,-0.0009363295880146,0.3025919387762434,0.4202898550715936,0.0265309814368328,0.0309604943468636,0.4004879297438398,-0.3333333332962963,7.913559320103698,5.19999999896,0.7054014721428429,0.5555555554938272,0.4425612052730697,0.0,0.483798604186386,0.5294117647046426,8.882103688915368,11.941176470563512,9.365902293101753,12.470588235268156,5.927602292740719,2.888888888567901,7.427871938212835,5.39999999892,0.1525423727372881,0.0,-0.240614902709132,-1.2146908338208164,4.24781510588378,4.502463054165013,1.0,22.176470588235293,26.88235294117647,21.11764705882353,25.11764705882353,187.0,188.47058823529412,32.8235294117647,28.41176470588235,55.0,55.294117647058826,0.4032085561497326,0.4861702127659574,2.176470588235294,1.8823529411764703,152.8235294117647,190.94117647058823,27.353867214236825,89.0,4.48863636973214,6,17.0,5.364705882352941,0.5294117647058824,0.9627900649133881,0.9258422092738677
2023,Tank Bigsby,RB,137.7,12.9,JAX,00-0038555,11,2.2181818181818183,2023,0,rookie,True,51,9,7.491790151433535,-5.273608333251717,0,,,,,,,,,,,,,,,,,,,,,,,,,,,,,,,,,,,,,,,,,,,,,,,,,,,,,,,,,,,,,,,,,,,,,,,,,,,,21.00479123887748,88.0,4.477336814478207,0,17.0,1.435294117647059,0.6470588235294118,0.9104832754736188,1.0005095140716271
2023,Tyjae Spears,RB,150.9,15.2,TEN,00-0039032,17,9.047058823529412,2023,0,rookie,True,52,9,7.491790151433535,1.5552686720958766,0,,,,,,,,,,,,,,,,,,,,,,,,,,,,,,,,,,,,,,,,,,,,,,,,,,,,,,,,,,,,,,,,,,,,,,,,,,,,22.21218343600274,81.0,4.394449154672439,0,17.0,9.047058823529412,1.0,1.0186011396704293,1.094767932091459
2023,Zamir White,RB,153.7,14.1,LV,00-0038040,11,6.672727272727273,2022,1,soph,True,53,10,7.491790151433535,-0.8190628787062622,1,1.0,0.6363636363636364,11.0,11.0,0.6470588235294118,0.6470588235294118,0.6470588235294118,0.411764705882353,1.0,0.0,0.6363636363636364,0.6363636363636364,0.0,0.0,0.0,0.0,1.5454545454545454,1.5454545454545454,1.5454545454545454,1.5454545454545454,0.0,0.0,6.363636363636363,6.363636363636363,0.0,0.0,0.0,0.0,0.0,0.0,0.0397196261681314,0.0397196261681314,0.0,0.0,0.0,0.0,0.0,0.0,0.0,0.0,,,0.0,0.0,0.9999999999976636,0.9999999999976636,0.9999999999976636,0.9999999999976636,0.0,0.0,0.0,0.0,0.0,0.0,0.0,0.0,4.117647058581315,4.117647058581315,0.0,34.470588235294116,34.470588235294116,32.8235294117647,32.8235294117647,307.47058823529414,307.47058823529414,25.176470588235293,25.176470588235293,59.647058823529406,59.647058823529406,0.5779092702169625,0.5779092702169625,2.3529411764705883,2.3529411764705883,246.0,246.0,23.953456536618756,122.0,4.804021044733257,1,17.0,4.31764705882353,0.6470588235294118,1.1048823215776082,1.0335898087718192
2023,Jerome Ford,RB,157.4,16.1,CLE,00-0037267,17,12.423529411764706,2022,1,soph,True,54,10,7.491790151433535,4.931739260331171,1,1.0,0.0923076923076923,13.0,13.0,0.7647058823529411,0.7647058823529411,0.7647058823529411,0.0705882352941176,1.0,0.0,0.0923076923076923,0.0923076923076923,0.0,0.0,0.0,0.0,0.6153846153846154,0.6153846153846154,0.6153846153846154,0.6153846153846154,0.0,0.0,0.9230769230769232,0.9230769230769232,0.0,0.0,0.0,0.0,0.0,0.0,0.0150375939849341,0.0150375939849341,0.0,0.0,0.0,0.0,0.0,0.0,0.0,0.0,,,0.0,0.0,0.470588235293233,0.470588235293233,0.470588235293233,0.470588235293233,0.0,0.0,0.0,0.0,0.0,0.0,0.0,0.0,1.4999999998125,1.4999999998125,0.0,31.764705882352946,31.764705882352946,29.823529411764707,29.823529411764707,245.35294117647055,245.35294117647055,31.294117647058822,31.294117647058822,63.05882352941177,63.05882352941177,0.503731343283582,0.503731343283582,2.235294117647059,2.235294117647059,218.23529411764707,218.23529411764707,23.969883641341543,156.0,5.049856007249537,1,17.0,12.423529411764706,1.0,1.105114787236542,1.0329302280422608
2023,Roschon Johnson,RB,157.7,23.2,CHI,00-0039021,14,7.25,2023,0,rookie,True,55,10,7.491790151433535,-0.241790151433535,0,,,,,,,,,,,,,,,,,,,,,,,,,,,,,,,,,,,,,,,,,,,,,,,,,,,,,,,,,,,,,,,,,,,,,,,,,,,,22.581793292265573,115.0,4.74493212836325,0,17.0,5.970588235294118,0.8235294117647058,1.0457921995623014,1.0838317374411877
2023,Clyde Edwards-Helaire,RB,157.9,14.9,KC,00-0036360,14,4.978571428571429,2020,3,vet,True,56,10,7.491790151433535,-2.5132187228621063,3,2.3333333333333335,10.911208791208791,10.0,10.428571428571429,0.6202731092436975,0.5882352941176471,0.6629901960784315,6.852100840336135,1.0,-1.9299999999999995,10.911208791208791,9.83,2.564835164835165,2.3,1.9098901098901095,1.7,9.446153846153846,7.1,12.01098901098901,9.4,15.57802197802198,15.1,40.85274725274725,30.2,-0.5802197802197802,1.0,0.0443471913908425,0.0374592833875611,-0.0010415853938065,0.0022045855379183,0.2403415494075743,0.1702637889684166,0.0657916773105992,0.0577321349578845,-0.3226363008809637,0.4347826086767485,8.194051304299018,8.882352940653979,0.753623188375408,0.7391304347504726,2.142857142857143,3.0,1.6418067226864206,1.3529411764683847,6.0026260504057944,4.176470588225279,7.644432773092215,5.5294117646936645,6.139751552547698,6.565217391018904,8.55232443809635,8.470588234795848,0.1020243846287104,0.1304347826030245,0.2491720761948321,0.4447657028057727,4.305660603622139,4.2535211267006545,0.0,38.294117647058826,38.294117647058826,36.11764705882353,36.11764705882353,266.8235294117647,266.8235294117647,24.529411764705884,24.529411764705884,62.82352941176471,62.82352941176471,0.6095505617977528,0.6095505617977528,3.4705882352941178,3.4705882352941178,308.8235294117647,308.8235294117647,24.39151266255989,32.0,3.4657359027997265,3,17.0,4.1000000000000005,0.8235294117647058,1.1077029443408835,1.0163803484045646
2023,Gus Edwards,RB,160.6,12.8,BAL,00-0034184,17,11.0,2018,5,vet,True,57,10,7.491790151433535,3.508209848566465,4,1.9097472924187728,6.835254721124286,9.0,10.91304347826087,0.6590473145780051,0.5294117647058824,0.8042279411764706,4.567359335038363,1.0,-1.4236111111111107,6.835254721124286,6.588888888888889,0.3418423364075538,0.2222222222222222,0.1437747035573122,0.0,9.554183135704877,9.666666666666666,9.896025472112427,9.88888888888889,1.7257905138339922,0.0,48.029369784804565,48.111111111111114,1.0082345191040842,0.6666666666666666,0.0103565090690725,0.0043010752688079,0.0035987197424641,0.0015527950310554,0.1904778884240343,0.1653992395434118,0.0180538674233337,0.0075385694249507,2.807692306565796,2.9999999985,3.4865424424899603,0.0,0.2508361203579146,0.0,0.6443148688046647,0.0,0.2666240409200798,0.1176470588232764,6.22042838873532,5.1176470588138,6.487052429655401,5.235294117637077,2.7195413278069807,0.0,2.7256728773824723,0.0,0.0,0.0,-0.2218565218129763,-0.506233925794454,5.028179238083605,4.977011494195667,0.0,28.705882352941178,28.705882352941178,27.352941176470587,27.352941176470587,227.2941176470588,227.2941176470588,30.941176470588236,30.941176470588236,59.64705882352941,59.64705882352941,0.4812623274161736,0.4812623274161736,1.9411764705882353,1.9411764705882353,188.35294117647055,188.35294117647055,28.386036960985628,260.0,5.560681631015528,5,17.0,11.0,1.0,0.8716464091979882,0.9079485415971207
2023,Chuba Hubbard,RB,160.7,13.9,CAR,00-0036555,17,10.735294117647058,2021,2,vet,True,58,10,7.491790151433535,3.243503966213523,2,1.8,7.1380952380952385,14.0,14.666666666666666,0.8627450980392156,0.8235294117647058,0.8823529411764706,6.215686274509804,1.0,-2.192857142857142,7.1380952380952385,6.4071428571428575,1.580357142857143,1.2142857142857142,1.1875,1.0,8.107142857142856,6.785714285714286,9.6875,8.0,11.767857142857144,12.214285714285714,34.94047619047619,33.285714285714285,0.4702380952380953,0.6428571428571429,0.0479910396089016,0.0398126463699301,0.0020273741137565,0.002808988764044,0.2571322397403869,0.1966873706000068,0.0734057212929821,0.0616852616897261,0.370959194467358,0.5294117646747405,10.46285714218271,12.214285713413265,0.77424483302998,0.8235294117162629,3.0,3.0,1.392156862742275,0.999999999997658,7.098039215671149,5.5882352941060764,8.490196078413424,6.588235294103734,8.273449920071913,10.058823528820067,10.19809523743888,11.85714285629592,0.0090090090087655,0.0,-0.0227728541461472,0.1040432119892027,4.45622195018308,4.905263157843103,0.0,26.88235294117647,26.88235294117647,25.11764705882353,25.11764705882353,188.47058823529412,188.47058823529412,28.41176470588235,28.41176470588235,55.294117647058826,55.294117647058826,0.4861702127659574,0.4861702127659574,1.8823529411764703,1.8823529411764703,190.94117647058823,190.94117647058823,24.22450376454483,126.0,4.836281906951478,2,17.0,10.735294117647058,1.0,1.107490444151466,1.0228197772760799
2023,Zack Moss,RB,163.0,20.6,IND,00-0036251,13,13.03076923076923,2020,3,vet,True,59,10,7.481169871794871,5.549599358974359,3,2.3333333333333335,6.263736263736264,13.0,13.0,0.7715336134453781,0.7647058823529411,0.7806372549019608,4.84327731092437,1.0,-3.1307692307692303,6.263736263736264,4.961538461538462,1.4725274725274726,1.0,1.1428571428571428,0.8461538461538461,7.428571428571429,7.153846153846154,8.901098901098901,8.153846153846153,7.087912087912088,3.0,32.91208791208792,35.07692307692308,0.7032967032967034,-0.3846153846153846,0.0257449946465043,0.0115044247787508,0.0020021241251156,-0.0005686341407937,0.1595814619718546,0.1070195627156421,0.0400189788573374,0.0168585932695706,0.2663308913264336,-0.3846153845857988,5.442566749660344,3.5454545451322312,0.7999847374349537,0.8461538460887574,1.28125,0.0,1.152310924367795,0.7941176470574082,5.77521008402045,5.533088235281463,6.927521008388244,6.3272058823388715,4.2271825394538185,2.999999999769231,5.554045333178661,3.8181818178347102,0.0168650793643594,0.0,-0.3025056486263488,-0.4931149613583622,4.442149440375029,4.90322580639889,0.0,35.529411764705884,35.529411764705884,34.05882352941177,34.05882352941177,218.1764705882353,218.1764705882353,25.823529411764707,25.823529411764707,61.352941176470594,61.352941176470594,0.5790987535953979,0.5790987535953979,1.4705882352941178,1.4705882352941178,226.76470588235293,226.76470588235293,25.711156741957563,86.0,4.454347296253507,3,17.0,9.96470588235294,0.7647058823529411,1.0755624851603047,0.9731265813145927
2024,Christian McCaffrey,RB,1.4,0.7,SF,00-0033280,4,11.95,2017,7,vet,True,1,1,19.40125646412411,-7.451256464124111,7,2.953488372093023,23.218626237896736,16.0,14.299212598425196,0.8450671607225566,0.9411764705882352,0.7914915966386555,19.601572487262622,1.0,3.493897058823528,23.218626237896736,24.45625,5.808957244315049,5.1875,4.76598237720285,4.1875,16.042131222567768,17.0,21.851088466882818,22.1875,41.20054616334723,35.25,79.53915916760404,91.1875,9.416657017137563,9.5625,0.1421400594517424,0.176220806793681,0.0296818299564453,0.0398852971845568,0.4071133047713842,0.5450901803596291,0.2339873701471254,0.2922509182197114,1.6607375437726235,1.8433734939536943,8.623237998367225,8.417910447635553,0.8200482803168403,0.8072289156529249,2.9973003374578178,3.0,4.896971977757383,4.882352941166105,13.483528253793487,15.999999999967937,18.380500231550872,20.88235294113404,7.0794678308491035,6.795180722809697,7.314631856660363,6.880597014822677,0.0625517040498415,0.0843373493965742,0.1977426190754703,0.0777685228824216,4.94244363201518,5.363970588215574,0.0,28.88235294117647,28.88235294117647,27.705882352941178,27.705882352941178,225.64705882352945,225.64705882352945,29.352941176470587,29.352941176470587,58.23529411764706,58.23529411764706,0.4959595959595959,0.4959595959595959,3.5294117647058822,3.5294117647058822,269.2352941176471,269.2352941176471,28.23545516769336,8.0,2.0794415416798357,7,17.0,2.8117647058823527,0.2352941176470588,0.8848670068066242,0.909531776510881
2024,Breece Hall,RB,2.2,0.9,NYJ,00-0038120,16,15.05625,2022,2,vet,True,2,1,19.40125646412411,-4.3450064641241095,2,1.8,16.87310924369748,17.0,13.666666666666666,0.8039215686274509,1.0,0.7058823529411764,13.64901960784314,1.0,0.6453781512605055,16.87310924369748,17.08823529411765,5.201680672268908,5.588235294117647,3.8851540616246503,4.470588235294118,12.554621848739496,13.117647058823527,17.756302521008404,18.705882352941178,33.55742296918768,34.76470588235294,61.02801120448179,58.47058823529411,5.355742296918767,-2.823529411764706,0.1300662953160022,0.168738898756361,0.0019099881834729,-0.0126515550869761,0.4490051334255183,0.5747422680397558,0.1964364347024343,0.2442522595736582,1.2975664968382026,-0.5052631578894182,9.008771929555056,7.776315789371364,0.7376344085899461,0.7999999999915789,0.4780701754385965,0.0,4.333333333325682,5.588235294107721,10.313725490169666,13.11764705878972,14.64705882349535,18.705882352897444,6.491454442438735,6.221052631513462,8.60526315766655,8.539473684098164,0.0388228636099971,0.0421052631574515,0.0273183975744558,0.06408553676165,4.900766068721902,4.457399103119025,0.0,35.35294117647059,35.35294117647059,33.11764705882353,33.11764705882353,223.1764705882353,223.1764705882353,22.823529411764707,22.823529411764707,58.17647058823529,58.17647058823529,0.6076845298281092,0.6076845298281092,1.0588235294117647,1.0588235294117647,198.41176470588235,198.41176470588235,23.255304585900067,36.0,3.58351893845611,2,17.0,14.17058823529412,0.9411764705882352,1.084178435413189,1.0608770938580678
2024,Bijan Robinson,RB,4.9,1.3,ATL,00-0038542,17,20.1,2023,1,soph,True,3,1,19.40125646412411,0.698743535875888,1,1.0,14.488235294117649,17.0,17.0,1.0,1.0,1.0,14.488235294117649,1.0,0.0,14.488235294117649,14.488235294117649,5.0588235294117645,5.0588235294117645,3.411764705882353,3.411764705882353,12.588235294117649,12.588235294117649,17.647058823529413,17.647058823529413,28.647058823529413,28.647058823529413,57.411764705882355,57.411764705882355,1.411764705882353,1.411764705882353,0.1692913385823439,0.1692913385823439,0.0057034220532305,0.0057034220532305,0.4099616858229694,0.4099616858229694,0.2579294033107773,0.2579294033107773,0.2790697674386154,0.2790697674386154,8.396551723993163,8.396551723993163,0.6744186046433207,0.6744186046433207,3.0,3.0,5.058823529401806,5.058823529401806,12.588235294093533,12.588235294093533,17.64705882349534,17.64705882349534,5.662790697608572,5.662790697608572,8.948275861914686,8.948275861914686,0.0465116279064359,0.0465116279064359,-0.1501825200035457,-0.1501825200035457,4.5607476635300905,4.5607476635300905,0.0,31.176470588235293,31.176470588235293,29.88235294117647,29.88235294117647,247.52941176470588,247.52941176470588,30.705882352941178,30.705882352941178,61.88235294117647,61.88235294117647,0.5038022813688213,0.5038022813688213,1.8235294117647056,1.8235294117647056,222.05882352941177,222.05882352941177,22.587268993839835,8.0,2.0794415416798357,1,17.0,20.1,1.0,1.0461675029583675,1.0836611586341764
2024,Jahmyr Gibbs,RB,9.4,2.2,DET,00-0039139,17,21.34705882352941,2023,1,soph,True,4,1,16.783941579810566,4.5631172437188425,1,1.0,16.14,15.0,15.0,0.8823529411764706,0.8823529411764706,0.8823529411764706,14.241176470588236,1.0,0.0,16.14,16.14,4.733333333333333,4.733333333333333,3.466666666666667,3.466666666666667,12.133333333333333,12.133333333333333,16.866666666666667,16.866666666666667,21.066666666666663,21.066666666666663,63.0,63.0,0.5333333333333333,0.5333333333333333,0.1236933797907252,0.1236933797907252,0.0019841269841264,0.0019841269841264,0.363999999999272,0.363999999999272,0.1869289585749764,0.1869289585749764,0.1126760563364411,0.1126760563364411,6.076923076806214,6.076923076806214,0.7323943661868676,0.7323943661868676,3.0,3.0,4.176470588228018,4.176470588228018,10.705882352919764,10.705882352919764,14.882352941147785,14.882352941147785,4.450704225289426,4.450704225289426,6.038461538345414,6.038461538345414,0.0140845070420551,0.0140845070420551,-0.1704258461477918,-0.1704258461477918,5.192307692279163,5.192307692279163,0.0,35.64705882352941,35.64705882352941,33.76470588235294,33.76470588235294,237.1764705882353,237.1764705882353,29.41176470588235,29.41176470588235,65.05882352941177,65.05882352941177,0.5479204339963833,0.5479204339963833,3.3529411764705883,3.3529411764705883,270.94117647058823,270.94117647058823,22.45311430527036,12.0,2.4849066497880004,1,17.0,21.34705882352941,1.0,1.0367604808500372,1.0877849915830227
2024,Jonathan Taylor,RB,9.8,2.0,IND,00-0036223,14,17.478571428571428,2020,4,vet,True,5,1,16.783941579810566,0.6946298487608615,4,2.6470588235294117,15.940254307783722,10.0,11.533333333333331,0.6821078431372548,0.5882352941176471,0.7931985294117647,11.182745098039216,1.0,2.33090909090909,15.940254307783722,15.64,2.76969696969697,2.3,2.1658467023172903,1.9,17.302911467617346,16.9,20.07260843731432,19.2,15.779084967320262,15.3,79.79220439691026,74.1,-3.438193701723114,-2.1,0.0592946199288588,0.0421245421244649,-0.0102426017345266,-0.0051169590643262,0.4272056961668965,0.3528183716067791,0.0817721086791196,0.059604941841669,-1.1664839224054275,-0.913043478221172,7.41034530739367,8.052631578523545,0.793360001721298,0.8260869564858223,0.0,0.0,1.9115196078396317,1.3529411764681103,11.884313725464942,9.94117647056748,13.795833333304577,11.294117647035591,5.953447001779555,6.652173912754253,8.888866610591608,9.157894736360111,0.0301265656752832,0.0434782608676748,-0.009898581781895,0.1375908370333869,4.597523648948846,4.38461538458944,0.0,33.76470588235294,33.76470588235294,32.11764705882353,32.11764705882353,241.41176470588235,241.41176470588235,28.176470588235293,28.176470588235293,61.94117647058823,61.94117647058823,0.5451092117758785,0.5451092117758785,2.176470588235294,2.176470588235294,228.35294117647055,228.35294117647055,25.61806981519507,41.0,3.713572066704308,4,17.0,14.394117647058822,0.8235294117647058,1.0796778875798194,0.9758960800597245
2024,Saquon Barkley,RB,11.3,2.3,PHI,00-0034844,16,22.20625,2018,6,vet,True,6,2,16.783941579810566,5.4223084201894345,6,2.9076923076923076,15.525141723356008,14.0,13.61904761904762,0.8040382819794585,0.8235294117647058,0.7444852941176471,12.94983660130719,1.0,-1.8071428571428587,15.525141723356008,15.94285714285714,4.52401665794523,4.285714285714286,3.2005167451596024,2.9285714285714284,16.618426216640504,17.642857142857142,21.14244287458573,21.928571428571427,21.782432844932845,20.0,66.34564146171289,68.71428571428571,6.146934414791557,9.571428571428571,0.1235727270602933,0.1237113402059305,0.0195776396220403,0.0372325646012677,0.5032754415786281,0.544052863434925,0.1990634383258682,0.2116298055297832,1.4165059721476625,2.233333333296111,6.817461623380131,6.8292682925163595,0.7057848086864975,0.6833333333219445,1.6972142090667113,2.08955223880597,3.6544701213745863,3.5294117646986054,13.762079831903046,14.52941176467388,17.41654995327763,18.05882352937249,4.794108779639644,4.666666666588889,6.639897265196158,5.512195121816776,0.0397124993565937,0.0666666666655555,-0.086101786890678,-0.1253065969079845,3.912454742866875,3.894736842089495,1.0,33.11764705882353,30.470588235294116,30.88235294117647,28.529411764705884,261.94117647058823,211.7058823529412,30.0,26.705882352941178,63.11764705882353,57.17647058823529,0.5246971109040075,0.5329218106995884,2.7058823529411766,1.4705882352941178,239.23529411764707,197.1176470588235,27.55920602327173,2.0,0.6931471805599453,6,17.0,20.9,0.9411764705882352,0.9449307633100444,0.921048178973786
2024,Kyren Williams,RB,15.9,2.9,LA,00-0037840,16,17.00625,2022,2,vet,True,7,2,15.48991409805029,1.5163359019497111,2,1.8,15.4375,12.0,10.666666666666666,0.6274509803921569,0.7058823529411765,0.5882352941176471,10.598039215686276,1.0,17.4375,15.4375,21.25,3.1666666666666665,4.0,2.1527777777777777,2.6666666666666665,14.125,19.0,17.291666666666668,23.0,14.611111111111112,17.166666666666668,69.34722222222221,95.33333333333331,1.263888888888889,0.8333333333333334,0.0653946015646954,0.0864864864863306,0.003077038749635,0.0022988505747121,0.3470443312055553,0.4779874213826457,0.1002458294717877,0.1313389251317944,0.6111111110688657,0.208333333328993,7.10648148103461,6.4374999997988285,0.6944444444143519,0.6666666666527779,3.0,3.0,2.1176470588196827,2.8235294117596186,9.627450980371744,13.411764705854235,11.745098039191426,16.235294117613854,4.97222222198669,4.291666666577258,8.73379629578674,8.656249999729493,0.0416666666657986,0.0624999999986979,-0.2631390462371192,-0.3250083690695851,4.6688387635231114,5.017543859627116,0.0,34.294117647058826,34.294117647058826,32.64705882352941,32.64705882352941,255.8823529411765,255.8823529411765,28.058823529411764,28.058823529411764,62.352941176470594,62.352941176470594,0.55,0.55,2.588235294117647,2.588235294117647,252.94117647058823,252.94117647058823,24.01642710472279,164.0,5.099866427824199,2,17.0,16.00588235294118,0.9411764705882352,1.1057406607161453,1.0310658771064916
2024,Derrick Henry,RB,15.9,2.8,BAL,00-0032764,17,19.788235294117644,2016,8,vet,True,8,2,15.48991409805029,4.298321196067354,8,2.9766536964980546,17.280116493656287,17.0,15.458823529411765,0.9163494809688582,1.0,0.9030330882352942,15.353282871972318,1.0,-4.413088235294117,17.280116493656287,14.509411764705884,2.2217853023562366,2.1176470588235294,1.762655297413083,1.6470588235294117,19.621342890097218,16.470588235294116,21.843128192453452,18.58823529411765,16.05763332784094,12.588235294117649,85.99179161860822,68.6470588235294,-3.310833745262811,-5.882352941176471,0.0731892892620971,0.0753138075312232,-0.0125796158291869,-0.0221533008418205,0.6246253908141157,0.6306306306292103,0.1009782028127148,0.0974634007075604,-1.566712018260628,-2.7777777777006176,8.914366939902248,7.642857142584184,0.7888953722789083,0.777777777756173,0.0352941176470588,0.0,2.0142012687384603,2.117647058819099,17.437168396733444,16.470588235257022,19.45136966547191,18.58823529407612,7.071356436051352,5.944444444279322,10.142334720269435,9.821428571077806,0.0030757400998254,0.0,0.1877895428213419,0.0881800263676834,4.358860765490886,4.167857142842258,1.0,29.058823529411764,29.058823529411764,28.0,28.11764705882353,238.05882352941177,265.52941176470586,31.823529411764707,26.11764705882353,60.88235294117647,55.17647058823529,0.4772946859903381,0.5266524520255863,3.1176470588235294,1.7647058823529411,228.2941176470588,206.58823529411765,30.65845311430527,45.0,3.80666248977032,8,17.0,19.788235294117644,1.0,0.6944292534943689,0.904773887631055
2024,Travis Etienne Jr.,RB,17.6,2.5,JAX,00-0036973,15,8.68,2021,3,vet,True,9,2,15.48991409805029,-6.809914098050291,2,1.8,15.096078431372549,17.0,17.0,1.0,1.0,1.0,15.096078431372549,1.0,4.54705882352941,15.096078431372549,16.61176470588235,3.745098039215686,4.294117647058823,2.9607843137254903,3.411764705882353,14.784313725490197,15.705882352941176,18.52941176470588,20.0,24.862745098039216,28.0,61.588235294117645,59.294117647058826,-2.5490196078431375,-3.941176470588235,0.1063081318031926,0.1202635914330803,-0.0087885153636193,-0.0136595310907209,0.5566264585291992,0.5894039735086327,0.1533102369502554,0.1708337153861157,-0.5822425164813685,-0.9178082191655096,8.480788177159583,8.20689655158264,0.7889396245430457,0.7945205479343216,1.0,0.0,3.7450980392094326,4.294117647051749,14.784313725457457,15.705882352906508,18.52941176466689,19.999999999958256,6.687772704099495,6.5205479451161565,9.363875205055088,9.017241379154877,0.009132420091199,0.0136986301367986,0.1229289168234732,0.131816585809141,4.22139938711255,3.775280898862265,0.0,36.47058823529411,36.47058823529411,35.705882352941174,35.705882352941174,288.52941176470586,288.52941176470586,26.647058823529413,26.647058823529413,63.11764705882353,63.11764705882353,0.5778191985088537,0.5778191985088537,2.2941176470588234,2.2941176470588234,257.47058823529414,257.47058823529414,25.598904859685145,25.0,3.218875824868201,3,17.0,7.658823529411764,0.8823529411764706,1.0805002268734822,0.9764675741656862
2024,Isiah Pacheco,RB,19.8,2.9,KC,00-0037197,7,8.12857142857143,2022,2,vet,True,10,2,14.434106455309395,-6.3055350267379655,2,1.8,12.832773109243698,14.0,15.0,0.8823529411764706,0.8235294117647058,0.9117647058823528,11.03529411764706,1.0,7.337394957983193,12.832773109243698,15.278571428571428,2.607843137254902,3.5,2.350140056022409,3.142857142857143,13.095238095238097,14.642857142857142,15.703081232492996,18.142857142857142,14.168067226890756,17.428571428571427,60.79831932773109,66.78571428571429,-5.557422969187676,-8.071428571428571,0.0621357709826601,0.0818030050082106,-0.0199036063978542,-0.028863346104718,0.4636290967215101,0.4916067146271184,0.0792711319954922,0.1025001652390133,-1.751700680225427,-2.3061224489325283,7.030303029962599,5.5454545453285125,0.9081632652717964,0.8979591836551437,0.0,0.0,2.196078431368894,2.8823529411716584,11.37254901958057,12.058823529382847,13.568627450949466,14.941176470554506,6.41496598610572,4.97959183663307,9.465034964601678,8.159090908905476,0.0272108843531861,0.0408163265297792,0.1513032333907326,0.0371830561256895,4.668101386871816,4.560975609733849,0.0,37.35294117647059,37.35294117647059,35.23529411764706,35.23529411764706,230.2941176470588,230.2941176470588,24.529411764705884,24.529411764705884,61.88235294117647,61.88235294117647,0.6036121673003803,0.6036121673003803,2.176470588235294,2.176470588235294,257.8235294117647,257.8235294117647,25.50308008213552,251.0,5.5254529391317835,2,17.0,3.3470588235294123,0.4117647058823529,1.084396341897897,0.9793417921644731
2024,De'Von Achane,RB,21.4,4.5,MIA,00-0039040,17,17.641176470588235,2023,1,soph,True,11,2,14.434106455309395,3.2070700152788394,1,1.0,17.336363636363636,11.0,11.0,0.6470588235294118,0.6470588235294118,0.6470588235294118,11.21764705882353,1.0,0.0,17.336363636363636,17.336363636363636,3.363636363636364,3.363636363636364,2.4545454545454546,2.4545454545454546,9.363636363636363,9.363636363636363,12.727272727272728,12.727272727272728,17.90909090909091,17.90909090909091,72.72727272727273,72.72727272727273,2.363636363636364,2.363636363636364,0.0673952641164528,0.0673952641164528,0.0060790273556216,0.0060790273556216,0.2258771929819608,0.2258771929819608,0.1053482153236144,0.1053482153236144,0.7027027026837108,0.7027027026837108,7.296296296026063,7.296296296026063,0.7297297297100074,0.7297297297100074,3.0,3.0,2.17647058823133,2.17647058823133,6.058823529398478,6.058823529398478,8.235294117629808,8.235294117629808,5.324324324180425,5.324324324180425,9.703703703344308,9.703703703344308,0.0810810810788897,0.0810810810788897,0.0403167277655853,0.0403167277655853,7.766990291186728,7.766990291186728,0.0,33.294117647058826,33.294117647058826,32.294117647058826,32.294117647058826,251.58823529411765,251.58823529411765,26.823529411764707,26.823529411764707,60.117647058823536,60.117647058823536,0.5538160469667319,0.5538160469667319,3.3529411764705883,3.3529411764705883,276.3529411764706,276.3529411764706,22.885694729637233,84.0,4.430816798843313,1,17.0,17.641176470588235,1.0,1.0650909799149226,1.0739351076545014
2024,Josh Jacobs,RB,23.6,3.6,GB,00-0035700,17,17.241176470588236,2019,5,vet,True,12,3,14.434106455309395,2.807070015278841,5,2.8181818181818183,15.588114630467574,13.0,14.419354838709678,0.853296963946869,0.7647058823529411,0.8794117647058822,13.516295066413662,1.0,-5.380995475113123,15.588114630467574,13.930769230769233,3.92654113754683,4.153846153846154,2.929616114435849,2.8461538461538463,18.053267162944582,17.923076923076923,21.979808300491413,22.076923076923077,22.25308227509366,22.76923076923077,71.98859533887996,61.92307692307692,1.865304335133557,2.923076923076923,0.103106427797678,0.1016949152540457,0.0058301585641082,0.009019700925704,0.6202231299836769,0.5641646489090456,0.1587407526913928,0.1588561635290614,0.4565860214977489,0.7037037036906721,7.641270280214778,7.999999999783784,0.7474313022564864,0.6851851851724966,2.5161290322580645,3.0,3.3326612903164885,3.176470588229312,15.471062618559134,13.70588235290799,18.80372390887562,16.882352941137302,5.683213858916826,5.481481481379973,7.612549502224441,7.918918918704895,0.0,0.0,-0.001400245792788,-0.0073434922211915,3.9613252980793785,3.4549356223027687,1.0,34.1764705882353,32.76470588235294,33.0,31.235294117647054,281.8235294117647,247.8235294117647,25.941176470588236,24.294117647058822,60.117647058823536,57.05882352941177,0.5684931506849316,0.5742268041237113,2.4705882352941178,1.8235294117647056,247.64705882352945,215.64705882352945,26.55441478439425,24.0,3.1780538303479458,5,17.0,17.241176470588236,1.0,1.0262715881472417,0.9481940246391531
2024,Rachaad White,RB,29.0,3.3,TB,00-0037256,15,13.306666666666668,2022,2,vet,True,13,3,13.416324058711414,-0.1096573920447472,2,1.8,13.272549019607842,17.0,17.0,1.0,1.0,1.0,13.272549019607842,1.0,7.458823529411765,13.272549019607842,15.758823529411764,3.8823529411764706,4.117647058823529,3.4901960784313726,3.764705882352941,13.196078431372548,16.0,17.07843137254902,20.11764705882353,27.215686274509807,32.294117647058826,48.25490196078431,58.23529411764706,-1.647058823529412,-1.9411764705882353,0.1115519839274833,0.1272727272724958,-0.0058784418395075,-0.0070287539936087,0.5244589485433115,0.6195899772195453,0.1632130666035698,0.1859889631132177,-0.4177339901415098,-0.4714285714218367,7.652083333205312,8.578124999865967,0.8968801313492282,0.914285714272653,0.0,0.0,3.8823529411699087,4.1176470588160425,13.196078431341698,15.999999999963553,17.078431372511606,20.117647058779596,6.8952380951346655,7.842857142745101,8.491249999858018,9.546874999850829,0.0400656814443854,0.0428571428565306,0.2611960345012413,0.3316870930328942,3.669364645064284,3.63970588233956,0.0,33.411764705882355,33.411764705882355,32.35294117647059,32.35294117647059,276.1764705882353,276.1764705882353,25.823529411764707,25.823529411764707,59.23529411764706,59.23529411764706,0.564051638530288,0.564051638530288,2.1176470588235294,2.1176470588235294,237.8823529411765,237.8823529411765,25.637234770704996,91.0,4.51085950651685,2,17.0,11.741176470588236,0.8823529411764706,1.0788538308807625,0.9753245314337214
2024,James Cook III,RB,30.3,4.1,BUF,00-0037248,16,16.66875,2022,2,vet,True,14,3,13.416324058711414,3.2524259412885854,2,1.8,11.327573529411763,17.0,16.666666666666668,0.9803921568627452,1.0,0.9705882352941176,11.198039215686274,1.0,7.081985294117646,11.327573529411763,13.688235294117646,2.7843137254901955,3.176470588235294,2.1629901960784315,2.588235294117647,11.14828431372549,13.941176470588236,13.932598039215684,17.11764705882353,21.20098039215686,26.176470588235293,54.5625,66.0,7.080882352941177,8.058823529411764,0.0854137875531939,0.0990825688071576,0.0248172409215491,0.029161345253293,0.3775859980612523,0.4628906249990959,0.1454927499748753,0.1690367948880416,2.545524691300011,2.5370370369900552,9.59956709927781,10.11363636340651,0.7619598765263146,0.8148148147997257,2.731707317073171,3.0,2.7843137254851005,3.1764705882294657,11.148284313703025,13.941176470561008,13.932598039188129,17.117647058790475,7.368827160333496,8.240740740588135,8.1255411253043,9.045454545248967,0.0597993827148093,0.0740740740727023,0.2424299616975085,0.3031334360517356,5.0549945479196445,4.734177215169898,0.0,34.05882352941177,34.05882352941177,32.05882352941177,32.05882352941177,276.3529411764706,276.3529411764706,30.11764705882353,30.11764705882353,64.1764705882353,64.1764705882353,0.5307057745187901,0.5307057745187901,3.0,3.0,253.2941176470588,253.2941176470588,24.93634496919918,63.0,4.143134726391533,2,17.0,15.688235294117646,0.9411764705882352,1.101424930830488,0.9971141711539017
2024,Alvin Kamara,RB,32.3,3.8,NO,00-0033906,14,18.95,2017,7,vet,True,15,3,13.416324058711414,5.533675941288585,7,2.953488372093023,17.537920019612933,13.0,13.716535433070868,0.8132816118573413,0.7647058823529411,0.880252100840336,14.26688744789254,1.0,3.80974358974359,17.537920019612933,17.923076923076923,6.103494274754117,6.615384615384615,4.975975959735803,5.769230769230769,14.482117619912897,13.846153846153848,20.585611894667014,20.46153846153846,36.07432220010959,35.84615384615385,57.66504283118457,53.38461538461539,2.7969214184765367,0.3846153846153846,0.1554704777560548,0.1485319516405034,0.0101074881264119,0.0010319917440658,0.414857691000567,0.3749999999992187,0.2402809583225706,0.2235203216816012,0.5045034754716305,0.0581395348830448,7.473071042243365,6.213333333250489,0.8080694218702281,0.8720930232456733,3.0,3.0,4.951887447883312,5.0588235294030275,11.742473367275103,10.588235294095588,16.694360815158415,15.647058823498616,5.949058189221566,5.418604651099783,7.538117557148546,6.679999999910933,0.0260680637297463,0.0116279069766089,0.0402511499639334,0.0389679083147867,4.008066165880522,3.855555555534136,0.0,35.64705882352941,35.64705882352941,34.05882352941177,34.05882352941177,285.0,285.0,28.235294117647054,28.235294117647054,63.88235294117647,63.88235294117647,0.5580110497237569,0.5580110497237569,2.411764705882353,2.411764705882353,248.52941176470588,248.52941176470588,29.10609171800137,67.0,4.204692619390966,7,17.0,15.605882352941178,0.8235294117647058,0.8110858417259554,0.9048933990466456
2024,Joe Mixon,RB,35.0,4.3,HOU,00-0033897,14,17.178571428571427,2017,7,vet,True,16,3,13.416324058711414,3.762247369860013,7,2.953488372093023,16.334797856150335,17.0,15.32283464566929,0.9058012968967114,1.0,0.8413865546218487,14.743078392774432,1.0,-1.401260504201682,16.334797856150335,15.705882352941176,4.067497077571185,3.764705882352941,3.306639978826176,3.0588235294117645,15.860374070888197,15.117647058823527,19.927871148459385,18.88235294117647,24.06350492953087,22.11764705882353,63.18712918238162,60.8235294117647,-4.0370100796224,-6.705882352941177,0.1049783519978176,0.1081081081079255,-0.016988073893973,-0.0305139186295421,0.6102359645705282,0.6710182767606501,0.1455758762709453,0.1408024191212087,-1.0475820664153122,-1.7812499999721678,7.293652090292061,7.230769230630178,0.8158947942964162,0.8124999999873046,0.0472440944881889,0.0,3.695808244551346,3.7647058823465818,14.426007410801764,15.117647058784058,18.12181565535311,18.88235294113064,5.952788417797893,5.874999999908203,8.421119251684273,8.903846153674927,0.0430240625508538,0.0468749999992675,0.1041044255690954,0.0523665041496994,3.9847706410330614,4.02334630348629,1.0,34.8235294117647,36.1764705882353,33.294117647058826,34.8235294117647,294.7647058823529,219.76470588235293,26.11764705882353,22.529411764705884,60.94117647058823,58.70588235294118,0.5714285714285714,0.6162324649298597,2.176470588235294,2.2941176470588234,269.29411764705884,250.41176470588235,28.10677618069815,48.0,3.871201010907891,7,17.0,14.14705882352941,0.8235294117647058,0.8962722189016707,0.9111820418801411
2024,Kenneth Walker III,RB,35.6,4.1,SEA,00-0038134,11,16.472727272727273,2022,2,vet,True,17,3,13.416324058711414,3.056403214015859,2,1.8,13.362222222222222,15.0,15.0,0.8823529411764706,0.8823529411764706,0.8823529411764706,11.790196078431372,1.0,-0.206666666666667,13.362222222222222,13.293333333333331,2.4222222222222225,2.466666666666667,1.888888888888889,1.9333333333333331,14.8,14.6,17.222222222222225,17.066666666666666,15.177777777777775,17.266666666666666,63.55555555555557,60.333333333333336,-5.177777777777778,-5.266666666666667,0.0661915010142346,0.067641681901156,-0.0189272006069824,-0.0196127110228352,0.5610224822899247,0.573298429317871,0.0860382110964643,0.0877336251357494,-2.137709137650259,-2.135135135077429,7.991060025262027,8.931034482450654,0.7796653796439106,0.7837837837626005,0.0,0.0,2.137254901956891,2.1764705882313153,13.058823529378763,12.882352941142749,15.196078431335655,15.058823529374065,6.238095237924216,6.999999999810812,10.015751383215136,10.931034482381689,0.018018018017531,0.0270270270262965,-0.050631568644376,0.0948899677485332,4.2900344468284,4.132420091305332,0.0,33.8235294117647,33.8235294117647,32.1764705882353,32.1764705882353,236.94117647058823,236.94117647058823,22.470588235294116,22.470588235294116,56.29411764705882,56.29411764705882,0.6008359456635318,0.6008359456635318,2.0,2.0,245.1176470588235,245.1176470588235,23.86584531143053,41.0,3.713572066704308,2,17.0,10.658823529411764,0.6470588235294118,1.1034034311353518,1.0371076513587767
2024,Aaron Jones Sr.,RB,46.0,5.7,MIN,00-0033293,17,14.211764705882352,2017,7,vet,True,18,4,12.035856922066072,2.17590778381628,7,2.953488372093023,13.860644558467625,11.0,13.37007874015748,0.7925544233441408,0.6470588235294118,0.8256302521008404,11.227686428902269,1.0,-2.3598930481283418,13.860644558467625,12.263636363636364,4.060455878844022,3.909090909090909,3.034735597889836,2.727272727272727,12.70588034784422,12.909090909090908,16.766336226688242,16.818181818181817,22.630889120143404,21.181818181818183,61.7882052176633,59.63636363636363,-1.2453310314820272,-4.363636363636363,0.0996133785212412,0.076648841354587,-0.0019494451131627,-0.0100187852222897,0.3828731063037274,0.3219954648518776,0.1480554562026479,0.1079601123762778,-0.3449834173661835,-1.116279069741482,7.472611455440902,7.766666666407778,0.7441709150099036,0.6976744185884263,0.6944373888747777,0.0,3.248726262152499,2.5294117647013734,10.060299907341795,8.352941176451647,13.309026169494295,10.88235294115302,5.547620282494541,5.418604651036777,8.51770780138372,9.033333333032225,0.0446858196174685,0.0232558139529475,0.128596991434196,0.2209582488114026,4.863202864308993,4.619718309826622,1.0,37.11764705882353,34.1764705882353,35.64705882352941,33.0,283.1764705882353,281.8235294117647,23.11764705882353,25.941176470588236,60.23529411764706,60.117647058823536,0.6162109375,0.5684931506849316,2.176470588235294,2.4705882352941178,276.47058823529414,247.64705882352945,29.749486652977417,182.0,5.204006687076795,7,17.0,14.211764705882352,1.0,0.760562428208821,0.9048660127107456
2024,James Conner,RB,47.6,5.0,ARI,00-0033553,16,15.8625,2017,7,vet,True,19,4,12.035856922066072,3.826643077933928,7,2.953488372093023,15.46023016353725,13.0,13.149606299212598,0.7787748957850857,0.7647058823529411,0.7731092436974789,12.067334414080593,1.0,0.1000000000000014,15.46023016353725,15.5,3.1456591964465983,2.5384615384615383,2.592287502523723,2.076923076923077,14.772218857258226,16.0,17.917878053704825,18.53846153846154,17.79479103573592,12.692307692307692,68.01607106803957,80.0,-1.9385826771653545,-1.7692307692307692,0.070720162173197,0.0611111111109979,-0.0058472417955532,-0.0058331219883322,0.4282790394384556,0.4416135881094657,0.1019871740029082,0.0875834812746643,-0.6103767947351253,-0.6969696969485768,6.761526941743861,6.1111111108847735,0.8233252357111481,0.8181818181570248,0.3779527559055118,0.0,2.4413791106952076,1.9411764705846408,11.496236683624469,12.235294117621082,13.937615794319676,14.176470588205722,5.667594077470276,4.999999999848486,8.33739761821815,8.18518518488203,0.0472853522447995,0.060606060604224,0.1005911664654725,0.0704616241402121,4.566841465645182,4.9999999999759615,0.0,32.64705882352941,32.64705882352941,31.764705882352946,31.764705882352946,231.94117647058823,231.94117647058823,27.705882352941178,27.705882352941178,60.352941176470594,60.352941176470594,0.5409356725146199,0.5409356725146199,2.0588235294117645,2.0588235294117645,201.76470588235293,201.76470588235293,29.32785763175907,105.0,4.653960350157523,7,17.0,14.929411764705884,0.9411764705882352,0.7933050829307435,0.9048403946635416
2024,David Montgomery,RB,54.6,5.7,DET,00-0035685,14,15.837142857142856,2019,5,vet,True,20,4,11.36028003858886,4.476862818553995,5,2.8181818181818183,13.922795698924732,14.0,14.516129032258064,0.8593453510436433,0.8235294117647058,0.8933823529411764,11.879601518026565,1.0,3.69375,13.922795698924732,14.8,2.399195025404703,1.7142857142857142,1.8377835873803616,1.1428571428571428,15.099187640316671,15.642857142857142,17.498382665721376,17.357142857142858,14.654586139666783,8.357142857142858,65.15999793217536,72.5,1.0335548859742407,-1.3571428571428572,0.0722481549010684,0.0418118466898226,0.0046098328197462,-0.0047123015873004,0.4404552566291519,0.437999999999124,0.1115991153254249,0.0594191589236236,0.1816391072590042,-0.7916666666336806,7.8594138727284255,7.312499999542969,0.7439775910130986,0.6666666666388888,1.418325326012354,0.0,2.067718216314501,1.4117647058798934,12.891840607184497,12.882352941150709,14.959558823498996,14.2941176470306,5.902448721242332,4.874999999796875,8.467577482205584,9.31249999941797,0.0092708050960165,0.0,-0.1178262021062628,-0.3408276600752158,4.305377510307773,4.634703196325869,0.0,35.64705882352941,35.64705882352941,33.76470588235294,33.76470588235294,237.1764705882353,237.1764705882353,29.41176470588235,29.41176470588235,65.05882352941177,65.05882352941177,0.5479204339963833,0.5479204339963833,3.3529411764705883,3.3529411764705883,270.94117647058823,270.94117647058823,27.236139630390145,73.0,4.290459441148391,5,17.0,13.042352941176471,0.8235294117647058,0.9728241707918338,0.928832821945835
2024,D'Andre Swift,RB,56.5,6.5,CHI,00-0036275,17,12.617647058823527,2020,4,vet,True,21,4,11.36028003858886,1.2573670202346676,4,2.6470588235294117,13.399230769230767,16.0,14.866666666666667,0.8776960784313724,0.9411764705882352,0.8354779411764706,11.679460784313726,1.0,-1.1937499999999996,13.399230769230767,12.45625,4.058974358974359,3.0625,3.0860805860805858,2.4375,11.652380952380952,14.3125,15.71135531135531,17.375,21.00952380952381,13.375,54.29047619047619,65.5625,1.7556776556776557,1.6875,0.1081021366998013,0.0933333333331555,0.0060037808732836,0.0060633280934188,0.3623362345928467,0.4490196078422568,0.1663558516610006,0.1442443296651265,0.472552443370768,0.55102040815202,6.577041152560366,5.487179487038791,0.7671310143354816,0.7959183673306957,2.6,3.0,3.4845588235230283,2.8823529411709807,10.396568627429591,13.470588235267703,13.88112745095262,16.352941176438687,5.0013498947977935,4.367346938686381,7.761769817976666,6.8461538459783045,0.0280709098749508,0.0204081632648896,-0.0687680310137822,-0.18232465895113,4.7525092651454335,4.58078602618087,1.0,30.176470588235293,33.11764705882353,28.058823529411764,30.88235294117647,205.2941176470588,261.94117647058823,31.41176470588235,30.0,61.588235294117645,63.11764705882353,0.4899713467048711,0.5246971109040075,2.0588235294117645,2.7058823529411766,201.23529411764707,239.23529411764707,25.631759069130737,35.0,3.5553480614894135,4,17.0,12.617647058823527,1.0,1.0790892756519213,0.975487851769033
2024,Rhamondre Stevenson,RB,62.0,5.8,NE,00-0036875,15,11.726666666666668,2021,3,vet,True,22,5,11.36028003858886,0.3663866280778052,3,2.3333333333333335,12.49250700280112,12.0,13.428571428571429,0.7899159663865546,0.7058823529411765,0.8039215686274511,10.049579831932771,1.0,-2.511274509803922,12.49250700280112,12.141666666666666,4.121848739495798,4.25,3.135854341736694,3.1666666666666665,12.541316526610643,13.0,16.663165266106443,17.25,19.87324929971989,19.833333333333332,54.169467787114854,51.583333333333336,0.3242296918767507,1.0833333333333333,0.1073141381778593,0.0942698706098072,0.0007115844579694,0.0032508127031749,0.3948333417177525,0.3759036144569255,0.1614693163873676,0.1436803748069333,0.060521178168102,0.2549019607793156,6.577320630560373,6.263157894572022,0.7609073932432674,0.7450980392010765,1.7142857142857142,3.0,3.3445378151197382,2.9999999999944547,9.89075630249778,9.17647058821318,13.23529411761752,12.176470588207636,5.009740259618207,4.666666666575164,7.425107800319039,6.868421052450832,0.0032467532467163,0.0,-0.2641991431232131,-0.3532672713037547,4.333278250545318,3.967948717923283,0.0,32.76470588235294,32.76470588235294,31.823529411764707,31.823529411764707,235.23529411764707,235.23529411764707,24.41176470588235,24.41176470588235,57.17647058823529,57.17647058823529,0.573045267489712,0.573045267489712,1.4705882352941178,1.4705882352941178,199.52941176470588,199.52941176470588,26.521560574948666,120.0,4.787491742782046,3,17.0,10.347058823529414,0.8823529411764706,1.0285772503712227,0.949169885269188
2024,Raheem Mostert,RB,64.1,6.2,MIA,00-0031687,12,5.908333333333334,2015,9,vet,True,23,5,10.925918745824406,-5.017585412491072,9,2.9883040935672516,13.012507066753644,15.0,12.86692759295499,0.761360366064234,0.8823529411764706,0.5633169934640523,11.13933751582825,1.0,7.327916666666667,13.012507066753644,17.846666666666668,1.931767775603392,2.1333333333333333,1.4846705805609917,1.6666666666666667,11.222309197651663,13.933333333333334,13.154076973255057,16.066666666666666,10.62948467058056,11.666666666666666,56.402739726027406,67.46666666666667,0.3202870189171559,-1.3333333333333333,0.0517563017311644,0.0582877959926078,0.000736314125069,-0.0046761748889397,0.3712688023030873,0.4583333333323282,0.078149872484295,0.0841583715666539,0.0941795870191464,-0.6249999999804688,6.217440577374396,6.99999999972,0.6623532679546851,0.781249999975586,1.2,0.0,1.6861402095054026,1.882352941173042,9.552391504525094,12.294117647031864,11.238531714030495,14.176470588204904,4.770717043292685,5.468749999829102,6.708466336306369,8.5199999996592,0.0650371704012709,0.0937499999970703,0.0141143709597304,-0.038445439516323,5.584263083148067,4.8421052631347274,0.0,33.294117647058826,33.294117647058826,32.294117647058826,32.294117647058826,251.58823529411765,251.58823529411765,26.823529411764707,26.823529411764707,60.117647058823536,60.117647058823536,0.5538160469667319,0.5538160469667319,3.3529411764705883,3.3529411764705883,276.3529411764706,276.3529411764706,32.39698836413415,260.0,5.560681631015528,9,17.0,4.170588235294118,0.7058823529411765,0.5825236619876558,0.9034844099233068
2024,Nick Chubb,RB,65.0,7.1,CLE,00-0034791,8,7.9125,2018,6,vet,True,24,5,10.925918745824406,-3.0134187458244064,6,2.9076923076923076,13.821670056911652,2.0,8.634920634920634,0.5135387488328664,0.1176470588235294,0.7818627450980391,8.025846171802053,1.0,-5.002941176470586,13.821670056911652,11.55,2.0166149793250634,2.0,1.7765661820283667,2.0,15.477846694233248,14.0,17.494461673558312,16.0,11.975115046018407,10.5,86.9744342181317,85.0,0.6263227513227513,0.5,0.0345818280927628,0.0067001675041763,0.0012268131748857,0.0001975503753456,0.2871794841128163,0.0540540540539497,0.0527315113615643,0.0101885365190065,0.3757826604014278,0.2499999999375,6.978159905082591,5.2499999986875,0.8855599071416541,0.99999999975,2.872340425531915,3.0,1.0564309056935544,0.2352941176466647,8.587068160580474,1.647058823526232,9.643499066274028,1.8823529411728968,5.981738959450739,5.2499999986875,7.089653144377497,4.99999999875,0.0130380626928086,0.0,0.207712455458158,0.1875284093952839,5.6656088633921,6.071428571211735,0.0,36.705882352941174,36.705882352941174,35.11764705882353,35.11764705882353,297.7647058823529,297.7647058823529,30.470588235294116,30.470588235294116,67.17647058823529,67.17647058823529,0.5464098073555166,0.5464098073555166,2.2941176470588234,2.2941176470588234,235.94117647058823,235.94117647058823,28.681724845995895,35.0,3.5553480614894135,6,17.0,3.7235294117647055,0.4705882352941176,0.84624249974439,0.9059261252849536
2024,Najee Harris,RB,67.1,5.7,PIT,00-0036893,17,12.03529411764706,2021,3,vet,True,25,5,10.925918745824406,1.109375371822653,3,2.3333333333333335,12.887563025210085,17.0,17.0,1.0,1.0,1.0,12.887563025210085,1.0,-1.7623529411764718,12.887563025210085,11.5,2.957983193277311,2.235294117647059,2.2857142857142856,1.7058823529411764,15.722689075630251,15.0,18.68067226890756,17.235294117647058,13.487394957983192,10.0,62.252100840336134,60.88235294117647,1.7899159663865545,0.5294117647058824,0.0930616055879661,0.0785123966940526,0.0069972578451841,0.002430461787739,0.5613449270881928,0.5236139630379392,0.1444904888735781,0.1194699182924963,0.6277108869997808,0.2368421052569252,5.847116911290079,5.8620689653151015,0.7695764903862022,0.7631578947167591,2.4030075187969926,3.0,2.957983193271837,2.2352941176424403,15.72268907559723,14.9999999999692,18.68067226886907,17.23529411761164,4.500618768823385,4.473684210408588,5.854105036023716,6.034482758412604,0.0207317772549081,0.0,-0.0153934633978838,-0.0373721917810221,3.963861440326702,4.058823529395848,0.0,29.764705882352946,29.764705882352946,28.470588235294116,28.470588235294116,217.8235294117647,217.8235294117647,28.647058823529413,28.647058823529413,58.411764705882355,58.411764705882355,0.5095669687814703,0.5095669687814703,1.7058823529411764,1.7058823529411764,201.23529411764707,201.23529411764707,26.483230663928815,24.0,3.1780538303479458,3,17.0,12.03529411764706,1.0,1.0312370051571855,0.9503079123072027
2024,Zamir White,RB,67.8,6.1,LV,00-0038040,8,3.6625,2022,2,vet,True,26,5,10.925918745824406,-7.263418745824406,2,1.8,4.001864801864802,13.0,12.333333333333334,0.7254901960784313,0.7647058823529411,0.7058823529411764,3.0352941176470587,1.0,5.048251748251748,4.001864801864802,5.684615384615385,0.9743589743589745,1.4615384615384617,0.7692307692307692,1.1538461538461535,5.848484848484849,8.0,6.822843822843823,9.461538461538462,5.0256410256410255,7.538461538461538,25.24941724941725,34.69230769230769,0.2051282051282051,0.3076923076923077,0.0238543628373687,0.0357815442560531,0.0006329614684704,0.0009494422027056,0.181117195808664,0.2518159806289302,0.0362246172839824,0.0543369259259736,0.1403508771855955,0.2105263157783933,4.355555555265185,6.533333332897778,0.5263157894459835,0.7894736841689751,3.0,3.0,0.7450980392142831,1.117647058821425,4.4117647058716996,6.117647058808717,5.1568627450859825,7.235294117630142,3.4385964910470914,5.157894736570637,4.1777777774992595,6.266666666248889,0.0,0.0,0.025579837829636,0.038369756744454,4.263574660524948,4.3365384614967635,0.0,32.76470588235294,32.76470588235294,31.235294117647054,31.235294117647054,247.8235294117647,247.8235294117647,24.294117647058822,24.294117647058822,57.05882352941177,57.05882352941177,0.5742268041237113,0.5742268041237113,1.8235294117647056,1.8235294117647056,215.64705882352945,215.64705882352945,24.955509924709105,122.0,4.804021044733257,2,17.0,1.723529411764706,0.4705882352941176,1.1010242400742503,0.9964819443605684
2024,Zack Moss,RB,74.4,8.0,CIN,00-0036251,8,10.2375,2020,4,vet,True,27,5,10.925918745824406,-0.6884187458244053,4,2.6470588235294117,9.384029304029305,14.0,13.533333333333331,0.7992647058823529,0.8235294117647058,0.791360294117647,7.580980392156862,1.0,7.152747252747252,9.384029304029305,12.114285714285714,2.096703296703297,2.642857142857143,1.561904761904762,1.9285714285714288,10.438095238095237,13.071428571428571,12.534798534798536,15.714285714285714,10.62197802197802,13.714285714285714,45.60659340659341,56.714285714285715,-0.2051282051282051,-1.0,0.0481559669766052,0.0677655677654436,-0.0008850386311509,-0.0034113060428841,0.2782291777297943,0.3820459290179915,0.0716144234231023,0.0992604374181465,-0.0775140525106786,-0.3783783783681519,6.3324570756269525,7.1111111108477365,0.762515399981649,0.7297297297100074,0.5979166666666667,0.0,1.6985294117616685,2.176470588231308,8.436274509785793,10.764705882330468,10.134803921547462,12.941176470561777,4.740252752571218,5.189189189048942,6.325221155345103,6.999999999740741,0.036699199198084,0.0540540540525931,-0.1561207720982911,-0.0280340051362407,4.387028573073115,4.338797814183941,1.0,36.1764705882353,33.76470588235294,34.8235294117647,32.11764705882353,219.76470588235293,241.41176470588235,22.529411764705884,28.176470588235293,58.70588235294118,61.94117647058823,0.6162324649298597,0.5451092117758785,2.2941176470588234,2.176470588235294,250.41176470588235,228.35294117647055,26.713210130047912,86.0,4.454347296253507,4,17.0,4.81764705882353,0.4705882352941176,1.0147027992385074,0.943499009841862
2024,Javonte Williams,RB,77.5,6.3,DEN,00-0036997,17,9.288235294117648,2021,3,vet,True,28,6,10.925918745824406,-1.6376834517067582,3,2.3333333333333335,11.121848739495798,16.0,12.714285714285714,0.7478991596638656,0.9411764705882352,0.7254901960784315,8.45126050420168,1.0,0.6999999999999993,11.121848739495798,11.2,4.088235294117647,3.625,3.1827731092436977,2.9375,12.813025210084032,13.5625,16.90126050420168,17.1875,16.22689075630252,14.25,49.80252100840336,48.375,-5.350840336134453,-6.1875,0.0957455058783512,0.1215932914043572,-0.0184831288553954,-0.0291176470588149,0.3689253616074706,0.4811529933470485,0.1306800686187501,0.1620075841653654,-1.3194027832618846,-1.7068965516947088,5.179013218181964,4.85106382968402,0.7867493599242792,0.8103448275722355,0.0,0.0,2.7647058823473087,3.4117647058752003,9.789915966364854,12.76470588232464,12.554621848712165,16.17647058819984,4.085070427195877,3.931034482690845,6.906252208712833,6.404255319012676,0.0277906868663168,0.0344827586200951,-0.1093007762992759,-0.0810826424912276,3.9137725759453112,3.566820276481259,0.0,30.176470588235293,30.176470588235293,28.058823529411764,28.058823529411764,200.0,200.0,26.529411764705884,26.529411764705884,56.705882352941174,56.705882352941174,0.5321576763485477,0.5321576763485477,2.1176470588235294,2.1176470588235294,209.76470588235293,209.76470588235293,24.35318275154004,35.0,3.5553480614894135,3,17.0,9.288235294117648,1.0,1.1077513212030838,1.0178389170313022
2024,Jaylen Warren,RB,79.6,5.7,PIT,00-0037228,15,8.273333333333333,2022,2,vet,True,29,6,9.51747964997965,-1.244146316646317,2,1.8,9.645710784313726,17.0,16.666666666666668,0.9803921568627452,1.0,0.9705882352941176,9.531372549019608,1.0,5.721691176470588,9.645710784313726,11.552941176470588,3.5894607843137254,4.352941176470588,2.975490196078431,3.588235294117647,7.447303921568628,8.764705882352942,11.036764705882351,13.117647058823527,18.96813725490196,21.764705882352946,38.64093137254902,46.11764705882353,-4.8431372549019605,-6.764705882352941,0.12200136735613,0.1528925619831551,-0.0218885924176267,-0.0310559006211096,0.2553032169741533,0.3059548254613841,0.1676800363418563,0.207599712539956,-1.1976521976332997,-1.5540540540330532,6.591334894456307,6.065573770392368,0.8323778323618356,0.8243243243131848,0.0,0.0,3.5490196078359606,4.352941176461594,7.352941176455571,8.764705882334944,10.901960784291532,13.11764705879654,5.494949494838946,4.999999999932432,7.94633099123094,7.901639344132761,0.0,0.0,-0.0138311576335554,-0.1815220719593089,5.148522618276426,5.2617449664076394,0.0,29.764705882352946,29.764705882352946,28.470588235294116,28.470588235294116,217.8235294117647,217.8235294117647,28.647058823529413,28.647058823529413,58.411764705882355,58.411764705882355,0.5095669687814703,0.5095669687814703,1.7058823529411764,1.7058823529411764,201.23529411764707,201.23529411764707,25.83436002737851,260.0,5.560681631015528,2,17.0,7.3,0.8823529411764706,1.0696974939685167,0.9694791266916907
2024,Tony Pollard,RB,81.7,7.4,TEN,00-0035261,16,12.54375,2019,5,vet,True,30,6,9.51747964997965,3.026270350020349,5,2.8181818181818183,12.862493900786122,17.0,16.322580645161292,0.965607210626186,1.0,0.9397058823529412,12.436195445920305,1.0,-2.4558823529411775,12.862493900786122,13.094117647058823,3.5243245685370925,3.941176470588235,2.781810788831662,3.235294117647059,12.487451432185775,14.823529411764708,16.011776000722868,18.764705882352946,19.349690521369833,18.294117647058822,55.74163504111321,59.11764705882353,2.0003027017258517,1.588235294117647,0.0978218111219468,0.1107438016527095,0.0071955533443794,0.0057070386810387,0.4285088979573597,0.5384615384603879,0.1517696040239858,0.1701106295557913,0.5307259444124709,0.4029850746208509,7.163175533967455,5.654545454442645,0.785430967042481,0.8208955223758075,2.7096774193548385,3.0,3.4198292220056117,3.9411764705817207,12.148007590107545,14.823529411733032,15.567836812113155,18.76470588231475,5.565698093642122,4.641791044706839,7.261519125854237,5.836363636257521,0.0173020527855468,0.0,0.0029922004853538,-0.0657531618056285,4.567035239834147,3.988095238079413,1.0,29.058823529411764,36.11764705882353,28.11764705882353,35.588235294117645,265.52941176470586,278.29411764705884,26.11764705882353,27.529411764705884,55.17647058823529,63.64705882352941,0.5266524520255863,0.5674676524953789,1.7647058823529411,2.9411764705882355,206.58823529411765,274.11764705882354,27.34017796030116,128.0,4.852030263919617,5,17.0,11.805882352941175,0.9411764705882352,0.9639643706628614,0.9261830822188564
2024,Jonathon Brooks,RB,85.4,5.8,CAR,00-0039344,2,3.9,2024,0,rookie,False,31,6,9.4762971493062,-5.5762971493062,0,,,,,,,,,,,,,,,,,,,,,,,,,,,,,,,,,,,,,,,,,,,,,,,,,,,,,,,,,,,,,,,,,,,,,,,,,,,,21.117043121149894,46.0,3.828641396489095,0,17.0,0.4588235294117647,0.1176470588235294,0.9213176223599566,1.0124151332417262
2024,Devin Singletary,RB,87.9,6.1,NYG,00-0035250,15,6.4399999999999995,2019,5,vet,True,32,6,9.4762971493062,-3.0362971493062005,5,2.8181818181818183,10.427827324478178,17.0,16.516129032258064,0.9767552182163188,1.0,0.9382352941176472,10.159646584440228,1.0,-1.2752205882352945,10.427827324478178,9.843529411764706,2.6837444655281466,2.235294117647059,2.058507273877293,1.7647058823529411,11.87460468058191,12.705882352941176,14.558349146110055,14.941176470588236,13.712444655281468,11.352941176470589,51.93034471853257,52.8235294117647,0.6808191018342821,0.2941176470588235,0.0777285295871246,0.0671378091871605,0.0021151712805096,0.0009978048293751,0.4448999597570862,0.4864864864853908,0.1180734142770436,0.1014051771613034,0.231736686017748,0.1315789473649584,6.629943601854396,6.433333333118889,0.7711306408431133,0.7894736841897507,3.0,3.0,2.6561907020825943,2.2352941176431096,11.773126185931568,12.70588235291256,14.42931688801416,14.94117647055567,5.099089944679703,5.0789473682873965,7.061089319303345,7.433333333085556,0.0091169884401704,0.0,-0.0464742322470489,-0.1382516328351,4.386653180872431,4.157407407388161,1.0,30.470588235294116,34.8235294117647,28.529411764705884,33.294117647058826,211.7058823529412,294.7647058823529,26.705882352941178,26.11764705882353,57.17647058823529,60.94117647058823,0.5329218106995884,0.5714285714285714,1.4705882352941178,2.176470588235294,197.1176470588235,269.29411764705884,26.99520876112252,74.0,4.30406509320417,5,17.0,5.68235294117647,0.8823529411764706,0.9927477954687683,0.9353667244367176
2024,Austin Ekeler,RB,88.0,6.7,WAS,00-0033699,12,11.025,2017,7,vet,True,33,6,9.4762971493062,1.5487028506938003,7,2.953488372093023,16.804218884404154,14.0,14.818897637795276,0.8770842982862437,0.8235294117647058,0.8771008403361344,15.045567971283,1.0,-8.68067226890756,16.804218884404154,13.242857142857144,5.9875272943823195,5.285714285714286,4.5531859988089725,3.642857142857143,12.225084364454444,12.785714285714286,18.212611658836764,18.071428571428573,36.59444517964666,31.142857142857142,48.544680076755114,44.857142857142854,-3.2582941838152584,-5.857142857142857,0.1400221091313429,0.1205211726382401,-0.0105295218129786,-0.0178493687418332,0.4299839672318963,0.415313225057041,0.2026624984279293,0.168287200838077,-0.5446616275179996,-1.1081081080931336,8.227378752863395,8.54901960767551,0.7502387368776999,0.6891891891798758,0.5433070866141733,0.0,5.310473598880084,4.352941176463498,10.700411069914376,10.529411764681452,16.01088466879446,14.882352941144951,6.131688896510428,5.891891891812271,9.5244706274977,10.450980391951942,0.0332896180117835,0.0135135135133308,-0.0371801072073828,-0.1800370678637678,4.001876088687562,3.5083798882485566,1.0,37.411764705882355,37.1764705882353,35.35294117647059,36.11764705882353,256.2352941176471,270.2352941176471,21.11764705882353,25.352941176470587,58.52941176470589,62.52941176470589,0.6391959798994975,0.5945437441204139,2.235294117647059,2.0588235294117645,245.52941176470588,253.64705882352945,29.295003422313485,260.0,5.560681631015528,7,17.0,7.782352941176471,0.7058823529411765,0.7959130241323084,0.9048391066624536
2024,Tyjae Spears,RB,91.4,5.6,TEN,00-0039032,11,10.3,2023,1,soph,True,34,7,9.4762971493062,0.8237028506937989,1,1.0,9.047058823529412,17.0,17.0,1.0,1.0,1.0,9.047058823529412,1.0,0.0,9.047058823529412,9.047058823529412,4.117647058823529,4.117647058823529,3.0588235294117645,3.0588235294117645,5.882352941176471,5.882352941176471,10.0,10.0,22.647058823529413,22.647058823529413,26.647058823529413,26.647058823529413,-0.7058823529411765,-0.7058823529411765,0.1464435146440451,0.1464435146440451,-0.0026583961010184,-0.0026583961010184,0.2252252252247179,0.2252252252247179,0.2178043946953547,0.2178043946953547,-0.1714285714261224,-0.1714285714261224,7.403846153703773,7.403846153703773,0.7428571428465306,0.7428571428465306,0.0,0.0,4.1176470588149146,4.1176470588149146,5.882352941163222,5.882352941163222,9.999999999978137,9.999999999978137,5.499999999921428,5.499999999921428,8.846153845983729,8.846153845983729,0.0142857142855102,0.0142857142855102,-0.0194422466011664,-0.0194422466011664,4.5299999999547,4.5299999999547,0.0,29.058823529411764,29.058823529411764,28.11764705882353,28.11764705882353,265.52941176470586,265.52941176470586,26.11764705882353,26.11764705882353,55.17647058823529,55.17647058823529,0.5266524520255863,0.5266524520255863,1.7647058823529411,1.7647058823529411,206.58823529411765,206.58823529411765,23.21423682409309,81.0,4.394449154672439,1,17.0,6.6647058823529415,0.6470588235294118,1.0823124174677363,1.0623804560309735
2024,Chase Brown,RB,91.9,7.4,CIN,00-0038597,16,15.9375,2023,1,soph,True,35,7,9.4762971493062,6.4612028506938,1,1.0,4.458333333333333,12.0,12.0,0.7058823529411765,0.7058823529411765,0.7058823529411765,3.1470588235294117,1.0,0.0,4.458333333333333,4.458333333333333,1.25,1.25,1.1666666666666667,1.1666666666666667,3.6666666666666665,3.6666666666666665,4.916666666666667,4.916666666666667,13.0,13.0,14.916666666666666,14.916666666666666,-3.75,-3.75,0.025337837837795,0.025337837837795,-0.0120449678800824,-0.0120449678800824,0.1148825065271152,0.1148825065271152,0.0295752792406348,0.0295752792406348,-2.9999999998,-2.9999999998,11.142857142061224,11.142857142061224,0.9333333332711112,0.9333333332711112,0.0,0.0,0.88235294117498,0.88235294117498,2.5882352941108895,2.5882352941108895,3.4705882352858692,3.4705882352858692,10.399999999306669,10.399999999306669,13.85714285615306,13.85714285615306,0.0666666666622222,0.0666666666622222,0.4290188154036085,0.4290188154036085,4.06818181808936,4.06818181808936,0.0,36.1764705882353,36.1764705882353,34.8235294117647,34.8235294117647,219.76470588235293,219.76470588235293,22.529411764705884,22.529411764705884,58.70588235294118,58.70588235294118,0.6162324649298597,0.6162324649298597,2.2941176470588234,2.2941176470588234,250.41176470588235,250.41176470588235,24.449007529089663,163.0,5.093750200806762,1,17.0,15.0,0.9411764705882352,1.107540289109031,1.0142150555389533
2024,Ezekiel Elliott,RB,96.2,8.3,LAC,00-0033045,13,3.923076923076923,2016,8,vet,True,36,7,9.4762971493062,-5.553220226229277,8,2.9766536964980546,12.257457131872355,17.0,16.24705882352941,0.9623846597462514,1.0,0.9149816176470588,11.746639561707036,1.0,-2.1219607843137247,12.257457131872355,10.264705882352942,3.359730872741254,3.823529411764706,2.5699500192233757,3.0,13.250311418685122,10.823529411764708,16.610042291426375,14.647058823529411,16.036109188773548,18.41176470588235,50.46313725490196,37.76470588235294,-1.0181314878892735,-2.4705882352941178,0.0986182255755727,0.1201478743066171,-0.0045391330998529,-0.0105026256564114,0.4686003767638008,0.4433734939748353,0.1447499451934619,0.1728699735004376,-0.269565819937316,-0.6461538461439053,6.09819078145512,6.137254901840446,0.7611251835616352,0.7846153846033136,0.7225130890052356,0.0,3.2778546712744214,3.823529411757639,12.635495963063285,10.823529411738626,15.913350634337704,14.647058823496264,4.64416107894121,4.815384615310532,6.70179948404814,7.333333333189543,0.0229635772877785,0.0307692307687573,-0.1336633270071777,-0.1555000036964705,3.752634923410669,3.4891304347636463,1.0,37.1764705882353,32.76470588235294,36.11764705882353,31.823529411764707,270.2352941176471,235.23529411764707,25.352941176470587,24.41176470588235,62.52941176470589,57.17647058823529,0.5945437441204139,0.573045267489712,2.0588235294117645,1.4705882352941178,253.64705882352945,199.52941176470588,29.114305270362767,4.0,1.3862943611198906,8,17.0,3.0,0.7647058823529411,0.8104211461293573,0.9048885191168109
2024,Brian Robinson Jr.,RB,97.9,7.9,WAS,00-0037746,14,11.414285714285713,2022,2,vet,True,37,7,9.4762971493062,1.9379885649795128,2,1.8,11.935,15.0,14.0,0.823529411764706,0.8823529411764706,0.7941176470588236,9.97843137254902,1.0,3.8150000000000017,11.935,13.206666666666669,2.2444444444444445,2.8666666666666667,1.85,2.4,13.605555555555554,11.866666666666667,15.85,14.733333333333333,18.022222222222226,24.533333333333335,54.71666666666667,48.86666666666667,-2.75,-3.6666666666666665,0.0552312373287776,0.0715474209649391,-0.00925388311337,-0.0126262626262597,0.4575614487429451,0.4958217270181175,0.0763691378138074,0.0984827476090269,-1.158268733804836,-1.2790697674121148,9.037037036600823,10.222222221938273,0.8081395348499076,0.8372093023061115,0.0,0.0,1.9215686274477315,2.5294117647016736,10.999999999973085,10.470588235264952,12.921568627420816,12.999999999966626,7.372093022984242,8.558139534684695,10.259259258752058,11.388888888572533,0.0897932816499897,0.0930232558117901,0.2594288327742918,0.4749960502773938,4.0412533113877736,4.117977528066753,0.0,37.411764705882355,37.411764705882355,35.35294117647059,35.35294117647059,256.2352941176471,256.2352941176471,21.11764705882353,21.11764705882353,58.52941176470589,58.52941176470589,0.6391959798994975,0.6391959798994975,2.235294117647059,2.235294117647059,245.52941176470588,245.52941176470588,25.44832306639288,98.0,4.584967478670572,2,17.0,9.4,0.8235294117647058,1.0864942825324702,0.9809956454261085
2024,Jerome Ford,RB,98.5,8.9,CLE,00-0037267,14,9.571428571428571,2022,2,vet,True,38,7,9.4762971493062,0.0951314221223711,2,1.8,8.313122171945702,17.0,15.666666666666666,0.9215686274509804,1.0,0.8823529411764706,8.305882352941177,1.0,12.331221719457014,8.313122171945702,12.423529411764706,2.4705882352941178,3.7058823529411766,1.7254901960784317,2.588235294117647,8.205128205128206,12.0,10.675716440422322,15.705882352941176,12.509803921568627,18.764705882352946,32.19004524886878,47.8235294117647,1.1764705882352942,1.7647058823529411,0.070351758793852,0.105527638190778,0.0039510075069134,0.0059265112603702,0.267560793876067,0.3938223938216335,0.1082933434456174,0.1624400151684261,0.3174603174552784,0.4761904761829176,4.833333333223485,7.249999999835228,0.465608465601075,0.6984126984016126,3.0,3.0,2.4705882352899793,3.705882352934969,8.156862745082298,11.999999999976833,10.62745098037228,15.705882352911802,3.3756613756077942,5.063492063411691,4.606060605955923,6.909090908933885,0.052910052909213,0.0793650793638196,-0.0653780415095216,-0.0980670622642824,3.1568627450225155,3.9852941176275234,0.0,36.705882352941174,36.705882352941174,35.11764705882353,35.11764705882353,297.7647058823529,297.7647058823529,30.470588235294116,30.470588235294116,67.17647058823529,67.17647058823529,0.5464098073555166,0.5464098073555166,2.2941176470588234,2.2941176470588234,235.94117647058823,235.94117647058823,24.971937029431896,156.0,5.049856007249537,2,17.0,7.882352941176471,0.8235294117647058,1.100661413239968,0.9959440282616416
2024,Gus Edwards,RB,100.6,6.5,LAC,00-0034184,11,5.827272727272727,2018,6,vet,True,39,7,9.4762971493062,-3.649024422033473,5,2.3251345119139124,9.25837924701561,17.0,14.454545454545457,0.8574197860962567,1.0,0.8433823529411765,8.309986631016043,1.0,4.411111111111111,9.25837924701561,11.0,0.5878720358666882,0.7647058823529411,0.4708191541079242,0.7058823529411765,10.771856263166422,11.647058823529411,11.359728299033112,12.411764705882351,6.882122022362664,10.588235294117649,47.80693431642629,47.64705882352941,1.516812510128018,1.8823529411764703,0.0202208961530684,0.0273109243696905,0.0061054088655931,0.0079070916728421,0.2925933915526314,0.3659889094263105,0.0346051304355179,0.0465013507255252,2.606293705712453,2.4615384613491123,10.185281384313985,14.99999999875,0.6419580418985706,0.9230769230059171,2.066615325375433,3.0,0.5564171122982645,0.7647058823513347,9.377740641693904,11.647058823507884,9.934157753992167,12.411764705859218,9.193206792407286,13.846153845088756,8.170129869349841,12.083333332326388,0.0,0.0,0.3347087704554724,0.7347400742734199,4.482858425170049,4.09090909088843,1.0,37.1764705882353,29.058823529411764,36.11764705882353,28.0,270.2352941176471,238.05882352941177,25.352941176470587,31.823529411764707,62.52941176470589,60.88235294117647,0.5945437441204139,0.4772946859903381,2.0588235294117645,3.1176470588235294,253.64705882352945,228.2941176470588,29.388090349075977,260.0,5.560681631015528,6,17.0,3.770588235294117,0.6470588235294118,0.7885425816514585,0.9048448883370842
2024,Trey Benson,RB,108.5,5.7,ARI,00-0039921,11,4.181818181818182,2024,0,rookie,True,40,8,8.801446416016189,-4.619628234198007,0,,,,,,,,,,,,,,,,,,,,,,,,,,,,,,,,,,,,,,,,,,,,,,,,,,,,,,,,,,,,,,,,,,,,,,,,,,,,22.11088295687885,66.0,4.189654742026425,0,17.0,2.7058823529411766,0.6470588235294118,1.0105301514569174,1.0975364442591915
2024,Chuba Hubbard,RB,108.8,6.6,CAR,00-0036555,15,16.106666666666666,2021,3,vet,True,41,8,8.801446416016189,7.305220250650477,3,2.3333333333333335,9.193637454981992,17.0,16.0,0.9411764705882352,1.0,0.9215686274509804,8.798319327731091,1.0,4.3281512605042005,9.193637454981992,10.735294117647058,2.1562875150060026,2.588235294117647,1.8198529411764703,2.2941176470588234,11.474489795918368,14.0,13.63077731092437,16.58823529411765,12.87530012004802,13.705882352941176,45.2938175270108,53.05882352941177,-0.9413265306122448,-2.0,0.0676515905439087,0.082397003745164,-0.0039047301534222,-0.0083538083538063,0.4158175088447118,0.5348314606729554,0.0987440747084675,0.1177478397700816,-0.2825759296338241,-0.7727272727097108,7.898001046195896,5.974358974205786,0.838312720637701,0.8863636363434918,1.2857142857142858,0.0,2.0756302520968606,2.5882352941128,11.042016806698228,13.999999999968535,13.117647058795088,16.588235294081336,6.571738277364646,5.295454545334195,8.312004185907544,6.897435897259041,0.0038610038608995,0.0,-0.1492437533283231,-0.2440969277149551,4.075475673718823,3.7899159663706303,0.0,34.470588235294116,34.470588235294116,31.41176470588235,31.41176470588235,239.41176470588235,239.41176470588235,26.176470588235293,26.176470588235293,60.647058823529406,60.647058823529406,0.5683802133850631,0.5683802133850631,1.1764705882352942,1.1764705882352942,190.8823529411765,190.8823529411765,25.22655715263518,126.0,4.836281906951478,3,17.0,14.211764705882352,0.8823529411764706,1.0939993598351385,0.987810324196653
2024,Blake Corum,RB,110.3,7.2,LA,00-0039738,12,2.7583333333333333,2024,0,rookie,True,42,8,8.801446416016189,-6.043113082682856,0,,,,,,,,,,,,,,,,,,,,,,,,,,,,,,,,,,,,,,,,,,,,,,,,,,,,,,,,,,,,,,,,,,,,,,,,,,,,23.76728268309377,83.0,4.418840607796598,0,17.0,1.947058823529412,0.7058823529411765,1.1013716906243995,1.0410623663736787
2024,J.K. Dobbins,RB,116.2,7.6,LAC,00-0036158,13,14.753846153846151,2020,4,vet,True,43,8,8.801446416016189,5.952399737829964,3,2.0864197530864197,11.187179487179488,1.0,4.230769230769231,0.2531108597285068,0.0588235294117647,0.4889705882352941,2.7033088235294116,1.0,1.549999999999999,11.187179487179488,11.7,2.276923076923077,3.0,1.5923076923076922,2.0,9.148717948717948,8.0,11.425641025641026,11.0,11.461538461538462,15.0,37.66666666666667,22.0,2.0,3.0,0.0138816817049084,0.0063025210083901,0.0007747004233933,0.0007412898443289,0.081489281444148,0.0147874306838913,0.021364812853738,0.0099726844036154,0.7692307690064102,0.9999999996666666,6.974358971759056,7.49999999625,0.7371794870066773,0.6666666664444444,3.0,3.0,0.3687782805421525,0.1764705882349234,2.598981900447627,0.4705882352932478,2.96776018098978,0.6470588235281712,5.076923075679487,4.999999998333333,6.880952378369163,7.49999999625,0.0384615384567307,0.0,0.1150586802664839,0.17306672882651,3.893550641207731,2.74999999965625,1.0,37.1764705882353,29.058823529411764,36.11764705882353,28.0,270.2352941176471,238.05882352941177,25.352941176470587,31.823529411764707,62.52941176470589,60.88235294117647,0.5945437441204139,0.4772946859903381,2.0588235294117645,3.1176470588235294,253.64705882352945,228.2941176470588,25.70841889117043,55.0,4.007333185232471,4,17.0,11.282352941176468,0.7647058823529411,1.0756887393585755,0.9732077416292454
2024,Rico Dowdle,RB,118.9,9.5,DAL,00-0036139,16,12.3625,2020,4,vet,True,44,8,8.801446416016189,3.561053583983812,3,2.0864197530864197,3.5561538461538458,16.0,10.846153846153848,0.6394230769230769,0.9411764705882352,0.4571078431372549,3.323755656108597,1.0,5.71875,3.5561538461538458,5.71875,0.8461538461538461,1.375,0.6538461538461539,1.0625,3.5307692307692307,5.5625,4.3769230769230765,6.9375,5.538461538461538,9.0,14.253846153846156,22.5625,-0.4230769230769231,-0.6875,0.0223776223775853,0.0363636363635762,-0.001430824512625,-0.0023250898330157,0.1182805070101288,0.1901709401705338,0.0325648564075405,0.0529178916622533,-0.3076923076783217,-0.4999999999772727,5.212669682951291,8.470588234795848,0.4755244755028608,0.7727272726921488,0.0,0.0,0.7963800904964212,1.2941176470566844,3.2553733031604586,5.235294117635872,4.05175339365688,6.529411764692557,4.027972027788938,6.545454545157025,6.153846153484163,9.999999999411765,0.055944055941513,0.0909090909049586,0.1574367557396994,0.2558347280770116,2.759846894612632,4.056179775235323,0.0,36.11764705882353,36.11764705882353,35.588235294117645,35.588235294117645,278.29411764705884,278.29411764705884,27.529411764705884,27.529411764705884,63.64705882352941,63.64705882352941,0.5674676524953789,0.5674676524953789,2.9411764705882355,2.9411764705882355,274.11764705882354,274.11764705882354,26.217659137577,260.0,5.560681631015528,4,17.0,11.63529411764706,0.9411764705882352,1.0484946769264214,0.9581693449598578
2024,Tyler Allgeier,RB,125.1,10.4,ATL,00-0037263,16,6.58125,2022,2,vet,True,45,8,8.514685960281549,-1.9334359602815487,2,1.8,8.716911764705882,17.0,16.666666666666668,0.9803921568627452,1.0,0.9705882352941176,8.52156862745098,1.0,-1.8683823529411772,8.716911764705882,8.094117647058823,1.256127450980392,1.3529411764705883,1.03921568627451,1.0588235294117647,11.669117647058824,10.941176470588236,12.925245098039218,12.294117647058824,10.464460784313726,11.352941176470589,48.3468137254902,40.1764705882353,-1.568627450980392,-1.3529411764705883,0.0443503937006925,0.0452755905510919,-0.0063497552277334,-0.0054657794676793,0.362771506315334,0.3563218390797771,0.0620807618916254,0.0640873401992624,-1.2941176469929292,-0.9999999999565218,10.043981480903373,10.722222221626543,0.8354646205897224,0.7826086956181475,0.0,0.0,1.23529411764445,1.3529411764679249,11.411764705861012,10.941176470567276,12.647058823505462,12.2941176470352,8.319693094225606,8.391304347461247,11.537037036371784,12.055555554885805,0.048593350381218,0.0434782608676748,0.2635798499507218,0.1858015623711981,4.0908858166712845,3.672043010732946,0.0,31.176470588235293,31.176470588235293,29.88235294117647,29.88235294117647,247.52941176470588,247.52941176470588,30.705882352941178,30.705882352941178,61.88235294117647,61.88235294117647,0.5038022813688213,0.5038022813688213,1.8235294117647056,1.8235294117647056,222.05882352941177,222.05882352941177,24.38056125941136,151.0,5.017279836814924,2,17.0,6.194117647058824,0.9411764705882352,1.1077167663015122,1.016796668556598
2024,Jaleel McLaughlin,RB,126.6,8.6,DEN,00-0038794,16,6.075,2023,1,soph,True,46,8,8.371889717425432,-2.296889717425432,1,1.0,6.235294117647059,17.0,17.0,1.0,1.0,1.0,6.235294117647059,1.0,0.0,6.235294117647059,6.235294117647059,2.1176470588235294,2.1176470588235294,1.8235294117647056,1.8235294117647056,4.470588235294118,4.470588235294118,6.588235294117647,6.588235294117647,9.411764705882351,9.411764705882351,24.11764705882353,24.11764705882353,-8.235294117647058,-8.235294117647058,0.0754716981130493,0.0754716981130493,-0.0411764705882231,-0.0411764705882231,0.1685144124164778,0.1685144124164778,0.0843840177578177,0.0843840177578177,-3.8888888887808646,-3.8888888887808646,5.1612903224141515,5.1612903224141515,0.8611111110871914,0.8611111110871914,0.0,0.0,2.11764705881909,2.11764705881909,4.470588235284206,4.470588235284206,6.588235294103296,6.588235294103296,4.444444444320988,4.444444444320988,9.35483870937565,9.35483870937565,0.0555555555540123,0.0555555555540123,0.0547568531636293,0.0547568531636293,5.39473684203428,5.39473684203428,0.0,30.176470588235293,30.176470588235293,28.058823529411764,28.058823529411764,200.0,200.0,26.529411764705884,26.529411764705884,56.705882352941174,56.705882352941174,0.5321576763485477,0.5321576763485477,2.1176470588235294,2.1176470588235294,209.76470588235293,209.76470588235293,23.967145790554415,260.0,5.560681631015528,1,17.0,5.7176470588235295,0.9411764705882352,1.1050760429600532,1.0330400804354172
2024,Elijah Mitchell,RB,129.8,14.5,SF,00-0036567,0,,2021,3,vet,False,47,9,7.491790151433535,,3,2.3333333333333335,7.101818181818182,11.0,9.285714285714286,0.546218487394958,0.6470588235294118,0.5294117647058824,3.7159663865546224,1.0,-4.401818181818182,7.101818181818182,4.318181818181818,0.903896103896104,0.7272727272727273,0.7298701298701299,0.5454545454545454,9.155844155844155,6.818181818181818,10.05974025974026,7.545454545454546,2.9064935064935065,1.2727272727272727,43.04675324675325,25.545454545454547,-1.6987012987012986,-2.0,0.0177221452259853,0.0169851380042102,-0.0042914000027331,-0.0057351407716356,0.1706576418138992,0.1503006012021036,0.0235792378370647,0.0214631084661703,-2.157142856817143,-2.74999999965625,3.0300751874712657,2.333333332944445,0.7785714284575,0.74999999990625,0.0,0.0,0.5042016806712264,0.4705882352931185,5.0168067226790365,4.411764705873511,5.5210084033502635,4.88235294116663,2.4785714282725,1.74999999978125,5.135338344884272,4.333333332611111,0.0071428571425,0.0,-0.6974935420438654,-1.020376663934949,4.576977225601756,3.746666666616711,0.0,28.88235294117647,28.88235294117647,27.705882352941178,27.705882352941178,225.64705882352945,225.64705882352945,29.352941176470587,29.352941176470587,58.23529411764706,58.23529411764706,0.4959595959595959,0.4959595959595959,3.5294117647058822,3.5294117647058822,269.2352941176471,269.2352941176471,26.33538672142368,194.0,5.267858159063328,3,17.0,,0.0,1.041100285658676,0.9546904213192506
2024,Ty Chandler,RB,130.3,7.1,MIN,00-0037276,9,3.111111111111111,2022,2,vet,True,48,9,7.491790151433535,-4.380679040322423,2,1.8,4.541666666666667,16.0,11.333333333333334,0.6666666666666666,0.9411764705882352,0.5294117647058824,4.0,1.0,5.3125,4.541666666666667,6.3125,1.0416666666666667,1.5625,0.875,1.3125,5.25,6.375,6.291666666666667,7.9375,6.625,9.9375,22.541666666666668,28.8125,-1.9583333333333333,-2.9375,0.0275027502749821,0.0412541254124731,-0.0065087937958717,-0.0097631906938076,0.1779784848709353,0.259541984732164,0.0366979697553629,0.0550469546330443,-1.2533333332832,-1.8799999999248,5.047619047378685,7.571428571068028,0.5599999999776,0.8399999999664,0.0,0.0,0.9803921568611274,1.470588235291691,4.11764705881306,5.999999999984732,5.098039215674187,7.470588235276424,4.2399999998304,6.3599999997456,6.5396825393711255,9.809523809056689,0.0,0.0,0.1051823613967892,0.1577735420951839,4.124183006321222,4.5196078430929445,0.0,37.11764705882353,37.11764705882353,35.64705882352941,35.64705882352941,283.1764705882353,283.1764705882353,23.11764705882353,23.11764705882353,60.23529411764706,60.23529411764706,0.6162109375,0.6162109375,2.176470588235294,2.176470588235294,276.47058823529414,276.47058823529414,26.308008213552363,169.0,5.1298987149230735,2,17.0,1.6470588235294117,0.5294117647058824,1.0428592764049618,0.9555000769520954
2024,Zach Charbonnet,RB,130.7,6.7,SEA,00-0039165,17,10.994117647058824,2023,1,soph,True,49,9,7.491790151433535,3.502327495625289,1,1.0,6.63125,16.0,16.0,0.9411764705882352,0.9411764705882352,0.9411764705882352,6.241176470588234,1.0,0.0,6.63125,6.63125,2.5,2.5,2.0625,2.0625,6.75,6.75,9.25,9.25,13.0625,13.0625,28.875,28.875,-2.5625,-2.5625,0.0731261425958443,0.0731261425958443,-0.0101787487586866,-0.0101787487586866,0.2827225130882651,0.2827225130882651,0.1025640897626859,0.1025640897626859,-1.024999999974375,-1.024999999974375,6.333333333141415,6.333333333141415,0.8249999999793751,0.8249999999793751,0.0,0.0,2.352941176466287,2.352941176466287,6.352941176453957,6.352941176453957,8.705882352920243,8.705882352920243,5.224999999869375,5.224999999869375,7.515151514923784,7.515151514923784,0.0,0.0,-0.1173302846102627,-0.1173302846102627,4.2777777777381685,4.2777777777381685,0.0,33.8235294117647,33.8235294117647,32.1764705882353,32.1764705882353,236.94117647058823,236.94117647058823,22.470588235294116,22.470588235294116,56.29411764705882,56.29411764705882,0.6008359456635318,0.6008359456635318,2.0,2.0,245.1176470588235,245.1176470588235,23.64681724845996,52.0,3.951243718581427,1,17.0,10.994117647058824,1.0,1.0983465468437645,1.0458675533181458
2024,Khalil Herbert,RB,136.4,9.8,CIN,00-0036906,6,4.95,2021,3,vet,True,50,9,7.491790151433535,-2.541790151433535,3,2.3333333333333335,8.650618131868132,12.0,12.857142857142858,0.7563025210084034,0.7058823529411765,0.8039215686274509,6.424369747899159,1.0,0.3134615384615387,8.650618131868132,9.375,1.882783882783883,2.5833333333333335,1.27518315018315,1.6666666666666667,10.040521978021976,11.0,11.92330586080586,13.583333333333334,8.49084249084249,11.166666666666666,49.027243589743584,50.916666666666664,0.127518315018315,1.4166666666666667,0.0510492557301567,0.0649895178195702,1.241496473365286e-05,0.0048710601719183,0.2382816773716701,0.2471910112354921,0.0765825740705486,0.1008940188496982,-0.4217549922692871,0.5483870967565037,6.617687074367474,6.699999999665,0.7079493087181984,0.6451612903017689,1.7142857142857142,3.0,1.3781512605011987,1.8235294117608831,7.470588235280101,7.764705882338401,8.8487394957813,9.588235294099285,4.684331796988678,4.322580645021852,7.544897958627201,6.899999999655,0.0422427035304473,0.0322580645150884,-0.3373894286014878,-0.5424765057351324,4.86462404905165,4.628787878752813,1.0,36.1764705882353,30.176470588235293,34.8235294117647,28.058823529411764,219.76470588235293,205.2941176470588,22.529411764705884,31.41176470588235,58.70588235294118,61.588235294117645,0.6162324649298597,0.4899713467048711,2.2941176470588234,2.0588235294117645,250.41176470588235,201.23529411764707,26.365503080082135,217.0,5.37989735354046,3,17.0,1.747058823529412,0.3529411764705882,1.0391426470719056,0.9537990862502242
2024,Kimani Vidal,RB,143.9,14.2,LAC,00-0039391,9,3.6333333333333337,2024,0,rookie,True,51,9,7.491790151433535,-3.8584568181002017,0,,,,,,,,,,,,,,,,,,,,,,,,,,,,,,,,,,,,,,,,,,,,,,,,,,,,,,,,,,,,,,,,,,,,,,,,,,,,23.01163586584531,181.0,5.198497031265826,0,17.0,1.9235294117647064,0.5294117647058824,1.072168897068306,1.0696091757300588
2024,Ray Davis,RB,147.7,13.2,BUF,00-0039875,16,7.25625,2024,0,rookie,True,52,9,7.491790151433535,-0.2355401514335353,0,,,,,,,,,,,,,,,,,,,,,,,,,,,,,,,,,,,,,,,,,,,,,,,,,,,,,,,,,,,,,,,,,,,,,,,,,,,,24.78302532511978,128.0,4.852030263919617,0,17.0,6.829411764705882,0.9411764705882352,1.1042226920754972,1.0022686966670837
2024,Jordan Mason,RB,149.1,18.1,SF,00-0037525,11,10.409090909090908,2022,2,vet,True,53,9,7.491790151433535,2.9173007576573733,2,1.8,2.7458333333333336,16.0,14.666666666666666,0.8627450980392157,0.9411764705882352,0.8235294117647058,2.376470588235294,1.0,0.1437500000000002,2.7458333333333336,2.79375,0.1666666666666666,0.25,0.125,0.1875,2.861111111111111,2.5,3.027777777777778,2.75,1.2916666666666667,1.9375,15.75,12.875,0.5,0.75,0.00566171266807,0.0084925690021051,0.0020855057351402,0.0031282586027103,0.0818793671998449,0.0801603206411219,0.0099524230167032,0.0149286345250549,1.9999999995,2.99999999925,6.888888886592593,10.33333332988889,0.499999999875,0.7499999998125,2.5833333333333335,2.5833333333333335,0.1568627450977061,0.2352941176465592,2.4117647058775367,2.352941176465873,2.5686274509752427,2.588235294112432,5.166666665375,7.7499999980625,5.111111109407408,7.666666664111111,0.0,0.0,0.1276561095700437,0.1914841643550656,5.433333333200989,5.14999999987125,0.0,28.88235294117647,28.88235294117647,27.705882352941178,27.705882352941178,225.64705882352945,225.64705882352945,29.352941176470587,29.352941176470587,58.23529411764706,58.23529411764706,0.4959595959595959,0.4959595959595959,3.5294117647058822,3.5294117647058822,269.2352941176471,269.2352941176471,25.27583846680356,260.0,5.560681631015528,2,17.0,6.735294117647058,0.6470588235294118,1.0924661629372974,0.9862777888924826
2024,Dameon Pierce,RB,151.4,16.3,HOU,00-0037258,5,8.28,2022,2,vet,True,54,10,7.491790151433535,0.7882098485664644,2,1.8,8.204761904761904,14.0,13.666666666666666,0.8039215686274509,0.8235294117647058,0.7941176470588235,6.505882352941177,1.0,-6.892857142857143,8.204761904761904,5.9071428571428575,1.8095238095238095,1.2142857142857142,1.388278388278388,0.9285714285714286,12.545787545787547,10.357142857142858,14.355311355311356,11.571428571428571,9.04029304029304,7.214285714285714,43.88644688644689,29.714285714285715,0.3846153846153846,1.0,0.04332104816538,0.0300353356889928,0.0009734645854772,0.0027938535222504,0.4019723240819235,0.326576576575841,0.0656629974579041,0.0470087009990646,0.4550025137961586,0.8235294117162629,7.012820512360979,7.769230768633136,0.7662141779423207,0.7647058823079584,2.0,3.0,1.4313725490170597,0.9999999999982332,9.999999999976357,8.529411764686673,11.431372548993414,9.529411764684903,5.371040723712753,5.941176470238754,7.060683760236045,7.307692307130178,0.0085470085467893,0.0,-0.0538333273131155,0.0323798871093892,3.3353709508685347,2.8689655172215938,0.0,34.8235294117647,34.8235294117647,33.294117647058826,33.294117647058826,294.7647058823529,294.7647058823529,26.11764705882353,26.11764705882353,60.94117647058823,60.94117647058823,0.5714285714285714,0.5714285714285714,2.176470588235294,2.176470588235294,269.29411764705884,269.29411764705884,24.53388090349076,107.0,4.672828834461906,2,17.0,2.4352941176470586,0.2941176470588235,1.1070636459313028,1.0110803823088625
2024,Bucky Irving,RB,152.9,13.2,TB,00-0039361,17,14.376470588235296,2024,0,rookie,True,55,10,7.491790151433535,6.88468043680176,0,,,,,,,,,,,,,,,,,,,,,,,,,,,,,,,,,,,,,,,,,,,,,,,,,,,,,,,,,,,,,,,,,,,,,,,,,,,,22.036960985626283,125.0,4.8283137373023015,0,17.0,14.376470588235296,1.0,1.0044897861400288,1.0994895615777642
2024,Jaylen Wright,RB,156.6,14.3,MIA,00-0039874,12,2.1999999999999997,2024,0,rookie,True,56,10,7.491790151433535,-5.291790151433535,0,,,,,,,,,,,,,,,,,,,,,,,,,,,,,,,,,,,,,,,,,,,,,,,,,,,,,,,,,,,,,,,,,,,,,,,,,,,,21.42094455852156,120.0,4.787491742782046,0,17.0,1.552941176470588,0.7058823529411765,0.9501025647495869,1.0440462565128785
2024,Antonio Gibson,RB,158.6,12.6,NE,00-0036328,17,6.082352941176471,2020,4,vet,True,57,10,7.491790151433535,-1.4094372102570638,4,2.6470588235294117,10.068023809523812,16.0,15.6,0.9210784313725492,0.9411764705882352,0.9099264705882352,9.238578431372549,1.0,-3.0975,10.068023809523812,7.9625,3.6406349206349207,3.6875,2.939206349206349,3.0,7.775079365079365,4.0625,11.415714285714284,7.75,22.8684126984127,24.3125,30.96738095238095,16.5625,0.9135714285714284,-0.125,0.0995876406589193,0.0981697171379398,0.0029839549066657,-0.000459136822773,0.2708690442869009,0.1810584958212227,0.1514702294230451,0.1469331799309685,0.2215399056392896,-0.0338983050841712,7.759339774387707,8.10416666649783,0.80763032018176,0.8135593220201092,0.8,0.0,3.3519607843078485,3.470588235288343,7.108333333317296,3.823529411754055,10.460294117625146,7.294117647042398,6.26746126451608,6.593220338871301,7.525178283708585,7.854166666503039,0.0349668060357431,0.0338983050841712,0.0148432180440233,0.0146841639943048,3.999222200912597,4.076923076860354,1.0,32.76470588235294,37.411764705882355,31.823529411764707,35.35294117647059,235.23529411764707,256.2352941176471,24.41176470588235,21.11764705882353,57.17647058823529,58.52941176470589,0.573045267489712,0.6391959798994975,1.4705882352941178,2.235294117647059,199.52941176470588,245.52941176470588,26.193018480492817,66.0,4.189654742026425,4,17.0,6.082352941176471,1.0,1.0499945724381377,0.9588964750175154
2024,MarShawn Lloyd,RB,159.1,14.1,GB,00-0039811,1,2.8,2024,0,rookie,False,58,10,7.491790151433535,-4.691790151433535,0,,,,,,,,,,,,,,,,,,,,,,,,,,,,,,,,,,,,,,,,,,,,,,,,,,,,,,,,,,,,,,,,,,,,,,,,,,,,23.65503080082135,88.0,4.477336814478207,0,17.0,0.1647058823529411,0.0588235294117647,1.0985712941373953,1.0455414090659594
2024,Alexander Mattison,RB,160.7,11.1,LV,00-0034972,14,9.814285714285717,2019,5,vet,True,59,10,7.491790151433535,2.32249556285218,5,2.8181818181818183,7.255024813895782,16.0,15.96774193548387,0.9439041745730552,0.9411764705882352,0.9014705882352942,6.829862428842506,1.0,3.125000000000001,7.255024813895782,8.325000000000001,2.1113341118084947,2.75,1.5428404612465334,1.875,8.735002189461394,11.25,10.846336301269888,14.0,10.237483579039557,12.0,34.13658589986863,43.75,0.5679097941906291,1.5,0.0562989142811407,0.0726072607259527,0.0018400328440626,0.004985459077689,0.3421837152621954,0.4580152671744071,0.085736394412555,0.1124007124433115,0.0672569366136022,0.5454545454421488,6.673035566266573,6.399999999786667,0.7556282426963893,0.681818181802686,2.225806451612903,3.0,1.9898007590099605,2.588235294113376,8.19402277037828,10.588235294090705,10.18382352938824,13.17647058820408,5.069265859391218,4.36363636353719,6.930066170051081,6.033333333132222,0.0571371281029021,0.0681818181802686,0.0353358532579319,-0.114867688694965,3.907587093560808,3.888888888867284,1.0,32.76470588235294,37.11764705882353,31.235294117647054,35.64705882352941,247.8235294117647,283.1764705882353,24.294117647058822,23.11764705882353,57.05882352941177,60.23529411764706,0.5742268041237113,0.6162109375,1.8235294117647056,2.176470588235294,215.64705882352945,276.47058823529414,26.203969883641346,102.0,4.624972813284271,5,17.0,8.082352941176472,0.8235294117647058,1.0493337218072352,0.9585731882642495
2024,Tyrone Tracy Jr.,RB,174.0,15.7,NYG,00-0039384,16,11.38125,2024,0,rookie,True,60,10,7.481169871794871,3.900080128205128,0,,,,,,,,,,,,,,,,,,,,,,,,,,,,,,,,,,,,,,,,,,,,,,,,,,,,,,,,,,,,,,,,,,,,,,,,,,,,24.774811772758383,166.0,5.111987788356544,0,17.0,10.711764705882352,0.9411764705882352,1.1043493319421303,1.002550539090149
