position,outcome,era,age,fit,lo,hi
WR,relative,POOLED,21.0,0.8598987643058496,0.7416744228181523,0.9752215574697009
WR,relative,POOLED,21.05,0.862981536155807,0.7475485505406201,0.9752473625776786
WR,relative,POOLED,21.1,0.8660643212961148,0.753304635526268,0.975865152587149
WR,relative,POOLED,21.150000000000002,0.8691471221415472,0.7581394138680795,0.9774334977571207
WR,relative,POOLED,21.200000000000003,0.8722299411068788,0.7629139717755022,0.9781643538273463
WR,relative,POOLED,21.250000000000004,0.8753127806068841,0.7693214793602009,0.978486665516463
WR,relative,POOLED,21.300000000000004,0.8783956430563375,0.7749620526504818,0.9779605417857692
WR,relative,POOLED,21.350000000000005,0.8814785308700137,0.7808875470108355,0.9774267001917443
WR,relative,POOLED,21.400000000000006,0.884561446462687,0.7869449824529763,0.9769084991403734
WR,relative,POOLED,21.450000000000006,0.8876443922491319,0.7924256557057773,0.9765493041208161
WR,relative,POOLED,21.500000000000007,0.890727370644123,0.7972736992227991,0.9762856540747569
WR,relative,POOLED,21.550000000000008,0.8938103840624347,0.8022964777297407,0.9762277308436123
WR,relative,POOLED,21.60000000000001,0.8968934349188415,0.8080468482400627,0.9763874894511206
WR,relative,POOLED,21.65000000000001,0.8999765256281179,0.8137412933938177,0.9765646891146434
WR,relative,POOLED,21.70000000000001,0.9030596586050385,0.8190244678492115,0.9773699646625039
WR,relative,POOLED,21.75000000000001,0.9061428362643775,0.8242956102744973,0.9770074652375454
WR,relative,POOLED,21.80000000000001,0.9092260610209096,0.830514284038766,0.9771169478141188
WR,relative,POOLED,21.850000000000012,0.9123093352894094,0.8362893621926263,0.976995822059299
WR,relative,POOLED,21.900000000000013,0.9153926614846511,0.8417917039409702,0.9779321033263754
WR,relative,POOLED,21.950000000000014,0.9184760420214094,0.847262119867245,0.9783265175446743
WR,relative,POOLED,22.000000000000014,0.9215594793144587,0.852684014519126,0.9787524067892817
WR,relative,POOLED,22.050000000000015,0.9246429757785735,0.8580022075076833,0.9791875994075869
WR,relative,POOLED,22.100000000000016,0.9277265338285283,0.8632641688972126,0.9798884774883861
WR,relative,POOLED,22.150000000000016,0.9308101558790977,0.8675112657498939,0.982197845095519
WR,relative,POOLED,22.200000000000017,0.933893844345056,0.8716360507548156,0.9848779798280193
WR,relative,POOLED,22.250000000000018,0.9369776016411777,0.8761479410121833,0.9875538601844449
WR,relative,POOLED,22.30000000000002,0.9400614301822375,0.8800809471899819,0.9895586528046567
WR,relative,POOLED,22.35000000000002,0.9431453323830097,0.8846202182212805,0.9900051329849208
WR,relative,POOLED,22.40000000000002,0.9462293106582689,0.8901290627675572,0.9914782434720905
WR,relative,POOLED,22.45000000000002,0.9493133674227894,0.8953083680189221,0.9933204801473035
WR,relative,POOLED,22.50000000000002,0.9523975050913458,0.8995145172023135,0.9954192525825939
WR,relative,POOLED,22.550000000000022,0.9554817260787127,0.902928033080171,0.9980450343242249
WR,relative,POOLED,22.600000000000023,0.9585660327996646,0.9067100621636152,1.0009308833301414
WR,relative,POOLED,22.650000000000023,0.9616504276689757,0.9101062263782999,1.003649184308592
WR,relative,POOLED,22.700000000000024,0.9647349131014208,0.9131691459590542,1.0055236741725682
WR,relative,POOLED,22.750000000000025,0.9678194915117742,0.9165985518037411,1.008561636616816
WR,relative,POOLED,22.800000000000026,0.9709041653148105,0.9200746296353309,1.0115663755686235
WR,relative,POOLED,22.850000000000026,0.9739889369253041,0.9234297775025201,1.0145370500070698
WR,relative,POOLED,22.900000000000027,0.9770738087580295,0.9271117854779759,1.0175345816131773
WR,relative,POOLED,22.950000000000028,0.9801587832277613,0.931100350426826,1.0214522634237917
WR,relative,POOLED,23.00000000000003,0.9832438627492739,0.934168023791167,1.0248841881807504
WR,relative,POOLED,23.05000000000003,0.9863290497373418,0.9377493247290104,1.0286038863105351
WR,relative,POOLED,23.10000000000003,0.9894143466067393,0.9413501247686817,1.032107988640358
WR,relative,POOLED,23.15000000000003,0.9924997557722414,0.9448210821150939,1.034960961721247
WR,relative,POOLED,23.20000000000003,0.9955852796486221,0.9484338654329929,1.0381708388139814
WR,relative,POOLED,23.250000000000032,0.9986709206506561,0.9522836073160225,1.041418932543158
WR,relative,POOLED,23.300000000000033,1.0017566811931178,0.9559829191993185,1.0446899847177982
WR,relative,POOLED,23.350000000000033,1.0048425636907818,0.9597096118845992,1.047984459109611
WR,relative,POOLED,23.400000000000034,1.0079285705584224,0.963332180814433,1.0513028194903045
WR,relative,POOLED,23.450000000000035,1.0110147042108144,0.9662031690092963,1.0546345896313185
WR,relative,POOLED,23.500000000000036,1.014100967062732,0.9693794631997857,1.0579856891131352
WR,relative,POOLED,23.550000000000036,1.0171873615289497,0.9733554265565146,1.0610906923536774
WR,relative,POOLED,23.600000000000037,1.0202738900242423,0.9771831302354151,1.0642454670480956
WR,relative,POOLED,23.650000000000038,1.023360554963384,0.980085885974504,1.0679472439309179
WR,relative,POOLED,23.70000000000004,1.026447355395224,0.9841793622011157,1.0706928707021008
WR,relative,POOLED,23.75000000000004,1.0295331308207505,0.9875002735642865,1.0733919280502289
WR,relative,POOLED,23.80000000000004,1.032613869995047,0.9901179596913467,1.0763503920801576
WR,relative,POOLED,23.85000000000004,1.0356851314741282,0.9929625212474126,1.0792228937961592
WR,relative,POOLED,23.90000000000004,1.0387424738140092,0.9956033173118028,1.0820083925965427
WR,relative,POOLED,23.950000000000042,1.0417814555707052,0.9994359711576591,1.0847058478796177
WR,relative,POOLED,24.000000000000043,1.0447976353002308,1.003295822125067,1.0873142190436935
WR,relative,POOLED,24.050000000000043,1.0477865715586014,1.0064913786147713,1.0908466876846887
WR,relative,POOLED,24.100000000000044,1.0507438229018318,1.0100250518738727,1.0941049282660662
WR,relative,POOLED,24.150000000000045,1.053664947885937,1.012649741051526,1.0965473836267963
WR,relative,POOLED,24.200000000000045,1.0565455050669321,1.0150365393901517,1.0987467742139503
WR,relative,POOLED,24.250000000000046,1.0593810530008319,1.0178072756239394,1.101312318736264
WR,relative,POOLED,24.300000000000047,1.0621671502436514,1.0204918463291024,1.1041609865862632
WR,relative,POOLED,24.350000000000048,1.0648993553514057,1.0225353635921715,1.1069303143115978
WR,relative,POOLED,24.40000000000005,1.0675732268801097,1.02458354602786,1.1096136470197349
WR,relative,POOLED,24.45000000000005,1.0701843233857784,1.0279026889724487,1.1123675844386867
WR,relative,POOLED,24.50000000000005,1.072728203424427,1.0297548028262036,1.1150408601378357
WR,relative,POOLED,24.55000000000005,1.0752004255520702,1.0322893928789154,1.117043453761068
WR,relative,POOLED,24.60000000000005,1.0775965483247232,1.0343621730369448,1.1190705193291994
WR,relative,POOLED,24.650000000000052,1.0799121302984007,1.0365026987753054,1.121568000162166
WR,relative,POOLED,24.700000000000053,1.082142730029118,1.0385527471330958,1.1238110268271861
WR,relative,POOLED,24.750000000000053,1.08428390607289,1.039728451638383,1.126606872241312
WR,relative,POOLED,24.800000000000054,1.0863312169857315,1.041010628380915,1.127896035048687
WR,relative,POOLED,24.850000000000055,1.0882802213236578,1.04235503145389,1.130193847425216
WR,relative,POOLED,24.900000000000055,1.0901264776426838,1.0439573947464178,1.1323936435867104
WR,relative,POOLED,24.950000000000056,1.0918655444988243,1.04507381170459,1.133899924017384
WR,relative,POOLED,25.000000000000057,1.0934929804480944,1.04624203537646,1.135342162048043
WR,relative,POOLED,25.050000000000058,1.0950043440465091,1.0477692648762673,1.1369420468785902
WR,relative,POOLED,25.10000000000006,1.0963951938500835,1.0492594335078511,1.1381934067551447
WR,relative,POOLED,25.15000000000006,1.0976610884148323,1.0506993918282503,1.139575459540262
WR,relative,POOLED,25.20000000000006,1.098797586296771,1.051779280912317,1.1407291502142853
WR,relative,POOLED,25.25000000000006,1.099800246051914,1.0527580185628713,1.1416396037690697
WR,relative,POOLED,25.30000000000006,1.100664689590058,1.0534158680266554,1.1428696629169521
WR,relative,POOLED,25.350000000000062,1.1013898794589425,1.0528513053095196,1.1444366642617516
WR,relative,POOLED,25.400000000000063,1.1019797074114264,1.0531571945764397,1.1451975936350602
WR,relative,POOLED,25.450000000000063,1.1024384614173846,1.0539711442292585,1.1449433101051423
WR,relative,POOLED,25.500000000000064,1.1027704294466916,1.0547191719306375,1.1459969406446808
WR,relative,POOLED,25.550000000000065,1.1029798994692224,1.0554272717855353,1.1462801065589787
WR,relative,POOLED,25.600000000000065,1.103071159454852,1.0561152069874589,1.146379144335781
WR,relative,POOLED,25.650000000000066,1.1030484973734547,1.0567797747661234,1.1467881646746168
WR,relative,POOLED,25.700000000000067,1.102916201194906,1.0571869753604026,1.146794166018438
WR,relative,POOLED,25.750000000000068,1.10267855888908,1.0573451429937193,1.1473342498932195
WR,relative,POOLED,25.800000000000068,1.102339858425852,1.0585021835425845,1.1476620182634958
WR,relative,POOLED,25.85000000000007,1.1019043877750967,1.0589750674122558,1.147126886407895
WR,relative,POOLED,25.90000000000007,1.1013764349066886,1.0589784264861233,1.1453341832109654
WR,relative,POOLED,25.95000000000007,1.1007602877905027,1.0580153880752328,1.1447066297555308
WR,relative,POOLED,26.00000000000007,1.100060234396414,1.0576300751085677,1.144520616878164
WR,relative,POOLED,26.05000000000007,1.0992805626942972,1.0566911487523092,1.142923658081562
WR,relative,POOLED,26.100000000000072,1.098425560654027,1.0554545540307265,1.1424135967550046
WR,relative,POOLED,26.150000000000073,1.0974995162454784,1.0538935311444704,1.140825796066043
WR,relative,POOLED,26.200000000000074,1.0965067174385257,1.053592715029822,1.139930738666323
WR,relative,POOLED,26.250000000000075,1.0954514522030445,1.0526239716757015,1.1397643875709222
WR,relative,POOLED,26.300000000000075,1.0943380085089087,1.0510484725857068,1.1385579012113578
WR,relative,POOLED,26.350000000000076,1.093170674325994,1.0494059100534547,1.1370524421804349
WR,relative,POOLED,26.400000000000077,1.0919537376241746,1.0480011712804196,1.1351691607204044
WR,relative,POOLED,26.450000000000077,1.0906914863733255,1.0464493530791625,1.1333791705726908
WR,relative,POOLED,26.500000000000078,1.0893882085433213,1.0448962191276059,1.132031759987414
WR,relative,POOLED,26.55000000000008,1.0880481921040372,1.0433262026268515,1.1311879874672073
WR,relative,POOLED,26.60000000000008,1.0866757250253478,1.042276882870827,1.1301098225849788
WR,relative,POOLED,26.65000000000008,1.0852750952771277,1.0414298129133541,1.1299816352453094
WR,relative,POOLED,26.70000000000008,1.0838505908292522,1.0402013768901905,1.129911210102478
WR,relative,POOLED,26.75000000000008,1.0824064996515956,1.0377453900788582,1.1288387127373938
WR,relative,POOLED,26.800000000000082,1.080947109714033,1.035227130323592,1.1277659322432934
WR,relative,POOLED,26.850000000000083,1.079476708986439,1.0332594830935635,1.1267624876439135
WR,relative,POOLED,26.900000000000084,1.0779995854386888,1.030772365309408,1.1251021369354834
WR,relative,POOLED,26.950000000000085,1.0765200270406567,1.0295038504363838,1.1234159934306427
WR,relative,POOLED,27.000000000000085,1.0750423217622176,1.0280466687119654,1.121889273965571
WR,relative,POOLED,27.050000000000086,1.073570064565112,1.026428957705427,1.1209304604664216
WR,relative,POOLED,27.100000000000087,1.0721034446273916,1.0247565721797842,1.120263136446659
WR,relative,POOLED,27.150000000000087,1.0706416066096076,1.0235175395264857,1.1196075969519006
WR,relative,POOLED,27.200000000000088,1.0691836948974176,1.0223673215943025,1.1175712949301413
WR,relative,POOLED,27.25000000000009,1.06772885387648,1.0212603414553625,1.1154496088372534
WR,relative,POOLED,27.30000000000009,1.0662762279324525,1.0202218244811099,1.113337432053517
WR,relative,POOLED,27.35000000000009,1.0648249614509935,1.0184127689131899,1.1116922099641922
WR,relative,POOLED,27.40000000000009,1.0633741988177605,1.0165314294250314,1.1103379992854296
WR,relative,POOLED,27.45000000000009,1.0619230844184118,1.0150645534103757,1.1089312968434244
WR,relative,POOLED,27.500000000000092,1.060470762638605,1.0130545899267918,1.10746907715432
WR,relative,POOLED,27.550000000000093,1.0590163778639987,1.0117324593600971,1.1065609575663828
WR,relative,POOLED,27.600000000000094,1.05755907448025,1.0104618469224982,1.1056393213029294
WR,relative,POOLED,27.650000000000095,1.056097996873018,1.0092074315759194,1.1046968188498807
WR,relative,POOLED,27.700000000000095,1.0546322894279598,1.0073817112576693,1.103732765419477
WR,relative,POOLED,27.750000000000096,1.0531610965307336,1.005302790356357,1.1026005448022815
WR,relative,POOLED,27.800000000000097,1.0516835625669976,1.0032352994959655,1.1005418816766275
WR,relative,POOLED,27.850000000000097,1.0501988319224096,1.0022975083596788,1.098453445620989
WR,relative,POOLED,27.900000000000098,1.0487060489826274,1.0011760987140796,1.0967857630514715
WR,relative,POOLED,27.9500000000001,1.0472043581333093,0.9994272251056413,1.096233117352264
WR,relative,POOLED,28.0000000000001,1.045692903760113,0.9976704990652806,1.0945344337270595
WR,relative,POOLED,28.0500000000001,1.044170830248697,0.9959047072296856,1.093374815247672
WR,relative,POOLED,28.1000000000001,1.0426372819847185,0.994129469822142,1.091645378313847
WR,relative,POOLED,28.1500000000001,1.041091403353836,0.9923444070659349,1.0900640721648458
WR,relative,POOLED,28.200000000000102,1.0395323387417075,0.9901319820358231,1.0890532574931342
WR,relative,POOLED,28.250000000000103,1.0379592325339908,0.9878881385763151,1.0880541287951984
WR,relative,POOLED,28.300000000000104,1.036371229116344,0.9862777412241183,1.086713502013305
WR,relative,POOLED,28.350000000000104,1.034767472874425,0.984792877378924,1.0853098228145588
WR,relative,POOLED,28.400000000000105,1.0331471081938917,0.9832584208699368,1.0840428732427971
WR,relative,POOLED,28.450000000000106,1.0315092794604022,0.981403247320112,1.0818850777638458
WR,relative,POOLED,28.500000000000107,1.0298531310596142,0.9801290289840797,1.0805755248215987
WR,relative,POOLED,28.550000000000107,1.0281778073771863,0.97861692666333,1.0792616007502562
WR,relative,POOLED,28.600000000000108,1.026482452798776,0.9775466422873831,1.07791110834796
WR,relative,POOLED,28.65000000000011,1.0247662117100411,0.9753623889162253,1.0761461046876364
WR,relative,POOLED,28.70000000000011,1.0230282284966403,0.9729396726265142,1.0737805225209494
WR,relative,POOLED,28.75000000000011,1.0212676475442308,0.9702086735897504,1.0713826167333673
WR,relative,POOLED,28.80000000000011,1.0194836132384713,0.9680171759063493,1.0689536551716843
WR,relative,POOLED,28.85000000000011,1.0176752699650191,0.9660549949676405,1.0664811017652325
WR,relative,POOLED,28.900000000000112,1.0158417621095326,0.9639713502951004,1.0640164933932483
WR,relative,POOLED,28.950000000000113,1.0139822340576696,0.9617491046722976,1.0626390178599119
WR,relative,POOLED,29.000000000000114,1.012095830195088,0.9592218895449357,1.0612322769732077
WR,relative,POOLED,29.050000000000114,1.0101816949074462,0.956798117584138,1.0598142236526324
WR,relative,POOLED,29.100000000000115,1.0082389725804017,0.955156412400347,1.0586671408561672
WR,relative,POOLED,29.150000000000116,1.0062668075996128,0.9534404388961021,1.0568313275604773
WR,relative,POOLED,29.200000000000117,1.0042643443507373,0.9510517625946397,1.0553002069442987
WR,relative,POOLED,29.250000000000117,1.0022307272194333,0.9478760956879441,1.0532930097848936
WR,relative,POOLED,29.300000000000118,1.0001651005913588,0.9447735126545156,1.0507553658377993
WR,relative,POOLED,29.35000000000012,0.9980666090342805,0.942801348462669,1.0481826091514204
WR,relative,POOLED,29.40000000000012,0.9959346179498196,0.9408172931856423,1.0455643705217437
WR,relative,POOLED,29.45000000000012,0.9937691425125226,0.9388041472274778,1.0428981988547879
WR,relative,POOLED,29.50000000000012,0.991570316805907,0.9366933575524459,1.0401981487679517
WR,relative,POOLED,29.55000000000012,0.98933827491349,0.9337167591270951,1.0381784922779491
WR,relative,POOLED,29.600000000000122,0.9870731509187893,0.930732718229047,1.036533080464494
WR,relative,POOLED,29.650000000000123,0.984775078905322,0.928650243793615,1.0343076488728695
WR,relative,POOLED,29.700000000000124,0.9824441929566058,0.9268007497715735,1.032162742184085
WR,relative,POOLED,29.750000000000124,0.980080627156158,0.9249422459884608,1.0303254711401848
WR,relative,POOLED,29.800000000000125,0.977684515587496,0.9230628335187823,1.0284482754230795
WR,relative,POOLED,29.850000000000126,0.9752559923341371,0.9211625985030834,1.0265313195162302
WR,relative,POOLED,29.900000000000126,0.9727951914795988,0.9192416270819102,1.024565028645429
WR,relative,POOLED,29.950000000000127,0.9703022471073987,0.9170983279082994,1.0222998596909523
WR,relative,POOLED,30.000000000000128,0.9677772933010539,0.9146454221219031,1.0194459601051626
WR,relative,POOLED,30.05000000000013,0.9652204641440819,0.9113525079099248,1.016551164932356
WR,relative,POOLED,30.10000000000013,0.9626318937200002,0.9080437042979581,1.0136283835270101
WR,relative,POOLED,30.15000000000013,0.9600117161123262,0.9047207301660469,1.0106809449290688
WR,relative,POOLED,30.20000000000013,0.9573600654045771,0.901398391521964,1.007708953738902
WR,relative,POOLED,30.25000000000013,0.9546770756802706,0.8980603808244966,1.0047125145568807
WR,relative,POOLED,30.300000000000132,0.9519628810229239,0.8954536894729482,1.0016917319833756
WR,relative,POOLED,30.350000000000133,0.9492176155160544,0.8933746334944381,0.9989489212666913
WR,relative,POOLED,30.400000000000134,0.9464414132431799,0.8901815468318099,0.9962939019244946
WR,relative,POOLED,30.450000000000134,0.9436344082878172,0.8869794949832887,0.9932570529805848
WR,relative,POOLED,30.500000000000135,0.9407967347334842,0.8837609095732922,0.9907870037732212
WR,relative,POOLED,30.550000000000136,0.9379285266636981,0.8805217357004955,0.9882833770374562
WR,relative,POOLED,30.600000000000136,0.9350299181619762,0.8772620637731946,0.9857463202193204
WR,relative,POOLED,30.650000000000137,0.9321010433118362,0.8739819841996854,0.9831759807648455
WR,relative,POOLED,30.700000000000138,0.9291420361967953,0.8706815873882638,0.9805725061200621
WR,relative,POOLED,30.75000000000014,0.9261530309003708,0.8676617625310094,0.9779360437310012
WR,relative,POOLED,30.80000000000014,0.9231341615060804,0.8647105300912284,0.9752667410436942
WR,relative,POOLED,30.85000000000014,0.9200855620974413,0.8617396509191271,0.9725585709976119
WR,relative,POOLED,30.90000000000014,0.9170073667579709,0.8584679883739395,0.9698058990055471
WR,relative,POOLED,30.95000000000014,0.9138997095711869,0.8549563419862604,0.9670207270657409
WR,relative,POOLED,31.000000000000142,0.9107627246206063,0.8511510199858506,0.9641906428662583
WR,relative,POOLED,31.050000000000143,0.9075965459897468,0.8473103773379582,0.9610042682360305
WR,relative,POOLED,31.100000000000144,0.9044013077621258,0.8437200325325761,0.9575000521689091
WR,relative,POOLED,31.150000000000144,0.9011771440212605,0.8405789105745242,0.953956652305931
WR,relative,POOLED,31.200000000000145,0.8979241888506684,0.8365960709078704,0.9503742502826347
WR,relative,POOLED,31.250000000000146,0.894642576333867,0.8329414832824376,0.9473986282343108
WR,relative,POOLED,31.300000000000146,0.8913324405543737,0.8293806187394772,0.9445829883777811
WR,relative,POOLED,31.350000000000147,0.8879939155957057,0.8258000027150652,0.9417241811332523
WR,relative,POOLED,31.400000000000148,0.8846271355413807,0.8222155943854191,0.9388317080697369
WR,relative,POOLED,31.45000000000015,0.8812322344749159,0.8186238504178817,0.9355104660885337
WR,relative,POOLED,31.50000000000015,0.8778093464798287,0.8150133379237094,0.9315779507510433
WR,relative,POOLED,31.55000000000015,0.8743586056396367,0.8115132984151795,0.9284008047062695
WR,relative,POOLED,31.60000000000015,0.8708801460378572,0.8079557475909481,0.9251908617052095
WR,relative,POOLED,31.65000000000015,0.8673741017580077,0.8049748831798331,0.9220995834416494
WR,relative,POOLED,31.700000000000152,0.8638406068836053,0.8020048064233881,0.9190079616410604
WR,relative,POOLED,31.750000000000153,0.8602797954981677,0.7979353321581948,0.9152986640533375
WR,relative,POOLED,31.800000000000153,0.8566918016852121,0.7938298443409594,0.9114711778566483
WR,relative,POOLED,31.850000000000154,0.8530767595282562,0.7896885206167333,0.9084139109822496
WR,relative,POOLED,31.900000000000155,0.8494348031108173,0.7855115386305679,0.9052948817363974
WR,relative,POOLED,31.950000000000156,0.8457660665164127,0.7815691641377354,0.9018833862545264
WR,relative,POOLED,32.000000000000156,0.8420706838285599,0.777750471241293,0.8989418117691381
WR,relative,POOLED,32.05000000000015,0.8383487891307764,0.7739173881259582,0.8954587369772883
WR,relative,POOLED,32.10000000000016,0.8346005165065791,0.7700700093620885,0.8917389903294408
WR,relative,POOLED,32.15000000000016,0.8308260000394856,0.7662202625939487,0.8879789304675174
WR,relative,POOLED,32.20000000000016,0.8270253738130142,0.7623551127388404,0.8841781681979665
WR,relative,POOLED,32.250000000000156,0.8231987719106815,0.7587489519658328,0.8803244892022841
WR,relative,POOLED,32.30000000000016,0.8193463284160045,0.7553694898980914,0.8764212421645566
WR,relative,POOLED,32.350000000000165,0.8154681774125012,0.7509290531539442,0.872478339785198
WR,relative,POOLED,32.40000000000016,0.8115644529836894,0.7466670074049953,0.8684959888959062
WR,relative,POOLED,32.45000000000016,0.807635289213086,0.742702317129451,0.8650861579205961
WR,relative,POOLED,32.50000000000016,0.803680820184208,0.7389282417374559,0.8625382856499194
WR,relative,POOLED,32.55000000000017,0.7997011799805731,0.7347030027972806,0.8584140234750356
WR,relative,POOLED,32.600000000000165,0.7956965026856996,0.7306573886418376,0.8539953743823404
WR,relative,POOLED,32.65000000000016,0.7916669223831041,0.7265960205636509,0.8495414083966673
WR,relative,POOLED,32.700000000000166,0.7876125731563034,0.7225354280551817,0.8458225470445581
WR,relative,POOLED,32.75000000000017,0.7835335890888158,0.7181118545010137,0.8415813916804593
WR,relative,POOLED,32.80000000000017,0.7794301042641589,0.7136281112099057,0.8376373575716957
WR,relative,POOLED,32.850000000000165,0.7753022527658497,0.7091374951374415,0.8337423976913891
WR,relative,POOLED,32.90000000000017,0.7711501686774052,0.7042737961726979,0.8298142137225453
WR,relative,POOLED,32.95000000000017,0.7669739860823432,0.7000417733258721,0.8258529895003485
WR,relative,POOLED,33.00000000000017,0.7627738390641814,0.6946984650046519,0.8218589088599824
WR,relative,POOLED,33.05000000000017,0.7585498617064375,0.6891698935524019,0.8178321556366304
WR,relative,POOLED,33.10000000000017,0.7543021880926273,0.6853079756828528,0.813772913665475
WR,relative,POOLED,33.150000000000176,0.7500309523062694,0.6811685332001655,0.8096813667817004
WR,relative,POOLED,33.20000000000017,0.7457362884308817,0.6761201252854294,0.8056602028878561
WR,relative,POOLED,33.25000000000017,0.7414183305499809,0.6710533203254071,0.8021515054462883
WR,relative,POOLED,33.300000000000175,0.7370772127470839,0.6665961923569693,0.7986281733055817
WR,relative,POOLED,33.35000000000018,0.7327130691057087,0.6613702836286567,0.7950902911927896
WR,relative,POOLED,33.400000000000176,0.7283260337093733,0.6566067436447761,0.7915240242180726
WR,relative,POOLED,33.45000000000017,0.7239162406415945,0.6519796770662412,0.7879344222597833
WR,relative,POOLED,33.50000000000018,0.7194838239858891,0.6467038084825276,0.7839789784734872
WR,relative,POOLED,33.55000000000018,0.7150289178257752,0.6399314842206705,0.7790981695937514
WR,relative,POOLED,33.60000000000018,0.7105516562447705,0.6350669434452344,0.7747392316350661
WR,relative,POOLED,33.650000000000176,0.7060521733263924,0.6305063194844598,0.7709329285025723
WR,relative,POOLED,33.70000000000018,0.701530603154157,0.6262192478228142,0.7671077180592722
WR,relative,POOLED,33.750000000000185,0.6969870798115827,0.6209669535551133,0.7632381631258516
WR,relative,POOLED,33.80000000000018,0.6924217373821878,0.6146223747621916,0.7593522789693233
WR,relative,POOLED,33.85000000000018,0.6878347099494884,0.6082439032800813,0.755450165936676
WR,relative,POOLED,33.90000000000018,0.6832261315970019,0.6021912731340823,0.7515290070052411
WR,relative,POOLED,33.95000000000019,0.678596136408246,0.5976497403710773,0.7476239755527789
WR,relative,POOLED,34.000000000000185,0.6739448584667389,0.5930943378108907,0.743714115962805
WR,relative,POOLED,34.05000000000018,0.6692724318559973,0.5885251528346616,0.7397644566704126
WR,relative,POOLED,34.100000000000186,0.6645789906595378,0.5839422728235285,0.7357896325963438
WR,relative,POOLED,34.15000000000019,0.6598646689608789,0.5791071164307912,0.7317945207143711
WR,relative,POOLED,34.20000000000019,0.6551296008435383,0.5735088564909598,0.7277779468671906
WR,relative,POOLED,34.250000000000185,0.6503739203910328,0.5678851693206753,0.7233218561946179
WR,relative,POOLED,34.30000000000019,0.6455977616868791,0.562236220324413,0.7185817433359317
WR,relative,POOLED,34.35000000000019,0.6408012588145954,0.556562174906649,0.7132144052186841
WR,relative,POOLED,34.40000000000019,0.6359845458576997,0.5508631984718609,0.7076699454091064
WR,relative,POOLED,34.45000000000019,0.6311477568997088,0.5451394564245238,0.704153204180558
WR,relative,POOLED,34.50000000000019,0.6262910260241394,0.5393911141691122,0.6997351759505135
WR,relative,POOLED,34.550000000000196,0.6214144873145095,0.5336183371101035,0.6957935794398907
WR,relative,POOLED,34.60000000000019,0.6165182748543376,0.5278212906519746,0.6918092178751281
WR,relative,POOLED,34.65000000000019,0.61160252272714,0.5218546115854278,0.687810296208558
WR,relative,POOLED,34.700000000000195,0.6066673650164334,0.5154653116033122,0.6837969143533292
WR,relative,POOLED,34.7500000000002,0.601712935805736,0.5090475360922708,0.6791130622082384
WR,relative,POOLED,34.800000000000196,0.596739369178566,0.5026014831738349,0.6748568339556028
WR,relative,POOLED,34.85000000000019,0.5917467992184401,0.49612735096953464,0.6711304087830273
WR,relative,POOLED,34.9000000000002,0.5867353600088748,0.48962533760089966,0.667451754334464
WR,relative,POOLED,34.9500000000002,0.5817051856333885,0.48311904829707747,0.6636123540671974
WR,relative,POOLED,35.0000000000002,0.5766564101754991,0.47708466358923085,0.6595430816736111
WR,relative,POOLED,35.050000000000196,0.5715891677187235,0.4710986779551152,0.6554603427062167
WR,relative,POOLED,35.1000000000002,0.566503592346578,0.4638529720745199,0.6513642349418958
WR,relative,POOLED,35.150000000000205,0.5613998181425813,0.45783986829307155,0.6472312998666513
WR,relative,POOLED,35.2000000000002,0.5562779791902511,0.45193982062029736,0.6431799574434761
WR,relative,POOLED,35.2500000000002,0.5511382095731042,0.44536926461221094,0.6389569169114313
WR,relative,POOLED,35.3000000000002,0.5459806433746575,0.4385956363278038,0.6348087916756259
WR,relative,POOLED,35.35000000000021,0.5408054146784286,0.43219681284123684,0.6306332807965633
WR,relative,POOLED,35.400000000000205,0.535612657567936,0.42595482770369497,0.6267936842319337
WR,relative,POOLED,35.4500000000002,0.5304025061266964,0.4196901770759179,0.6229960107230247
WR,relative,POOLED,35.500000000000206,0.5251750944382263,0.41340303567394887,0.6192241346605568
WR,relative,POOLED,35.55000000000021,0.5199305565860441,0.4071053719491015,0.6154489572691587
WR,relative,POOLED,35.60000000000021,0.5146690266536679,0.40080496377084396,0.6116660024695956
WR,relative,POOLED,35.650000000000205,0.5093906387246142,0.3939539476091486,0.6078635387459936
WR,relative,POOLED,35.70000000000021,0.5040955268823997,0.3866549739909986,0.6040402757702908
WR,relative,POOLED,35.75000000000021,0.49878382521054265,0.37930417655627535,0.6002092427180781
WR,relative,POOLED,35.80000000000021,0.49345566779256106,0.37192691204385264,0.5963705023892283
WR,relative,POOLED,35.85000000000021,0.48811118871197173,0.36452339611085316,0.5925241175836142
WR,relative,POOLED,35.90000000000021,0.4827505220522913,0.3570938444143994,0.5886701511011077
WR,relative,POOLED,35.950000000000216,0.4773738018970378,0.34965516258336815,0.5848086657415816
WR,relative,POOLED,36.00000000000021,0.47198116232972975,0.3421941422947947,0.5809397243049097
WR,relative,1999-2007,21.0,0.8300454118879269,0.5998566910691181,1.0492936282546885
WR,relative,1999-2007,21.05,0.8320105644803961,0.6094422568137262,1.0451252904223076
WR,relative,1999-2007,21.1,0.8339830941911462,0.619791542117869,1.0401376731145815
WR,relative,1999-2007,21.150000000000002,0.8359643413969724,0.6282237684144185,1.0351677524053233
WR,relative,1999-2007,21.200000000000003,0.8379556464746695,0.6359018753003507,1.0302321420441332
WR,relative,1999-2007,21.250000000000004,0.8399583498010323,0.6435511882654765,1.02640760811709
WR,relative,1999-2007,21.300000000000004,0.8419737917528562,0.6493050857567956,1.0235387502054454
WR,relative,1999-2007,21.350000000000005,0.8440033127069358,0.6589861549488839,1.0207079593249604
WR,relative,1999-2007,21.400000000000006,0.8460482530400665,0.6666123782738784,1.017918859607821
WR,relative,1999-2007,21.450000000000006,0.8481099531290429,0.6753146512214817,1.0151750751862125
WR,relative,1999-2007,21.500000000000007,0.8501897533506602,0.6847474611007632,1.01247061755666
WR,relative,1999-2007,21.550000000000008,0.8522889940817132,0.6911655918495455,1.008253246040238
WR,relative,1999-2007,21.60000000000001,0.8544090156989971,0.6974805453023225,1.0023108176761402
WR,relative,1999-2007,21.65000000000001,0.8565511585793067,0.7043088611783652,0.9994077271697193
WR,relative,1999-2007,21.70000000000001,0.8587167630994371,0.7117400753142326,0.9973565593521397
WR,relative,1999-2007,21.75000000000001,0.8609071696361833,0.7191420662247542,0.9962495226915785
WR,relative,1999-2007,21.80000000000001,0.8631237185663403,0.7237540361453683,0.9966628880607435
WR,relative,1999-2007,21.850000000000012,0.8653677502667029,0.7302438484488081,0.9948372217198946
WR,relative,1999-2007,21.900000000000013,0.8676406051140663,0.7385727727923346,0.9918704881029712
WR,relative,1999-2007,21.950000000000014,0.8699436234852254,0.7460155190376405,0.9891120174415985
WR,relative,1999-2007,22.000000000000014,0.872278145756975,0.750397143433436,0.9884604770681017
WR,relative,1999-2007,22.050000000000015,0.8746455123061104,0.754807481445113,0.9887753826791882
WR,relative,1999-2007,22.100000000000016,0.8770470635094265,0.7592477048769393,0.989682140881832
WR,relative,1999-2007,22.150000000000016,0.8794841397437182,0.7645496106864365,0.9900281767957684
WR,relative,1999-2007,22.200000000000017,0.8819580813857805,0.7703849897535943,0.990859315081745
WR,relative,1999-2007,22.250000000000018,0.8844702288124084,0.7762503063558748,0.9897473970144558
WR,relative,1999-2007,22.30000000000002,0.8870219224003969,0.7819798750907608,0.9898216407847912
WR,relative,1999-2007,22.35000000000002,0.889614502526541,0.7842378153422835,0.9901418639689279
WR,relative,1999-2007,22.40000000000002,0.8922493095676356,0.7887626003177358,0.9909960063617701
WR,relative,1999-2007,22.45000000000002,0.8949276839004757,0.7939515394318,0.991661765912252
WR,relative,1999-2007,22.50000000000002,0.8976509659018564,0.8014724411742518,0.9923937399621959
WR,relative,1999-2007,22.550000000000022,0.9004204959485727,0.8057556246961657,0.9914871870664955
WR,relative,1999-2007,22.600000000000023,0.9032376144174193,0.8106131298083055,0.9906875822771276
WR,relative,1999-2007,22.650000000000023,0.9061036616851915,0.8145741891390111,0.9917228054313755
WR,relative,1999-2007,22.700000000000024,0.9090199781286842,0.8185591727374133,0.9938216300755897
WR,relative,1999-2007,22.750000000000025,0.9119879041246923,0.8224623165095148,0.9974128127531486
WR,relative,1999-2007,22.800000000000026,0.9150087800500109,0.8263258168862713,0.9996116985449747
WR,relative,1999-2007,22.850000000000026,0.9180839462814347,0.8303247208369889,1.0023569628502496
WR,relative,1999-2007,22.900000000000027,0.9212147431957591,0.8344830748034605,1.0053282499936864
WR,relative,1999-2007,22.950000000000028,0.9244025111697789,0.8382827297326836,1.0072562944611527
WR,relative,1999-2007,23.00000000000003,0.927648590580289,0.8423628008005496,1.010606052914576
WR,relative,1999-2007,23.05000000000003,0.9309543218040847,0.8460110717362215,1.0129923216782575
WR,relative,1999-2007,23.10000000000003,0.9343210452179604,0.8492039282190189,1.0157566438324763
WR,relative,1999-2007,23.15000000000003,0.9377501011987116,0.851784288793833,1.0198077886360823
WR,relative,1999-2007,23.20000000000003,0.9412428301231331,0.8558982428627349,1.0244305033078556
WR,relative,1999-2007,23.250000000000032,0.94480057236802,0.8599430842595682,1.0285181146078426
WR,relative,1999-2007,23.300000000000033,0.9484246683101669,0.8638765731977535,1.0317904707545584
WR,relative,1999-2007,23.350000000000033,0.9521164583263694,0.8659995988487336,1.0352934741139381
WR,relative,1999-2007,23.400000000000034,0.955877282793422,0.8707428586387813,1.0389006072528069
WR,relative,1999-2007,23.450000000000035,0.9597084820881198,0.8756720416384475,1.0427554122224505
WR,relative,1999-2007,23.500000000000036,0.9636113965872578,0.8812209673500278,1.047386449752409
WR,relative,1999-2007,23.550000000000036,0.9675873666676311,0.886988547427635,1.0529998948309198
WR,relative,1999-2007,23.600000000000037,0.9716377327060346,0.8915559380515475,1.058147288512889
WR,relative,1999-2007,23.650000000000038,0.9757638350792632,0.896135235696161,1.0632631245413826
WR,relative,1999-2007,23.70000000000004,0.9799670057490839,0.9009135479915288,1.0666921109274594
WR,relative,1999-2007,23.75000000000004,0.9842456777334042,0.9063567931602486,1.0693809530685
WR,relative,1999-2007,23.80000000000004,0.9885911570029391,0.9111326712910582,1.0722073286812832
WR,relative,1999-2007,23.85000000000004,0.9929936740032015,0.9150218325563744,1.0787494642434106
WR,relative,1999-2007,23.90000000000004,0.9974434591797043,0.9184218308081783,1.082941329743906
WR,relative,1999-2007,23.950000000000042,1.0019307429779603,0.9241113835825309,1.0878961125607376
WR,relative,1999-2007,24.000000000000043,1.0064457558434823,0.9283166496715671,1.0913773172084085
WR,relative,1999-2007,24.050000000000043,1.0109787282217833,0.9311442532920909,1.095924427841892
WR,relative,1999-2007,24.100000000000044,1.0155198905583762,0.9339526049424086,1.1002753056629704
WR,relative,1999-2007,24.150000000000045,1.0200594732987736,0.9371043899771568,1.1050694215860886
WR,relative,1999-2007,24.200000000000045,1.0245877068884885,0.9402944100272539,1.109818939061936
WR,relative,1999-2007,24.250000000000046,1.0290948217730342,0.9455145451202891,1.116755568312096
WR,relative,1999-2007,24.300000000000047,1.0335710483979228,0.9492089781339147,1.1208762324867394
WR,relative,1999-2007,24.350000000000048,1.0380066172086677,0.953049806635257,1.12390205366758
WR,relative,1999-2007,24.40000000000005,1.0423917586507816,0.9583591938912153,1.1278308387474034
WR,relative,1999-2007,24.45000000000005,1.0467167031697775,0.962769593529561,1.1324598647781983
WR,relative,1999-2007,24.50000000000005,1.050971681211168,0.9687754809735954,1.1390723596132897
WR,relative,1999-2007,24.55000000000005,1.0551469232204664,0.9717532976204508,1.1420385195696792
WR,relative,1999-2007,24.60000000000005,1.059232659643185,0.9744824007741036,1.1457045327999165
WR,relative,1999-2007,24.650000000000052,1.0632191209248372,0.9783585866220499,1.1500644124725652
WR,relative,1999-2007,24.700000000000053,1.0670965375109354,0.9810644064887242,1.1555475636823684
WR,relative,1999-2007,24.750000000000053,1.0708551398469928,0.9848405305141029,1.1591390900460494
WR,relative,1999-2007,24.800000000000054,1.074485158378522,0.9897926114130081,1.1623163255881854
WR,relative,1999-2007,24.850000000000055,1.0779768235510363,0.9945988407770842,1.16529966649519
WR,relative,1999-2007,24.900000000000055,1.081320365810048,0.9988741897394432,1.166826133397715
WR,relative,1999-2007,24.950000000000056,1.0845060156010706,0.9993251470122377,1.1684489215617297
WR,relative,1999-2007,25.000000000000057,1.0875240033696165,0.9996832240361924,1.1716592568989697
WR,relative,1999-2007,25.050000000000058,1.0903645595611986,0.9999477413735034,1.1746689605417437
WR,relative,1999-2007,25.10000000000006,1.09301791462133,1.0025886724308075,1.177540255947156
WR,relative,1999-2007,25.15000000000006,1.0954742989955233,1.004480810006316,1.1800894525512071
WR,relative,1999-2007,25.20000000000006,1.0977239431292918,1.0052416382266678,1.1824409777825349
WR,relative,1999-2007,25.25000000000006,1.0997570774681478,1.007402160111127,1.1847843667400326
WR,relative,1999-2007,25.30000000000006,1.101564065616116,1.0100249231890475,1.1879886056251214
WR,relative,1999-2007,25.350000000000062,1.1031422926109176,1.0125377925300056,1.1900554426851093
WR,relative,1999-2007,25.400000000000063,1.104499503812917,1.0149434387982217,1.1894662458453698
WR,relative,1999-2007,25.450000000000063,1.1056442773609947,1.0166837658469496,1.190605079734764
WR,relative,1999-2007,25.500000000000064,1.1065851913940306,1.017181345539231,1.191514159457074
WR,relative,1999-2007,25.550000000000065,1.1073308240509045,1.0188356162509338,1.1921993966102038
WR,relative,1999-2007,25.600000000000065,1.107889753470497,1.0203451386808702,1.1926216617645133
WR,relative,1999-2007,25.650000000000066,1.1082705577916876,1.0217142053298178,1.1917421816057292
WR,relative,1999-2007,25.700000000000067,1.1084818151533566,1.0215575016915401,1.19031647797048
WR,relative,1999-2007,25.750000000000068,1.1085321036943843,1.023678155684952,1.189378864625284
WR,relative,1999-2007,25.800000000000068,1.1084300015536503,1.0237082683916516,1.1893894281270962
WR,relative,1999-2007,25.85000000000007,1.1081840868700352,1.0244882282552792,1.1903458406982275
WR,relative,1999-2007,25.90000000000007,1.1078029377824186,1.0237251008192563,1.1881792283744175
WR,relative,1999-2007,25.95000000000007,1.1072951324296807,1.022882311554904,1.1856451859261479
WR,relative,1999-2007,26.00000000000007,1.1066692489507015,1.0219854895054163,1.1824550348008385
WR,relative,1999-2007,26.05000000000007,1.1059338654843611,1.0211697892835947,1.1818966730305516
WR,relative,1999-2007,26.100000000000072,1.1050975601695396,1.02272578637357,1.1816217514743232
WR,relative,1999-2007,26.150000000000073,1.1041689111451172,1.022183441793702,1.1803014585888232
WR,relative,1999-2007,26.200000000000074,1.1031564965499736,1.0209260850284252,1.179364681982949
WR,relative,1999-2007,26.250000000000075,1.102068894522989,1.020941293508688,1.1783212919244748
WR,relative,1999-2007,26.300000000000075,1.1009146832030439,1.019701990043833,1.177112433572573
WR,relative,1999-2007,26.350000000000076,1.0997024407290175,1.0181134070654423,1.175719845214324
WR,relative,1999-2007,26.400000000000077,1.0984407452397906,1.01722505248306,1.1729575210152399
WR,relative,1999-2007,26.450000000000077,1.097138174874243,1.0144543688995038,1.1716659308051458
WR,relative,1999-2007,26.500000000000078,1.0958033077712548,1.0132912871384538,1.1710606475465795
WR,relative,1999-2007,26.55000000000008,1.094444722069706,1.0136126379059682,1.170195285431384
WR,relative,1999-2007,26.60000000000008,1.0930709959084766,1.01200372243814,1.1692902885804055
WR,relative,1999-2007,26.65000000000008,1.0916907074264466,1.009559199303021,1.16853848412368
WR,relative,1999-2007,26.70000000000008,1.0903124347624964,1.007490761605706,1.1677322182059924
WR,relative,1999-2007,26.75000000000008,1.088944756055506,1.0081854817120592,1.1669470176516672
WR,relative,1999-2007,26.800000000000082,1.087596249444355,1.0062391667996835,1.165504979454195
WR,relative,1999-2007,26.850000000000083,1.0862754930679237,1.0032599647876541,1.1644830429576065
WR,relative,1999-2007,26.900000000000084,1.0849910650650922,1.002524695619787,1.1631451618870874
WR,relative,1999-2007,26.950000000000085,1.083751543574741,1.0005854784654085,1.1613356453470114
WR,relative,1999-2007,27.000000000000085,1.0825655067357494,0.9988152630890379,1.1604521401878967
WR,relative,1999-2007,27.050000000000086,1.0814400481631068,0.9970822505973147,1.1613615458076434
WR,relative,1999-2007,27.100000000000087,1.0803749657893988,0.9961241123843675,1.1604458227860883
WR,relative,1999-2007,27.150000000000087,1.079367820039299,0.9940149021486442,1.159495401143192
WR,relative,1999-2007,27.200000000000088,1.0784161707486197,0.9921713750237692,1.1576031972324285
WR,relative,1999-2007,27.25000000000009,1.0775175777531736,0.9897986873787685,1.1563074751177012
WR,relative,1999-2007,27.30000000000009,1.0766696008887728,0.9878967254718202,1.1556502472344565
WR,relative,1999-2007,27.35000000000009,1.0758697999912306,0.9861554876849891,1.1556490338873489
WR,relative,1999-2007,27.40000000000009,1.0751157348963583,0.9845523129423142,1.1549911146761662
WR,relative,1999-2007,27.45000000000009,1.0744049654399692,0.9836777551797946,1.1541102816867415
WR,relative,1999-2007,27.500000000000092,1.0737350514578756,0.9835886572050944,1.153228477254329
WR,relative,1999-2007,27.550000000000093,1.07310355278589,0.9812333465970483,1.1523447769140662
WR,relative,1999-2007,27.600000000000094,1.0725080292598248,0.9794131989208129,1.1518651830676567
WR,relative,1999-2007,27.650000000000095,1.0719460407154926,0.9784243827901196,1.152338413518674
WR,relative,1999-2007,27.700000000000095,1.0714151469887059,0.9778624978883367,1.152852388500749
WR,relative,1999-2007,27.750000000000096,1.0709129079152768,0.9783743355323954,1.1534038422502715
WR,relative,1999-2007,27.800000000000097,1.0704368833310183,0.9789004141289206,1.153989509003631
WR,relative,1999-2007,27.850000000000097,1.0699846330717426,0.9794377489744779,1.154606122997218
WR,relative,1999-2007,27.900000000000098,1.0695537169732623,0.9787649230968326,1.1532578215073852
WR,relative,1999-2007,27.9500000000001,1.0691416948713899,0.9780901424463653,1.151427643056413
WR,relative,1999-2007,28.0000000000001,1.0687461266019376,0.9772837411632712,1.1502336084830733
WR,relative,1999-2007,28.0500000000001,1.0683645720007182,0.9768418279526944,1.1506579097926306
WR,relative,1999-2007,28.1000000000001,1.067994590903544,0.9775315077761945,1.1510488153802723
WR,relative,1999-2007,28.1500000000001,1.0676337431462275,0.9768746346026267,1.1514051115074793
WR,relative,1999-2007,28.200000000000102,1.0672795885645814,0.9762242131179192,1.151721118927692
WR,relative,1999-2007,28.250000000000103,1.066929686994418,0.975592261421328,1.151212961571803
WR,relative,1999-2007,28.300000000000104,1.0665815982715499,0.9749420627060703,1.1496240077614601
WR,relative,1999-2007,28.350000000000104,1.0662328822317892,0.9742941218121691,1.147922136834485
WR,relative,1999-2007,28.400000000000105,1.0658810987109488,0.9736528001869978,1.1461497626534967
WR,relative,1999-2007,28.450000000000106,1.0655238075448412,0.9730925606367075,1.1450694162131974
WR,relative,1999-2007,28.500000000000107,1.0651585685692786,0.9729730697200041,1.1443524790490116
WR,relative,1999-2007,28.550000000000107,1.0647829416200736,0.9730146870748391,1.1459300462371824
WR,relative,1999-2007,28.600000000000108,1.0643944865330388,0.9725768632662752,1.1464323498900626
WR,relative,1999-2007,28.65000000000011,1.0639907631439864,0.9726367112804879,1.1468492741277645
WR,relative,1999-2007,28.70000000000011,1.063569331288729,0.9728216524692215,1.1468610807894979
WR,relative,1999-2007,28.75000000000011,1.0631277508030796,0.972995931536839,1.1466353946548424
WR,relative,1999-2007,28.80000000000011,1.0626635815228498,0.9731553254259026,1.1454621460965
WR,relative,1999-2007,28.85000000000011,1.0621743832838528,0.973295611078974,1.144398964929959
WR,relative,1999-2007,28.900000000000112,1.0616577159219005,0.9733960487814058,1.1441150974711927
WR,relative,1999-2007,28.950000000000113,1.0611111392728059,0.9734206006582015,1.1431929055102632
WR,relative,1999-2007,29.000000000000114,1.060532213172381,0.9734269726292575,1.142211429087925
WR,relative,1999-2007,29.050000000000114,1.0599184974564388,0.9734115987565769,1.141183814705411
WR,relative,1999-2007,29.100000000000115,1.0592675519607915,0.9730086886873112,1.1401091082757773
WR,relative,1999-2007,29.150000000000116,1.0585769365212516,0.9724194177744243,1.1389863557120803
WR,relative,1999-2007,29.200000000000117,1.0578442109736317,0.9717987159989233,1.1387231862679723
WR,relative,1999-2007,29.250000000000117,1.0570669351537438,0.9704494277324457,1.138248072751148
WR,relative,1999-2007,29.300000000000118,1.056242668897401,0.968823331629264,1.1384049222820989
WR,relative,1999-2007,29.35000000000012,1.0553689725272837,0.9696455888737283,1.138485961737315
WR,relative,1999-2007,29.40000000000012,1.0544439967647603,0.9688759639870564,1.1384889289401465
WR,relative,1999-2007,29.45000000000012,1.0534676294972938,0.9678461504042359,1.1384136469669854
WR,relative,1999-2007,29.50000000000012,1.0524400765151463,0.9671371414821295,1.1381941362155805
WR,relative,1999-2007,29.55000000000012,1.0513615436085797,0.9662354744558304,1.1378969149145228
WR,relative,1999-2007,29.600000000000122,1.0502322365678565,0.9654692456101072,1.136143217429917
WR,relative,1999-2007,29.650000000000123,1.0490523611832385,0.965332213876582,1.1358704958806392
WR,relative,1999-2007,29.700000000000124,1.0478221232449882,0.9640778545206377,1.1357357423839984
WR,relative,1999-2007,29.750000000000124,1.0465417285433674,0.9621048899031783,1.1350736643124872
WR,relative,1999-2007,29.800000000000125,1.0452113828686385,0.9602886399378481,1.133600746805092
WR,relative,1999-2007,29.850000000000126,1.0438312920110635,0.9576394915440231,1.132037109253254
WR,relative,1999-2007,29.900000000000126,1.0424016617609044,0.9549542530564158,1.130457504027222
WR,relative,1999-2007,29.950000000000127,1.0409226979084236,0.9522558738683673,1.1290298605849245
WR,relative,1999-2007,30.000000000000128,1.0393946062438832,0.9503653540132908,1.1281161122608043
WR,relative,1999-2007,30.05000000000013,1.0378175925575452,0.9491607760885085,1.1271174096524157
WR,relative,1999-2007,30.10000000000013,1.036191862639672,0.9465310210061121,1.1260476398421557
WR,relative,1999-2007,30.15000000000013,1.0345176222805255,0.9425568851751308,1.1248466821918368
WR,relative,1999-2007,30.20000000000013,1.0327950772703676,0.9393978605004872,1.1229669291289603
WR,relative,1999-2007,30.25000000000013,1.0310244333994611,0.9386796716768009,1.1210262405133078
WR,relative,1999-2007,30.300000000000132,1.0292058964580675,0.9379214564279111,1.119016771774737
WR,relative,1999-2007,30.350000000000133,1.0273396722364492,0.9357432983729432,1.1174120995463028
WR,relative,1999-2007,30.400000000000134,1.0254259665248686,0.9330255840686277,1.1157886039990799
WR,relative,1999-2007,30.450000000000134,1.0234649851135873,0.9302532718147632,1.1145122790437945
WR,relative,1999-2007,30.500000000000135,1.021456933792868,0.9275655898930546,1.113345551484767
WR,relative,1999-2007,30.550000000000136,1.0194020183529728,0.9250949304634186,1.1118525980321101
WR,relative,1999-2007,30.600000000000136,1.0173004445841631,0.9230426657765015,1.110284843227215
WR,relative,1999-2007,30.650000000000137,1.0151524182767018,0.9206697828026118,1.108642616987382
WR,relative,1999-2007,30.700000000000138,1.0129581452208507,0.9187046798412196,1.1069216296385282
WR,relative,1999-2007,30.75000000000014,1.010717831206872,0.9167383751503168,1.105117789105349
WR,relative,1999-2007,30.80000000000014,1.0084316820250279,0.9146813622313205,1.103226060957016
WR,relative,1999-2007,30.85000000000014,1.0060999034655806,0.9124129352651891,1.1004696391343136
WR,relative,1999-2007,30.90000000000014,1.003722701318792,0.9091157585664816,1.0974431004504726
WR,relative,1999-2007,30.95000000000014,1.0013002813749246,0.905198588252677,1.094359196728304
WR,relative,1999-2007,31.000000000000142,0.99883284942424,0.9012619996301507,1.0921033583500317
WR,relative,1999-2007,31.050000000000143,0.996320611257001,0.8973060814774122,1.0891367360466488
WR,relative,1999-2007,31.100000000000144,0.9937637726634692,0.8947123271065398,1.0860980789349874
WR,relative,1999-2007,31.150000000000144,0.9911625394339069,0.8919347544879775,1.0836296618094043
WR,relative,1999-2007,31.200000000000145,0.9885171173585765,0.8896032571420492,1.0811751880477813
WR,relative,1999-2007,31.250000000000146,0.9858277122277397,0.8862093944860202,1.0786619510441768
WR,relative,1999-2007,31.300000000000146,0.983094529831659,0.882545752749258,1.0757508339922697
WR,relative,1999-2007,31.350000000000147,0.9803177759605963,0.8795659834586138,1.0722762373895938
WR,relative,1999-2007,31.400000000000148,0.9774976564048139,0.8761650472518401,1.0687241617548822
WR,relative,1999-2007,31.45000000000015,0.9746343769545739,0.872607000032109,1.0666921744830782
WR,relative,1999-2007,31.50000000000015,0.9717281434001382,0.86901326503486,1.0638256965705102
WR,relative,1999-2007,31.55000000000015,0.9687791615317695,0.8654852095968908,1.060636490857083
WR,relative,1999-2007,31.60000000000015,0.9657876371397294,0.8629339105171582,1.0582679973370628
WR,relative,1999-2007,31.65000000000015,0.9627537760142802,0.8603723559282034,1.0558558941229959
WR,relative,1999-2007,31.700000000000152,0.959677783945684,0.8567914879227205,1.0534003931927465
WR,relative,1999-2007,31.750000000000153,0.9565598667242032,0.8526575547921487,1.0505934905721528
WR,relative,1999-2007,31.800000000000153,0.9534002301400997,0.8484904890551433,1.04749346607509
WR,relative,1999-2007,31.850000000000154,0.9501990799836357,0.8442904541458354,1.0443387830091349
WR,relative,1999-2007,31.900000000000155,0.9469566220450734,0.8400576134983553,1.0411297123266665
WR,relative,1999-2007,31.950000000000156,0.9436730621146747,0.8357921305468341,1.0378462980975056
WR,relative,1999-2007,32.000000000000156,0.940348605982702,0.831494168725402,1.0345081934605207
WR,relative,1999-2007,32.05000000000015,0.9369834594394175,0.8273499682342931,1.0311160651231273
WR,relative,1999-2007,32.10000000000016,0.9335778282750828,0.8250671438605299,1.0276701863082065
WR,relative,1999-2007,32.15000000000016,0.9301319182799603,0.822790845290951,1.0243886453707423
WR,relative,1999-2007,32.20000000000016,0.9266459352443129,0.8194218378645016,1.0214714005376457
WR,relative,1999-2007,32.250000000000156,0.923120084958402,0.8151654834978344,1.0176372681596295
WR,relative,1999-2007,32.30000000000016,0.9195545732124895,0.8108852810458655,1.0137449302582637
WR,relative,1999-2007,32.350000000000165,0.9159496057968377,0.8083744926069277,1.0103414015052894
WR,relative,1999-2007,32.40000000000016,0.9123053885017094,0.8047896240158389,1.0069594972779317
WR,relative,1999-2007,32.45000000000016,0.9086221271173665,0.7998278630224882,1.0029165105550002
WR,relative,1999-2007,32.50000000000016,0.9049000274340702,0.7948152484411783,0.9989047642225294
WR,relative,1999-2007,32.55000000000017,0.9011392952420834,0.7897520497268931,0.9955181606057466
WR,relative,1999-2007,32.600000000000165,0.8973401363316686,0.7847182143600085,0.9920882636286946
WR,relative,1999-2007,32.65000000000016,0.8935027564930876,0.7808406306732059,0.988577365771286
WR,relative,1999-2007,32.700000000000166,0.8896273615166019,0.7769953497958748,0.9846330692181915
WR,relative,1999-2007,32.75000000000017,0.8857141571924743,0.7731380913637836,0.9808738987574952
WR,relative,1999-2007,32.80000000000017,0.8817633493109671,0.769176638373401,0.9776948795696443
WR,relative,1999-2007,32.850000000000165,0.8777751436623424,0.7652462921046217,0.9744793514887619
WR,relative,1999-2007,32.90000000000017,0.8737497460368616,0.7613330859411717,0.9712789268737319
WR,relative,1999-2007,32.95000000000017,0.8696873622247874,0.7565070094883863,0.9680381967565721
WR,relative,1999-2007,33.00000000000017,0.8655881980163821,0.7512194124956908,0.9647089827114618
WR,relative,1999-2007,33.05000000000017,0.8614524592019079,0.7459095650996446,0.9613221482474366
WR,relative,1999-2007,33.10000000000017,0.8572803515716262,0.7405561073399902,0.9578951401693733
WR,relative,1999-2007,33.150000000000176,0.8530720809157994,0.7351592859827543,0.9544281857967046
WR,relative,1999-2007,33.20000000000017,0.8488278530246904,0.7302276139034354,0.9509215124488632
WR,relative,1999-2007,33.25000000000017,0.8445478736885609,0.7259995495646824,0.9473753474452817
WR,relative,1999-2007,33.300000000000175,0.8402323486976724,0.7205860596320608,0.943818126685965
WR,relative,1999-2007,33.35000000000018,0.8358814838422873,0.7151295871654414,0.9404386425177399
WR,relative,1999-2007,33.400000000000176,0.8314954849126689,0.7096569551215173,0.9373771740789064
WR,relative,1999-2007,33.45000000000017,0.8270745576990783,0.7042023746392031,0.9339539445666293
WR,relative,1999-2007,33.50000000000018,0.8226189079917772,0.6999535111830847,0.9314872959701925
WR,relative,1999-2007,33.55000000000018,0.8181287415810283,0.695683000431322,0.928445792382922
WR,relative,1999-2007,33.60000000000018,0.8136042642570943,0.6913874352478755,0.9253555657964163
WR,relative,1999-2007,33.650000000000176,0.809045681810237,0.6868482893649771,0.9221988166514995
WR,relative,1999-2007,33.70000000000018,0.8044532000307176,0.6814015837170025,0.9189022456613772
WR,relative,1999-2007,33.750000000000185,0.7998270247087989,0.6759228738778041,0.913890520033861
WR,relative,1999-2007,33.80000000000018,0.7951673616347439,0.6704123553195841,0.9109408763036537
WR,relative,1999-2007,33.85000000000018,0.7904744165988139,0.6648702235145426,0.9079644041131295
WR,relative,1999-2007,33.90000000000018,0.7857483953912705,0.6592966739348805,0.9049612693490201
WR,relative,1999-2007,33.95000000000019,0.7809895038023762,0.6536919020527994,0.9015553017498849
WR,relative,1999-2007,34.000000000000185,0.7761979476223944,0.6480645969447507,0.8970862914706732
WR,relative,1999-2007,34.05000000000018,0.771373932641586,0.6424414120018727,0.8925695698389782
WR,relative,1999-2007,34.100000000000186,0.7665176646502126,0.6367881958690509,0.8880162107915545
WR,relative,1999-2007,34.15000000000019,0.7616293494385373,0.6310538800908356,0.8834264480933518
WR,relative,1999-2007,34.20000000000019,0.7567091927968226,0.6252528036549241,0.8788005155093206
WR,relative,1999-2007,34.250000000000185,0.75175740051533,0.6194406109315491,0.8741386468044094
WR,relative,1999-2007,34.30000000000019,0.7467741783843211,0.6136446231538489,0.8716547942616335
WR,relative,1999-2007,34.35000000000019,0.7417597321940587,0.60724099144923,0.8679491852315065
WR,relative,1999-2007,34.40000000000019,0.7367142677348055,0.5999864621403145,0.8634355698636362
WR,relative,1999-2007,34.45000000000019,0.731637990796823,0.5919673118934071,0.8609422850798376
WR,relative,1999-2007,34.50000000000019,0.7265311071703728,0.5854365491638662,0.859461512588138
WR,relative,1999-2007,34.550000000000196,0.7213938226457175,0.5788523751086468,0.8574271169135179
WR,relative,1999-2007,34.60000000000019,0.7162263430131202,0.5716748379242323,0.8528225496712761
WR,relative,1999-2007,34.65000000000019,0.711028874062842,0.564688220769605,0.8504075591318259
WR,relative,1999-2007,34.700000000000195,0.7058016215851446,0.5594613069725065,0.8467842623192634
WR,relative,1999-2007,34.7500000000002,0.7005447913702906,0.5542388431306559,0.8436262956256578
WR,relative,1999-2007,34.800000000000196,0.6952585892085432,0.5488359155543877,0.8387495881599566
WR,relative,1999-2007,34.85000000000019,0.6899432208901637,0.5400976921897076,0.8352598583529607
WR,relative,1999-2007,34.9000000000002,0.6845988922054131,0.5320602828244549,0.8327219261925833
WR,relative,1999-2007,34.9500000000002,0.6792258089445549,0.526127089544535,0.8302032222127004
WR,relative,1999-2007,35.0000000000002,0.6738241768978517,0.5194452704134845,0.8277075812396609
WR,relative,1999-2007,35.050000000000196,0.6683942018555649,0.5120856614774996,0.825155932229388
WR,relative,1999-2007,35.1000000000002,0.6629360896079557,0.5059410825771952,0.822588045057996
WR,relative,1999-2007,35.150000000000205,0.6574500459452874,0.5000568013332938,0.8200049252362456
WR,relative,1999-2007,35.2000000000002,0.6519362766578226,0.4933741402091043,0.8171849126404809
WR,relative,1999-2007,35.2500000000002,0.6463949875358228,0.48505226408727553,0.8141878758210014
WR,relative,1999-2007,35.3000000000002,0.6408263843695493,0.4784506845970609,0.8110929487950611
WR,relative,1999-2007,35.35000000000021,0.635230672949265,0.47169067621104416,0.8074236077934559
WR,relative,1999-2007,35.400000000000205,0.6296080590652329,0.4638160964693127,0.8037330855768691
WR,relative,1999-2007,35.4500000000002,0.6239587485077142,0.45590486892423004,0.8000215441708987
WR,relative,1999-2007,35.500000000000206,0.6182829470669703,0.4475925650053112,0.7974043905193104
WR,relative,1999-2007,35.55000000000021,0.6125808605332643,0.4389786900831001,0.7953037931254506
WR,relative,1999-2007,35.60000000000021,0.6068526946968591,0.4303162565977684,0.7927825935248975
WR,relative,1999-2007,35.650000000000205,0.601098655348016,0.4222159167541649,0.7896706328109491
WR,relative,1999-2007,35.70000000000021,0.5953189482769962,0.41498536363366806,0.7865686079440998
WR,relative,1999-2007,35.75000000000021,0.5895137792740628,0.40772342209217716,0.7834545638798966
WR,relative,1999-2007,35.80000000000021,0.5836833541294786,0.3996615592035899,0.7803285977607636
WR,relative,1999-2007,35.85000000000021,0.5778278786335049,0.3914891856793193,0.7771908067291239
WR,relative,1999-2007,35.90000000000021,0.5719475585764033,0.38328296843249954,0.7740412879274005
WR,relative,1999-2007,35.950000000000216,0.5660425997484366,0.3750431877944485,0.7708801384980175
WR,relative,1999-2007,36.00000000000021,0.5601132079398681,0.3667701240964841,0.7677074555833988
WR,relative,2008-2016,21.0,0.9310773309190412,0.7689551964137594,1.0679580674332885
WR,relative,2008-2016,21.05,0.9340107928109886,0.7744894573635577,1.0672476491983716
WR,relative,2008-2016,21.1,0.9369390670164092,0.78034377899923,1.0665443087610518
WR,relative,2008-2016,21.150000000000002,0.9398612109647252,0.7857240137351933,1.0660487102768563
WR,relative,2008-2016,21.200000000000003,0.9427762820853588,0.7904387854691209,1.0674036111183907
WR,relative,2008-2016,21.250000000000004,0.9456833378077323,0.7955881874902534,1.0659192320396789
WR,relative,2008-2016,21.300000000000004,0.9485814355612678,0.800861031265518,1.066099389383138
WR,relative,2008-2016,21.350000000000005,0.9514696327753879,0.8061245422243761,1.0670083112164204
WR,relative,2008-2016,21.400000000000006,0.9543469868795145,0.8113778318457295,1.067912201930062
WR,relative,2008-2016,21.450000000000006,0.9572125553030699,0.8166501595015155,1.0688106241785644
WR,relative,2008-2016,21.500000000000007,0.9600653954754765,0.8219312004504791,1.0696739428983426
WR,relative,2008-2016,21.550000000000008,0.9629045648261565,0.8281977498590536,1.0698532190257168
WR,relative,2008-2016,21.60000000000001,0.965729120784532,0.8347589774253936,1.0701525151056914
WR,relative,2008-2016,21.65000000000001,0.9685381207800252,0.8409447633256459,1.072427691195988
WR,relative,2008-2016,21.70000000000001,0.9713306222420587,0.8451018667393271,1.0729374971093533
WR,relative,2008-2016,21.75000000000001,0.9741056826000545,0.8514404243972048,1.0726722218904547
WR,relative,2008-2016,21.80000000000001,0.9768623592834349,0.8597815942434737,1.0738297302990039
WR,relative,2008-2016,21.850000000000012,0.979599709721622,0.8639288791732208,1.0749377218921472
WR,relative,2008-2016,21.900000000000013,0.9823167913440382,0.8688968749499699,1.0760236906159903
WR,relative,2008-2016,21.950000000000014,0.9850126615801057,0.8732882697843561,1.0764205826199704
WR,relative,2008-2016,22.000000000000014,0.9876863778592467,0.8768766285233104,1.0775035610943628
WR,relative,2008-2016,22.050000000000015,0.9903369976108836,0.8812469769618242,1.07913921816991
WR,relative,2008-2016,22.100000000000016,0.9929635782644385,0.8870078645457403,1.0800439964641213
WR,relative,2008-2016,22.150000000000016,0.9955651772493337,0.8886775973148702,1.0811194511232591
WR,relative,2008-2016,22.200000000000017,0.9981408519949914,0.8940408533786269,1.0837457241767479
WR,relative,2008-2016,22.250000000000018,1.000689659930834,0.9003751545157901,1.0852950078432455
WR,relative,2008-2016,22.30000000000002,1.0032106584862834,0.9040335140020281,1.0858718446284532
WR,relative,2008-2016,22.35000000000002,1.005702905090762,0.9084411577405572,1.0891205891587399
WR,relative,2008-2016,22.40000000000002,1.0081654571736924,0.9132747417834377,1.0913669577900504
WR,relative,2008-2016,22.45000000000002,1.0105973721644965,0.917825594183866,1.09477268509989
WR,relative,2008-2016,22.50000000000002,1.0129977074925964,0.9221790409243829,1.0981045341243112
WR,relative,2008-2016,22.550000000000022,1.0153655205874146,0.9277841909160617,1.100670871561364
WR,relative,2008-2016,22.600000000000023,1.0176998688783734,0.9325647573983528,1.102898903053441
WR,relative,2008-2016,22.650000000000023,1.019999809794895,0.9372520799289116,1.1049790397881702
WR,relative,2008-2016,22.700000000000024,1.0222644007664015,0.9412849692344023,1.107116245947022
WR,relative,2008-2016,22.750000000000025,1.0244926992223151,0.9432567648201702,1.1096281678529316
WR,relative,2008-2016,22.800000000000026,1.0266837625920582,0.9453442676986014,1.111349084913634
WR,relative,2008-2016,22.850000000000026,1.028836648305053,0.9483999860867007,1.1132056290292938
WR,relative,2008-2016,22.900000000000027,1.030950413790722,0.9505202058259267,1.1142297695851202
WR,relative,2008-2016,22.950000000000028,1.0330241164784868,0.9542771267820741,1.1154786225264877
WR,relative,2008-2016,23.00000000000003,1.0350568137977703,0.9599114200957779,1.1165625630052516
WR,relative,2008-2016,23.05000000000003,1.0370475631779943,0.9636247133604524,1.1178413570233539
WR,relative,2008-2016,23.10000000000003,1.0389954220485813,0.9667251790177694,1.1195105743102598
WR,relative,2008-2016,23.15000000000003,1.0408994478389537,0.9688827705811515,1.1204478239566493
WR,relative,2008-2016,23.20000000000003,1.0427586979785333,0.9697532022730141,1.1220043202802346
WR,relative,2008-2016,23.250000000000032,1.0445722298967426,0.9718192806750188,1.1234781823169253
WR,relative,2008-2016,23.300000000000033,1.0463391010230039,0.9749268519081538,1.1248495256603848
WR,relative,2008-2016,23.350000000000033,1.0480583687867393,0.976267132923497,1.1263511429766189
WR,relative,2008-2016,23.400000000000034,1.049729090617371,0.9780709590101088,1.1276787827623547
WR,relative,2008-2016,23.450000000000035,1.0513503239443214,0.9794291801432425,1.128405172870074
WR,relative,2008-2016,23.500000000000036,1.0529211261970128,0.9815477630195488,1.1294881471252411
WR,relative,2008-2016,23.550000000000036,1.0544405548048672,0.9843450578228374,1.1308770998444946
WR,relative,2008-2016,23.600000000000037,1.055907667197307,0.9863051155486108,1.1317384367219043
WR,relative,2008-2016,23.650000000000038,1.0573215208037545,0.988773613141162,1.132388968561608
WR,relative,2008-2016,23.70000000000004,1.0586811746957632,0.9903624437537437,1.1332903157392904
WR,relative,2008-2016,23.75000000000004,1.0599862536526377,0.990591219970353,1.134466279177709
WR,relative,2008-2016,23.80000000000004,1.0612377732449612,0.9904090705050576,1.1355682249139294
WR,relative,2008-2016,23.85000000000004,1.0624369589242164,0.9912133123959952,1.1366196940564122
WR,relative,2008-2016,23.90000000000004,1.0635850361418857,0.9934164106330354,1.1376277217515662
WR,relative,2008-2016,23.950000000000042,1.0646832303494511,0.994346539346559,1.1385965628318053
WR,relative,2008-2016,24.000000000000043,1.0657327669983956,0.9951451699737278,1.1392148599908312
WR,relative,2008-2016,24.050000000000043,1.066734871540201,0.9986102911858273,1.1385971843146552
WR,relative,2008-2016,24.100000000000044,1.06769076942635,1.0010113761590063,1.1386499134410653
WR,relative,2008-2016,24.150000000000045,1.0686016861083252,1.002536075212791,1.1380993025319868
WR,relative,2008-2016,24.200000000000045,1.0694688470376086,1.0026881953542295,1.1394151962704464
WR,relative,2008-2016,24.250000000000046,1.0702934776656827,1.0027102655268711,1.1401668124471713
WR,relative,2008-2016,24.300000000000047,1.0710768034440301,1.0042079021711867,1.1405816149966745
WR,relative,2008-2016,24.350000000000048,1.071820049824133,1.0049862811504282,1.1404078164511506
WR,relative,2008-2016,24.40000000000005,1.072524442257474,1.0057444785717011,1.1410413996872713
WR,relative,2008-2016,24.45000000000005,1.0731912061955353,1.0058298429113157,1.1423409120687047
WR,relative,2008-2016,24.50000000000005,1.0738215670897993,1.0056225094363307,1.1423971124340428
WR,relative,2008-2016,24.55000000000005,1.0744167503917483,1.0078280792864789,1.1441658842343783
WR,relative,2008-2016,24.60000000000005,1.0749779815528648,1.007210613696708,1.1447280049504982
WR,relative,2008-2016,24.650000000000052,1.0755064860246315,1.0091956586772206,1.1444226025100928
WR,relative,2008-2016,24.700000000000053,1.0760034892585306,1.0073402812007395,1.1437725299187351
WR,relative,2008-2016,24.750000000000053,1.0764702167060443,1.0070436454208718,1.1432147454624937
WR,relative,2008-2016,24.800000000000054,1.076907893818655,1.005553302365353,1.1435683120395217
WR,relative,2008-2016,24.850000000000055,1.0773177460478451,1.0046721697346774,1.144738381916815
WR,relative,2008-2016,24.900000000000055,1.0777009988450976,1.002853673322892,1.146265855406152
WR,relative,2008-2016,24.950000000000056,1.0780588776618942,1.0021393827159295,1.147165806644464
WR,relative,2008-2016,25.000000000000057,1.0783926079497175,1.0023822019215742,1.1474507272418215
WR,relative,2008-2016,25.050000000000058,1.0787034151600499,1.0018990340219813,1.1475813956586576
WR,relative,2008-2016,25.10000000000006,1.0789925247443737,1.0029923653032158,1.1474866427816544
WR,relative,2008-2016,25.15000000000006,1.0792611621541714,1.0030297764207794,1.1477024858071638
WR,relative,2008-2016,25.20000000000006,1.0795105528409257,1.001198595535281,1.148861867933173
WR,relative,2008-2016,25.25000000000006,1.0797419222561184,0.9994634286137949,1.148200195004771
WR,relative,2008-2016,25.30000000000006,1.0799564781890132,0.9985550601707055,1.1492774600584523
WR,relative,2008-2016,25.350000000000062,1.0801544971019985,0.999812454962009,1.150262408953833
WR,relative,2008-2016,25.400000000000063,1.0803348812584992,1.000649820665971,1.1510677291851583
WR,relative,2008-2016,25.450000000000063,1.080496422461734,0.999903330707483,1.1504937083421973
WR,relative,2008-2016,25.500000000000064,1.0806379125149217,0.9992607350502384,1.1497723356536202
WR,relative,2008-2016,25.550000000000065,1.0807581432212816,0.9987161604676791,1.1489413376298792
WR,relative,2008-2016,25.600000000000065,1.0808559063840324,0.99859447128699,1.1497773184207736
WR,relative,2008-2016,25.650000000000066,1.0809299938063928,0.9992786644774612,1.1504864688362515
WR,relative,2008-2016,25.700000000000067,1.0809791972915819,0.9996580371316206,1.150992326077889
WR,relative,2008-2016,25.750000000000068,1.0810023086428184,1.0010470633326176,1.1512111063527353
WR,relative,2008-2016,25.800000000000068,1.0809981196633216,1.0017912897473793,1.1520249803477745
WR,relative,2008-2016,25.85000000000007,1.0809654221563099,1.0016037668643172,1.151919162519634
WR,relative,2008-2016,25.90000000000007,1.0809030079250024,1.0018508296223523,1.1509110973623617
WR,relative,2008-2016,25.95000000000007,1.080809668772618,1.0028682819517873,1.14975339422998
WR,relative,2008-2016,26.00000000000007,1.0806841965023757,1.0028938571840702,1.1485102502414228
WR,relative,2008-2016,26.05000000000007,1.0805253829174943,1.00297334909176,1.1471633256972065
WR,relative,2008-2016,26.100000000000072,1.0803320198211925,1.0038734870276924,1.146019223843562
WR,relative,2008-2016,26.150000000000073,1.0801028990166894,1.0050965565222327,1.14741974009377
WR,relative,2008-2016,26.200000000000074,1.079836812307204,1.005107291279302,1.146632058260417
WR,relative,2008-2016,26.250000000000075,1.0795325514959548,1.005654992072475,1.1459000964059614
WR,relative,2008-2016,26.300000000000075,1.079188908386161,1.005675065874722,1.1460657641866179
WR,relative,2008-2016,26.350000000000076,1.0788046747810416,1.0055146340483216,1.1472664264384673
WR,relative,2008-2016,26.400000000000077,1.0783786424838149,1.005440059914536,1.1465770173423122
WR,relative,2008-2016,26.450000000000077,1.0779096032977007,1.0053485393188524,1.1457405917425436
WR,relative,2008-2016,26.500000000000078,1.0773963490259169,1.0052248752197144,1.1448546984579957
WR,relative,2008-2016,26.55000000000008,1.0768376714716832,1.005110750263067,1.144428724281857
WR,relative,2008-2016,26.60000000000008,1.0762323624382182,1.0049740828822613,1.1438009101230364
WR,relative,2008-2016,26.65000000000008,1.0755792137287405,1.0045883635990687,1.1434677065563312
WR,relative,2008-2016,26.70000000000008,1.0748770171464694,1.002727984139162,1.1430468499901676
WR,relative,2008-2016,26.75000000000008,1.0741245644946236,1.001163578916504,1.1425565802492745
WR,relative,2008-2016,26.800000000000082,1.073320647576422,1.0007174918729258,1.1419894252754563
WR,relative,2008-2016,26.850000000000083,1.0724640581950835,0.9991485552186449,1.1413072750148618
WR,relative,2008-2016,26.900000000000084,1.0715535881538272,0.998022021079141,1.140542605085726
WR,relative,2008-2016,26.950000000000085,1.0705880292558716,0.9972222711432517,1.1396964572749728
WR,relative,2008-2016,27.000000000000085,1.069566173304436,0.9963746369206351,1.1391204903143781
WR,relative,2008-2016,27.050000000000086,1.0684870870300607,0.9955024433117461,1.1386021401730717
WR,relative,2008-2016,27.100000000000087,1.0673511882917097,0.994688440195154,1.1379771836480628
WR,relative,2008-2016,27.150000000000087,1.066159309325011,0.9932702662637504,1.1372393652840975
WR,relative,2008-2016,27.200000000000088,1.064912282474647,0.9912465475944843,1.136829838543162
WR,relative,2008-2016,27.25000000000009,1.0636109400853004,0.9900608654375869,1.137488706377617
WR,relative,2008-2016,27.30000000000009,1.0622561145016534,0.987904820154185,1.1361819662352497
WR,relative,2008-2016,27.35000000000009,1.0608486380683886,0.9863439259628894,1.1341938750952332
WR,relative,2008-2016,27.40000000000009,1.0593893431301882,0.985257025156075,1.1340240311150975
WR,relative,2008-2016,27.45000000000009,1.0578790620317349,0.9842833452826619,1.1337185685589641
WR,relative,2008-2016,27.500000000000092,1.0563186271177112,0.9831415540942375,1.1322673593490193
WR,relative,2008-2016,27.550000000000093,1.0547088707327994,0.9814112377776815,1.131116811331681
WR,relative,2008-2016,27.600000000000094,1.0530506252216818,0.9795884477464747,1.1304126049482308
WR,relative,2008-2016,27.650000000000095,1.0513447229290414,0.9777717501209107,1.1302582898349764
WR,relative,2008-2016,27.700000000000095,1.0495919961995601,0.9759810551188159,1.1282738345855174
WR,relative,2008-2016,27.750000000000096,1.0477932773779208,0.9745766967147039,1.1258966448059968
WR,relative,2008-2016,27.800000000000097,1.0459493988088058,0.9731753166103121,1.1236492138086025
WR,relative,2008-2016,27.850000000000097,1.0440611928368972,0.9717760633183514,1.1220786743809077
WR,relative,2008-2016,27.900000000000098,1.042129491806878,0.9693998046418836,1.1196523944225516
WR,relative,2008-2016,27.9500000000001,1.0401551280634302,0.9668264983750418,1.117096523221592
WR,relative,2008-2016,28.0000000000001,1.0381389339512368,0.9642587454921341,1.114231326797095
WR,relative,2008-2016,28.0500000000001,1.0360817418149795,0.961703604526661,1.1100463018146705
WR,relative,2008-2016,28.1000000000001,1.0339843839993414,0.959703883997081,1.108828219239336
WR,relative,2008-2016,28.1500000000001,1.031847692849005,0.9579968572841365,1.1059594058505018
WR,relative,2008-2016,28.200000000000102,1.0296725007086522,0.956309077114714,1.1034405078304712
WR,relative,2008-2016,28.250000000000103,1.027459639922966,0.9543903156902278,1.1015350422864627
WR,relative,2008-2016,28.300000000000104,1.0252099428366286,0.951244229098306,1.0995434691169796
WR,relative,2008-2016,28.350000000000104,1.0229242417943223,0.9485596328497731,1.0974615781850008
WR,relative,2008-2016,28.400000000000105,1.02060336914073,0.945876283403119,1.0953219559240406
WR,relative,2008-2016,28.450000000000106,1.0182481572205335,0.9432270476836064,1.093125747696445
WR,relative,2008-2016,28.500000000000107,1.015859438378416,0.9405245306580422,1.0908740988645613
WR,relative,2008-2016,28.550000000000107,1.0134380449590594,0.9377628751586997,1.0885681547907362
WR,relative,2008-2016,28.600000000000108,1.0109848093071467,0.935006609071338,1.0862228310568074
WR,relative,2008-2016,28.65000000000011,1.0085005637673599,0.9322317576359016,1.0838508934787017
WR,relative,2008-2016,28.70000000000011,1.0059861406843815,0.9294407383014969,1.082753893681129
WR,relative,2008-2016,28.75000000000011,1.003442372402894,0.9266276804940863,1.0810406297251822
WR,relative,2008-2016,28.80000000000011,1.00087009126758,0.9240445160217511,1.080397842303634
WR,relative,2008-2016,28.85000000000011,0.9982701296231218,0.9220956600816098,1.0778647134908563
WR,relative,2008-2016,28.900000000000112,0.9956433198142021,0.919365946935424,1.0754008852859533
WR,relative,2008-2016,28.950000000000113,0.992990494185503,0.9170008190195919,1.0737121578248843
WR,relative,2008-2016,29.000000000000114,0.9903124850817072,0.9146178372430163,1.0709116379586903
WR,relative,2008-2016,29.050000000000114,0.9876101248474972,0.9122098115469359,1.0690400403966407
WR,relative,2008-2016,29.100000000000115,0.9848842458275553,0.9099877508244322,1.066778001749352
WR,relative,2008-2016,29.150000000000116,0.982135680366564,0.9073642279058795,1.0646912716038401
WR,relative,2008-2016,29.200000000000117,0.9793652608092056,0.904573248277047,1.0625703627806564
WR,relative,2008-2016,29.250000000000117,0.976573819500163,0.9006569329652557,1.060382478018647
WR,relative,2008-2016,29.300000000000118,0.9737621887841182,0.8984149646977784,1.0581730167695456
WR,relative,2008-2016,29.35000000000012,0.9709312008662512,0.8952454203004516,1.0555612074870306
WR,relative,2008-2016,29.40000000000012,0.9680815187841381,0.8920389366148938,1.0521151160586053
WR,relative,2008-2016,29.45000000000012,0.9652133078231917,0.8888124034706775,1.0486638827687895
WR,relative,2008-2016,29.50000000000012,0.9623266421797768,0.8862603613885391,1.0452075282074653
WR,relative,2008-2016,29.55000000000012,0.9594215960502575,0.8834463151709049,1.0417460729645138
WR,relative,2008-2016,29.600000000000122,0.9564982436309986,0.8806350490561052,1.0382753329594585
WR,relative,2008-2016,29.650000000000123,0.9535566591183643,0.8779303873024003,1.0359183298256307
WR,relative,2008-2016,29.700000000000124,0.9505969167087194,0.874788609190754,1.0340751958515948
WR,relative,2008-2016,29.750000000000124,0.9476190905984281,0.87113066353994,1.0321686628198044
WR,relative,2008-2016,29.800000000000125,0.944623254983855,0.8675642041700475,1.0302074205374607
WR,relative,2008-2016,29.850000000000126,0.9416094840613647,0.8640766872691421,1.0274444347455802
WR,relative,2008-2016,29.900000000000126,0.9385778520273214,0.8602314414556088,1.0237425598068848
WR,relative,2008-2016,29.950000000000127,0.93552843307809,0.8562806870473234,1.02134642298195
WR,relative,2008-2016,30.000000000000128,0.9324613014100345,0.853039068901826,1.019310233122973
WR,relative,2008-2016,30.05000000000013,0.9293765312195198,0.8499383868877176,1.0159908803336224
WR,relative,2008-2016,30.10000000000013,0.9262741967029101,0.8456358677859495,1.0126391005077016
WR,relative,2008-2016,30.15000000000013,0.9231543720565702,0.842024802315574,1.0098903075873176
WR,relative,2008-2016,30.20000000000013,0.9200171314768641,0.8392475000809113,1.0059274016016955
WR,relative,2008-2016,30.25000000000013,0.9168625491601569,0.8361741418003285,1.0024370009061419
WR,relative,2008-2016,30.300000000000132,0.9136906993028125,0.8326843791494575,0.9989621933869081
WR,relative,2008-2016,30.350000000000133,0.9105016561011957,0.8291922539782676,0.9959755049366938
WR,relative,2008-2016,30.400000000000134,0.9072954937516711,0.8256977764820074,0.9931245746258696
WR,relative,2008-2016,30.450000000000134,0.9040722864506028,0.8220316791997042,0.9902337846509751
WR,relative,2008-2016,30.500000000000135,0.9008321083943556,0.8186734692226099,0.9873033085204047
WR,relative,2008-2016,30.550000000000136,0.897575033779294,0.8151749347874536,0.9843333197425519
WR,relative,2008-2016,30.600000000000136,0.8943011368017821,0.8116770682061213,0.98132399182581
WR,relative,2008-2016,30.650000000000137,0.8910104916581849,0.8083642934115846,0.9782754982785734
WR,relative,2008-2016,30.700000000000138,0.8877031725448666,0.8052997740345998,0.9751880126092356
WR,relative,2008-2016,30.75000000000014,0.8843792536581917,0.8022344459032259,0.9720617083261902
WR,relative,2008-2016,30.80000000000014,0.8810388091945247,0.7989157067454128,0.9688967589378309
WR,relative,2008-2016,30.85000000000014,0.8776819133502302,0.7949638022368188,0.9656933379525519
WR,relative,2008-2016,30.90000000000014,0.8743086403216724,0.7909440241225314,0.9624516188787462
WR,relative,2008-2016,30.95000000000014,0.870919064305216,0.7869192625435566,0.9599056459461951
WR,relative,2008-2016,31.000000000000142,0.8675132594972256,0.7828955124111245,0.9564902752125994
WR,relative,2008-2016,31.050000000000143,0.8640913000940655,0.7788820577787504,0.9530612282561522
WR,relative,2008-2016,31.100000000000144,0.8606532602921003,0.7748945662611436,0.9496185678903135
WR,relative,2008-2016,31.150000000000144,0.8571992142876943,0.7709326503290929,0.9461623569285431
WR,relative,2008-2016,31.200000000000145,0.8537292362772122,0.7669815171660128,0.9426804971152732
WR,relative,2008-2016,31.250000000000146,0.8502434004570183,0.7637066368167507,0.9397606035270788
WR,relative,2008-2016,31.300000000000146,0.8467417810234772,0.7604855392053681,0.9369258375590062
WR,relative,2008-2016,31.350000000000147,0.8432244521729533,0.7572882680028393,0.9340677679685101
WR,relative,2008-2016,31.400000000000148,0.8396914881018112,0.7541129834710697,0.9311650708619988
WR,relative,2008-2016,31.45000000000015,0.8361429630064152,0.7508030538687566,0.9258837737189739
WR,relative,2008-2016,31.50000000000015,0.8325789510831301,0.746307074551277,0.9224760217410507
WR,relative,2008-2016,31.55000000000015,0.8289995265283203,0.742483405528654,0.9190581900542271
WR,relative,2008-2016,31.60000000000015,0.8254047635383499,0.739067510503478,0.9156050344874869
WR,relative,2008-2016,31.65000000000015,0.8217947363095838,0.7356572816945868,0.9121025143068422
WR,relative,2008-2016,31.700000000000152,0.8181695190383864,0.7322842945606496,0.908550869463655
WR,relative,2008-2016,31.750000000000153,0.814529185921122,0.7289268651078106,0.9049930134740608
WR,relative,2008-2016,31.800000000000153,0.8108738111541554,0.7255753990205013,0.9016604901387902
WR,relative,2008-2016,31.850000000000154,0.8072034689338509,0.7222298668830622,0.8983010197471234
WR,relative,2008-2016,31.900000000000155,0.8035182334565729,0.7188902392798342,0.8949147358804759
WR,relative,2008-2016,31.950000000000156,0.799818178918686,0.7155564867951582,0.8915017721202646
WR,relative,2008-2016,32.000000000000156,0.7961033795165549,0.7118436827017272,0.8880622620479061
WR,relative,2008-2016,32.05000000000015,0.7923739094465438,0.7076410075106978,0.8845963392448171
WR,relative,2008-2016,32.10000000000016,0.7886298429050168,0.7034162873682699,0.8811041372924132
WR,relative,2008-2016,32.15000000000016,0.7848712540883389,0.6991835437338532,0.8778495935984213
WR,relative,2008-2016,32.20000000000016,0.7810982171928751,0.6949428176006067,0.874845685644822
WR,relative,2008-2016,32.250000000000156,0.7773108064149891,0.6906941499616893,0.8718113741490108
WR,relative,2008-2016,32.30000000000016,0.7735090959510451,0.6863426927570238,0.8687624531845896
WR,relative,2008-2016,32.350000000000165,0.7696931599974082,0.6805806575145494,0.865698998555283
WR,relative,2008-2016,32.40000000000016,0.7658630727504432,0.6761527114713443,0.8628261278759439
WR,relative,2008-2016,32.45000000000016,0.7620189084065141,0.6710171369272225,0.859528791516911
WR,relative,2008-2016,32.50000000000016,0.7581607411619851,0.6672584244146322,0.8555114037336686
WR,relative,2008-2016,32.55000000000017,0.7542886452132207,0.6635180440198661,0.8511012833730964
WR,relative,2008-2016,32.600000000000165,0.7504026947565865,0.6585379818590978,0.8466518586658307
WR,relative,2008-2016,32.65000000000016,0.746502963988446,0.6533376438309781,0.8421633401021791
WR,relative,2008-2016,32.700000000000166,0.7425895271051633,0.6494135032611053,0.8388038367822
WR,relative,2008-2016,32.75000000000017,0.7386624583031036,0.6449856239416607,0.836459533666701
WR,relative,2008-2016,32.80000000000017,0.7347218317786319,0.6397352506569494,0.8340953045875984
WR,relative,2008-2016,32.850000000000165,0.7307677217281119,0.6344945767914124,0.8317004757717217
WR,relative,2008-2016,32.90000000000017,0.7268002023479077,0.6296007656286589,0.8278094754050574
WR,relative,2008-2016,32.95000000000017,0.7228193478343842,0.6240079436153232,0.8226475257538391
WR,relative,2008-2016,33.00000000000017,0.7188252323839065,0.6193435038343222,0.8189240072027677
WR,relative,2008-2016,33.05000000000017,0.7148179301928388,0.6146404305036747,0.8153670475719468
WR,relative,2008-2016,33.10000000000017,0.7107975154575445,0.6103014971152334,0.810817060482595
WR,relative,2008-2016,33.150000000000176,0.7067640623743892,0.6065305073968504,0.8072488819648433
WR,relative,2008-2016,33.20000000000017,0.7027176451397376,0.6013857137742663,0.8036565936363544
WR,relative,2008-2016,33.25000000000017,0.6986583379499536,0.5959916889399874,0.7996389100645446
WR,relative,2008-2016,33.300000000000175,0.6945862150014013,0.5905571067504456,0.7956503435877829
WR,relative,2008-2016,33.35000000000018,0.6905013504904456,0.5847488832274221,0.7927010968633701
WR,relative,2008-2016,33.400000000000176,0.6864038186134518,0.5791169836545961,0.7883191564084275
WR,relative,2008-2016,33.45000000000017,0.6822936935667836,0.5735093910803075,0.7835944251979164
WR,relative,2008-2016,33.50000000000018,0.6781710495468048,0.5678862069816633,0.7788213932022335
WR,relative,2008-2016,33.55000000000018,0.6740359607498809,0.5633201355886224,0.7740185806241652
WR,relative,2008-2016,33.60000000000018,0.6698885013723765,0.5587726366659831,0.7691954554689414
WR,relative,2008-2016,33.650000000000176,0.6657287456106558,0.5542347392242318,0.7655526376607688
WR,relative,2008-2016,33.70000000000018,0.6615567676610825,0.5496803910492601,0.7620897682861754
WR,relative,2008-2016,33.750000000000185,0.6573726417200219,0.5454031651752849,0.7582623320461973
WR,relative,2008-2016,33.80000000000018,0.6531764419838388,0.5410910285488866,0.7537023684043255
WR,relative,2008-2016,33.85000000000018,0.6489682426488973,0.5355693164570592,0.7489913226867869
WR,relative,2008-2016,33.90000000000018,0.6447481179115613,0.5292195630628697,0.7465335491477807
WR,relative,2008-2016,33.95000000000019,0.6405161419681956,0.523978835550812,0.744065637217036
WR,relative,2008-2016,34.000000000000185,0.6362723890151658,0.5189625527552186,0.7412788376518779
WR,relative,2008-2016,34.05000000000018,0.6320169332488352,0.5134190496604778,0.7378059827750608
WR,relative,2008-2016,34.100000000000186,0.6277498488655681,0.5082165715642468,0.734892436971449
WR,relative,2008-2016,34.15000000000019,0.6234712100617295,0.5024144312349719,0.7326324508928541
WR,relative,2008-2016,34.20000000000019,0.6191810910336843,0.4965909730750817,0.7303755002570894
WR,relative,2008-2016,34.250000000000185,0.6148795659777966,0.49072355141557367,0.7271761231102641
WR,relative,2008-2016,34.30000000000019,0.6105667090904303,0.48481940547494956,0.7232926182330652
WR,relative,2008-2016,34.35000000000019,0.6062425945679502,0.4788940218361738,0.7193870774906685
WR,relative,2008-2016,34.40000000000019,0.6019072966067217,0.4729841484799743,0.7154555076772092
WR,relative,2008-2016,34.45000000000019,0.5975608894031086,0.46708388790906813,0.7118452170122956
WR,relative,2008-2016,34.50000000000019,0.5932034471534746,0.4608519700137655,0.7095807053061226
WR,relative,2008-2016,34.550000000000196,0.588835044054185,0.45448343740361835,0.7077752871786417
WR,relative,2008-2016,34.60000000000019,0.5844557543016049,0.4479032102795115,0.7037832707864908
WR,relative,2008-2016,34.65000000000019,0.580065652092098,0.44065493247227333,0.7000009732734387
WR,relative,2008-2016,34.700000000000195,0.5756648116220284,0.4338101091964364,0.6961047584761392
WR,relative,2008-2016,34.7500000000002,0.571253307087761,0.42695127245674336,0.6921913130423214
WR,relative,2008-2016,34.800000000000196,0.566831212685661,0.42011053475883436,0.6882405909528622
WR,relative,2008-2016,34.85000000000019,0.5623986026120923,0.41375735753137677,0.686207801663147
WR,relative,2008-2016,34.9000000000002,0.5579555510634187,0.4079535141706601,0.6820662091738618
WR,relative,2008-2016,34.9500000000002,0.553502132236005,0.4016874561132509,0.6795684012827875
WR,relative,2008-2016,35.0000000000002,0.5490384203262171,0.3957607667796899,0.6761068684187367
WR,relative,2008-2016,35.050000000000196,0.5445644895304184,0.3893029614979701,0.6720188316963771
WR,relative,2008-2016,35.1000000000002,0.5400804140449723,0.38268452144547904,0.6679149684884282
WR,relative,2008-2016,35.150000000000205,0.5355862680662447,0.3760517773159943,0.664037018849195
WR,relative,2008-2016,35.2000000000002,0.5310821257906003,0.36939677681728356,0.6619263302818547
WR,relative,2008-2016,35.2500000000002,0.526568061414403,0.3627196851446873,0.6597855866164807
WR,relative,2008-2016,35.3000000000002,0.5220441491340169,0.35680483998114165,0.6576352930746434
WR,relative,2008-2016,35.35000000000021,0.5175104631458066,0.351136927082643,0.6554890018954552
WR,relative,2008-2016,35.400000000000205,0.5129670776461377,0.34501409147032425,0.6533466826952828
WR,relative,2008-2016,35.4500000000002,0.5084140668313738,0.3374190649674645,0.651208305090492
WR,relative,2008-2016,35.500000000000206,0.5038515048978788,0.32979766778916125,0.649073838697449
WR,relative,2008-2016,35.55000000000021,0.4992794660420179,0.3221501047918626,0.6460766731124563
WR,relative,2008-2016,35.60000000000021,0.4946980244601562,0.3151663655601497,0.6422980046923309
WR,relative,2008-2016,35.650000000000205,0.49010725434865754,0.30801752081946177,0.6385012860659574
WR,relative,2008-2016,35.70000000000021,0.48550722990388573,0.29969838673992844,0.6346955191404776
WR,relative,2008-2016,35.75000000000021,0.48089802532220594,0.29134668021447024,0.630890018558263
WR,relative,2008-2016,35.80000000000021,0.4762797147999831,0.2834119575096438,0.6272479666055569
WR,relative,2008-2016,35.85000000000021,0.47165237253358133,0.27557490807214396,0.6249097988456435
WR,relative,2008-2016,35.90000000000021,0.4670160727193644,0.2677128323044863,0.6225753989817988
WR,relative,2008-2016,35.950000000000216,0.4623708895536974,0.2598259375025471,0.6203648923942866
WR,relative,2008-2016,36.00000000000021,0.4577168972329454,0.2519144309622031,0.6184803388323262
WR,relative,2017-2025,21.0,0.8337834488210197,0.6474086593251018,1.0285905655733116
WR,relative,2017-2025,21.05,0.8383766438699287,0.6576853629749306,1.027777184000991
WR,relative,2017-2025,21.1,0.8429651851467802,0.6679367928131767,1.0269086804650316
WR,relative,2017-2025,21.150000000000002,0.8475482270899555,0.6773652198123398,1.0260561734008744
WR,relative,2017-2025,21.200000000000003,0.8521249241378358,0.6864268492961313,1.0261581044469559
WR,relative,2017-2025,21.250000000000004,0.8566944307288025,0.69549287149311,1.0265198496867738
WR,relative,2017-2025,21.300000000000004,0.861255901301237,0.7044539916315355,1.025843099607602
WR,relative,2017-2025,21.350000000000005,0.8658084902935202,0.7134052361904871,1.0245705001858383
WR,relative,2017-2025,21.400000000000006,0.8703513521440339,0.7223667196231693,1.0233218841728675
WR,relative,2017-2025,21.450000000000006,0.874883641291159,0.7329762717028433,1.0221490326353497
WR,relative,2017-2025,21.500000000000007,0.879404512173277,0.7419299323464063,1.023211517545072
WR,relative,2017-2025,21.550000000000008,0.8839131192287691,0.7501858612486578,1.0227392039730452
WR,relative,2017-2025,21.60000000000001,0.8884086168960167,0.758068522897236,1.024010315934124
WR,relative,2017-2025,21.65000000000001,0.892890159613401,0.7672653913019819,1.02303873080821
WR,relative,2017-2025,21.70000000000001,0.8973569018193033,0.7763215512754823,1.0230695438945097
WR,relative,2017-2025,21.75000000000001,0.901807997952105,0.7841132573475629,1.0232665151386313
WR,relative,2017-2025,21.80000000000001,0.9062426024501872,0.7926487201588768,1.0255656142315919
WR,relative,2017-2025,21.850000000000012,0.9106598697519313,0.80104643965268,1.0274570275175903
WR,relative,2017-2025,21.900000000000013,0.9150589542957185,0.8097911269471999,1.0264497456599166
WR,relative,2017-2025,21.950000000000014,0.9194390105199304,0.8172108041150625,1.0254962802305727
WR,relative,2017-2025,22.000000000000014,0.9237991928629478,0.8242832302482958,1.0245890596021456
WR,relative,2017-2025,22.050000000000015,0.9281386557631525,0.8313962270878247,1.024482382473336
WR,relative,2017-2025,22.100000000000016,0.9324565536589255,0.8383887342590601,1.0268221914560427
WR,relative,2017-2025,22.150000000000016,0.9367520409886482,0.8453941706734978,1.0291417430950642
WR,relative,2017-2025,22.200000000000017,0.9410242721907018,0.850691197172641,1.0305469976425425
WR,relative,2017-2025,22.250000000000018,0.9452724017034676,0.8552515974661703,1.0298839932741655
WR,relative,2017-2025,22.30000000000002,0.949495583965327,0.8597542016341362,1.0329975754772647
WR,relative,2017-2025,22.35000000000002,0.9536929734146612,0.8683241086331803,1.0351649491337755
WR,relative,2017-2025,22.40000000000002,0.9578637244898517,0.8774380903795457,1.0388879979471966
WR,relative,2017-2025,22.45000000000002,0.9620069916292794,0.8810593079785051,1.0418601429128334
WR,relative,2017-2025,22.50000000000002,0.9661219292713259,0.8843489786089413,1.0424419506945746
WR,relative,2017-2025,22.550000000000022,0.9702076918543724,0.8876987536201459,1.0449033193141266
WR,relative,2017-2025,22.600000000000023,0.9742634338168001,0.8942769829691555,1.049552358997946
WR,relative,2017-2025,22.650000000000023,0.9782883095969905,0.9012693611737707,1.0517473403015942
WR,relative,2017-2025,22.700000000000024,0.9822814736333249,0.9082733789796323,1.0538381550346767
WR,relative,2017-2025,22.750000000000025,0.9862420803641844,0.9123673096127002,1.0558803894876383
WR,relative,2017-2025,22.800000000000026,0.9901692842279504,0.917472476574603,1.0588342111924172
WR,relative,2017-2025,22.850000000000026,0.9940622396630039,0.9234026404915492,1.0629121340383654
WR,relative,2017-2025,22.900000000000027,0.9979201011077268,0.9266462723509391,1.066508675939406
WR,relative,2017-2025,22.950000000000028,1.0017420230004999,0.9321051146894883,1.071216598220405
WR,relative,2017-2025,23.00000000000003,1.0055271597797049,0.9363270974619662,1.0754180423704696
WR,relative,2017-2025,23.05000000000003,1.0092746658837226,0.9403953167605199,1.079447998690548
WR,relative,2017-2025,23.10000000000003,1.0129836957509344,0.9447843992361463,1.0834436598990662
WR,relative,2017-2025,23.15000000000003,1.016653403819722,0.9483900038446174,1.087368523352477
WR,relative,2017-2025,23.20000000000003,1.0202829445284665,0.9527414653364042,1.0912073954962644
WR,relative,2017-2025,23.250000000000032,1.0238714723155486,0.9564794765376187,1.095312592764773
WR,relative,2017-2025,23.300000000000033,1.0274181416193506,0.9581271469975144,1.098602081094947
WR,relative,2017-2025,23.350000000000033,1.0309221068782533,0.9617871030048696,1.1006526676356811
WR,relative,2017-2025,23.400000000000034,1.0343825225306378,0.9647050552883237,1.103916442304194
WR,relative,2017-2025,23.450000000000035,1.0377985430148855,0.9681860604885437,1.1077980062785173
WR,relative,2017-2025,23.500000000000036,1.0411693227693781,0.971752728373484,1.1108805795210115
WR,relative,2017-2025,23.550000000000036,1.0444940162324965,0.9743142771872962,1.114975642920133
WR,relative,2017-2025,23.600000000000037,1.0477717778426219,0.9766094830045767,1.118237052009826
WR,relative,2017-2025,23.650000000000038,1.0510017620381358,0.9794977263554709,1.1209682390084628
WR,relative,2017-2025,23.70000000000004,1.0541831214565538,0.9838649799739413,1.1221924465724133
WR,relative,2017-2025,23.75000000000004,1.057314388344239,0.9882292198558599,1.1247480459754648
WR,relative,2017-2025,23.80000000000004,1.0603925697172532,0.9919730471014718,1.1274874042780525
WR,relative,2017-2025,23.85000000000004,1.0634144424228955,0.9956722519305371,1.128696854070135
WR,relative,2017-2025,23.90000000000004,1.0663767833084654,0.998116537793933,1.131297048827415
WR,relative,2017-2025,23.950000000000042,1.0692763692212628,1.0001891858865564,1.1336407575355059
WR,relative,2017-2025,24.000000000000043,1.0721099770085867,1.002270736781126,1.1364969606609783
WR,relative,2017-2025,24.050000000000043,1.0748743835177366,1.0043739048604685,1.138282107405266
WR,relative,2017-2025,24.100000000000044,1.0775663655960122,1.0084502076134985,1.140647144026027
WR,relative,2017-2025,24.150000000000045,1.0801827000907127,1.0121284512118547,1.1435866379733175
WR,relative,2017-2025,24.200000000000045,1.0827201638491375,1.0139345207997,1.147711648765439
WR,relative,2017-2025,24.250000000000046,1.0851755337185862,1.017025338659257,1.1500597679818205
WR,relative,2017-2025,24.300000000000047,1.0875455865463586,1.0201272178214393,1.151118179341639
WR,relative,2017-2025,24.350000000000048,1.0898270991797536,1.023437210766402,1.1548903815128904
WR,relative,2017-2025,24.40000000000005,1.092016848466071,1.0254778970283385,1.1582153236875963
WR,relative,2017-2025,24.45000000000005,1.0941116112526101,1.0270917289296346,1.1606047035010916
WR,relative,2017-2025,24.50000000000005,1.0961081643866706,1.030560428694544,1.1622609486715274
WR,relative,2017-2025,24.55000000000005,1.0980032847155514,1.0337238526333883,1.1645651415016138
WR,relative,2017-2025,24.60000000000005,1.0997937490865524,1.035508681810194,1.1654727761776211
WR,relative,2017-2025,24.650000000000052,1.1014763343469731,1.0371557792924406,1.1680333851400222
WR,relative,2017-2025,24.700000000000053,1.1030478173441127,1.038892896314515,1.1706127848916927
WR,relative,2017-2025,24.750000000000053,1.1045049749252709,1.0409168657805294,1.1729628660352334
WR,relative,2017-2025,24.800000000000054,1.1058445839377469,1.0434127830628346,1.175235735949145
WR,relative,2017-2025,24.850000000000055,1.1070634212288404,1.0437027601179303,1.177046500306874
WR,relative,2017-2025,24.900000000000055,1.1081582636458507,1.0447214255121848,1.178089345123342
WR,relative,2017-2025,24.950000000000056,1.1091258880360773,1.045867291358372,1.1796712558488425
WR,relative,2017-2025,25.000000000000057,1.1099630712468196,1.0469360871461142,1.1809695754284746
WR,relative,2017-2025,25.050000000000058,1.1106665901253772,1.0468877866426647,1.1814882577038273
WR,relative,2017-2025,25.10000000000006,1.1112332215190492,1.0465503502683515,1.1818017344621734
WR,relative,2017-2025,25.15000000000006,1.1116597422751355,1.0455013596810536,1.1828471615524765
WR,relative,2017-2025,25.20000000000006,1.1119429292409355,1.0443564725698538,1.1832199837968893
WR,relative,2017-2025,25.25000000000006,1.1120795592637485,1.0431901008717472,1.183188664699969
WR,relative,2017-2025,25.30000000000006,1.112066466301166,1.0432270846379836,1.1833520530078503
WR,relative,2017-2025,25.350000000000062,1.1119034957302003,1.0434206764770853,1.1831712998925763
WR,relative,2017-2025,25.400000000000063,1.1115949363618085,1.0419290382212671,1.182674295997705
WR,relative,2017-2025,25.450000000000063,1.1111454341769358,1.0405564350556775,1.1828000766528708
WR,relative,2017-2025,25.500000000000064,1.110559635156527,1.0392080737672593,1.183425608156772
WR,relative,2017-2025,25.550000000000065,1.1098421852815283,1.037796934278829,1.1835351004279093
WR,relative,2017-2025,25.600000000000065,1.1089977305328842,1.0372549812593252,1.1841685505238735
WR,relative,2017-2025,25.650000000000066,1.1080309168915403,1.0380321337673748,1.183214439950481
WR,relative,2017-2025,25.700000000000067,1.1069463903384424,1.0364513103374688,1.1813327639013886
WR,relative,2017-2025,25.750000000000068,1.105748796854535,1.0348702743929867,1.179755581123083
WR,relative,2017-2025,25.800000000000068,1.1044427824207639,1.0332442934997295,1.1769374587785795
WR,relative,2017-2025,25.85000000000007,1.1030329930180742,1.0317112670380355,1.1755584704611985
WR,relative,2017-2025,25.90000000000007,1.1015240746274115,1.0301351466664357,1.1728275267017154
WR,relative,2017-2025,25.95000000000007,1.0999206732297209,1.028564619812432,1.1698012025837443
WR,relative,2017-2025,26.00000000000007,1.0982274348059478,1.027010300945095,1.1670551373184306
WR,relative,2017-2025,26.05000000000007,1.0964490053370373,1.025468097524087,1.1634183433487741
WR,relative,2017-2025,26.100000000000072,1.0945900308039351,1.0239202149041158,1.1609512101878448
WR,relative,2017-2025,26.150000000000073,1.0926551571875862,1.021790836993166,1.1584425405766263
WR,relative,2017-2025,26.200000000000074,1.0906490304689358,1.019450837939124,1.1577740744498075
WR,relative,2017-2025,26.250000000000075,1.0885762966289299,1.016900802683514,1.1569078797291803
WR,relative,2017-2025,26.300000000000075,1.086441601648513,1.0133900321664862,1.1548009048282808
WR,relative,2017-2025,26.350000000000076,1.0842495915086308,1.012377135539634,1.152266095662891
WR,relative,2017-2025,26.400000000000077,1.0820049121902284,1.0095184211571162,1.1504868123062602
WR,relative,2017-2025,26.450000000000077,1.0797122096742515,1.0066848083676778,1.1483720055761277
WR,relative,2017-2025,26.500000000000078,1.077376129941645,1.0042154567642176,1.1456798142542421
WR,relative,2017-2025,26.55000000000008,1.0750013189733547,1.0022720835718604,1.1427902683010536
WR,relative,2017-2025,26.60000000000008,1.0725924227503256,0.9991688126312819,1.1408572466705662
WR,relative,2017-2025,26.65000000000008,1.070154087253503,0.9950165839366418,1.138859068419987
WR,relative,2017-2025,26.70000000000008,1.067690958463832,0.9913059978809281,1.1367992083113618
WR,relative,2017-2025,26.75000000000008,1.0652076823622585,0.9884468578055261,1.1351662753653244
WR,relative,2017-2025,26.800000000000082,1.0627089049297274,0.9853208428241877,1.1335108816311508
WR,relative,2017-2025,26.850000000000083,1.060199272147184,0.9818658232930493,1.1318109712153819
WR,relative,2017-2025,26.900000000000084,1.0576834299955737,0.9793953814475852,1.1300697821758658
WR,relative,2017-2025,26.950000000000085,1.0551660244558418,0.9768996500297935,1.1282653207362896
WR,relative,2017-2025,27.000000000000085,1.0526517015089336,0.9735302454681873,1.1264765204569858
WR,relative,2017-2025,27.050000000000086,1.050144363279638,0.9693161833997909,1.125203819972979
WR,relative,2017-2025,27.100000000000087,1.0476442562168011,0.9663525515753221,1.1250524979344843
WR,relative,2017-2025,27.150000000000087,1.045150505612483,0.9635831790872618,1.1224883584021277
WR,relative,2017-2025,27.200000000000088,1.0426622364636802,0.9607238100986937,1.1188530159877812
WR,relative,2017-2025,27.25000000000009,1.0401785737673892,0.9578166513338786,1.1168119836412442
WR,relative,2017-2025,27.30000000000009,1.0376986425206065,0.9545420070998132,1.1141133419586724
WR,relative,2017-2025,27.35000000000009,1.0352215677203294,0.9512344460543326,1.1127006442313414
WR,relative,2017-2025,27.40000000000009,1.0327464743635537,0.9485002848221883,1.110610969022135
WR,relative,2017-2025,27.45000000000009,1.0302724874472766,0.9457161983668134,1.108511956913207
WR,relative,2017-2025,27.500000000000092,1.0277987319684945,0.9425607058467669,1.1063785315396784
WR,relative,2017-2025,27.550000000000093,1.0253243329242046,0.9393007428450222,1.1042109210799829
WR,relative,2017-2025,27.600000000000094,1.0228484153114028,0.9363311510493763,1.1020093537125542
WR,relative,2017-2025,27.650000000000095,1.020370104127086,0.9334305548359302,1.0997606049459108
WR,relative,2017-2025,27.700000000000095,1.0178885243682512,0.9305976527540507,1.0974457919638472
WR,relative,2017-2025,27.750000000000096,1.0154028010318945,0.9278388323905886,1.0950990682846165
WR,relative,2017-2025,27.800000000000097,1.012912059115013,0.9251507554206565,1.0929261749350314
WR,relative,2017-2025,27.850000000000097,1.010415423614603,0.9225330333271552,1.09165264699382
WR,relative,2017-2025,27.900000000000098,1.0079120195276614,0.9201439060136127,1.090249423585229
WR,relative,2017-2025,27.9500000000001,1.0054009718511847,0.9187015892820085,1.0875723276985234
WR,relative,2017-2025,28.0000000000001,1.0028814055821695,0.9166755802306096,1.0848165371915919
WR,relative,2017-2025,28.0500000000001,1.000352445717613,0.9138608437430235,1.082830193193442
WR,relative,2017-2025,28.1000000000001,0.9978132172545109,0.9103998299191787,1.0809235373322608
WR,relative,2017-2025,28.1500000000001,0.9952628451898605,0.9072890139472677,1.0791171350931341
WR,relative,2017-2025,28.200000000000102,0.9927004545206584,0.9054313421621203,1.077544920509994
WR,relative,2017-2025,28.250000000000103,0.990125170243901,0.9030702285237556,1.07479883878562
WR,relative,2017-2025,28.300000000000104,0.9875361173565853,0.9010421028758435,1.0726115674057988
WR,relative,2017-2025,28.350000000000104,0.9849324208557075,0.8990879169867998,1.0704334823558888
WR,relative,2017-2025,28.400000000000105,0.9823132057382646,0.8978823782127985,1.0682292933251205
WR,relative,2017-2025,28.450000000000106,0.9796775970012532,0.8970093838701804,1.0660555267910128
WR,relative,2017-2025,28.500000000000107,0.9770247196416698,0.8958157170833538,1.0638565567563623
WR,relative,2017-2025,28.550000000000107,0.9743536986565112,0.893419023091761,1.061611488668593
WR,relative,2017-2025,28.600000000000108,0.971663659042774,0.8900430671475204,1.0593141067889935
WR,relative,2017-2025,28.65000000000011,0.9689537257974548,0.8879927106879992,1.0569851276310869
WR,relative,2017-2025,28.70000000000011,0.9662230239175502,0.8849551647365976,1.0546237700845795
WR,relative,2017-2025,28.75000000000011,0.9634706784000571,0.8818909219968184,1.05167536317738
WR,relative,2017-2025,28.80000000000011,0.9606958142419719,0.8788002714299297,1.048873886461019
WR,relative,2017-2025,28.85000000000011,0.9578975564402913,0.8756869887637276,1.0458278155233836
WR,relative,2017-2025,28.900000000000112,0.955075029992012,0.8725663050311193,1.0437581735653187
WR,relative,2017-2025,28.950000000000113,0.9522273598941307,0.8694386937435742,1.0417862989770084
WR,relative,2017-2025,29.000000000000114,0.9493536711436438,0.8663018307537829,1.0397731324253883
WR,relative,2017-2025,29.050000000000114,0.9464530887375483,0.8631559867300913,1.0372385087902947
WR,relative,2017-2025,29.100000000000115,0.9435247376728406,0.8600014323408453,1.0346178165969182
WR,relative,2017-2025,29.150000000000116,0.9405677429465173,0.8568384382543908,1.0319572031093425
WR,relative,2017-2025,29.200000000000117,0.9375812295555753,0.8536672751390736,1.03014111655521
WR,relative,2017-2025,29.250000000000117,0.934564322497011,0.8503611957224273,1.0265007206877705
WR,relative,2017-2025,29.300000000000118,0.9315161467678212,0.846974161536572,1.0236840987270732
WR,relative,2017-2025,29.35000000000012,0.9284358275501629,0.8436029410375961,1.0208123902608224
WR,relative,2017-2025,29.40000000000012,0.9253227145599818,0.8402476168938976,1.0172923351402874
WR,relative,2017-2025,29.45000000000012,0.9221768181726968,0.8369081482241044,1.0130897214386076
WR,relative,2017-2025,29.50000000000012,0.9189982696649436,0.8335844715371372,1.008766719512671
WR,relative,2017-2025,29.55000000000012,0.915787200313358,0.8304166901967021,1.0072048791160775
WR,relative,2017-2025,29.600000000000122,0.9125437413945762,0.8270220816367209,1.004981166830417
WR,relative,2017-2025,29.650000000000123,0.9092680241852339,0.823456029320257,1.0011512356272696
WR,relative,2017-2025,29.700000000000124,0.905960179961967,0.8189061558752952,0.9972996991813022
WR,relative,2017-2025,29.750000000000124,0.9026203400014117,0.8143416933376049,0.9932948237629768
WR,relative,2017-2025,29.800000000000125,0.8992486355802037,0.8102783727133994,0.9891666849412671
WR,relative,2017-2025,29.850000000000126,0.8958451979749791,0.8063810595292298,0.9849773790507398
WR,relative,2017-2025,29.900000000000126,0.8924101584623734,0.803083362038168,0.9807271591327225
WR,relative,2017-2025,29.950000000000127,0.8889436483190231,0.7998007260889708,0.9775623940371253
WR,relative,2017-2025,30.000000000000128,0.8854457988215637,0.7960296689174775,0.973807328393346
WR,relative,2017-2025,30.05000000000013,0.8819167412466313,0.7920878810375116,0.9698441078314873
WR,relative,2017-2025,30.10000000000013,0.8783566068708617,0.7878921522914466,0.9658559950749497
WR,relative,2017-2025,30.15000000000013,0.874765526970891,0.7836862424029225,0.9627351906432526
WR,relative,2017-2025,30.20000000000013,0.8711436328233549,0.7794701945622282,0.9593378025517966
WR,relative,2017-2025,30.25000000000013,0.8674910557048895,0.7752440519596525,0.9562583600103737
WR,relative,2017-2025,30.300000000000132,0.8638079268921307,0.7710078577854845,0.9531134863374365
WR,relative,2017-2025,30.350000000000133,0.8600943776617143,0.766761655230013,0.949903462682003
WR,relative,2017-2025,30.400000000000134,0.8563505392902764,0.7625054874835271,0.9467146297542284
WR,relative,2017-2025,30.450000000000134,0.8525765430544527,0.7582393977363155,0.9437644657756286
WR,relative,2017-2025,30.500000000000135,0.8487725202308795,0.7539634291786677,0.9398432519793819
WR,relative,2017-2025,30.550000000000136,0.8449386020961922,0.7505972524175996,0.9363474722874854
WR,relative,2017-2025,30.600000000000136,0.841074919927027,0.7482960565976101,0.9328143472898657
WR,relative,2017-2025,30.650000000000137,0.8371816050000199,0.7440197280756047,0.9292179658968374
WR,relative,2017-2025,30.700000000000138,0.8332587885918068,0.7396326913861678,0.9255457605987432
WR,relative,2017-2025,30.75000000000014,0.8293066019790234,0.7352335623954963,0.9227404191201236
WR,relative,2017-2025,30.80000000000014,0.8253251764383058,0.7308223951528092,0.9201445908912048
WR,relative,2017-2025,30.85000000000014,0.8213146432462899,0.7263992437073259,0.9161157610069913
WR,relative,2017-2025,30.90000000000014,0.8172751336796116,0.7219641621082659,0.9120485823514857
WR,relative,2017-2025,30.95000000000014,0.813206779014907,0.717517204404848,0.9079195094610857
WR,relative,2017-2025,31.000000000000142,0.8091097105288116,0.7129110551826879,0.9037524472890212
WR,relative,2017-2025,31.050000000000143,0.8049840594979618,0.7088431516399768,0.8995476117622795
WR,relative,2017-2025,31.100000000000144,0.8008299571989932,0.70476243373653,0.8952926440040072
WR,relative,2017-2025,31.150000000000144,0.7966475349085418,0.699892089032626,0.8909804706727694
WR,relative,2017-2025,31.200000000000145,0.7924369239032436,0.6950423847254729,0.8866305136708813
WR,relative,2017-2025,31.250000000000146,0.7881982554597345,0.6904891907066776,0.8822429489592967
WR,relative,2017-2025,31.300000000000146,0.7839316608546503,0.685951527814571,0.8778179524989708
WR,relative,2017-2025,31.350000000000147,0.779637271364627,0.6814022099047351,0.8733557002508581
WR,relative,2017-2025,31.400000000000148,0.7753152182663006,0.6768412920244031,0.8707786952826588
WR,relative,2017-2025,31.45000000000015,0.7709656328363068,0.6722925958550358,0.868629330458121
WR,relative,2017-2025,31.50000000000015,0.7665886463512817,0.6683133564286317,0.8636531211515089
WR,relative,2017-2025,31.55000000000015,0.7621843900878613,0.6631048991928062,0.8589633551237476
WR,relative,2017-2025,31.60000000000015,0.7577529953226814,0.6572906285369735,0.855670970769264
WR,relative,2017-2025,31.65000000000015,0.7532945933323779,0.6524323765331282,0.8508603890255326
WR,relative,2017-2025,31.700000000000152,0.7488093153935866,0.6472878865067045,0.8456440712057887
WR,relative,2017-2025,31.750000000000153,0.7442972927829438,0.6437723953412965,0.84037691367587
WR,relative,2017-2025,31.800000000000153,0.739758656777085,0.6375381705995756,0.8361230677075803
WR,relative,2017-2025,31.850000000000154,0.7351935386526464,0.6297001089918426,0.8320317924042313
WR,relative,2017-2025,31.900000000000155,0.7306020696862638,0.6217570428426401,0.8279575722108475
WR,relative,2017-2025,31.950000000000156,0.7259843811545733,0.6165682389036188,0.821767662338298
WR,relative,2017-2025,32.000000000000156,0.7213406043342107,0.6068261787416173,0.8175449439205335
WR,relative,2017-2025,32.05000000000015,0.7166708705018121,0.6022031694862987,0.8129586167609685
WR,relative,2017-2025,32.10000000000016,0.7119753109340126,0.59371541527413,0.8086637263494593
WR,relative,2017-2025,32.15000000000016,0.7072540569074488,0.5843698105438492,0.8052176144440724
WR,relative,2017-2025,32.20000000000016,0.702507239698757,0.5749446453743342,0.8028623779614401
WR,relative,2017-2025,32.250000000000156,0.6977349905845728,0.5677316786443647,0.7987400060854546
WR,relative,2017-2025,32.30000000000016,0.6929374408415314,0.5624115077018926,0.7954604332098831
WR,relative,2017-2025,32.350000000000165,0.6881147217462693,0.5571115091850548,0.7921342388252419
WR,relative,2017-2025,32.40000000000016,0.683266964575423,0.5517994468415401,0.7887498502728664
WR,relative,2017-2025,32.45000000000016,0.6783943006056281,0.5459602367726033,0.7857142294302978
WR,relative,2017-2025,32.50000000000016,0.6734968611135195,0.5371106814307283,0.7827629690115521
WR,relative,2017-2025,32.55000000000017,0.6685747773757338,0.5281984790655878,0.7797993536630019
WR,relative,2017-2025,32.600000000000165,0.6636281806689079,0.5198599669367048,0.7768234491977236
WR,relative,2017-2025,32.65000000000016,0.6586572022696768,0.5146886836850646,0.7738353214287935
WR,relative,2017-2025,32.700000000000166,0.6536619734546756,0.5094943111047255,0.7701122843162214
WR,relative,2017-2025,32.75000000000017,0.6486426255005413,0.5028008787481835,0.7662349069196955
WR,relative,2017-2025,32.80000000000017,0.6435992896839102,0.4947745618526311,0.7622945941841028
WR,relative,2017-2025,32.850000000000165,0.6385320972814179,0.48924042340353274,0.7576656897903618
WR,relative,2017-2025,32.90000000000017,0.6334411795696991,0.479707633294132,0.7531503986615632
WR,relative,2017-2025,32.95000000000017,0.6283266678253907,0.4726210018184469,0.7507770467526061
WR,relative,2017-2025,33.00000000000017,0.6231886933251293,0.4630646332616618,0.7485147594712867
WR,relative,2017-2025,33.05000000000017,0.6180273873455502,0.4540568416611912,0.7434595759425334
WR,relative,2017-2025,33.10000000000017,0.6128428811632886,0.4441833522576098,0.740257411620355
WR,relative,2017-2025,33.150000000000176,0.6076353060549808,0.4336483925226265,0.7357530801951384
WR,relative,2017-2025,33.20000000000017,0.6024047932972639,0.42367896302883695,0.731328903453327
WR,relative,2017-2025,33.25000000000017,0.5971514741667729,0.4150769208808279,0.727551216122842
WR,relative,2017-2025,33.300000000000175,0.5918754799401431,0.40642136232737264,0.7246832787446897
WR,relative,2017-2025,33.35000000000018,0.5865769418940108,0.39728581637363164,0.7217585901258856
WR,relative,2017-2025,33.400000000000176,0.581255991305013,0.38809345537321244,0.717294298066938
WR,relative,2017-2025,33.45000000000017,0.5759127594497848,0.37884461210799547,0.7132593616816086
WR,relative,2017-2025,33.50000000000018,0.5705473776049614,0.3695396193598611,0.7088026843656131
WR,relative,2017-2025,33.55000000000018,0.5651599770471795,0.36017880991069345,0.7046920779483578
WR,relative,2017-2025,33.60000000000018,0.5597506890530756,0.3507625165423755,0.7043056350115471
WR,relative,2017-2025,33.650000000000176,0.5543196448992851,0.3413314456340201,0.6994745062409253
WR,relative,2017-2025,33.70000000000018,0.5488669758624428,0.3313481235531714,0.6929666224974331
WR,relative,2017-2025,33.750000000000185,0.5433928132191856,0.319594505848948,0.6889602181779585
WR,relative,2017-2025,33.80000000000018,0.5378972882461506,0.3085649863216041,0.6858598738118595
WR,relative,2017-2025,33.85000000000018,0.5323805322199722,0.3003062829187627,0.6832546111840472
WR,relative,2017-2025,33.90000000000018,0.526842676417286,0.29201653292128915,0.6824519184267075
WR,relative,2017-2025,33.95000000000019,0.5212838521147286,0.2834383859248962,0.6816724138790254
WR,relative,2017-2025,34.000000000000185,0.5157041905889369,0.2722584063839865,0.6809176681302735
WR,relative,2017-2025,34.05000000000018,0.5101038231165455,0.26046489971851267,0.6790871165306698
WR,relative,2017-2025,34.100000000000186,0.50448288097419,0.24859538629579284,0.6757641894725044
WR,relative,2017-2025,34.15000000000019,0.4988414954385072,0.23666628299496445,0.6724307684032806
WR,relative,2017-2025,34.20000000000019,0.4931797977861334,0.22468009411587075,0.6690869207099752
WR,relative,2017-2025,34.250000000000185,0.48749791929370395,0.21261975629658628,0.6657327137795646
WR,relative,2017-2025,34.30000000000019,0.48179599123785405,0.2004857518769627,0.6623682149990251
WR,relative,2017-2025,34.35000000000019,0.47607414489522004,0.18827856319685377,0.6589934917553335
WR,relative,2017-2025,34.40000000000019,0.47033251154243927,0.17599867259611507,0.6556086114354673
WR,relative,2017-2025,34.45000000000019,0.46457122245614635,0.1636465624145971,0.6533113714984549
WR,relative,2017-2025,34.50000000000019,0.4587904089129765,0.15122271499215167,0.6510598844398674
WR,relative,2017-2025,34.550000000000196,0.4529902021895665,0.13872761266863284,0.6492025939264283
WR,relative,2017-2025,34.60000000000019,0.4471707335625534,0.12619045323856107,0.6472798324202007
WR,relative,2017-2025,34.65000000000019,0.44133213430857154,0.113584252859734,0.6453608538613325
WR,relative,2017-2025,34.700000000000195,0.4354745357042568,0.10090846008929044,0.6429920124906262
WR,relative,2017-2025,34.7500000000002,0.4295980690262455,0.08972889632847494,0.6394022280399381
WR,relative,2017-2025,34.800000000000196,0.42370286555117453,0.07906144929671866,0.6360233788200618
WR,relative,2017-2025,34.85000000000019,0.4177890565556788,0.06834908929317876,0.633056172988836
WR,relative,2017-2025,34.9000000000002,0.4118567733163937,0.057592878171065835,0.631060910511834
WR,relative,2017-2025,34.9500000000002,0.40590614710995565,0.04681870512565332,0.629266376206671
WR,relative,2017-2025,35.0000000000002,0.3999373092130017,0.03600096179432403,0.6274643330371593
WR,relative,2017-2025,35.050000000000196,0.3939503909021669,0.025139962247895314,0.6240044982019076
WR,relative,2017-2025,35.1000000000002,0.3879455234540861,0.014236020557184537,0.6217907706875421
WR,relative,2017-2025,35.150000000000205,0.38192283814539624,0.0032894507930128535,0.6195835966556346
WR,relative,2017-2025,35.2000000000002,0.37588246625273414,-0.0076994329737985,0.6173829278220981
WR,relative,2017-2025,35.2500000000002,0.3698245390527347,-0.018730316672432253,0.6151887159028457
WR,relative,2017-2025,35.3000000000002,0.36374918782203325,-0.02980288623207028,0.6130009126137901
WR,relative,2017-2025,35.35000000000021,0.3576565438372662,-0.040861217546564015,0.6108194696708444
WR,relative,2017-2025,35.400000000000205,0.3515467383750705,-0.0519483703062149,0.6086443387899223
WR,relative,2017-2025,35.4500000000002,0.34541990271208123,-0.06307569559856112,0.6064754716869365
WR,relative,2017-2025,35.500000000000206,0.33927616812493344,-0.07424288375520954,0.6043128200777997
WR,relative,2017-2025,35.55000000000021,0.3331156658902641,-0.08544962510776288,0.6021563356784252
WR,relative,2017-2025,35.60000000000021,0.32693852728470973,-0.09669560998782482,0.6005727707649677
WR,relative,2017-2025,35.650000000000205,0.3207448835849056,-0.10798052872700149,0.5994800890198672
WR,relative,2017-2025,35.70000000000021,0.3145348660674865,-0.1193040716568998,0.5984153913918633
WR,relative,2017-2025,35.75000000000021,0.30830860600908944,-0.13066592910912253,0.5973654970734038
WR,relative,2017-2025,35.80000000000021,0.3020662346863511,-0.1420657914152737,0.596330286420113
WR,relative,2017-2025,35.85000000000021,0.29580788337590647,-0.1548408993688839,0.5953096397876148
WR,relative,2017-2025,35.90000000000021,0.2895336833543908,-0.16661938790953684,0.5943034375315331
WR,relative,2017-2025,35.950000000000216,0.2832437658984407,-0.17669242684318184,0.5933534049457558
WR,relative,2017-2025,36.00000000000021,0.2769382622846933,-0.18821657392040086,0.5926542635847427
WR,absolute_confounded,POOLED,21.0,9.16722424301673,8.025538762703532,10.217024733514046
WR,absolute_confounded,POOLED,21.05,9.193091225561652,8.095453706620255,10.222298389585733
WR,absolute_confounded,POOLED,21.1,9.21897712305802,8.166374481891683,10.21586719146818
WR,absolute_confounded,POOLED,21.150000000000002,9.244885372235602,8.237238456570033,10.216886036149987
WR,absolute_confounded,POOLED,21.200000000000003,9.270819409824169,8.288955889224027,10.21910901879425
WR,absolute_confounded,POOLED,21.250000000000004,9.296782672553485,8.320749183940396,10.22130753054332
WR,absolute_confounded,POOLED,21.300000000000004,9.322778597153322,8.382471595480256,10.223668413675027
WR,absolute_confounded,POOLED,21.350000000000005,9.348810620353444,8.444648531139778,10.226208753143634
WR,absolute_confounded,POOLED,21.400000000000006,9.37488217888362,8.507213145911546,10.228945633903416
WR,absolute_confounded,POOLED,21.450000000000006,9.400996709473619,8.565679864933543,10.229862811582313
WR,absolute_confounded,POOLED,21.500000000000007,9.427157648853207,8.617980165807396,10.23394517494108
WR,absolute_confounded,POOLED,21.550000000000008,9.453368433752155,8.665593511159024,10.238278575703418
WR,absolute_confounded,POOLED,21.60000000000001,9.479632500900228,8.712284433017649,10.242795395718302
WR,absolute_confounded,POOLED,21.65000000000001,9.505953287027195,8.75888459017156,10.247914737532298
WR,absolute_confounded,POOLED,21.70000000000001,9.532334228862824,8.793630826539982,10.261572498339037
WR,absolute_confounded,POOLED,21.75000000000001,9.558778763136884,8.836180933560886,10.259119841834519
WR,absolute_confounded,POOLED,21.80000000000001,9.585290326579141,8.879350358005645,10.276063474472974
WR,absolute_confounded,POOLED,21.850000000000012,9.611872355919365,8.926490731518944,10.281741173344043
WR,absolute_confounded,POOLED,21.900000000000013,9.638528287887322,8.968250248153796,10.282361133901405
WR,absolute_confounded,POOLED,21.950000000000014,9.66526155921278,9.015682747842092,10.285461305528518
WR,absolute_confounded,POOLED,22.000000000000014,9.692075606625508,9.062239129369425,10.314338646104375
WR,absolute_confounded,POOLED,22.050000000000015,9.718973866855274,9.10252039495827,10.309999182225289
WR,absolute_confounded,POOLED,22.100000000000016,9.745959776631844,9.148183719658162,10.326370968103587
WR,absolute_confounded,POOLED,22.150000000000016,9.77303677268499,9.201033289899582,10.347887377318607
WR,absolute_confounded,POOLED,22.200000000000017,9.800208291744475,9.244152726502257,10.364526634500164
WR,absolute_confounded,POOLED,22.250000000000018,9.82747777054007,9.28319880702434,10.38666877290799
WR,absolute_confounded,POOLED,22.30000000000002,9.854848645801543,9.313813049212715,10.41515559094455
WR,absolute_confounded,POOLED,22.35000000000002,9.88232435425866,9.349881989898503,10.43766458069604
WR,absolute_confounded,POOLED,22.40000000000002,9.90990833264119,9.386460140401232,10.466059550263333
WR,absolute_confounded,POOLED,22.45000000000002,9.937604017678902,9.423160341172371,10.482339946184716
WR,absolute_confounded,POOLED,22.50000000000002,9.965414846101561,9.46000769296865,10.504114401703925
WR,absolute_confounded,POOLED,22.550000000000022,9.993344254638938,9.496931332810686,10.525363773023237
WR,absolute_confounded,POOLED,22.600000000000023,10.021395680020799,9.532027573057084,10.547459129549852
WR,absolute_confounded,POOLED,22.650000000000023,10.049572558976914,9.554941207186795,10.567408235731278
WR,absolute_confounded,POOLED,22.700000000000024,10.077878328237048,9.591204610803949,10.578595392754183
WR,absolute_confounded,POOLED,22.750000000000025,10.106316424530972,9.62086350275616,10.591146867287556
WR,absolute_confounded,POOLED,22.800000000000026,10.134890284588451,9.651366707683604,10.610842469018053
WR,absolute_confounded,POOLED,22.850000000000026,10.163603345139254,9.680189804572747,10.634068938021885
WR,absolute_confounded,POOLED,22.900000000000027,10.192459042913152,9.709334231107121,10.655753544146044
WR,absolute_confounded,POOLED,22.950000000000028,10.221460814639908,9.736497413844434,10.679819123781307
WR,absolute_confounded,POOLED,23.00000000000003,10.250612097049293,9.769982099074017,10.70494782139474
WR,absolute_confounded,POOLED,23.05000000000003,10.279916326871074,9.802639720121858,10.735407305037183
WR,absolute_confounded,POOLED,23.10000000000003,10.309376940835019,9.83191239507312,10.758728787691156
WR,absolute_confounded,POOLED,23.15000000000003,10.338997375670896,9.85703578165553,10.783185216734354
WR,absolute_confounded,POOLED,23.20000000000003,10.368781068108472,9.879607557361739,10.808992673680116
WR,absolute_confounded,POOLED,23.250000000000032,10.398731454877517,9.904995230671531,10.846042304450501
WR,absolute_confounded,POOLED,23.300000000000033,10.428851972707797,9.936318918421193,10.882781960514299
WR,absolute_confounded,POOLED,23.350000000000033,10.45914605832908,9.966760659615037,10.916967018519351
WR,absolute_confounded,POOLED,23.400000000000034,10.489617148471137,10.009321744968167,10.942018609957318
WR,absolute_confounded,POOLED,23.450000000000035,10.520268679863731,10.040091600491298,10.968518404180497
WR,absolute_confounded,POOLED,23.500000000000036,10.551104089236633,10.070479885203602,10.995870972878004
WR,absolute_confounded,POOLED,23.550000000000036,10.582126813319611,10.101386475773653,11.022555051296786
WR,absolute_confounded,POOLED,23.600000000000037,10.613340288842432,10.132777517570448,11.05426784117162
WR,absolute_confounded,POOLED,23.650000000000038,10.644747952534864,10.164740432240603,11.08826911812375
WR,absolute_confounded,POOLED,23.70000000000004,10.676353196045426,10.195905387628084,11.119774878309086
WR,absolute_confounded,POOLED,23.75000000000004,10.708143880710821,10.222671066128356,11.150177418557048
WR,absolute_confounded,POOLED,23.80000000000004,10.740069686629823,10.260237571405609,11.176963660035353
WR,absolute_confounded,POOLED,23.85000000000004,10.772074532064293,10.296682771626477,11.211521948748468
WR,absolute_confounded,POOLED,23.90000000000004,10.804102335276086,10.33056679755902,11.248573369263143
WR,absolute_confounded,POOLED,23.950000000000042,10.83609701452706,10.365866940712165,11.266145424538072
WR,absolute_confounded,POOLED,24.000000000000043,10.86800248807907,10.404434573331415,11.307900153597197
WR,absolute_confounded,POOLED,24.050000000000043,10.899762674193974,10.437543890114942,11.338903477935657
WR,absolute_confounded,POOLED,24.100000000000044,10.931321491133628,10.466900939462779,11.37598101642695
WR,absolute_confounded,POOLED,24.150000000000045,10.962622857159893,10.50300210341543,11.400805877540193
WR,absolute_confounded,POOLED,24.200000000000045,10.993610690534624,10.541238510467053,11.416128000889595
WR,absolute_confounded,POOLED,24.250000000000046,11.024228909519675,10.577349720354125,11.444111497320112
WR,absolute_confounded,POOLED,24.300000000000047,11.054421432376907,10.614718635090021,11.47128798176305
WR,absolute_confounded,POOLED,24.350000000000048,11.084132177368176,10.636439180114085,11.509940245338152
WR,absolute_confounded,POOLED,24.40000000000005,11.113305062755341,10.668035928093552,11.54852643105604
WR,absolute_confounded,POOLED,24.45000000000005,11.141884006800254,10.700444155515083,11.571223576068524
WR,absolute_confounded,POOLED,24.50000000000005,11.169812927764777,10.718032040823587,11.603338395657834
WR,absolute_confounded,POOLED,24.55000000000005,11.197035743910764,10.756551273771214,11.631171846264467
WR,absolute_confounded,POOLED,24.60000000000005,11.223496373500073,10.77947310431331,11.655303244284996
WR,absolute_confounded,POOLED,24.650000000000052,11.249138734794563,10.804505897317826,11.67992581892448
WR,absolute_confounded,POOLED,24.700000000000053,11.273906746056088,10.827099509122634,11.69298054976564
WR,absolute_confounded,POOLED,24.750000000000053,11.297744325546507,10.849456429534012,11.716932533631542
WR,absolute_confounded,POOLED,24.800000000000054,11.320595391527675,10.871540798864675,11.748296906998396
WR,absolute_confounded,POOLED,24.850000000000055,11.342403862261454,10.889771400632975,11.775566536330713
WR,absolute_confounded,POOLED,24.900000000000055,11.363113656009697,10.915200832019686,11.795294207975962
WR,absolute_confounded,POOLED,24.950000000000056,11.382668691034262,10.938432433432663,11.813006743151671
WR,absolute_confounded,POOLED,25.000000000000057,11.401012885597003,10.957089726591487,11.833700713697993
WR,absolute_confounded,POOLED,25.050000000000058,11.418090157959783,10.973054892939908,11.852719523894372
WR,absolute_confounded,POOLED,25.10000000000006,11.433844426384455,10.985336334849347,11.870135287619274
WR,absolute_confounded,POOLED,25.15000000000006,11.448219609132877,10.999824859524484,11.890839407980136
WR,absolute_confounded,POOLED,25.20000000000006,11.461159624466909,11.014825215786722,11.905183507337656
WR,absolute_confounded,POOLED,25.25000000000006,11.472608390648404,11.029623167106202,11.91415928641676
WR,absolute_confounded,POOLED,25.30000000000006,11.482510582202565,11.042559914154095,11.926862140191012
WR,absolute_confounded,POOLED,25.350000000000062,11.490850751337813,11.050294443424393,11.936687810088387
WR,absolute_confounded,POOLED,25.400000000000063,11.497672290904271,11.05567287406833,11.944283836643795
WR,absolute_confounded,POOLED,25.450000000000063,11.50302332345247,11.063326273078314,11.951518714090705
WR,absolute_confounded,POOLED,25.500000000000064,11.506951971532946,11.069923830279846,11.952681348309428
WR,absolute_confounded,POOLED,25.550000000000065,11.509506357696228,11.072784432833314,11.958629347347145
WR,absolute_confounded,POOLED,25.600000000000065,11.510734604492848,11.074285840646418,11.958656196561446
WR,absolute_confounded,POOLED,25.650000000000066,11.510684834473338,11.072799289903603,11.956397031491276
WR,absolute_confounded,POOLED,25.700000000000067,11.50940517018823,11.067595706545902,11.951956740397057
WR,absolute_confounded,POOLED,25.750000000000068,11.506943734188058,11.061181016389503,11.95390204666913
WR,absolute_confounded,POOLED,25.800000000000068,11.503348649023351,11.055980159863935,11.95450695702559
WR,absolute_confounded,POOLED,25.85000000000007,11.498668037244641,11.04786575892283,11.95363866928294
WR,absolute_confounded,POOLED,25.90000000000007,11.492950021402464,11.03730349771547,11.951354053934786
WR,absolute_confounded,POOLED,25.95000000000007,11.486242724047349,11.028781954229729,11.947133893119165
WR,absolute_confounded,POOLED,26.00000000000007,11.478594267729827,11.020999010933956,11.936477587976363
WR,absolute_confounded,POOLED,26.05000000000007,11.470052775000433,11.012782212927718,11.924574034928119
WR,absolute_confounded,POOLED,26.100000000000072,11.460666368409695,11.00341887114477,11.91108394777987
WR,absolute_confounded,POOLED,26.150000000000073,11.45048317050815,10.990886464852288,11.896812582084912
WR,absolute_confounded,POOLED,26.200000000000074,11.439551303846326,10.98033305187925,11.896485540063932
WR,absolute_confounded,POOLED,26.250000000000075,11.427918890974755,10.96939816952239,11.882653460760505
WR,absolute_confounded,POOLED,26.300000000000075,11.415634054443974,10.955732492851514,11.870651898072698
WR,absolute_confounded,POOLED,26.350000000000076,11.402744916804508,10.947294615175172,11.860510250735402
WR,absolute_confounded,POOLED,26.400000000000077,11.389299600606893,10.926338244276687,11.850129954230653
WR,absolute_confounded,POOLED,26.450000000000077,11.375346228401662,10.90707400875117,11.8397315606346
WR,absolute_confounded,POOLED,26.500000000000078,11.360932922739345,10.886637767470743,11.827287989283843
WR,absolute_confounded,POOLED,26.55000000000008,11.346107806170473,10.869953384627086,11.81695875582878
WR,absolute_confounded,POOLED,26.60000000000008,11.330919001245581,10.852956425927141,11.800251164523155
WR,absolute_confounded,POOLED,26.65000000000008,11.3154146305152,10.82862433369403,11.78793638169858
WR,absolute_confounded,POOLED,26.70000000000008,11.29964281652986,10.809228798517985,11.781887860258074
WR,absolute_confounded,POOLED,26.75000000000008,11.283651681840094,10.789717136086995,11.774082553063844
WR,absolute_confounded,POOLED,26.800000000000082,11.267489348996435,10.770263198059423,11.767310986231232
WR,absolute_confounded,POOLED,26.850000000000083,11.251203940549415,10.75089637183316,11.759359445480811
WR,absolute_confounded,POOLED,26.900000000000084,11.234843579049564,10.73155174575243,11.750311236502325
WR,absolute_confounded,POOLED,26.950000000000085,11.218456387047418,10.712009963309884,11.740501375214826
WR,absolute_confounded,POOLED,27.000000000000085,11.202090487093503,10.692417660964177,11.729948633386162
WR,absolute_confounded,POOLED,27.050000000000086,11.185786395756528,10.663158172115802,11.718670837828707
WR,absolute_confounded,POOLED,27.100000000000087,11.169547250060061,10.631891386481675,11.706681171377681
WR,absolute_confounded,POOLED,27.150000000000087,11.153364723120205,10.612488440649802,11.693946069524255
WR,absolute_confounded,POOLED,27.200000000000088,11.137230485036023,10.594583254038792,11.681098155072553
WR,absolute_confounded,POOLED,27.25000000000009,11.121136205906579,10.576657052528278,11.666352699787984
WR,absolute_confounded,POOLED,27.30000000000009,11.105073555830936,10.559978252459587,11.651498652781216
WR,absolute_confounded,POOLED,27.35000000000009,11.089034204908158,10.543400481082177,11.636037320492635
WR,absolute_confounded,POOLED,27.40000000000009,11.073009823237307,10.527334012261264,11.622665863488626
WR,absolute_confounded,POOLED,27.45000000000009,11.05699208091745,10.511747700076675,11.606770764579677
WR,absolute_confounded,POOLED,27.500000000000092,11.040972648047646,10.496635177463533,11.596551912220807
WR,absolute_confounded,POOLED,27.550000000000093,11.024943194726962,10.479825604451019,11.586003248738198
WR,absolute_confounded,POOLED,27.600000000000094,11.008895391054462,10.459961099649586,11.570327449837281
WR,absolute_confounded,POOLED,27.650000000000095,10.992820907129207,10.445855906618004,11.552590568908977
WR,absolute_confounded,POOLED,27.700000000000095,10.97671141305026,10.435166703604532,11.531072411998377
WR,absolute_confounded,POOLED,27.750000000000096,10.96055857891669,10.414934519280285,11.512807849187737
WR,absolute_confounded,POOLED,27.800000000000097,10.944354074827553,10.395222844284566,11.493782924872319
WR,absolute_confounded,POOLED,27.850000000000097,10.928089570881918,10.376143677984553,11.473782493335124
WR,absolute_confounded,POOLED,27.900000000000098,10.911756737178845,10.357613696997126,11.458729982113589
WR,absolute_confounded,POOLED,27.9500000000001,10.895347243817401,10.34560998293345,11.443208319519396
WR,absolute_confounded,POOLED,28.0000000000001,10.878852760896649,10.33032389658333,11.428189409457545
WR,absolute_confounded,POOLED,28.0500000000001,10.862264958515649,10.312682381250028,11.415016629761087
WR,absolute_confounded,POOLED,28.1000000000001,10.845575506773468,10.297258825831912,11.396970531716242
WR,absolute_confounded,POOLED,28.1500000000001,10.828776075769166,10.282029813770704,11.378215140993046
WR,absolute_confounded,POOLED,28.200000000000102,10.811858335601812,10.264921603941378,11.360469596778362
WR,absolute_confounded,POOLED,28.250000000000103,10.794813956370465,10.250483168410149,11.33689294613983
WR,absolute_confounded,POOLED,28.300000000000104,10.777634608174193,10.233969351418017,11.319070938830857
WR,absolute_confounded,POOLED,28.350000000000104,10.760311961112052,10.216585659696554,11.302879876817018
WR,absolute_confounded,POOLED,28.400000000000105,10.742837685283114,10.200628396387616,11.286086169036798
WR,absolute_confounded,POOLED,28.450000000000106,10.725203450786436,10.183490052214482,11.268704093354438
WR,absolute_confounded,POOLED,28.500000000000107,10.707400927721086,10.166409260918607,11.250724071493579
WR,absolute_confounded,POOLED,28.550000000000107,10.689421786186124,10.149411990208156,11.229489056357249
WR,absolute_confounded,POOLED,28.600000000000108,10.671257696280616,10.128165885079335,11.207175240623588
WR,absolute_confounded,POOLED,28.65000000000011,10.652900328103627,10.108264789833575,11.182811427079075
WR,absolute_confounded,POOLED,28.70000000000011,10.634341351754216,10.08513561457888,11.16174941828469
WR,absolute_confounded,POOLED,28.75000000000011,10.61557243733145,10.061836226574101,11.143781088078752
WR,absolute_confounded,POOLED,28.80000000000011,10.59658525493439,10.037431718983163,11.129353280980144
WR,absolute_confounded,POOLED,28.85000000000011,10.577371474662101,10.016425133492659,11.111204599498649
WR,absolute_confounded,POOLED,28.900000000000112,10.557922766613649,9.996515030985332,11.089855442314347
WR,absolute_confounded,POOLED,28.950000000000113,10.538230800888094,9.975887620420885,11.06811526391546
WR,absolute_confounded,POOLED,29.000000000000114,10.5182872475845,9.953716251976456,11.046048101526539
WR,absolute_confounded,POOLED,29.050000000000114,10.49808377680193,9.930069675659563,11.023660689670821
WR,absolute_confounded,POOLED,29.100000000000115,10.477612058639451,9.915047255408528,11.000953043423628
WR,absolute_confounded,POOLED,29.150000000000116,10.456863763196123,9.894084638441113,10.981365566283303
WR,absolute_confounded,POOLED,29.200000000000117,10.435830560571013,9.872927750230795,10.962621592314097
WR,absolute_confounded,POOLED,29.250000000000117,10.41450412086318,9.85645914783731,10.939599198820973
WR,absolute_confounded,POOLED,29.300000000000118,10.39287611417169,9.836838730492834,10.916030783682494
WR,absolute_confounded,POOLED,29.35000000000012,10.370938212361162,9.8075114408888,10.895121421927938
WR,absolute_confounded,POOLED,29.40000000000012,10.348684228288953,9.785600825013761,10.879098751450492
WR,absolute_confounded,POOLED,29.45000000000012,10.326114274386027,9.761601455817338,10.862399906761782
WR,absolute_confounded,POOLED,29.50000000000012,10.303229615910418,9.736359030011453,10.845027595509086
WR,absolute_confounded,POOLED,29.55000000000012,10.280031518120152,9.715872144311094,10.82341197710421
WR,absolute_confounded,POOLED,29.600000000000122,10.256521246273262,9.688542587092748,10.799046109364612
WR,absolute_confounded,POOLED,29.650000000000123,10.232700065627776,9.65667429809512,10.777216606058644
WR,absolute_confounded,POOLED,29.700000000000124,10.208569241441724,9.626578546949768,10.756454665645878
WR,absolute_confounded,POOLED,29.750000000000124,10.184130038973137,9.601381777624786,10.732567207989153
WR,absolute_confounded,POOLED,29.800000000000125,10.159383723480044,9.57673129576298,10.707405815179056
WR,absolute_confounded,POOLED,29.850000000000126,10.134331560220474,9.551883965807216,10.681933779759513
WR,absolute_confounded,POOLED,29.900000000000126,10.108974814452457,9.526941169950739,10.656248187621353
WR,absolute_confounded,POOLED,29.950000000000127,10.083314751434022,9.50177854688688,10.629264557537756
WR,absolute_confounded,POOLED,30.000000000000128,10.057352636423202,9.478611581388737,10.601042050653007
WR,absolute_confounded,POOLED,30.05000000000013,10.031089734678025,9.455758723541809,10.578094077801406
WR,absolute_confounded,POOLED,30.10000000000013,10.004527311456517,9.432631382306038,10.55183103957803
WR,absolute_confounded,POOLED,30.15000000000013,9.977666632016714,9.409230717171946,10.52913196034318
WR,absolute_confounded,POOLED,30.20000000000013,9.950508961616642,9.385557887630046,10.505965380684392
WR,absolute_confounded,POOLED,30.25000000000013,9.92305556551433,9.358520446707194,10.48221680047781
WR,absolute_confounded,POOLED,30.300000000000132,9.895307708967811,9.33086610406404,10.453578443805668
WR,absolute_confounded,POOLED,30.350000000000133,9.867266657235113,9.302676974100358,10.420237984921757
WR,absolute_confounded,POOLED,30.400000000000134,9.838933675574266,9.273178679628359,10.393277681771984
WR,absolute_confounded,POOLED,30.450000000000134,9.810310029243299,9.24346330557626,10.367627998145295
WR,absolute_confounded,POOLED,30.500000000000135,9.781396983500244,9.213531796887533,10.341547904523372
WR,absolute_confounded,POOLED,30.550000000000136,9.752195803603128,9.182248178221244,10.316197848379764
WR,absolute_confounded,POOLED,30.600000000000136,9.72270775480998,9.152791580743687,10.291452888831227
WR,absolute_confounded,POOLED,30.650000000000137,9.692934102378834,9.120490603799734,10.2660062485103
WR,absolute_confounded,POOLED,30.700000000000138,9.662876111567718,9.085286683893413,10.233375726768951
WR,absolute_confounded,POOLED,30.75000000000014,9.632535047634658,9.049873324337948,10.20036172819096
WR,absolute_confounded,POOLED,30.80000000000014,9.60191217583769,9.014251461270252,10.167019996134668
WR,absolute_confounded,POOLED,30.85000000000014,9.57100876143484,8.978422030827234,10.133352002054448
WR,absolute_confounded,POOLED,30.90000000000014,9.539826069684137,8.942567916630127,10.102179209722843
WR,absolute_confounded,POOLED,30.95000000000014,9.508365365843614,8.90652204317586,10.070762451798556
WR,absolute_confounded,POOLED,31.000000000000142,9.476627915171298,8.870274670948346,10.0391520090649
WR,absolute_confounded,POOLED,31.050000000000143,9.44461498292522,8.83382672117924,10.010502823218527
WR,absolute_confounded,POOLED,31.100000000000144,9.41232783436341,8.79717911510019,9.980214637202492
WR,absolute_confounded,POOLED,31.150000000000144,9.379767734743897,8.761812191323264,9.949723083720523
WR,absolute_confounded,POOLED,31.200000000000145,9.346935949324712,8.72922584480523,9.918866108464007
WR,absolute_confounded,POOLED,31.250000000000146,9.313833743363881,8.69659277326755,9.887793899796597
WR,absolute_confounded,POOLED,31.300000000000146,9.280462382119438,8.66396714743309,9.85653009467149
WR,absolute_confounded,POOLED,31.350000000000147,9.246823130849412,8.63323297100175,9.824866905192396
WR,absolute_confounded,POOLED,31.400000000000148,9.212917254811833,8.60239253137312,9.789594266170134
WR,absolute_confounded,POOLED,31.45000000000015,9.178746019264727,8.571446332815295,9.753929181147182
WR,absolute_confounded,POOLED,31.50000000000015,9.144310689466128,8.540394879596372,9.718989743847835
WR,absolute_confounded,POOLED,31.55000000000015,9.109612530674065,8.509238675984447,9.68652900053735
WR,absolute_confounded,POOLED,31.60000000000015,9.074652808146567,8.475517543590017,9.653740423637277
WR,absolute_confounded,POOLED,31.65000000000015,9.039432787141664,8.433468831328586,9.620545123405305
WR,absolute_confounded,POOLED,31.700000000000152,9.003953732917385,8.394766440768997,9.587029663333029
WR,absolute_confounded,POOLED,31.750000000000153,8.968216910731758,8.360201289393517,9.553195607253882
WR,absolute_confounded,POOLED,31.800000000000153,8.932223585842818,8.325473761951125,9.516416492055619
WR,absolute_confounded,POOLED,31.850000000000154,8.895975023508592,8.290584659398768,9.482602813204918
WR,absolute_confounded,POOLED,31.900000000000155,8.859472488987109,8.255534782693395,9.449398294000131
WR,absolute_confounded,POOLED,31.950000000000156,8.822717247536401,8.220364270431782,9.412930230306792
WR,absolute_confounded,POOLED,32.000000000000156,8.785710564414494,8.185254719935317,9.372933440798116
WR,absolute_confounded,POOLED,32.05000000000015,8.748453704879424,8.142341318432285,9.332430244619491
WR,absolute_confounded,POOLED,32.10000000000016,8.71094793418921,8.091925837014049,9.291423202904058
WR,absolute_confounded,POOLED,32.15000000000016,8.673194517601889,8.04607553935195,9.250020103362765
WR,absolute_confounded,POOLED,32.20000000000016,8.635194720375496,8.00900229073842,9.21557560890677
WR,absolute_confounded,POOLED,32.250000000000156,8.596949807768056,7.962106721796403,9.180847088140725
WR,absolute_confounded,POOLED,32.30000000000016,8.55846104503759,7.9285260943818106,9.139041073554035
WR,absolute_confounded,POOLED,32.350000000000165,8.519729697442136,7.894914660166748,9.104373563467533
WR,absolute_confounded,POOLED,32.40000000000016,8.48075703023973,7.851478287171628,9.069651002927563
WR,absolute_confounded,POOLED,32.45000000000016,8.441544308688394,7.802952015231148,9.029684953720302
WR,absolute_confounded,POOLED,32.50000000000016,8.402092798046155,7.75283668908335,8.987383280759921
WR,absolute_confounded,POOLED,32.55000000000017,8.362403763571045,7.70083174543343,8.944622554186294
WR,absolute_confounded,POOLED,32.600000000000165,8.322478470521101,7.655400909249044,8.901517298037517
WR,absolute_confounded,POOLED,32.65000000000016,8.282318184154347,7.617660469143383,8.858477763806311
WR,absolute_confounded,POOLED,32.700000000000166,8.241924169728806,7.580917423755702,8.822736858424047
WR,absolute_confounded,POOLED,32.75000000000017,8.201297692502518,7.54428960269322,8.78662175263084
WR,absolute_confounded,POOLED,32.80000000000017,8.160440017733512,7.498452849959254,8.749351184325823
WR,absolute_confounded,POOLED,32.850000000000165,8.119352410679817,7.449879277487061,8.712800105468284
WR,absolute_confounded,POOLED,32.90000000000017,8.078036136599454,7.401004680360654,8.676064554861695
WR,absolute_confounded,POOLED,32.95000000000017,8.036492460750459,7.352510455597726,8.638769473177524
WR,absolute_confounded,POOLED,33.00000000000017,7.994722648390869,7.310468309190783,8.598511254372749
WR,absolute_confounded,POOLED,33.05000000000017,7.952727964778708,7.262280893769287,8.564407402294854
WR,absolute_confounded,POOLED,33.10000000000017,7.9105096751719985,7.2219657312862,8.526892116473599
WR,absolute_confounded,POOLED,33.150000000000176,7.8680690448287764,7.170774469371171,8.48928785894652
WR,absolute_confounded,POOLED,33.20000000000017,7.825407339007078,7.130623977490785,8.451835651092745
WR,absolute_confounded,POOLED,33.25000000000017,7.782525822964926,7.097891277524108,8.418042109751502
WR,absolute_confounded,POOLED,33.300000000000175,7.739425761960346,7.063192313822113,8.375739163395586
WR,absolute_confounded,POOLED,33.35000000000018,7.69610842125137,7.021642168431609,8.335206401710407
WR,absolute_confounded,POOLED,33.400000000000176,7.65257506609604,6.97091142082344,8.29194175133975
WR,absolute_confounded,POOLED,33.45000000000017,7.608826961752376,6.92268670727162,8.24836900377964
WR,absolute_confounded,POOLED,33.50000000000018,7.5648653734783995,6.8674219595690404,8.20448997427531
WR,absolute_confounded,POOLED,33.55000000000018,7.520691566532151,6.811892168009085,8.160306478072012
WR,absolute_confounded,POOLED,33.60000000000018,7.476306806171662,6.7560989127961095,8.118730643691757
WR,absolute_confounded,POOLED,33.650000000000176,7.431712357654961,6.700043774134454,8.083649209562045
WR,absolute_confounded,POOLED,33.70000000000018,7.386909486240066,6.643728332228461,8.054049551085017
WR,absolute_confounded,POOLED,33.750000000000185,7.341899457185017,6.590245844593113,8.023525266487399
WR,absolute_confounded,POOLED,33.80000000000018,7.2966835357478494,6.545823756396447,7.97211168542368
WR,absolute_confounded,POOLED,33.85000000000018,7.2512629871865855,6.501263720346333,7.922782398760224
WR,absolute_confounded,POOLED,33.90000000000018,7.20563907675925,6.447215415734285,7.887589233494645
WR,absolute_confounded,POOLED,33.95000000000019,7.159813069723878,6.395323342486027,7.8522994395753045
WR,absolute_confounded,POOLED,34.000000000000185,7.113786231338507,6.333966821579102,7.816878076763475
WR,absolute_confounded,POOLED,34.05000000000018,7.0675598268611575,6.268810389654141,7.781319587375647
WR,absolute_confounded,POOLED,34.100000000000186,7.021135121549854,6.214789970574621,7.7407625411909775
WR,absolute_confounded,POOLED,34.15000000000019,6.9745133806626365,6.150300827722674,7.702063626048713
WR,absolute_confounded,POOLED,34.20000000000019,6.927695869457535,6.09566794572299,7.665754943376504
WR,absolute_confounded,POOLED,34.250000000000185,6.880683853192577,6.034592663888146,7.626845286533454
WR,absolute_confounded,POOLED,34.30000000000019,6.833478597125786,5.97318763121086,7.586195660134727
WR,absolute_confounded,POOLED,34.35000000000019,6.7860813665151944,5.911463483908293,7.5454179757435025
WR,absolute_confounded,POOLED,34.40000000000019,6.7384934266188425,5.849567144989766,7.505260461527355
WR,absolute_confounded,POOLED,34.45000000000019,6.690716042694753,5.78734931679297,7.469778239412939
WR,absolute_confounded,POOLED,34.50000000000019,6.642750480000947,5.724812146479226,7.430046633243367
WR,absolute_confounded,POOLED,34.550000000000196,6.594598003795461,5.661957781209875,7.389053851373174
WR,absolute_confounded,POOLED,34.60000000000019,6.546259879336334,5.598788368146257,7.345886123437597
WR,absolute_confounded,POOLED,34.65000000000019,6.497737371881586,5.535306054449695,7.302550175912955
WR,absolute_confounded,POOLED,34.700000000000195,6.449031746689243,5.47151298728151,7.259047163142061
WR,absolute_confounded,POOLED,34.7500000000002,6.400144269017338,5.407411313803045,7.215378239467731
WR,absolute_confounded,POOLED,34.800000000000196,6.3510762041239115,5.3430031811756376,7.171764879298069
WR,absolute_confounded,POOLED,34.85000000000019,6.301828817266983,5.28061633263006,7.129612981911882
WR,absolute_confounded,POOLED,34.9000000000002,6.252403373704579,5.218478496930249,7.087341578658653
WR,absolute_confounded,POOLED,34.9500000000002,6.202801138694731,5.1561189202479225,7.044951518738406
WR,absolute_confounded,POOLED,35.0000000000002,6.153023377495481,5.093602402761476,7.0024436513511725
WR,absolute_confounded,POOLED,35.050000000000196,6.10307135536485,5.030937576270196,6.959818825696963
WR,absolute_confounded,POOLED,35.1000000000002,6.052946337560859,4.96805738875763,6.917077890975791
WR,absolute_confounded,POOLED,35.150000000000205,6.002649589341546,4.902038447785262,6.876819838959956
WR,absolute_confounded,POOLED,35.2000000000002,5.9521823759649495,4.8403258328722325,6.837017771588235
WR,absolute_confounded,POOLED,35.2500000000002,5.901545962689089,4.777768964455947,6.7971144244416495
WR,absolute_confounded,POOLED,35.3000000000002,5.85074161477199,4.711467885422556,6.7571105548790875
WR,absolute_confounded,POOLED,35.35000000000021,5.799770597471686,4.638817894637575,6.71700692025945
WR,absolute_confounded,POOLED,35.400000000000205,5.7486341760462185,4.575547669946748,6.681641561035693
WR,absolute_confounded,POOLED,35.4500000000002,5.697333615753605,4.512057611244266,6.647391640428579
WR,absolute_confounded,POOLED,35.500000000000206,5.645870181851872,4.4485312289694825,6.613089218002617
WR,absolute_confounded,POOLED,35.55000000000021,5.594245139599055,4.384814454880965,6.578734701609942
WR,absolute_confounded,POOLED,35.60000000000021,5.5424597542531915,4.320885225801501,6.543967244369833
WR,absolute_confounded,POOLED,35.650000000000205,5.490515291072303,4.252753167293011,6.509514107774862
WR,absolute_confounded,POOLED,35.70000000000021,5.438413015314414,4.18374426733521,6.474997889594635
WR,absolute_confounded,POOLED,35.75000000000021,5.38615419223756,4.114501399382021,6.440419095584044
WR,absolute_confounded,POOLED,35.80000000000021,5.333740087099777,4.0399327305680695,6.3980820517567
WR,absolute_confounded,POOLED,35.85000000000021,5.281171965159089,3.9623768563523627,6.356053157381843
WR,absolute_confounded,POOLED,35.90000000000021,5.22845109167352,3.8855202379791343,6.3183587951215285
WR,absolute_confounded,POOLED,35.950000000000216,5.175578731901102,3.816990103172987,6.280533688892876
WR,absolute_confounded,POOLED,36.00000000000021,5.122556151099879,3.742197974329846,6.24604292806423
WR,absolute_confounded,1999-2007,21.0,8.229118654714634,6.267592898173078,10.469249188640502
WR,absolute_confounded,1999-2007,21.05,8.250550503308101,6.337861061716981,10.402788006297765
WR,absolute_confounded,1999-2007,21.1,8.272068172250426,6.408082027711367,10.361715117062717
WR,absolute_confounded,1999-2007,21.150000000000002,8.29368725456855,6.478792286687278,10.322581041224835
WR,absolute_confounded,1999-2007,21.200000000000003,8.315423343289421,6.558757072859914,10.284493411954227
WR,absolute_confounded,1999-2007,21.250000000000004,8.337292031439986,6.635803075077813,10.246850640903704
WR,absolute_confounded,1999-2007,21.300000000000004,8.359308912047194,6.693478551196668,10.198419238847293
WR,absolute_confounded,1999-2007,21.350000000000005,8.381489578137986,6.767193358850234,10.17300211999564
WR,absolute_confounded,1999-2007,21.400000000000006,8.403849622739312,6.8388896011640155,10.14379865862891
WR,absolute_confounded,1999-2007,21.450000000000006,8.426404638878118,6.8992487220201975,10.123200335979876
WR,absolute_confounded,1999-2007,21.500000000000007,8.44917021958135,6.965071345070163,10.104135438760125
WR,absolute_confounded,1999-2007,21.550000000000008,8.472161957875954,7.0362568941113315,10.089341697693637
WR,absolute_confounded,1999-2007,21.60000000000001,8.495395446788878,7.107567925930289,10.063811808263727
WR,absolute_confounded,1999-2007,21.65000000000001,8.518886279347067,7.1766153940492705,10.045059302880455
WR,absolute_confounded,1999-2007,21.70000000000001,8.54265004857747,7.245350550827572,10.02357502827764
WR,absolute_confounded,1999-2007,21.75000000000001,8.566702347507029,7.314358346426463,10.00403238893044
WR,absolute_confounded,1999-2007,21.80000000000001,8.591058769162693,7.371313983802433,9.98029078981923
WR,absolute_confounded,1999-2007,21.850000000000012,8.61573490657141,7.435348947391508,9.963670470338588
WR,absolute_confounded,1999-2007,21.900000000000013,8.640746352760123,7.511304593399874,9.947871344981055
WR,absolute_confounded,1999-2007,21.950000000000014,8.666108700755782,7.548444035874271,9.932931602135525
WR,absolute_confounded,1999-2007,22.000000000000014,8.691837543585331,7.58666368315702,9.91406999958715
WR,absolute_confounded,1999-2007,22.050000000000015,8.717948474275719,7.639873752352781,9.865392849725035
WR,absolute_confounded,1999-2007,22.100000000000016,8.744457085853888,7.679663608173253,9.863386698030935
WR,absolute_confounded,1999-2007,22.150000000000016,8.77137897134679,7.747106452113144,9.862577115408516
WR,absolute_confounded,1999-2007,22.200000000000017,8.798729723781367,7.806758028784,9.862050827491716
WR,absolute_confounded,1999-2007,22.250000000000018,8.826524936184567,7.854224898516947,9.862459614992135
WR,absolute_confounded,1999-2007,22.30000000000002,8.854780201583337,7.907361422575469,9.860502557233083
WR,absolute_confounded,1999-2007,22.35000000000002,8.883511113004623,7.945266722257834,9.849849216044541
WR,absolute_confounded,1999-2007,22.40000000000002,8.91273326347537,7.9853228981769915,9.878897627831838
WR,absolute_confounded,1999-2007,22.45000000000002,8.942462246022528,8.02337713047895,9.882610026088532
WR,absolute_confounded,1999-2007,22.50000000000002,8.97271365367304,8.063390147489196,9.917477790421694
WR,absolute_confounded,1999-2007,22.550000000000022,9.003503079453855,8.104257442072814,9.952821644819089
WR,absolute_confounded,1999-2007,22.600000000000023,9.034846116391916,8.14521396898574,9.987774907700635
WR,absolute_confounded,1999-2007,22.650000000000023,9.066758357514175,8.187103346025399,10.016136111926512
WR,absolute_confounded,1999-2007,22.700000000000024,9.099255395847575,8.224479783803277,10.050251309286345
WR,absolute_confounded,1999-2007,22.750000000000025,9.13235282441906,8.273409309646027,10.090337112857998
WR,absolute_confounded,1999-2007,22.800000000000026,9.166066236255581,8.318290170510643,10.123986298353845
WR,absolute_confounded,1999-2007,22.850000000000026,9.200411224384082,8.36323795826354,10.15679709866776
WR,absolute_confounded,1999-2007,22.900000000000027,9.23540338183151,8.402418070832532,10.18910561734423
WR,absolute_confounded,1999-2007,22.950000000000028,9.271058301624812,8.4295611731541,10.220899752309075
WR,absolute_confounded,1999-2007,23.00000000000003,9.307391576790934,8.462836149179992,10.265555691238813
WR,absolute_confounded,1999-2007,23.05000000000003,9.344418800356824,8.49380448040156,10.319481658486598
WR,absolute_confounded,1999-2007,23.10000000000003,9.382155565349423,8.538664080023452,10.34524061622597
WR,absolute_confounded,1999-2007,23.15000000000003,9.420617464795683,8.575179720814859,10.361506072439216
WR,absolute_confounded,1999-2007,23.20000000000003,9.45982009172255,8.619418554733482,10.401404292597825
WR,absolute_confounded,1999-2007,23.250000000000032,9.49977903915697,8.65563320109944,10.440843019501504
WR,absolute_confounded,1999-2007,23.300000000000033,9.540509900125887,8.693243599662717,10.462217096742451
WR,absolute_confounded,1999-2007,23.350000000000033,9.582028267656248,8.732761833995973,10.503653892614263
WR,absolute_confounded,1999-2007,23.400000000000034,9.624349734775004,8.774644084376302,10.557329203529443
WR,absolute_confounded,1999-2007,23.450000000000035,9.667489894509096,8.81710021368956,10.598281926282489
WR,absolute_confounded,1999-2007,23.500000000000036,9.711464339885472,8.861660694778891,10.630235319798096
WR,absolute_confounded,1999-2007,23.550000000000036,9.75628866393108,8.916301733175303,10.682264425860707
WR,absolute_confounded,1999-2007,23.600000000000037,9.801978459672867,8.97232189165981,10.722395489802551
WR,absolute_confounded,1999-2007,23.650000000000038,9.848549320137776,9.018421991560059,10.76177030927151
WR,absolute_confounded,1999-2007,23.70000000000004,9.896016745344566,9.071927467990845,10.819942372254847
WR,absolute_confounded,1999-2007,23.75000000000004,9.944364194359244,9.117095325653018,10.868972617776443
WR,absolute_confounded,1999-2007,23.80000000000004,9.993496353634947,9.175296284900492,10.913874603063146
WR,absolute_confounded,1999-2007,23.85000000000004,10.043306022243112,9.234621887263105,10.959987070049966
WR,absolute_confounded,1999-2007,23.90000000000004,10.093685999255174,9.284396154488487,11.005150742030136
WR,absolute_confounded,1999-2007,23.950000000000042,10.144529083742569,9.341105777147208,11.049384736589278
WR,absolute_confounded,1999-2007,24.000000000000043,10.195728074776737,9.4108483176792,11.092835421788115
WR,absolute_confounded,1999-2007,24.050000000000043,10.247175771429111,9.467051425824058,11.128305296753979
WR,absolute_confounded,1999-2007,24.100000000000044,10.29876497277113,9.529054336944398,11.16003799148053
WR,absolute_confounded,1999-2007,24.150000000000045,10.35038847787423,9.582378843506044,11.206345100392388
WR,absolute_confounded,1999-2007,24.200000000000045,10.401939085809845,9.632453741575642,11.258351562711802
WR,absolute_confounded,1999-2007,24.250000000000046,10.453309595649417,9.673526405962644,11.299412687027253
WR,absolute_confounded,1999-2007,24.300000000000047,10.504392806464377,9.719467693930898,11.356396605920198
WR,absolute_confounded,1999-2007,24.350000000000048,10.555081517326165,9.773267205174674,11.412602008776394
WR,absolute_confounded,1999-2007,24.40000000000005,10.605268527306217,9.827716443873648,11.46413048227618
WR,absolute_confounded,1999-2007,24.45000000000005,10.65484663547597,9.87790213111735,11.515095623277375
WR,absolute_confounded,1999-2007,24.50000000000005,10.703708640906857,9.911126221218153,11.575861071438483
WR,absolute_confounded,1999-2007,24.55000000000005,10.75174734267032,9.939663839287249,11.626411938620683
WR,absolute_confounded,1999-2007,24.60000000000005,10.798855539837792,9.988083930367589,11.675001386733655
WR,absolute_confounded,1999-2007,24.650000000000052,10.84492603148071,10.031260701763175,11.712474541487627
WR,absolute_confounded,1999-2007,24.700000000000053,10.889851616670512,10.072824065185733,11.74618450434775
WR,absolute_confounded,1999-2007,24.750000000000053,10.933525094478634,10.113982842631389,11.795574324906939
WR,absolute_confounded,1999-2007,24.800000000000054,10.97583926397651,10.149877984789278,11.846288063643751
WR,absolute_confounded,1999-2007,24.850000000000055,11.016686924235582,10.18231877291101,11.889880515541002
WR,absolute_confounded,1999-2007,24.900000000000055,11.055960874327281,10.203686087794587,11.93664961764611
WR,absolute_confounded,1999-2007,24.950000000000056,11.093553913323047,10.232845922813386,11.97112643830745
WR,absolute_confounded,1999-2007,25.000000000000057,11.129358840294316,10.26184379713592,12.02167147430025
WR,absolute_confounded,1999-2007,25.050000000000058,11.163268454312522,10.29064841414162,12.059777925737682
WR,absolute_confounded,1999-2007,25.10000000000006,11.195175554449106,10.319692634013006,12.094521275944986
WR,absolute_confounded,1999-2007,25.15000000000006,11.224972939775501,10.348513289737896,12.125799889274896
WR,absolute_confounded,1999-2007,25.20000000000006,11.252553409363147,10.386682033679397,12.153554337033029
WR,absolute_confounded,1999-2007,25.25000000000006,11.277809762283477,10.415192314053417,12.177421185684183
WR,absolute_confounded,1999-2007,25.30000000000006,11.30063624963455,10.448065413384162,12.19542293104909
WR,absolute_confounded,1999-2007,25.350000000000062,11.321003687718722,10.459267090960697,12.213469537770075
WR,absolute_confounded,1999-2007,25.400000000000063,11.338995866947927,10.48597804229805,12.225924326984865
WR,absolute_confounded,1999-2007,25.450000000000063,11.354705658765115,10.51234364935284,12.234724118481404
WR,absolute_confounded,1999-2007,25.500000000000064,11.368225934613228,10.53455646432527,12.242827818635766
WR,absolute_confounded,1999-2007,25.550000000000065,11.37964956593522,10.544814989559862,12.243285002005042
WR,absolute_confounded,1999-2007,25.600000000000065,11.389069424174034,10.550384590523285,12.241554586950956
WR,absolute_confounded,1999-2007,25.650000000000066,11.396578380772617,10.558159224364644,12.24433101170412
WR,absolute_confounded,1999-2007,25.700000000000067,11.40226930717392,10.571478975165768,12.244415960877037
WR,absolute_confounded,1999-2007,25.750000000000068,11.406235074820888,10.573104124362276,12.241876092795177
WR,absolute_confounded,1999-2007,25.800000000000068,11.408568555156467,10.587744277795046,12.236793604395604
WR,absolute_confounded,1999-2007,25.85000000000007,11.409362619623607,10.598273977102412,12.230623940308792
WR,absolute_confounded,1999-2007,25.90000000000007,11.408710139665253,10.600728925594488,12.22429736383465
WR,absolute_confounded,1999-2007,25.95000000000007,11.406703986724356,10.601111951415875,12.227620441228707
WR,absolute_confounded,1999-2007,26.00000000000007,11.40343703224386,10.600376978678945,12.212279324158327
WR,absolute_confounded,1999-2007,26.05000000000007,11.399002147666712,10.596584169632186,12.196119487433137
WR,absolute_confounded,1999-2007,26.100000000000072,11.393492204435862,10.59357225377418,12.176904764083314
WR,absolute_confounded,1999-2007,26.150000000000073,11.387000073994255,10.594485627118297,12.15706812816525
WR,absolute_confounded,1999-2007,26.200000000000074,11.37961862778484,10.591638223513906,12.147941421531522
WR,absolute_confounded,1999-2007,26.250000000000075,11.371440737250566,10.583945884167315,12.14855336192584
WR,absolute_confounded,1999-2007,26.300000000000075,11.362559273834375,10.573112009331547,12.121427377079694
WR,absolute_confounded,1999-2007,26.350000000000076,11.353067108979218,10.562203184978078,12.101845231927802
WR,absolute_confounded,1999-2007,26.400000000000077,11.343057114128044,10.551456373056066,12.100881395616243
WR,absolute_confounded,1999-2007,26.450000000000077,11.332622160723798,10.548264672130625,12.10317713829458
WR,absolute_confounded,1999-2007,26.500000000000078,11.321855120209424,10.548887458718358,12.093214609905871
WR,absolute_confounded,1999-2007,26.55000000000008,11.310848864027877,10.54988687962772,12.086070707193377
WR,absolute_confounded,1999-2007,26.60000000000008,11.2996962636221,10.540186883949023,12.081640341822894
WR,absolute_confounded,1999-2007,26.65000000000008,11.288490190435038,10.535722333180537,12.072864626880639
WR,absolute_confounded,1999-2007,26.70000000000008,11.277323515909643,10.516382629124758,12.071717917350654
WR,absolute_confounded,1999-2007,26.75000000000008,11.26628911148886,10.497630026839131,12.067742491004276
WR,absolute_confounded,1999-2007,26.800000000000082,11.255479848615638,10.489588614599228,12.063177046923032
WR,absolute_confounded,1999-2007,26.850000000000083,11.24498859873292,10.486370770191831,12.058497777724744
WR,absolute_confounded,1999-2007,26.900000000000084,11.234908233283658,10.469770074033208,12.054421296343866
WR,absolute_confounded,1999-2007,26.950000000000085,11.2253316237108,10.470080301017127,12.0426303411007
WR,absolute_confounded,1999-2007,27.000000000000085,11.216351641457289,10.45835069855975,12.026634805344031
WR,absolute_confounded,1999-2007,27.050000000000086,11.208045072536715,10.449198994509574,12.034614822156643
WR,absolute_confounded,1999-2007,27.100000000000087,11.200409651231237,10.424107726373528,12.04036151555206
WR,absolute_confounded,1999-2007,27.150000000000087,11.19341886750086,10.400188181190538,12.038039883977401
WR,absolute_confounded,1999-2007,27.200000000000088,11.18704620492503,10.378592379309792,12.036266801505727
WR,absolute_confounded,1999-2007,27.25000000000009,11.181265147083204,10.359392183720878,12.034769772327126
WR,absolute_confounded,1999-2007,27.30000000000009,11.176049177554829,10.35339593494479,12.033585733967376
WR,absolute_confounded,1999-2007,27.35000000000009,11.171371779919358,10.356909970073625,12.032693048679198
WR,absolute_confounded,1999-2007,27.40000000000009,11.167206437756239,10.347517775958353,12.036638134301636
WR,absolute_confounded,1999-2007,27.45000000000009,11.163526634644924,10.345959761849928,12.042415600786526
WR,absolute_confounded,1999-2007,27.500000000000092,11.160305854164866,10.345670353009275,12.047709152179971
WR,absolute_confounded,1999-2007,27.550000000000093,11.157517579895515,10.33883909301853,12.051551795830493
WR,absolute_confounded,1999-2007,27.600000000000094,11.15513529541632,10.333547223070052,12.05689693378058
WR,absolute_confounded,1999-2007,27.650000000000095,11.153132484306735,10.329625410927614,12.058123779673243
WR,absolute_confounded,1999-2007,27.700000000000095,11.151482630146209,10.325502992687895,12.055279451793968
WR,absolute_confounded,1999-2007,27.750000000000096,11.15015921651419,10.323097248060327,12.051695828726574
WR,absolute_confounded,1999-2007,27.800000000000097,11.149135726990135,10.321874718183402,12.05850966283469
WR,absolute_confounded,1999-2007,27.850000000000097,11.14838564515349,10.321108488899876,12.073986244033748
WR,absolute_confounded,1999-2007,27.900000000000098,11.147882454583709,10.321901678714765,12.070477612228448
WR,absolute_confounded,1999-2007,27.9500000000001,11.147599638860243,10.323001573046056,12.06641099574197
WR,absolute_confounded,1999-2007,28.0000000000001,11.147510681562537,10.32512146900831,12.061985119458123
WR,absolute_confounded,1999-2007,28.0500000000001,11.147589066270049,10.332190984341,12.05720050785859
WR,absolute_confounded,1999-2007,28.1000000000001,11.147808276562227,10.336441654363067,12.051980151662706
WR,absolute_confounded,1999-2007,28.1500000000001,11.148141796018521,10.341596336176151,12.046206184868725
WR,absolute_confounded,1999-2007,28.200000000000102,11.148563108218385,10.347586634343358,12.04280861565989
WR,absolute_confounded,1999-2007,28.250000000000103,11.149045696741267,10.349915839958378,12.043756052686826
WR,absolute_confounded,1999-2007,28.300000000000104,11.14956304516662,10.356417282448618,12.04442437071894
WR,absolute_confounded,1999-2007,28.350000000000104,11.150088637073893,10.360746699105018,12.040913027147775
WR,absolute_confounded,1999-2007,28.400000000000105,11.150595956042535,10.364523001036497,12.032222101298531
WR,absolute_confounded,1999-2007,28.450000000000106,11.151058485652001,10.367094921820657,12.027052114753339
WR,absolute_confounded,1999-2007,28.500000000000107,11.15144970948174,10.36458240241531,12.02914275774077
WR,absolute_confounded,1999-2007,28.550000000000107,11.151743111111205,10.361145960033749,12.033186174854421
WR,absolute_confounded,1999-2007,28.600000000000108,11.151912174119843,10.367209463554238,12.038305728483103
WR,absolute_confounded,1999-2007,28.65000000000011,11.151930382087109,10.377776488696718,12.042634154904931
WR,absolute_confounded,1999-2007,28.70000000000011,11.151771218592451,10.36948924656557,12.045312611101508
WR,absolute_confounded,1999-2007,28.75000000000011,11.15140816721532,10.367402415574421,12.048616197070821
WR,absolute_confounded,1999-2007,28.80000000000011,11.150814711535169,10.349296249034653,12.043647171509045
WR,absolute_confounded,1999-2007,28.85000000000011,11.149964335131447,10.33614144461474,12.043300118728999
WR,absolute_confounded,1999-2007,28.900000000000112,11.148830521583605,10.342588808798963,12.03813540464686
WR,absolute_confounded,1999-2007,28.950000000000113,11.147386754471093,10.358678814509773,12.035657579000842
WR,absolute_confounded,1999-2007,29.000000000000114,11.145606517373364,10.350832874081462,12.042373343851517
WR,absolute_confounded,1999-2007,29.050000000000114,11.14346329386987,10.351028194388672,12.039543391710943
WR,absolute_confounded,1999-2007,29.100000000000115,11.140930567540059,10.34820924561873,12.040380011342936
WR,absolute_confounded,1999-2007,29.150000000000116,11.137981821963383,10.332727823747373,12.041133012113322
WR,absolute_confounded,1999-2007,29.200000000000117,11.13459054071929,10.31726286495344,12.041066679626201
WR,absolute_confounded,1999-2007,29.250000000000117,11.130730207387238,10.301716387046246,12.040207575649756
WR,absolute_confounded,1999-2007,29.300000000000118,11.12637430554667,10.285964325774255,12.038525377016294
WR,absolute_confounded,1999-2007,29.35000000000012,11.121496324056622,10.270001553867042,12.035982220226671
WR,absolute_confounded,1999-2007,29.40000000000012,11.116076154037273,10.253824279895316,12.032549488163772
WR,absolute_confounded,1999-2007,29.45000000000012,11.110112524372555,10.237865601574406,12.0282257699046
WR,absolute_confounded,1999-2007,29.50000000000012,11.103607611272388,10.228170456754116,12.023014633281683
WR,absolute_confounded,1999-2007,29.55000000000012,11.096563590946689,10.211536828553788,12.018264508352726
WR,absolute_confounded,1999-2007,29.600000000000122,11.088982639605382,10.193332472036447,12.01552926809654
WR,absolute_confounded,1999-2007,29.650000000000123,11.080866933458385,10.175188640544674,12.00712811209135
WR,absolute_confounded,1999-2007,29.700000000000124,11.07221864871562,10.157019097432908,11.995732345763125
WR,absolute_confounded,1999-2007,29.750000000000124,11.063039961587005,10.147349589161124,11.98377254884932
WR,absolute_confounded,1999-2007,29.800000000000125,11.053333048282465,10.140248996889648,11.976257769250754
WR,absolute_confounded,1999-2007,29.850000000000126,11.043100085011917,10.133196761429618,11.96647292338814
WR,absolute_confounded,1999-2007,29.900000000000126,11.03234324798528,10.131901227634966,11.954469461954496
WR,absolute_confounded,1999-2007,29.950000000000127,11.021064713412478,10.117914666458905,11.943433213392513
WR,absolute_confounded,1999-2007,30.000000000000128,11.009266657503431,10.106015709078568,11.937996301782066
WR,absolute_confounded,1999-2007,30.05000000000013,10.996951256468058,10.09234898470527,11.924181704302049
WR,absolute_confounded,1999-2007,30.10000000000013,10.984120686516281,10.090631844100676,11.91316032928116
WR,absolute_confounded,1999-2007,30.15000000000013,10.970777123858019,10.083239947868393,11.905808124720952
WR,absolute_confounded,1999-2007,30.20000000000013,10.95692274470319,10.069056331540196,11.897454309109703
WR,absolute_confounded,1999-2007,30.25000000000013,10.94255972526172,10.054844195911425,11.888413522430056
WR,absolute_confounded,1999-2007,30.300000000000132,10.927690241743527,10.040603663001482,11.874054552705672
WR,absolute_confounded,1999-2007,30.350000000000133,10.912316470358528,10.01733794271413,11.856339546421372
WR,absolute_confounded,1999-2007,30.400000000000134,10.896440587316649,9.990537234998804,11.838163014096267
WR,absolute_confounded,1999-2007,30.450000000000134,10.880064768827804,9.963366080612396,11.819519078311446
WR,absolute_confounded,1999-2007,30.500000000000135,10.863191191101922,9.940216452639909,11.800415803067674
WR,absolute_confounded,1999-2007,30.550000000000136,10.845822030348918,9.921041762849528,11.788072198791983
WR,absolute_confounded,1999-2007,30.600000000000136,10.827959462778711,9.90144848020393,11.782308817361443
WR,absolute_confounded,1999-2007,30.650000000000137,10.809605664601225,9.881871053621955,11.759013995679325
WR,absolute_confounded,1999-2007,30.700000000000138,10.79076281202638,9.861941066072749,11.7362784808803
WR,absolute_confounded,1999-2007,30.75000000000014,10.771433081264092,9.8479728468655,11.728221158203516
WR,absolute_confounded,1999-2007,30.80000000000014,10.751618648524287,9.833880207814534,11.719422915769664
WR,absolute_confounded,1999-2007,30.85000000000014,10.731321690016882,9.809992253714771,11.704878255592176
WR,absolute_confounded,1999-2007,30.90000000000014,10.710544381951799,9.78351105354069,11.681579024438308
WR,absolute_confounded,1999-2007,30.95000000000014,10.68928890053896,9.754839159800829,11.657250781388301
WR,absolute_confounded,1999-2007,31.000000000000142,10.667557421988281,9.731999357571702,11.63186835904456
WR,absolute_confounded,1999-2007,31.050000000000143,10.645352122509685,9.708801677525395,11.605558705430983
WR,absolute_confounded,1999-2007,31.100000000000144,10.622675178313095,9.685203243691566,11.57832607922372
WR,absolute_confounded,1999-2007,31.150000000000144,10.599528765608426,9.661205905183193,11.563991981340335
WR,absolute_confounded,1999-2007,31.200000000000145,10.575915060605604,9.63681151111325,11.549090919371562
WR,absolute_confounded,1999-2007,31.250000000000146,10.551836239514545,9.612021910594713,11.53345962298881
WR,absolute_confounded,1999-2007,31.300000000000146,10.527294478545171,9.575777450658968,11.51707009951537
WR,absolute_confounded,1999-2007,31.350000000000147,10.502291953907402,9.537836065542416,11.499917932824552
WR,absolute_confounded,1999-2007,31.400000000000148,10.47683084181116,9.49945853237284,11.473324402987863
WR,absolute_confounded,1999-2007,31.45000000000015,10.450913318466363,9.460946478060372,11.443958898736783
WR,absolute_confounded,1999-2007,31.50000000000015,10.424541560082933,9.439083404757879,11.413765630940349
WR,absolute_confounded,1999-2007,31.55000000000015,10.397717742870793,9.417301783097829,11.382748565358758
WR,absolute_confounded,1999-2007,31.60000000000015,10.370444043039855,9.382269213857468,11.350911667752221
WR,absolute_confounded,1999-2007,31.65000000000015,10.34272263680005,9.342386167475787,11.322469322040178
WR,absolute_confounded,1999-2007,31.700000000000152,10.314555700361291,9.30196842829205,11.29671075088264
WR,absolute_confounded,1999-2007,31.750000000000153,10.285945409933502,9.26444077663842,11.270316706021546
WR,absolute_confounded,1999-2007,31.800000000000153,10.256893941726602,9.226705030002044,11.243290306689406
WR,absolute_confounded,1999-2007,31.850000000000154,10.227403471950511,9.18950095758299,11.219112755479337
WR,absolute_confounded,1999-2007,31.900000000000155,10.197476176815151,9.154974162244212,11.19395129532982
WR,absolute_confounded,1999-2007,31.950000000000156,10.16711423253044,9.123175458276561,11.171736829411184
WR,absolute_confounded,1999-2007,32.000000000000156,10.136319815306303,9.08435788431432,11.13874237947258
WR,absolute_confounded,1999-2007,32.05000000000015,10.105095101352656,9.048715988905512,11.1022623173109
WR,absolute_confounded,1999-2007,32.10000000000016,10.073442266879418,9.0127377869005,11.069314990427724
WR,absolute_confounded,1999-2007,32.15000000000016,10.041363488096515,8.976628156025171,11.038225574890374
WR,absolute_confounded,1999-2007,32.20000000000016,10.008860941213866,8.940104178477611,11.006115980503914
WR,absolute_confounded,1999-2007,32.250000000000156,9.975936802441389,8.903002334508018,10.973340654631683
WR,absolute_confounded,1999-2007,32.30000000000016,9.942593247989004,8.865568161522344,10.9399613639891
WR,absolute_confounded,1999-2007,32.350000000000165,9.908832454066632,8.82786201057335,10.906629518238663
WR,absolute_confounded,1999-2007,32.40000000000016,9.874656596884199,8.788977326016298,10.87287235496251
WR,absolute_confounded,1999-2007,32.45000000000016,9.84006785265162,8.746797154928851,10.860800451913489
WR,absolute_confounded,1999-2007,32.50000000000016,9.805068397578811,8.704408773455912,10.840308099722257
WR,absolute_confounded,1999-2007,32.55000000000017,9.7696604078757,8.665277725307218,10.800670704430036
WR,absolute_confounded,1999-2007,32.600000000000165,9.733846059752208,8.627093142783135,10.759837209660425
WR,absolute_confounded,1999-2007,32.65000000000016,9.697627529418252,8.588677427799741,10.722620408297567
WR,absolute_confounded,1999-2007,32.700000000000166,9.661006993083749,8.550031824827315,10.697557318590318
WR,absolute_confounded,1999-2007,32.75000000000017,9.623986626958624,8.51115757833615,10.679232820333437
WR,absolute_confounded,1999-2007,32.80000000000017,9.5865686072528,8.472055932796533,10.645826309119212
WR,absolute_confounded,1999-2007,32.850000000000165,9.548755110176197,8.43272813267875,10.605738727934254
WR,absolute_confounded,1999-2007,32.90000000000017,9.510548311938727,8.391782532086545,10.564404683200166
WR,absolute_confounded,1999-2007,32.95000000000017,9.471950388750313,8.339492920031772,10.534576670678684
WR,absolute_confounded,1999-2007,33.00000000000017,9.432963516820884,8.27570575549348,10.501937674588552
WR,absolute_confounded,1999-2007,33.05000000000017,9.393589872360359,8.220893399787833,10.472613641921756
WR,absolute_confounded,1999-2007,33.10000000000017,9.353831631578647,8.175425060193094,10.42984259518696
WR,absolute_confounded,1999-2007,33.150000000000176,9.313690970685675,8.129897347064846,10.400902498359953
WR,absolute_confounded,1999-2007,33.20000000000017,9.273170065891367,8.084144506653635,10.358398454144165
WR,absolute_confounded,1999-2007,33.25000000000017,9.232271093405645,8.038167827406753,10.322530829708793
WR,absolute_confounded,1999-2007,33.300000000000175,9.190996229438419,7.991968597771487,10.288274904515283
WR,absolute_confounded,1999-2007,33.35000000000018,9.149347650199612,7.930577777677889,10.255637830116264
WR,absolute_confounded,1999-2007,33.400000000000176,9.107327531899156,7.8833001616184335,10.222494434920536
WR,absolute_confounded,1999-2007,33.45000000000017,9.064938050746964,7.825938741249897,10.182365514780113
WR,absolute_confounded,1999-2007,33.50000000000018,9.02218138295295,7.76570219953468,10.139097291526497
WR,absolute_confounded,1999-2007,33.55000000000018,8.979059704727037,7.704395293313532,10.109971715461688
WR,absolute_confounded,1999-2007,33.60000000000018,8.935575192279156,7.650727841989348,10.080749269035795
WR,absolute_confounded,1999-2007,33.650000000000176,8.891730021819221,7.585533856418451,10.044392964178963
WR,absolute_confounded,1999-2007,33.70000000000018,8.847526369557144,7.54116792610246,10.019472894629306
WR,absolute_confounded,1999-2007,33.750000000000185,8.802966411702855,7.4970338681776445,9.992231713307007
WR,absolute_confounded,1999-2007,33.80000000000018,8.758052324466277,7.44519388668088,9.961947735118814
WR,absolute_confounded,1999-2007,33.85000000000018,8.712786284057325,7.375072847318691,9.931420331992642
WR,absolute_confounded,1999-2007,33.90000000000018,8.667170466685914,7.2999409997735185,9.897429079046837
WR,absolute_confounded,1999-2007,33.95000000000019,8.621207048561972,7.224208394565891,9.849672601195566
WR,absolute_confounded,1999-2007,34.000000000000185,8.574898205895424,7.173791056823644,9.803945324031142
WR,absolute_confounded,1999-2007,34.05000000000018,8.528246114896184,7.121432485687319,9.781400341710391
WR,absolute_confounded,1999-2007,34.100000000000186,8.481252951774167,7.050690902920659,9.756075587818472
WR,absolute_confounded,1999-2007,34.15000000000019,8.433920892739298,6.978726056851251,9.736266368307042
WR,absolute_confounded,1999-2007,34.20000000000019,8.386252114001504,6.906345900402661,9.712233600155715
WR,absolute_confounded,1999-2007,34.250000000000185,8.338248791770702,6.8329420559250265,9.680280850790473
WR,absolute_confounded,1999-2007,34.30000000000019,8.289913102256804,6.760033453300206,9.64810802290251
WR,absolute_confounded,1999-2007,34.35000000000019,8.241247221669735,6.685810451090176,9.61571655747921
WR,absolute_confounded,1999-2007,34.40000000000019,8.192253326219426,6.611482276802176,9.58310789550798
WR,absolute_confounded,1999-2007,34.45000000000019,8.142933592115789,6.536726160599252,9.550857942057903
WR,absolute_confounded,1999-2007,34.50000000000019,8.093290195568734,6.476098541500177,9.528587137553046
WR,absolute_confounded,1999-2007,34.550000000000196,8.043325312788195,6.385412804526576,9.506208206923619
WR,absolute_confounded,1999-2007,34.60000000000019,7.993041119984097,6.308941988391308,9.483721882098775
WR,absolute_confounded,1999-2007,34.65000000000019,7.942439793366349,6.2375365764656845,9.461128895007658
WR,absolute_confounded,1999-2007,34.700000000000195,7.89152350914487,6.154280929729238,9.438429977579414
WR,absolute_confounded,1999-2007,34.7500000000002,7.840294443529583,6.0759249391448416,9.415625861743193
WR,absolute_confounded,1999-2007,34.800000000000196,7.788754772730421,5.99722743186424,9.392717279428144
WR,absolute_confounded,1999-2007,34.85000000000019,7.736906672957293,5.920241297466381,9.377840520959099
WR,absolute_confounded,1999-2007,34.9000000000002,7.684752320420113,5.857281960180435,9.36765708988095
WR,absolute_confounded,1999-2007,34.9500000000002,7.632293891328806,5.79431135853996,9.323568575700326
WR,absolute_confounded,1999-2007,35.0000000000002,7.579533561893308,5.7274754540166475,9.299773894925735
WR,absolute_confounded,1999-2007,35.050000000000196,7.526473508323525,5.653321008814739,9.268289866901197
WR,absolute_confounded,1999-2007,35.1000000000002,7.473115906829371,5.578782542643421,9.24163090953088
WR,absolute_confounded,1999-2007,35.150000000000205,7.419462933620775,5.503399353166773,9.19768126895938
WR,absolute_confounded,1999-2007,35.2000000000002,7.365516764907666,5.427393217733521,9.162045306551633
WR,absolute_confounded,1999-2007,35.2500000000002,7.311279576899953,5.351003583460402,9.132348565475848
WR,absolute_confounded,1999-2007,35.3000000000002,7.256753545807554,5.274233318109083,9.111143889740111
WR,absolute_confounded,1999-2007,35.35000000000021,7.201940847840392,5.197085289441248,9.08984795339087
WR,absolute_confounded,1999-2007,35.400000000000205,7.146843659208399,5.119567133379557,9.070821344789156
WR,absolute_confounded,1999-2007,35.4500000000002,7.091464156121485,5.041977019878523,9.063889187122777
WR,absolute_confounded,1999-2007,35.500000000000206,7.0358045147895645,4.950439264074007,9.036649930164236
WR,absolute_confounded,1999-2007,35.55000000000021,6.979866911422565,4.8504816848806405,9.007887460607908
WR,absolute_confounded,1999-2007,35.60000000000021,6.923653522230416,4.7502007095717795,8.98291202557643
WR,absolute_confounded,1999-2007,35.650000000000205,6.867166523423029,4.649410357719273,8.961113029610903
WR,absolute_confounded,1999-2007,35.70000000000021,6.810408091210315,4.548114680753418,8.938960044079163
WR,absolute_confounded,1999-2007,35.75000000000021,6.753380401802205,4.46383875338961,8.907011139046533
WR,absolute_confounded,1999-2007,35.80000000000021,6.696085631408623,4.387872035419646,8.892471544438783
WR,absolute_confounded,1999-2007,35.85000000000021,6.638525956239487,4.3116955655926,8.873261868660338
WR,absolute_confounded,1999-2007,35.90000000000021,6.580703552504708,4.2243817447841225,8.851225116150754
WR,absolute_confounded,1999-2007,35.950000000000216,6.522620596414212,4.137271733504967,8.806144487054395
WR,absolute_confounded,1999-2007,36.00000000000021,6.4642792641779305,4.055995364398005,8.79653605927509
WR,absolute_confounded,2008-2016,21.0,9.381037553159128,7.878675577609649,10.82292732937749
WR,absolute_confounded,2008-2016,21.05,9.410483399812263,7.949674930618902,10.824086503390989
WR,absolute_confounded,2008-2016,21.1,9.439897705179792,7.994127275815154,10.816034869450204
WR,absolute_confounded,2008-2016,21.150000000000002,9.469274738405073,8.034157372359953,10.807785840865611
WR,absolute_confounded,2008-2016,21.200000000000003,9.498608768631462,8.080855929807367,10.800117238016144
WR,absolute_confounded,2008-2016,21.250000000000004,9.527894065002315,8.138520385885924,10.797775211764499
WR,absolute_confounded,2008-2016,21.300000000000004,9.557124896660987,8.19655499301654,10.817979729695146
WR,absolute_confounded,2008-2016,21.350000000000005,9.586295532750839,8.254424986217018,10.808680853311403
WR,absolute_confounded,2008-2016,21.400000000000006,9.615400242415225,8.31104842681823,10.795853124268508
WR,absolute_confounded,2008-2016,21.450000000000006,9.644433294797501,8.359267220687583,10.791235710068298
WR,absolute_confounded,2008-2016,21.500000000000007,9.673388959041024,8.404010598062605,10.808492657412284
WR,absolute_confounded,2008-2016,21.550000000000008,9.702261504289151,8.442238396480331,10.827342187952114
WR,absolute_confounded,2008-2016,21.60000000000001,9.73104519968524,8.480996481190388,10.846586802377217
WR,absolute_confounded,2008-2016,21.65000000000001,9.759734314372645,8.52024220175671,10.870079421954562
WR,absolute_confounded,2008-2016,21.70000000000001,9.788323117494723,8.559540593190544,10.893702807960809
WR,absolute_confounded,2008-2016,21.75000000000001,9.816805878194835,8.621862513044288,10.91422290021355
WR,absolute_confounded,2008-2016,21.80000000000001,9.845176865616331,8.66703074181961,10.92169220549646
WR,absolute_confounded,2008-2016,21.850000000000012,9.873430348902572,8.742197356611952,10.939580613994998
WR,absolute_confounded,2008-2016,21.900000000000013,9.901560597196912,8.795846699740668,10.952499183117013
WR,absolute_confounded,2008-2016,21.950000000000014,9.92956187964271,8.840211072450101,10.953649358345377
WR,absolute_confounded,2008-2016,22.000000000000014,9.95742846538332,8.884609584061913,10.954831728735053
WR,absolute_confounded,2008-2016,22.050000000000015,9.985154623562101,8.929043687062679,10.967011342635105
WR,absolute_confounded,2008-2016,22.100000000000016,10.012734623322409,8.973617663109097,11.007231503120346
WR,absolute_confounded,2008-2016,22.150000000000016,10.040162733807598,9.028575536222474,11.003299625522986
WR,absolute_confounded,2008-2016,22.200000000000017,10.06743322416103,9.083445517465886,11.011213474606288
WR,absolute_confounded,2008-2016,22.250000000000018,10.094540363526058,9.137561751987114,11.0249910693431
WR,absolute_confounded,2008-2016,22.30000000000002,10.121478421046037,9.173371171092382,11.026845978883133
WR,absolute_confounded,2008-2016,22.35000000000002,10.148241665864326,9.230810444507513,11.045424620354172
WR,absolute_confounded,2008-2016,22.40000000000002,10.174824367124284,9.27386203220646,11.083600219380015
WR,absolute_confounded,2008-2016,22.45000000000002,10.201220793969263,9.328504199264307,11.096554819505439
WR,absolute_confounded,2008-2016,22.50000000000002,10.22742521554262,9.386134844621205,11.106831589662868
WR,absolute_confounded,2008-2016,22.550000000000022,10.253431900987716,9.433988343867636,11.119758675332026
WR,absolute_confounded,2008-2016,22.600000000000023,10.279235119447902,9.474629792434802,11.144210013910904
WR,absolute_confounded,2008-2016,22.650000000000023,10.30482914006654,9.50623099570322,11.175398173453033
WR,absolute_confounded,2008-2016,22.700000000000024,10.330208231986981,9.533634031155966,11.205699909007702
WR,absolute_confounded,2008-2016,22.750000000000025,10.355366664352587,9.554751066400826,11.22778241676214
WR,absolute_confounded,2008-2016,22.800000000000026,10.38029870630671,9.576818312053682,11.241409234871078
WR,absolute_confounded,2008-2016,22.850000000000026,10.40499862699271,9.597335360093462,11.25675697919725
WR,absolute_confounded,2008-2016,22.900000000000027,10.429460695553942,9.616002602684967,11.286581447824974
WR,absolute_confounded,2008-2016,22.950000000000028,10.453679181133763,9.632153113170983,11.296518373297413
WR,absolute_confounded,2008-2016,23.00000000000003,10.47764835287553,9.650042244377062,11.306186884478038
WR,absolute_confounded,2008-2016,23.05000000000003,10.501362479922598,9.670391245429537,11.318720610266665
WR,absolute_confounded,2008-2016,23.10000000000003,10.524815831418326,9.700630975944026,11.334283484788072
WR,absolute_confounded,2008-2016,23.15000000000003,10.54800267650607,9.72708638963645,11.375123888397814
WR,absolute_confounded,2008-2016,23.20000000000003,10.570917284329184,9.759187020195457,11.406768883796518
WR,absolute_confounded,2008-2016,23.250000000000032,10.593553924031026,9.778867053191382,11.4206270549078
WR,absolute_confounded,2008-2016,23.300000000000033,10.615906864754955,9.798547981882715,11.434064029728097
WR,absolute_confounded,2008-2016,23.350000000000033,10.637970375644326,9.820520046446525,11.446144817257311
WR,absolute_confounded,2008-2016,23.400000000000034,10.659738725842494,9.862577235252585,11.47095111461255
WR,absolute_confounded,2008-2016,23.450000000000035,10.681206184492817,9.896023869524132,11.481849565658507
WR,absolute_confounded,2008-2016,23.500000000000036,10.702367020738652,9.916335404480579,11.508297771320436
WR,absolute_confounded,2008-2016,23.550000000000036,10.723215503723354,9.942012904346425,11.52095814987907
WR,absolute_confounded,2008-2016,23.600000000000037,10.743745902590284,9.961031932185252,11.541296962733265
WR,absolute_confounded,2008-2016,23.650000000000038,10.763952486482792,10.000421819415438,11.53566172593393
WR,absolute_confounded,2008-2016,23.70000000000004,10.783829527262382,10.035729010137217,11.538177682597333
WR,absolute_confounded,2008-2016,23.75000000000004,10.803372233180148,10.056286753075371,11.548849407819393
WR,absolute_confounded,2008-2016,23.80000000000004,10.822578114598972,10.08717898387926,11.558807791964274
WR,absolute_confounded,2008-2016,23.85000000000004,10.841445029287772,10.117647006654243,11.557084419279144
WR,absolute_confounded,2008-2016,23.90000000000004,10.859970835015472,10.152472835802099,11.555484725099124
WR,absolute_confounded,2008-2016,23.950000000000042,10.878153389550995,10.18817634092657,11.567715586775158
WR,absolute_confounded,2008-2016,24.000000000000043,10.895990550663262,10.208692622098388,11.582140472617425
WR,absolute_confounded,2008-2016,24.050000000000043,10.913480176121194,10.249628543116929,11.607811718921448
WR,absolute_confounded,2008-2016,24.100000000000044,10.93062012369371,10.266150922138332,11.622179362372258
WR,absolute_confounded,2008-2016,24.150000000000045,10.947408251149737,10.28226221496648,11.640296022892436
WR,absolute_confounded,2008-2016,24.200000000000045,10.963842416258194,10.285429802216983,11.65761497817973
WR,absolute_confounded,2008-2016,24.250000000000046,10.979920476788001,10.300532372503929,11.674088983339484
WR,absolute_confounded,2008-2016,24.300000000000047,10.995640290508083,10.307662043024171,11.690133699155005
WR,absolute_confounded,2008-2016,24.350000000000048,11.01099971518736,10.313978345057768,11.707027096232915
WR,absolute_confounded,2008-2016,24.40000000000005,11.025996608594753,10.325869718380005,11.72291028835807
WR,absolute_confounded,2008-2016,24.45000000000005,11.040628828499187,10.351213868897267,11.73832275371581
WR,absolute_confounded,2008-2016,24.50000000000005,11.054894232669579,10.361150560819892,11.754298639831209
WR,absolute_confounded,2008-2016,24.55000000000005,11.068790678874853,10.381726196195592,11.768958043038975
WR,absolute_confounded,2008-2016,24.60000000000005,11.08231602488393,10.396202223608608,11.786998212686841
WR,absolute_confounded,2008-2016,24.650000000000052,11.095468128465734,10.40410989923873,11.819862905392764
WR,absolute_confounded,2008-2016,24.700000000000053,11.108244847389185,10.431325072277165,11.840351106618787
WR,absolute_confounded,2008-2016,24.750000000000053,11.120644039423205,10.44816264800246,11.859251440033301
WR,absolute_confounded,2008-2016,24.800000000000054,11.132663562336713,10.447755534140722,11.877187828124972
WR,absolute_confounded,2008-2016,24.850000000000055,11.144301273898634,10.445852485315902,11.905692887718079
WR,absolute_confounded,2008-2016,24.900000000000055,11.15555503187789,10.46139727837401,11.934840709803087
WR,absolute_confounded,2008-2016,24.950000000000056,11.166422694043401,10.454859702644677,11.943104644036026
WR,absolute_confounded,2008-2016,25.000000000000057,11.17690211816409,10.448798599499472,11.960847652865608
WR,absolute_confounded,2008-2016,25.050000000000058,11.186991162008876,10.458876847176937,11.983195636639318
WR,absolute_confounded,2008-2016,25.10000000000006,11.196687683346683,10.45678668123841,12.002197114686306
WR,absolute_confounded,2008-2016,25.15000000000006,11.205989539946433,10.454959390934581,12.02002670435577
WR,absolute_confounded,2008-2016,25.20000000000006,11.214894589577046,10.453399591966253,12.036535917707878
WR,absolute_confounded,2008-2016,25.25000000000006,11.223400690007445,10.452132692138402,12.037419216119364
WR,absolute_confounded,2008-2016,25.30000000000006,11.231505692116317,10.459248935797188,12.03424585996845
WR,absolute_confounded,2008-2016,25.350000000000062,11.239207083461016,10.469754164898928,12.029363560893863
WR,absolute_confounded,2008-2016,25.400000000000063,11.24650181550807,10.484934093242442,12.028655359096248
WR,absolute_confounded,2008-2016,25.450000000000063,11.25338679663221,10.49605981591823,12.038394425051006
WR,absolute_confounded,2008-2016,25.500000000000064,11.259858935208165,10.509200112550594,12.06142972448501
WR,absolute_confounded,2008-2016,25.550000000000065,11.265915139610664,10.517122646374576,12.080949246787984
WR,absolute_confounded,2008-2016,25.600000000000065,11.271552318214436,10.5281340794013,12.093853079668145
WR,absolute_confounded,2008-2016,25.650000000000066,11.276767379394212,10.536375443266968,12.104532994811223
WR,absolute_confounded,2008-2016,25.700000000000067,11.281557231524722,10.545793217491955,12.113049539202288
WR,absolute_confounded,2008-2016,25.750000000000068,11.285918782980694,10.551679097721774,12.119156656681902
WR,absolute_confounded,2008-2016,25.800000000000068,11.28984894213686,10.563180757077332,12.123144813750502
WR,absolute_confounded,2008-2016,25.85000000000007,11.293344617367946,10.577461011156279,12.124941030281585
WR,absolute_confounded,2008-2016,25.90000000000007,11.296402717048686,10.592519154137376,12.124775872307112
WR,absolute_confounded,2008-2016,25.95000000000007,11.299020149553806,10.606607055373267,12.122733965864395
WR,absolute_confounded,2008-2016,26.00000000000007,11.301193823258037,10.614930489806039,12.118878114316166
WR,absolute_confounded,2008-2016,26.05000000000007,11.302920646536109,10.613093238548272,12.113271121025154
WR,absolute_confounded,2008-2016,26.100000000000072,11.304197527762753,10.601465492927732,12.10597578935409
WR,absolute_confounded,2008-2016,26.150000000000073,11.305021375312695,10.602779473804313,12.110246191278364
WR,absolute_confounded,2008-2016,26.200000000000074,11.305389097560667,10.590185766648936,12.09939370609988
WR,absolute_confounded,2008-2016,26.250000000000075,11.305297602881398,10.577424284753556,12.087269541291716
WR,absolute_confounded,2008-2016,26.300000000000075,11.304743799649618,10.5611068065538,12.0854625211867
WR,absolute_confounded,2008-2016,26.350000000000076,11.303724596240055,10.545129074418172,12.08976295976233
WR,absolute_confounded,2008-2016,26.400000000000077,11.302236901027443,10.529410870588558,12.086570773143487
WR,absolute_confounded,2008-2016,26.450000000000077,11.300277622386508,10.513928095150714,12.08487424869421
WR,absolute_confounded,2008-2016,26.500000000000078,11.29784366869198,10.500768030576713,12.090981303274472
WR,absolute_confounded,2008-2016,26.55000000000008,11.29493194831859,10.488110264080968,12.079729229826864
WR,absolute_confounded,2008-2016,26.60000000000008,11.291539369641066,10.475561168029161,12.075960070964776
WR,absolute_confounded,2008-2016,26.65000000000008,11.28766284103414,10.473723445012567,12.071297708365238
WR,absolute_confounded,2008-2016,26.70000000000008,11.283299270872538,10.480410607218387,12.060485430755223
WR,absolute_confounded,2008-2016,26.75000000000008,11.278445567530992,10.464272242522643,12.050914898958691
WR,absolute_confounded,2008-2016,26.800000000000082,11.273098639384232,10.4451919635904,12.036951502331684
WR,absolute_confounded,2008-2016,26.850000000000083,11.267255394806988,10.440150034855618,12.035791021671022
WR,absolute_confounded,2008-2016,26.900000000000084,11.260912742173986,10.42623967433415,12.032341465533573
WR,absolute_confounded,2008-2016,26.950000000000085,11.25406758985996,10.429693799785982,12.032797844032087
WR,absolute_confounded,2008-2016,27.000000000000085,11.246716846239636,10.420021686701798,12.018558542140141
WR,absolute_confounded,2008-2016,27.050000000000086,11.238858693975747,10.407067583911967,12.029061874579039
WR,absolute_confounded,2008-2016,27.100000000000087,11.23049757821058,10.393833957194433,12.017661978126814
WR,absolute_confounded,2008-2016,27.150000000000087,11.221639864722059,10.374272919027243,12.022244602887316
WR,absolute_confounded,2008-2016,27.200000000000088,11.212291919793572,10.360591556266018,12.023059405604192
WR,absolute_confounded,2008-2016,27.25000000000009,11.20246010970851,10.349174684804057,12.016050480562345
WR,absolute_confounded,2008-2016,27.30000000000009,11.192150800750259,10.338458242116285,12.004723870111961
WR,absolute_confounded,2008-2016,27.35000000000009,11.181370359202212,10.328411958389973,11.992628946023526
WR,absolute_confounded,2008-2016,27.40000000000009,11.170125151347756,10.319048885292958,11.982478214171886
WR,absolute_confounded,2008-2016,27.45000000000009,11.158421543470283,10.310388785611622,11.975483297490449
WR,absolute_confounded,2008-2016,27.500000000000092,11.146265901853178,10.302338258309762,11.966932931902534
WR,absolute_confounded,2008-2016,27.550000000000093,11.133664592779834,10.294620703245467,11.9571368731469
WR,absolute_confounded,2008-2016,27.600000000000094,11.120623982533639,10.285447827667307,11.951023673484421
WR,absolute_confounded,2008-2016,27.650000000000095,11.107150437397982,10.27655592637908,11.939895741025145
WR,absolute_confounded,2008-2016,27.700000000000095,11.093250323656251,10.26781126423245,11.926705263302594
WR,absolute_confounded,2008-2016,27.750000000000096,11.078930007591836,10.259383447112185,11.912772182326938
WR,absolute_confounded,2008-2016,27.800000000000097,11.06419585548813,10.251197063987384,11.898071866554533
WR,absolute_confounded,2008-2016,27.850000000000097,11.049054233628517,10.242912106324766,11.882551807965568
WR,absolute_confounded,2008-2016,27.900000000000098,11.033511508296389,10.234722046445308,11.86629420780618
WR,absolute_confounded,2008-2016,27.9500000000001,11.017574045775135,10.226684345288621,11.849278793257506
WR,absolute_confounded,2008-2016,28.0000000000001,11.001248212348145,10.216459873165707,11.8316035426773
WR,absolute_confounded,2008-2016,28.0500000000001,10.984540374298804,10.18725866244498,11.813287749210374
WR,absolute_confounded,2008-2016,28.1000000000001,10.967456897910507,10.15808180979166,11.797261728568154
WR,absolute_confounded,2008-2016,28.1500000000001,10.95000414946664,10.14807546390951,11.781091823601695
WR,absolute_confounded,2008-2016,28.200000000000102,10.932188495250593,10.148916632711238,11.75716208360737
WR,absolute_confounded,2008-2016,28.250000000000103,10.914016301545756,10.140560090992318,11.742438338489151
WR,absolute_confounded,2008-2016,28.300000000000104,10.895493934635518,10.113810569775142,11.718466435214582
WR,absolute_confounded,2008-2016,28.350000000000104,10.876627760803267,10.091655599413503,11.69152033742447
WR,absolute_confounded,2008-2016,28.400000000000105,10.857424146332392,10.086619424182928,11.66933711594126
WR,absolute_confounded,2008-2016,28.450000000000106,10.837889457506286,10.081772125623711,11.647002943307726
WR,absolute_confounded,2008-2016,28.500000000000107,10.818030060608333,10.05870973598957,11.624211204763261
WR,absolute_confounded,2008-2016,28.550000000000107,10.797852321921926,10.046066283468145,11.600954330281365
WR,absolute_confounded,2008-2016,28.600000000000108,10.777362607730455,10.026788809501303,11.57700640701269
WR,absolute_confounded,2008-2016,28.65000000000011,10.756567284317306,10.003193414920982,11.557104616895218
WR,absolute_confounded,2008-2016,28.70000000000011,10.73547271796587,9.979513563605574,11.547534078836815
WR,absolute_confounded,2008-2016,28.75000000000011,10.714085274959535,9.955849917191285,11.537445547814253
WR,absolute_confounded,2008-2016,28.80000000000011,10.692411321581691,9.932192140052223,11.523504935830784
WR,absolute_confounded,2008-2016,28.85000000000011,10.67045722411573,9.908529896562504,11.498552535068603
WR,absolute_confounded,2008-2016,28.900000000000112,10.648229348845035,9.884852851096243,11.472882748913854
WR,absolute_confounded,2008-2016,28.950000000000113,10.625734062053002,9.861150668027546,11.455409800752262
WR,absolute_confounded,2008-2016,29.000000000000114,10.602977730023017,9.837140559914257,11.433830402059389
WR,absolute_confounded,2008-2016,29.050000000000114,10.57996671903847,9.802335295957011,11.412790072830866
WR,absolute_confounded,2008-2016,29.100000000000115,10.55670739538275,9.765931505045668,11.400056895417464
WR,absolute_confounded,2008-2016,29.150000000000116,10.533206125339245,9.735175251604499,11.363846160043137
WR,absolute_confounded,2008-2016,29.200000000000117,10.509469275191346,9.707902566121595,11.330108263742819
WR,absolute_confounded,2008-2016,29.250000000000117,10.485503211222442,9.668981421879666,11.311745884948342
WR,absolute_confounded,2008-2016,29.300000000000118,10.461314299715921,9.65372276449934,11.292991253136801
WR,absolute_confounded,2008-2016,29.35000000000012,10.436908905938367,9.62741245813737,11.273734546187594
WR,absolute_confounded,2008-2016,29.40000000000012,10.412292162129082,9.598914190710278,11.24555703568696
WR,absolute_confounded,2008-2016,29.45000000000012,10.387465572515946,9.571564607192085,11.213900601711131
WR,absolute_confounded,2008-2016,29.50000000000012,10.362429977397822,9.550273745210633,11.182088419417244
WR,absolute_confounded,2008-2016,29.55000000000012,10.337186217073565,9.527153301024953,11.150224129634706
WR,absolute_confounded,2008-2016,29.600000000000122,10.311735131842038,9.501698825390484,11.119897074238866
WR,absolute_confounded,2008-2016,29.650000000000123,10.286077562002099,9.471352025379906,11.099066497324957
WR,absolute_confounded,2008-2016,29.700000000000124,10.260214347852605,9.434262163565812,11.08337246508484
WR,absolute_confounded,2008-2016,29.750000000000124,10.234146329692418,9.40571943010349,11.056405916547602
WR,absolute_confounded,2008-2016,29.800000000000125,10.207874347820399,9.375181102682577,11.038364915631648
WR,absolute_confounded,2008-2016,29.850000000000126,10.181399242535404,9.345848929913242,11.013510780232538
WR,absolute_confounded,2008-2016,29.900000000000126,10.154721854136293,9.316152875919286,10.994713577615757
WR,absolute_confounded,2008-2016,29.950000000000127,10.127843022921926,9.28677928234082,10.975303258944727
WR,absolute_confounded,2008-2016,30.000000000000128,10.100763589191162,9.257692837301407,10.95359713575815
WR,absolute_confounded,2008-2016,30.05000000000013,10.073484393242861,9.228785574138707,10.93481280611167
WR,absolute_confounded,2008-2016,30.10000000000013,10.04600627537588,9.200056739124967,10.9139648996945
WR,absolute_confounded,2008-2016,30.15000000000013,10.018330075889082,9.162626106259903,10.892581491915868
WR,absolute_confounded,2008-2016,30.20000000000013,9.990456635081324,9.133651876340677,10.870637401340625
WR,absolute_confounded,2008-2016,30.25000000000013,9.962386793251467,9.106004404486605,10.84809696176454
WR,absolute_confounded,2008-2016,30.300000000000132,9.934121390698369,9.078192728054976,10.82503080972234
WR,absolute_confounded,2008-2016,30.350000000000133,9.905661267720888,9.050298679391272,10.801441204131763
WR,absolute_confounded,2008-2016,30.400000000000134,9.877007264617884,9.02240544422431,10.777264786875515
WR,absolute_confounded,2008-2016,30.450000000000134,9.848160221688218,8.99435429462845,10.752565887122158
WR,absolute_confounded,2008-2016,30.500000000000135,9.81912097923075,8.964695051774294,10.727355643592448
WR,absolute_confounded,2008-2016,30.550000000000136,9.789890377544337,8.934623891792423,10.701636291888088
WR,absolute_confounded,2008-2016,30.600000000000136,9.760469256927836,8.904450284052752,10.675410067610779
WR,absolute_confounded,2008-2016,30.650000000000137,9.730858457680114,8.874174680409244,10.648679206362232
WR,absolute_confounded,2008-2016,30.700000000000138,9.701058820100023,8.843797532715863,10.621445943744149
WR,absolute_confounded,2008-2016,30.75000000000014,9.671071184486426,8.813319292826575,10.59371251535823
WR,absolute_confounded,2008-2016,30.80000000000014,9.640896391138181,8.782740412595349,10.56548115680619
WR,absolute_confounded,2008-2016,30.85000000000014,9.610535280354148,8.752061343876147,10.536754103689725
WR,absolute_confounded,2008-2016,30.90000000000014,9.579988692433185,8.721282538522932,10.507533591610542
WR,absolute_confounded,2008-2016,30.95000000000014,9.549257467674154,8.690404448389675,10.47782185617035
WR,absolute_confounded,2008-2016,31.000000000000142,9.518342446375911,8.654536020527207,10.447621132970845
WR,absolute_confounded,2008-2016,31.050000000000143,9.487244468837318,8.617503046826078,10.41693365761374
WR,absolute_confounded,2008-2016,31.100000000000144,9.455964375357235,8.580550033356474,10.385761665700736
WR,absolute_confounded,2008-2016,31.150000000000144,9.424503006234517,8.543676611174902,10.354107392833534
WR,absolute_confounded,2008-2016,31.200000000000145,9.392861201768028,8.506882411337871,10.328901046406987
WR,absolute_confounded,2008-2016,31.250000000000146,9.361039802256625,8.470167064901888,10.297134883778817
WR,absolute_confounded,2008-2016,31.300000000000146,9.329039647999167,8.433530202923466,10.262174149776094
WR,absolute_confounded,2008-2016,31.350000000000147,9.296861579294514,8.396971456459106,10.23158482877186
WR,absolute_confounded,2008-2016,31.400000000000148,9.264506436441525,8.360398161345106,10.199905767330703
WR,absolute_confounded,2008-2016,31.45000000000015,9.23197505973906,8.323635879161161,10.166950421414416
WR,absolute_confounded,2008-2016,31.50000000000015,9.19926828948598,8.287265792460037,10.133687556785556
WR,absolute_confounded,2008-2016,31.55000000000015,9.166386965981141,8.254993288001646,10.100118646745859
WR,absolute_confounded,2008-2016,31.60000000000015,9.133331929523404,8.214585215436077,10.066245164597067
WR,absolute_confounded,2008-2016,31.65000000000015,9.100104020411628,8.17830698078087,10.032068583640923
WR,absolute_confounded,2008-2016,31.700000000000152,9.066704078944671,8.14900176767636,9.997504957117268
WR,absolute_confounded,2008-2016,31.750000000000153,9.033132945421393,8.11976438815111,9.962636421770336
WR,absolute_confounded,2008-2016,31.800000000000153,8.999391460140655,8.07679484129044,9.92746815224354
WR,absolute_confounded,2008-2016,31.850000000000154,8.965480463401317,8.034032443622428,9.891673265896161
WR,absolute_confounded,2008-2016,31.900000000000155,8.931400795502237,7.9979516829760176,9.854162274769669
WR,absolute_confounded,2008-2016,31.950000000000156,8.897153296742271,7.9561201709301494,9.820545452151622
WR,absolute_confounded,2008-2016,32.000000000000156,8.862738807420284,7.90859787004649,9.790191770331383
WR,absolute_confounded,2008-2016,32.05000000000015,8.828158167835133,7.871703917003495,9.761557775004817
WR,absolute_confounded,2008-2016,32.10000000000016,8.793412218285672,7.836707457189467,9.726873830871444
WR,absolute_confounded,2008-2016,32.15000000000016,8.758501799070768,7.80166852005053,9.688663255792966
WR,absolute_confounded,2008-2016,32.20000000000016,8.72342775048928,7.76653504578295,9.64094728269586
WR,absolute_confounded,2008-2016,32.250000000000156,8.688190912840065,7.731307519870736,9.598844187027149
WR,absolute_confounded,2008-2016,32.30000000000016,8.652792126421978,7.696254328744245,9.56086139203379
WR,absolute_confounded,2008-2016,32.350000000000165,8.617232231533883,7.661417205214394,9.522596124457444
WR,absolute_confounded,2008-2016,32.40000000000016,8.581512068474645,7.626494485899734,9.484049857599857
WR,absolute_confounded,2008-2016,32.45000000000016,8.545632477543116,7.58206993550699,9.44512025004023
WR,absolute_confounded,2008-2016,32.50000000000016,8.50959429903815,7.555210858663474,9.411147369309749
WR,absolute_confounded,2008-2016,32.55000000000017,8.473398373258615,7.511015309671945,9.37761606441904
WR,absolute_confounded,2008-2016,32.600000000000165,8.437045540503373,7.46524054165812,9.343818950484613
WR,absolute_confounded,2008-2016,32.65000000000016,8.400536641071279,7.419300681974409,9.317116542693647
WR,absolute_confounded,2008-2016,32.700000000000166,8.363872515261185,7.385151046295855,9.273052222768294
WR,absolute_confounded,2008-2016,32.75000000000017,8.32705400337196,7.330817812911645,9.23906518629433
WR,absolute_confounded,2008-2016,32.80000000000017,8.290081945702463,7.286315539102044,9.210714243891871
WR,absolute_confounded,2008-2016,32.850000000000165,8.252957182551553,7.253525635720595,9.18197580295051
WR,absolute_confounded,2008-2016,32.90000000000017,8.215680554218082,7.2217736862169115,9.152990695321614
WR,absolute_confounded,2008-2016,32.95000000000017,8.178252901000914,7.179228966660221,9.117973227236465
WR,absolute_confounded,2008-2016,33.00000000000017,8.140675063198913,7.1275908842503535,9.079757275928008
WR,absolute_confounded,2008-2016,33.05000000000017,8.102947881110936,7.07570811853599,9.041355412733342
WR,absolute_confounded,2008-2016,33.10000000000017,8.065072195035834,7.0188545125094945,9.002332546393896
WR,absolute_confounded,2008-2016,33.150000000000176,8.027048845272473,6.971544113005833,8.963112833216337
WR,absolute_confounded,2008-2016,33.20000000000017,7.988878672119718,6.918637409582959,8.921728267549664
WR,absolute_confounded,2008-2016,33.25000000000017,7.950562515876422,6.860113360884008,8.88448487044925
WR,absolute_confounded,2008-2016,33.300000000000175,7.912101216841441,6.812149573233763,8.850819002529029
WR,absolute_confounded,2008-2016,33.35000000000018,7.873495615313637,6.761494063454333,8.822765480226321
WR,absolute_confounded,2008-2016,33.400000000000176,7.834746551591875,6.711835089564068,8.794659735067816
WR,absolute_confounded,2008-2016,33.45000000000017,7.795854865975012,6.653841564429312,8.75263250032638
WR,absolute_confounded,2008-2016,33.50000000000018,7.756821398761899,6.604481527718547,8.728403229874687
WR,absolute_confounded,2008-2016,33.55000000000018,7.717646990251401,6.554961878293883,8.70361349658695
WR,absolute_confounded,2008-2016,33.60000000000018,7.678332480742383,6.505638615638066,8.672517888340376
WR,absolute_confounded,2008-2016,33.650000000000176,7.6388787105337,6.457081309903588,8.64119344579293
WR,absolute_confounded,2008-2016,33.70000000000018,7.599286519924204,6.392470219836434,8.609721612829716
WR,absolute_confounded,2008-2016,33.750000000000185,7.559556749212763,6.327727201667599,8.578103284203237
WR,absolute_confounded,2008-2016,33.80000000000018,7.519690238698239,6.286536114336137,8.546339354665983
WR,absolute_confounded,2008-2016,33.85000000000018,7.479687828679485,6.253373039852073,8.514430718970436
WR,absolute_confounded,2008-2016,33.90000000000018,7.439550359455358,6.203935112307137,8.482378271869086
WR,absolute_confounded,2008-2016,33.95000000000019,7.399278671324719,6.146839552449729,8.450182908114424
WR,absolute_confounded,2008-2016,34.000000000000185,7.358873604586438,6.079636411140063,8.417845522458947
WR,absolute_confounded,2008-2016,34.05000000000018,7.318335999539364,6.012071094014671,8.385135377722696
WR,absolute_confounded,2008-2016,34.100000000000186,7.277666696482352,5.956650958753466,8.352109293690638
WR,absolute_confounded,2008-2016,34.15000000000019,7.236866535714269,5.908716821672802,8.317346744841485
WR,absolute_confounded,2008-2016,34.20000000000019,7.195936357533977,5.848048850978203,8.277533587896036
WR,absolute_confounded,2008-2016,34.250000000000185,7.154877002240332,5.776907659533671,8.235957679096003
WR,absolute_confounded,2008-2016,34.30000000000019,7.113689310132187,5.725912893128209,8.190658819392237
WR,absolute_confounded,2008-2016,34.35000000000019,7.072374121508407,5.674733768946741,8.162868094334632
WR,absolute_confounded,2008-2016,34.40000000000019,7.030932276667857,5.602829914877043,8.138696989502456
WR,absolute_confounded,2008-2016,34.45000000000019,6.989364615909389,5.530532165471258,8.114582880281871
WR,absolute_confounded,2008-2016,34.50000000000019,6.947671979531859,5.476522140221279,8.084980007355465
WR,absolute_confounded,2008-2016,34.550000000000196,6.905855207834131,5.4276281302738845,8.055120596239435
WR,absolute_confounded,2008-2016,34.60000000000019,6.863915141115071,5.358904464605324,8.019618502710934
WR,absolute_confounded,2008-2016,34.65000000000019,6.821852619673531,5.308332595846748,7.9830069098255985
WR,absolute_confounded,2008-2016,34.700000000000195,6.779668483808365,5.237002247096717,7.948586561732777
WR,absolute_confounded,2008-2016,34.7500000000002,6.737363573818438,5.171845385129119,7.9140337221211325
WR,absolute_confounded,2008-2016,34.800000000000196,6.694938730002617,5.095798452909312,7.879349312814546
WR,absolute_confounded,2008-2016,34.85000000000019,6.652394792659755,5.016131997339737,7.844445887264706
WR,absolute_confounded,2008-2016,34.9000000000002,6.609732602088703,4.936092010559562,7.815144816739802
WR,absolute_confounded,2008-2016,34.9500000000002,6.5669529985883255,4.880140997344609,7.777795796236479
WR,absolute_confounded,2008-2016,35.0000000000002,6.524056822457494,4.831322074686293,7.765627865637428
WR,absolute_confounded,2008-2016,35.050000000000196,6.481044913995056,4.7824867244214,7.750503713277641
WR,absolute_confounded,2008-2016,35.1000000000002,6.437918113499867,4.719002434552707,7.7314932101657545
WR,absolute_confounded,2008-2016,35.150000000000205,6.394677261270791,4.645865253873683,7.70559334042939
WR,absolute_confounded,2008-2016,35.2000000000002,6.351323197606696,4.572454871724876,7.683227191408165
WR,absolute_confounded,2008-2016,35.2500000000002,6.307856762806433,4.499148682972687,7.660793861037928
WR,absolute_confounded,2008-2016,35.3000000000002,6.264278797168858,4.425967717908456,7.638379445690415
WR,absolute_confounded,2008-2016,35.35000000000021,6.220590140992833,4.352526664011436,7.615983802855518
WR,absolute_confounded,2008-2016,35.400000000000205,6.176791634577224,4.2788274957263654,7.5936067900231325
WR,absolute_confounded,2008-2016,35.4500000000002,6.132884118220885,4.204872187497953,7.576020905036341
WR,absolute_confounded,2008-2016,35.500000000000206,6.08886843222267,4.149875901258591,7.5619327836267445
WR,absolute_confounded,2008-2016,35.55000000000021,6.044745416881443,4.0997688864087936,7.54612943952843
WR,absolute_confounded,2008-2016,35.60000000000021,6.000515912496072,4.0495925095572565,7.516374060957685
WR,absolute_confounded,2008-2016,35.650000000000205,5.956180759365407,3.9993473180354986,7.4863022520625995
WR,absolute_confounded,2008-2016,35.70000000000021,5.911740797788302,3.9427738900055815,7.457135595151156
WR,absolute_confounded,2008-2016,35.75000000000021,5.867196868063624,3.8676820518550885,7.436281521969306
WR,absolute_confounded,2008-2016,35.80000000000021,5.822549810490236,3.792314621452398,7.414279027461387
WR,absolute_confounded,2008-2016,35.85000000000021,5.777800465366994,3.716673844358305,7.386405919286163
WR,absolute_confounded,2008-2016,35.90000000000021,5.732949672992751,3.640761966133608,7.343550294755215
WR,absolute_confounded,2008-2016,35.950000000000216,5.687998273666369,3.564581232339124,7.315136774713569
WR,absolute_confounded,2008-2016,36.00000000000021,5.642947107686718,3.4881338885356703,7.292858729996511
WR,absolute_confounded,2017-2025,21.0,9.229990207492442,7.298951315236717,11.305542838654041
WR,absolute_confounded,2017-2025,21.05,9.266261518984738,7.381530198668005,11.281628173199424
WR,absolute_confounded,2017-2025,21.1,9.30250368069723,7.450430644107806,11.25588311019492
WR,absolute_confounded,2017-2025,21.150000000000002,9.338711396295096,7.519237799091928,11.227956338827672
WR,absolute_confounded,2017-2025,21.200000000000003,9.374879369443518,7.593839635055241,11.200220299517321
WR,absolute_confounded,2017-2025,21.250000000000004,9.41100230380767,7.68040949607581,11.172700410446396
WR,absolute_confounded,2017-2025,21.300000000000004,9.447074903052734,7.766906270738299,11.16187604851622
WR,absolute_confounded,2017-2025,21.350000000000005,9.48309187084389,7.839915095731184,11.142806660954086
WR,absolute_confounded,2017-2025,21.400000000000006,9.519047910846314,7.904843080678236,11.121635794119666
WR,absolute_confounded,2017-2025,21.450000000000006,9.55493772672519,8.006590289382656,11.099265219731672
WR,absolute_confounded,2017-2025,21.500000000000007,9.590756022145692,8.109325556223203,11.077476069183188
WR,absolute_confounded,2017-2025,21.550000000000008,9.626497500773002,8.193967458121081,11.05660820959557
WR,absolute_confounded,2017-2025,21.60000000000001,9.662156866272298,8.288782567533449,11.036144493465708
WR,absolute_confounded,2017-2025,21.65000000000001,9.697728822308761,8.385185951272573,11.016810635541617
WR,absolute_confounded,2017-2025,21.70000000000001,9.733208072547567,8.480815858364725,11.015499916659735
WR,absolute_confounded,2017-2025,21.75000000000001,9.768589320653899,8.559416588484433,11.013654870581306
WR,absolute_confounded,2017-2025,21.80000000000001,9.803867270292931,8.608614080952494,10.986770965710482
WR,absolute_confounded,2017-2025,21.850000000000012,9.839036625129847,8.685523693120992,10.982373775132094
WR,absolute_confounded,2017-2025,21.900000000000013,9.874092088829824,8.764511342677837,10.98267352872868
WR,absolute_confounded,2017-2025,21.950000000000014,9.909028365058042,8.822486649661194,10.974400470255384
WR,absolute_confounded,2017-2025,22.000000000000014,9.943840157479677,8.878955142933822,10.97909931674801
WR,absolute_confounded,2017-2025,22.050000000000015,9.978522169759913,8.946647978423293,10.991341511808313
WR,absolute_confounded,2017-2025,22.100000000000016,10.013069105563925,9.032506118401306,10.991198022465305
WR,absolute_confounded,2017-2025,22.150000000000016,10.047475668556896,9.081124669002795,11.00054303341524
WR,absolute_confounded,2017-2025,22.200000000000017,10.081736562404,9.138506059443053,11.030965008916684
WR,absolute_confounded,2017-2025,22.250000000000018,10.115846490770421,9.200178789204735,11.040514143928327
WR,absolute_confounded,2017-2025,22.30000000000002,10.149800157321335,9.235561747208619,11.055084545755832
WR,absolute_confounded,2017-2025,22.35000000000002,10.183592265721924,9.272516371920686,11.053139228808652
WR,absolute_confounded,2017-2025,22.40000000000002,10.217217519637362,9.338116578750434,11.048867677460908
WR,absolute_confounded,2017-2025,22.45000000000002,10.250670622732834,9.378175462337596,11.061105216484874
WR,absolute_confounded,2017-2025,22.50000000000002,10.283946278673517,9.44585690423127,11.073549219313827
WR,absolute_confounded,2017-2025,22.550000000000022,10.31703919112459,9.506978207280586,11.075471206048919
WR,absolute_confounded,2017-2025,22.600000000000023,10.349944063751229,9.577590794062496,11.114761953556469
WR,absolute_confounded,2017-2025,22.650000000000023,10.382655600218618,9.631260916971115,11.142747109875504
WR,absolute_confounded,2017-2025,22.700000000000024,10.415168504191934,9.688688487078457,11.161151397473185
WR,absolute_confounded,2017-2025,22.750000000000025,10.447477479336357,9.718989122055962,11.198830446054503
WR,absolute_confounded,2017-2025,22.800000000000026,10.479577229317064,9.749590940648316,11.2274387521423
WR,absolute_confounded,2017-2025,22.850000000000026,10.511462457799235,9.780570060787088,11.255903682745135
WR,absolute_confounded,2017-2025,22.900000000000027,10.54312786844805,9.811728625377626,11.314818202410358
WR,absolute_confounded,2017-2025,22.950000000000028,10.574568164928689,9.842264327232463,11.329545602983792
WR,absolute_confounded,2017-2025,23.00000000000003,10.605778050906327,9.880179267557832,11.354951068519322
WR,absolute_confounded,2017-2025,23.05000000000003,10.636752230046149,9.912895179592166,11.378416620258271
WR,absolute_confounded,2017-2025,23.10000000000003,10.667485406013329,9.94505248498902,11.41338417614514
WR,absolute_confounded,2017-2025,23.15000000000003,10.69797228247305,9.97302281962559,11.436950411687251
WR,absolute_confounded,2017-2025,23.20000000000003,10.728207563090487,10.015682057886298,11.466995899694156
WR,absolute_confounded,2017-2025,23.250000000000032,10.758185951530823,10.046803711189087,11.488555118630392
WR,absolute_confounded,2017-2025,23.300000000000033,10.787902151459235,10.078131171096004,11.512888490960645
WR,absolute_confounded,2017-2025,23.350000000000033,10.817350866540902,10.109073098056605,11.541946636521741
WR,absolute_confounded,2017-2025,23.400000000000034,10.846526800441005,10.138599516528846,11.571067653807653
WR,absolute_confounded,2017-2025,23.450000000000035,10.875424656824721,10.169279722943594,11.602280001149579
WR,absolute_confounded,2017-2025,23.500000000000036,10.90403913935723,10.193174648921167,11.629697607789403
WR,absolute_confounded,2017-2025,23.550000000000036,10.932364951703711,10.215384815275206,11.659248418909016
WR,absolute_confounded,2017-2025,23.600000000000037,10.960396797529345,10.244490038239126,11.695627737124566
WR,absolute_confounded,2017-2025,23.650000000000038,10.988129380499306,10.270032234547534,11.722235192683746
WR,absolute_confounded,2017-2025,23.70000000000004,11.015557381214306,10.296554797028955,11.74475745001918
WR,absolute_confounded,2017-2025,23.75000000000004,11.042667534655104,10.318699282032437,11.779060337298125
WR,absolute_confounded,2017-2025,23.80000000000004,11.069427041513071,10.343623736818419,11.807925810420818
WR,absolute_confounded,2017-2025,23.85000000000004,11.0958001546079,10.370722306628469,11.82574512774308
WR,absolute_confounded,2017-2025,23.90000000000004,11.121751126759284,10.396906939204417,11.844220729810903
WR,absolute_confounded,2017-2025,23.950000000000042,11.147244210786914,10.423978092672895,11.86037224395198
WR,absolute_confounded,2017-2025,24.000000000000043,11.172243659510485,10.458019025145838,11.863257259044172
WR,absolute_confounded,2017-2025,24.050000000000043,11.196713725749689,10.489470155830587,11.875515202358795
WR,absolute_confounded,2017-2025,24.100000000000044,11.22061866232422,10.527957165640288,11.899464330677176
WR,absolute_confounded,2017-2025,24.150000000000045,11.243922722053767,10.559484168107247,11.92399140123569
WR,absolute_confounded,2017-2025,24.200000000000045,11.266590157758028,10.59508239167665,11.943436954324302
WR,absolute_confounded,2017-2025,24.250000000000046,11.288585222256692,10.612123529678755,11.963488484270897
WR,absolute_confounded,2017-2025,24.300000000000047,11.309872168369454,10.637355018286028,11.9831745863733
WR,absolute_confounded,2017-2025,24.350000000000048,11.330415248916005,10.655129635060625,12.013299182902681
WR,absolute_confounded,2017-2025,24.40000000000005,11.35017871671604,10.687897054554469,12.022170380765111
WR,absolute_confounded,2017-2025,24.45000000000005,11.369126824589253,10.719007250954082,12.044508021024583
WR,absolute_confounded,2017-2025,24.50000000000005,11.387223825355331,10.733680712533822,12.052971010517199
WR,absolute_confounded,2017-2025,24.55000000000005,11.404433971833974,10.753469059565989,12.063001025521688
WR,absolute_confounded,2017-2025,24.60000000000005,11.420721516844868,10.777121260200431,12.081635483222227
WR,absolute_confounded,2017-2025,24.650000000000052,11.436050713207713,10.77448338892767,12.108066536191881
WR,absolute_confounded,2017-2025,24.700000000000053,11.450385813742194,10.792622398910545,12.137218658770974
WR,absolute_confounded,2017-2025,24.750000000000053,11.463691071268013,10.812440572893472,12.165252125084898
WR,absolute_confounded,2017-2025,24.800000000000054,11.475930738604852,10.819444144208125,12.191770607025333
WR,absolute_confounded,2017-2025,24.850000000000055,11.487069068572413,10.822596807388873,12.2102848326717
WR,absolute_confounded,2017-2025,24.900000000000055,11.497070313990386,10.833495659180954,12.223513583151647
WR,absolute_confounded,2017-2025,24.950000000000056,11.505898727678463,10.840623189775052,12.226423743974788
WR,absolute_confounded,2017-2025,25.000000000000057,11.513518562456337,10.840253924986355,12.229634640763557
WR,absolute_confounded,2017-2025,25.050000000000058,11.519894071143701,10.846351128136803,12.237969792788002
WR,absolute_confounded,2017-2025,25.10000000000006,11.524989506560248,10.839351349326927,12.25189758950327
WR,absolute_confounded,2017-2025,25.15000000000006,11.52876912152567,10.844406592234087,12.25366397916091
WR,absolute_confounded,2017-2025,25.20000000000006,11.531197168859663,10.8389773782663,12.253235209678879
WR,absolute_confounded,2017-2025,25.25000000000006,11.532237901381917,10.835078470989442,12.250232283759926
WR,absolute_confounded,2017-2025,25.30000000000006,11.531856110768334,10.832946643049706,12.251563676553255
WR,absolute_confounded,2017-2025,25.350000000000062,11.53004500252372,10.830562342811202,12.252124464086338
WR,absolute_confounded,2017-2025,25.400000000000063,11.526839707555517,10.827906590291787,12.255571531962362
WR,absolute_confounded,2017-2025,25.450000000000063,11.522278726798902,10.818270890330313,12.251491112014234
WR,absolute_confounded,2017-2025,25.500000000000064,11.516400561189045,10.817448837245665,12.230488501629061
WR,absolute_confounded,2017-2025,25.550000000000065,11.50924371166112,10.818250147079517,12.226924605763159
WR,absolute_confounded,2017-2025,25.600000000000065,11.500846679150307,10.815309631844285,12.21826607518244
WR,absolute_confounded,2017-2025,25.650000000000066,11.49124796459177,10.809885790323918,12.205577885006528
WR,absolute_confounded,2017-2025,25.700000000000067,11.48048606892069,10.798296717380738,12.18966143659538
WR,absolute_confounded,2017-2025,25.750000000000068,11.468599493072238,10.786093837868686,12.17356034473732
WR,absolute_confounded,2017-2025,25.800000000000068,11.455626737981587,10.766197835935811,12.161603907506784
WR,absolute_confounded,2017-2025,25.85000000000007,11.441606304583914,10.755215432154355,12.143249549950868
WR,absolute_confounded,2017-2025,25.90000000000007,11.42657669381439,10.744735086622127,12.122338315344802
WR,absolute_confounded,2017-2025,25.95000000000007,11.410576406608188,10.742649937415127,12.104702838933008
WR,absolute_confounded,2017-2025,26.00000000000007,11.393643943900482,10.720779581799396,12.0864986728561
WR,absolute_confounded,2017-2025,26.05000000000007,11.375817806626447,10.690825494589571,12.065237594682811
WR,absolute_confounded,2017-2025,26.100000000000072,11.357136495721258,10.66160574530414,12.048690175814736
WR,absolute_confounded,2017-2025,26.150000000000073,11.337638512120085,10.646840445944168,12.041796388914188
WR,absolute_confounded,2017-2025,26.200000000000074,11.317362356758103,10.612605597559362,12.037108531097743
WR,absolute_confounded,2017-2025,26.250000000000075,11.296346530570489,10.582609455710138,12.01587677253662
WR,absolute_confounded,2017-2025,26.300000000000075,11.274629534492412,10.570447649934064,11.992969406808978
WR,absolute_confounded,2017-2025,26.350000000000076,11.252249869459046,10.55815630110106,11.98525189819184
WR,absolute_confounded,2017-2025,26.400000000000077,11.229246036405568,10.545484567842136,11.965615220650085
WR,absolute_confounded,2017-2025,26.450000000000077,11.205656536267151,10.532401486690258,11.943340373101504
WR,absolute_confounded,2017-2025,26.500000000000078,11.181519869978965,10.491815814407232,11.913673693632372
WR,absolute_confounded,2017-2025,26.55000000000008,11.156874538476188,10.463314834205862,11.887462548130115
WR,absolute_confounded,2017-2025,26.60000000000008,11.131759042693993,10.428191107344006,11.866172953894129
WR,absolute_confounded,2017-2025,26.65000000000008,11.10621188356755,10.389677484345578,11.841065112925833
WR,absolute_confounded,2017-2025,26.70000000000008,11.080271562032038,10.350024517671255,11.822184604099116
WR,absolute_confounded,2017-2025,26.75000000000008,11.053976579022628,10.312302877993773,11.80834788670954
WR,absolute_confounded,2017-2025,26.800000000000082,11.027365435474492,10.287521357158258,11.789756904257137
WR,absolute_confounded,2017-2025,26.850000000000083,11.000476632322805,10.261767532321311,11.76760432490877
WR,absolute_confounded,2017-2025,26.900000000000084,10.973348670502741,10.224032038824962,11.740930810422299
WR,absolute_confounded,2017-2025,26.950000000000085,10.946020050949476,10.18623691290185,11.708052880838647
WR,absolute_confounded,2017-2025,27.000000000000085,10.91852927459818,10.148434243860946,11.685021094083593
WR,absolute_confounded,2017-2025,27.050000000000086,10.890909532507091,10.110995492828858,11.657027233974404
WR,absolute_confounded,2017-2025,27.100000000000087,10.863167920380915,10.080053555693777,11.62850619173215
WR,absolute_confounded,2017-2025,27.150000000000087,10.83530353075801,10.04591270880591,11.600578156950945
WR,absolute_confounded,2017-2025,27.200000000000088,10.807315454070471,10.00569813504546,11.578766790701449
WR,absolute_confounded,2017-2025,27.25000000000009,10.779202780750403,9.973783566012951,11.55910567185015
WR,absolute_confounded,2017-2025,27.30000000000009,10.750964601229906,9.94299797589564,11.534726313357528
WR,absolute_confounded,2017-2025,27.35000000000009,10.722600005941082,9.905251704697362,11.507242562673518
WR,absolute_confounded,2017-2025,27.40000000000009,10.694108085316028,9.875984559560564,11.488842365724425
WR,absolute_confounded,2017-2025,27.45000000000009,10.665487929786853,9.848641308376818,11.468828407561393
WR,absolute_confounded,2017-2025,27.500000000000092,10.636738629785649,9.821473329411884,11.440036312938158
WR,absolute_confounded,2017-2025,27.550000000000093,10.607859275744524,9.793302219016194,11.410380575818738
WR,absolute_confounded,2017-2025,27.600000000000094,10.578848958095577,9.75920880194863,11.380257946196377
WR,absolute_confounded,2017-2025,27.650000000000095,10.549706767270907,9.731237058186796,11.34923286814662
WR,absolute_confounded,2017-2025,27.700000000000095,10.520431793702617,9.710798801555438,11.321076354355053
WR,absolute_confounded,2017-2025,27.750000000000096,10.491023127822809,9.686359873247369,11.294471540519101
WR,absolute_confounded,2017-2025,27.800000000000097,10.46147986006358,9.659715911165668,11.272711947928787
WR,absolute_confounded,2017-2025,27.850000000000097,10.431801080857038,9.633274776248472,11.25049751223763
WR,absolute_confounded,2017-2025,27.900000000000098,10.401985880635277,9.599520504890197,11.22783819161025
WR,absolute_confounded,2017-2025,27.9500000000001,10.372033349830403,9.563384906197305,11.202607774886637
WR,absolute_confounded,2017-2025,28.0000000000001,10.341942578874514,9.531158349307054,11.170142572249707
WR,absolute_confounded,2017-2025,28.0500000000001,10.311712658199713,9.493217131940282,11.136745769360315
WR,absolute_confounded,2017-2025,28.1000000000001,10.2813426782381,9.455534245612952,11.102239604776363
WR,absolute_confounded,2017-2025,28.1500000000001,10.250831729421776,9.418753598200844,11.066597056900289
WR,absolute_confounded,2017-2025,28.200000000000102,10.220178902182843,9.388102590323161,11.03013137397245
WR,absolute_confounded,2017-2025,28.250000000000103,10.189383286953403,9.373870455086417,10.994178376618818
WR,absolute_confounded,2017-2025,28.300000000000104,10.158443974165554,9.334512851159268,10.97170757469463
WR,absolute_confounded,2017-2025,28.350000000000104,10.1273600542514,9.313827617797518,10.951531983835475
WR,absolute_confounded,2017-2025,28.400000000000105,10.09613061764304,9.291933923892813,10.931190925729112
WR,absolute_confounded,2017-2025,28.450000000000106,10.064754754772576,9.251528004534448,10.910423620320607
WR,absolute_confounded,2017-2025,28.500000000000107,10.033231556072108,9.207362871957047,10.889063415686195
WR,absolute_confounded,2017-2025,28.550000000000107,10.00156011197374,9.163303408474619,10.855976097639928
WR,absolute_confounded,2017-2025,28.600000000000108,9.969739512909571,9.129878287588976,10.816735532582133
WR,absolute_confounded,2017-2025,28.65000000000011,9.937768849311702,9.08544662810006,10.776946116264034
WR,absolute_confounded,2017-2025,28.70000000000011,9.905647211612235,9.038771234871437,10.749893563306767
WR,absolute_confounded,2017-2025,28.75000000000011,9.87337369024327,8.995457954023351,10.737978537349456
WR,absolute_confounded,2017-2025,28.80000000000011,9.840947375636908,8.967132075438688,10.715684473153694
WR,absolute_confounded,2017-2025,28.85000000000011,9.808367358225253,8.939043130614976,10.67914342458169
WR,absolute_confounded,2017-2025,28.900000000000112,9.775632728440401,8.903173196745811,10.640493418462045
WR,absolute_confounded,2017-2025,28.950000000000113,9.742742576714457,8.861074940913769,10.601408562838051
WR,absolute_confounded,2017-2025,29.000000000000114,9.70969599347952,8.8223792308201,10.566176727791015
WR,absolute_confounded,2017-2025,29.050000000000114,9.676492069167695,8.789034533792274,10.527758473484445
WR,absolute_confounded,2017-2025,29.100000000000115,9.643129894211077,8.749081197017077,10.485256978094563
WR,absolute_confounded,2017-2025,29.150000000000116,9.60960855904177,8.711398759343597,10.46319142730288
WR,absolute_confounded,2017-2025,29.200000000000117,9.575927154091879,8.667714256679279,10.435531444429067
WR,absolute_confounded,2017-2025,29.250000000000117,9.542084769793497,8.624161611555378,10.399433287555278
WR,absolute_confounded,2017-2025,29.300000000000118,9.508080496578733,8.5807460085507,10.365863830590078
WR,absolute_confounded,2017-2025,29.35000000000012,9.473913425167071,8.53747263118231,10.341777977162387
WR,absolute_confounded,2017-2025,29.40000000000012,9.439582994778998,8.494345375462233,10.316497174165232
WR,absolute_confounded,2017-2025,29.45000000000012,9.405089670050739,8.450513066106549,10.289343029676957
WR,absolute_confounded,2017-2025,29.50000000000012,9.37043410327043,8.405327578625226,10.250683466288772
WR,absolute_confounded,2017-2025,29.55000000000012,9.335616946726205,8.361406333089723,10.211754490008484
WR,absolute_confounded,2017-2025,29.600000000000122,9.300638852706204,8.32034045649045,10.172557188373005
WR,absolute_confounded,2017-2025,29.650000000000123,9.26550047349856,8.279469250375184,10.133092648919252
WR,absolute_confounded,2017-2025,29.700000000000124,9.23020246139141,8.238448601102265,10.10705127435098
WR,absolute_confounded,2017-2025,29.750000000000124,9.194745468672892,8.198163275169883,10.085757384685383
WR,absolute_confounded,2017-2025,29.800000000000125,9.159130147631139,8.16359729865634,10.063909227385066
WR,absolute_confounded,2017-2025,29.850000000000126,9.123357150554288,8.125968276852555,10.03535971301672
WR,absolute_confounded,2017-2025,29.900000000000126,9.087427129730477,8.086645800890572,9.992959603897338
WR,absolute_confounded,2017-2025,29.950000000000127,9.051340737447838,8.047595112866977,9.958664422013603
WR,absolute_confounded,2017-2025,30.000000000000128,9.015098625994511,8.009008310903235,9.92307409598474
WR,absolute_confounded,2017-2025,30.05000000000013,8.97870144765863,7.972787444155969,9.880585487303135
WR,absolute_confounded,2017-2025,30.10000000000013,8.942149854728331,7.94036148590472,9.855639911383706
WR,absolute_confounded,2017-2025,30.15000000000013,8.905444499491752,7.897853456129434,9.831322244212387
WR,absolute_confounded,2017-2025,30.20000000000013,8.868586034237026,7.856841142504748,9.790734004592405
WR,absolute_confounded,2017-2025,30.25000000000013,8.831575111252292,7.816469350903632,9.7487468467876
WR,absolute_confounded,2017-2025,30.300000000000132,8.794412382825683,7.77141527288508,9.706220770301375
WR,absolute_confounded,2017-2025,30.350000000000133,8.757098501245338,7.72832820922523,9.663100527446096
WR,absolute_confounded,2017-2025,30.400000000000134,8.71963411879939,7.68584263198895,9.635356732209052
WR,absolute_confounded,2017-2025,30.450000000000134,8.682019887775978,7.643082814446627,9.610901899537511
WR,absolute_confounded,2017-2025,30.500000000000135,8.644256460463238,7.600654719060314,9.586615118577605
WR,absolute_confounded,2017-2025,30.550000000000136,8.606344489149304,7.558413342404762,9.56249565460504
WR,absolute_confounded,2017-2025,30.600000000000136,8.568284626122312,7.518644266065016,9.532490407492237
WR,absolute_confounded,2017-2025,30.650000000000137,8.5300775236704,7.476939727813841,9.495485707084178
WR,absolute_confounded,2017-2025,30.700000000000138,8.491723834081704,7.43537516588754,9.453088611101093
WR,absolute_confounded,2017-2025,30.75000000000014,8.453224209644358,7.3939095030223,9.396333994100171
WR,absolute_confounded,2017-2025,30.80000000000014,8.414579302646498,7.35254229716686,9.346589346259602
WR,absolute_confounded,2017-2025,30.85000000000014,8.375789765376261,7.312238844256492,9.314614484216596
WR,absolute_confounded,2017-2025,30.90000000000014,8.336856250121786,7.272302812513523,9.28227320990416
WR,absolute_confounded,2017-2025,30.95000000000014,8.297779409171202,7.232680604443084,9.237905809787721
WR,absolute_confounded,2017-2025,31.000000000000142,8.258559894812652,7.193370791805412,9.191958218017755
WR,absolute_confounded,2017-2025,31.050000000000143,8.21919835933427,7.154371946360742,9.165842777076142
WR,absolute_confounded,2017-2025,31.100000000000144,8.17969545502419,7.11531951317013,9.144075620091131
WR,absolute_confounded,2017-2025,31.150000000000144,8.14005183417055,7.0754641165392655,9.116890246388365
WR,absolute_confounded,2017-2025,31.200000000000145,8.100268149061487,7.035847528307131,9.080261121910727
WR,absolute_confounded,2017-2025,31.250000000000146,8.060345051985133,6.996595504984586,9.042118743935436
WR,absolute_confounded,2017-2025,31.300000000000146,8.020283195229627,6.955011834247153,9.003885632014242
WR,absolute_confounded,2017-2025,31.350000000000147,7.980083231083104,6.895970098259349,8.968768553936206
WR,absolute_confounded,2017-2025,31.400000000000148,7.939745811833703,6.8349118642737405,8.93488576188497
WR,absolute_confounded,2017-2025,31.45000000000015,7.8992715897695565,6.77493109142288,8.901244576330381
WR,absolute_confounded,2017-2025,31.50000000000015,7.858661217178801,6.722383357434151,8.866898012166132
WR,absolute_confounded,2017-2025,31.55000000000015,7.817915346349574,6.681382078554363,8.832044521995833
WR,absolute_confounded,2017-2025,31.60000000000015,7.77703462957001,6.641199114137164,8.79676496011373
WR,absolute_confounded,2017-2025,31.65000000000015,7.7360197191282465,6.60130719914265,8.759684796503388
WR,absolute_confounded,2017-2025,31.700000000000152,7.694871267312418,6.558565035357244,8.721182926596189
WR,absolute_confounded,2017-2025,31.750000000000153,7.653589926410663,6.50485915328883,8.68241194692132
WR,absolute_confounded,2017-2025,31.800000000000153,7.612176348711115,6.426084773697435,8.643193722391219
WR,absolute_confounded,2017-2025,31.850000000000154,7.570631186501911,6.3472778780518135,8.603530459143046
WR,absolute_confounded,2017-2025,31.900000000000155,7.528955092071188,6.304900237386774,8.568194492628912
WR,absolute_confounded,2017-2025,31.950000000000156,7.487148717707081,6.265863661946722,8.529051237421756
WR,absolute_confounded,2017-2025,32.000000000000156,7.445212715697725,6.1644234334548464,8.489529835135336
WR,absolute_confounded,2017-2025,32.05000000000015,7.403147738331261,6.080994439360381,8.449528546777845
WR,absolute_confounded,2017-2025,32.10000000000016,7.360954437895815,6.042264004666107,8.40910845086923
WR,absolute_confounded,2017-2025,32.15000000000016,7.318633466679529,6.004015005625413,8.36673089179487
WR,absolute_confounded,2017-2025,32.20000000000016,7.2761854769705465,5.958738882643858,8.32767793858128
WR,absolute_confounded,2017-2025,32.250000000000156,7.233611121056995,5.89937705187128,8.28662191279273
WR,absolute_confounded,2017-2025,32.30000000000016,7.1909110512270065,5.827888193733167,8.251595753861658
WR,absolute_confounded,2017-2025,32.350000000000165,7.148085919768722,5.7577121639665725,8.219152482370916
WR,absolute_confounded,2017-2025,32.40000000000016,7.105136378970284,5.6823682923611045,8.185216857403919
WR,absolute_confounded,2017-2025,32.45000000000016,7.062063081119824,5.609018492730497,8.157529852329008
WR,absolute_confounded,2017-2025,32.50000000000016,7.01886667850547,5.541690054285777,8.129491926767335
WR,absolute_confounded,2017-2025,32.55000000000017,6.975547823415363,5.462233779294556,8.111210082398133
WR,absolute_confounded,2017-2025,32.600000000000165,6.932107168137648,5.382565844545786,8.082754597008957
WR,absolute_confounded,2017-2025,32.65000000000016,6.8885453649604536,5.296060042743154,8.0571770775654
WR,absolute_confounded,2017-2025,32.700000000000166,6.84486306617191,5.211876675407145,8.029595009901923
WR,absolute_confounded,2017-2025,32.75000000000017,6.80106092406016,5.1120102446023905,8.000612171297458
WR,absolute_confounded,2017-2025,32.80000000000017,6.757139590913344,5.031487702466765,7.962286034493484
WR,absolute_confounded,2017-2025,32.850000000000165,6.713099719019593,5.008683603984983,7.93352247193633
WR,absolute_confounded,2017-2025,32.90000000000017,6.668941960667036,4.931770126318652,7.904959952581194
WR,absolute_confounded,2017-2025,32.95000000000017,6.624666968143818,4.85448451811598,7.858859870438476
WR,absolute_confounded,2017-2025,33.00000000000017,6.580275393738076,4.776828849902422,7.822950702559983
WR,absolute_confounded,2017-2025,33.05000000000017,6.535767889737947,4.698805192203425,7.788419319068187
WR,absolute_confounded,2017-2025,33.10000000000017,6.491145108431555,4.620415615544422,7.753831060841329
WR,absolute_confounded,2017-2025,33.150000000000176,6.446407702107043,4.535935487972955,7.719186249700903
WR,absolute_confounded,2017-2025,33.20000000000017,6.4015563230525565,4.428787903991968,7.684485207468411
WR,absolute_confounded,2017-2025,33.25000000000017,6.356591623556222,4.322057987399528,7.663842193868565
WR,absolute_confounded,2017-2025,33.300000000000175,6.311514255906172,4.214549419180229,7.632507690714716
WR,absolute_confounded,2017-2025,33.35000000000018,6.266324872390545,4.138222424936411,7.60087876576044
WR,absolute_confounded,2017-2025,33.400000000000176,6.221024125297487,4.056292802169263,7.595495444798119
WR,absolute_confounded,2017-2025,33.45000000000017,6.175612666915128,3.9559780660573924,7.563712356869645
WR,absolute_confounded,2017-2025,33.50000000000018,6.130091149531593,3.8549281419888803,7.522233200047993
WR,absolute_confounded,2017-2025,33.55000000000018,6.08446022543503,3.7531473872119254,7.48057333381932
WR,absolute_confounded,2017-2025,33.60000000000018,6.038720546913577,3.650785776203956,7.441344227158127
WR,absolute_confounded,2017-2025,33.650000000000176,5.992872766255367,3.5487916708441447,7.416531827880104
WR,absolute_confounded,2017-2025,33.70000000000018,5.946917535748528,3.446095766092119,7.401151160440019
WR,absolute_confounded,2017-2025,33.750000000000185,5.900855507681202,3.34239922643741,7.385951900229261
WR,absolute_confounded,2017-2025,33.80000000000018,5.854687334341533,3.2370699576026687,7.370932939265746
WR,absolute_confounded,2017-2025,33.85000000000018,5.80841366801765,3.131035294838399,7.354464431336375
WR,absolute_confounded,2017-2025,33.90000000000018,5.762035160997682,3.0242995997625237,7.3240682013763525
WR,absolute_confounded,2017-2025,33.95000000000019,5.715552465569771,2.9168672339929826,7.293533296888535
WR,absolute_confounded,2017-2025,34.000000000000185,5.6689662340220615,2.8087425591477277,7.255974948062153
WR,absolute_confounded,2017-2025,34.05000000000018,5.622277118642682,2.699929936844665,7.2180165192263095
WR,absolute_confounded,2017-2025,34.100000000000186,5.575485771719761,2.5904337287017127,7.179834350127261
WR,absolute_confounded,2017-2025,34.15000000000019,5.528592845541443,2.480258296336824,7.141429868339264
WR,absolute_confounded,2017-2025,34.20000000000019,5.4815989923958695,2.369408001367935,7.11081102918818
WR,absolute_confounded,2017-2025,34.250000000000185,5.434504864571169,2.2578872054129646,7.094592532220619
WR,absolute_confounded,2017-2025,34.30000000000019,5.387311114355473,2.1457002700898293,7.077637328308463
WR,absolute_confounded,2017-2025,34.35000000000019,5.340018394036923,2.0329365354718436,7.046691367651414
WR,absolute_confounded,2017-2025,34.40000000000019,5.292627355903662,1.9198050191151304,7.015458186141207
WR,absolute_confounded,2017-2025,34.45000000000019,5.245138652243821,1.8060249064965592,6.984144274949909
WR,absolute_confounded,2017-2025,34.50000000000019,5.197552935345525,1.6916005294582808,6.966493888459175
WR,absolute_confounded,2017-2025,34.550000000000196,5.14987085749692,1.576536219842483,6.937087701142992
WR,absolute_confounded,2017-2025,34.60000000000019,5.1020930709861485,1.4534121906471382,6.907391575239076
WR,absolute_confounded,2017-2025,34.65000000000019,5.0542202281013395,1.3233799187596125,6.8796186083470925
WR,absolute_confounded,2017-2025,34.700000000000195,5.006252981130623,1.1926302387967151,6.875631673067996
WR,absolute_confounded,2017-2025,34.7500000000002,4.958191982362139,1.0611681077131552,6.87012563974132
WR,absolute_confounded,2017-2025,34.800000000000196,4.910037884084034,0.9289984824636435,6.871035483659322
WR,absolute_confounded,2017-2025,34.85000000000019,4.861791338584435,0.7961263200028402,6.872269748143456
WR,absolute_confounded,2017-2025,34.9000000000002,4.813452998151473,0.6786498600364888,6.873826144150488
WR,absolute_confounded,2017-2025,34.9500000000002,4.765023515073288,0.5630411382081768,6.875702382637192
WR,absolute_confounded,2017-2025,35.0000000000002,4.716503541638027,0.4469244531004007,6.877608616959331
WR,absolute_confounded,2017-2025,35.050000000000196,4.667893730133815,0.33030346630130364,6.869279939500904
WR,absolute_confounded,2017-2025,35.1000000000002,4.619194732848784,0.21318183939903823,6.857273577427889
WR,absolute_confounded,2017-2025,35.150000000000205,4.570407202071076,0.09073103597561827,6.845460741832733
WR,absolute_confounded,2017-2025,35.2000000000002,4.521531790088834,-0.05072837250121094,6.833840006870577
WR,absolute_confounded,2017-2025,35.2500000000002,4.472569149190186,-0.19287929692352832,6.822409946696561
WR,absolute_confounded,2017-2025,35.3000000000002,4.423519931663263,-0.33521641379939293,6.81116913546582
WR,absolute_confounded,2017-2025,35.35000000000021,4.374384789796206,-0.47833495943125637,6.8001161473334975
WR,absolute_confounded,2017-2025,35.400000000000205,4.32516437587716,-0.6222290016617382,6.789249556454735
WR,absolute_confounded,2017-2025,35.4500000000002,4.275859342194251,-0.7378025078087725,6.778567936984667
WR,absolute_confounded,2017-2025,35.500000000000206,4.226470341035613,-0.8505449811945429,6.768069863078433
WR,absolute_confounded,2017-2025,35.55000000000021,4.176998024689385,-0.9669275942353514,6.757685610783644
WR,absolute_confounded,2017-2025,35.60000000000021,4.127443045443711,-1.105530201672643,6.746706971845379
WR,absolute_confounded,2017-2025,35.650000000000205,4.077806055586723,-1.239817984211128,6.735899083250598
WR,absolute_confounded,2017-2025,35.70000000000021,4.028087707406545,-1.3572122071168509,6.725260586901588
WR,absolute_confounded,2017-2025,35.75000000000021,3.9782886531913224,-1.474976378339094,6.714790124700643
WR,absolute_confounded,2017-2025,35.80000000000021,3.928409545229199,-1.593107507854891,6.7044863385500575
WR,absolute_confounded,2017-2025,35.85000000000021,3.878451035808302,-1.7116026056412847,6.694347870352122
WR,absolute_confounded,2017-2025,35.90000000000021,3.8284137772167632,-1.8304586816753379,6.6973153745153455
WR,absolute_confounded,2017-2025,35.950000000000216,3.778298421742722,-1.9496727459340746,6.694028164640347
WR,absolute_confounded,2017-2025,36.00000000000021,3.7281056216743256,-2.069241808394515,6.666580387775642
RB,relative,POOLED,21.0,0.9009932757883983,0.7122533146610549,1.0761854560399613
RB,relative,POOLED,21.05,0.9054643336384971,0.7214022597134402,1.0756539823149234
RB,relative,POOLED,21.1,0.9099232767956631,0.7324103565553733,1.0749581611888988
RB,relative,POOLED,21.150000000000002,0.9143687095051153,0.7433940140619213,1.0729550584849006
RB,relative,POOLED,21.200000000000003,0.9187992360120731,0.7543500758223921,1.0709693330277323
RB,relative,POOLED,21.250000000000004,0.9232134605617558,0.7649972007988215,1.0702115335179658
RB,relative,POOLED,21.300000000000004,0.9276099873993825,0.774929733473763,1.0707573590425563
RB,relative,POOLED,21.350000000000005,0.9319874207701724,0.7858953705096812,1.0703106892050573
RB,relative,POOLED,21.400000000000006,0.9363443649193448,0.7948301933921793,1.070271089711442
RB,relative,POOLED,21.450000000000006,0.940679424092119,0.80370240641702,1.0715949427640494
RB,relative,POOLED,21.500000000000007,0.944991202533714,0.8134053214356041,1.0693977896318594
RB,relative,POOLED,21.550000000000008,0.9492783044893494,0.822909370748009,1.0700271444538767
RB,relative,POOLED,21.60000000000001,0.953539334204244,0.8307280303856015,1.0692541157399262
RB,relative,POOLED,21.65000000000001,0.9577728959236173,0.8393363468646013,1.067972918804754
RB,relative,POOLED,21.70000000000001,0.9619775938926884,0.8470896521689605,1.06606061113661
RB,relative,POOLED,21.75000000000001,0.9661520323566767,0.8552142765456477,1.066280643667684
RB,relative,POOLED,21.80000000000001,0.9702948155608012,0.8623074448562482,1.0666598356615027
RB,relative,POOLED,21.850000000000012,0.9744045477502814,0.8697900946729137,1.067790244767418
RB,relative,POOLED,21.900000000000013,0.9784798331703363,0.877134478977527,1.0678018819870527
RB,relative,POOLED,21.950000000000014,0.9825192760661852,0.8833939825614265,1.0661054229898732
RB,relative,POOLED,22.000000000000014,0.9865214806830473,0.8917820390468849,1.0663933757962427
RB,relative,POOLED,22.050000000000015,0.9904850512661418,0.9000331329302754,1.0673384601598852
RB,relative,POOLED,22.100000000000016,0.9944085920606882,0.9070639404708256,1.068019684809456
RB,relative,POOLED,22.150000000000016,0.9982907073119054,0.9123877079387156,1.0691838893507881
RB,relative,POOLED,22.200000000000017,1.0021300012650127,0.917765466454589,1.0704750853048735
RB,relative,POOLED,22.250000000000018,1.0059250781652296,0.9239771471528143,1.0730410401803496
RB,relative,POOLED,22.30000000000002,1.009674542257775,0.9301663344687524,1.075646104203878
RB,relative,POOLED,22.35000000000002,1.0133769977878682,0.9355502799863392,1.0780887846789422
RB,relative,POOLED,22.40000000000002,1.0170310490007286,0.9405853063780181,1.0803295206612937
RB,relative,POOLED,22.45000000000002,1.020635300141575,0.9420612849430505,1.0831115174349624
RB,relative,POOLED,22.50000000000002,1.0241883554556273,0.9477416582489455,1.0873686329539738
RB,relative,POOLED,22.550000000000022,1.0276888191881042,0.9531216602343582,1.0907238676058122
RB,relative,POOLED,22.600000000000023,1.031135295584225,0.9546013468453588,1.0937633867322605
RB,relative,POOLED,22.650000000000023,1.0345263888892091,0.9584534823383614,1.09655957962158
RB,relative,POOLED,22.700000000000024,1.0378607033482756,0.963019192245891,1.0997670846389542
RB,relative,POOLED,22.750000000000025,1.041136843206644,0.9666913428435079,1.1035666070015373
RB,relative,POOLED,22.800000000000026,1.044353412709533,0.9701691363532418,1.1065451530160169
RB,relative,POOLED,22.850000000000026,1.0475090161021623,0.9741855209792686,1.1098076140257718
RB,relative,POOLED,22.900000000000027,1.050602257629751,0.9786280741351665,1.1119981504570713
RB,relative,POOLED,22.950000000000028,1.0536317415375183,0.9815737046904757,1.1147596405784053
RB,relative,POOLED,23.00000000000003,1.0565960720706833,0.9854405118158358,1.1173754842078607
RB,relative,POOLED,23.05000000000003,1.0594938534744653,0.9892367254827653,1.1216362792333956
RB,relative,POOLED,23.10000000000003,1.0623236899940838,0.9930433246080885,1.1258004317465256
RB,relative,POOLED,23.15000000000003,1.0650841858747577,0.9965416387097352,1.129803998184662
RB,relative,POOLED,23.20000000000003,1.0677739453617066,1.0003585448801497,1.1336379613023433
RB,relative,POOLED,23.250000000000032,1.070391572700149,1.0037884915126505,1.136516404154024
RB,relative,POOLED,23.300000000000033,1.072935672135305,1.0064863029763784,1.1380569437192452
RB,relative,POOLED,23.350000000000033,1.075404847912393,1.0076279836404003,1.1413596431608812
RB,relative,POOLED,23.400000000000034,1.0777977042766331,1.0093146476658872,1.1443902728945778
RB,relative,POOLED,23.450000000000035,1.0801128454732438,1.0128328487085139,1.146462694146097
RB,relative,POOLED,23.500000000000036,1.0823488874715967,1.0140042293624147,1.147675220328691
RB,relative,POOLED,23.550000000000036,1.0845047765754625,1.0157124502310253,1.1490462167609423
RB,relative,POOLED,23.600000000000037,1.0865798271261846,1.0180817553572905,1.150026521195289
RB,relative,POOLED,23.650000000000038,1.0885733727575175,1.0212887731353475,1.1508249143158373
RB,relative,POOLED,23.70000000000004,1.090484747103215,1.0243545362135251,1.1524722904836089
RB,relative,POOLED,23.75000000000004,1.0923132837970315,1.0270137819871072,1.154727215942207
RB,relative,POOLED,23.80000000000004,1.094058316472721,1.0289839908984681,1.155524069058833
RB,relative,POOLED,23.85000000000004,1.0957191787640372,1.0304479497129133,1.1561242606908435
RB,relative,POOLED,23.90000000000004,1.0972952043047344,1.0324757142564502,1.1577293965659545
RB,relative,POOLED,23.950000000000042,1.0987857267285668,1.0338593746303884,1.1586827563698607
RB,relative,POOLED,24.000000000000043,1.1001900796692883,1.0357945119274004,1.160201158887079
RB,relative,POOLED,24.050000000000043,1.1015075967606531,1.0376951321920516,1.162934210651358
RB,relative,POOLED,24.100000000000044,1.1027376116364151,1.0395545462084717,1.1644593675825736
RB,relative,POOLED,24.150000000000045,1.1038794579303284,1.0413660647607903,1.1660242126285687
RB,relative,POOLED,24.200000000000045,1.1049324692761473,1.0407520378492625,1.1657674282498436
RB,relative,POOLED,24.250000000000046,1.1058959793076255,1.04226828975431,1.1661381172820924
RB,relative,POOLED,24.300000000000047,1.1067693216585175,1.0440108000946962,1.1662591625187915
RB,relative,POOLED,24.350000000000048,1.1075518299625768,1.0470765381435516,1.1659756908407843
RB,relative,POOLED,24.40000000000005,1.1082428378535583,1.0482718863434617,1.1671715164766256
RB,relative,POOLED,24.45000000000005,1.1088416789652151,1.0494374152055999,1.1681523937902596
RB,relative,POOLED,24.50000000000005,1.1093476869313021,1.0506300239289414,1.1708376293579896
RB,relative,POOLED,24.55000000000005,1.109760195385573,1.051794017255483,1.173287244624929
RB,relative,POOLED,24.60000000000005,1.1100785379617815,1.0499700081436603,1.1749370567877335
RB,relative,POOLED,24.650000000000052,1.1103020482936823,1.0495603278105312,1.1750061207305218
RB,relative,POOLED,24.700000000000053,1.1104300600150294,1.0492497695800738,1.1744174648239223
RB,relative,POOLED,24.750000000000053,1.1104619067595765,1.0490083731969682,1.1739056534822103
RB,relative,POOLED,24.800000000000054,1.1103969221610779,1.0489346808413178,1.1741982686331818
RB,relative,POOLED,24.850000000000055,1.1102345147928259,1.0489660518177173,1.1733170689557182
RB,relative,POOLED,24.900000000000055,1.1099752895470862,1.0485833176230144,1.172479518137987
RB,relative,POOLED,24.950000000000056,1.1096208121777529,1.0472330155816791,1.1731956656525897
RB,relative,POOLED,25.000000000000057,1.1091726755765208,1.045016341115775,1.1728536663222142
RB,relative,POOLED,25.050000000000058,1.108632472635085,1.0427934142966881,1.1725055745181165
RB,relative,POOLED,25.10000000000006,1.1080017962451398,1.0431039918822518,1.1727498037627675
RB,relative,POOLED,25.15000000000006,1.1072822392983812,1.044197719068467,1.1712427947743071
RB,relative,POOLED,25.20000000000006,1.1064753946865036,1.043868623647605,1.1700450710238024
RB,relative,POOLED,25.25000000000006,1.1055828553012021,1.0419786138798048,1.1692115092028754
RB,relative,POOLED,25.30000000000006,1.1046062140341715,1.04170041950018,1.1684447227184194
RB,relative,POOLED,25.350000000000062,1.103547063777107,1.039916001144919,1.1674061533388478
RB,relative,POOLED,25.400000000000063,1.1024069974217032,1.039050423213135,1.1664171365672933
RB,relative,POOLED,25.450000000000063,1.1011876078596556,1.0372444045283793,1.1651417075920036
RB,relative,POOLED,25.500000000000064,1.099890487982659,1.0370937760449692,1.1637921481001392
RB,relative,POOLED,25.550000000000065,1.098517230682408,1.0364707381126197,1.1616612044948287
RB,relative,POOLED,25.600000000000065,1.0970694288505978,1.034348310179458,1.160484279556883
RB,relative,POOLED,25.650000000000066,1.0955486753789236,1.0314181742308715,1.1591857187982932
RB,relative,POOLED,25.700000000000067,1.09395656315908,1.0289739207021047,1.1577827584732086
RB,relative,POOLED,25.750000000000068,1.0922946850827624,1.027052828726835,1.1562760157803162
RB,relative,POOLED,25.800000000000068,1.0905646340416653,1.0242219719376102,1.1546661079183045
RB,relative,POOLED,25.85000000000007,1.088768002927484,1.0213140307790327,1.1529168627871438
RB,relative,POOLED,25.90000000000007,1.0869063846319131,1.0197729623155232,1.1506517643028602
RB,relative,POOLED,25.95000000000007,1.0849813720466481,1.017747185185493,1.149035366633278
RB,relative,POOLED,26.00000000000007,1.0829945580633835,1.0135155137293423,1.1471292994862976
RB,relative,POOLED,26.05000000000007,1.0809475355738147,1.009419924302879,1.1452072445979857
RB,relative,POOLED,26.100000000000072,1.0788418974696363,1.0064182648422493,1.1427923729067009
RB,relative,POOLED,26.150000000000073,1.0766792366425433,1.0041396390351283,1.140474495308815
RB,relative,POOLED,26.200000000000074,1.074461145984231,1.00072525830697,1.138057843511646
RB,relative,POOLED,26.250000000000075,1.072189218386394,0.9974646474126055,1.135543044019774
RB,relative,POOLED,26.300000000000075,1.0698650467407274,0.9945146801566861,1.133299110854504
RB,relative,POOLED,26.350000000000076,1.0674902239389263,0.9920223672671901,1.1314762444339075
RB,relative,POOLED,26.400000000000077,1.0650663428726854,0.9903198107473303,1.1304253312680785
RB,relative,POOLED,26.450000000000077,1.0625949865535484,0.9886679038095896,1.128609789278819
RB,relative,POOLED,26.500000000000078,1.060077372773119,0.987067377633435,1.1261368574699215
RB,relative,POOLED,26.55000000000008,1.0575142555266706,0.985515473627153,1.1235578677036255
RB,relative,POOLED,26.60000000000008,1.054906358860511,0.9836646170131064,1.1208523036036426
RB,relative,POOLED,26.65000000000008,1.0522544068209483,0.9811445031379912,1.118218803223501
RB,relative,POOLED,26.70000000000008,1.0495591234542905,0.9795443210322268,1.1154467185215755
RB,relative,POOLED,26.75000000000008,1.0468212328068456,0.9774977377476758,1.1125964422462504
RB,relative,POOLED,26.800000000000082,1.0440414589249214,0.9741039435064512,1.1091093645343764
RB,relative,POOLED,26.850000000000083,1.041220525854826,0.9707109781811081,1.1053998242161978
RB,relative,POOLED,26.900000000000084,1.0383591576428672,0.967303912279282,1.1030964968290458
RB,relative,POOLED,26.950000000000085,1.035458078335353,0.9651388729580281,1.1004244077430527
RB,relative,POOLED,27.000000000000085,1.0325180119785915,0.9633531486876488,1.0973153129004214
RB,relative,POOLED,27.050000000000086,1.0295396826188905,0.95975469103892,1.0940751678876632
RB,relative,POOLED,27.100000000000087,1.0265238143025581,0.95618471004371,1.0907717860792787
RB,relative,POOLED,27.150000000000087,1.0234711310759022,0.9526272693137158,1.0878174994434309
RB,relative,POOLED,27.200000000000088,1.0203823569852304,0.9501413224699332,1.0852264908826759
RB,relative,POOLED,27.25000000000009,1.0172582160768513,0.9477834074197676,1.0819940586561088
RB,relative,POOLED,27.30000000000009,1.0140994323970725,0.945435461454887,1.0775297198755596
RB,relative,POOLED,27.35000000000009,1.0109067299922017,0.9424424956728504,1.073335031720663
RB,relative,POOLED,27.40000000000009,1.0076808329085474,0.9406399306536714,1.0696669873826663
RB,relative,POOLED,27.45000000000009,1.0044224651924172,0.938370814021243,1.0656257064554162
RB,relative,POOLED,27.500000000000092,1.0011323508901193,0.9360074124837477,1.0614827099834228
RB,relative,POOLED,27.550000000000093,0.9978112140479612,0.9336376444973599,1.0584036624780682
RB,relative,POOLED,27.600000000000094,0.9944597787122513,0.9312603774752058,1.054565700994824
RB,relative,POOLED,27.650000000000095,0.9910787689292975,0.9285933638704075,1.0514666125471022
RB,relative,POOLED,27.700000000000095,0.9876689087454076,0.9249434729249579,1.0477161664966939
RB,relative,POOLED,27.750000000000096,0.9842309222068897,0.9212660150776688,1.043506070562967
RB,relative,POOLED,27.800000000000097,0.9807655333600516,0.9176603797471938,1.0410062101573676
RB,relative,POOLED,27.850000000000097,0.9772734662512013,0.9138831163130868,1.036211740181055
RB,relative,POOLED,27.900000000000098,0.9737554449266468,0.9101803285308819,1.032256474707902
RB,relative,POOLED,27.9500000000001,0.970212193432696,0.9064738928844814,1.0294003944806815
RB,relative,POOLED,28.0000000000001,0.966644435815657,0.9026321269394619,1.026957684652775
RB,relative,POOLED,28.0500000000001,0.9630528961218376,0.898920928047315,1.0245269513974244
RB,relative,POOLED,28.1000000000001,0.9594382983975458,0.8952608275158251,1.0215818548402615
RB,relative,POOLED,28.1500000000001,0.9558013666890897,0.8916733403378495,1.0180678160408312
RB,relative,POOLED,28.200000000000102,0.9521428250427769,0.8884336203852583,1.0155960798334658
RB,relative,POOLED,28.250000000000103,0.9484633975049157,0.8846357419601272,1.0130787768896912
RB,relative,POOLED,28.300000000000104,0.9447638081218139,0.8806084604601684,1.0104832400344093
RB,relative,POOLED,28.350000000000104,0.9410447809397794,0.8767594733835714,1.0069276020371078
RB,relative,POOLED,28.400000000000105,0.9373070392749824,0.8727809517854291,1.0026864700886886
RB,relative,POOLED,28.450000000000106,0.9335511338439155,0.8679019407148139,0.9992928756488422
RB,relative,POOLED,28.500000000000107,0.9297772211330384,0.8630681986078849,0.9954405974362722
RB,relative,POOLED,28.550000000000107,0.9259854028414276,0.8582639438316532,0.9932254783814942
RB,relative,POOLED,28.600000000000108,0.9221757806681596,0.853477105093027,0.9904084237121512
RB,relative,POOLED,28.65000000000011,0.918348456312311,0.8499434462299763,0.9860489172906376
RB,relative,POOLED,28.70000000000011,0.9145035314729583,0.8466517572274593,0.9832236444915287
RB,relative,POOLED,28.75000000000011,0.9106411078491777,0.8427593512891836,0.979586184872403
RB,relative,POOLED,28.80000000000011,0.9067612871400462,0.8379366401933668,0.975915468747397
RB,relative,POOLED,28.85000000000011,0.90286417104464,0.8338748170202143,0.9721924695129216
RB,relative,POOLED,28.900000000000112,0.8989498612620358,0.8294608546351804,0.9684379417549588
RB,relative,POOLED,28.950000000000113,0.8950184594913099,0.825068253037708,0.9646970978778887
RB,relative,POOLED,29.000000000000114,0.8910700674315389,0.8217984993540974,0.9608788005213551
RB,relative,POOLED,29.050000000000114,0.8871047867817995,0.8186930567372582,0.9570743861173064
RB,relative,POOLED,29.100000000000115,0.8831227192411679,0.8134831244026068,0.9532393902617392
RB,relative,POOLED,29.150000000000116,0.8791239665087209,0.8081708864420887,0.9494180368988863
RB,relative,POOLED,29.200000000000117,0.8751086302835349,0.8029418850757098,0.945575192973451
RB,relative,POOLED,29.250000000000117,0.8710768122646864,0.7984957671127614,0.9417138922127022
RB,relative,POOLED,29.300000000000118,0.8670286141512518,0.7940796100391982,0.9378203484137371
RB,relative,POOLED,29.35000000000012,0.8629641376423078,0.7896715231326062,0.9336910601924698
RB,relative,POOLED,29.40000000000012,0.8588834844369309,0.7852472978879819,0.9296439404353648
RB,relative,POOLED,29.45000000000012,0.8547867562341975,0.7808284594477896,0.9261094159778497
RB,relative,POOLED,29.50000000000012,0.8506740547331844,0.7765794361422833,0.9221858976459159
RB,relative,POOLED,29.55000000000012,0.8465454816329676,0.7724754176473188,0.9182332303734922
RB,relative,POOLED,29.600000000000122,0.842401138632624,0.768384266150893,0.9142652685849214
RB,relative,POOLED,29.650000000000123,0.83824112743123,0.7642902199105779,0.910289014650607
RB,relative,POOLED,29.700000000000124,0.8340655497278624,0.7601864336479092,0.9065634870893863
RB,relative,POOLED,29.750000000000124,0.8298745072215972,0.7551815328442494,0.9027921716797755
RB,relative,POOLED,29.800000000000125,0.8256681016115112,0.7499042443845189,0.8989753695301643
RB,relative,POOLED,29.850000000000126,0.8214464345966809,0.745359260471724,0.8950987454574044
RB,relative,POOLED,29.900000000000126,0.8172096078761828,0.7397181013983068,0.8911715084442823
RB,relative,POOLED,29.950000000000127,0.8129577231490934,0.7340863119845548,0.8871987885900243
RB,relative,POOLED,30.000000000000128,0.8086908821144894,0.72866041304443,0.8831808930775843
RB,relative,POOLED,30.05000000000013,0.8044091864714469,0.7233696889277416,0.879116208826929
RB,relative,POOLED,30.10000000000013,0.8001127379190428,0.7181983699682998,0.8750509058292943
RB,relative,POOLED,30.15000000000013,0.7958016381563535,0.7131387173319567,0.8714460574884784
RB,relative,POOLED,30.20000000000013,0.7914759888824554,0.7078006949484004,0.8680205277997326
RB,relative,POOLED,30.25000000000013,0.7871358917964251,0.703014957571467,0.8643715984781591
RB,relative,POOLED,30.300000000000132,0.7827814485973392,0.6979717242842027,0.8597836454310801
RB,relative,POOLED,30.350000000000133,0.7784127609842741,0.6933852822401315,0.8551794128189677
RB,relative,POOLED,30.400000000000134,0.7740299306563064,0.688921186349998,0.8513275662010537
RB,relative,POOLED,30.450000000000134,0.7696330593125125,0.6843566637084741,0.8474365490483701
RB,relative,POOLED,30.500000000000135,0.7652222486519691,0.6788002983927768,0.8427684730099252
RB,relative,POOLED,30.550000000000136,0.7607976003737524,0.6741065902403329,0.8383208242168451
RB,relative,POOLED,30.600000000000136,0.7563592161769392,0.6701728350339441,0.8335374519915082
RB,relative,POOLED,30.650000000000137,0.751907197760606,0.6654163834222822,0.8287875029076393
RB,relative,POOLED,30.700000000000138,0.7474416468238292,0.6598815583064058,0.8250007496087941
RB,relative,POOLED,30.75000000000014,0.7429626650656853,0.6548535714339369,0.8214387673483572
RB,relative,POOLED,30.80000000000014,0.7384703541852509,0.6502734291425389,0.8182172905797878
RB,relative,POOLED,30.85000000000014,0.7339648158816025,0.6456884196323543,0.8155778583875744
RB,relative,POOLED,30.90000000000014,0.7294461518538166,0.6402997901799998,0.8114738570885043
RB,relative,POOLED,30.95000000000014,0.7249144638009697,0.6334086093820358,0.8073556052707618
RB,relative,POOLED,31.000000000000142,0.7203698534221383,0.6269579397929029,0.8033754782558822
RB,relative,POOLED,31.050000000000143,0.7158124224163991,0.6218604891865429,0.7997178580604315
RB,relative,POOLED,31.100000000000144,0.7112422724828282,0.6167612207389953,0.7960237420604166
RB,relative,POOLED,31.150000000000144,0.7066595053205026,0.6116601489855081,0.7920728997664256
RB,relative,POOLED,31.200000000000145,0.7020642226284985,0.6063910463958271,0.787733036695726
RB,relative,POOLED,31.250000000000146,0.6974565261058925,0.6007060675381728,0.7833576302051458
RB,relative,POOLED,31.300000000000146,0.6928365174517612,0.5951228017426491,0.7789585669627368
RB,relative,POOLED,31.350000000000147,0.6882042983651809,0.591165795789706,0.7744604492433657
RB,relative,POOLED,31.400000000000148,0.6835599705452283,0.5861976971668108,0.7701197617429826
RB,relative,POOLED,31.45000000000015,0.6789036356909799,0.5810853903674665,0.7661154827843171
RB,relative,POOLED,31.50000000000015,0.6742353955015121,0.5759712755676777,0.7619912700820182
RB,relative,POOLED,31.55000000000015,0.6695553516759016,0.5708697190716505,0.7572536943692155
RB,relative,POOLED,31.60000000000015,0.6648636059132249,0.5657688953853114,0.7529053887954646
RB,relative,POOLED,31.65000000000015,0.6601602599125582,0.5606668170056922,0.7492435759392294
RB,relative,POOLED,31.700000000000152,0.6554454153729784,0.5555634949326662,0.7457061118076042
RB,relative,POOLED,31.750000000000153,0.6507191739935618,0.5504589401661069,0.7421334667119288
RB,relative,POOLED,31.800000000000153,0.6459816374733849,0.5453531637058873,0.7378506143100176
RB,relative,POOLED,31.850000000000154,0.6412329075115244,0.5402461765518809,0.7333432783942725
RB,relative,POOLED,31.900000000000155,0.6364730858070566,0.5351379897039608,0.730162975508265
RB,relative,POOLED,31.950000000000156,0.6317022740590582,0.5300286141620005,0.7269675392898665
RB,relative,POOLED,32.000000000000156,0.6269205739666055,0.5249180609258732,0.7237571097790974
RB,relative,POOLED,32.05000000000015,0.6221280872287756,0.5192278723234206,0.7205318270159797
RB,relative,POOLED,32.10000000000016,0.6173249155446439,0.5131777767262137,0.7167457850462045
RB,relative,POOLED,32.15000000000016,0.6125111606132875,0.5071263626814768,0.7125651004518646
RB,relative,POOLED,32.20000000000016,0.6076869241337837,0.5010736428587528,0.7080701012871631
RB,relative,POOLED,32.250000000000156,0.6028523078052083,0.49501962992758286,0.7044318771610264
RB,relative,POOLED,32.30000000000016,0.5980074133266371,0.4896554320194986,0.7011163869434043
RB,relative,POOLED,32.350000000000165,0.5931523423971474,0.4845253758808171,0.6971948752893796
RB,relative,POOLED,32.40000000000016,0.5882871967158163,0.47939849323286854,0.6932852764891668
RB,relative,POOLED,32.45000000000016,0.5834120779817198,0.47430338279893947,0.6896211796227968
RB,relative,POOLED,32.50000000000016,0.5785270878939334,0.4685823714865032,0.6859526953633095
RB,relative,POOLED,32.55000000000017,0.5736323281515345,0.46143456683043327,0.6822940332898242
RB,relative,POOLED,32.600000000000165,0.5687279004536003,0.45412708146393815,0.6786487464066336
RB,relative,POOLED,32.65000000000016,0.5638139064992068,0.4482454505123984,0.6749720803418264
RB,relative,POOLED,32.700000000000166,0.5588904479874295,0.443192387391854,0.6712877701861826
RB,relative,POOLED,32.75000000000017,0.5539576266173457,0.4381643860922267,0.6675919095162167
RB,relative,POOLED,32.80000000000017,0.5490155440880328,0.43313502245467567,0.663656811067325
RB,relative,POOLED,32.850000000000165,0.5440643020985665,0.4281043114393696,0.6602001057169895
RB,relative,POOLED,32.90000000000017,0.5391040023480225,0.42276354359504015,0.6564917406679495
RB,relative,POOLED,32.95000000000017,0.534134746535478,0.4179790716895512,0.6527736737098431
RB,relative,POOLED,33.00000000000017,0.5291566363600105,0.4129425640769376,0.6490671158132918
RB,relative,POOLED,33.05000000000017,0.5241697735206956,0.40790468247890843,0.6453210904308789
RB,relative,POOLED,33.10000000000017,0.5191742597166092,0.40286544286009396,0.6416244297609967
RB,relative,POOLED,33.150000000000176,0.5141701966468284,0.3978248611851258,0.6379126610208813
RB,relative,POOLED,33.20000000000017,0.5091576860104305,0.39233770550230956,0.6341812660647033
RB,relative,POOLED,33.25000000000017,0.5041368295064914,0.3871607893298456,0.6313399392490945
RB,relative,POOLED,33.300000000000175,0.4991077288340868,0.38086616519553584,0.6275561008205196
RB,relative,POOLED,33.35000000000018,0.49407048569229384,0.3745970922723729,0.623765701869953
RB,relative,POOLED,33.400000000000176,0.4890252017801898,0.36803573287739383,0.6199688243380197
RB,relative,POOLED,33.45000000000017,0.4839719787968507,0.36059962406881224,0.6161655501653441
RB,relative,POOLED,33.50000000000018,0.47891091844135203,0.35387089560964885,0.6123559612925502
RB,relative,POOLED,33.55000000000018,0.4738421224127711,0.3473895516768739,0.6085401396602631
RB,relative,POOLED,33.60000000000018,0.4687656924101853,0.33980019073270123,0.6047139556426254
RB,relative,POOLED,33.650000000000176,0.46368173013267033,0.3321855396586507,0.6013791610156994
RB,relative,POOLED,33.70000000000018,0.4585903372793019,0.3245459399163479,0.5988960921119816
RB,relative,POOLED,33.750000000000185,0.4534916155491574,0.31688173296742117,0.5964104914071865
RB,relative,POOLED,33.80000000000018,0.44838566664131396,0.3091932602734992,0.5939266024333113
RB,relative,POOLED,33.85000000000018,0.4432725922548475,0.3014808632962075,0.5914489444170409
RB,relative,POOLED,33.90000000000018,0.4381524940888335,0.29371018379017394,0.5889774284264354
RB,relative,POOLED,33.95000000000019,0.4330254738423496,0.28598566233802236,0.5865119655295559
RB,relative,POOLED,34.000000000000185,0.42789163321447266,0.27855010661166907,0.5843152697413717
RB,relative,POOLED,34.05000000000018,0.4227510739042789,0.27317842945147125,0.5816284773621657
RB,relative,POOLED,34.100000000000186,0.4176038976108438,0.2678089654412973,0.5775737621439322
RB,relative,POOLED,34.15000000000019,0.41245020603324456,0.26244168056635503,0.5738888273963647
RB,relative,POOLED,34.20000000000019,0.4072901008705586,0.2548048017578246,0.5701953462206254
RB,relative,POOLED,34.250000000000185,0.4021236838218616,0.24689424265947463,0.5664934541359036
RB,relative,POOLED,34.30000000000019,0.3969510565862294,0.2398023780987106,0.5633863047502817
RB,relative,POOLED,34.35000000000019,0.39177232086273933,0.23470928994243087,0.5616622729073651
RB,relative,POOLED,34.40000000000019,0.3865875783504684,0.2266129866136445,0.5599497111815195
RB,relative,POOLED,34.45000000000019,0.3813969307484927,0.21854203067361427,0.5582484253757523
RB,relative,POOLED,34.50000000000019,0.37620047975588766,0.21060442816814195,0.5552148472264709
RB,relative,POOLED,34.550000000000196,0.3709983270717308,0.2046721456089389,0.5518026296368271
RB,relative,POOLED,34.60000000000019,0.3657905743950994,0.19878426381283007,0.5483757228630038
RB,relative,POOLED,34.65000000000019,0.3605773234250689,0.19370182325753113,0.5449454808534153
RB,relative,POOLED,34.700000000000195,0.35535867586071535,0.18870203085692638,0.5415119652981846
RB,relative,POOLED,34.7500000000002,0.350134733401116,0.1837058367667798,0.5383452187495685
RB,relative,POOLED,34.800000000000196,0.344905597745348,0.17679266853126868,0.5351921236749739
RB,relative,POOLED,34.85000000000019,0.3396713705924874,0.1692208678275235,0.5315677538740333
RB,relative,POOLED,34.9000000000002,0.3344321536416096,0.1632597084109148,0.5288080191470257
RB,relative,POOLED,34.9500000000002,0.32918804859179196,0.15729795216594006,0.5263425219717582
RB,relative,POOLED,35.0000000000002,0.32393915714211174,0.14995310055192995,0.5238819371155936
RB,relative,POOLED,35.050000000000196,0.3186855809916449,0.14183413881614662,0.5214261602039847
RB,relative,POOLED,35.1000000000002,0.31342742183946704,0.1337011808178049,0.5189750868623842
RB,relative,POOLED,35.150000000000205,0.3081647813846553,0.12555453714090015,0.5164997891902708
RB,relative,POOLED,35.2000000000002,0.3028977613262873,0.11742144229535662,0.5126512225455832
RB,relative,POOLED,35.2500000000002,0.29762646336343856,0.10928638676030351,0.5105066176708688
RB,relative,POOLED,35.3000000000002,0.2923509891951849,0.10205901803322681,0.5083581863543386
RB,relative,POOLED,35.35000000000021,0.2870714405206035,0.09470115886585596,0.5056986175084953
RB,relative,POOLED,35.400000000000205,0.28178791903877176,0.08672922615565161,0.5027788171438867
RB,relative,POOLED,35.4500000000002,0.2765005264487652,0.07874555018422211,0.5008207966291213
RB,relative,POOLED,35.500000000000206,0.27120936444966004,0.07075043946240356,0.4989932493780269
RB,relative,POOLED,35.55000000000021,0.26591453474053317,0.06274420250103359,0.4970972002029686
RB,relative,POOLED,35.60000000000021,0.26061613902046177,0.054746844460423945,0.494700087396591
RB,relative,POOLED,35.650000000000205,0.255314278988522,0.046758585694999036,0.4922938646050043
RB,relative,POOLED,35.70000000000021,0.25000905634378934,0.03908353560551158,0.48992118123334344
RB,relative,POOLED,35.75000000000021,0.24470057278534119,0.03234006841011272,0.48763977994889607
RB,relative,POOLED,35.80000000000021,0.2393889300122547,0.025591982863925004,0.48514437885017386
RB,relative,POOLED,35.85000000000021,0.2340742297236056,0.018839427637444794,0.48272604856993934
RB,relative,POOLED,35.90000000000021,0.2287565736184699,0.012082551401167709,0.48034592958739175
RB,relative,POOLED,35.950000000000216,0.2234360633959246,0.0053215028255916026,0.47796879854047797
RB,relative,POOLED,36.00000000000021,0.21811280075504724,-0.0014435694187850392,0.4755945489618563
RB,relative,1999-2007,21.0,0.990163638024343,0.5480206140015745,1.3725171615458474
RB,relative,1999-2007,21.05,0.9894727529624066,0.5609079225401699,1.360164417010376
RB,relative,1999-2007,21.1,0.988797514859918,0.5737815184674299,1.3478138327296068
RB,relative,1999-2007,21.150000000000002,0.9881397264302085,0.5865871863270622,1.3343342996116705
RB,relative,1999-2007,21.200000000000003,0.9875011903866091,0.599317908518529,1.3209564509616776
RB,relative,1999-2007,21.250000000000004,0.9868837094424513,0.6131892797856344,1.3117510962000307
RB,relative,1999-2007,21.300000000000004,0.9862890863110662,0.6249443254035473,1.2999328204168
RB,relative,1999-2007,21.350000000000005,0.985719123705785,0.6366179198655914,1.287766460986541
RB,relative,1999-2007,21.400000000000006,0.9851756243399389,0.6481439876531073,1.2745973402222244
RB,relative,1999-2007,21.450000000000006,0.9846603909268592,0.6595951027880904,1.2615679415650187
RB,relative,1999-2007,21.500000000000007,0.984175226179877,0.6710527064246343,1.2486871760503044
RB,relative,1999-2007,21.550000000000008,0.9837219328123237,0.6824513577514941,1.2359639547134615
RB,relative,1999-2007,21.60000000000001,0.9833023135375303,0.6917081363541878,1.2234071885898705
RB,relative,1999-2007,21.65000000000001,0.9829181710688282,0.703714720662871,1.210976418459464
RB,relative,1999-2007,21.70000000000001,0.9825713081195486,0.7160448076772544,1.2004345665618845
RB,relative,1999-2007,21.75000000000001,0.9822635274030227,0.7216884655537025,1.1940615872295626
RB,relative,1999-2007,21.80000000000001,0.9819966316325817,0.7321591972428321,1.1832968856471593
RB,relative,1999-2007,21.850000000000012,0.9817724235215568,0.7419884377446854,1.1799553630298485
RB,relative,1999-2007,21.900000000000013,0.9815927057832794,0.7538319740093514,1.170711387487728
RB,relative,1999-2007,21.950000000000014,0.9814592811310805,0.7598763874458878,1.164735658812923
RB,relative,1999-2007,22.000000000000014,0.9813739522782914,0.7657849179741224,1.1648099630263768
RB,relative,1999-2007,22.050000000000015,0.9813385219382433,0.7718254276511965,1.1630392792555682
RB,relative,1999-2007,22.100000000000016,0.9813547928242675,0.7777653524976077,1.1534855225427938
RB,relative,1999-2007,22.150000000000016,0.9814245676496952,0.7856560652630233,1.148542317808227
RB,relative,1999-2007,22.200000000000017,0.9815496491278576,0.7904905161331673,1.1452403482534244
RB,relative,1999-2007,22.250000000000018,0.9817318399720859,0.7958098173849482,1.1416695133250132
RB,relative,1999-2007,22.30000000000002,0.9819729428957114,0.8018930700462762,1.1343198764829172
RB,relative,1999-2007,22.35000000000002,0.9822747606120652,0.8079346050207716,1.1312234907158178
RB,relative,1999-2007,22.40000000000002,0.9826390958344785,0.8139297892475017,1.1281825550101463
RB,relative,1999-2007,22.45000000000002,0.9830677512762827,0.815317612637874,1.1257207271940701
RB,relative,1999-2007,22.50000000000002,0.983562529650809,0.8231074454396861,1.120311521064594
RB,relative,1999-2007,22.550000000000022,0.9841252336713885,0.8304325163395259,1.1167355284201539
RB,relative,1999-2007,22.600000000000023,0.9847576660513525,0.8319862647373532,1.115808454776013
RB,relative,1999-2007,22.650000000000023,0.9854616295040324,0.8335109807574165,1.1171629699716843
RB,relative,1999-2007,22.700000000000024,0.9862389267427589,0.8354178694221178,1.1145559464668666
RB,relative,1999-2007,22.750000000000025,0.9870913604808637,0.8369538730743906,1.1159301772760453
RB,relative,1999-2007,22.800000000000026,0.9880207334316777,0.8375807434708772,1.1192820472798064
RB,relative,1999-2007,22.850000000000026,0.9890288483085325,0.8381862921751768,1.1179801218336083
RB,relative,1999-2007,22.900000000000027,0.990117507824759,0.840674208596534,1.1211611734937579
RB,relative,1999-2007,22.950000000000028,0.9912885146936887,0.8452569670419102,1.1233409171353685
RB,relative,1999-2007,23.00000000000003,0.9925436716286526,0.8456294519692826,1.1240467677440393
RB,relative,1999-2007,23.05000000000003,0.9938847813429821,0.8482674271309302,1.1245621279605538
RB,relative,1999-2007,23.10000000000003,0.9953136465500081,0.8507692207974804,1.1260079771328904
RB,relative,1999-2007,23.15000000000003,0.9968320699630621,0.8512717211374577,1.126436004214014
RB,relative,1999-2007,23.20000000000003,0.9984418542954752,0.8538432979623061,1.1270809978428615
RB,relative,1999-2007,23.250000000000032,1.0001448022605788,0.8557753151205701,1.1309688684370285
RB,relative,1999-2007,23.300000000000033,1.0019427165717039,0.8560129337053874,1.1329341023186252
RB,relative,1999-2007,23.350000000000033,1.003837399942182,0.860014664624072,1.1346923859756999
RB,relative,1999-2007,23.400000000000034,1.0058306550853437,0.8619122364201077,1.1356985200213447
RB,relative,1999-2007,23.450000000000035,1.0079242847145211,0.8659939739000405,1.138340129084927
RB,relative,1999-2007,23.500000000000036,1.0101199522685036,0.8705880411087575,1.1410597704671397
RB,relative,1999-2007,23.550000000000036,1.0124153970496708,0.8760478857436758,1.14372341090482
RB,relative,1999-2007,23.600000000000037,1.0148039863372456,0.879101030958145,1.1462168887135737
RB,relative,1999-2007,23.650000000000038,1.017278858230417,0.8823282186432598,1.146601118447479
RB,relative,1999-2007,23.70000000000004,1.019833150828374,0.8853004041129109,1.1490611421218002
RB,relative,1999-2007,23.75000000000004,1.022460002230305,0.8873972788373141,1.1506016598698077
RB,relative,1999-2007,23.80000000000004,1.025152550535399,0.8896251852994957,1.151583429961757
RB,relative,1999-2007,23.85000000000004,1.0279039338428453,0.8919822468413727,1.15299982447118
RB,relative,1999-2007,23.90000000000004,1.0307072902518322,0.8982389351418507,1.1552659658892792
RB,relative,1999-2007,23.950000000000042,1.0335557578615489,0.904350825676933,1.1572371672836075
RB,relative,1999-2007,24.000000000000043,1.0364424747711838,0.9076528290352414,1.1589876385219067
RB,relative,1999-2007,24.050000000000043,1.039360579079926,0.9138141413324321,1.160744405417774
RB,relative,1999-2007,24.100000000000044,1.0423032088869648,0.9183514903065091,1.1640806753892898
RB,relative,1999-2007,24.150000000000045,1.0452635022914885,0.9230231211554277,1.1675552809002292
RB,relative,1999-2007,24.200000000000045,1.0482345973926859,0.926247796999913,1.1687441806065586
RB,relative,1999-2007,24.250000000000046,1.0512096322897462,0.9288907516580377,1.1690508939396014
RB,relative,1999-2007,24.300000000000047,1.0541817450818578,0.9312756489085899,1.1754469366555933
RB,relative,1999-2007,24.350000000000048,1.0571440738682103,0.9346487002757423,1.1822549816843193
RB,relative,1999-2007,24.40000000000005,1.0600897567479917,0.9389185188005926,1.185298376773833
RB,relative,1999-2007,24.45000000000005,1.0630119318203914,0.9416589575433126,1.1910432239533006
RB,relative,1999-2007,24.50000000000005,1.0659037371845979,0.9436300271386946,1.1935601703879402
RB,relative,1999-2007,24.55000000000005,1.0687583109398004,0.9452947065740693,1.1959666336290136
RB,relative,1999-2007,24.60000000000005,1.0715687911851874,0.9477253648308582,1.1983285662523167
RB,relative,1999-2007,24.650000000000052,1.0743283160199482,0.951334494172187,1.2044494413979623
RB,relative,1999-2007,24.700000000000053,1.0770300235432713,0.9524028954193466,1.2079776688836084
RB,relative,1999-2007,24.750000000000053,1.0796670518543454,0.955398572328726,1.2100106277914109
RB,relative,1999-2007,24.800000000000054,1.0822325390523597,0.9589966016856828,1.2128619612355884
RB,relative,1999-2007,24.850000000000055,1.0847198196546464,0.9614181858576446,1.2158558525723038
RB,relative,1999-2007,24.900000000000055,1.0871253637563294,0.9634267986306037,1.2181084011006558
RB,relative,1999-2007,24.950000000000056,1.0894481598915509,0.9670193647975074,1.221237023293361
RB,relative,1999-2007,25.000000000000057,1.091687267723214,0.9710745620877731,1.222138359113917
RB,relative,1999-2007,25.050000000000058,1.0938417469142219,0.9743823591932796,1.2236784487500827
RB,relative,1999-2007,25.10000000000006,1.095910657127478,0.9777221570490607,1.2251844877183609
RB,relative,1999-2007,25.15000000000006,1.0978930580258859,0.9795039746920525,1.2269625445203165
RB,relative,1999-2007,25.20000000000006,1.0997880092723484,0.9818525995617469,1.2284428978927489
RB,relative,1999-2007,25.25000000000006,1.1015945705297692,0.9857255312008864,1.2315235819217825
RB,relative,1999-2007,25.30000000000006,1.1033118014610517,0.988097252234915,1.2313941922581613
RB,relative,1999-2007,25.350000000000062,1.1049387617290989,0.9905394896223195,1.2311673232146612
RB,relative,1999-2007,25.400000000000063,1.1064745109968142,0.9924156586804903,1.2315446167296322
RB,relative,1999-2007,25.450000000000063,1.1079181089271013,0.9944237093155799,1.2321293884720605
RB,relative,1999-2007,25.500000000000064,1.109268615182863,0.9965168522346954,1.2325797493269544
RB,relative,1999-2007,25.550000000000065,1.1105250894270027,0.9964450837373195,1.2328194634534835
RB,relative,1999-2007,25.600000000000065,1.111686591322424,0.9978996184424977,1.2328528936494796
RB,relative,1999-2007,25.650000000000066,1.1127521805320302,0.9989328082850564,1.2362615329288937
RB,relative,1999-2007,25.700000000000067,1.1137209167187243,0.9991077973779298,1.23779195079381
RB,relative,1999-2007,25.750000000000068,1.1145918595454096,1.0004384122549277,1.2407556298646332
RB,relative,1999-2007,25.800000000000068,1.11536406867499,1.0017860953964286,1.2402868300127066
RB,relative,1999-2007,25.85000000000007,1.1160366037703682,1.0000587796719715,1.244874794316824
RB,relative,1999-2007,25.90000000000007,1.1166085244944477,0.9982723631834309,1.2454603125209975
RB,relative,1999-2007,25.95000000000007,1.117078890510132,0.9989571908636237,1.2450324727357156
RB,relative,1999-2007,26.00000000000007,1.1174467614803243,0.997982261065549,1.2444286284981336
RB,relative,1999-2007,26.05000000000007,1.117711197067928,0.998410609029277,1.2457867710497306
RB,relative,1999-2007,26.100000000000072,1.1178712569358462,0.9960377974625734,1.2449446936537667
RB,relative,1999-2007,26.150000000000073,1.1179260007469822,0.9936974610528965,1.2464571483143945
RB,relative,1999-2007,26.200000000000074,1.1178744881642397,0.9930188184266459,1.247916583180715
RB,relative,1999-2007,26.250000000000075,1.1177157788505219,0.9912573110299859,1.2486916419203504
RB,relative,1999-2007,26.300000000000075,1.1174489324687318,0.9921775390379378,1.2499156258913577
RB,relative,1999-2007,26.350000000000076,1.117073008681773,0.9903081523940243,1.2502046491174237
RB,relative,1999-2007,26.400000000000077,1.1165870671525486,0.9870627072039283,1.2500141618070648
RB,relative,1999-2007,26.450000000000077,1.1159901976413105,0.9839688734122999,1.249906089176892
RB,relative,1999-2007,26.500000000000078,1.1152826024572386,0.9831674345941233,1.2495084631435345
RB,relative,1999-2007,26.55000000000008,1.1144658967461436,0.9838963129239313,1.248801173932618
RB,relative,1999-2007,26.60000000000008,1.113541786885682,0.9831491472891195,1.2473502180490226
RB,relative,1999-2007,26.65000000000008,1.1125119792535119,0.9831949829222906,1.2466527512459311
RB,relative,1999-2007,26.70000000000008,1.1113781802272893,0.9833406769511361,1.245192844607957
RB,relative,1999-2007,26.75000000000008,1.110142096184672,0.9836119376819599,1.2434560435941795
RB,relative,1999-2007,26.800000000000082,1.1088054335033168,0.983929776804254,1.241883560300653
RB,relative,1999-2007,26.850000000000083,1.1073698985608813,0.9842904689195224,1.2412388899662645
RB,relative,1999-2007,26.900000000000084,1.1058371977350223,0.9846902886292686,1.2405233665016484
RB,relative,1999-2007,26.950000000000085,1.1042090374033973,0.9845364851057106,1.2397279382806898
RB,relative,1999-2007,27.000000000000085,1.1024871239436629,0.9817745417501925,1.2380491425443205
RB,relative,1999-2007,27.050000000000086,1.1006731637334766,0.9811138465808731,1.234259297312103
RB,relative,1999-2007,27.100000000000087,1.0987688631504953,0.9801553362835799,1.2307321028220346
RB,relative,1999-2007,27.150000000000087,1.0967759285723764,0.9779113645442417,1.2269660467217642
RB,relative,1999-2007,27.200000000000088,1.094696066376777,0.9792976836862078,1.2241110353357314
RB,relative,1999-2007,27.25000000000009,1.0925309829413543,0.9779581151325693,1.2225792403976934
RB,relative,1999-2007,27.30000000000009,1.0902823846437653,0.9753655708920155,1.2208256706413996
RB,relative,1999-2007,27.35000000000009,1.087951977861667,0.9726093367480542,1.2188507715785248
RB,relative,1999-2007,27.40000000000009,1.0855414689727172,0.9720526294609781,1.2159159730141629
RB,relative,1999-2007,27.45000000000009,1.083052564354572,0.9726746859127653,1.2121427564349434
RB,relative,1999-2007,27.500000000000092,1.0804869703848896,0.9702832183457979,1.2107978691436172
RB,relative,1999-2007,27.550000000000093,1.0778463934413265,0.967383599552009,1.2073473275990145
RB,relative,1999-2007,27.600000000000094,1.07513253990154,0.9645401888026561,1.2024395239653414
RB,relative,1999-2007,27.650000000000095,1.0723471161431872,0.9616971478306177,1.1977638357133038
RB,relative,1999-2007,27.700000000000095,1.0694918285439252,0.9599973827535457,1.194325832464406
RB,relative,1999-2007,27.750000000000096,1.0665683834814117,0.9600424149573915,1.191099844991791
RB,relative,1999-2007,27.800000000000097,1.063578487333303,0.9564237673666787,1.1877712495028951
RB,relative,1999-2007,27.850000000000097,1.0605238464772566,0.9525292948676789,1.1843495713928056
RB,relative,1999-2007,27.900000000000098,1.0574061672909298,0.9511502782643161,1.1803883516795028
RB,relative,1999-2007,27.9500000000001,1.0542271561519798,0.9474661787663825,1.1751250416601005
RB,relative,1999-2007,28.0000000000001,1.0509885194380635,0.9437875592979759,1.170989090884947
RB,relative,1999-2007,28.0500000000001,1.0476919635268378,0.9401445300011126,1.1661484793034829
RB,relative,1999-2007,28.1000000000001,1.0443391947959606,0.9374373188796075,1.161916331849717
RB,relative,1999-2007,28.1500000000001,1.0409319196230884,0.9358686572197162,1.1581523445290065
RB,relative,1999-2007,28.200000000000102,1.0374718443858784,0.9314566907027881,1.1522354396153973
RB,relative,1999-2007,28.250000000000103,1.033960675461988,0.9266176103273115,1.1478082536038257
RB,relative,1999-2007,28.300000000000104,1.0304001192290744,0.9245860980901951,1.1424991980947476
RB,relative,1999-2007,28.350000000000104,1.0267918820647943,0.9197722430686323,1.1371065132238514
RB,relative,1999-2007,28.400000000000105,1.0231376686383877,0.9165560326049326,1.1319764539458648
RB,relative,1999-2007,28.450000000000106,1.0194387797607893,0.9120757403930099,1.1294047530303502
RB,relative,1999-2007,28.500000000000107,1.0156955938016177,0.9079633833032398,1.1264720787504967
RB,relative,1999-2007,28.550000000000107,1.0119083609359318,0.9042862392275587,1.12214272522971
RB,relative,1999-2007,28.600000000000108,1.0080773313387912,0.8987204310696401,1.1174586102747677
RB,relative,1999-2007,28.65000000000011,1.0042027551852541,0.8918815504998913,1.1155248750759807
RB,relative,1999-2007,28.70000000000011,1.00028488265038,0.8856443911254922,1.1136944004170972
RB,relative,1999-2007,28.75000000000011,0.9963239639092275,0.8815783434788685,1.1104716115016477
RB,relative,1999-2007,28.80000000000011,0.9923202491368558,0.8776178757011499,1.106427251366463
RB,relative,1999-2007,28.85000000000011,0.9882739885083238,0.8742422175770053,1.1064597453986533
RB,relative,1999-2007,28.900000000000112,0.9841854321986906,0.8691933837597814,1.1025788137819859
RB,relative,1999-2007,28.950000000000113,0.9800548303830148,0.8641328788765208,1.0986707174855466
RB,relative,1999-2007,29.000000000000114,0.9758824332363556,0.8589721366671862,1.0946967954829336
RB,relative,1999-2007,29.050000000000114,0.971668490933772,0.8524624801619706,1.0907594612380644
RB,relative,1999-2007,29.100000000000115,0.967413253650323,0.8466768653994423,1.0867928495675285
RB,relative,1999-2007,29.150000000000116,0.9631169715610675,0.8411759878406623,1.0827828800096237
RB,relative,1999-2007,29.200000000000117,0.9587798948410642,0.8360605762975648,1.0787478267046031
RB,relative,1999-2007,29.250000000000117,0.9544022736653726,0.8309420306519182,1.074683388625759
RB,relative,1999-2007,29.300000000000118,0.949984358209051,0.825829800660311,1.0705338188231064
RB,relative,1999-2007,29.35000000000012,0.9455263986471589,0.8207625639321504,1.0663588462256461
RB,relative,1999-2007,29.40000000000012,0.9410286451547552,0.8156922247910443,1.0606755687035065
RB,relative,1999-2007,29.45000000000012,0.9364913479068988,0.810501946655964,1.058058153272222
RB,relative,1999-2007,29.50000000000012,0.9319147570786483,0.8055025928560017,1.0545813069931693
RB,relative,1999-2007,29.55000000000012,0.9272991228450631,0.8004021328391581,1.0513289098867824
RB,relative,1999-2007,29.600000000000122,0.9226446953812022,0.7952827849782144,1.0479851031789926
RB,relative,1999-2007,29.650000000000123,0.9179517248621241,0.7901608004649247,1.0444560492528703
RB,relative,1999-2007,29.700000000000124,0.9132204614628885,0.7850361964132582,1.0408792114207412
RB,relative,1999-2007,29.750000000000124,0.9084511553585535,0.7799089899371837,1.0377993591104107
RB,relative,1999-2007,29.800000000000125,0.9036440567241787,0.7747352432148278,1.0346607956728502
RB,relative,1999-2007,29.850000000000126,0.8987994157348227,0.7690457605674422,1.0303609941397498
RB,relative,1999-2007,29.900000000000126,0.8939174825655448,0.7624664531164252,1.0278712489999555
RB,relative,1999-2007,29.950000000000127,0.8889985073914037,0.7570488134672154,1.0244761561785802
RB,relative,1999-2007,30.000000000000128,0.8840427403874586,0.7491944974550852,1.020893719129454
RB,relative,1999-2007,30.05000000000013,0.8790504317287682,0.7410954644886373,1.017262551211751
RB,relative,1999-2007,30.10000000000013,0.8740218315903914,0.7347937412340377,1.0139924984987791
RB,relative,1999-2007,30.15000000000013,0.8689571901473875,0.7304453900969581,1.0111847376449634
RB,relative,1999-2007,30.20000000000013,0.8638567575748153,0.7259483593316363,1.0076317671785364
RB,relative,1999-2007,30.25000000000013,0.8587207840477338,0.7194181152533383,1.0040248011387574
RB,relative,1999-2007,30.300000000000132,0.853549519741202,0.7129188406013027,1.0010012753310353
RB,relative,1999-2007,30.350000000000133,0.8483432148302784,0.7058562278799466,0.9980088715297245
RB,relative,1999-2007,30.400000000000134,0.8431021194900227,0.6973251152178379,0.9949617320486904
RB,relative,1999-2007,30.450000000000134,0.8378264838954934,0.6887963926184615,0.9925662262552785
RB,relative,1999-2007,30.500000000000135,0.8325165582217495,0.6803444096317784,0.9900542876451337
RB,relative,1999-2007,30.550000000000136,0.8271725926438501,0.6736800888350983,0.985495835524061
RB,relative,1999-2007,30.600000000000136,0.8217948373368541,0.666961393203916,0.9822336893209475
RB,relative,1999-2007,30.650000000000137,0.8163835424758203,0.6602228795174536,0.9789187754365173
RB,relative,1999-2007,30.700000000000138,0.8109389582358082,0.6534552432389784,0.9755355985735489
RB,relative,1999-2007,30.75000000000014,0.8054613347918762,0.646633925009573,0.9720651060821199
RB,relative,1999-2007,30.80000000000014,0.7999509223190835,0.6397593313125554,0.9682227586344844
RB,relative,1999-2007,30.85000000000014,0.7944079709924892,0.6323433969802695,0.9623757364895396
RB,relative,1999-2007,30.90000000000014,0.7888327309871517,0.6257936934865241,0.9573573281426433
RB,relative,1999-2007,30.95000000000014,0.7832254524781305,0.6188199622490115,0.9517781164755402
RB,relative,1999-2007,31.000000000000142,0.7775863856404843,0.6117363315147271,0.9460514270867654
RB,relative,1999-2007,31.050000000000143,0.7719157806492724,0.6056263231347937,0.9402876256371919
RB,relative,1999-2007,31.100000000000144,0.7662138876795535,0.5996573076241325,0.9344781079709046
RB,relative,1999-2007,31.150000000000144,0.7604809569063864,0.5936782630280726,0.9298779252811132
RB,relative,1999-2007,31.200000000000145,0.7547172385048302,0.5871975114776344,0.9250127318064859
RB,relative,1999-2007,31.250000000000146,0.7489229826499441,0.5799459316857281,0.9190508110361911
RB,relative,1999-2007,31.300000000000146,0.743098439516787,0.5729158000844111,0.9145376485316842
RB,relative,1999-2007,31.350000000000147,0.7372438592804176,0.5650922070247585,0.9084492862901865
RB,relative,1999-2007,31.400000000000148,0.731359492115895,0.5560803394122962,0.9064251090073984
RB,relative,1999-2007,31.45000000000015,0.7254455881982782,0.5495773397857329,0.9009648995794701
RB,relative,1999-2007,31.50000000000015,0.719502397702626,0.5430689238181995,0.8941981237305864
RB,relative,1999-2007,31.55000000000015,0.7135301708039978,0.5356328281754369,0.8873567775590546
RB,relative,1999-2007,31.60000000000015,0.7075291576774521,0.5272219587676483,0.8823460986757707
RB,relative,1999-2007,31.65000000000015,0.701499608498048,0.5172590552577483,0.8773316975178219
RB,relative,1999-2007,31.700000000000152,0.6954417734408445,0.5072571078098099,0.8722795751509345
RB,relative,1999-2007,31.750000000000153,0.6893559026809006,0.49915189513292313,0.8671900652011578
RB,relative,1999-2007,31.800000000000153,0.6832422463932752,0.49129502114285906,0.8620635012945415
RB,relative,1999-2007,31.850000000000154,0.6771010547530273,0.48381256085584345,0.8569002170571355
RB,relative,1999-2007,31.900000000000155,0.6709325779352158,0.47721836824850195,0.8517005461149887
RB,relative,1999-2007,31.950000000000156,0.6647370661148997,0.4685489159801104,0.8464648220941514
RB,relative,1999-2007,32.000000000000156,0.658514769467138,0.45923527029479333,0.8423718861946198
RB,relative,1999-2007,32.05000000000015,0.6522659381669902,0.44985974566569215,0.8382814570562097
RB,relative,1999-2007,32.10000000000016,0.6459908223895134,0.4405090540600599,0.8334111725956949
RB,relative,1999-2007,32.15000000000016,0.6396896723097683,0.4310614149343262,0.8296606385355351
RB,relative,1999-2007,32.20000000000016,0.6333627381028142,0.4209133592668262,0.8260608755658059
RB,relative,1999-2007,32.250000000000156,0.6270102699437091,0.4110872012942864,0.8219614103411484
RB,relative,1999-2007,32.30000000000016,0.6206325180075112,0.4012713263329528,0.818550196417589
RB,relative,1999-2007,32.350000000000165,0.6142297324692808,0.3896470879732274,0.8164562960967838
RB,relative,1999-2007,32.40000000000016,0.6078021635040771,0.37739343575951767,0.8122507495056142
RB,relative,1999-2007,32.45000000000016,0.6013500612869587,0.3650808858384064,0.8087329649008868
RB,relative,1999-2007,32.50000000000016,0.594873675992983,0.35271003881259516,0.8052154798968498
RB,relative,1999-2007,32.55000000000017,0.5883732577972105,0.34028149528478935,0.8016982914068841
RB,relative,1999-2007,32.600000000000165,0.5818490568747008,0.3277958558576939,0.7981813963443705
RB,relative,1999-2007,32.65000000000016,0.5753013234005121,0.3152537211340101,0.7946647916226892
RB,relative,1999-2007,32.700000000000166,0.5687303075497021,0.30265898199051894,0.7911378640882017
RB,relative,1999-2007,32.75000000000017,0.5621362594973309,0.2923163878923393,0.7872313725039294
RB,relative,1999-2007,32.80000000000017,0.5555194294184587,0.2835675308430218,0.7797205067681134
RB,relative,1999-2007,32.850000000000165,0.5488800674881431,0.2748520205938517,0.7721426409663807
RB,relative,1999-2007,32.90000000000017,0.5422184238814423,0.26614686540511806,0.7667872052100231
RB,relative,1999-2007,32.95000000000017,0.535534748773416,0.2574399770157903,0.7624064332079312
RB,relative,1999-2007,33.00000000000017,0.5288292923391243,0.24873137510694138,0.7580072064168785
RB,relative,1999-2007,33.05000000000017,0.5221023047536254,0.24002825617281193,0.7535507198545163
RB,relative,1999-2007,33.10000000000017,0.515354036191977,0.23095649213162212,0.7490508851114145
RB,relative,1999-2007,33.150000000000176,0.5085847368292391,0.21611083270144252,0.7453753148908909
RB,relative,1999-2007,33.20000000000017,0.5017946568404716,0.20265238434923075,0.7424606881073316
RB,relative,1999-2007,33.25000000000017,0.4949840464007327,0.19585217394774124,0.7395419168752617
RB,relative,1999-2007,33.300000000000175,0.48815315568508033,0.18906497260189586,0.7339279942615375
RB,relative,1999-2007,33.35000000000018,0.48130223486857393,0.1823187394184163,0.7276335675292118
RB,relative,1999-2007,33.400000000000176,0.47443153412627403,0.1744576504881766,0.7217633314238167
RB,relative,1999-2007,33.45000000000017,0.46754130363323854,0.1637697126383783,0.7171955391590202
RB,relative,1999-2007,33.50000000000018,0.4606317935645252,0.15239527496384794,0.712503833188939
RB,relative,1999-2007,33.55000000000018,0.4537032540951942,0.1390247406420232,0.7088930351292247
RB,relative,1999-2007,33.60000000000018,0.4467559354003051,0.12560047906801283,0.7033246607820204
RB,relative,1999-2007,33.650000000000176,0.43979008765491656,0.11212320599116535,0.7002574135822429
RB,relative,1999-2007,33.70000000000018,0.43280596103408586,0.09859363716082788,0.6978989171190827
RB,relative,1999-2007,33.750000000000185,0.42580380571287335,0.08501248832635247,0.6955602986669506
RB,relative,1999-2007,33.80000000000018,0.4187838718663388,0.07138047523709111,0.6932278811950539
RB,relative,1999-2007,33.85000000000018,0.41174640966954024,0.05769831364239122,0.6916970965351531
RB,relative,1999-2007,33.90000000000018,0.4046916692975358,0.043966719291601036,0.6929155177813868
RB,relative,1999-2007,33.95000000000019,0.39761990092538524,0.031090543609311953,0.6932394839489044
RB,relative,1999-2007,34.000000000000185,0.39053135472814854,0.021893103941852194,0.6880869204357077
RB,relative,1999-2007,34.05000000000018,0.38342628088088365,0.012681463509535956,0.6827658054985172
RB,relative,1999-2007,34.100000000000186,0.3763049295586487,0.0034558372659201815,0.6791154306757117
RB,relative,1999-2007,34.15000000000019,0.36916755093650344,-0.0057835598354355235,0.6767062593717464
RB,relative,1999-2007,34.20000000000019,0.3620143951895078,-0.01503651284097111,0.6735851365292165
RB,relative,1999-2007,34.250000000000185,0.35484571249272007,-0.02430280679712974,0.6682774629268742
RB,relative,1999-2007,34.30000000000019,0.34766175302119795,-0.03358222675035405,0.6652082394150576
RB,relative,1999-2007,34.35000000000019,0.34046276695000144,-0.042874557747084846,0.6623431642027783
RB,relative,1999-2007,34.40000000000019,0.3332490044541905,-0.052179584833762206,0.6576898104286097
RB,relative,1999-2007,34.45000000000019,0.32602071570882324,-0.06149709305682885,0.6530263046294575
RB,relative,1999-2007,34.50000000000019,0.3187781508889574,-0.07325936006989706,0.6483528216462832
RB,relative,1999-2007,34.550000000000196,0.31152156016965293,-0.08782608777758102,0.6443340436608329
RB,relative,1999-2007,34.60000000000019,0.3042511937259702,-0.10243807517641954,0.6435509819142111
RB,relative,1999-2007,34.65000000000019,0.2969673017329668,-0.1156367034260256,0.6427836435274294
RB,relative,1999-2007,34.700000000000195,0.28967013436570077,-0.1263000540258705,0.6420317376736697
RB,relative,1999-2007,34.7500000000002,0.2823599417992321,-0.13690227361738547,0.6412949735261138
RB,relative,1999-2007,34.800000000000196,0.27503697420862044,-0.1496230325155132,0.6405730602579431
RB,relative,1999-2007,34.85000000000019,0.26770148176892433,-0.16336347686616945,0.6398334860831696
RB,relative,1999-2007,34.9000000000002,0.2603537146552015,-0.17678240022449251,0.6365750578734162
RB,relative,1999-2007,34.9500000000002,0.2529939230425116,-0.18793159027342096,0.6331070242153772
RB,relative,1999-2007,35.0000000000002,0.24562235710591507,-0.19909793948593918,0.6296394007533521
RB,relative,1999-2007,35.050000000000196,0.2382392670204697,-0.21148912409733261,0.6261487080567568
RB,relative,1999-2007,35.1000000000002,0.23084490296123317,-0.226289785185511,0.6226425489268622
RB,relative,1999-2007,35.150000000000205,0.22343951510326598,-0.24112242481802323,0.6191365258068208
RB,relative,1999-2007,35.2000000000002,0.2160233536216275,-0.25598631727096655,0.6156306356100133
RB,relative,1999-2007,35.2500000000002,0.20859666869137627,-0.27088073682044234,0.6128717159158378
RB,relative,1999-2007,35.3000000000002,0.20115971048756975,-0.2857311314590332,0.611662370468056
RB,relative,1999-2007,35.35000000000021,0.19371272918526827,-0.29666114338082483,0.6093895891727621
RB,relative,1999-2007,35.400000000000205,0.1862559749595316,-0.3072169123668884,0.6057382072342578
RB,relative,1999-2007,35.4500000000002,0.17878969798541766,-0.3177818149982796,0.6020536064977656
RB,relative,1999-2007,35.500000000000206,0.17131414843798454,-0.3283290388829785,0.598363408361497
RB,relative,1999-2007,35.55000000000021,0.16382957649229224,-0.33883485306942895,0.5946677638439207
RB,relative,1999-2007,35.60000000000021,0.15633623232340066,-0.34934874578154684,0.5909285795402853
RB,relative,1999-2007,35.650000000000205,0.1488343661063677,-0.3598704866278362,0.5871700142111637
RB,relative,1999-2007,35.70000000000021,0.14132422801625155,-0.37039984521680114,0.5834062229166191
RB,relative,1999-2007,35.75000000000021,0.1338060682281118,-0.38093659115694345,0.5796373637110849
RB,relative,1999-2007,35.80000000000021,0.12628013691700868,-0.39148049405676494,0.5767249946225902
RB,relative,1999-2007,35.85000000000021,0.11874668425800006,-0.40203132352476945,0.5741850828658691
RB,relative,1999-2007,35.90000000000021,0.11120596042614406,-0.4125888491694617,0.5716454043119498
RB,relative,1999-2007,35.950000000000216,0.10365821559650013,-0.4231510767801792,0.5693465120321229
RB,relative,1999-2007,36.00000000000021,0.09610369994412915,-0.4355740527784808,0.5671116864316943
RB,relative,2008-2016,21.0,0.6929042501701653,0.439298819280203,0.9699743913313839
RB,relative,2008-2016,21.05,0.7016275231451703,0.45438501509529233,0.9658235108214545
RB,relative,2008-2016,21.1,0.710326742338026,0.4733056155991358,0.9611155864486554
RB,relative,2008-2016,21.150000000000002,0.7189991364707794,0.49142980893626775,0.9590616652008441
RB,relative,2008-2016,21.200000000000003,0.7276419342654776,0.5071326861075685,0.9589807119787188
RB,relative,2008-2016,21.250000000000004,0.7362523644441682,0.519985179372165,0.9577075184518834
RB,relative,2008-2016,21.300000000000004,0.7448276557288979,0.5380741589039552,0.9519157053299465
RB,relative,2008-2016,21.350000000000005,0.753365036841714,0.5549596820477486,0.9471948661296761
RB,relative,2008-2016,21.400000000000006,0.7618617365046636,0.5685405554369536,0.9479897462586118
RB,relative,2008-2016,21.450000000000006,0.7703149834397939,0.5818243118786744,0.948826580581622
RB,relative,2008-2016,21.500000000000007,0.778722006369152,0.5950387335903836,0.9490157359994593
RB,relative,2008-2016,21.550000000000008,0.7870800340147851,0.6082589995757961,0.9472991807230504
RB,relative,2008-2016,21.60000000000001,0.7953862950987403,0.6232112833745104,0.9456688099577214
RB,relative,2008-2016,21.65000000000001,0.8036380183430647,0.6411553590461454,0.9438657184009092
RB,relative,2008-2016,21.70000000000001,0.8118324324698055,0.6532931856076359,0.9461882555065658
RB,relative,2008-2016,21.75000000000001,0.8199667662010098,0.6653686071234336,0.9500437816333336
RB,relative,2008-2016,21.80000000000001,0.8280382482587249,0.6810316968017821,0.9539754577714983
RB,relative,2008-2016,21.850000000000012,0.8360441073649977,0.6931198971597191,0.95793609424943
RB,relative,2008-2016,21.900000000000013,0.8439815722418755,0.70452137681386,0.9614023594715727
RB,relative,2008-2016,21.950000000000014,0.8518478716114054,0.716047044007883,0.966497987032546
RB,relative,2008-2016,22.000000000000014,0.8596402341956345,0.7274796000277108,0.9744483782513802
RB,relative,2008-2016,22.050000000000015,0.8673558887166101,0.7378506135815227,0.9794869599713395
RB,relative,2008-2016,22.100000000000016,0.8749920638963792,0.7499819034103244,0.9829873546214398
RB,relative,2008-2016,22.150000000000016,0.8825459884569888,0.761087820996356,0.9882518682276864
RB,relative,2008-2016,22.200000000000017,0.8900148911204865,0.7708613137232627,0.9936287184152114
RB,relative,2008-2016,22.250000000000018,0.897396000608919,0.7808258466412905,0.9990748747645318
RB,relative,2008-2016,22.30000000000002,0.9046865456443337,0.7904917661781885,1.0038790282225116
RB,relative,2008-2016,22.35000000000002,0.9118837549487776,0.7967866110206109,1.0094970621085764
RB,relative,2008-2016,22.40000000000002,0.9189848572442979,0.80273467061805,1.0173919567431038
RB,relative,2008-2016,22.45000000000002,0.9259870812529417,0.808411575026272,1.0266942129759185
RB,relative,2008-2016,22.50000000000002,0.9328876556967562,0.8190729679934765,1.0310901589037036
RB,relative,2008-2016,22.550000000000022,0.9396838092977886,0.8271992983178578,1.0372318163143006
RB,relative,2008-2016,22.600000000000023,0.9463727707780859,0.8348498698198066,1.0420465765489564
RB,relative,2008-2016,22.650000000000023,0.9529517688596953,0.840767172566948,1.0490840945700877
RB,relative,2008-2016,22.700000000000024,0.9594180322646642,0.8465333499392521,1.0572327383893831
RB,relative,2008-2016,22.750000000000025,0.9657687897150391,0.850760972995411,1.0639793686220733
RB,relative,2008-2016,22.800000000000026,0.9720012699328677,0.8578328389484263,1.0704144995068747
RB,relative,2008-2016,22.850000000000026,0.9781127016401971,0.8625319128489476,1.076539250907344
RB,relative,2008-2016,22.900000000000027,0.9841003135590742,0.8675856606306354,1.0823465170126083
RB,relative,2008-2016,22.950000000000028,0.9899613344115463,0.8743767673176545,1.0899643123163198
RB,relative,2008-2016,23.00000000000003,0.9956929929196606,0.8812490556600299,1.0981278741133071
RB,relative,2008-2016,23.05000000000003,1.0012925178054641,0.8878483892953695,1.1016173331943362
RB,relative,2008-2016,23.10000000000003,1.006757137791004,0.8920927202195522,1.1080660733517425
RB,relative,2008-2016,23.15000000000003,1.0120840815983274,0.8972522056430025,1.1138944560401447
RB,relative,2008-2016,23.20000000000003,1.0172705779494817,0.9027576059157346,1.1198196862515983
RB,relative,2008-2016,23.250000000000032,1.0223138555665137,0.9080967741782554,1.1238738591902004
RB,relative,2008-2016,23.300000000000033,1.0272111431714706,0.9132211549486292,1.1274001584983289
RB,relative,2008-2016,23.350000000000033,1.0319596694863997,0.9181731313494049,1.1311840665824422
RB,relative,2008-2016,23.400000000000034,1.036556663233348,0.9227340214335993,1.1356773547231773
RB,relative,2008-2016,23.450000000000035,1.0409993531343626,0.9275025152360163,1.140583402671638
RB,relative,2008-2016,23.500000000000036,1.0452850122401647,0.9318766402541786,1.1444695634489102
RB,relative,2008-2016,23.550000000000036,1.049412162586107,0.9364307969006113,1.148285219848434
RB,relative,2008-2016,23.600000000000037,1.0533807177467676,0.9433572188247884,1.1516091177073349
RB,relative,2008-2016,23.650000000000038,1.0571906642407582,0.9487547907953289,1.1547004756337038
RB,relative,2008-2016,23.70000000000004,1.0608419885866913,0.9529030252857407,1.157881555142357
RB,relative,2008-2016,23.75000000000004,1.0643346773031783,0.9587825850880465,1.1623942324832595
RB,relative,2008-2016,23.80000000000004,1.0676687169088317,0.9645331127737813,1.1653204729311737
RB,relative,2008-2016,23.85000000000004,1.0708440939222634,0.9691220206740779,1.1680103344525241
RB,relative,2008-2016,23.90000000000004,1.073860794862085,0.9730286692495002,1.1708400705200928
RB,relative,2008-2016,23.950000000000042,1.0767188062469089,0.9776409669733771,1.172961037745359
RB,relative,2008-2016,24.000000000000043,1.079418114595347,0.9810224027516561,1.177030326847161
RB,relative,2008-2016,24.050000000000043,1.081958706426011,0.9859719663594924,1.180929719658273
RB,relative,2008-2016,24.100000000000044,1.0843405682575131,0.9875779228411635,1.1823119766767993
RB,relative,2008-2016,24.150000000000045,1.0865636866084656,0.9889699049778512,1.1843636448438475
RB,relative,2008-2016,24.200000000000045,1.08862804799748,0.9922003799317366,1.1881593674640698
RB,relative,2008-2016,24.250000000000046,1.0905336389431683,0.9927139235071308,1.188603554624878
RB,relative,2008-2016,24.300000000000047,1.0922804459641429,0.9925171467415462,1.189848178565868
RB,relative,2008-2016,24.350000000000048,1.0938684555790155,0.9932722733969688,1.1916223991081263
RB,relative,2008-2016,24.40000000000005,1.0952976543063981,0.9934025999791821,1.1931064399686702
RB,relative,2008-2016,24.45000000000005,1.0965680286649029,0.9949573032405024,1.1970581598419279
RB,relative,2008-2016,24.50000000000005,1.0976795651731415,0.9955260719118312,1.200634089019522
RB,relative,2008-2016,24.55000000000005,1.0986322503497261,0.9962815748899289,1.203820303153271
RB,relative,2008-2016,24.60000000000005,1.0994260707132688,0.9973148338112022,1.206497543573969
RB,relative,2008-2016,24.650000000000052,1.1000610127823813,0.9978428658368016,1.207981714961715
RB,relative,2008-2016,24.700000000000053,1.100537063075676,0.9970700707701524,1.2082352201119528
RB,relative,2008-2016,24.750000000000053,1.1008542081117645,0.9969714519122002,1.2075772963811287
RB,relative,2008-2016,24.800000000000054,1.101012434409259,0.9965013342666356,1.2062643019469697
RB,relative,2008-2016,24.850000000000055,1.1010119293991383,0.9962095713540908,1.2047780187555315
RB,relative,2008-2016,24.900000000000055,1.1008560878350069,0.9957990879018618,1.2036469019466285
RB,relative,2008-2016,24.950000000000056,1.100550880533632,0.9938093486694919,1.2023619861674564
RB,relative,2008-2016,25.000000000000057,1.1001023510680317,0.993281259626574,1.2007947964535792
RB,relative,2008-2016,25.050000000000058,1.0995165430112253,0.9913568319779282,1.1987860651904918
RB,relative,2008-2016,25.10000000000006,1.0987994999362305,0.9901579689069556,1.1957595753748442
RB,relative,2008-2016,25.15000000000006,1.0979572654160663,0.989276523165311,1.1926422853813747
RB,relative,2008-2016,25.20000000000006,1.0969958830237512,0.987384659043705,1.1909441031467463
RB,relative,2008-2016,25.25000000000006,1.0959213963323036,0.9872627716190088,1.1883348962670388
RB,relative,2008-2016,25.30000000000006,1.0947398489147422,0.987794027748389,1.1867361621943864
RB,relative,2008-2016,25.350000000000062,1.0934572843440853,0.9883651814509904,1.184453309302694
RB,relative,2008-2016,25.400000000000063,1.0920797461933514,0.9861423441136908,1.182362437854179
RB,relative,2008-2016,25.450000000000063,1.0906132780355593,0.9840957590326881,1.1808668681785328
RB,relative,2008-2016,25.500000000000064,1.0890639234437272,0.9823271750071833,1.180114919873459
RB,relative,2008-2016,25.550000000000065,1.0874377259908736,0.9812311680887241,1.179180706501998
RB,relative,2008-2016,25.600000000000065,1.0857407292500176,0.9790030774327952,1.175304482574185
RB,relative,2008-2016,25.650000000000066,1.083978976794177,0.9773308473443189,1.1712998922935578
RB,relative,2008-2016,25.700000000000067,1.0821585121963706,0.9761599347460345,1.171753733070362
RB,relative,2008-2016,25.750000000000068,1.080285379029617,0.9744396754631979,1.169784714926055
RB,relative,2008-2016,25.800000000000068,1.0783656208669348,0.9724979450489382,1.168211019448619
RB,relative,2008-2016,25.85000000000007,1.076405281281342,0.9709036253312175,1.166342944562508
RB,relative,2008-2016,25.90000000000007,1.0744104038458577,0.9684846356217633,1.164747520560734
RB,relative,2008-2016,25.95000000000007,1.0723870321335003,0.9663875636588684,1.162866925628583
RB,relative,2008-2016,26.00000000000007,1.0703412097172882,0.9615630722410038,1.1633855802134514
RB,relative,2008-2016,26.05000000000007,1.06827898017024,0.9583612322979886,1.1653933045274578
RB,relative,2008-2016,26.100000000000072,1.066206387065374,0.9561610926271096,1.1652816346353914
RB,relative,2008-2016,26.150000000000073,1.0641294739757088,0.9527753082669304,1.1644892448433137
RB,relative,2008-2016,26.200000000000074,1.062054284474263,0.9495452215597039,1.1629413062972753
RB,relative,2008-2016,26.250000000000075,1.0599868621340554,0.9468688075096457,1.1620102638414953
RB,relative,2008-2016,26.300000000000075,1.057933250528104,0.9437414286721016,1.162167542539861
RB,relative,2008-2016,26.350000000000076,1.0558994932294277,0.9406483593598133,1.1609002334465086
RB,relative,2008-2016,26.400000000000077,1.0538916338110447,0.9371653255156608,1.159343101589063
RB,relative,2008-2016,26.450000000000077,1.0519156296531507,0.9343171043137196,1.1575640839121986
RB,relative,2008-2016,26.500000000000078,1.0499742520169388,0.9327255654360845,1.1555649551166531
RB,relative,2008-2016,26.55000000000008,1.0480662260803122,0.9323449301998071,1.155748187285707
RB,relative,2008-2016,26.60000000000008,1.0461900157512956,0.9316826979556707,1.1528431061501119
RB,relative,2008-2016,26.65000000000008,1.0443440849379149,0.9311986964339461,1.15060230428022
RB,relative,2008-2016,26.70000000000008,1.0425268975481954,0.9308852828783624,1.1487379666242032
RB,relative,2008-2016,26.75000000000008,1.040736917490163,0.9296717762669517,1.1467333573034055
RB,relative,2008-2016,26.800000000000082,1.0389726086718432,0.9291023874857658,1.1445122138560997
RB,relative,2008-2016,26.850000000000083,1.037232435001261,0.9281102292795593,1.142119937302926
RB,relative,2008-2016,26.900000000000084,1.0355148603864424,0.9282881977124209,1.1395626881030423
RB,relative,2008-2016,26.950000000000085,1.033818348735413,0.9261357234649494,1.1368466267156054
RB,relative,2008-2016,27.000000000000085,1.0321413639561978,0.9254102667658214,1.1339779135997736
RB,relative,2008-2016,27.050000000000086,1.030482369956823,0.9255643800476372,1.131806508174406
RB,relative,2008-2016,27.100000000000087,1.0288398306453137,0.9259801032729402,1.131296465506925
RB,relative,2008-2016,27.150000000000087,1.0272122099296956,0.9261094986753055,1.1311116719257466
RB,relative,2008-2016,27.200000000000088,1.0255979717179942,0.9246709623482121,1.1291810474270525
RB,relative,2008-2016,27.25000000000009,1.023995579918235,0.923430721035174,1.1268677395813878
RB,relative,2008-2016,27.30000000000009,1.0224034984384434,0.9216598434614995,1.1244730514936538
RB,relative,2008-2016,27.35000000000009,1.0208201911866452,0.9215914718280761,1.1220505419356406
RB,relative,2008-2016,27.40000000000009,1.019244122070866,0.9205231219093111,1.1196343660016639
RB,relative,2008-2016,27.45000000000009,1.0176737549991308,0.9189907161932562,1.1171794963818629
RB,relative,2008-2016,27.500000000000092,1.0161075538794655,0.9175103772620672,1.1145006359657004
RB,relative,2008-2016,27.550000000000093,1.0145439826198959,0.9166042331007095,1.1113122890110176
RB,relative,2008-2016,27.600000000000094,1.012981505128447,0.9184391740899717,1.1088932538492113
RB,relative,2008-2016,27.650000000000095,1.0114185853131445,0.9166558056254045,1.1072139916885673
RB,relative,2008-2016,27.700000000000095,1.009853687082014,0.9142433950290973,1.1069212868876066
RB,relative,2008-2016,27.750000000000096,1.0082852743430812,0.9109902289826853,1.1067389968738066
RB,relative,2008-2016,27.800000000000097,1.0067118110043713,0.9087269023500932,1.106046692808788
RB,relative,2008-2016,27.850000000000097,1.0051317609739103,0.9064924711054606,1.104489693254275
RB,relative,2008-2016,27.900000000000098,1.0035435881597232,0.9036116032203956,1.1032707754290254
RB,relative,2008-2016,27.9500000000001,1.0019457564698357,0.9007837803122251,1.1041042998111337
RB,relative,2008-2016,28.0000000000001,1.0003367298122736,0.8980470594208877,1.1020538157502497
RB,relative,2008-2016,28.0500000000001,0.9987149720950621,0.8940666783107815,1.0992251572479501
RB,relative,2008-2016,28.1000000000001,0.9970789472262268,0.8894627730363783,1.096263098281438
RB,relative,2008-2016,28.1500000000001,0.9954271191137933,0.8851610017185083,1.0948678395792573
RB,relative,2008-2016,28.200000000000102,0.9937579516657872,0.8821980795850374,1.09413223524092
RB,relative,2008-2016,28.250000000000103,0.9920699087902338,0.8821295629984541,1.0934355378925011
RB,relative,2008-2016,28.300000000000104,0.9903614543951589,0.8785962043424738,1.0927108454864283
RB,relative,2008-2016,28.350000000000104,0.988631052388588,0.8754230446669496,1.0918938275437446
RB,relative,2008-2016,28.400000000000105,0.9868771686434215,0.8734228971629162,1.0909886215600688
RB,relative,2008-2016,28.450000000000106,0.9850987335157242,0.8680061620090824,1.0900742955098879
RB,relative,2008-2016,28.500000000000107,0.9832957382743988,0.8637173762536778,1.090131140193679
RB,relative,2008-2016,28.550000000000107,0.981468321626729,0.8600611352321919,1.0883268055330764
RB,relative,2008-2016,28.600000000000108,0.9796166222799991,0.8563389206381674,1.0888424331980233
RB,relative,2008-2016,28.65000000000011,0.9777407789414931,0.8530276140292603,1.088048150453235
RB,relative,2008-2016,28.70000000000011,0.975840930318495,0.8479818097798292,1.0853027965676356
RB,relative,2008-2016,28.75000000000011,0.9739172151182885,0.8444022423850137,1.0849189689736696
RB,relative,2008-2016,28.80000000000011,0.9719697720481582,0.842087325743613,1.0835621091374155
RB,relative,2008-2016,28.85000000000011,0.9699987398153876,0.8370740656524778,1.0819935551111985
RB,relative,2008-2016,28.900000000000112,0.9680042571272611,0.8338683407716913,1.0810424137845944
RB,relative,2008-2016,28.950000000000113,0.9659864626910626,0.8291831034173924,1.0816135627594134
RB,relative,2008-2016,29.000000000000114,0.9639454952140759,0.825782833586371,1.0816946750082423
RB,relative,2008-2016,29.050000000000114,0.9618814934035853,0.8231723301451506,1.0814271411538985
RB,relative,2008-2016,29.100000000000115,0.9597945959668748,0.8206423127561473,1.081134893335006
RB,relative,2008-2016,29.150000000000116,0.9576849416112283,0.8182090036113344,1.0808059529086005
RB,relative,2008-2016,29.200000000000117,0.9555526690439299,0.815846903681698,1.0801239792000825
RB,relative,2008-2016,29.250000000000117,0.9533979169722635,0.8135722244414586,1.0776372894158288
RB,relative,2008-2016,29.300000000000118,0.9512208241035133,0.8113507601974219,1.0751038357998945
RB,relative,2008-2016,29.35000000000012,0.9490215291449632,0.8091862418544705,1.0736962716756624
RB,relative,2008-2016,29.40000000000012,0.9468001708038972,0.8064193444053095,1.072957943151172
RB,relative,2008-2016,29.45000000000012,0.9445568877875995,0.8031283239310614,1.072139540267274
RB,relative,2008-2016,29.50000000000012,0.942291818803354,0.80009664890972,1.0704874387182595
RB,relative,2008-2016,29.55000000000012,0.9400051025584446,0.7981781721306382,1.0694106925824411
RB,relative,2008-2016,29.600000000000122,0.9376968777601555,0.7962865392838232,1.0675596339316993
RB,relative,2008-2016,29.650000000000123,0.9353672831157708,0.7944198159821579,1.0652668378165706
RB,relative,2008-2016,29.700000000000124,0.9330164573325743,0.7925778405428985,1.062924897879388
RB,relative,2008-2016,29.750000000000124,0.9306445391178501,0.7907604512833011,1.0605341351865871
RB,relative,2008-2016,29.800000000000125,0.9282516671788822,0.7889674865206217,1.0580948708046052
RB,relative,2008-2016,29.850000000000126,0.9258379802229546,0.7871987845721162,1.0556074257998782
RB,relative,2008-2016,29.900000000000126,0.9234036169573515,0.7854541837550411,1.0530964442092328
RB,relative,2008-2016,29.950000000000127,0.9209487160893568,0.783640646383334,1.051310675662594
RB,relative,2008-2016,30.000000000000128,0.9184734163262545,0.7805913001005701,1.0491283359905261
RB,relative,2008-2016,30.05000000000013,0.9159778563753286,0.7775395408201414,1.047067562646189
RB,relative,2008-2016,30.10000000000013,0.9134621749438632,0.7744853850621497,1.0449418159335155
RB,relative,2008-2016,30.15000000000013,0.9109265107391422,0.7714288493466954,1.0429109947661965
RB,relative,2008-2016,30.20000000000013,0.9083710024684497,0.7683699501938802,1.0409997172933545
RB,relative,2008-2016,30.25000000000013,0.9057957888390699,0.765308704123805,1.0390608227929383
RB,relative,2008-2016,30.300000000000132,0.9032010085582866,0.7618909799938791,1.0370945056629772
RB,relative,2008-2016,30.350000000000133,0.9005868003333837,0.7585202233601844,1.0350190943350395
RB,relative,2008-2016,30.400000000000134,0.8979533028716455,0.7561003198430258,1.031319941933389
RB,relative,2008-2016,30.450000000000134,0.8953006548803559,0.7541421684679465,1.0281399340493613
RB,relative,2008-2016,30.500000000000135,0.892628995066799,0.752323690121979,1.0255526573388005
RB,relative,2008-2016,30.550000000000136,0.8899384621382587,0.7503431815322689,1.0229130931850228
RB,relative,2008-2016,30.600000000000136,0.8872291948020191,0.7476771392710819,1.0202216258727226
RB,relative,2008-2016,30.650000000000137,0.8845013317653642,0.7449177089663264,1.0174786396865951
RB,relative,2008-2016,30.700000000000138,0.8817550117355781,0.7434308757799473,1.0146845189113358
RB,relative,2008-2016,30.75000000000014,0.8789903734199446,0.7407728389885742,1.0118396478316396
RB,relative,2008-2016,30.80000000000014,0.8762075555257479,0.7365610836767713,1.0089444107322014
RB,relative,2008-2016,30.85000000000014,0.873406696760272,0.7327341303367941,1.006096006637412
RB,relative,2008-2016,30.90000000000014,0.870587935830801,0.7310454592160305,1.004122127478585
RB,relative,2008-2016,30.95000000000014,0.8677514114446188,0.7284362357012907,1.0021129723518258
RB,relative,2008-2016,31.000000000000142,0.8648972623090093,0.7268348676748806,1.0000688167121763
RB,relative,2008-2016,31.050000000000143,0.8620256271312569,0.7236324225091059,0.997984213994307
RB,relative,2008-2016,31.100000000000144,0.8591366446186453,0.723054569566211,0.9958338576685228
RB,relative,2008-2016,31.150000000000144,0.8562304534784585,0.721009112538241,0.9936484872652748
RB,relative,2008-2016,31.200000000000145,0.8533071924179807,0.7214766665898122,0.9921106838884158
RB,relative,2008-2016,31.250000000000146,0.850367000144496,0.720368529161894,0.9895617555272179
RB,relative,2008-2016,31.300000000000146,0.8474100153652881,0.7161696791580537,0.9869852928540563
RB,relative,2008-2016,31.350000000000147,0.8444363767876414,0.7119610300517906,0.9847173940164525
RB,relative,2008-2016,31.400000000000148,0.8414462231188395,0.7072821256068414,0.9827363061183836
RB,relative,2008-2016,31.45000000000015,0.8384396930661668,0.7031816560552652,0.9809039255874871
RB,relative,2008-2016,31.50000000000015,0.835416925336907,0.6990715911848666,0.979095036621894
RB,relative,2008-2016,31.55000000000015,0.8323780586383445,0.694948860688009,0.9772746770137106
RB,relative,2008-2016,31.60000000000015,0.8293232316777631,0.6900097997011354,0.9754131213545693
RB,relative,2008-2016,31.65000000000015,0.8262525831624468,0.6826427037388013,0.9734999067337831
RB,relative,2008-2016,31.700000000000152,0.8231662517996796,0.6776035752596141,0.9705616435029172
RB,relative,2008-2016,31.750000000000153,0.8200643762967456,0.6733277388884261,0.9673242718954628
RB,relative,2008-2016,31.800000000000153,0.8169470953609287,0.6698871231003672,0.9631745978915282
RB,relative,2008-2016,31.850000000000154,0.8138145476995131,0.6650727701582418,0.9604464589248565
RB,relative,2008-2016,31.900000000000155,0.8106668720197828,0.6586056052485767,0.9619297736661802
RB,relative,2008-2016,31.950000000000156,0.8075042070290217,0.6513446556129802,0.96049598345849
RB,relative,2008-2016,32.000000000000156,0.804326691434514,0.6444975650426755,0.958040691795105
RB,relative,2008-2016,32.05000000000015,0.8011344639435437,0.6376078915506662,0.9567491985429384
RB,relative,2008-2016,32.10000000000016,0.7979276632633943,0.6314685004305169,0.9561471263826155
RB,relative,2008-2016,32.15000000000016,0.7947064281013503,0.629898538837043,0.9534062940046468
RB,relative,2008-2016,32.20000000000016,0.791470897164696,0.6257681736407795,0.9499436997492055
RB,relative,2008-2016,32.250000000000156,0.7882212091607153,0.6204946085422405,0.9501338027526337
RB,relative,2008-2016,32.30000000000016,0.7849575027966913,0.6151964698398926,0.9492989747479471
RB,relative,2008-2016,32.350000000000165,0.781679916779909,0.6101546004981181,0.9490069363217822
RB,relative,2008-2016,32.40000000000016,0.7783885898176525,0.6050041664384763,0.9486811973679603
RB,relative,2008-2016,32.45000000000016,0.7750836606172055,0.5990541122272318,0.9455990121520287
RB,relative,2008-2016,32.50000000000016,0.7717652678858514,0.5952818857944835,0.9452895122824813
RB,relative,2008-2016,32.55000000000017,0.768433550330875,0.5890005938970853,0.9450953518519036
RB,relative,2008-2016,32.600000000000165,0.7650886466595606,0.5826433040813712,0.9463984835119255
RB,relative,2008-2016,32.65000000000016,0.7617306955791917,0.5765914955882909,0.9442976008254318
RB,relative,2008-2016,32.700000000000166,0.758359835797052,0.5702719506365288,0.9439891742121116
RB,relative,2008-2016,32.75000000000017,0.7549762060204257,0.5639261553264233,0.9455320382172262
RB,relative,2008-2016,32.80000000000017,0.7515799449565977,0.5575423595357614,0.9470157540598801
RB,relative,2008-2016,32.850000000000165,0.7481711913128514,0.5511328888033402,0.9470293809019545
RB,relative,2008-2016,32.90000000000017,0.7447500837964702,0.5462639015143774,0.9469684164447251
RB,relative,2008-2016,32.95000000000017,0.7413167611147387,0.5415404499747755,0.9455344952299017
RB,relative,2008-2016,33.00000000000017,0.7378713619749413,0.5367712017532603,0.9425393117044544
RB,relative,2008-2016,33.05000000000017,0.7344140250843618,0.5306983763022372,0.9418454209203342
RB,relative,2008-2016,33.10000000000017,0.7309448891502835,0.5246017800352443,0.9436494307786225
RB,relative,2008-2016,33.150000000000176,0.727464092879991,0.5183636644614459,0.9457426887686209
RB,relative,2008-2016,33.20000000000017,0.7239717749807688,0.5113479848675134,0.9467309778320627
RB,relative,2008-2016,33.25000000000017,0.7204680741599004,0.5043032185251102,0.9467872665499271
RB,relative,2008-2016,33.300000000000175,0.7169531291246696,0.4971245652232595,0.9468601786919417
RB,relative,2008-2016,33.35000000000018,0.7134270785823603,0.48997314771082034,0.9469275145327982
RB,relative,2008-2016,33.400000000000176,0.7098900612402576,0.48181977008126176,0.946975775071808
RB,relative,2008-2016,33.45000000000017,0.7063422158056448,0.47478320237138755,0.946692172069695
RB,relative,2008-2016,33.50000000000018,0.7027836809858052,0.46826073488283443,0.9472219573611581
RB,relative,2008-2016,33.55000000000018,0.6992145954880239,0.4610164428413111,0.9474244448752636
RB,relative,2008-2016,33.60000000000018,0.6956350980195849,0.45377567374236555,0.9501744061976567
RB,relative,2008-2016,33.650000000000176,0.6920453272877719,0.4482093927562504,0.954399105086078
RB,relative,2008-2016,33.70000000000018,0.6884454219998685,0.4425256367672127,0.9560607856274934
RB,relative,2008-2016,33.750000000000185,0.684835520863159,0.4360104815441462,0.9545717059019386
RB,relative,2008-2016,33.80000000000018,0.6812157625849282,0.4280974462013384,0.9579999199112491
RB,relative,2008-2016,33.85000000000018,0.6775862858724594,0.4193947742215065,0.9583502781549739
RB,relative,2008-2016,33.90000000000018,0.6739472294330362,0.41064811021958003,0.958673768350594
RB,relative,2008-2016,33.95000000000019,0.6702987319739433,0.40185809116714977,0.9590380749447247
RB,relative,2008-2016,34.000000000000185,0.6666409322024649,0.39415097340704325,0.9612716590505646
RB,relative,2008-2016,34.05000000000018,0.6629739688258847,0.38649911109438845,0.9636851609128851
RB,relative,2008-2016,34.100000000000186,0.6592979805514863,0.3781304538398503,0.9680225675220847
RB,relative,2008-2016,34.15000000000019,0.6556131060865539,0.36838598734927686,0.9694363716865301
RB,relative,2008-2016,34.20000000000019,0.6519194841383724,0.3585936529452219,0.9709937669205861
RB,relative,2008-2016,34.250000000000185,0.6482172534142251,0.3487542096606631,0.9734969759878109
RB,relative,2008-2016,34.30000000000019,0.6445065526213956,0.338930231637437,0.9760180080786482
RB,relative,2008-2016,34.35000000000019,0.6407875204671684,0.3297605114571492,0.9785565713202345
RB,relative,2008-2016,34.40000000000019,0.6370602956588279,0.3205746171876972,0.981038139354786
RB,relative,2008-2016,34.45000000000019,0.633325016903658,0.3113281098447339,0.9835047626466106
RB,relative,2008-2016,34.50000000000019,0.6295818229089418,0.30204465840108746,0.985987311547808
RB,relative,2008-2016,34.550000000000196,0.625830852381964,0.29272491026810216,0.9884855069767401
RB,relative,2008-2016,34.60000000000019,0.6220722440300093,0.28336951285712336,0.9909990698517671
RB,relative,2008-2016,34.65000000000019,0.6183061365603607,0.2740189975222665,0.9935277210912512
RB,relative,2008-2016,34.700000000000195,0.6145326686803023,0.26464609141095735,0.9960711816135541
RB,relative,2008-2016,34.7500000000002,0.6107519790971183,0.2552399483982063,0.9986291723370365
RB,relative,2008-2016,34.800000000000196,0.6069642065180934,0.24580120686532825,1.0012014141800598
RB,relative,2008-2016,34.85000000000019,0.6031694896505109,0.23739769190956186,1.0037876280609856
RB,relative,2008-2016,34.9000000000002,0.5993679672016544,0.22903963154609752,1.0063875348981757
RB,relative,2008-2016,34.9500000000002,0.5955597778788084,0.2206594901937632,1.009000855609991
RB,relative,2008-2016,35.0000000000002,0.5917450603892577,0.21225772725737255,1.0116273111147922
RB,relative,2008-2016,35.050000000000196,0.5879239534402856,0.20383480214173674,1.0142666223309418
RB,relative,2008-2016,35.1000000000002,0.5840965957391755,0.19539117425166713,1.016918510176801
RB,relative,2008-2016,35.150000000000205,0.5802631259932121,0.18692730299197727,1.0202379122817289
RB,relative,2008-2016,35.2000000000002,0.5764236829096797,0.1784436477674809,1.022338564669974
RB,relative,2008-2016,35.2500000000002,0.5725784051958623,0.16994066798298924,1.025097195696721
RB,relative,2008-2016,35.3000000000002,0.5687274315590429,0.16141882304331337,1.0281574087062733
RB,relative,2008-2016,35.35000000000021,0.5648709007065064,0.1528785723532672,1.0317997709788396
RB,relative,2008-2016,35.400000000000205,0.5610089513455371,0.14432037531766406,1.0354601921689115
RB,relative,2008-2016,35.4500000000002,0.5571417221834185,0.13574469134131545,1.0391382099899715
RB,relative,2008-2016,35.500000000000206,0.5532693519274342,0.1271519798290325,1.0428333621555013
RB,relative,2008-2016,35.55000000000021,0.5493919792848687,0.11854270018562887,1.0465451863789814
RB,relative,2008-2016,35.60000000000021,0.5455097429630067,0.10991731181591778,1.0502732203738931
RB,relative,2008-2016,35.650000000000205,0.5416227816691315,0.1012762741247113,1.0540081411891942
RB,relative,2008-2016,35.70000000000021,0.5377312341105267,0.0926200465168202,1.0576950468120754
RB,relative,2008-2016,35.75000000000021,0.5338352389944767,0.07906108699347306,1.061396434344514
RB,relative,2008-2016,35.80000000000021,0.5299349350282663,0.06456137532826921,1.06511185213493
RB,relative,2008-2016,35.85000000000021,0.5260304609191787,0.05002481218089503,1.0688408485317458
RB,relative,2008-2016,35.90000000000021,0.5221219553744977,0.03545262330527448,1.0725829718833828
RB,relative,2008-2016,35.950000000000216,0.5182095571015075,0.02084603445533575,1.076103555395519
RB,relative,2008-2016,36.00000000000021,0.5142934048074932,0.01027515448145327,1.0779523281032488
RB,relative,2017-2025,21.0,0.9100196076780505,0.6590771826865752,1.1498136423254488
RB,relative,2017-2025,21.05,0.9148583123160913,0.6750453410504424,1.1478057313334202
RB,relative,2017-2025,21.1,0.919680324772405,0.6909561874087945,1.1493330008681555
RB,relative,2017-2025,21.150000000000002,0.9244837219117892,0.7067765880178457,1.149372135322046
RB,relative,2017-2025,21.200000000000003,0.9292665805990413,0.7224971989913194,1.1468591990131298
RB,relative,2017-2025,21.250000000000004,0.9340269776989588,0.7381086764429384,1.1431020561655338
RB,relative,2017-2025,21.300000000000004,0.9387629900763391,0.7536016764864258,1.1384515386166758
RB,relative,2017-2025,21.350000000000005,0.9434726945959798,0.7661924324853963,1.133869609280236
RB,relative,2017-2025,21.400000000000006,0.9481541681226783,0.7756335190349173,1.1321372457723358
RB,relative,2017-2025,21.450000000000006,0.9528054875212321,0.7832691498528105,1.1287016698181225
RB,relative,2017-2025,21.500000000000007,0.9574247296564387,0.79378082299755,1.1258606665275144
RB,relative,2017-2025,21.550000000000008,0.9620099713930954,0.8006105498497335,1.1219241153324564
RB,relative,2017-2025,21.60000000000001,0.9665592895959999,0.8074435322886573,1.1185918084109217
RB,relative,2017-2025,21.65000000000001,0.9710707611299496,0.8167820934041874,1.1191703895636411
RB,relative,2017-2025,21.70000000000001,0.975542462859742,0.8223316506452943,1.1214439821308801
RB,relative,2017-2025,21.75000000000001,0.9799724716501744,0.8369334525003419,1.1199715221624473
RB,relative,2017-2025,21.80000000000001,0.9843588643660446,0.8507944747516997,1.122489515127881
RB,relative,2017-2025,21.850000000000012,0.9886997178721497,0.8597609230583628,1.1237023548086398
RB,relative,2017-2025,21.900000000000013,0.9929931090332875,0.8658081582015054,1.1264200590882787
RB,relative,2017-2025,21.950000000000014,0.9972371147142554,0.871658528592216,1.1263873917753346
RB,relative,2017-2025,22.000000000000014,1.0014298117798508,0.8793716814864746,1.1270950979735137
RB,relative,2017-2025,22.050000000000015,1.0055692770948712,0.8885106382755582,1.1305968870216172
RB,relative,2017-2025,22.100000000000016,1.009653587524114,0.8952790276405429,1.136993454549046
RB,relative,2017-2025,22.150000000000016,1.0136808199323768,0.9037003473625806,1.13513274649508
RB,relative,2017-2025,22.200000000000017,1.017649051184457,0.9072833460145132,1.132554655245159
RB,relative,2017-2025,22.250000000000018,1.0215563581451519,0.9132187619595544,1.1343653138697691
RB,relative,2017-2025,22.30000000000002,1.0254008176792595,0.9184126930473371,1.1381915322868748
RB,relative,2017-2025,22.35000000000002,1.029180506651577,0.9216043204623149,1.1390179601584365
RB,relative,2017-2025,22.40000000000002,1.0328935019269014,0.9246707545072674,1.1400211745052966
RB,relative,2017-2025,22.45000000000002,1.036537880370031,0.9298086454908233,1.1417128608515181
RB,relative,2017-2025,22.50000000000002,1.0401117188457627,0.9345288835347558,1.1422345006784294
RB,relative,2017-2025,22.550000000000022,1.0436130942188941,0.9389534768017076,1.1488524163344145
RB,relative,2017-2025,22.600000000000023,1.0470400833542228,0.9428323599161215,1.1538692007707294
RB,relative,2017-2025,22.650000000000023,1.0503907631165463,0.9459240081890077,1.1570640020750194
RB,relative,2017-2025,22.700000000000024,1.053663210370662,0.9494700311519934,1.1625712194152702
RB,relative,2017-2025,22.750000000000025,1.0568555019813672,0.9516711399589081,1.1650515660992506
RB,relative,2017-2025,22.800000000000026,1.0599657148134596,0.9534526859595763,1.16654315438226
RB,relative,2017-2025,22.850000000000026,1.0629919257317366,0.9564482958350357,1.1705643391941847
RB,relative,2017-2025,22.900000000000027,1.0659322116009957,0.9593731849840141,1.172378634417421
RB,relative,2017-2025,22.950000000000028,1.0687846492860344,0.9605543423764251,1.1743520068998177
RB,relative,2017-2025,23.00000000000003,1.0715473156516502,0.9625887954854538,1.1771668378851776
RB,relative,2017-2025,23.05000000000003,1.0742182875626405,0.9655493906666581,1.179075934062098
RB,relative,2017-2025,23.10000000000003,1.0767956418838027,0.9699925403803832,1.1824439034497785
RB,relative,2017-2025,23.15000000000003,1.0792774554799345,0.9735112626250685,1.1853513986635418
RB,relative,2017-2025,23.20000000000003,1.081661805215833,0.9751026332475332,1.186852248080077
RB,relative,2017-2025,23.250000000000032,1.083946767956296,0.9776547850829967,1.188152452989518
RB,relative,2017-2025,23.300000000000033,1.0861304205661209,0.9796076004153852,1.1887983076126458
RB,relative,2017-2025,23.350000000000033,1.0882108399101054,0.9812505717818534,1.190256581962436
RB,relative,2017-2025,23.400000000000034,1.0901861028530464,0.9851609981303143,1.1913792257675448
RB,relative,2017-2025,23.450000000000035,1.092054286259742,0.9891453908921652,1.1934241170173838
RB,relative,2017-2025,23.500000000000036,1.0938135136947236,0.9931136021215354,1.1946067703968704
RB,relative,2017-2025,23.550000000000036,1.0954632245130906,0.9953626312058673,1.1944482093399773
RB,relative,2017-2025,23.600000000000037,1.09700432404009,0.9977301806449846,1.1960677636321353
RB,relative,2017-2025,23.650000000000038,1.098437794446647,1.0002720366302533,1.1946055725895992
RB,relative,2017-2025,23.70000000000004,1.0997646179036877,1.0028847680085546,1.1956379092861367
RB,relative,2017-2025,23.75000000000004,1.1009857765821374,1.0055702373843196,1.196714153375292
RB,relative,2017-2025,23.80000000000004,1.102102252652922,1.0083256752501284,1.197268573259881
RB,relative,2017-2025,23.85000000000004,1.103115028286967,1.0114740320413522,1.1942088699561177
RB,relative,2017-2025,23.90000000000004,1.1040250856551983,1.0142974563350582,1.1952951333324546
RB,relative,2017-2025,23.950000000000042,1.1048334069285413,1.015043759306551,1.1953652719085683
RB,relative,2017-2025,24.000000000000043,1.1055409742779219,1.0155755786328868,1.1948086047750577
RB,relative,2017-2025,24.050000000000043,1.1061487698742656,1.0157617103755432,1.1947684450285665
RB,relative,2017-2025,24.100000000000044,1.1066577758884981,1.0166705883080933,1.194672699391439
RB,relative,2017-2025,24.150000000000045,1.1070689744915452,1.0172223290605837,1.1926752470748758
RB,relative,2017-2025,24.200000000000045,1.1073833478543325,1.0161182382098446,1.1916336942398749
RB,relative,2017-2025,24.250000000000046,1.1076018781477854,1.0170486769387532,1.1921732083263026
RB,relative,2017-2025,24.300000000000047,1.10772554754283,1.0169071274825061,1.1904937344878237
RB,relative,2017-2025,24.350000000000048,1.1077553382103917,1.0166837497968573,1.1910106579140878
RB,relative,2017-2025,24.40000000000005,1.1076922323213962,1.0169610823757513,1.1926946340298776
RB,relative,2017-2025,24.45000000000005,1.1075372120467692,1.0152815836955882,1.1940077401303855
RB,relative,2017-2025,24.50000000000005,1.1072912595574365,1.0146232942396805,1.1932658264646172
RB,relative,2017-2025,24.55000000000005,1.1069553570243236,1.0142264730827346,1.1920201408793432
RB,relative,2017-2025,24.60000000000005,1.106530486618356,1.0146227762444662,1.1909630920903396
RB,relative,2017-2025,24.650000000000052,1.1060176305104599,1.0143441859070936,1.1906247550046034
RB,relative,2017-2025,24.700000000000053,1.1054177708715605,1.0133569252702235,1.1910854156324058
RB,relative,2017-2025,24.750000000000053,1.1047318898725833,1.012357756320503,1.1924644710392913
RB,relative,2017-2025,24.800000000000054,1.1039609696844546,1.0102492851496805,1.1941396285259414
RB,relative,2017-2025,24.850000000000055,1.1031059710485018,1.0085497140407007,1.193735573500355
RB,relative,2017-2025,24.900000000000055,1.1021675126084762,1.0071727538854376,1.193812057822067
RB,relative,2017-2025,24.950000000000056,1.1011459382415811,1.0072356954136492,1.1915848251296577
RB,relative,2017-2025,25.000000000000057,1.1000415840647344,1.0068177814907235,1.1892941435445767
RB,relative,2017-2025,25.050000000000058,1.0988547861948548,1.0052384529950575,1.1869353758490206
RB,relative,2017-2025,25.10000000000006,1.0975858807488605,1.003551798290302,1.1874039688919145
RB,relative,2017-2025,25.15000000000006,1.0962352038436698,1.0020718350643898,1.1854977783602594
RB,relative,2017-2025,25.20000000000006,1.094803091596201,1.0011617677145814,1.1845799356627593
RB,relative,2017-2025,25.25000000000006,1.0932898801233726,0.9994507688843378,1.180769947033766
RB,relative,2017-2025,25.30000000000006,1.0916959055421027,0.9981896442576644,1.1790369603707387
RB,relative,2017-2025,25.350000000000062,1.09002150396931,0.996568972412617,1.1770125989454978
RB,relative,2017-2025,25.400000000000063,1.0882670115219124,0.9948970631540262,1.1718995914396593
RB,relative,2017-2025,25.450000000000063,1.0864327643168283,0.9925223893971478,1.1705013579824355
RB,relative,2017-2025,25.500000000000064,1.0845190984709765,0.9904639303339293,1.1705912609522557
RB,relative,2017-2025,25.550000000000065,1.0825263501012747,0.9890019316216442,1.1704778971819458
RB,relative,2017-2025,25.600000000000065,1.0804548553246416,0.9874948815405541,1.1694130851493654
RB,relative,2017-2025,25.650000000000066,1.0783049502579953,0.9859832338917172,1.1652961968354854
RB,relative,2017-2025,25.700000000000067,1.0760769710182545,0.9837006189725076,1.1623612348687733
RB,relative,2017-2025,25.750000000000068,1.0737712537223372,0.9813569179182142,1.1623554703414105
RB,relative,2017-2025,25.800000000000068,1.0713881344871616,0.9804341781907825,1.1621801633843185
RB,relative,2017-2025,25.85000000000007,1.0689279494296466,0.9781624134686369,1.160308061051521
RB,relative,2017-2025,25.90000000000007,1.06639103466671,0.975552396696654,1.1608250133365052
RB,relative,2017-2025,25.95000000000007,1.0637777263152703,0.9724671459461653,1.1588061150770712
RB,relative,2017-2025,26.00000000000007,1.0610883604922459,0.970766253848861,1.158947693152469
RB,relative,2017-2025,26.05000000000007,1.058323273314555,0.9660143836972032,1.156002018697079
RB,relative,2017-2025,26.100000000000072,1.055482800899116,0.9592507991471804,1.1557637917372061
RB,relative,2017-2025,26.150000000000073,1.0525672793628473,0.9565677545190727,1.1512234586417895
RB,relative,2017-2025,26.200000000000074,1.0495770448226671,0.9508359651238713,1.1466130879142082
RB,relative,2017-2025,26.250000000000075,1.0465124333954936,0.9457535466299152,1.1420697433725358
RB,relative,2017-2025,26.300000000000075,1.0433737811982455,0.9403158016416103,1.140265662639838
RB,relative,2017-2025,26.350000000000076,1.040161424347841,0.9368518292807144,1.1380313000213238
RB,relative,2017-2025,26.400000000000077,1.0368756989611985,0.9326925187817162,1.1362347503467314
RB,relative,2017-2025,26.450000000000077,1.0335169648829872,0.9287533232532459,1.132424954921078
RB,relative,2017-2025,26.500000000000078,1.0300864590545584,0.9246680651167154,1.1275171348788475
RB,relative,2017-2025,26.55000000000008,1.0265865322508096,0.9216410144453763,1.1225057124759614
RB,relative,2017-2025,26.60000000000008,1.023019607170801,0.9169792755302959,1.1202612237466734
RB,relative,2017-2025,26.65000000000008,1.0193881065135935,0.9126287954324401,1.116098000174442
RB,relative,2017-2025,26.70000000000008,1.0156944529782468,0.9087569926749678,1.112830993673728
RB,relative,2017-2025,26.75000000000008,1.0119410692638215,0.9045452729632778,1.110468928197588
RB,relative,2017-2025,26.800000000000082,1.0081303780693782,0.9011751098541505,1.1098902031548326
RB,relative,2017-2025,26.850000000000083,1.004264802093977,0.8974176101806423,1.1069747132576733
RB,relative,2017-2025,26.900000000000084,1.0003467640366783,0.8937433332575201,1.1025489222331255
RB,relative,2017-2025,26.950000000000085,0.9963786865965426,0.8901155278950019,1.0991079841395093
RB,relative,2017-2025,27.000000000000085,0.9923629924726303,0.8861424547459457,1.0968164018527395
RB,relative,2017-2025,27.050000000000086,0.9883021043640015,0.8822281350676136,1.0924271909977383
RB,relative,2017-2025,27.100000000000087,0.9841984449697168,0.8770079215589608,1.0880736626691292
RB,relative,2017-2025,27.150000000000087,0.9800544369888364,0.8726421645150312,1.0853777107748301
RB,relative,2017-2025,27.200000000000088,0.9758725031204208,0.8680513991206044,1.0829136265734784
RB,relative,2017-2025,27.25000000000009,0.9716550660635304,0.8619447540833604,1.0796540492606497
RB,relative,2017-2025,27.30000000000009,0.9674045485172255,0.8565918462486516,1.0754113050212455
RB,relative,2017-2025,27.35000000000009,0.9631233731805663,0.8516069284616683,1.0705182843986352
RB,relative,2017-2025,27.40000000000009,0.9588139627526134,0.8475990676014707,1.0671693374299207
RB,relative,2017-2025,27.45000000000009,0.9544787399324272,0.8427849829905396,1.0633058553472543
RB,relative,2017-2025,27.500000000000092,0.9501201274190679,0.8371101003975887,1.057953764552465
RB,relative,2017-2025,27.550000000000093,0.945740547911596,0.8323341029466198,1.0525254347977828
RB,relative,2017-2025,27.600000000000094,0.9413424241090717,0.8276038782130029,1.0470269037860096
RB,relative,2017-2025,27.650000000000095,0.9369281787105556,0.8214674417525825,1.041458168374849
RB,relative,2017-2025,27.700000000000095,0.9325002344151078,0.8177347618769505,1.0364734623632896
RB,relative,2017-2025,27.750000000000096,0.9280610139217889,0.8139943404241088,1.0326873212911822
RB,relative,2017-2025,27.800000000000097,0.9236129399296591,0.8078158154332833,1.0293971791086654
RB,relative,2017-2025,27.850000000000097,0.9191584351377788,0.8000565096365272,1.026100397656087
RB,relative,2017-2025,27.900000000000098,0.9146999222452086,0.7975321279395545,1.0254480472873593
RB,relative,2017-2025,27.9500000000001,0.9102398239510086,0.7925993187413276,1.0197057662236495
RB,relative,2017-2025,28.0000000000001,0.9057805629542391,0.7891935600733476,1.0161146936439094
RB,relative,2017-2025,28.0500000000001,0.9013245619539608,0.7858182561026646,1.0114961527819986
RB,relative,2017-2025,28.1000000000001,0.8968742436492338,0.7825033105015372,1.0068667090002588
RB,relative,2017-2025,28.1500000000001,0.8924320307391186,0.778553736703585,1.0022084480299525
RB,relative,2017-2025,28.200000000000102,0.8880003459226754,0.7743315599873282,0.9972819461129184
RB,relative,2017-2025,28.250000000000103,0.8835816118989648,0.7701319661529129,0.993092816132249
RB,relative,2017-2025,28.300000000000104,0.879178251367047,0.7658847383440537,0.9886233506224198
RB,relative,2017-2025,28.350000000000104,0.8747926870259825,0.7602439558691021,0.9866652602015278
RB,relative,2017-2025,28.400000000000105,0.8704273385865591,0.7520410404614991,0.9848418563319767
RB,relative,2017-2025,28.450000000000106,0.8660839193522465,0.7481143173286644,0.982894693238501
RB,relative,2017-2025,28.500000000000107,0.8617625291415667,0.7437186151530704,0.9790991497297353
RB,relative,2017-2025,28.550000000000107,0.8574630435419832,0.7373261595568843,0.9749689746124827
RB,relative,2017-2025,28.600000000000108,0.8531853381409593,0.7311098210987078,0.9729807683358044
RB,relative,2017-2025,28.65000000000011,0.8489292885259582,0.7251042072690037,0.9684951753290013
RB,relative,2017-2025,28.70000000000011,0.8446947702844432,0.7192759319778668,0.9644373402931431
RB,relative,2017-2025,28.75000000000011,0.8404816590038777,0.7136203085757059,0.9600797293070282
RB,relative,2017-2025,28.80000000000011,0.836289830271725,0.7081363336478135,0.9557506702737073
RB,relative,2017-2025,28.85000000000011,0.8321191596754485,0.7028230037794808,0.9524761516072573
RB,relative,2017-2025,28.900000000000112,0.8279695228025112,0.6976793155559999,0.9499934285983488
RB,relative,2017-2025,28.950000000000113,0.8238407952403768,0.6927042655626635,0.9474792582155538
RB,relative,2017-2025,29.000000000000114,0.8197328525765084,0.6878968503847629,0.9449338275739619
RB,relative,2017-2025,29.050000000000114,0.8156455703983694,0.6832560666075901,0.9423573237886621
RB,relative,2017-2025,29.100000000000115,0.811578824293423,0.678481908549119,0.9397499339747439
RB,relative,2017-2025,29.150000000000116,0.8075324898491325,0.6741157231842667,0.9371118452472964
RB,relative,2017-2025,29.200000000000117,0.8035064426529615,0.6688701120396666,0.9344432447214088
RB,relative,2017-2025,29.250000000000117,0.7995005582923731,0.6636206935759255,0.9317443195121705
RB,relative,2017-2025,29.300000000000118,0.7955147123548305,0.6588740359491256,0.9290152567346708
RB,relative,2017-2025,29.35000000000012,0.7915487804277974,0.6542164779895654,0.9262562435039988
RB,relative,2017-2025,29.40000000000012,0.7876026380987367,0.6496492398213135,0.923467466935244
RB,relative,2017-2025,29.45000000000012,0.7836761609551117,0.6452012666162764,0.9206491141434954
RB,relative,2017-2025,29.50000000000012,0.7797692245843861,0.6413818155823768,0.9175960705317344
RB,relative,2017-2025,29.55000000000012,0.7758817045740231,0.6379430524718858,0.9145358729088003
RB,relative,2017-2025,29.600000000000122,0.7720134765114857,0.6345632528789249,0.9120745962199215
RB,relative,2017-2025,29.650000000000123,0.7681644159842376,0.6312420365515443,0.9091896854376776
RB,relative,2017-2025,29.700000000000124,0.7643343985797418,0.6279790232377931,0.9062752061756495
RB,relative,2017-2025,29.750000000000124,0.760523299885462,0.6247738326857213,0.9033058008801854
RB,relative,2017-2025,29.800000000000125,0.756730995488861,0.6212291224648747,0.9002746364366078
RB,relative,2017-2025,29.850000000000126,0.7529573609774026,0.6167941733926721,0.8972159299275766
RB,relative,2017-2025,29.900000000000126,0.7492022719385498,0.6123484790263962,0.8941298648881383
RB,relative,2017-2025,29.950000000000127,0.7454656039597661,0.6079471191553052,0.8913682472595796
RB,relative,2017-2025,30.000000000000128,0.7417472326285148,0.603614110587905,0.8890680116634566
RB,relative,2017-2025,30.05000000000013,0.7380470335322591,0.599387021729451,0.8863961851793709
RB,relative,2017-2025,30.10000000000013,0.7343648822584623,0.5964531669479582,0.8840190024109731
RB,relative,2017-2025,30.15000000000013,0.7307006543945878,0.5918725718495449,0.8816024341118607
RB,relative,2017-2025,30.20000000000013,0.7270542255280988,0.5882203428846331,0.8791312748790111
RB,relative,2017-2025,30.25000000000013,0.723425471246459,0.5850650167429036,0.8756476560089465
RB,relative,2017-2025,30.300000000000132,0.7198142671371311,0.5830172954276813,0.8717808713657309
RB,relative,2017-2025,30.350000000000133,0.7162204887875789,0.5824855486471098,0.8684481179329032
RB,relative,2017-2025,30.400000000000134,0.7126440117852657,0.5803204386825921,0.865783160954719
RB,relative,2017-2025,30.450000000000134,0.7090847117176544,0.5771473427607843,0.8613966601935467
RB,relative,2017-2025,30.500000000000135,0.7055424641722088,0.5734583539130607,0.8568264974474818
RB,relative,2017-2025,30.550000000000136,0.702017144736392,0.5695337552971074,0.8533051407018787
RB,relative,2017-2025,30.600000000000136,0.6985086289976672,0.5656010425283341,0.8501518554160682
RB,relative,2017-2025,30.650000000000137,0.6950167925434978,0.5617326826785936,0.8463618319833774
RB,relative,2017-2025,30.700000000000138,0.6915415109613472,0.5587492837513103,0.8419015757861039
RB,relative,2017-2025,30.75000000000014,0.6880826598386787,0.556138920456476,0.8380214447251435
RB,relative,2017-2025,30.80000000000014,0.6846401147629557,0.5531851299859184,0.8341116154310385
RB,relative,2017-2025,30.85000000000014,0.6812137513216411,0.5498640298595449,0.830540609972602
RB,relative,2017-2025,30.90000000000014,0.6778034451021988,0.5465180664116717,0.8269459166846784
RB,relative,2017-2025,30.95000000000014,0.6744090716920916,0.5431708245214616,0.8233277191023135
RB,relative,2017-2025,31.000000000000142,0.671030506678783,0.5398942587798666,0.8196862007605535
RB,relative,2017-2025,31.050000000000143,0.6676676256497365,0.5366849596514679,0.81629823176188
RB,relative,2017-2025,31.100000000000144,0.6643203041924152,0.5330445682947517,0.8137513294352723
RB,relative,2017-2025,31.150000000000144,0.6609884178942824,0.5289509756258167,0.8121350269271393
RB,relative,2017-2025,31.200000000000145,0.6576718423428016,0.5248873568429435,0.8100332357743444
RB,relative,2017-2025,31.250000000000146,0.654370453125436,0.5208574178341818,0.8077522005209102
RB,relative,2017-2025,31.300000000000146,0.6510841258296489,0.5168698339105744,0.8043911675436924
RB,relative,2017-2025,31.350000000000147,0.6478127360429036,0.5129114166154822,0.8018607548447308
RB,relative,2017-2025,31.400000000000148,0.6445561593526635,0.5089819230239151,0.8021156584903621
RB,relative,2017-2025,31.45000000000015,0.641314271346392,0.5060463661059297,0.7994868167673682
RB,relative,2017-2025,31.50000000000015,0.638086947611552,0.5035211508040119,0.797862364672336
RB,relative,2017-2025,31.55000000000015,0.6348740637356073,0.5010488707668235,0.7957181492879924
RB,relative,2017-2025,31.60000000000015,0.631675495306021,0.49789539229951596,0.7924103748691884
RB,relative,2017-2025,31.65000000000015,0.6284911179102562,0.49351555116844387,0.7887637250724303
RB,relative,2017-2025,31.700000000000152,0.6253208071357768,0.48914518816711494,0.7871437676608763
RB,relative,2017-2025,31.750000000000153,0.6221644385700454,0.4851673396351741,0.7842879578140859
RB,relative,2017-2025,31.800000000000153,0.6190218878005258,0.4823096229918267,0.7834164150107652
RB,relative,2017-2025,31.850000000000154,0.6158930304146812,0.4791109262783667,0.7833070745421453
RB,relative,2017-2025,31.900000000000155,0.6127777419999749,0.4738089532077508,0.782612552839134
RB,relative,2017-2025,31.950000000000156,0.6096758981438702,0.46850234186268025,0.7814259371385742
RB,relative,2017-2025,32.000000000000156,0.6065873744338305,0.4635367036081689,0.7781477746161458
RB,relative,2017-2025,32.05000000000015,0.6035120464573192,0.45989299321072463,0.7783871532661466
RB,relative,2017-2025,32.10000000000016,0.600449789801799,0.45632380596135524,0.7787313185733191
RB,relative,2017-2025,32.15000000000016,0.5974004800547337,0.45459154381465994,0.7790843125708621
RB,relative,2017-2025,32.20000000000016,0.5943639928035869,0.45138590377765014,0.780780640812809
RB,relative,2017-2025,32.250000000000156,0.5913402036358218,0.4473945547940954,0.7798796254031504
RB,relative,2017-2025,32.30000000000016,0.588328988138901,0.4421958650033576,0.7803849194180194
RB,relative,2017-2025,32.350000000000165,0.5853302219002884,0.4386682912729296,0.7811589421576309
RB,relative,2017-2025,32.40000000000016,0.5823437805074475,0.43525001517464745,0.7820640115975136
RB,relative,2017-2025,32.45000000000016,0.5793695395478415,0.4319792215499956,0.7851040272801825
RB,relative,2017-2025,32.50000000000016,0.5764073746089331,0.42934913796255364,0.7836733550240043
RB,relative,2017-2025,32.55000000000017,0.573457161278186,0.4250516951983616,0.7828527099871135
RB,relative,2017-2025,32.600000000000165,0.5705187751430641,0.42110385600146455,0.7821320028190473
RB,relative,2017-2025,32.65000000000016,0.5675920917910303,0.41834831488422425,0.7798039741652777
RB,relative,2017-2025,32.700000000000166,0.5646769868095474,0.4150090220138161,0.7836568710684394
RB,relative,2017-2025,32.75000000000017,0.561773335786079,0.4116912554033146,0.7853711280588068
RB,relative,2017-2025,32.80000000000017,0.5588810143080891,0.4083947812351529,0.7860851621608315
RB,relative,2017-2025,32.850000000000165,0.5559998979630405,0.40511936569176266,0.786845048344733
RB,relative,2017-2025,32.90000000000017,0.553129862338396,0.4010047099740682,0.7895430212135194
RB,relative,2017-2025,32.95000000000017,0.5502707830216194,0.3960250178713424,0.7903157991064373
RB,relative,2017-2025,33.00000000000017,0.5474225356001745,0.3910871481645763,0.7910104629532888
RB,relative,2017-2025,33.05000000000017,0.544584995661524,0.3879809808510183,0.7932212488084976
RB,relative,2017-2025,33.10000000000017,0.541758038793131,0.3829076375077949,0.7966056387424115
RB,relative,2017-2025,33.150000000000176,0.5389415405824592,0.377615001774444,0.797965900712821
RB,relative,2017-2025,33.20000000000017,0.5361353766169723,0.3741371773365953,0.7993544351651966
RB,relative,2017-2025,33.25000000000017,0.533339422484133,0.3714299735437766,0.8007709017310705
RB,relative,2017-2025,33.300000000000175,0.5305535537714047,0.367791170831606,0.802801053776327
RB,relative,2017-2025,33.35000000000018,0.5277776460662507,0.365292484089594,0.8078918732642303
RB,relative,2017-2025,33.400000000000176,0.5250115749561348,0.3631523503674037,0.8129608428631769
RB,relative,2017-2025,33.45000000000017,0.52225521602852,0.3611096694535311,0.8189002501149985
RB,relative,2017-2025,33.50000000000018,0.5195084448708691,0.3583052511244438,0.8251295953079716
RB,relative,2017-2025,33.55000000000018,0.516771137070646,0.35648273724331336,0.8286406099219163
RB,relative,2017-2025,33.60000000000018,0.5140431682153142,0.3518250150220098,0.8340995450030708
RB,relative,2017-2025,33.650000000000176,0.5113244138923367,0.3459564136367982,0.8395381435173478
RB,relative,2017-2025,33.70000000000018,0.5086147496891764,0.340072493258643,0.8427095599065332
RB,relative,2017-2025,33.750000000000185,0.505914051193297,0.33417346355197314,0.8442005825701822
RB,relative,2017-2025,33.80000000000018,0.5032221939921625,0.328971547996938,0.8457101660933367
RB,relative,2017-2025,33.85000000000018,0.5005390536732355,0.3240571510084871,0.8471961443375026
RB,relative,2017-2025,33.90000000000018,0.4978645058239788,0.3191421991386649,0.8527307333559089
RB,relative,2017-2025,33.95000000000019,0.4951984260318565,0.3142267004217394,0.85981284498918
RB,relative,2017-2025,34.000000000000185,0.49254068988433186,0.30931066289197884,0.866963094588987
RB,relative,2017-2025,34.05000000000018,0.4898911729688682,0.3043940945836499,0.8741804661464201
RB,relative,2017-2025,34.100000000000186,0.48724975087292843,0.2994852802772179,0.8784186533627268
RB,relative,2017-2025,34.15000000000019,0.484616299183976,0.29461438916888605,0.8822297990158434
RB,relative,2017-2025,34.20000000000019,0.48199069348947465,0.2897434838677354,0.8860839578311548
RB,relative,2017-2025,34.250000000000185,0.4793728093768874,0.2848725645988188,0.889980447756609
RB,relative,2017-2025,34.30000000000019,0.4767625224336772,0.280001631587188,0.893918586740154
RB,relative,2017-2025,34.35000000000019,0.4741597082473077,0.2751829433655107,0.8978976927297366
RB,relative,2017-2025,34.40000000000019,0.47156424240524264,0.27223883449966213,0.9019170836733038
RB,relative,2017-2025,34.45000000000019,0.4689760004949449,0.2654344608190886,0.9059760775188036
RB,relative,2017-2025,34.50000000000019,0.4663948581038775,0.26051776661459347,0.9100459973666508
RB,relative,2017-2025,34.550000000000196,0.46382069081950394,0.25564676826519117,0.9141459569250843
RB,relative,2017-2025,34.60000000000019,0.46125337422928825,0.25115066484654486,0.9182832321387486
RB,relative,2017-2025,34.65000000000019,0.4586927839206931,0.2458586701178993,0.9224484653420743
RB,relative,2017-2025,34.700000000000195,0.4561387954811813,0.24091301185328529,0.9266365770476306
RB,relative,2017-2025,34.7500000000002,0.45359128449821695,0.23310296797212127,0.9308598224122263
RB,relative,2017-2025,34.800000000000196,0.45105012655926335,0.22895458718098105,0.9351175266235159
RB,relative,2017-2025,34.85000000000019,0.4485151972517838,0.22459483259585614,0.9393956313809008
RB,relative,2017-2025,34.9000000000002,0.4459863721632411,0.21883281288679649,0.9436701674926383
RB,relative,2017-2025,34.9500000000002,0.4434635268810986,0.21268880302554036,0.9479769442087271
RB,relative,2017-2025,35.0000000000002,0.4409465369928205,0.20635235127591325,0.9529533992617787
RB,relative,2017-2025,35.050000000000196,0.43843527808586935,0.20000779771617722,0.9591025129911449
RB,relative,2017-2025,35.1000000000002,0.4359296257477083,0.19603277113708278,0.9652896654513299
RB,relative,2017-2025,35.150000000000205,0.43342945556580104,0.190256369625783,0.971514012544067
RB,relative,2017-2025,35.2000000000002,0.4309346431276112,0.18447391909500785,0.9777747101710892
RB,relative,2017-2025,35.2500000000002,0.4284450640206019,0.17868556000945598,0.9840709142341321
RB,relative,2017-2025,35.3000000000002,0.42596059383223583,0.17289143283382466,0.9904017806349301
RB,relative,2017-2025,35.35000000000021,0.42348110814997675,0.16709167803281424,0.996766465275217
RB,relative,2017-2025,35.400000000000205,0.42100648256128825,0.16128643607112406,1.0031641240567255
RB,relative,2017-2025,35.4500000000002,0.4185365926536334,0.15547584741345183,1.0095939128811915
RB,relative,2017-2025,35.500000000000206,0.4160713140144754,0.1496778306064867,1.0160549876503493
RB,relative,2017-2025,35.55000000000021,0.4136105222312775,0.14389587747077934,1.0225465042659325
RB,relative,2017-2025,35.60000000000021,0.4111540928915035,0.13810917208222723,1.029067618629674
RB,relative,2017-2025,35.650000000000205,0.4087019015826163,0.13231784997034218,1.0356174866433094
RB,relative,2017-2025,35.70000000000021,0.4062538238920792,0.12652204666463654,1.0421952642085732
RB,relative,2017-2025,35.75000000000021,0.40380973540735554,0.12072189769462342,1.0488001072271993
RB,relative,2017-2025,35.80000000000021,0.40136951171590907,0.11491753858981635,1.0554311716009204
RB,relative,2017-2025,35.85000000000021,0.3989330284052027,0.10910910487972739,1.0620876132314716
RB,relative,2017-2025,35.90000000000021,0.3965001610626995,0.10329673209386858,1.0687685880205882
RB,relative,2017-2025,35.950000000000216,0.3940707852758629,0.0979507960493802,1.0748510616788145
RB,relative,2017-2025,36.00000000000021,0.39164477663215713,0.0933165124161418,1.0792816205517273
RB,absolute_confounded,POOLED,21.0,8.970022786281735,7.459499315928848,10.435444618522665
RB,absolute_confounded,POOLED,21.05,9.012353332974435,7.546189513420507,10.41706443812841
RB,absolute_confounded,POOLED,21.1,9.054556170956571,7.641352487062789,10.404042047020924
RB,absolute_confounded,POOLED,21.150000000000002,9.096616586686144,7.736120142774628,10.4096183193745
RB,absolute_confounded,POOLED,21.200000000000003,9.138519866621149,7.815534949370423,10.408681986871473
RB,absolute_confounded,POOLED,21.250000000000004,9.180251297219584,7.8852391220361975,10.4046773166821
RB,absolute_confounded,POOLED,21.300000000000004,9.221796164939446,7.964299401049327,10.400736685363778
RB,absolute_confounded,POOLED,21.350000000000005,9.263139756238735,8.05609718312593,10.397001114712879
RB,absolute_confounded,POOLED,21.400000000000006,9.304267357575444,8.143962088623791,10.40655604805064
RB,absolute_confounded,POOLED,21.450000000000006,9.345164255407576,8.221391642810785,10.417106476717905
RB,absolute_confounded,POOLED,21.500000000000007,9.385815736193127,8.313378471709449,10.411385238101792
RB,absolute_confounded,POOLED,21.550000000000008,9.426207086390091,8.397036527881724,10.429645031637868
RB,absolute_confounded,POOLED,21.60000000000001,9.46632359245647,8.480429816559004,10.465955474674654
RB,absolute_confounded,POOLED,21.65000000000001,9.50615054085026,8.562395480367572,10.490550623553718
RB,absolute_confounded,POOLED,21.70000000000001,9.54567321802946,8.639882963650702,10.492845383030891
RB,absolute_confounded,POOLED,21.75000000000001,9.584876910452065,8.712010584667704,10.498880534910949
RB,absolute_confounded,POOLED,21.80000000000001,9.623746904576075,8.766899861537262,10.501526305971886
RB,absolute_confounded,POOLED,21.850000000000012,9.662268486859485,8.844278760331868,10.500367249830742
RB,absolute_confounded,POOLED,21.900000000000013,9.700426943760295,8.905156911461283,10.520406162852634
RB,absolute_confounded,POOLED,21.950000000000014,9.738207561736502,8.963717344303577,10.539969456640991
RB,absolute_confounded,POOLED,22.000000000000014,9.775595627246105,9.021691774142214,10.557798344898963
RB,absolute_confounded,POOLED,22.050000000000015,9.812576426747098,9.07897982283967,10.556441409422439
RB,absolute_confounded,POOLED,22.100000000000016,9.84913524669748,9.134442391229982,10.613323150707448
RB,absolute_confounded,POOLED,22.150000000000016,9.885257373555252,9.17453216319957,10.604038583137282
RB,absolute_confounded,POOLED,22.200000000000017,9.920928093778407,9.222082315575866,10.606351066345482
RB,absolute_confounded,POOLED,22.250000000000018,9.956132693824944,9.260800004301002,10.63265613191427
RB,absolute_confounded,POOLED,22.30000000000002,9.990856460152864,9.313631372147515,10.678659013815027
RB,absolute_confounded,POOLED,22.35000000000002,10.025084679220159,9.36011183414349,10.722154456003393
RB,absolute_confounded,POOLED,22.40000000000002,10.058802637484831,9.390287851368269,10.729491085450086
RB,absolute_confounded,POOLED,22.45000000000002,10.091995621404877,9.411988112828118,10.779106234597089
RB,absolute_confounded,POOLED,22.50000000000002,10.124648917438291,9.437883128271261,10.793678433212891
RB,absolute_confounded,POOLED,22.550000000000022,10.156747812043074,9.463873621086318,10.818602345336146
RB,absolute_confounded,POOLED,22.600000000000023,10.188277591677224,9.495855413371906,10.849589358049645
RB,absolute_confounded,POOLED,22.650000000000023,10.219223542798737,9.533201594473985,10.879622439140245
RB,absolute_confounded,POOLED,22.700000000000024,10.249570951865612,9.569313025734909,10.909154829656048
RB,absolute_confounded,POOLED,22.750000000000025,10.279305105335844,9.589688512433025,10.949559566628153
RB,absolute_confounded,POOLED,22.800000000000026,10.308411289667433,9.608602498297499,10.974357862960023
RB,absolute_confounded,POOLED,22.850000000000026,10.336874791318378,9.626816916856878,10.990504931735313
RB,absolute_confounded,POOLED,22.900000000000027,10.364680896746671,9.654475138387713,11.015164296716625
RB,absolute_confounded,POOLED,22.950000000000028,10.391814892410316,9.689368789091212,11.047929950800418
RB,absolute_confounded,POOLED,23.00000000000003,10.418262064767308,9.719121091508027,11.066171566115882
RB,absolute_confounded,POOLED,23.05000000000003,10.444007700275645,9.743501294034544,11.113424350467222
RB,absolute_confounded,POOLED,23.10000000000003,10.469037085393323,9.761171669091109,11.137832472546908
RB,absolute_confounded,POOLED,23.15000000000003,10.49333550657834,9.77946373141756,11.15662912399974
RB,absolute_confounded,POOLED,23.20000000000003,10.516888250288694,9.802654333582064,11.180892647733463
RB,absolute_confounded,POOLED,23.250000000000032,10.539680602982386,9.841921793764719,11.194610144518087
RB,absolute_confounded,POOLED,23.300000000000033,10.561697851117408,9.873561735244305,11.210862644066873
RB,absolute_confounded,POOLED,23.350000000000033,10.582925281151761,9.903500587842142,11.226404293290997
RB,absolute_confounded,POOLED,23.400000000000034,10.603348179543444,9.929837880215848,11.241341792492479
RB,absolute_confounded,POOLED,23.450000000000035,10.622951832750449,9.94622288716018,11.254085984092683
RB,absolute_confounded,POOLED,23.500000000000036,10.641721754203804,9.976482191800478,11.256460786523002
RB,absolute_confounded,POOLED,23.550000000000036,10.659649852423708,10.00766477865596,11.258481274349185
RB,absolute_confounded,POOLED,23.600000000000037,10.676735160931901,10.037465009645278,11.256165163459219
RB,absolute_confounded,POOLED,23.650000000000038,10.692977086740393,10.052820341231937,11.26660775955815
RB,absolute_confounded,POOLED,23.70000000000004,10.708375036861193,10.064166515651014,11.287786762711068
RB,absolute_confounded,POOLED,23.75000000000004,10.72292841830631,10.075475707958589,11.310643902776368
RB,absolute_confounded,POOLED,23.80000000000004,10.736636638087754,10.093572221638933,11.333055214488601
RB,absolute_confounded,POOLED,23.85000000000004,10.74949910321753,10.119039077834064,11.353378702118912
RB,absolute_confounded,POOLED,23.90000000000004,10.761515220707652,10.136473475270636,11.364028396416696
RB,absolute_confounded,POOLED,23.950000000000042,10.772684397570124,10.162378333705217,11.379333963204662
RB,absolute_confounded,POOLED,24.000000000000043,10.783006040816959,10.172013976113801,11.385456011062074
RB,absolute_confounded,POOLED,24.050000000000043,10.792479557460162,10.184136611586961,11.39609014274788
RB,absolute_confounded,POOLED,24.100000000000044,10.801104354511745,10.185728534955565,11.400775504025152
RB,absolute_confounded,POOLED,24.150000000000045,10.808879838983716,10.187916225349353,11.412692907913259
RB,absolute_confounded,POOLED,24.200000000000045,10.815805417888082,10.188848881877599,11.423061258794455
RB,absolute_confounded,POOLED,24.250000000000046,10.821880498236853,10.194499079493292,11.4188050837244
RB,absolute_confounded,POOLED,24.300000000000047,10.827104487042039,10.199520587951532,11.424762679472423
RB,absolute_confounded,POOLED,24.350000000000048,10.831476791315648,10.201151888656787,11.430120434355617
RB,absolute_confounded,POOLED,24.40000000000005,10.834996818069687,10.196230859900643,11.43163710001044
RB,absolute_confounded,POOLED,24.45000000000005,10.837663974316168,10.183420219915524,11.434967500188348
RB,absolute_confounded,POOLED,24.50000000000005,10.839477667067099,10.181285375069582,11.427191990409856
RB,absolute_confounded,POOLED,24.55000000000005,10.840437303334488,10.178728408111397,11.436402960707362
RB,absolute_confounded,POOLED,24.60000000000005,10.840542290130344,10.179007673278212,11.436007290770844
RB,absolute_confounded,POOLED,24.650000000000052,10.839792034466676,10.17575900722734,11.448441260458543
RB,absolute_confounded,POOLED,24.700000000000053,10.838185943355493,10.17113650082479,11.450185072742226
RB,absolute_confounded,POOLED,24.750000000000053,10.835723423808803,10.169778482869553,11.449649223582513
RB,absolute_confounded,POOLED,24.800000000000054,10.832403882838618,10.169864359343673,11.460537104803093
RB,absolute_confounded,POOLED,24.850000000000055,10.828227133927253,10.163611300271407,11.461802320326518
RB,absolute_confounded,POOLED,24.900000000000055,10.823199479363321,10.149547987597934,11.460884497573526
RB,absolute_confounded,POOLED,24.950000000000056,10.817332433126541,10.138980007060951,11.457101193728667
RB,absolute_confounded,POOLED,25.000000000000057,10.810637656391448,10.12806658639271,11.452704383785969
RB,absolute_confounded,POOLED,25.050000000000058,10.803126810332564,10.118309912316859,11.447694246763252
RB,absolute_confounded,POOLED,25.10000000000006,10.794811556124419,10.111044175185013,11.44207096167833
RB,absolute_confounded,POOLED,25.15000000000006,10.785703554941541,10.106380280616468,11.435680689125853
RB,absolute_confounded,POOLED,25.20000000000006,10.775814467958458,10.09816902747121,11.428471672692526
RB,absolute_confounded,POOLED,25.25000000000006,10.765155956349698,10.091373291894204,11.418409989617112
RB,absolute_confounded,POOLED,25.30000000000006,10.753739681289789,10.08413827306648,11.412551528825194
RB,absolute_confounded,POOLED,25.350000000000062,10.741577303953257,10.076461020904768,11.396961176479241
RB,absolute_confounded,POOLED,25.400000000000063,10.728680485514632,10.060583268781789,11.386093997855149
RB,absolute_confounded,POOLED,25.450000000000063,10.71506088714844,10.028795736983538,11.38441056377882
RB,absolute_confounded,POOLED,25.500000000000064,10.70073017002921,10.007217239284897,11.36631474233937
RB,absolute_confounded,POOLED,25.550000000000065,10.685699995331472,9.997883204309751,11.35529483844422
RB,absolute_confounded,POOLED,25.600000000000065,10.66998202422975,9.994204341626542,11.344986501258628
RB,absolute_confounded,POOLED,25.650000000000066,10.653587917898573,9.982742070221851,11.332842615893632
RB,absolute_confounded,POOLED,25.700000000000067,10.63652933751247,9.97017790877747,11.299212914845318
RB,absolute_confounded,POOLED,25.750000000000068,10.618817944245968,9.961057775251373,11.283157035970552
RB,absolute_confounded,POOLED,25.800000000000068,10.600465399273595,9.943649502328128,11.265611115511417
RB,absolute_confounded,POOLED,25.85000000000007,10.58148336376988,9.918223083038212,11.247147942634514
RB,absolute_confounded,POOLED,25.90000000000007,10.56188349890935,9.896094961697171,11.239996667260801
RB,absolute_confounded,POOLED,25.95000000000007,10.541677465866531,9.871649921491297,11.21922993542973
RB,absolute_confounded,POOLED,26.00000000000007,10.520876925815953,9.846797774343644,11.19079830166764
RB,absolute_confounded,POOLED,26.05000000000007,10.499493539932145,9.821503629096785,11.163790581141942
RB,absolute_confounded,POOLED,26.100000000000072,10.47753896938963,9.795732594593307,11.147273167768128
RB,absolute_confounded,POOLED,26.150000000000073,10.455024875362943,9.769449779675792,11.13648346025094
RB,absolute_confounded,POOLED,26.200000000000074,10.431962919026606,9.755904328409102,11.112607035339856
RB,absolute_confounded,POOLED,26.250000000000075,10.40836476155515,9.743645509906964,11.093269364936495
RB,absolute_confounded,POOLED,26.300000000000075,10.3842420641231,9.72059846825084,11.073621075440167
RB,absolute_confounded,POOLED,26.350000000000076,10.359606487904989,9.680348154895487,11.052659610901255
RB,absolute_confounded,POOLED,26.400000000000077,10.334469694075338,9.652292499419362,11.02438051855355
RB,absolute_confounded,POOLED,26.450000000000077,10.308843315734997,9.625748736161926,11.007136772149224
RB,absolute_confounded,POOLED,26.500000000000078,10.282737948240706,9.60028565515676,10.979330933405715
RB,absolute_confounded,POOLED,26.55000000000008,10.256162869107943,9.575533428415175,10.956537641511042
RB,absolute_confounded,POOLED,26.60000000000008,10.229127270754525,9.551379701782807,10.932730013164374
RB,absolute_confounded,POOLED,26.65000000000008,10.201640345598273,9.527713718472704,10.906556161711332
RB,absolute_confounded,POOLED,26.70000000000008,10.173711286057005,9.50451409874073,10.878787370291036
RB,absolute_confounded,POOLED,26.75000000000008,10.145349284548537,9.477484797600491,10.850095337393324
RB,absolute_confounded,POOLED,26.800000000000082,10.11656353349069,9.445142574671518,10.828119984893064
RB,absolute_confounded,POOLED,26.850000000000083,10.087363225301281,9.411773997650196,10.794660426875671
RB,absolute_confounded,POOLED,26.900000000000084,10.05775755239813,9.380141575206062,10.764296050129895
RB,absolute_confounded,POOLED,26.950000000000085,10.027755707199052,9.348476727413956,10.736667122272785
RB,absolute_confounded,POOLED,27.000000000000085,9.997366882121868,9.316872937975095,10.700454731657988
RB,absolute_confounded,POOLED,27.050000000000086,9.966600269584397,9.285349615159909,10.659919805868714
RB,absolute_confounded,POOLED,27.100000000000087,9.935465062004456,9.252194199963913,10.625396898772811
RB,absolute_confounded,POOLED,27.150000000000087,9.903970451799863,9.218146730684872,10.590155988580484
RB,absolute_confounded,POOLED,27.200000000000088,9.872125631388437,9.190554775959278,10.554151968066018
RB,absolute_confounded,POOLED,27.25000000000009,9.839939793187996,9.159341641394963,10.512940958309152
RB,absolute_confounded,POOLED,27.30000000000009,9.80742212961636,9.130266814386184,10.478226348019945
RB,absolute_confounded,POOLED,27.35000000000009,9.774581833091345,9.095176808170555,10.443003645328051
RB,absolute_confounded,POOLED,27.40000000000009,9.74142809603077,9.06779004153887,10.40620647134942
RB,absolute_confounded,POOLED,27.45000000000009,9.707970110852454,9.04266852747216,10.369467627962738
RB,absolute_confounded,POOLED,27.500000000000092,9.674217069974215,8.99942151173571,10.331834350001982
RB,absolute_confounded,POOLED,27.550000000000093,9.640178165813872,8.967031552351356,10.301447947369535
RB,absolute_confounded,POOLED,27.600000000000094,9.605862590789242,8.934978919824543,10.261284570675214
RB,absolute_confounded,POOLED,27.650000000000095,9.571279537318144,8.910396188916923,10.222365221778105
RB,absolute_confounded,POOLED,27.700000000000095,9.536438197818397,8.87627675549036,10.183288665971453
RB,absolute_confounded,POOLED,27.750000000000096,9.50134776470782,8.84211407917845,10.152834347743381
RB,absolute_confounded,POOLED,27.800000000000097,9.466017430404229,8.807902883718139,10.122064523018611
RB,absolute_confounded,POOLED,27.850000000000097,9.430456387325444,8.774010482758392,10.086389976707144
RB,absolute_confounded,POOLED,27.900000000000098,9.394673827889283,8.740141946230501,10.037905332130824
RB,absolute_confounded,POOLED,27.9500000000001,9.358678944513565,8.70894786225198,10.004365667636149
RB,absolute_confounded,POOLED,28.0000000000001,9.322480929616107,8.680452769400915,9.959292897373684
RB,absolute_confounded,POOLED,28.0500000000001,9.286088975614728,8.642737298090369,9.909504930917622
RB,absolute_confounded,POOLED,28.1000000000001,9.249512274927246,8.594248310041884,9.87363980355465
RB,absolute_confounded,POOLED,28.1500000000001,9.212760019971482,8.559443051803457,9.837307326885803
RB,absolute_confounded,POOLED,28.200000000000102,9.17584140316525,8.523779764161354,9.795138969479531
RB,absolute_confounded,POOLED,28.250000000000103,9.13876561692637,8.488563018190645,9.765720561342718
RB,absolute_confounded,POOLED,28.300000000000104,9.101541853672664,8.443390903568414,9.723102451578814
RB,absolute_confounded,POOLED,28.350000000000104,9.064179305821945,8.39833841228977,9.679743135123452
RB,absolute_confounded,POOLED,28.400000000000105,9.026687155811498,8.354103414686666,9.644787608572111
RB,absolute_confounded,POOLED,28.450000000000106,8.98907222674744,8.314776346899752,9.612502404250893
RB,absolute_confounded,POOLED,28.500000000000107,8.951335952854413,8.279054380180925,9.57887670208826
RB,absolute_confounded,POOLED,28.550000000000107,8.913479019447307,8.245280149795724,9.543176707761459
RB,absolute_confounded,POOLED,28.600000000000108,8.875502111841016,8.206936791944914,9.512832907487768
RB,absolute_confounded,POOLED,28.65000000000011,8.837405915350434,8.170754668803383,9.480558529053912
RB,absolute_confounded,POOLED,28.70000000000011,8.799191115290457,8.134841813673157,9.446932150366155
RB,absolute_confounded,POOLED,28.75000000000011,8.760858396975976,8.098940167871266,9.423135806308895
RB,absolute_confounded,POOLED,28.80000000000011,8.722408445721884,8.06303507267326,9.3834329024932
RB,absolute_confounded,POOLED,28.85000000000011,8.683841946843076,8.028993938379484,9.354360260104551
RB,absolute_confounded,POOLED,28.900000000000112,8.645159585654447,7.996005504906518,9.324670942122827
RB,absolute_confounded,POOLED,28.950000000000113,8.606362047470887,7.96305337814785,9.294039118562312
RB,absolute_confounded,POOLED,29.000000000000114,8.56745001760729,7.919086966815518,9.262836268660475
RB,absolute_confounded,POOLED,29.050000000000114,8.528424181378554,7.878659056110234,9.233802219241468
RB,absolute_confounded,POOLED,29.100000000000115,8.489285224099568,7.830690781007483,9.204257709098346
RB,absolute_confounded,POOLED,29.150000000000116,8.450033831085227,7.799901114649847,9.16621280591673
RB,absolute_confounded,POOLED,29.200000000000117,8.410670687650423,7.76564199953073,9.133052651742506
RB,absolute_confounded,POOLED,29.250000000000117,8.371196479110052,7.718118726232569,9.099214644613637
RB,absolute_confounded,POOLED,29.300000000000118,8.331611890779008,7.67072270175481,9.064680241578948
RB,absolute_confounded,POOLED,29.35000000000012,8.29191760797218,7.623453136047834,9.029596594689579
RB,absolute_confounded,POOLED,29.40000000000012,8.252114316004468,7.576394301472953,8.993967135339783
RB,absolute_confounded,POOLED,29.45000000000012,8.212202700190762,7.529724014037576,8.957795294923809
RB,absolute_confounded,POOLED,29.50000000000012,8.172183445845954,7.483178144791239,8.921580215515911
RB,absolute_confounded,POOLED,29.55000000000012,8.13205723828494,7.446824426706793,8.884091250935045
RB,absolute_confounded,POOLED,29.600000000000122,8.091824762822613,7.4061270325242985,8.846229101111856
RB,absolute_confounded,POOLED,29.650000000000123,8.051486704773865,7.367659350623908,8.802098018177837
RB,absolute_confounded,POOLED,29.700000000000124,8.011043749453593,7.332563854281903,8.75729453767475
RB,absolute_confounded,POOLED,29.750000000000124,7.970496582176688,7.287828293787437,8.715435474368089
RB,absolute_confounded,POOLED,29.800000000000125,7.929845888258043,7.236882213289834,8.67325256092351
RB,absolute_confounded,POOLED,29.850000000000126,7.889092353012553,7.1861635117531275,8.63380297213391
RB,absolute_confounded,POOLED,29.900000000000126,7.848236661755112,7.135630286255946,8.60026020300255
RB,absolute_confounded,POOLED,29.950000000000127,7.807279499800612,7.085249205978947,8.56633212284439
RB,absolute_confounded,POOLED,30.000000000000128,7.766221552463948,7.035176170814211,8.526482902496415
RB,absolute_confounded,POOLED,30.05000000000013,7.725063505060012,6.992169039445063,8.494872258449435
RB,absolute_confounded,POOLED,30.10000000000013,7.683806042903699,6.94614937914237,8.460696588136782
RB,absolute_confounded,POOLED,30.15000000000013,7.642449851309901,6.885254526230858,8.42801817055662
RB,absolute_confounded,POOLED,30.20000000000013,7.600995615593513,6.839320940783191,8.392481867431124
RB,absolute_confounded,POOLED,30.25000000000013,7.559444021069428,6.790314151506032,8.352788120439635
RB,absolute_confounded,POOLED,30.300000000000132,7.51779575305254,6.736363973778397,8.312937363312946
RB,absolute_confounded,POOLED,30.350000000000133,7.476051496857741,6.686868130279867,8.272964427659732
RB,absolute_confounded,POOLED,30.400000000000134,7.434211937799926,6.637514948856488,8.24144880002494
RB,absolute_confounded,POOLED,30.450000000000134,7.392277761193989,6.588587143764257,8.198174404753411
RB,absolute_confounded,POOLED,30.500000000000135,7.3502496523548215,6.539807053195878,8.15451971156643
RB,absolute_confounded,POOLED,30.550000000000136,7.308128296597319,6.491166991412694,8.110610155958314
RB,absolute_confounded,POOLED,30.600000000000136,7.265914379236374,6.442665929278154,8.069558094248357
RB,absolute_confounded,POOLED,30.650000000000137,7.223608585586881,6.396747650419445,8.030005049256241
RB,absolute_confounded,POOLED,30.700000000000138,7.181211600963732,6.3523396602281545,7.989268415817778
RB,absolute_confounded,POOLED,30.75000000000014,7.138724110681823,6.308044721158758,7.948411408440094
RB,absolute_confounded,POOLED,30.80000000000014,7.096146800056044,6.263861977180608,7.907434938602699
RB,absolute_confounded,POOLED,30.85000000000014,7.053480354401292,6.21979057226306,7.866339917785101
RB,absolute_confounded,POOLED,30.90000000000014,7.010725459032459,6.170141921311039,7.82504964691393
RB,absolute_confounded,POOLED,30.95000000000014,6.967882799264438,6.115039073848333,7.783390898612848
RB,absolute_confounded,POOLED,31.000000000000142,6.924953060412124,6.070999132216875,7.740997973429129
RB,absolute_confounded,POOLED,31.050000000000143,6.881936927790409,6.030319363655917,7.6889783605929125
RB,absolute_confounded,POOLED,31.100000000000144,6.838835086714187,5.990681610641019,7.648156779159735
RB,absolute_confounded,POOLED,31.150000000000144,6.795648222498353,5.95140761808884,7.60710469699727
RB,absolute_confounded,POOLED,31.200000000000145,6.752377020457799,5.90069258067839,7.56917671235474
RB,absolute_confounded,POOLED,31.250000000000146,6.7090221659074185,5.849968695305011,7.527097285616977
RB,absolute_confounded,POOLED,31.300000000000146,6.665584344162107,5.799313791527211,7.482563685222615
RB,absolute_confounded,POOLED,31.350000000000147,6.622064240536755,5.748727299552129,7.440521376953297
RB,absolute_confounded,POOLED,31.400000000000148,6.578462540346258,5.6982086495869115,7.390265099533463
RB,absolute_confounded,POOLED,31.45000000000015,6.534779928905509,5.6477572718387075,7.33624827237133
RB,absolute_confounded,POOLED,31.50000000000015,6.491017091529402,5.597497884385476,7.2844807832794976
RB,absolute_confounded,POOLED,31.55000000000015,6.44717471353283,5.547334572302678,7.242761161802473
RB,absolute_confounded,POOLED,31.60000000000015,6.4032534802306875,5.498345679624061,7.200869902724725
RB,absolute_confounded,POOLED,31.65000000000015,6.359254076937866,5.45332833079932,7.159119391003041
RB,absolute_confounded,POOLED,31.700000000000152,6.315177188969262,5.412603605908013,7.117395929124757
RB,absolute_confounded,POOLED,31.750000000000153,6.271023501639767,5.362320104369282,7.075527887021206
RB,absolute_confounded,POOLED,31.800000000000153,6.226793700264274,5.319481662278638,7.033516554846112
RB,absolute_confounded,POOLED,31.850000000000154,6.182488470157679,5.275075240495628,6.991261591923638
RB,absolute_confounded,POOLED,31.900000000000155,6.138108496634873,5.2244215506272615,6.948783912181208
RB,absolute_confounded,POOLED,31.950000000000156,6.093654465010751,5.178941772380689,6.9059884717774125
RB,absolute_confounded,POOLED,32.000000000000156,6.049127060600206,5.1336879967940625,6.8566495116218755
RB,absolute_confounded,POOLED,32.05000000000015,6.004526968718135,5.0885394945291145,6.800498616855387
RB,absolute_confounded,POOLED,32.10000000000016,5.959854874679422,5.04355044725941,6.762758047857776
RB,absolute_confounded,POOLED,32.15000000000016,5.915111463798967,4.9935520243788325,6.7322447433524975
RB,absolute_confounded,POOLED,32.20000000000016,5.870297421391669,4.936016044175511,6.688263518875711
RB,absolute_confounded,POOLED,32.250000000000156,5.825413432772416,4.881198269603927,6.647491897023019
RB,absolute_confounded,POOLED,32.30000000000016,5.780460183256095,4.819727938628487,6.602956584755705
RB,absolute_confounded,POOLED,32.350000000000165,5.735438358157608,4.761386070326765,6.560489545803362
RB,absolute_confounded,POOLED,32.40000000000016,5.690348642791851,4.7032960575952565,6.5167454926592265
RB,absolute_confounded,POOLED,32.45000000000016,5.645191722473715,4.653429951576747,6.472712609375254
RB,absolute_confounded,POOLED,32.50000000000016,5.599968282518084,4.604353606527569,6.435722217139317
RB,absolute_confounded,POOLED,32.55000000000017,5.554679008239859,4.555186673728408,6.405727206260943
RB,absolute_confounded,POOLED,32.600000000000165,5.50932458495394,4.506649304817549,6.369355067803431
RB,absolute_confounded,POOLED,32.65000000000016,5.463905697975215,4.466408135672387,6.336929794928818
RB,absolute_confounded,POOLED,32.700000000000166,5.41842303261857,4.427871799150384,6.301982800205151
RB,absolute_confounded,POOLED,32.75000000000017,5.372877274198904,4.383682984215381,6.279101878732763
RB,absolute_confounded,POOLED,32.80000000000017,5.327269108031121,4.34854440664024,6.256268115218918
RB,absolute_confounded,POOLED,32.850000000000165,5.281599219430104,4.313566575058614,6.228689194632618
RB,absolute_confounded,POOLED,32.90000000000017,5.235868293710743,4.278142817283659,6.199499046450695
RB,absolute_confounded,POOLED,32.95000000000017,5.190077016187935,4.224937981236127,6.170353731770343
RB,absolute_confounded,POOLED,33.00000000000017,5.144226072176583,4.171656135014481,6.1408775092945085
RB,absolute_confounded,POOLED,33.05000000000017,5.098316146991571,4.118367427619777,6.103266676045879
RB,absolute_confounded,POOLED,33.10000000000017,5.05234792594779,4.0650483850256816,6.055431235230404
RB,absolute_confounded,POOLED,33.150000000000176,5.006322094360136,4.010476228482291,6.0073637468718
RB,absolute_confounded,POOLED,33.20000000000017,4.960239337543511,3.9477878126207746,5.977193388143372
RB,absolute_confounded,POOLED,33.25000000000017,4.914100340812802,3.8849437415653685,5.957401847973555
RB,absolute_confounded,POOLED,33.300000000000175,4.867905789482897,3.826075640935595,5.916576342711515
RB,absolute_confounded,POOLED,33.35000000000018,4.821656368868695,3.7774739548345555,5.870384827968998
RB,absolute_confounded,POOLED,33.400000000000176,4.775352764285094,3.728913331333244,5.824038143869826
RB,absolute_confounded,POOLED,33.45000000000017,4.728995661046985,3.680607707422405,5.7775382529847
RB,absolute_confounded,POOLED,33.50000000000018,4.682585744469252,3.619690571703207,5.7308871178843175
RB,absolute_confounded,POOLED,33.55000000000018,4.636123699866797,3.553414350438066,5.700299687016868
RB,absolute_confounded,POOLED,33.60000000000018,4.589610212554518,3.482934293178061,5.673203967882205
RB,absolute_confounded,POOLED,33.650000000000176,4.543045967847305,3.4198946936228065,5.65011588935733
RB,absolute_confounded,POOLED,33.70000000000018,4.496431651060043,3.352823817580627,5.617329943567289
RB,absolute_confounded,POOLED,33.750000000000185,4.449767947507631,3.296763055337877,5.583082959043434
RB,absolute_confounded,POOLED,33.80000000000018,4.403055542504972,3.243702003856036,5.563852799195799
RB,absolute_confounded,POOLED,33.85000000000018,4.35629512136695,3.1905942446819657,5.544754507324203
RB,absolute_confounded,POOLED,33.90000000000018,4.309487369408455,3.1374404444556734,5.5257862013303205
RB,absolute_confounded,POOLED,33.95000000000019,4.2626329719443845,3.084564868337817,5.5069459991158265
RB,absolute_confounded,POOLED,34.000000000000185,4.2157326142896405,3.0317280732266774,5.473134296983621
RB,absolute_confounded,POOLED,34.05000000000018,4.168786981759109,2.9788519323358997,5.431472091117537
RB,absolute_confounded,POOLED,34.100000000000186,4.121796759667677,2.923324531145925,5.38505564429671
RB,absolute_confounded,POOLED,34.15000000000019,4.074762633330244,2.860913427345921,5.3574621555544
RB,absolute_confounded,POOLED,34.20000000000019,4.027685288061711,2.7983788861262138,5.344421750358408
RB,absolute_confounded,POOLED,34.250000000000185,3.9805654091769656,2.735722864811975,5.33152067449797
RB,absolute_confounded,POOLED,34.30000000000019,3.933403681990894,2.672947320728376,5.318756683055365
RB,absolute_confounded,POOLED,34.35000000000019,3.886200791818397,2.610079484214779,5.306127531112872
RB,absolute_confounded,POOLED,34.40000000000019,3.8389574239743727,2.5577268106221553,5.29330578939083
RB,absolute_confounded,POOLED,34.45000000000019,3.79167426377371,2.5049387766137525,5.265570436410908
RB,absolute_confounded,POOLED,34.50000000000019,3.744351996531295,2.4319408094259805,5.226900418254707
RB,absolute_confounded,POOLED,34.550000000000196,3.696991307562028,2.356048530511684,5.18798637543036
RB,absolute_confounded,POOLED,34.60000000000019,3.6495928821808103,2.2846968176764246,5.154121580978252
RB,absolute_confounded,POOLED,34.65000000000019,3.6021574057025276,2.2106112380148843,5.119899802318019
RB,absolute_confounded,POOLED,34.700000000000195,3.5546855634420673,2.136347746085753,5.109819538832187
RB,absolute_confounded,POOLED,34.7500000000002,3.5071780407143294,2.061909694654179,5.09673860541654
RB,absolute_confounded,POOLED,34.800000000000196,3.459635522834213,1.9879603033271591,5.056373185298823
RB,absolute_confounded,POOLED,34.85000000000019,3.412058695116606,1.91407844088913,5.015948492010228
RB,absolute_confounded,POOLED,34.9000000000002,3.3644482428763967,1.8463321120395253,4.9750928214922725
RB,absolute_confounded,POOLED,34.9500000000002,3.3168048514284827,1.7952312279330813,4.953446491762698
RB,absolute_confounded,POOLED,35.0000000000002,3.269129206087767,1.744159498147286,4.942312104303352
RB,absolute_confounded,POOLED,35.050000000000196,3.221421992169133,1.6743648672745506,4.943587737565739
RB,absolute_confounded,POOLED,35.1000000000002,3.1736838949874704,1.601543376573708,4.94452657973209
RB,absolute_confounded,POOLED,35.150000000000205,3.125915599857678,1.5286031708703356,4.916797709462457
RB,absolute_confounded,POOLED,35.2000000000002,3.0781177920946563,1.4555469442931577,4.888948012288471
RB,absolute_confounded,POOLED,35.2500000000002,3.030291157013294,1.3824786447762112,4.861119544962708
RB,absolute_confounded,POOLED,35.3000000000002,2.982436379928476,1.309587456307294,4.833311802785733
RB,absolute_confounded,POOLED,35.35000000000021,2.9345541461551035,1.236013447874686,4.805524281058119
RB,absolute_confounded,POOLED,35.400000000000205,2.8866451410080742,1.1574244093157215,4.77775647508044
RB,absolute_confounded,POOLED,35.4500000000002,2.8387100498022777,1.0787044412773652,4.750260031365013
RB,absolute_confounded,POOLED,35.500000000000206,2.7907495578526005,1.0151567332992981,4.724822001558523
RB,absolute_confounded,POOLED,35.55000000000021,2.7427643504739425,0.9427278517245216,4.704597471425046
RB,absolute_confounded,POOLED,35.60000000000021,2.6947551129812037,0.8687657537941452,4.684416159097702
RB,absolute_confounded,POOLED,35.650000000000205,2.64672253068927,0.7947117288207706,4.669951059008046
RB,absolute_confounded,POOLED,35.70000000000021,2.598667288913032,0.720568475434232,4.656236000698538
RB,absolute_confounded,POOLED,35.75000000000021,2.5505900729673847,0.6436863765964219,4.642593922328506
RB,absolute_confounded,POOLED,35.80000000000021,2.5024915681672324,0.5634368082792762,4.629022547851082
RB,absolute_confounded,POOLED,35.85000000000021,2.4543724598274608,0.4830813929840028,4.615519601219398
RB,absolute_confounded,POOLED,35.90000000000021,2.4062334332629556,0.4026236513925676,4.6020828063865835
RB,absolute_confounded,POOLED,35.950000000000216,2.3580751737886176,0.3222341269853423,4.588709887305771
RB,absolute_confounded,POOLED,36.00000000000021,2.309898366719348,0.2418669321985771,4.575398567930098
RB,absolute_confounded,1999-2007,21.0,10.11592864534003,6.002448532640596,13.421438905020036
RB,absolute_confounded,1999-2007,21.05,10.102177329531141,6.086087816371043,13.278334142284141
RB,absolute_confounded,1999-2007,21.1,10.088601876662882,6.211685411284973,13.184651362937085
RB,absolute_confounded,1999-2007,21.150000000000002,10.075222548209608,6.356200543215644,13.075111084448137
RB,absolute_confounded,1999-2007,21.200000000000003,10.062059605645668,6.463840182022149,12.925469792096246
RB,absolute_confounded,1999-2007,21.250000000000004,10.049133310445418,6.565742732856788,12.777161351505763
RB,absolute_confounded,1999-2007,21.300000000000004,10.036463924083206,6.670534966826555,12.630299879907314
RB,absolute_confounded,1999-2007,21.350000000000005,10.024071708033388,6.7933343744792065,12.517245546239629
RB,absolute_confounded,1999-2007,21.400000000000006,10.011976923770314,6.91639136869814,12.437697956906963
RB,absolute_confounded,1999-2007,21.450000000000006,10.000199832768338,7.063889612577879,12.360638740034226
RB,absolute_confounded,1999-2007,21.500000000000007,9.988760696501812,7.17467736112546,12.269260524486928
RB,absolute_confounded,1999-2007,21.550000000000008,9.977679776445088,7.27928146275331,12.19013627031391
RB,absolute_confounded,1999-2007,21.60000000000001,9.966977334072517,7.3881629533076145,12.112294304007637
RB,absolute_confounded,1999-2007,21.65000000000001,9.956673630858456,7.463108949811139,12.035391026097358
RB,absolute_confounded,1999-2007,21.70000000000001,9.94678892827725,7.553893794693444,11.956800593219086
RB,absolute_confounded,1999-2007,21.75000000000001,9.937343487803258,7.636580367762242,11.88282688180497
RB,absolute_confounded,1999-2007,21.80000000000001,9.928357570910828,7.742820351508214,11.769440953032362
RB,absolute_confounded,1999-2007,21.850000000000012,9.919851439074314,7.86931921040811,11.676586906488351
RB,absolute_confounded,1999-2007,21.900000000000013,9.91184535376807,7.954283924924365,11.600523281013462
RB,absolute_confounded,1999-2007,21.950000000000014,9.904359576466446,8.02549033760821,11.529597894430134
RB,absolute_confounded,1999-2007,22.000000000000014,9.897414368643794,8.083473166453864,11.501520251244012
RB,absolute_confounded,1999-2007,22.050000000000015,9.891029991774468,8.109989382972705,11.447171728273272
RB,absolute_confounded,1999-2007,22.100000000000016,9.88522670733282,8.169084584626075,11.358770795256785
RB,absolute_confounded,1999-2007,22.150000000000016,9.880024776793201,8.237168153513721,11.339912920434449
RB,absolute_confounded,1999-2007,22.200000000000017,9.875444461629964,8.308357198765831,11.302008516732666
RB,absolute_confounded,1999-2007,22.250000000000018,9.871506023317464,8.343113339593716,11.271517630937472
RB,absolute_confounded,1999-2007,22.30000000000002,9.86822972333005,8.39789386451084,11.246951741660327
RB,absolute_confounded,1999-2007,22.35000000000002,9.865635823142073,8.446935965500886,11.227926326662642
RB,absolute_confounded,1999-2007,22.40000000000002,9.86374458422789,8.506868908251963,11.185256618905688
RB,absolute_confounded,1999-2007,22.45000000000002,9.86257626806185,8.531754917314576,11.186686510555248
RB,absolute_confounded,1999-2007,22.50000000000002,9.862151136118307,8.556578796085056,11.169632595368428
RB,absolute_confounded,1999-2007,22.550000000000022,9.862489449871612,8.58767714648002,11.154975359896673
RB,absolute_confounded,1999-2007,22.600000000000023,9.863611470796117,8.607694234421528,11.140346107345499
RB,absolute_confounded,1999-2007,22.650000000000023,9.865537460366177,8.631154392242049,11.131785572321263
RB,absolute_confounded,1999-2007,22.700000000000024,9.868287680056142,8.6563108220257,11.149970108161485
RB,absolute_confounded,1999-2007,22.750000000000025,9.871882391340364,8.666022290906128,11.17969247847299
RB,absolute_confounded,1999-2007,22.800000000000026,9.876341855693198,8.663232743452614,11.198720002290907
RB,absolute_confounded,1999-2007,22.850000000000026,9.881686334588995,8.670223393479594,11.223654162018553
RB,absolute_confounded,1999-2007,22.900000000000027,9.887936089502103,8.67598539026699,11.223845002726206
RB,absolute_confounded,1999-2007,22.950000000000028,9.895111381906881,8.688345839694385,11.23329252127483
RB,absolute_confounded,1999-2007,23.00000000000003,9.90323247327768,8.701110655402516,11.246252159165273
RB,absolute_confounded,1999-2007,23.05000000000003,9.91231962508885,8.714335844521534,11.257596781331044
RB,absolute_confounded,1999-2007,23.10000000000003,9.922393098814743,8.728478215442731,11.268355830837436
RB,absolute_confounded,1999-2007,23.15000000000003,9.933473155929713,8.741917925988252,11.27834347896392
RB,absolute_confounded,1999-2007,23.20000000000003,9.945580057908114,8.746418022535664,11.287395740485328
RB,absolute_confounded,1999-2007,23.250000000000032,9.958734066224293,8.765810267360576,11.293742561670436
RB,absolute_confounded,1999-2007,23.300000000000033,9.972955442352607,8.785499257440476,11.299453271681244
RB,absolute_confounded,1999-2007,23.350000000000033,9.988264447767406,8.800728337492698,11.303742974557368
RB,absolute_confounded,1999-2007,23.400000000000034,10.004681343943046,8.816547733844752,11.306707044639124
RB,absolute_confounded,1999-2007,23.450000000000035,10.022226392353874,8.833296240211013,11.3083212383135
RB,absolute_confounded,1999-2007,23.500000000000036,10.040918360835319,8.850516144925068,11.308563760447061
RB,absolute_confounded,1999-2007,23.550000000000036,10.06073393312879,8.881478090126635,11.307481803158197
RB,absolute_confounded,1999-2007,23.600000000000037,10.081602905555291,8.925129387469143,11.333461741109224
RB,absolute_confounded,1999-2007,23.650000000000038,10.103452616612476,8.973813184789408,11.347380403767056
RB,absolute_confounded,1999-2007,23.70000000000004,10.126210404798002,9.01954943635067,11.350788992136673
RB,absolute_confounded,1999-2007,23.75000000000004,10.14980360860952,9.065919904283492,11.355446559807891
RB,absolute_confounded,1999-2007,23.80000000000004,10.17415956654469,9.121835604942227,11.360747059057795
RB,absolute_confounded,1999-2007,23.85000000000004,10.199205617101164,9.172018061452535,11.391665212434427
RB,absolute_confounded,1999-2007,23.90000000000004,10.224869098776594,9.231287354947197,11.373539807351497
RB,absolute_confounded,1999-2007,23.950000000000042,10.25107735006864,9.22951460484091,11.372667340415218
RB,absolute_confounded,1999-2007,24.000000000000043,10.277757709474955,9.244308953040758,11.382776020511598
RB,absolute_confounded,1999-2007,24.050000000000043,10.30483751549319,9.261008011386796,11.39548448747962
RB,absolute_confounded,1999-2007,24.100000000000044,10.332244106621005,9.289058495297782,11.420518653283999
RB,absolute_confounded,1999-2007,24.150000000000045,10.359904821356052,9.310840335037437,11.438185520680497
RB,absolute_confounded,1999-2007,24.200000000000045,10.387746998195986,9.35927974704605,11.459047028347223
RB,absolute_confounded,1999-2007,24.250000000000046,10.415697975638462,9.372649815298384,11.479555898474903
RB,absolute_confounded,1999-2007,24.300000000000047,10.443685092181138,9.393000252778892,11.532213590921485
RB,absolute_confounded,1999-2007,24.350000000000048,10.471635686321662,9.410045567185785,11.575572014481605
RB,absolute_confounded,1999-2007,24.40000000000005,10.499477096557694,9.413349689395195,11.587899080153607
RB,absolute_confounded,1999-2007,24.45000000000005,10.527136661386887,9.438804243036351,11.63030530075367
RB,absolute_confounded,1999-2007,24.50000000000005,10.554541719306895,9.443455100313123,11.656922412219233
RB,absolute_confounded,1999-2007,24.55000000000005,10.581619608815375,9.469155002212307,11.688717035206166
RB,absolute_confounded,1999-2007,24.60000000000005,10.60829766840998,9.46512649013645,11.721851295597101
RB,absolute_confounded,1999-2007,24.650000000000052,10.634503236588365,9.465577800713385,11.765255266137565
RB,absolute_confounded,1999-2007,24.700000000000053,10.660163651848187,9.469401147448,11.80889846566734
RB,absolute_confounded,1999-2007,24.750000000000053,10.685206252687097,9.500942114584397,11.8502009664194
RB,absolute_confounded,1999-2007,24.800000000000054,10.709558377602752,9.547558543010284,11.884874815955868
RB,absolute_confounded,1999-2007,24.850000000000055,10.733149569380071,9.57238202653951,11.913524805680376
RB,absolute_confounded,1999-2007,24.900000000000055,10.755944559580684,9.617201667910628,11.941708486161257
RB,absolute_confounded,1999-2007,24.950000000000056,10.777936342751273,9.648747606438851,11.954990347064129
RB,absolute_confounded,1999-2007,25.000000000000057,10.79911871167549,9.679096657078363,11.952462965627833
RB,absolute_confounded,1999-2007,25.050000000000058,10.819485459136986,9.679079846895727,11.95655599592374
RB,absolute_confounded,1999-2007,25.10000000000006,10.839030377919407,9.666916689979013,11.98120139961043
RB,absolute_confounded,1999-2007,25.15000000000006,10.857747260806407,9.679936170765728,12.011578631472938
RB,absolute_confounded,1999-2007,25.20000000000006,10.875629900581636,9.72051490367669,12.035429868292896
RB,absolute_confounded,1999-2007,25.25000000000006,10.89267209002874,9.7404236961568,12.043805471450279
RB,absolute_confounded,1999-2007,25.30000000000006,10.908867621931368,9.732984767348514,12.062401868684722
RB,absolute_confounded,1999-2007,25.350000000000062,10.924210289073176,9.75226181023573,12.084121034556887
RB,absolute_confounded,1999-2007,25.400000000000063,10.938693884237809,9.746845647547126,12.101258772635045
RB,absolute_confounded,1999-2007,25.450000000000063,10.952312200208919,9.759930797752428,12.0916451731382
RB,absolute_confounded,1999-2007,25.500000000000064,10.965059029770156,9.774753716712196,12.107182057251103
RB,absolute_confounded,1999-2007,25.550000000000065,10.976928165705168,9.77593696562463,12.106034757590056
RB,absolute_confounded,1999-2007,25.600000000000065,10.987913400797606,9.787514551148941,12.102093107267459
RB,absolute_confounded,1999-2007,25.650000000000066,10.99800852783112,9.785586610189796,12.113850365746476
RB,absolute_confounded,1999-2007,25.700000000000067,11.00720733958936,9.811406024681137,12.14899141129945
RB,absolute_confounded,1999-2007,25.750000000000068,11.015503628855976,9.850124481411076,12.142910287594077
RB,absolute_confounded,1999-2007,25.800000000000068,11.022891188414617,9.855849750796,12.142639240016145
RB,absolute_confounded,1999-2007,25.85000000000007,11.029363811048933,9.855318019962096,12.143861913224105
RB,absolute_confounded,1999-2007,25.90000000000007,11.034915289542575,9.863080447637085,12.17847400214727
RB,absolute_confounded,1999-2007,25.95000000000007,11.03953941667919,9.854649407819313,12.194733715415664
RB,absolute_confounded,1999-2007,26.00000000000007,11.043229985242432,9.851339060818658,12.205612446639757
RB,absolute_confounded,1999-2007,26.05000000000007,11.045980788015948,9.84827748849819,12.199470659373455
RB,absolute_confounded,1999-2007,26.100000000000072,11.04778561778339,9.84522349555453,12.214463127227242
RB,absolute_confounded,1999-2007,26.150000000000073,11.048638267328403,9.831173404375406,12.227174841884647
RB,absolute_confounded,1999-2007,26.200000000000074,11.048532529434643,9.795591754681254,12.228503725923263
RB,absolute_confounded,1999-2007,26.250000000000075,11.047462196885757,9.762201424817173,12.230296848614698
RB,absolute_confounded,1999-2007,26.300000000000075,11.045421062465397,9.748726963539498,12.231567670623683
RB,absolute_confounded,1999-2007,26.350000000000076,11.042402918957208,9.702801184130122,12.23095534059936
RB,absolute_confounded,1999-2007,26.400000000000077,11.038401559144845,9.695074138482465,12.2622282432141
RB,absolute_confounded,1999-2007,26.450000000000077,11.033411013694373,9.69778625050548,12.276037420144025
RB,absolute_confounded,1999-2007,26.500000000000078,11.027434106598982,9.701083208000519,12.26952432980643
RB,absolute_confounded,1999-2007,26.55000000000008,11.020484828582912,9.694491322527861,12.261075060122765
RB,absolute_confounded,1999-2007,26.60000000000008,11.012577891445629,9.684150406612815,12.250561606976861
RB,absolute_confounded,1999-2007,26.65000000000008,11.003728006986595,9.674089879992396,12.238246115389344
RB,absolute_confounded,1999-2007,26.70000000000008,10.993949887005279,9.6642927902521,12.228967594305589
RB,absolute_confounded,1999-2007,26.75000000000008,10.983258243301146,9.654742184977426,12.228485033509463
RB,absolute_confounded,1999-2007,26.800000000000082,10.97166778767366,9.645421111753878,12.212721831450956
RB,absolute_confounded,1999-2007,26.850000000000083,10.959193231922288,9.636312618166954,12.195754625391041
RB,absolute_confounded,1999-2007,26.900000000000084,10.9458492878465,9.627399751802157,12.177538175048959
RB,absolute_confounded,1999-2007,26.950000000000085,10.931650667245755,9.618665560244981,12.15830273195095
RB,absolute_confounded,1999-2007,27.000000000000085,10.916612081919522,9.610264971352743,12.138071026311986
RB,absolute_confounded,1999-2007,27.050000000000086,10.90074824366727,9.602102818013758,12.116865788347036
RB,absolute_confounded,1999-2007,27.100000000000087,10.884073864288458,9.59647065559952,12.102202360707485
RB,absolute_confounded,1999-2007,27.150000000000087,10.866603655582558,9.603831212657965,12.082160254559872
RB,absolute_confounded,1999-2007,27.200000000000088,10.848352329349034,9.61036069375199,12.047841480160363
RB,absolute_confounded,1999-2007,27.25000000000009,10.829334597387351,9.596355912259202,12.01724904185834
RB,absolute_confounded,1999-2007,27.30000000000009,10.809565171496974,9.591872642279888,11.975154858088969
RB,absolute_confounded,1999-2007,27.35000000000009,10.789058763477371,9.591876319471494,11.936890103592544
RB,absolute_confounded,1999-2007,27.40000000000009,10.767830085128008,9.603135961989798,11.897413115572613
RB,absolute_confounded,1999-2007,27.45000000000009,10.74589384824835,9.615213681174545,11.856775440616905
RB,absolute_confounded,1999-2007,27.500000000000092,10.723264764637861,9.61715287534421,11.837416009298895
RB,absolute_confounded,1999-2007,27.550000000000093,10.69995754609601,9.605501858695586,11.797317573591755
RB,absolute_confounded,1999-2007,27.600000000000094,10.675986904422263,9.587193065160209,11.755238277608807
RB,absolute_confounded,1999-2007,27.650000000000095,10.651367551416083,9.568708875986754,11.717295447915538
RB,absolute_confounded,1999-2007,27.700000000000095,10.626114198876936,9.551445432525059,11.690939240664994
RB,absolute_confounded,1999-2007,27.750000000000096,10.600241558604292,9.523235718528925,11.65797483791263
RB,absolute_confounded,1999-2007,27.800000000000097,10.573764342397611,9.493992831305945,11.623064340699214
RB,absolute_confounded,1999-2007,27.850000000000097,10.546697262056364,9.467614623117926,11.588314876510053
RB,absolute_confounded,1999-2007,27.900000000000098,10.519055029380015,9.453832099545721,11.560638623137171
RB,absolute_confounded,1999-2007,27.9500000000001,10.490852356168029,9.448771358184914,11.51590052241622
RB,absolute_confounded,1999-2007,28.0000000000001,10.462103954219872,9.436072797155493,11.495204855322891
RB,absolute_confounded,1999-2007,28.0500000000001,10.432824535335012,9.400015481902557,11.488845039130622
RB,absolute_confounded,1999-2007,28.1000000000001,10.403028811312911,9.368245123115788,11.457137423427763
RB,absolute_confounded,1999-2007,28.1500000000001,10.37273149395304,9.339550942993933,11.44847248735263
RB,absolute_confounded,1999-2007,28.200000000000102,10.341947295054862,9.305546043508198,11.443816301221716
RB,absolute_confounded,1999-2007,28.250000000000103,10.31069092641784,9.26179282107206,11.429253429968517
RB,absolute_confounded,1999-2007,28.300000000000104,10.278977099841445,9.224810683618355,11.414183486385038
RB,absolute_confounded,1999-2007,28.350000000000104,10.24682052712514,9.20434740403316,11.388543956643781
RB,absolute_confounded,1999-2007,28.400000000000105,10.214235905547362,9.170768774088932,11.364240865787302
RB,absolute_confounded,1999-2007,28.450000000000106,10.181234499713518,9.132179228439743,11.362687525051754
RB,absolute_confounded,1999-2007,28.500000000000107,10.147819733757789,9.086858040989547,11.355929574864405
RB,absolute_confounded,1999-2007,28.550000000000107,10.113993942199492,9.04379540703284,11.337936136954198
RB,absolute_confounded,1999-2007,28.600000000000108,10.079759459557952,9.011964270412863,11.316877824122658
RB,absolute_confounded,1999-2007,28.65000000000011,10.045118620352493,8.97992079300364,11.29485026057547
RB,absolute_confounded,1999-2007,28.70000000000011,10.010073759102438,8.9466687723826,11.271768208937862
RB,absolute_confounded,1999-2007,28.75000000000011,9.974627210327107,8.905423102895941,11.238467320690674
RB,absolute_confounded,1999-2007,28.80000000000011,9.938781308545822,8.863274058898925,11.198133977263527
RB,absolute_confounded,1999-2007,28.85000000000011,9.90253838827791,8.81041459594229,11.163937586327872
RB,absolute_confounded,1999-2007,28.900000000000112,9.86590078404269,8.78118053239008,11.129435899511456
RB,absolute_confounded,1999-2007,28.950000000000113,9.828870830359485,8.733704235505915,11.094333986277505
RB,absolute_confounded,1999-2007,29.000000000000114,9.791450861747617,8.693563458168613,11.050802877036842
RB,absolute_confounded,1999-2007,29.050000000000114,9.753643212726411,8.641766517275435,11.000237755121839
RB,absolute_confounded,1999-2007,29.100000000000115,9.715450217815187,8.595661183547179,10.9874661143533
RB,absolute_confounded,1999-2007,29.150000000000116,9.67687421153327,8.558670991173935,10.9522761215603
RB,absolute_confounded,1999-2007,29.200000000000117,9.637917528399981,8.51721223663684,10.91611568975015
RB,absolute_confounded,1999-2007,29.250000000000117,9.598582502934644,8.47480233992603,10.879527494085004
RB,absolute_confounded,1999-2007,29.300000000000118,9.558871469656578,8.428104864902373,10.84264844891527
RB,absolute_confounded,1999-2007,29.35000000000012,9.51878676308511,8.381351186386503,10.805480360037969
RB,absolute_confounded,1999-2007,29.40000000000012,9.47833071773956,8.33818580787536,10.772786853079598
RB,absolute_confounded,1999-2007,29.45000000000012,9.437505668139252,8.29110912353033,10.749262343039462
RB,absolute_confounded,1999-2007,29.50000000000012,9.396313948803508,8.240491367532211,10.71608549458102
RB,absolute_confounded,1999-2007,29.55000000000012,9.35475789425165,8.193253731895684,10.690747068507958
RB,absolute_confounded,1999-2007,29.600000000000122,9.312839839003,8.145948826939591,10.659141165677038
RB,absolute_confounded,1999-2007,29.650000000000123,9.270562117576882,8.079722607173498,10.62261159089412
RB,absolute_confounded,1999-2007,29.700000000000124,9.227927064492619,8.029444756306212,10.593172817673597
RB,absolute_confounded,1999-2007,29.750000000000124,9.184937014269533,7.988308353679529,10.563859074209788
RB,absolute_confounded,1999-2007,29.800000000000125,9.141594301426945,7.9420390551857825,10.533664397758722
RB,absolute_confounded,1999-2007,29.850000000000126,9.097901260484178,7.88927368469959,10.502863396331202
RB,absolute_confounded,1999-2007,29.900000000000126,9.053860225960557,7.834132774051481,10.471492794992784
RB,absolute_confounded,1999-2007,29.950000000000127,9.009473532375402,7.7792147984575095,10.439556414911651
RB,absolute_confounded,1999-2007,30.000000000000128,8.96474351424804,7.723721241686939,10.407058077255986
RB,absolute_confounded,1999-2007,30.05000000000013,8.919672506097788,7.668241832231238,10.374001603193966
RB,absolute_confounded,1999-2007,30.10000000000013,8.87426284244397,7.612642176358561,10.340390813893773
RB,absolute_confounded,1999-2007,30.15000000000013,8.82851685780591,7.556892913640312,10.306229530523586
RB,absolute_confounded,1999-2007,30.20000000000013,8.782436886702932,7.500995082548928,10.271147642521763
RB,absolute_confounded,1999-2007,30.25000000000013,8.736025263654355,7.444949721556846,10.224050210131434
RB,absolute_confounded,1999-2007,30.300000000000132,8.689284323179503,7.378128305600091,10.189747817276334
RB,absolute_confounded,1999-2007,30.350000000000133,8.642216399797697,7.321266898699659,10.154650623542908
RB,absolute_confounded,1999-2007,30.400000000000134,8.594823828028265,7.244823492360309,10.118764303472455
RB,absolute_confounded,1999-2007,30.450000000000134,8.547108942390523,7.20225928739561,10.082094531606266
RB,absolute_confounded,1999-2007,30.500000000000135,8.499074077403797,7.136792976942353,10.04464698248564
RB,absolute_confounded,1999-2007,30.550000000000136,8.450721567587408,7.068330865028725,10.012506933198567
RB,absolute_confounded,1999-2007,30.600000000000136,8.402053747460682,7.000055805854506,9.974636239791968
RB,absolute_confounded,1999-2007,30.650000000000137,8.353072951542938,6.949803737431942,9.932813393837392
RB,absolute_confounded,1999-2007,30.700000000000138,8.303781514353501,6.906738094474318,9.889851671008131
RB,absolute_confounded,1999-2007,30.75000000000014,8.25418177041169,6.864087539012744,9.846190171513074
RB,absolute_confounded,1999-2007,30.80000000000014,8.204276054236834,6.790734181125443,9.803946139731124
RB,absolute_confounded,1999-2007,30.85000000000014,8.154066700348249,6.705501581379102,9.761213036985662
RB,absolute_confounded,1999-2007,30.90000000000014,8.10355604326526,6.620013371680849,9.719343172618437
RB,absolute_confounded,1999-2007,30.95000000000014,8.05274641750719,6.550917997069381,9.685916794206321
RB,absolute_confounded,1999-2007,31.000000000000142,8.00164015759336,6.463374640945744,9.639051493631833
RB,absolute_confounded,1999-2007,31.050000000000143,7.950239598043096,6.377188331743423,9.59150561206914
RB,absolute_confounded,1999-2007,31.100000000000144,7.898547073375719,6.309386544834848,9.544132988199852
RB,absolute_confounded,1999-2007,31.150000000000144,7.846564918110548,6.242092279598846,9.501791165072841
RB,absolute_confounded,1999-2007,31.200000000000145,7.794295466766911,6.192681307421239,9.458914623211014
RB,absolute_confounded,1999-2007,31.250000000000146,7.741741053864127,6.140827286529199,9.415507707648338
RB,absolute_confounded,1999-2007,31.300000000000146,7.688904013921521,6.057088698334895,9.371574763418778
RB,absolute_confounded,1999-2007,31.350000000000147,7.6357866814584145,5.97213456504889,9.332828780855902
RB,absolute_confounded,1999-2007,31.400000000000148,7.582391390994129,5.899301952746415,9.28214816909485
RB,absolute_confounded,1999-2007,31.45000000000015,7.5287204770479885,5.829657717490379,9.236663209068409
RB,absolute_confounded,1999-2007,31.50000000000015,7.474776274139313,5.766407483139416,9.196311257987842
RB,absolute_confounded,1999-2007,31.55000000000015,7.420561116787429,5.704005441624108,9.168199872388023
RB,absolute_confounded,1999-2007,31.60000000000015,7.3660773395116586,5.643954433441182,9.136398342508016
RB,absolute_confounded,1999-2007,31.65000000000015,7.311327276831322,5.584485590352923,9.099870873481105
RB,absolute_confounded,1999-2007,31.700000000000152,7.256313263265742,5.516884901018969,9.067283796257575
RB,absolute_confounded,1999-2007,31.750000000000153,7.201037633334243,5.454418335579483,9.033827118104723
RB,absolute_confounded,1999-2007,31.800000000000153,7.145502721556146,5.3924831014277235,8.970418618110246
RB,absolute_confounded,1999-2007,31.850000000000154,7.089710862450776,5.330349427237444,8.905665276474153
RB,absolute_confounded,1999-2007,31.900000000000155,7.033664390537451,5.260370742870808,8.83986125106718
RB,absolute_confounded,1999-2007,31.950000000000156,6.977365640335498,5.187169245745226,8.773349213747634
RB,absolute_confounded,1999-2007,32.000000000000156,6.920816946364238,5.113325107333558,8.70747654319925
RB,absolute_confounded,1999-2007,32.05000000000015,6.8640206431429975,5.038862928639476,8.66218337479356
RB,absolute_confounded,1999-2007,32.10000000000016,6.8069790651910855,4.964285027056034,8.62057865721017
RB,absolute_confounded,1999-2007,32.15000000000016,6.749694547027836,4.890321605290449,8.571232888967206
RB,absolute_confounded,1999-2007,32.20000000000016,6.692169423172578,4.815045645760379,8.51161529930994
RB,absolute_confounded,1999-2007,32.250000000000156,6.634406028144625,4.715552977385402,8.443906803853038
RB,absolute_confounded,1999-2007,32.30000000000016,6.576406696463291,4.612724378671614,8.396919897697174
RB,absolute_confounded,1999-2007,32.350000000000165,6.518173762647912,4.513828266501717,8.380946139159386
RB,absolute_confounded,1999-2007,32.40000000000016,6.45970956121781,4.42698587854862,8.33883722288417
RB,absolute_confounded,1999-2007,32.45000000000016,6.401016426692308,4.348992947070763,8.2918627480543
RB,absolute_confounded,1999-2007,32.50000000000016,6.342096693590715,4.271557067669759,8.255772119861573
RB,absolute_confounded,1999-2007,32.55000000000017,6.282952696432363,4.1934551040117904,8.201337856234515
RB,absolute_confounded,1999-2007,32.600000000000165,6.223586769736584,4.1141821627408,8.147109394510142
RB,absolute_confounded,1999-2007,32.65000000000016,6.164001248022692,4.0345652437434545,8.09775960108005
RB,absolute_confounded,1999-2007,32.700000000000166,6.10419846581,3.954608003854292,8.056209623648192
RB,absolute_confounded,1999-2007,32.75000000000017,6.044180757617838,3.8743140999078687,7.998639546732889
RB,absolute_confounded,1999-2007,32.80000000000017,5.98395045796554,3.793687188738746,7.968955349057561
RB,absolute_confounded,1999-2007,32.850000000000165,5.923509901372421,3.712730927181461,7.97147439340701
RB,absolute_confounded,1999-2007,32.90000000000017,5.86286142235779,3.6258868794643684,7.95945073504426
RB,absolute_confounded,1999-2007,32.95000000000017,5.802007355440982,3.5109957321309087,7.936108592894174
RB,absolute_confounded,1999-2007,33.00000000000017,5.740950035141328,3.3954178541860207,7.912858387733748
RB,absolute_confounded,1999-2007,33.05000000000017,5.6796917959781394,3.2791611332518267,7.888944024473377
RB,absolute_confounded,1999-2007,33.10000000000017,5.6182349724707334,3.1622334569504433,7.864063078601881
RB,absolute_confounded,1999-2007,33.150000000000176,5.55658189913844,3.044642712904023,7.818125400590197
RB,absolute_confounded,1999-2007,33.20000000000017,5.494734910500588,2.926396788734718,7.746381082187932
RB,absolute_confounded,1999-2007,33.25000000000017,5.432696341076495,2.8075035720646495,7.673761448081179
RB,absolute_confounded,1999-2007,33.300000000000175,5.370468525385475,2.6879709505159393,7.600653749742455
RB,absolute_confounded,1999-2007,33.35000000000018,5.308053797946855,2.567806811710731,7.593005201892936
RB,absolute_confounded,1999-2007,33.400000000000176,5.24545449327997,2.4466181762540717,7.593828542774931
RB,absolute_confounded,1999-2007,33.45000000000017,5.182672945904134,2.315917962035752,7.542195499067171
RB,absolute_confounded,1999-2007,33.50000000000018,5.119711490338657,2.1845909299317805,7.488718211654943
RB,absolute_confounded,1999-2007,33.55000000000018,5.056572461102875,2.08380268073337,7.434907890055959
RB,absolute_confounded,1999-2007,33.60000000000018,4.993258192716116,1.961200276079146,7.380811705623129
RB,absolute_confounded,1999-2007,33.650000000000176,4.929771019697697,1.881811230171105,7.3398735934187735
RB,absolute_confounded,1999-2007,33.70000000000018,4.866113276566928,1.8058990184050736,7.312984483357019
RB,absolute_confounded,1999-2007,33.750000000000185,4.802287297843144,1.7303202273659215,7.284414502999442
RB,absolute_confounded,1999-2007,33.80000000000018,4.738295418045674,1.6547777436550937,7.257486451447347
RB,absolute_confounded,1999-2007,33.85000000000018,4.674139971693832,1.5514019700050798,7.2297931727839755
RB,absolute_confounded,1999-2007,33.90000000000018,4.609823293306932,1.4290265119347334,7.20158758870924
RB,absolute_confounded,1999-2007,33.95000000000019,4.545347717404308,1.3061691130611577,7.173330496297243
RB,absolute_confounded,1999-2007,34.000000000000185,4.480715578505286,1.1828368540496106,7.1307362483890575
RB,absolute_confounded,1999-2007,34.05000000000018,4.4159292111291855,1.0642630250105776,7.08131469670492
RB,absolute_confounded,1999-2007,34.100000000000186,4.3509909497953165,0.9677438198130627,7.0316297807663615
RB,absolute_confounded,1999-2007,34.15000000000019,4.28590312902301,0.8710784422152424,7.003777674046732
RB,absolute_confounded,1999-2007,34.20000000000019,4.2206680833316,0.7742691738671371,7.011950070242951
RB,absolute_confounded,1999-2007,34.250000000000185,4.1552881472404,0.663747556621159,7.00632269112649
RB,absolute_confounded,1999-2007,34.30000000000019,4.089765655268722,0.5442276813126381,6.97847670097766
RB,absolute_confounded,1999-2007,34.35000000000019,4.024102941935899,0.42431070400244997,6.934689864239114
RB,absolute_confounded,1999-2007,34.40000000000019,3.958302341761261,0.3040032359678688,6.870116461611575
RB,absolute_confounded,1999-2007,34.45000000000019,3.8923661892641217,0.1833118884861353,6.805277958339472
RB,absolute_confounded,1999-2007,34.50000000000019,3.8262968189637974,0.0622432728344953,6.740178920058893
RB,absolute_confounded,1999-2007,34.550000000000196,3.760096565379616,-0.05919599970978819,6.687178254977172
RB,absolute_confounded,1999-2007,34.60000000000019,3.6937677630309134,-0.18099931786943108,6.675411868312192
RB,absolute_confounded,1999-2007,34.65000000000019,3.6273127464369983,-0.3031600703671973,6.663723584094292
RB,absolute_confounded,1999-2007,34.700000000000195,3.5607338501171863,-0.42906099524860986,6.652111957703084
RB,absolute_confounded,1999-2007,34.7500000000002,3.494033408590811,-0.556784086556742,6.64057554451818
RB,absolute_confounded,1999-2007,34.800000000000196,3.427213756377201,-0.6848428651978173,6.628576893421567
RB,absolute_confounded,1999-2007,34.85000000000019,3.360277227995674,-0.8132307573605315,6.6160141669294905
RB,absolute_confounded,1999-2007,34.9000000000002,3.2932261579655373,-0.9419411892335858,6.558782438136977
RB,absolute_confounded,1999-2007,34.9500000000002,3.2260628808061256,-1.0709675870056439,6.501382118730536
RB,absolute_confounded,1999-2007,35.0000000000002,3.158789731036772,-1.2003033768653641,6.443761235794628
RB,absolute_confounded,1999-2007,35.050000000000196,3.0914090431767898,-1.329941985001451,6.385587263265712
RB,absolute_confounded,1999-2007,35.1000000000002,3.0239231517454908,-1.4767712819723338,6.327003779415457
RB,absolute_confounded,1999-2007,35.150000000000205,2.9563343912622058,-1.6245591717821202,6.279231869892052
RB,absolute_confounded,1999-2007,35.2000000000002,2.88864509624627,-1.7727643846429546,6.253957328765293
RB,absolute_confounded,1999-2007,35.2500000000002,2.8208576012169955,-1.9213772298674852,6.228663047099922
RB,absolute_confounded,1999-2007,35.3000000000002,2.7529742406936935,-2.0703880167683604,6.203349494189851
RB,absolute_confounded,1999-2007,35.35000000000021,2.684997349195698,-2.2197870546581786,6.1780171393289995
RB,absolute_confounded,1999-2007,35.400000000000205,2.6169292612423405,-2.369564652849541,6.152666451811289
RB,absolute_confounded,1999-2007,35.4500000000002,2.548772311352935,-2.519711120655103,6.12729790093063
RB,absolute_confounded,1999-2007,35.500000000000206,2.480528834046792,-2.6702167673875006,6.101911955980936
RB,absolute_confounded,1999-2007,35.55000000000021,2.412201163843247,-2.821013735415656,6.076509086256127
RB,absolute_confounded,1999-2007,35.60000000000021,2.3437916352616295,-2.9716293065047408,6.051089761050123
RB,absolute_confounded,1999-2007,35.650000000000205,2.2753025828212534,-3.086216927271111,6.025654449656836
RB,absolute_confounded,1999-2007,35.70000000000021,2.2067363410414327,-3.1998246625376208,5.9812951912149845
RB,absolute_confounded,1999-2007,35.75000000000021,2.1380952444414962,-3.313279928263998,5.936679236680472
RB,absolute_confounded,1999-2007,35.80000000000021,2.069381627540781,-3.4264940152572265,5.893558560431431
RB,absolute_confounded,1999-2007,35.85000000000021,2.0005978248585974,-3.53949051049107,5.879558673517991
RB,absolute_confounded,1999-2007,35.90000000000021,1.9317461709142583,-3.6525845256886917,5.877815638182906
RB,absolute_confounded,1999-2007,35.950000000000216,1.8628290002270935,-3.7657727055368135,5.87577768313742
RB,absolute_confounded,1999-2007,36.00000000000021,1.793848647316441,-3.8790516947221514,5.851357079516929
RB,absolute_confounded,2008-2016,21.0,7.282901477955594,5.045419698830129,9.565154832444998
RB,absolute_confounded,2008-2016,21.05,7.360778854294997,5.2124613009770915,9.560775446586518
RB,absolute_confounded,2008-2016,21.1,7.438409409960536,5.366780249450783,9.562395880305228
RB,absolute_confounded,2008-2016,21.150000000000002,7.5157647083143635,5.51348797000822,9.576653677951487
RB,absolute_confounded,2008-2016,21.200000000000003,7.592816312718634,5.6761834850000925,9.590720446035547
RB,absolute_confounded,2008-2016,21.250000000000004,7.669535786535503,5.836128704761007,9.593725419801302
RB,absolute_confounded,2008-2016,21.300000000000004,7.745894693127124,5.9705514816073295,9.605922029459048
RB,absolute_confounded,2008-2016,21.350000000000005,7.8218645958556525,6.119807906047355,9.634896953476325
RB,absolute_confounded,2008-2016,21.400000000000006,7.897417058083242,6.258677071378504,9.629712909969856
RB,absolute_confounded,2008-2016,21.450000000000006,7.972523643172049,6.383402643380317,9.625156096729459
RB,absolute_confounded,2008-2016,21.500000000000007,8.047155914484225,6.519124892397501,9.651178041517046
RB,absolute_confounded,2008-2016,21.550000000000008,8.121285435381928,6.61884457275424,9.676898415093822
RB,absolute_confounded,2008-2016,21.60000000000001,8.19488376922731,6.699808345251808,9.702300159947631
RB,absolute_confounded,2008-2016,21.65000000000001,8.267922479382527,6.828269438003296,9.688911572355854
RB,absolute_confounded,2008-2016,21.70000000000001,8.340373129209732,6.931628860037946,9.70519132421111
RB,absolute_confounded,2008-2016,21.75000000000001,8.412207282071082,7.03072940232101,9.757518277330467
RB,absolute_confounded,2008-2016,21.80000000000001,8.483396501328729,7.140787402094227,9.782021390546971
RB,absolute_confounded,2008-2016,21.850000000000012,8.553912350344829,7.201809137487893,9.7898578126859
RB,absolute_confounded,2008-2016,21.900000000000013,8.623726392481538,7.302316800411701,9.806236666520471
RB,absolute_confounded,2008-2016,21.950000000000014,8.692810191101007,7.401691345771319,9.85842351065768
RB,absolute_confounded,2008-2016,22.000000000000014,8.761135309565393,7.501217417583167,9.911342002413033
RB,absolute_confounded,2008-2016,22.050000000000015,8.82867331123685,7.603891913568784,9.941598049877337
RB,absolute_confounded,2008-2016,22.100000000000016,8.895395759477534,7.73315743334382,9.994969061965982
RB,absolute_confounded,2008-2016,22.150000000000016,8.961274217649596,7.7939747634921135,10.037296743037716
RB,absolute_confounded,2008-2016,22.200000000000017,9.026280249115194,7.889160955825515,10.071045673893304
RB,absolute_confounded,2008-2016,22.250000000000018,9.090385417236481,7.983340316269472,10.102412784730056
RB,absolute_confounded,2008-2016,22.30000000000002,9.153561285375613,8.013932243098008,10.137103246196569
RB,absolute_confounded,2008-2016,22.35000000000002,9.215779416894742,8.065699632041953,10.211064780380244
RB,absolute_confounded,2008-2016,22.40000000000002,9.277011375156025,8.180431496562685,10.27930256670207
RB,absolute_confounded,2008-2016,22.45000000000002,9.337228723521616,8.262294480027053,10.344688365773699
RB,absolute_confounded,2008-2016,22.50000000000002,9.396403025353667,8.358630579701275,10.398649898580967
RB,absolute_confounded,2008-2016,22.550000000000022,9.454505844014337,8.426737619703554,10.426285272454379
RB,absolute_confounded,2008-2016,22.600000000000023,9.511508742865777,8.484792551912852,10.497962230350161
RB,absolute_confounded,2008-2016,22.650000000000023,9.567383285270145,8.520389883869967,10.568306433725926
RB,absolute_confounded,2008-2016,22.700000000000024,9.62210103458959,8.545589745701323,10.633265328383407
RB,absolute_confounded,2008-2016,22.750000000000025,9.675633554186273,8.565100901580712,10.689518679918981
RB,absolute_confounded,2008-2016,22.800000000000026,9.727952407422345,8.589036060579355,10.756488135542185
RB,absolute_confounded,2008-2016,22.850000000000026,9.77902915765996,8.63935506709224,10.808514139333669
RB,absolute_confounded,2008-2016,22.900000000000027,9.828835368261275,8.688703460145154,10.868183129847708
RB,absolute_confounded,2008-2016,22.950000000000028,9.877342602588442,8.727945853893099,10.931243568968055
RB,absolute_confounded,2008-2016,23.00000000000003,9.92452242400362,8.77697479997575,10.991126663443083
RB,absolute_confounded,2008-2016,23.05000000000003,9.970346395868958,8.830078978547261,11.042634019865444
RB,absolute_confounded,2008-2016,23.10000000000003,10.014786081546612,8.871316956906856,11.094505625552229
RB,absolute_confounded,2008-2016,23.15000000000003,10.057813044398738,8.913111543882062,11.146988856068416
RB,absolute_confounded,2008-2016,23.20000000000003,10.099398847787493,8.95389370569676,11.184794326536524
RB,absolute_confounded,2008-2016,23.250000000000032,10.139515055075027,8.977949707405685,11.21956237305594
RB,absolute_confounded,2008-2016,23.300000000000033,10.178133229623496,9.003308166324077,11.250980902835854
RB,absolute_confounded,2008-2016,23.350000000000033,10.215224934795055,9.057174138561557,11.279043665947466
RB,absolute_confounded,2008-2016,23.400000000000034,10.250761733951858,9.12131452674988,11.312910502907098
RB,absolute_confounded,2008-2016,23.450000000000035,10.28471519045606,9.149406414008386,11.340191425270252
RB,absolute_confounded,2008-2016,23.500000000000036,10.317057518677721,9.224884018898662,11.36202741283694
RB,absolute_confounded,2008-2016,23.550000000000036,10.34777927549081,9.2748375491148,11.40204690800487
RB,absolute_confounded,2008-2016,23.600000000000037,10.376891453820308,9.308076630474625,11.418616322729022
RB,absolute_confounded,2008-2016,23.650000000000038,10.404406117842358,9.322443118859757,11.419151638483543
RB,absolute_confounded,2008-2016,23.70000000000004,10.430335331733096,9.370413660240974,11.427588754063967
RB,absolute_confounded,2008-2016,23.75000000000004,10.454691159668663,9.416085394688025,11.466556768898123
RB,absolute_confounded,2008-2016,23.80000000000004,10.4774856658252,9.430770663138372,11.475254546429513
RB,absolute_confounded,2008-2016,23.85000000000004,10.498730914378843,9.446019332411064,11.476202123073056
RB,absolute_confounded,2008-2016,23.90000000000004,10.518438969505736,9.498331974310451,11.474974956912337
RB,absolute_confounded,2008-2016,23.950000000000042,10.536621895382016,9.538500445855314,11.484769334455244
RB,absolute_confounded,2008-2016,24.000000000000043,10.553291756183821,9.569915972369875,11.528110573749885
RB,absolute_confounded,2008-2016,24.050000000000043,10.568460616087295,9.607654418173734,11.548935593208101
RB,absolute_confounded,2008-2016,24.100000000000044,10.582140539268574,9.645137723464972,11.564537472471581
RB,absolute_confounded,2008-2016,24.150000000000045,10.594343589903799,9.639243178790561,11.574080178834706
RB,absolute_confounded,2008-2016,24.200000000000045,10.605081832169109,9.669206804629345,11.595045240748064
RB,absolute_confounded,2008-2016,24.250000000000046,10.614367330240643,9.687358460235824,11.613548761785895
RB,absolute_confounded,2008-2016,24.300000000000047,10.622212148294544,9.704027709408978,11.620804173574882
RB,absolute_confounded,2008-2016,24.350000000000048,10.628628350506947,9.715455544285604,11.619369767517187
RB,absolute_confounded,2008-2016,24.40000000000005,10.633628001053992,9.71427917732648,11.641336682015442
RB,absolute_confounded,2008-2016,24.45000000000005,10.637223164111823,9.723698638801409,11.664870855865077
RB,absolute_confounded,2008-2016,24.50000000000005,10.639425903856576,9.734304285927697,11.646731547943544
RB,absolute_confounded,2008-2016,24.55000000000005,10.640248284464391,9.737734589892186,11.620603171535544
RB,absolute_confounded,2008-2016,24.60000000000005,10.639702370111408,9.727589485944547,11.65715897402402
RB,absolute_confounded,2008-2016,24.650000000000052,10.637800224973766,9.728184924161964,11.642403505036444
RB,absolute_confounded,2008-2016,24.700000000000053,10.634553913227604,9.719313488435672,11.628476024046847
RB,absolute_confounded,2008-2016,24.750000000000053,10.629975499049063,9.715309392997552,11.636684290699518
RB,absolute_confounded,2008-2016,24.800000000000054,10.624077046614286,9.711343662392816,11.640003532619248
RB,absolute_confounded,2008-2016,24.850000000000055,10.616871706187888,9.698849544340424,11.626248659474182
RB,absolute_confounded,2008-2016,24.900000000000055,10.608389966121864,9.696344431064379,11.607434393599108
RB,absolute_confounded,2008-2016,24.950000000000056,10.59867624040443,9.699344514195628,11.585380047722563
RB,absolute_confounded,2008-2016,25.000000000000057,10.587775336328251,9.684050262546181,11.552773698515864
RB,absolute_confounded,2008-2016,25.050000000000058,10.575732061185994,9.660092242861417,11.518838756563113
RB,absolute_confounded,2008-2016,25.10000000000006,10.56259122227032,9.648214412802384,11.487440281112235
RB,absolute_confounded,2008-2016,25.15000000000006,10.548397626873896,9.644434999617378,11.472169039808952
RB,absolute_confounded,2008-2016,25.20000000000006,10.533196082289388,9.616813370703188,11.440336459028584
RB,absolute_confounded,2008-2016,25.25000000000006,10.517031395809457,9.62115082926264,11.419644365426404
RB,absolute_confounded,2008-2016,25.30000000000006,10.499948374726769,9.591680531384922,11.39682769333412
RB,absolute_confounded,2008-2016,25.350000000000062,10.481991826333987,9.571768458398937,11.37227256606279
RB,absolute_confounded,2008-2016,25.400000000000063,10.463206557923778,9.548668776215747,11.34101183250006
RB,absolute_confounded,2008-2016,25.450000000000063,10.443637376788805,9.514542021503377,11.318518220171127
RB,absolute_confounded,2008-2016,25.500000000000064,10.423329090221733,9.481998796173015,11.289157979692368
RB,absolute_confounded,2008-2016,25.550000000000065,10.402326505515227,9.450579346616198,11.256741360677239
RB,absolute_confounded,2008-2016,25.600000000000065,10.38067442996195,9.42015716193861,11.226800962329243
RB,absolute_confounded,2008-2016,25.650000000000066,10.358417670854568,9.389548200438847,11.196237765980067
RB,absolute_confounded,2008-2016,25.700000000000067,10.335601035485743,9.365419371329075,11.164807847063297
RB,absolute_confounded,2008-2016,25.750000000000068,10.312269331148142,9.3310216959701,11.1453089509509
RB,absolute_confounded,2008-2016,25.800000000000068,10.28846736513443,9.311424815416252,11.136780643489708
RB,absolute_confounded,2008-2016,25.85000000000007,10.26423994473727,9.27661044252247,11.143240560887365
RB,absolute_confounded,2008-2016,25.90000000000007,10.239631877249325,9.236960734640293,11.139737503692182
RB,absolute_confounded,2008-2016,25.95000000000007,10.214687969963261,9.185712933564036,11.124077405190153
RB,absolute_confounded,2008-2016,26.00000000000007,10.189453030171745,9.145240498216351,11.105800085753826
RB,absolute_confounded,2008-2016,26.05000000000007,10.163971865167438,9.124912822050353,11.093942943331678
RB,absolute_confounded,2008-2016,26.100000000000072,10.138289282243008,9.071075684771934,11.069152890567807
RB,absolute_confounded,2008-2016,26.150000000000073,10.112450088691114,9.01826501861853,11.065281224165624
RB,absolute_confounded,2008-2016,26.200000000000074,10.086499091804425,8.967191200302514,11.046466204118062
RB,absolute_confounded,2008-2016,26.250000000000075,10.060481098875604,8.924513573894036,11.022357247908271
RB,absolute_confounded,2008-2016,26.300000000000075,10.034440917197315,8.889294676914126,11.003721791729918
RB,absolute_confounded,2008-2016,26.350000000000076,10.008423354062225,8.854764952857364,10.980499506188863
RB,absolute_confounded,2008-2016,26.400000000000077,9.982473216762996,8.810609738281759,10.973195346037976
RB,absolute_confounded,2008-2016,26.450000000000077,9.956634732988936,8.7784120840834,10.967730469088773
RB,absolute_confounded,2008-2016,26.500000000000078,9.93093070538262,8.755470771945166,10.952391192533671
RB,absolute_confounded,2008-2016,26.55000000000008,9.905356728712851,8.734233293840928,10.940780195871147
RB,absolute_confounded,2008-2016,26.60000000000008,9.879906640840007,8.71463486132535,10.925997977660197
RB,absolute_confounded,2008-2016,26.65000000000008,9.854574279624464,8.696610685953102,10.90815721503765
RB,absolute_confounded,2008-2016,26.70000000000008,9.829353482926596,8.663419167386111,10.887213010567043
RB,absolute_confounded,2008-2016,26.75000000000008,9.804238088606786,8.64427018960405,10.860493208493798
RB,absolute_confounded,2008-2016,26.800000000000082,9.779221934525406,8.603354483493908,10.837004710648102
RB,absolute_confounded,2008-2016,26.850000000000083,9.754298858542835,8.569489885247554,10.807789758214383
RB,absolute_confounded,2008-2016,26.900000000000084,9.729462698519452,8.558891261962469,10.776229251875527
RB,absolute_confounded,2008-2016,26.950000000000085,9.70470729231563,8.546453116740578,10.742387601663344
RB,absolute_confounded,2008-2016,27.000000000000085,9.680026477791749,8.539156167484848,10.712718953445966
RB,absolute_confounded,2008-2016,27.050000000000086,9.655414092808186,8.517169431014699,10.695209309015151
RB,absolute_confounded,2008-2016,27.100000000000087,9.630863975225317,8.492180599746002,10.677367481753848
RB,absolute_confounded,2008-2016,27.150000000000087,9.60636996290352,8.49380329125238,10.658856145343961
RB,absolute_confounded,2008-2016,27.200000000000088,9.58192589370317,8.465651016385058,10.606469129816556
RB,absolute_confounded,2008-2016,27.25000000000009,9.557525605484646,8.447822957788809,10.57194139907
RB,absolute_confounded,2008-2016,27.30000000000009,9.533162936108324,8.421002342484876,10.545329944069467
RB,absolute_confounded,2008-2016,27.35000000000009,9.508831723434582,8.390889549788138,10.524778349740705
RB,absolute_confounded,2008-2016,27.40000000000009,9.484525805323797,8.36892994846978,10.487488085795306
RB,absolute_confounded,2008-2016,27.45000000000009,9.460239019636346,8.350868742145963,10.458133603330557
RB,absolute_confounded,2008-2016,27.500000000000092,9.435965204232605,8.34058927336231,10.416399541284518
RB,absolute_confounded,2008-2016,27.550000000000093,9.411698196972953,8.329702522321258,10.370621565950163
RB,absolute_confounded,2008-2016,27.600000000000094,9.387431835717765,8.31180152981561,10.342293756837392
RB,absolute_confounded,2008-2016,27.650000000000095,9.363159958327419,8.275499787205744,10.30688744790357
RB,absolute_confounded,2008-2016,27.700000000000095,9.338876402662292,8.259557468243191,10.292734057716885
RB,absolute_confounded,2008-2016,27.750000000000096,9.31457500658276,8.244613363800974,10.267177337204135
RB,absolute_confounded,2008-2016,27.800000000000097,9.290249607949203,8.22502712503614,10.221510131470792
RB,absolute_confounded,2008-2016,27.850000000000097,9.265894044621996,8.201968746964289,10.197520639415222
RB,absolute_confounded,2008-2016,27.900000000000098,9.241502154461516,8.188896231535944,10.185794748470396
RB,absolute_confounded,2008-2016,27.9500000000001,9.21706777532814,8.157083472302343,10.164928051465997
RB,absolute_confounded,2008-2016,28.0000000000001,9.192584745082245,8.120363516339342,10.153015174039284
RB,absolute_confounded,2008-2016,28.0500000000001,9.16804690158421,8.101066537957859,10.09871069942311
RB,absolute_confounded,2008-2016,28.1000000000001,9.143448082694409,8.081381424751005,10.083722592597223
RB,absolute_confounded,2008-2016,28.1500000000001,9.11878212627322,8.066620596212957,10.052829101092406
RB,absolute_confounded,2008-2016,28.200000000000102,9.094042870181022,8.043112256125685,10.044465429188367
RB,absolute_confounded,2008-2016,28.250000000000103,9.06922415227819,8.006003071108804,10.035444139989734
RB,absolute_confounded,2008-2016,28.300000000000104,9.044319810425103,7.948653654780622,10.025382445828297
RB,absolute_confounded,2008-2016,28.350000000000104,9.019323682482137,7.90384373892285,10.016320441955532
RB,absolute_confounded,2008-2016,28.400000000000105,8.994229614216525,7.859382146963256,10.005082691734298
RB,absolute_confounded,2008-2016,28.450000000000106,8.969033320523472,7.82486992457319,9.994362199840486
RB,absolute_confounded,2008-2016,28.500000000000107,8.943734785520409,7.790713089031762,9.982615490237277
RB,absolute_confounded,2008-2016,28.550000000000107,8.918334586631964,7.738433935725276,9.97019841066228
RB,absolute_confounded,2008-2016,28.600000000000108,8.89283330128276,7.6770639009005865,9.956844545629279
RB,absolute_confounded,2008-2016,28.65000000000011,8.867231506897426,7.655701863332111,9.94487955482637
RB,absolute_confounded,2008-2016,28.70000000000011,8.841529780900586,7.611565033471742,9.94054582529245
RB,absolute_confounded,2008-2016,28.75000000000011,8.815728700716868,7.568200083993439,9.921175005526601
RB,absolute_confounded,2008-2016,28.80000000000011,8.789828843770895,7.525799878843104,9.90065778978526
RB,absolute_confounded,2008-2016,28.85000000000011,8.763830787487295,7.484098295434994,9.881662068757196
RB,absolute_confounded,2008-2016,28.900000000000112,8.737735109290695,7.443091225784189,9.864545593299594
RB,absolute_confounded,2008-2016,28.950000000000113,8.711542386605718,7.402774561905769,9.847848573549696
RB,absolute_confounded,2008-2016,29.000000000000114,8.685253196856992,7.363496376233576,9.850862473005352
RB,absolute_confounded,2008-2016,29.050000000000114,8.658868117469144,7.319394941885011,9.829409627180993
RB,absolute_confounded,2008-2016,29.100000000000115,8.6323877258668,7.274527527187794,9.798110987537958
RB,absolute_confounded,2008-2016,29.150000000000116,8.605812599474582,7.2319365360312835,9.781974412637965
RB,absolute_confounded,2008-2016,29.200000000000117,8.57914331571712,7.20900527659322,9.769021223203003
RB,absolute_confounded,2008-2016,29.250000000000117,8.552380452019039,7.176642321958085,9.755378900999705
RB,absolute_confounded,2008-2016,29.300000000000118,8.525524585804963,7.141282192790582,9.735205189873591
RB,absolute_confounded,2008-2016,29.35000000000012,8.498576294499522,7.106566562624298,9.724160805832764
RB,absolute_confounded,2008-2016,29.40000000000012,8.471536155527337,7.072491404959622,9.716823747686766
RB,absolute_confounded,2008-2016,29.45000000000012,8.444404746313039,7.04083947090922,9.700170007663711
RB,absolute_confounded,2008-2016,29.50000000000012,8.417182644281251,7.006022794773316,9.687795448323614
RB,absolute_confounded,2008-2016,29.55000000000012,8.3898704268566,6.973601216789654,9.666226242354117
RB,absolute_confounded,2008-2016,29.600000000000122,8.362468671463711,6.933379654211465,9.64376614042554
RB,absolute_confounded,2008-2016,29.650000000000123,8.334977955527211,6.898304175931693,9.620621686042556
RB,absolute_confounded,2008-2016,29.700000000000124,8.307398856471726,6.863101312627441,9.596838301474254
RB,absolute_confounded,2008-2016,29.750000000000124,8.279731951721882,6.8379239705420884,9.572420160979561
RB,absolute_confounded,2008-2016,29.800000000000125,8.251977818702304,6.8197553255175585,9.551958186149054
RB,absolute_confounded,2008-2016,29.850000000000126,8.224137034837618,6.787812941628058,9.54132054179649
RB,absolute_confounded,2008-2016,29.900000000000126,8.196210177552452,6.7464606303272605,9.533609016049956
RB,absolute_confounded,2008-2016,29.950000000000127,8.16819782427143,6.705456572267535,9.506663740863031
RB,absolute_confounded,2008-2016,30.000000000000128,8.14010055241918,6.674946354165453,9.486818655528285
RB,absolute_confounded,2008-2016,30.05000000000013,8.111918939420324,6.645568706087338,9.456365294498655
RB,absolute_confounded,2008-2016,30.10000000000013,8.083653562699492,6.61687401201731,9.42544271358914
RB,absolute_confounded,2008-2016,30.15000000000013,8.055304999681308,6.588857564016737,9.394249637286347
RB,absolute_confounded,2008-2016,30.20000000000013,8.0268738277904,6.561538264703738,9.3627879431916
RB,absolute_confounded,2008-2016,30.25000000000013,7.998360624451392,6.5352448855814025,9.337417261549486
RB,absolute_confounded,2008-2016,30.300000000000132,7.969765967088912,6.483128831922436,9.320324885807272
RB,absolute_confounded,2008-2016,30.350000000000133,7.941090433127583,6.434652878735537,9.297389133709315
RB,absolute_confounded,2008-2016,30.400000000000134,7.9123345999920325,6.411693497612698,9.270304661557532
RB,absolute_confounded,2008-2016,30.450000000000134,7.883499045106887,6.38934435888562,9.23608019888129
RB,absolute_confounded,2008-2016,30.500000000000135,7.854584345896772,6.368117644434503,9.201081463387046
RB,absolute_confounded,2008-2016,30.550000000000136,7.825591079786314,6.333728396644159,9.171915108326242
RB,absolute_confounded,2008-2016,30.600000000000136,7.796519824200138,6.282568136429892,9.145315477233247
RB,absolute_confounded,2008-2016,30.650000000000137,7.767371156562871,6.251114174069246,9.125047084759434
RB,absolute_confounded,2008-2016,30.700000000000138,7.738145654299139,6.235228313042296,9.102819256907859
RB,absolute_confounded,2008-2016,30.75000000000014,7.708843894833567,6.225833380828256,9.062957743196453
RB,absolute_confounded,2008-2016,30.80000000000014,7.679466455590782,6.221012845702606,9.032666982678277
RB,absolute_confounded,2008-2016,30.85000000000014,7.650013913995409,6.211132431078685,8.99755354260613
RB,absolute_confounded,2008-2016,30.90000000000014,7.620486847472075,6.188301553756679,8.96853259925203
RB,absolute_confounded,2008-2016,30.95000000000014,7.590885833445405,6.194870541226285,8.942318038042256
RB,absolute_confounded,2008-2016,31.000000000000142,7.561211449340027,6.189068351775654,8.911295786782375
RB,absolute_confounded,2008-2016,31.050000000000143,7.531464272580564,6.157736569823967,8.879377842044208
RB,absolute_confounded,2008-2016,31.100000000000144,7.501644880591645,6.115227617889037,8.84666156391415
RB,absolute_confounded,2008-2016,31.150000000000144,7.471753850797893,6.068767535625145,8.813347128494248
RB,absolute_confounded,2008-2016,31.200000000000145,7.4417917606239365,6.045587465237137,8.787159900058738
RB,absolute_confounded,2008-2016,31.250000000000146,7.4117591874943995,6.022798343679641,8.7499333327206
RB,absolute_confounded,2008-2016,31.300000000000146,7.381656708833911,6.00080736268082,8.745949483474494
RB,absolute_confounded,2008-2016,31.350000000000147,7.351484902067094,5.961925264938039,8.724333238637069
RB,absolute_confounded,2008-2016,31.400000000000148,7.3212443446185755,5.92171842737863,8.700859806995528
RB,absolute_confounded,2008-2016,31.45000000000015,7.290935613912982,5.885289791797228,8.679650168458
RB,absolute_confounded,2008-2016,31.50000000000015,7.260559287374938,5.844052621255642,8.65814346203178
RB,absolute_confounded,2008-2016,31.55000000000015,7.230115942429071,5.803068163328079,8.63565455853618
RB,absolute_confounded,2008-2016,31.60000000000015,7.199606156500007,5.752090737412382,8.597316193516782
RB,absolute_confounded,2008-2016,31.65000000000015,7.169030507012371,5.697973273369481,8.541259690211577
RB,absolute_confounded,2008-2016,31.700000000000152,7.138389571390789,5.643404863324346,8.53133745157327
RB,absolute_confounded,2008-2016,31.750000000000153,7.107683927059888,5.58884694836984,8.521406976355754
RB,absolute_confounded,2008-2016,31.800000000000153,7.076914151444294,5.568558628029304,8.508182479592655
RB,absolute_confounded,2008-2016,31.850000000000154,7.046080821968633,5.549731064225134,8.496385829640571
RB,absolute_confounded,2008-2016,31.900000000000155,7.015184516057529,5.511302210530891,8.49019491460439
RB,absolute_confounded,2008-2016,31.950000000000156,6.984225811135611,5.484028872090523,8.481393968342427
RB,absolute_confounded,2008-2016,32.000000000000156,6.9532052846275025,5.445565907514966,8.472452570260101
RB,absolute_confounded,2008-2016,32.05000000000015,6.922123513957833,5.406849699748667,8.463042160970037
RB,absolute_confounded,2008-2016,32.10000000000016,6.8909810765512205,5.368295436736599,8.43939501437694
RB,absolute_confounded,2008-2016,32.15000000000016,6.859778549832297,5.330173696928092,8.412563105163107
RB,absolute_confounded,2008-2016,32.20000000000016,6.828516511225693,5.2922763641920785,8.384623553206342
RB,absolute_confounded,2008-2016,32.250000000000156,6.79719553815603,5.255418176566713,8.355931564687204
RB,absolute_confounded,2008-2016,32.30000000000016,6.765816208047927,5.2420480223938,8.314428457610871
RB,absolute_confounded,2008-2016,32.350000000000165,6.734379098326019,5.236011354294388,8.299147634070863
RB,absolute_confounded,2008-2016,32.40000000000016,6.702884786414932,5.213682582101489,8.272500144122425
RB,absolute_confounded,2008-2016,32.45000000000016,6.671333849739291,5.175099934620849,8.254178509472466
RB,absolute_confounded,2008-2016,32.50000000000016,6.6397268657237145,5.1365765988340515,8.242825680467776
RB,absolute_confounded,2008-2016,32.55000000000017,6.608064411792835,5.098111963685654,8.224585062346433
RB,absolute_confounded,2008-2016,32.600000000000165,6.576347065371283,5.047547199981786,8.217033797286124
RB,absolute_confounded,2008-2016,32.65000000000016,6.5445754038836785,4.963124428594534,8.21131174085797
RB,absolute_confounded,2008-2016,32.700000000000166,6.512750004754645,4.899495601817137,8.202212624919849
RB,absolute_confounded,2008-2016,32.75000000000017,6.480871445408811,4.860992573182281,8.195219384565538
RB,absolute_confounded,2008-2016,32.80000000000017,6.448940303270808,4.783902912873776,8.193025091655825
RB,absolute_confounded,2008-2016,32.850000000000165,6.416957155765258,4.707969318166221,8.200226301808227
RB,absolute_confounded,2008-2016,32.90000000000017,6.384922580316781,4.665351615722955,8.20723031576071
RB,absolute_confounded,2008-2016,32.95000000000017,6.352837154350009,4.621316089347405,8.214115538887253
RB,absolute_confounded,2008-2016,33.00000000000017,6.320701455289572,4.55293061835272,8.208689444252615
RB,absolute_confounded,2008-2016,33.05000000000017,6.28851606056009,4.472354761817366,8.19800247937488
RB,absolute_confounded,2008-2016,33.10000000000017,6.256281547586188,4.391296118430755,8.205818058505155
RB,absolute_confounded,2008-2016,33.150000000000176,6.223998493792493,4.309760363742184,8.193733615206687
RB,absolute_confounded,2008-2016,33.20000000000017,6.191667476603637,4.227753173300947,8.19263196406819
RB,absolute_confounded,2008-2016,33.25000000000017,6.159289073444242,4.145280222656322,8.176151681766337
RB,absolute_confounded,2008-2016,33.300000000000175,6.126863861738929,4.0623471873575845,8.21024755029622
RB,absolute_confounded,2008-2016,33.35000000000018,6.094392418912328,3.978959742954026,8.218711232336538
RB,absolute_confounded,2008-2016,33.400000000000176,6.06187532238907,3.8951235649949485,8.208989482684276
RB,absolute_confounded,2008-2016,33.45000000000017,6.029313149593777,3.81179032288689,8.206976708340566
RB,absolute_confounded,2008-2016,33.50000000000018,5.996706477951069,3.7510509985711495,8.218823922898727
RB,absolute_confounded,2008-2016,33.55000000000018,5.9640558848855765,3.6676025977981856,8.236945067370192
RB,absolute_confounded,2008-2016,33.60000000000018,5.931361947821932,3.5837926930604427,8.255431890018498
RB,absolute_confounded,2008-2016,33.650000000000176,5.898625244184756,3.49962610027939,8.27525062478993
RB,absolute_confounded,2008-2016,33.70000000000018,5.865846351398669,3.4151076353764904,8.294882720900555
RB,absolute_confounded,2008-2016,33.750000000000185,5.833025846888303,3.3302421142732346,8.31593225807316
RB,absolute_confounded,2008-2016,33.80000000000018,5.800164308078288,3.2452516356724845,8.353866071669165
RB,absolute_confounded,2008-2016,33.85000000000018,5.767262312393245,3.1736101918077457,8.36210550827282
RB,absolute_confounded,2008-2016,33.90000000000018,5.734320437257796,3.1037609281419356,8.374868102913661
RB,absolute_confounded,2008-2016,33.95000000000019,5.701339260096571,3.0093399910007843,8.393180273221615
RB,absolute_confounded,2008-2016,34.000000000000185,5.668319358334201,2.943107921560226,8.407089954290608
RB,absolute_confounded,2008-2016,34.05000000000018,5.6352613093953074,2.8550220118300627,8.432888683845677
RB,absolute_confounded,2008-2016,34.100000000000186,5.602165690704512,2.7739818744815437,8.458023527380456
RB,absolute_confounded,2008-2016,34.15000000000019,5.569033079686443,2.70397563462205,8.48254423483646
RB,absolute_confounded,2008-2016,34.20000000000019,5.535864053765735,2.63370923587814,8.50635963171901
RB,absolute_confounded,2008-2016,34.250000000000185,5.502659190367007,2.5631868035429037,8.52956893761795
RB,absolute_confounded,2008-2016,34.30000000000019,5.469419066914879,2.492412462909424,8.552950715897785
RB,absolute_confounded,2008-2016,34.35000000000019,5.436144260833986,2.4213903392708125,8.57630520044669
RB,absolute_confounded,2008-2016,34.40000000000019,5.402835349548954,2.345211026176496,8.598486740566702
RB,absolute_confounded,2008-2016,34.45000000000019,5.369492910484406,2.2602872449862996,8.61272901769692
RB,absolute_confounded,2008-2016,34.50000000000019,5.336117521064965,2.1751045337627612,8.626886291512317
RB,absolute_confounded,2008-2016,34.550000000000196,5.302709758715259,2.0896674300162794,8.641614720279836
RB,absolute_confounded,2008-2016,34.60000000000019,5.269270200859921,1.9819521902898454,8.656534054665734
RB,absolute_confounded,2008-2016,34.65000000000019,5.23579942492357,1.8456278676224258,8.671640827714445
RB,absolute_confounded,2008-2016,34.700000000000195,5.20229800833083,1.7089888772224882,8.710649850557765
RB,absolute_confounded,2008-2016,34.7500000000002,5.16876652850633,1.621519231893117,8.754083860353678
RB,absolute_confounded,2008-2016,34.800000000000196,5.135205562874701,1.5468648037414285,8.780040279212537
RB,absolute_confounded,2008-2016,34.85000000000019,5.101615688860564,1.4571889653988284,8.805737690158239
RB,absolute_confounded,2008-2016,34.9000000000002,5.06799748388854,1.3969034049220546,8.831544666966561
RB,absolute_confounded,2008-2016,34.9500000000002,5.03435152538326,1.321692778049627,8.855939433756479
RB,absolute_confounded,2008-2016,35.0000000000002,5.000678390769355,1.2462945572556527,8.884172451798957
RB,absolute_confounded,2008-2016,35.050000000000196,4.966978657471448,1.17770238881756,8.911304151764606
RB,absolute_confounded,2008-2016,35.1000000000002,4.933252902914157,1.1111326617888906,8.938165567442095
RB,absolute_confounded,2008-2016,35.150000000000205,4.899501704522113,1.040084639979103,8.96521966067848
RB,absolute_confounded,2008-2016,35.2000000000002,4.86572563971995,0.9429954905531799,8.992462058832267
RB,absolute_confounded,2008-2016,35.2500000000002,4.831925285932288,0.8649527747265334,9.019888389261975
RB,absolute_confounded,2008-2016,35.3000000000002,4.798101220583746,0.7865424038864028,9.047494279326125
RB,absolute_confounded,2008-2016,35.35000000000021,4.764254021098957,0.6979609264795504,9.075275356383228
RB,absolute_confounded,2008-2016,35.400000000000205,4.73038426490255,0.6129065604603151,9.10322724779179
RB,absolute_confounded,2008-2016,35.4500000000002,4.696492529419148,0.5199681159672006,9.131345580910335
RB,absolute_confounded,2008-2016,35.500000000000206,4.66257939207337,0.4299734198290886,9.159625983097378
RB,absolute_confounded,2008-2016,35.55000000000021,4.628645430289849,0.3401921686856454,9.18806408171143
RB,absolute_confounded,2008-2016,35.60000000000021,4.594691221493214,0.2503382290251791,9.216655504111005
RB,absolute_confounded,2008-2016,35.650000000000205,4.560717343108089,0.16032872296083672,9.255494351555758
RB,absolute_confounded,2008-2016,35.70000000000021,4.526724372559093,0.07021726735153148,9.30352691193341
RB,absolute_confounded,2008-2016,35.75000000000021,4.492712887270857,-0.01958825703533408,9.337530345034216
RB,absolute_confounded,2008-2016,35.80000000000021,4.458683464668011,-0.1095336528696375,9.36804739129491
RB,absolute_confounded,2008-2016,35.85000000000021,4.424636682175179,-0.1996144175142902,9.39871427022399
RB,absolute_confounded,2008-2016,35.90000000000021,4.390573117216979,-0.2898260483322087,9.429525998087543
RB,absolute_confounded,2008-2016,35.950000000000216,4.356493347218043,-0.38016404268628656,9.460477591151651
RB,absolute_confounded,2008-2016,36.00000000000021,4.322397949603003,-0.47062389793940146,9.491564065682391
RB,absolute_confounded,2017-2025,21.0,9.149476739421225,7.159307715665061,11.467969222521457
RB,absolute_confounded,2017-2025,21.05,9.198144219357397,7.254720590946968,11.471727953150916
RB,absolute_confounded,2017-2025,21.1,9.24661670506296,7.3472977282218235,11.441145197479013
RB,absolute_confounded,2017-2025,21.150000000000002,9.294871730914467,7.439127809303663,11.40977240469299
RB,absolute_confounded,2017-2025,21.200000000000003,9.342886831288471,7.530287772684703,11.378037123091818
RB,absolute_confounded,2017-2025,21.250000000000004,9.390639540561526,7.621429513135539,11.344548696754817
RB,absolute_confounded,2017-2025,21.300000000000004,9.438107393110187,7.743450028089091,11.311335084121911
RB,absolute_confounded,2017-2025,21.350000000000005,9.485267923311005,7.867328361210546,11.282036859057829
RB,absolute_confounded,2017-2025,21.400000000000006,9.532098665540536,7.94496364258807,11.25619034587072
RB,absolute_confounded,2017-2025,21.450000000000006,9.578577154175335,8.068788667053992,11.222796362711714
RB,absolute_confounded,2017-2025,21.500000000000007,9.624680923591953,8.147834501382299,11.176909686406214
RB,absolute_confounded,2017-2025,21.550000000000008,9.670387508166943,8.222989967447576,11.165940407531552
RB,absolute_confounded,2017-2025,21.60000000000001,9.715674442276864,8.298434529399072,11.163703652887156
RB,absolute_confounded,2017-2025,21.65000000000001,9.760519260298263,8.417102587542272,11.169819030681005
RB,absolute_confounded,2017-2025,21.70000000000001,9.8048994966077,8.495160693297734,11.176070588151104
RB,absolute_confounded,2017-2025,21.75000000000001,9.848792685581726,8.5941481501288,11.182170968415354
RB,absolute_confounded,2017-2025,21.80000000000001,9.892176361596894,8.668120358146078,11.188186055410537
RB,absolute_confounded,2017-2025,21.850000000000012,9.935028059029758,8.746294789751154,11.186095527664094
RB,absolute_confounded,2017-2025,21.900000000000013,9.977325312256873,8.82980609892257,11.201612597337501
RB,absolute_confounded,2017-2025,21.950000000000014,10.019045655654793,8.902251636555109,11.208828766928344
RB,absolute_confounded,2017-2025,22.000000000000014,10.060166623600072,8.981676473138121,11.216360378157741
RB,absolute_confounded,2017-2025,22.050000000000015,10.10066575046926,9.054976766300944,11.259415720703016
RB,absolute_confounded,2017-2025,22.100000000000016,10.140520570638914,9.079227737488052,11.276358003714753
RB,absolute_confounded,2017-2025,22.150000000000016,10.17970861848559,9.12748372590732,11.292348063975814
RB,absolute_confounded,2017-2025,22.200000000000017,10.218207428385837,9.199959305080753,11.301161748557778
RB,absolute_confounded,2017-2025,22.250000000000018,10.25599453471621,9.248049383212827,11.323118856651373
RB,absolute_confounded,2017-2025,22.30000000000002,10.293047471853267,9.270599513868127,11.352311471127683
RB,absolute_confounded,2017-2025,22.35000000000002,10.329343774173555,9.303737146354418,11.372074294886424
RB,absolute_confounded,2017-2025,22.40000000000002,10.364860976053633,9.340248240827478,11.41511556603201
RB,absolute_confounded,2017-2025,22.45000000000002,10.399576611870053,9.381117068288452,11.431385373710162
RB,absolute_confounded,2017-2025,22.50000000000002,10.433468215999369,9.380729335238527,11.462709187257296
RB,absolute_confounded,2017-2025,22.550000000000022,10.466513322818134,9.383658654233367,11.496177822234484
RB,absolute_confounded,2017-2025,22.600000000000023,10.498689466702903,9.426141603073981,11.544111027853942
RB,absolute_confounded,2017-2025,22.650000000000023,10.529974182030228,9.463030247318914,11.574535626255406
RB,absolute_confounded,2017-2025,22.700000000000024,10.560345003176666,9.479341488171187,11.599368759880774
RB,absolute_confounded,2017-2025,22.750000000000025,10.589779464518767,9.49138965863294,11.641188379985582
RB,absolute_confounded,2017-2025,22.800000000000026,10.618255100433087,9.504237803601516,11.694996720138654
RB,absolute_confounded,2017-2025,22.850000000000026,10.64574944529618,9.517904666766341,11.699838681165463
RB,absolute_confounded,2017-2025,22.900000000000027,10.672240033484599,9.53240899181685,11.723347977760072
RB,absolute_confounded,2017-2025,22.950000000000028,10.697704399374897,9.551237003378931,11.750667515627292
RB,absolute_confounded,2017-2025,23.00000000000003,10.72212007734363,9.564705080831315,11.774542567778646
RB,absolute_confounded,2017-2025,23.05000000000003,10.74546460176735,9.581331112503495,11.795199942805612
RB,absolute_confounded,2017-2025,23.10000000000003,10.767715507022611,9.604421790167839,11.813208450088673
RB,absolute_confounded,2017-2025,23.15000000000003,10.788850327485967,9.645615346299293,11.832698768419087
RB,absolute_confounded,2017-2025,23.20000000000003,10.808846597533973,9.687073590249643,11.845190170665491
RB,absolute_confounded,2017-2025,23.250000000000032,10.827681851543181,9.699245465872165,11.845777886091362
RB,absolute_confounded,2017-2025,23.300000000000033,10.845333623890145,9.726783165239643,11.881296193670885
RB,absolute_confounded,2017-2025,23.350000000000033,10.861779448951419,9.75718387976959,11.882290455622753
RB,absolute_confounded,2017-2025,23.400000000000034,10.876996861103557,9.787819608501046,11.880210919620364
RB,absolute_confounded,2017-2025,23.450000000000035,10.890963394723114,9.818484322156014,11.88337795865664
RB,absolute_confounded,2017-2025,23.500000000000036,10.903657249984875,9.849177871117162,11.893984702097407
RB,absolute_confounded,2017-2025,23.550000000000036,10.91507538629316,9.87988122299524,11.903787714236348
RB,absolute_confounded,2017-2025,23.600000000000037,10.925235663392472,9.902041196150888,11.907344340499227
RB,absolute_confounded,2017-2025,23.650000000000038,10.934157036616366,9.905816992657634,11.8970244793551
RB,absolute_confounded,2017-2025,23.70000000000004,10.941858461298388,9.896829137527924,11.892523696716538
RB,absolute_confounded,2017-2025,23.75000000000004,10.94835889277209,9.927114473588192,11.866396351405662
RB,absolute_confounded,2017-2025,23.80000000000004,10.953677286371022,9.954444168754359,11.849503311010922
RB,absolute_confounded,2017-2025,23.85000000000004,10.957832597428737,9.971091730826139,11.843965070961916
RB,absolute_confounded,2017-2025,23.90000000000004,10.960843781278783,9.982736920391487,11.833713447385637
RB,absolute_confounded,2017-2025,23.950000000000042,10.962729793254713,9.999272199547576,11.801966299992033
RB,absolute_confounded,2017-2025,24.000000000000043,10.963509588690075,10.022009732110662,11.804316679096832
RB,absolute_confounded,2017-2025,24.050000000000043,10.963202122918421,10.038500463652662,11.800952695721637
RB,absolute_confounded,2017-2025,24.100000000000044,10.9618263512733,10.043283480932848,11.778473400621577
RB,absolute_confounded,2017-2025,24.150000000000045,10.959401229088266,10.044823741026427,11.767060827804906
RB,absolute_confounded,2017-2025,24.200000000000045,10.955945711696867,10.060819354326867,11.764205049093604
RB,absolute_confounded,2017-2025,24.250000000000046,10.951478754432653,10.055784627861723,11.783427766249858
RB,absolute_confounded,2017-2025,24.300000000000047,10.946019312629176,10.056829668490044,11.79052998706641
RB,absolute_confounded,2017-2025,24.350000000000048,10.939586341619984,10.048818234695526,11.786004919693404
RB,absolute_confounded,2017-2025,24.40000000000005,10.932198796738632,10.045563698470573,11.790016990627135
RB,absolute_confounded,2017-2025,24.45000000000005,10.923875633318668,10.03295378546127,11.776631515339586
RB,absolute_confounded,2017-2025,24.50000000000005,10.91463580669364,10.016017565464747,11.784085292884301
RB,absolute_confounded,2017-2025,24.55000000000005,10.904498272197104,9.99966879152476,11.783773335537305
RB,absolute_confounded,2017-2025,24.60000000000005,10.893481985162607,9.983041485272896,11.760362601622777
RB,absolute_confounded,2017-2025,24.650000000000052,10.881605900923702,9.963759500928695,11.763578337636275
RB,absolute_confounded,2017-2025,24.700000000000053,10.868888974813936,9.936970133225987,11.75686326433829
RB,absolute_confounded,2017-2025,24.750000000000053,10.855350162166863,9.928167972004005,11.760920587920701
RB,absolute_confounded,2017-2025,24.800000000000054,10.841008418316031,9.910769186045897,11.747066110774108
RB,absolute_confounded,2017-2025,24.850000000000055,10.82588221076495,9.89194877947315,11.730407623186691
RB,absolute_confounded,2017-2025,24.900000000000055,10.809982219401325,9.873775897618547,11.709353266923229
RB,absolute_confounded,2017-2025,24.950000000000056,10.793312869241564,9.855648792120181,11.693415673197935
RB,absolute_confounded,2017-2025,25.000000000000057,10.775878408644532,9.837618297852943,11.6759138523419
RB,absolute_confounded,2017-2025,25.050000000000058,10.7576830859691,9.825910158323317,11.657581523356084
RB,absolute_confounded,2017-2025,25.10000000000006,10.73873114957413,9.815956492950123,11.626946910372116
RB,absolute_confounded,2017-2025,25.15000000000006,10.719026847818496,9.807254766258001,11.600871780546461
RB,absolute_confounded,2017-2025,25.20000000000006,10.69857442906106,9.800038651412798,11.579761560021588
RB,absolute_confounded,2017-2025,25.25000000000006,10.67737814166069,9.793802205888252,11.547134065767713
RB,absolute_confounded,2017-2025,25.30000000000006,10.655442233976254,9.787429344348734,11.51669645605688
RB,absolute_confounded,2017-2025,25.350000000000062,10.63277095436662,9.751403381060996,11.484880209387507
RB,absolute_confounded,2017-2025,25.400000000000063,10.609368551190654,9.713445865635807,11.453274443017833
RB,absolute_confounded,2017-2025,25.450000000000063,10.585239272807224,9.69857944367906,11.417828155122109
RB,absolute_confounded,2017-2025,25.500000000000064,10.560387367575197,9.679049848641917,11.389288286990949
RB,absolute_confounded,2017-2025,25.550000000000065,10.53481708385344,9.652885138249498,11.370087451654792
RB,absolute_confounded,2017-2025,25.600000000000065,10.50853267000082,9.631564267818973,11.349999864291046
RB,absolute_confounded,2017-2025,25.650000000000066,10.481538374376203,9.589707021260883,11.330027376038041
RB,absolute_confounded,2017-2025,25.700000000000067,10.45383844533846,9.54863224348591,11.300527335340156
RB,absolute_confounded,2017-2025,25.750000000000068,10.425437131246456,9.534306111400692,11.274847677229621
RB,absolute_confounded,2017-2025,25.800000000000068,10.396338680459056,9.475128884648653,11.242935404264268
RB,absolute_confounded,2017-2025,25.85000000000007,10.366547341335131,9.425881038606969,11.225451999578754
RB,absolute_confounded,2017-2025,25.90000000000007,10.336067362233548,9.384001485307856,11.189674851936271
RB,absolute_confounded,2017-2025,25.95000000000007,10.30490299151317,9.342685144490407,11.182891163149232
RB,absolute_confounded,2017-2025,26.00000000000007,10.273058477532869,9.301454524967872,11.172245165706803
RB,absolute_confounded,2017-2025,26.05000000000007,10.24053806865151,9.257181348119172,11.144650753198245
RB,absolute_confounded,2017-2025,26.100000000000072,10.20734601322796,9.220642363041469,11.134311275871623
RB,absolute_confounded,2017-2025,26.150000000000073,10.173486559621086,9.183524284209438,11.120756732370797
RB,absolute_confounded,2017-2025,26.200000000000074,10.138963956189757,9.149554647687664,11.103952343276575
RB,absolute_confounded,2017-2025,26.250000000000075,10.10378245129284,9.100616392792372,11.069188037656971
RB,absolute_confounded,2017-2025,26.300000000000075,10.0679462932892,9.0610958532494,11.035197287569112
RB,absolute_confounded,2017-2025,26.350000000000076,10.031459730537707,9.004481399668192,10.99848283743699
RB,absolute_confounded,2017-2025,26.400000000000077,9.994327011397225,8.964873296868198,10.97447505057872
RB,absolute_confounded,2017-2025,26.450000000000077,9.956552579810227,8.932114569200664,10.951726522953932
RB,absolute_confounded,2017-2025,26.500000000000078,9.918148109469996,8.885168955838335,10.921426379479216
RB,absolute_confounded,2017-2025,26.55000000000008,9.879134455200207,8.83963480605,10.892993446145308
RB,absolute_confounded,2017-2025,26.60000000000008,9.839533064682517,8.80739255282924,10.85343191314727
RB,absolute_confounded,2017-2025,26.65000000000008,9.799365385598588,8.767522440328216,10.818955210808413
RB,absolute_confounded,2017-2025,26.70000000000008,9.758652865630076,8.728535698847132,10.7808313688871
RB,absolute_confounded,2017-2025,26.75000000000008,9.717416952458645,8.688214273515612,10.736965289974043
RB,absolute_confounded,2017-2025,26.800000000000082,9.675679093765954,8.620660886426077,10.696885845732268
RB,absolute_confounded,2017-2025,26.850000000000083,9.633460737233664,8.57869560943395,10.662070712059274
RB,absolute_confounded,2017-2025,26.900000000000084,9.590783330543433,8.546834015576707,10.620484112754259
RB,absolute_confounded,2017-2025,26.950000000000085,9.547668321376921,8.51604227101133,10.57260232931751
RB,absolute_confounded,2017-2025,27.000000000000085,9.50413715741579,8.486317122819173,10.521150506752964
RB,absolute_confounded,2017-2025,27.050000000000086,9.460211286341698,8.435033145619144,10.483044971492713
RB,absolute_confounded,2017-2025,27.100000000000087,9.415912155836308,8.376119522641629,10.436596126397404
RB,absolute_confounded,2017-2025,27.150000000000087,9.371261213581276,8.332774140485691,10.382219425128971
RB,absolute_confounded,2017-2025,27.200000000000088,9.326279907258266,8.282015050791113,10.337378829668518
RB,absolute_confounded,2017-2025,27.25000000000009,9.280989684548935,8.257632521775477,10.299596626093368
RB,absolute_confounded,2017-2025,27.30000000000009,9.235411993134944,8.199754309616196,10.271696516374666
RB,absolute_confounded,2017-2025,27.35000000000009,9.189568280697955,8.161694946681644,10.231366903681092
RB,absolute_confounded,2017-2025,27.40000000000009,9.143479994919623,8.132552184562472,10.16846655837878
RB,absolute_confounded,2017-2025,27.45000000000009,9.097168583481613,8.100156530794596,10.099645009470086
RB,absolute_confounded,2017-2025,27.500000000000092,9.050655494065584,8.059095200341442,10.064976549180264
RB,absolute_confounded,2017-2025,27.550000000000093,9.003962174353195,8.016980410677903,10.00602918400925
RB,absolute_confounded,2017-2025,27.600000000000094,8.957110072026106,7.97089289324853,9.948006932017622
RB,absolute_confounded,2017-2025,27.650000000000095,8.910120634765978,7.926988351586868,9.892241247672093
RB,absolute_confounded,2017-2025,27.700000000000095,8.86301531025447,7.888642307383528,9.862175690278567
RB,absolute_confounded,2017-2025,27.750000000000096,8.815815546173242,7.833520953385849,9.82071591337478
RB,absolute_confounded,2017-2025,27.800000000000097,8.768542790203956,7.778098194010263,9.778821045874734
RB,absolute_confounded,2017-2025,27.850000000000097,8.721218490028269,7.756954132374859,9.735798508308834
RB,absolute_confounded,2017-2025,27.900000000000098,8.673864093327843,7.6954221471470605,9.69390936542299
RB,absolute_confounded,2017-2025,27.9500000000001,8.62650104778434,7.6338380388046705,9.650996340419583
RB,absolute_confounded,2017-2025,28.0000000000001,8.579150801079415,7.572253015295621,9.607291235926217
RB,absolute_confounded,2017-2025,28.0500000000001,8.53183480089473,7.510718284567842,9.563184657820402
RB,absolute_confounded,2017-2025,28.1000000000001,8.484574494911948,7.449291224547496,9.506803004484647
RB,absolute_confounded,2017-2025,28.1500000000001,8.437391330812725,7.3938185413985344,9.445377402692358
RB,absolute_confounded,2017-2025,28.200000000000102,8.390306756278724,7.343812839119275,9.393114451265486
RB,absolute_confounded,2017-2025,28.250000000000103,8.343342218991603,7.294392631420946,9.360861388148164
RB,absolute_confounded,2017-2025,28.300000000000104,8.296519166633024,7.2325361208559436,9.32895566608169
RB,absolute_confounded,2017-2025,28.350000000000104,8.249859046884644,7.185705896925491,9.296344549505227
RB,absolute_confounded,2017-2025,28.400000000000105,8.203383280938084,7.132100439214926,9.256255265179767
RB,absolute_confounded,2017-2025,28.450000000000106,8.157107027918567,7.073603367480118,9.213633704884694
RB,absolute_confounded,2017-2025,28.500000000000107,8.111031143942846,7.005558539542339,9.19793149992286
RB,absolute_confounded,2017-2025,28.550000000000107,8.065154497393769,6.951796773176869,9.165023793869917
RB,absolute_confounded,2017-2025,28.600000000000108,8.019475956654178,6.899022389516177,9.127866331602949
RB,absolute_confounded,2017-2025,28.65000000000011,7.973994390106926,6.850261981709735,9.076263466373497
RB,absolute_confounded,2017-2025,28.70000000000011,7.928708666134854,6.795097519789389,9.028584436314436
RB,absolute_confounded,2017-2025,28.75000000000011,7.8836176531208135,6.741623732603774,8.999611373912652
RB,absolute_confounded,2017-2025,28.80000000000011,7.838720219447649,6.689751025833531,8.958507838699292
RB,absolute_confounded,2017-2025,28.85000000000011,7.794015233498207,6.6382105001293175,8.92962471150755
RB,absolute_confounded,2017-2025,28.900000000000112,7.749501563655335,6.587136955363562,8.905022837639917
RB,absolute_confounded,2017-2025,28.950000000000113,7.705178078301881,6.538789629641775,8.880003254831252
RB,absolute_confounded,2017-2025,29.000000000000114,7.661043645820689,6.485863465905266,8.846112081620117
RB,absolute_confounded,2017-2025,29.050000000000114,7.617097134594607,6.433009976440682,8.806296975835195
RB,absolute_confounded,2017-2025,29.100000000000115,7.573337413006483,6.379060412246862,8.766465600537204
RB,absolute_confounded,2017-2025,29.150000000000116,7.529763349439161,6.320334028923903,8.729635843934787
RB,absolute_confounded,2017-2025,29.200000000000117,7.486373812275491,6.265194825212834,8.703293642218215
RB,absolute_confounded,2017-2025,29.250000000000117,7.443167669898317,6.212438728421089,8.676709148804491
RB,absolute_confounded,2017-2025,29.300000000000118,7.400143790690489,6.155390022987224,8.64054317417667
RB,absolute_confounded,2017-2025,29.35000000000012,7.35730104303485,6.099838936946063,8.604175915467158
RB,absolute_confounded,2017-2025,29.40000000000012,7.31463829531425,6.045107344338125,8.567608630195785
RB,absolute_confounded,2017-2025,29.45000000000012,7.272154415911533,5.991532217176622,8.532773754625163
RB,absolute_confounded,2017-2025,29.50000000000012,7.229848273209547,5.939106239039331,8.504223569290504
RB,absolute_confounded,2017-2025,29.55000000000012,7.18771873559114,5.8878220935040275,8.475682873151213
RB,absolute_confounded,2017-2025,29.600000000000122,7.1457646714391565,5.837825549689852,8.4469395915571
RB,absolute_confounded,2017-2025,29.650000000000123,7.1039849491364455,5.7890021563094285,8.418059227892643
RB,absolute_confounded,2017-2025,29.700000000000124,7.062378437065853,5.741280424870162,8.389191796616505
RB,absolute_confounded,2017-2025,29.750000000000124,7.020944003610225,5.694775283033969,8.352768287843608
RB,absolute_confounded,2017-2025,29.800000000000125,6.979680517152408,5.649465221978644,8.310890898761734
RB,absolute_confounded,2017-2025,29.850000000000126,6.93858684607525,5.601513256853246,8.268979617786426
RB,absolute_confounded,2017-2025,29.900000000000126,6.897661858761598,5.556915661589999,8.22703467076677
RB,absolute_confounded,2017-2025,29.950000000000127,6.8569044235942975,5.520025840464866,8.190087493300986
RB,absolute_confounded,2017-2025,30.000000000000128,6.816313408956196,5.479018843582701,8.154335751958381
RB,absolute_confounded,2017-2025,30.05000000000013,6.77588768323014,5.441633820021138,8.118289845875756
RB,absolute_confounded,2017-2025,30.10000000000013,6.735626114798976,5.400010464427375,8.081951788992589
RB,absolute_confounded,2017-2025,30.15000000000013,6.6955275720455525,5.361441067441475,8.05118200876944
RB,absolute_confounded,2017-2025,30.20000000000013,6.6555909233527135,5.321099693488335,8.024306355828948
RB,absolute_confounded,2017-2025,30.25000000000013,6.6158150371033075,5.274443729523236,7.997004957662251
RB,absolute_confounded,2017-2025,30.300000000000132,6.576198781680182,5.2220453459498675,7.969235563309575
RB,absolute_confounded,2017-2025,30.350000000000133,6.536741025466181,5.178596636741802,7.940832553168229
RB,absolute_confounded,2017-2025,30.400000000000134,6.4974406368441535,5.145310794126837,7.912013273231258
RB,absolute_confounded,2017-2025,30.450000000000134,6.458296484196947,5.1139266082097325,7.882780716859841
RB,absolute_confounded,2017-2025,30.500000000000135,6.419307435907406,5.083132714605102,7.853137877415162
RB,absolute_confounded,2017-2025,30.550000000000136,6.380472360358379,5.047376804186153,7.823087748258401
RB,absolute_confounded,2017-2025,30.600000000000136,6.341790125932713,5.0056335442744215,7.793006333088371
RB,absolute_confounded,2017-2025,30.650000000000137,6.303259601013253,4.964055956325804,7.767363671627536
RB,absolute_confounded,2017-2025,30.700000000000138,6.264879653982845,4.922642804575717,7.737264040603089
RB,absolute_confounded,2017-2025,30.75000000000014,6.22664915322434,4.8813928532595705,7.700193450556388
RB,absolute_confounded,2017-2025,30.80000000000014,6.188566967120581,4.8403048666127795,7.667323771241171
RB,absolute_confounded,2017-2025,30.85000000000014,6.150631964054416,4.799377608870756,7.640685504633297
RB,absolute_confounded,2017-2025,30.90000000000014,6.1128430124086925,4.752375114348073,7.602249572756974
RB,absolute_confounded,2017-2025,30.95000000000014,6.075198980566255,4.7053391848127895,7.5612189724086765
RB,absolute_confounded,2017-2025,31.000000000000142,6.037698736909952,4.671636148162192,7.522549650809746
RB,absolute_confounded,2017-2025,31.050000000000143,6.000341149822631,4.631569824223323,7.501746282930529
RB,absolute_confounded,2017-2025,31.100000000000144,5.963125087687139,4.576906010673942,7.4621416057786485
RB,absolute_confounded,2017-2025,31.150000000000144,5.926049418886319,4.5243480751109235,7.427717918553259
RB,absolute_confounded,2017-2025,31.200000000000145,5.889113011803023,4.485673472449437,7.397945346169286
RB,absolute_confounded,2017-2025,31.250000000000146,5.852314734820093,4.439198272108013,7.372723488234129
RB,absolute_confounded,2017-2025,31.300000000000146,5.81565345632038,4.391409179607631,7.352038407301947
RB,absolute_confounded,2017-2025,31.350000000000147,5.779128044686727,4.344046693569809,7.317110363213309
RB,absolute_confounded,2017-2025,31.400000000000148,5.742737368301983,4.3244029608821135,7.275907578145657
RB,absolute_confounded,2017-2025,31.45000000000015,5.706480295548994,4.297913175774632,7.234395346931392
RB,absolute_confounded,2017-2025,31.50000000000015,5.670355694810607,4.264867604954788,7.192785441288968
RB,absolute_confounded,2017-2025,31.55000000000015,5.6343624344696694,4.224724814269048,7.151078695583731
RB,absolute_confounded,2017-2025,31.60000000000015,5.5984993829090275,4.188228923475911,7.109275944181029
RB,absolute_confounded,2017-2025,31.65000000000015,5.5627654085115275,4.151989812115129,7.069145220449449
RB,absolute_confounded,2017-2025,31.700000000000152,5.5271593796600165,4.116005229006067,7.064299320393179
RB,absolute_confounded,2017-2025,31.750000000000153,5.4916801647373426,4.080272922968086,7.060450986403135
RB,absolute_confounded,2017-2025,31.800000000000153,5.45632663212635,4.0448208292511385,7.056814589314446
RB,absolute_confounded,2017-2025,31.850000000000154,5.421097650209887,4.004863741072627,7.022533586995991
RB,absolute_confounded,2017-2025,31.900000000000155,5.3859920873708,3.944322293605649,6.975420194356339
RB,absolute_confounded,2017-2025,31.950000000000156,5.351008811991937,3.9153408706557427,6.972821179600095
RB,absolute_confounded,2017-2025,32.000000000000156,5.316146692456143,3.8902703196864894,6.9708017934683975
RB,absolute_confounded,2017-2025,32.05000000000015,5.281404597146269,3.830884310171229,6.936585883619762
RB,absolute_confounded,2017-2025,32.10000000000016,5.246781394445152,3.771893597659111,6.901766480886237
RB,absolute_confounded,2017-2025,32.15000000000016,5.212275952735646,3.712866653104113,6.875570340049296
RB,absolute_confounded,2017-2025,32.20000000000016,5.177887140400601,3.6709664129629367,6.876217643043698
RB,absolute_confounded,2017-2025,32.250000000000156,5.143613825822861,3.632736667690524,6.883904645063725
RB,absolute_confounded,2017-2025,32.30000000000016,5.109454877385264,3.5781611438461516,6.87667029714903
RB,absolute_confounded,2017-2025,32.350000000000165,5.075409163470668,3.5235798026453025,6.876051840158216
RB,absolute_confounded,2017-2025,32.40000000000016,5.041475552461918,3.4783244560742865,6.850383546082965
RB,absolute_confounded,2017-2025,32.45000000000016,5.007652912741859,3.4163291003854703,6.844400222845841
RB,absolute_confounded,2017-2025,32.50000000000016,4.973940112693334,3.3585015347377403,6.830817590027923
RB,absolute_confounded,2017-2025,32.55000000000017,4.940336020699192,3.3114836413568054,6.800034881829996
RB,absolute_confounded,2017-2025,32.600000000000165,4.906839505142285,3.2845096285201674,6.779579686597164
RB,absolute_confounded,2017-2025,32.65000000000016,4.873449434405457,3.2591579071537953,6.799471434931751
RB,absolute_confounded,2017-2025,32.700000000000166,4.8401646768715505,3.234177655718887,6.8200421661084265
RB,absolute_confounded,2017-2025,32.75000000000017,4.806984100923412,3.2095648826765433,6.841284584283837
RB,absolute_confounded,2017-2025,32.80000000000017,4.773906574943898,3.1853155964878686,6.845155464076036
RB,absolute_confounded,2017-2025,32.850000000000165,4.740930967315849,3.1509440333301453,6.873155965373677
RB,absolute_confounded,2017-2025,32.90000000000017,4.708056146422107,3.1177812539301946,6.910274030612579
RB,absolute_confounded,2017-2025,32.95000000000017,4.675280980645523,3.0916858044239612,6.928330125088384
RB,absolute_confounded,2017-2025,33.00000000000017,4.64260433836895,3.06592368257561,6.934953355151402
RB,absolute_confounded,2017-2025,33.05000000000017,4.610025087975228,3.040491059864063,6.916319066231524
RB,absolute_confounded,2017-2025,33.10000000000017,4.5775420978472,3.0153841077682575,6.890704320680564
RB,absolute_confounded,2017-2025,33.150000000000176,4.545154236367718,2.990598997767129,6.865141396224398
RB,absolute_confounded,2017-2025,33.20000000000017,4.512860371919633,2.9661319013396144,6.852768448078338
RB,absolute_confounded,2017-2025,33.25000000000017,4.480659372885786,2.9256188712125972,6.854286917207561
RB,absolute_confounded,2017-2025,33.300000000000175,4.448550107649022,2.852132630698752,6.855957616038889
RB,absolute_confounded,2017-2025,33.35000000000018,4.41653144459219,2.81151890303315,6.857778666684919
RB,absolute_confounded,2017-2025,33.400000000000176,4.3846022520981425,2.7785713153132727,6.859748191258244
RB,absolute_confounded,2017-2025,33.45000000000017,4.35276139854972,2.7464444820467486,6.86186431187146
RB,absolute_confounded,2017-2025,33.50000000000018,4.321007752329767,2.714548452909903,6.875121171960605
RB,absolute_confounded,2017-2025,33.55000000000018,4.2893401818211325,2.682880232949027,6.89639572923048
RB,absolute_confounded,2017-2025,33.60000000000018,4.257757555406669,2.651436827210411,6.918057421974931
RB,absolute_confounded,2017-2025,33.650000000000176,4.22625874146922,2.6202152407403423,6.94010109281194
RB,absolute_confounded,2017-2025,33.70000000000018,4.194842608391626,2.5892124785850994,6.9625215843594965
RB,absolute_confounded,2017-2025,33.750000000000185,4.163508024556738,2.555250441095995,6.98531373923558
RB,absolute_confounded,2017-2025,33.80000000000018,4.1322538583474095,2.5268312353115525,7.008472400058172
RB,absolute_confounded,2017-2025,33.85000000000018,4.1010789781464805,2.4956802692649127,7.031992409445257
RB,absolute_confounded,2017-2025,33.90000000000018,4.069982252336795,2.4647286333786704,7.055868610014823
RB,absolute_confounded,2017-2025,33.95000000000019,4.0389625493012025,2.427714583942291,7.080095844384852
RB,absolute_confounded,2017-2025,34.000000000000185,4.008018737422556,2.359943289189825,7.119000288306324
RB,absolute_confounded,2017-2025,34.05000000000018,3.9771496850836963,2.2919713497936436,7.148245994562661
RB,absolute_confounded,2017-2025,34.100000000000186,3.9463542606674666,2.2238018028633952,7.1634368490381775
RB,absolute_confounded,2017-2025,34.15000000000019,3.9156313325567176,2.155452846257659,7.181178790720712
RB,absolute_confounded,2017-2025,34.20000000000019,3.8849797691343015,2.0874131168370296,7.206800949095809
RB,absolute_confounded,2017-2025,34.250000000000185,3.8543984387830594,2.0442114660760464,7.213370911032886
RB,absolute_confounded,2017-2025,34.30000000000019,3.823886209885833,2.0263085582087155,7.220404057482265
RB,absolute_confounded,2017-2025,34.35000000000019,3.7934419508254766,2.0086048823829725,7.235476198811689
RB,absolute_confounded,2017-2025,34.40000000000019,3.763064529984838,1.991097121621671,7.250793946863761
RB,absolute_confounded,2017-2025,34.45000000000019,3.732752815746762,1.9737819589476588,7.278233716669751
RB,absolute_confounded,2017-2025,34.50000000000019,3.7025056764940896,1.939743215470842,7.317902282177752
RB,absolute_confounded,2017-2025,34.550000000000196,3.6723219806096727,1.885634027616687,7.358027063491658
RB,absolute_confounded,2017-2025,34.60000000000019,3.6422005964763633,1.8315654365991707,7.398599923249813
RB,absolute_confounded,2017-2025,34.65000000000019,3.6121403924769995,1.7793907932950472,7.439612724090583
RB,absolute_confounded,2017-2025,34.700000000000195,3.58214023699443,1.7512100752018085,7.481057328652325
RB,absolute_confounded,2017-2025,34.7500000000002,3.5521989984115017,1.6983056720510141,7.515324786021412
RB,absolute_confounded,2017-2025,34.800000000000196,3.5223155451110673,1.6640664970436052,7.545375410334577
RB,absolute_confounded,2017-2025,34.85000000000019,3.4924887454759688,1.6086377587702183,7.575689343508679
RB,absolute_confounded,2017-2025,34.9000000000002,3.462717467889046,1.5424089450140352,7.605869256776918
RB,absolute_confounded,2017-2025,34.9500000000002,3.4330005807331556,1.476152419056966,7.636090869020902
RB,absolute_confounded,2017-2025,35.0000000000002,3.403336952391143,1.4099595552308901,7.666555258294682
RB,absolute_confounded,2017-2025,35.050000000000196,3.373725451245856,1.3605930940983262,7.696163819459865
RB,absolute_confounded,2017-2025,35.1000000000002,3.3441649456801326,1.2948935152141994,7.7167022979878075
RB,absolute_confounded,2017-2025,35.150000000000205,3.314654304076826,1.2630914163340659,7.73742577073453
RB,absolute_confounded,2017-2025,35.2000000000002,3.285192394818787,1.199578739240666,7.75833003942494
RB,absolute_confounded,2017-2025,35.2500000000002,3.255778086288858,1.1280480903069643,7.779410905783951
RB,absolute_confounded,2017-2025,35.3000000000002,3.2264102468698823,1.060764284901776,7.80066417153648
RB,absolute_confounded,2017-2025,35.35000000000021,3.1970877449447093,1.0049309590791906,7.822085638407434
RB,absolute_confounded,2017-2025,35.400000000000205,3.1678094488961914,0.9490578950545626,7.850536866312978
RB,absolute_confounded,2017-2025,35.4500000000002,3.1385742271071706,0.8937652189045565,7.903026390106549
RB,absolute_confounded,2017-2025,35.500000000000206,3.1093809479604886,0.8273644273186394,7.955802210345929
RB,absolute_confounded,2017-2025,35.55000000000021,3.0802284798389987,0.7601133029309907,8.008856602721172
RB,absolute_confounded,2017-2025,35.60000000000021,3.051115691125549,0.6929257660625003,8.050138516772986
RB,absolute_confounded,2017-2025,35.650000000000205,3.022041450202982,0.6511768960780856,8.07430503204089
RB,absolute_confounded,2017-2025,35.70000000000021,2.9930046254541454,0.5738854495022453,8.098629726993362
RB,absolute_confounded,2017-2025,35.75000000000021,2.964004085261884,0.49647268836314995,8.139641023180332
RB,absolute_confounded,2017-2025,35.80000000000021,2.935038698009053,0.42305197526129884,8.182942025027371
RB,absolute_confounded,2017-2025,35.85000000000021,2.906107332078493,0.3551248656503918,8.221258225240183
RB,absolute_confounded,2017-2025,35.90000000000021,2.8772088558530458,0.28712072277091316,8.255741335648475
RB,absolute_confounded,2017-2025,35.950000000000216,2.848342137715563,0.2191575089599802,8.290371007455754
RB,absolute_confounded,2017-2025,36.00000000000021,2.8195060460488977,0.1513828411931779,8.325142018326426
