player_id,season,G,mtch,name,M,p_hat,birth_date,rookie_season,age
00-0022736,2014,15,14.466666666666667,Steven Jackson,16,0.9375,1983-07-22,2004,31
00-0022736,2015,2,11.0,Steven Jackson,16,0.125,1983-07-22,2004,32
00-0023500,2014,16,17.125,Frank Gore,16,1.0,1983-05-14,2005,31
00-0023500,2015,16,19.875,Frank Gore,16,1.0,1983-05-14,2005,32
00-0023500,2016,16,19.375,Frank Gore,16,1.0,1983-05-14,2005,33
00-0023500,2017,16,18.6875,Frank Gore,16,1.0,1983-05-14,2005,34
00-0023500,2018,14,12.285714285714286,Frank Gore,16,0.875,1983-05-14,2005,35
00-0023500,2019,15,12.133333333333333,Frank Gore,16,0.9375,1983-05-14,2005,36
00-0023500,2020,14,14.642857142857142,Frank Gore,16,0.875,1983-05-14,2005,37
00-0023564,2014,15,7.933333333333334,Darren Sproles,16,0.9375,1983-06-20,2005,31
00-0023564,2015,16,10.375,Darren Sproles,16,1.0,1983-06-20,2005,32
00-0023564,2016,15,11.0,Darren Sproles,16,0.9375,1983-06-20,2005,33
00-0023564,2017,3,9.0,Darren Sproles,16,0.1875,1983-06-20,2005,34
00-0023564,2018,6,8.666666666666666,Darren Sproles,16,0.375,1983-06-20,2005,35
00-0023564,2019,5,5.2,Darren Sproles,16,0.3125,1983-06-20,2005,36
00-0024204,2014,14,16.5,Fred Jackson,16,0.875,1981-02-20,2006,33
00-0024204,2015,13,5.0,Fred Jackson,16,0.8125,1981-02-20,2006,34
00-0024217,2014,11,12.0,Reggie Bush,16,0.6875,1985-03-02,2006,29
00-0024217,2015,3,5.333333333333333,Reggie Bush,16,0.1875,1985-03-02,2006,30
00-0024242,2014,6,11.333333333333334,DeAngelo Williams,16,0.375,1983-04-25,2006,31
00-0024242,2015,14,17.5,DeAngelo Williams,16,0.875,1983-04-25,2006,32
00-0024242,2016,7,17.714285714285715,DeAngelo Williams,16,0.4375,1983-04-25,2006,33
00-0024275,2014,11,5.363636363636363,Maurice Jones-Drew,16,0.6875,1985-03-23,2006,29
00-0024332,2014,9,4.666666666666667,Leon Washington,16,0.5625,1982-08-29,2006,32
00-0024813,2014,11,9.090909090909092,Pierre Thomas,16,0.6875,1984-12-18,2007,30
00-0024813,2015,3,8.333333333333334,Pierre Thomas,16,0.1875,1984-12-18,2007,31
00-0025394,2014,1,24.0,Adrian Peterson,16,0.0625,1985-03-21,2007,29
00-0025394,2015,16,22.6875,Adrian Peterson,16,1.0,1985-03-21,2007,30
00-0025394,2016,3,14.333333333333334,Adrian Peterson,16,0.1875,1985-03-21,2007,31
00-0025394,2017,10,17.5,Adrian Peterson,16,0.625,1985-03-21,2007,32
00-0025394,2018,16,17.3125,Adrian Peterson,16,1.0,1985-03-21,2007,33
00-0025394,2019,15,15.6,Adrian Peterson,16,0.9375,1985-03-21,2007,34
00-0025394,2020,16,10.875,Adrian Peterson,16,1.0,1985-03-21,2007,35
00-0025394,2021,4,10.5,Adrian Peterson,17,0.23529411764705882,1985-03-21,2007,36
00-0025399,2014,16,20.5,Marshawn Lynch,16,1.0,1986-04-22,2007,28
00-0025399,2015,7,18.857142857142858,Marshawn Lynch,16,0.4375,1986-04-22,2007,29
00-0025399,2017,15,15.866666666666667,Marshawn Lynch,16,0.9375,1986-04-22,2007,31
00-0025399,2018,6,18.333333333333332,Marshawn Lynch,16,0.375,1986-04-22,2007,32
00-0025399,2019,1,12.0,Marshawn Lynch,16,0.0625,1986-04-22,2007,33
00-0025637,2014,10,13.7,Ahmad Bradshaw,16,0.625,1986-03-19,2007,28
00-0025637,2015,6,7.5,Ahmad Bradshaw,16,0.375,1986-03-19,2007,29
00-0026019,2014,2,10.0,Danny Woodhead,16,0.125,1985-01-25,2008,29
00-0026019,2015,16,12.75,Danny Woodhead,16,1.0,1985-01-25,2008,30
00-0026019,2016,2,13.5,Danny Woodhead,16,0.125,1985-01-25,2008,31
00-0026019,2017,8,6.625,Danny Woodhead,16,0.5,1985-01-25,2008,32
00-0026144,2014,16,13.1875,Darren McFadden,16,1.0,1987-08-27,2008,27
00-0026144,2015,16,18.25,Darren McFadden,16,1.0,1987-08-27,2008,28
00-0026144,2016,3,9.666666666666666,Darren McFadden,16,0.1875,1987-08-27,2008,29
00-0026153,2014,13,15.846153846153847,Jonathan Stewart,16,0.8125,1987-03-21,2008,27
00-0026153,2015,13,20.23076923076923,Jonathan Stewart,16,0.8125,1987-03-21,2008,28
00-0026153,2016,13,18.384615384615383,Jonathan Stewart,16,0.8125,1987-03-21,2008,29
00-0026153,2017,15,14.2,Jonathan Stewart,16,0.9375,1987-03-21,2008,30
00-0026164,2014,16,11.8125,Chris Johnson,16,1.0,1985-09-23,2008,29
00-0026164,2015,11,19.0,Chris Johnson,16,0.6875,1985-09-23,2008,30
00-0026164,2016,3,8.333333333333334,Chris Johnson,16,0.1875,1985-09-23,2008,31
00-0026164,2017,4,12.75,Chris Johnson,16,0.25,1985-09-23,2008,32
00-0026184,2014,16,24.75,Matt Forte,16,1.0,1985-12-10,2008,29
00-0026184,2015,13,21.23076923076923,Matt Forte,16,0.8125,1985-12-10,2008,30
00-0026184,2016,14,18.642857142857142,Matt Forte,16,0.875,1985-12-10,2008,31
00-0026184,2017,12,12.333333333333334,Matt Forte,16,0.75,1985-12-10,2008,32
00-0026213,2014,15,17.666666666666668,Jamaal Charles,16,0.9375,1986-12-27,2008,28
00-0026213,2015,5,20.2,Jamaal Charles,16,0.3125,1986-12-27,2008,29
00-0026213,2016,2,7.0,Jamaal Charles,16,0.125,1986-12-27,2008,30
00-0026213,2017,13,7.461538461538462,Jamaal Charles,16,0.8125,1986-12-27,2008,31
00-0026213,2018,2,4.5,Jamaal Charles,16,0.125,1986-12-27,2008,32
00-0026289,2015,5,21.6,Tim Hightower,16,0.3125,1986-05-23,2008,29
00-0026289,2016,15,10.6,Tim Hightower,16,0.9375,1986-05-23,2008,30
00-0026367,2014,6,7.0,Peyton Hillis,16,0.375,1986-01-21,2008,28
00-0026373,2014,16,18.375,Justin Forsett,16,1.0,1985-10-14,2008,29
00-0026373,2015,10,19.2,Justin Forsett,16,0.625,1985-10-14,2008,30
00-0026373,2016,9,12.666666666666666,Justin Forsett,16,0.5625,1985-10-14,2008,31
00-0026796,2014,13,24.53846153846154,Arian Foster,16,0.8125,1986-08-24,2009,28
00-0026796,2015,4,22.75,Arian Foster,16,0.25,1986-08-24,2009,29
00-0026796,2016,4,8.0,Arian Foster,16,0.25,1986-08-24,2009,30
00-0026855,2014,9,4.111111111111111,Antone Smith,16,0.5625,1985-09-17,2009,29
00-0026855,2016,3,6.333333333333333,Antone Smith,16,0.1875,1985-09-17,2009,31
00-0026899,2014,12,8.0,Shonn Greene,16,0.75,1985-08-21,2009,29
00-0026932,2014,4,4.5,Cedric Peerman,16,0.25,1986-10-10,2009,28
00-0026932,2016,1,7.0,Cedric Peerman,16,0.0625,1986-10-10,2009,30
00-0026988,2014,2,15.5,Knowshon Moreno,16,0.125,1987-07-16,2009,27
00-0027003,2014,13,9.692307692307692,Donald Brown,16,0.8125,1987-04-11,2009,27
00-0027003,2015,6,12.0,Donald Brown,16,0.375,1987-04-11,2009,28
00-0027029,2014,16,21.8125,LeSean McCoy,16,1.0,1988-07-12,2009,26
00-0027029,2015,12,21.083333333333332,LeSean McCoy,16,0.75,1988-07-12,2009,27
00-0027029,2016,15,19.4,LeSean McCoy,16,0.9375,1988-07-12,2009,28
00-0027029,2017,16,22.75,LeSean McCoy,16,1.0,1988-07-12,2009,29
00-0027029,2018,14,14.785714285714286,LeSean McCoy,16,0.875,1988-07-12,2009,30
00-0027029,2019,13,10.384615384615385,LeSean McCoy,16,0.8125,1988-07-12,2009,31
00-0027029,2020,6,4.5,LeSean McCoy,16,0.375,1988-07-12,2009,32
00-0027140,2014,2,7.0,Chris Ogbonnaya,16,0.125,1986-05-20,2009,28
00-0027155,2014,10,20.7,Rashad Jennings,16,0.625,1985-03-26,2009,29
00-0027155,2015,16,14.6875,Rashad Jennings,16,1.0,1985-03-26,2009,30
00-0027155,2016,13,17.153846153846153,Rashad Jennings,16,0.8125,1985-03-26,2009,31
00-0027218,2014,15,18.4,Joique Bell,16,0.9375,1986-08-04,2010,28
00-0027218,2015,13,9.0,Joique Bell,16,0.8125,1986-08-04,2010,29
00-0027325,2014,15,9.133333333333333,LeGarrette Blount,16,0.9375,1986-12-05,2010,28
00-0027325,2015,12,14.333333333333334,LeGarrette Blount,16,0.75,1986-12-05,2010,29
00-0027325,2016,16,19.1875,LeGarrette Blount,16,1.0,1986-12-05,2010,30
00-0027325,2017,15,12.0,LeGarrette Blount,16,0.9375,1986-12-05,2010,31
00-0027325,2018,16,10.5625,LeGarrette Blount,16,1.0,1986-12-05,2010,32
00-0027531,2014,16,14.0625,Chris Ivory,16,1.0,1988-03-22,2010,26
00-0027531,2015,15,18.933333333333334,Chris Ivory,16,0.9375,1988-03-22,2010,27
00-0027531,2016,11,13.181818181818182,Chris Ivory,16,0.6875,1988-03-22,2010,28
00-0027531,2017,13,10.692307692307692,Chris Ivory,16,0.8125,1988-03-22,2010,29
00-0027531,2018,13,10.384615384615385,Chris Ivory,16,0.8125,1988-03-22,2010,30
00-0027712,2014,1,8.0,Joe McKnight,16,0.0625,1988-04-16,2010,26
00-0027772,2014,13,8.76923076923077,Anthony Dixon,16,0.8125,1987-09-24,2010,27
00-0027786,2014,2,9.5,Jonathan Dwyer,16,0.125,1989-07-26,2010,25
00-0027791,2014,14,8.142857142857142,James Starks,16,0.875,1986-02-25,2010,28
00-0027791,2015,16,12.5625,James Starks,16,1.0,1986-02-25,2010,29
00-0027791,2016,9,9.777777777777779,James Starks,16,0.5625,1986-02-25,2010,30
00-0027861,2014,9,11.11111111111111,C.J. Spiller,16,0.5625,1987-08-05,2010,27
00-0027861,2015,13,6.153846153846154,C.J. Spiller,16,0.8125,1987-08-05,2010,28
00-0027861,2016,4,4.5,C.J. Spiller,16,0.25,1987-08-05,2010,29
00-0027861,2017,1,4.0,C.J. Spiller,16,0.0625,1987-08-05,2010,30
00-0027864,2014,6,14.0,Ryan Mathews,16,0.375,1987-10-10,2010,27
00-0027864,2015,12,11.083333333333334,Ryan Mathews,16,0.75,1987-10-10,2010,28
00-0027864,2016,13,13.0,Ryan Mathews,16,0.8125,1987-10-10,2010,29
00-0027888,2014,14,8.928571428571429,Toby Gerhart,16,0.875,1987-03-28,2010,27
00-0027888,2015,4,6.0,Toby Gerhart,16,0.25,1987-03-28,2010,28
00-0027890,2014,11,11.909090909090908,Ben Tate,16,0.6875,1988-08-21,2010,26
00-0027966,2014,13,20.153846153846153,Mark Ingram,16,0.8125,1989-12-21,2011,25
00-0027966,2015,12,18.833333333333332,Mark Ingram,16,0.75,1989-12-21,2011,26
00-0027966,2016,16,16.4375,Mark Ingram,16,1.0,1989-12-21,2011,27
00-0027966,2017,16,18.8125,Mark Ingram,16,1.0,1989-12-21,2011,28
00-0027966,2018,12,13.75,Mark Ingram,16,0.75,1989-12-21,2011,29
00-0027966,2019,15,15.4,Mark Ingram,16,0.9375,1989-12-21,2011,30
00-0027966,2020,10,8.0,Mark Ingram,16,0.625,1989-12-21,2011,31
00-0027966,2021,14,13.928571428571429,Mark Ingram,17,0.8235294117647058,1989-12-21,2011,32
00-0027966,2022,9,8.777777777777779,Mark Ingram,17,0.5294117647058824,1989-12-21,2011,33
00-0027994,2014,16,10.8125,Shane Vereen,16,1.0,1989-03-02,2011,25
00-0027994,2015,16,8.875,Shane Vereen,16,1.0,1989-03-02,2011,26
00-0027994,2016,5,10.4,Shane Vereen,16,0.3125,1989-03-02,2011,27
00-0027994,2017,14,6.928571428571429,Shane Vereen,16,0.875,1989-03-02,2011,28
00-0028000,2014,11,5.636363636363637,Daniel Thomas,16,0.6875,1987-10-29,2011,27
00-0028009,2014,16,28.5,DeMarco Murray,16,1.0,1988-02-12,2011,26
00-0028009,2015,15,16.533333333333335,DeMarco Murray,16,0.9375,1988-02-12,2011,27
00-0028009,2016,16,22.5,DeMarco Murray,16,1.0,1988-02-12,2011,28
00-0028009,2017,15,15.4,DeMarco Murray,16,0.9375,1988-02-12,2011,29
00-0028011,2014,6,16.5,Stevan Ridley,16,0.375,1989-01-27,2011,25
00-0028011,2015,8,5.125,Stevan Ridley,16,0.5,1989-01-27,2011,26
00-0028011,2017,2,13.0,Stevan Ridley,16,0.125,1989-01-27,2011,28
00-0028011,2018,8,4.0,Stevan Ridley,16,0.5,1989-01-27,2011,29
00-0028043,2014,13,6.6923076923076925,Roy Helu,16,0.8125,1988-12-07,2011,26
00-0028043,2015,6,5.166666666666667,Roy Helu,16,0.375,1988-12-07,2011,27
00-0028063,2019,1,10.0,Taiwan Jones,16,0.0625,1988-07-26,2011,31
00-0028064,2015,10,13.2,Bilal Powell,16,0.625,1988-10-27,2011,27
00-0028064,2016,16,12.8125,Bilal Powell,16,1.0,1988-10-27,2011,28
00-0028064,2017,15,14.066666666666666,Bilal Powell,16,0.9375,1988-10-27,2011,29
00-0028064,2018,7,14.0,Bilal Powell,16,0.4375,1988-10-27,2011,30
00-0028064,2019,10,6.9,Bilal Powell,16,0.625,1988-10-27,2011,31
00-0028083,2014,16,6.125,Jacquizz Rodgers,16,1.0,1990-02-06,2011,24
00-0028083,2016,10,14.5,Jacquizz Rodgers,16,0.625,1990-02-06,2011,26
00-0028083,2017,11,6.636363636363637,Jacquizz Rodgers,16,0.6875,1990-02-06,2011,27
00-0028083,2018,12,6.416666666666667,Jacquizz Rodgers,16,0.75,1990-02-06,2011,28
00-0028087,2015,7,14.142857142857142,Dion Lewis,16,0.4375,1990-09-27,2011,25
00-0028087,2016,7,12.571428571428571,Dion Lewis,16,0.4375,1990-09-27,2011,26
00-0028087,2017,16,13.4375,Dion Lewis,16,1.0,1990-09-27,2011,27
00-0028087,2018,16,13.875,Dion Lewis,16,1.0,1990-09-27,2011,28
00-0028087,2019,12,6.916666666666667,Dion Lewis,16,0.75,1990-09-27,2011,29
00-0028087,2020,14,4.071428571428571,Dion Lewis,16,0.875,1990-09-27,2011,30
00-0028121,2014,14,4.857142857142857,Jordan Todman,16,0.875,1990-02-24,2011,24
00-0028198,2014,15,15.133333333333333,Matt Asiata,16,0.9375,1987-07-24,2012,27
00-0028198,2016,15,10.533333333333333,Matt Asiata,16,0.9375,1987-07-24,2012,29
00-0028202,2014,1,10.0,Shaun Draughn,16,0.0625,1987-12-07,2011,27
00-0028202,2015,8,14.0,Shaun Draughn,16,0.5,1987-12-07,2011,28
00-0028202,2016,14,8.071428571428571,Shaun Draughn,16,0.875,1987-12-07,2011,29
00-0028409,2015,4,15.5,DuJuan Harris,16,0.25,1988-09-03,2011,27
00-0028409,2016,7,6.571428571428571,DuJuan Harris,16,0.4375,1988-09-03,2011,28
00-0029004,2014,11,4.363636363636363,Lance Dunbar,16,0.6875,1990-01-25,2012,24
00-0029004,2015,4,7.0,Lance Dunbar,16,0.25,1990-01-25,2012,25
00-0029004,2016,7,4.285714285714286,Lance Dunbar,16,0.4375,1990-01-25,2012,26
00-0029004,2017,2,7.0,Lance Dunbar,16,0.125,1990-01-25,2012,27
00-0029048,2014,7,4.571428571428571,Joe Banyard,16,0.4375,1988-11-12,2012,26
00-0029104,2014,7,13.0,Jonas Gray,16,0.4375,1990-06-27,2012,24
00-0029104,2015,6,8.666666666666666,Jonas Gray,16,0.375,1990-06-27,2012,25
00-0029141,2014,16,18.1875,Alfred Morris,16,1.0,1988-12-12,2012,26
00-0029141,2015,16,13.4375,Alfred Morris,16,1.0,1988-12-12,2012,27
00-0029141,2016,11,6.636363636363637,Alfred Morris,16,0.6875,1988-12-12,2012,28
00-0029141,2017,12,10.25,Alfred Morris,16,0.75,1988-12-12,2012,29
00-0029141,2018,11,11.272727272727273,Alfred Morris,16,0.6875,1988-12-12,2012,30
00-0029141,2020,9,6.555555555555555,Alfred Morris,16,0.5625,1988-12-12,2012,32
00-0029205,2014,12,5.0,Travaris Cadet,16,0.75,1989-02-01,2012,25
00-0029205,2015,5,6.4,Travaris Cadet,16,0.3125,1989-02-01,2012,26
00-0029205,2016,12,4.75,Travaris Cadet,16,0.75,1989-02-01,2012,27
00-0029205,2017,7,6.0,Travaris Cadet,16,0.4375,1989-02-01,2012,28
00-0029205,2018,1,12.0,Travaris Cadet,16,0.0625,1989-02-01,2012,29
00-0029239,2014,7,4.571428571428571,Brandon Bolden,16,0.4375,1990-01-26,2012,24
00-0029239,2015,11,8.454545454545455,Brandon Bolden,16,0.6875,1990-01-26,2012,25
00-0029239,2017,3,5.666666666666667,Brandon Bolden,16,0.1875,1990-01-26,2012,27
00-0029239,2018,2,4.0,Brandon Bolden,16,0.125,1990-01-26,2012,28
00-0029239,2019,4,5.25,Brandon Bolden,16,0.25,1990-01-26,2012,29
00-0029239,2021,15,6.133333333333334,Brandon Bolden,17,0.8823529411764706,1990-01-26,2012,31
00-0029239,2022,4,5.5,Brandon Bolden,17,0.23529411764705882,1990-01-26,2012,32
00-0029264,2014,11,8.818181818181818,Bernard Pierce,16,0.6875,1991-05-10,2012,23
00-0029273,2014,16,5.875,Robert Turbin,16,1.0,1989-12-02,2012,25
00-0029273,2015,10,6.0,Robert Turbin,16,0.625,1989-12-02,2012,26
00-0029273,2016,15,5.466666666666667,Robert Turbin,16,0.9375,1989-12-02,2012,27
00-0029273,2017,6,5.666666666666667,Robert Turbin,16,0.375,1989-12-02,2012,28
00-0029273,2018,1,5.0,Robert Turbin,16,0.0625,1989-12-02,2012,29
00-0029384,2014,12,11.583333333333334,Bobby Rainey,16,0.75,1987-10-16,2012,27
00-0029384,2015,1,4.0,Bobby Rainey,16,0.0625,1987-10-16,2012,28
00-0029384,2016,7,5.857142857142857,Bobby Rainey,16,0.4375,1987-10-16,2012,29
00-0029429,2014,7,8.714285714285714,Bryce Brown,16,0.4375,1991-05-14,2012,23
00-0029429,2015,3,9.0,Bryce Brown,16,0.1875,1991-05-14,2012,24
00-0029438,2014,8,6.125,Chris Polk,16,0.5,1989-12-16,2012,25
00-0029438,2015,15,8.466666666666667,Chris Polk,16,0.9375,1989-12-16,2012,26
00-0029441,2014,1,4.0,Jeremy Stewart,16,0.0625,1989-02-17,2012,25
00-0029492,2015,7,4.571428571428571,Jamize Olawale,16,0.4375,1989-04-17,2012,26
00-0029510,2014,7,6.428571428571429,Jonathan Grimes,16,0.4375,1989-12-21,2012,25
00-0029510,2015,11,7.7272727272727275,Jonathan Grimes,16,0.6875,1989-12-21,2012,26
00-0029510,2016,8,5.125,Jonathan Grimes,16,0.5,1989-12-21,2012,27
00-0029588,2014,10,10.3,Dan Herron,16,0.625,1989-03-21,2012,25
00-0029588,2015,7,4.857142857142857,Dan Herron,16,0.4375,1989-03-21,2012,26
00-0029613,2014,11,14.0,Doug Martin,16,0.6875,1989-01-13,2012,25
00-0029613,2015,16,20.75,Doug Martin,16,1.0,1989-01-13,2012,26
00-0029613,2016,8,20.0,Doug Martin,16,0.5,1989-01-13,2012,27
00-0029613,2017,11,14.181818181818182,Doug Martin,16,0.6875,1989-01-13,2012,28
00-0029613,2018,15,13.0,Doug Martin,16,0.9375,1989-01-13,2012,29
00-0029615,2014,16,16.75,Lamar Miller,16,1.0,1991-04-25,2012,23
00-0029615,2015,16,15.6875,Lamar Miller,16,1.0,1991-04-25,2012,24
00-0029615,2016,14,21.928571428571427,Lamar Miller,16,0.875,1991-04-25,2012,25
00-0029615,2017,16,17.6875,Lamar Miller,16,1.0,1991-04-25,2012,26
00-0029615,2018,14,17.5,Lamar Miller,16,0.875,1991-04-25,2012,27
00-0029626,2016,2,4.5,Isaiah Pead,16,0.125,1989-12-14,2012,27
00-0029675,2014,15,12.866666666666667,Trent Richardson,16,0.9375,1990-07-10,2012,24
00-0029683,2014,8,17.5,Ronnie Hillman,16,0.5,1991-09-14,2012,23
00-0029683,2015,16,15.125,Ronnie Hillman,16,1.0,1991-09-14,2012,24
00-0029683,2016,8,7.0,Ronnie Hillman,16,0.5,1991-09-14,2012,25
00-0029731,2014,6,6.0,Fozzy Whittaker,16,0.375,1989-02-02,2012,25
00-0029731,2015,9,4.0,Fozzy Whittaker,16,0.5625,1989-02-02,2012,26
00-0029731,2016,14,6.285714285714286,Fozzy Whittaker,16,0.875,1989-02-02,2012,27
00-0029795,2014,16,7.4375,Benny Cunningham,16,1.0,1990-07-07,2013,24
00-0029795,2015,13,5.538461538461538,Benny Cunningham,16,0.8125,1990-07-07,2013,25
00-0029795,2016,8,5.0,Benny Cunningham,16,0.5,1990-07-07,2013,26
00-0029854,2014,13,17.076923076923077,C.J. Anderson,16,0.8125,1991-02-10,2013,23
00-0029854,2015,15,12.533333333333333,C.J. Anderson,16,0.9375,1991-02-10,2013,24
00-0029854,2016,7,19.142857142857142,C.J. Anderson,16,0.4375,1991-02-10,2013,25
00-0029854,2017,16,17.8125,C.J. Anderson,16,1.0,1991-02-10,2013,26
00-0029854,2018,8,9.375,C.J. Anderson,16,0.5,1991-02-10,2013,27
00-0029854,2019,2,8.0,C.J. Anderson,16,0.125,1991-02-10,2013,28
00-0030039,2015,4,6.5,Kendall Gaskins,16,0.25,1990-11-04,2013,25
00-0030107,2014,9,7.333333333333333,Theo Riddick,16,0.5625,1991-05-04,2013,23
00-0030107,2015,16,8.875,Theo Riddick,16,1.0,1991-05-04,2013,24
00-0030107,2016,10,15.9,Theo Riddick,16,0.625,1991-05-04,2013,25
00-0030107,2017,16,9.6875,Theo Riddick,16,1.0,1991-05-04,2013,26
00-0030107,2018,14,8.142857142857142,Theo Riddick,16,0.875,1991-05-04,2013,27
00-0030117,2014,4,14.75,Kerwynn Williams,16,0.25,1991-06-09,2013,23
00-0030117,2015,4,7.0,Kerwynn Williams,16,0.25,1991-06-09,2013,24
00-0030117,2016,3,6.333333333333333,Kerwynn Williams,16,0.1875,1991-06-09,2013,25
00-0030117,2017,14,9.571428571428571,Kerwynn Williams,16,0.875,1991-06-09,2013,26
00-0030247,2014,3,6.666666666666667,George Winn,16,0.1875,1990-11-10,2013,24
00-0030280,2014,15,10.6,Knile Davis,16,0.9375,1991-10-05,2013,23
00-0030280,2015,6,4.666666666666667,Knile Davis,16,0.375,1991-10-05,2013,24
00-0030280,2016,6,4.166666666666667,Knile Davis,16,0.375,1991-10-05,2013,25
00-0030282,2014,10,7.6,Stepfan Taylor,16,0.625,1991-06-09,2013,23
00-0030287,2014,12,22.083333333333332,Andre Ellington,16,0.75,1989-02-03,2013,25
00-0030287,2015,10,6.9,Andre Ellington,16,0.625,1989-02-03,2013,26
00-0030287,2016,11,4.636363636363637,Andre Ellington,16,0.6875,1989-02-03,2013,27
00-0030287,2017,9,8.555555555555555,Andre Ellington,16,0.5625,1989-02-03,2013,28
00-0030288,2014,4,4.75,Rex Burkhead,16,0.25,1990-07-02,2013,24
00-0030288,2016,8,11.625,Rex Burkhead,16,0.5,1990-07-02,2013,26
00-0030288,2017,10,10.0,Rex Burkhead,16,0.625,1990-07-02,2013,27
00-0030288,2018,8,9.625,Rex Burkhead,16,0.5,1990-07-02,2013,28
00-0030288,2019,12,8.5,Rex Burkhead,16,0.75,1990-07-02,2013,29
00-0030288,2020,10,10.0,Rex Burkhead,16,0.625,1990-07-02,2013,30
00-0030288,2021,11,13.727272727272727,Rex Burkhead,17,0.6470588235294118,1990-07-02,2013,31
00-0030288,2022,14,5.428571428571429,Rex Burkhead,17,0.8235294117647058,1990-07-02,2013,32
00-0030348,2014,9,9.666666666666666,Khiry Robinson,16,0.5625,1989-12-28,2013,25
00-0030348,2015,8,9.5,Khiry Robinson,16,0.5,1989-12-28,2013,26
00-0030348,2016,1,8.0,Khiry Robinson,16,0.0625,1989-12-28,2013,27
00-0030388,2014,12,4.5,Joseph Randle,16,0.75,1991-12-29,2013,23
00-0030388,2015,6,14.333333333333334,Joseph Randle,16,0.375,1991-12-29,2013,24
00-0030391,2014,4,4.75,Mike James,16,0.25,1991-04-13,2013,23
00-0030404,2014,2,5.0,Chris Thompson,16,0.125,1990-10-20,2013,24
00-0030404,2015,11,7.363636363636363,Chris Thompson,16,0.6875,1990-10-20,2013,25
00-0030404,2016,16,8.125,Chris Thompson,16,1.0,1990-10-20,2013,26
00-0030404,2017,10,11.8,Chris Thompson,16,0.625,1990-10-20,2013,27
00-0030404,2018,10,9.8,Chris Thompson,16,0.625,1990-10-20,2013,28
00-0030404,2019,11,8.636363636363637,Chris Thompson,16,0.6875,1990-10-20,2013,29
00-0030404,2020,6,5.0,Chris Thompson,16,0.375,1990-10-20,2013,30
00-0030414,2015,9,8.666666666666666,Spencer Ware,16,0.5625,1991-11-23,2013,24
00-0030414,2016,14,18.285714285714285,Spencer Ware,16,0.875,1991-11-23,2013,25
00-0030414,2018,10,7.3,Spencer Ware,16,0.625,1991-11-23,2013,27
00-0030414,2019,3,8.0,Spencer Ware,16,0.1875,1991-11-23,2013,28
00-0030432,2014,8,4.25,Christine Michael,16,0.5,1990-11-09,2013,24
00-0030432,2015,6,9.666666666666666,Christine Michael,16,0.375,1990-11-09,2013,25
00-0030432,2016,14,12.571428571428571,Christine Michael,16,0.875,1990-11-09,2013,26
00-0030433,2015,5,10.8,Mike Gillislee,16,0.3125,1990-11-01,2013,25
00-0030433,2016,13,8.461538461538462,Mike Gillislee,16,0.8125,1990-11-01,2013,26
00-0030433,2017,9,11.666666666666666,Mike Gillislee,16,0.5625,1990-11-01,2013,27
00-0030433,2018,4,4.25,Mike Gillislee,16,0.25,1990-11-01,2013,28
00-0030456,2014,13,17.46153846153846,Giovani Bernard,16,0.8125,1991-11-22,2013,23
00-0030456,2015,16,13.75,Giovani Bernard,16,1.0,1991-11-22,2013,24
00-0030456,2016,10,14.2,Giovani Bernard,16,0.625,1991-11-22,2013,25
00-0030456,2017,16,10.3125,Giovani Bernard,16,1.0,1991-11-22,2013,26
00-0030456,2018,12,8.666666666666666,Giovani Bernard,16,0.75,1991-11-22,2013,27
00-0030456,2019,16,6.0,Giovani Bernard,16,1.0,1991-11-22,2013,28
00-0030456,2020,16,11.4375,Giovani Bernard,16,1.0,1991-11-22,2013,29
00-0030456,2021,9,4.0,Giovani Bernard,17,0.5294117647058824,1991-11-22,2013,30
00-0030456,2022,1,9.0,Giovani Bernard,17,0.058823529411764705,1991-11-22,2013,31
00-0030465,2015,5,8.0,Kenjon Barner,16,0.3125,1989-04-28,2013,26
00-0030465,2016,9,4.111111111111111,Kenjon Barner,16,0.5625,1989-04-28,2013,27
00-0030465,2018,4,4.5,Kenjon Barner,16,0.25,1989-04-28,2013,29
00-0030465,2021,1,4.0,Kenjon Barner,17,0.058823529411764705,1989-04-28,2013,32
00-0030485,2014,16,18.8125,Eddie Lacy,16,1.0,1990-06-02,2013,24
00-0030485,2015,15,14.333333333333334,Eddie Lacy,16,0.9375,1990-06-02,2013,25
00-0030485,2016,5,15.6,Eddie Lacy,16,0.3125,1990-06-02,2013,26
00-0030485,2017,8,9.25,Eddie Lacy,16,0.5,1990-06-02,2013,27
00-0030496,2014,16,24.6875,Le'Veon Bell,16,1.0,1992-02-18,2013,22
00-0030496,2015,6,23.166666666666668,Le'Veon Bell,16,0.375,1992-02-18,2013,23
00-0030496,2016,12,29.583333333333332,Le'Veon Bell,16,0.75,1992-02-18,2013,24
00-0030496,2017,15,28.533333333333335,Le'Veon Bell,16,0.9375,1992-02-18,2013,25
00-0030496,2019,15,21.533333333333335,Le'Veon Bell,16,0.9375,1992-02-18,2013,27
00-0030496,2020,11,9.272727272727273,Le'Veon Bell,16,0.6875,1992-02-18,2013,28
00-0030496,2021,8,5.75,Le'Veon Bell,17,0.47058823529411764,1992-02-18,2013,29
00-0030513,2014,9,11.555555555555555,Latavius Murray,16,0.5625,1990-01-18,2013,24
00-0030513,2015,16,19.9375,Latavius Murray,16,1.0,1990-01-18,2013,25
00-0030513,2016,14,17.0,Latavius Murray,16,0.875,1990-01-18,2013,26
00-0030513,2017,16,14.5625,Latavius Murray,16,1.0,1990-01-18,2013,27
00-0030513,2018,16,10.375,Latavius Murray,16,1.0,1990-01-18,2013,28
00-0030513,2019,16,11.8125,Latavius Murray,16,1.0,1990-01-18,2013,29
00-0030513,2020,15,11.466666666666667,Latavius Murray,16,0.9375,1990-01-18,2013,30
00-0030513,2021,13,10.076923076923077,Latavius Murray,17,0.7647058823529411,1990-01-18,2013,31
00-0030513,2022,13,15.846153846153847,Latavius Murray,17,0.7647058823529411,1990-01-18,2013,32
00-0030513,2023,15,6.733333333333333,Latavius Murray,17,0.8823529411764706,1990-01-18,2013,33
00-0030522,2014,5,13.6,Montee Ball,16,0.3125,1990-12-05,2013,24
00-0030536,2014,9,11.0,Zac Stacy,16,0.5625,1991-04-09,2013,23
00-0030536,2015,6,7.166666666666667,Zac Stacy,16,0.375,1991-04-09,2013,24
00-0030547,2014,13,12.76923076923077,Denard Robinson,16,0.8125,1990-09-22,2013,24
00-0030547,2015,11,8.727272727272727,Denard Robinson,16,0.6875,1990-09-22,2013,25
00-0030547,2016,6,7.666666666666667,Denard Robinson,16,0.375,1990-09-22,2013,26
00-0030578,2014,13,5.6923076923076925,Cordarrelle Patterson,16,0.8125,1991-03-17,2013,23
00-0030578,2016,14,5.357142857142857,Cordarrelle Patterson,16,0.875,1991-03-17,2013,25
00-0030578,2017,13,4.076923076923077,Cordarrelle Patterson,16,0.8125,1991-03-17,2013,26
00-0030578,2018,13,5.230769230769231,Cordarrelle Patterson,16,0.8125,1991-03-17,2013,27
00-0030578,2020,15,5.933333333333334,Cordarrelle Patterson,16,0.9375,1991-03-17,2013,29
00-0030578,2021,16,13.875,Cordarrelle Patterson,17,0.9411764705882353,1991-03-17,2013,30
00-0030578,2022,13,13.461538461538462,Cordarrelle Patterson,17,0.7647058823529411,1991-03-17,2013,31
00-0030578,2023,11,5.545454545454546,Cordarrelle Patterson,17,0.6470588235294118,1991-03-17,2013,32
00-0030578,2024,9,4.666666666666667,Cordarrelle Patterson,17,0.5294117647058824,1991-03-17,2013,33
00-0030656,2014,15,10.8,Isaiah Crowell,16,0.9375,1993-01-08,2014,21
00-0030656,2015,16,12.9375,Isaiah Crowell,16,1.0,1993-01-08,2014,22
00-0030656,2016,16,15.6875,Isaiah Crowell,16,1.0,1993-01-08,2014,23
00-0030656,2017,16,15.5,Isaiah Crowell,16,1.0,1993-01-08,2014,24
00-0030656,2018,13,13.153846153846153,Isaiah Crowell,16,0.8125,1993-01-08,2014,25
00-0030668,2015,12,16.083333333333332,Charcandrick West,16,0.75,1991-06-02,2014,24
00-0030668,2016,14,8.642857142857142,Charcandrick West,16,0.875,1991-06-02,2014,25
00-0030668,2017,11,4.636363636363637,Charcandrick West,16,0.6875,1991-06-02,2014,26
00-0030668,2018,1,4.0,Charcandrick West,16,0.0625,1991-06-02,2014,27
00-0030705,2014,11,5.454545454545454,Juwan Thompson,16,0.6875,1992-05-13,2014,22
00-0030705,2015,3,7.666666666666667,Juwan Thompson,16,0.1875,1992-05-13,2014,23
00-0030789,2015,14,12.285714285714286,Antonio Andrews,16,0.875,1992-08-17,2014,23
00-0030855,2014,2,8.0,Zurlon Tipton,16,0.125,1989-04-27,2014,25
00-0030855,2015,3,4.0,Zurlon Tipton,16,0.1875,1989-04-27,2014,26
00-0030860,2015,8,5.125,Orleans Darkwa,16,0.5,1992-02-28,2014,23
00-0030860,2016,4,8.5,Orleans Darkwa,16,0.25,1992-02-28,2014,24
00-0030860,2017,15,13.266666666666667,Orleans Darkwa,16,0.9375,1992-02-28,2014,25
00-0030874,2014,11,5.636363636363637,Damien Williams,16,0.6875,1992-04-03,2014,22
00-0030874,2016,14,4.714285714285714,Damien Williams,16,0.875,1992-04-03,2014,24
00-0030874,2017,10,7.4,Damien Williams,16,0.625,1992-04-03,2014,25
00-0030874,2018,6,11.666666666666666,Damien Williams,16,0.375,1992-04-03,2014,26
00-0030874,2019,11,13.454545454545455,Damien Williams,16,0.6875,1992-04-03,2014,27
00-0030874,2021,9,6.888888888888889,Damien Williams,17,0.5294117647058824,1992-04-03,2014,29
00-0030874,2023,2,6.0,Damien Williams,17,0.11764705882352941,1992-04-03,2014,31
00-0030985,2014,2,4.5,Trey Watts,16,0.125,1991-02-13,2014,23
00-0030999,2014,6,4.333333333333333,Marion Grice,16,0.375,1991-04-10,2014,23
00-0031008,2014,4,6.0,Silas Redd,16,0.25,1992-03-01,2014,22
00-0031045,2014,14,7.071428571428571,Carlos Hyde,16,0.875,1990-09-20,2014,24
00-0031045,2015,7,18.571428571428573,Carlos Hyde,16,0.4375,1990-09-20,2014,25
00-0031045,2016,13,19.23076923076923,Carlos Hyde,16,0.8125,1990-09-20,2014,26
00-0031045,2017,16,20.5,Carlos Hyde,16,1.0,1990-09-20,2014,27
00-0031045,2018,13,14.384615384615385,Carlos Hyde,16,0.8125,1990-09-20,2014,28
00-0031045,2019,16,16.3125,Carlos Hyde,16,1.0,1990-09-20,2014,29
00-0031045,2020,10,10.1,Carlos Hyde,16,0.625,1990-09-20,2014,30
00-0031045,2021,10,9.2,Carlos Hyde,17,0.5882352941176471,1990-09-20,2014,31
00-0031055,2014,16,15.875,Andre Williams,16,1.0,1992-08-28,2014,22
00-0031055,2015,16,5.6875,Andre Williams,16,1.0,1992-08-28,2014,23
00-0031055,2016,1,20.0,Andre Williams,16,0.0625,1992-08-28,2014,24
00-0031055,2017,2,4.5,Andre Williams,16,0.125,1992-08-28,2014,25
00-0031057,2014,8,5.0,Ka'Deem Carey,16,0.5,1992-10-30,2014,22
00-0031057,2015,6,7.5,Ka'Deem Carey,16,0.375,1992-10-30,2014,23
00-0031057,2016,8,4.5,Ka'Deem Carey,16,0.5,1992-10-30,2014,24
00-0031062,2014,3,4.666666666666667,James White,16,0.1875,1992-02-03,2014,22
00-0031062,2015,11,6.818181818181818,James White,16,0.6875,1992-02-03,2014,23
00-0031062,2016,16,7.8125,James White,16,1.0,1992-02-03,2014,24
00-0031062,2017,14,8.214285714285714,James White,16,0.875,1992-02-03,2014,25
00-0031062,2018,16,13.5625,James White,16,1.0,1992-02-03,2014,26
00-0031062,2019,15,10.8,James White,16,0.9375,1992-02-03,2014,27
00-0031062,2020,13,7.384615384615385,James White,16,0.8125,1992-02-03,2014,28
00-0031062,2021,3,8.0,James White,17,0.17647058823529413,1992-02-03,2014,29
00-0031066,2014,9,8.555555555555555,Lorenzo Taliaferro,16,0.5625,1991-12-23,2014,23
00-0031066,2015,3,6.0,Lorenzo Taliaferro,16,0.1875,1991-12-23,2014,24
00-0031066,2016,1,4.0,Lorenzo Taliaferro,16,0.0625,1991-12-23,2014,25
00-0031075,2014,15,12.4,Alfred Blue,16,0.9375,1991-04-27,2014,23
00-0031075,2015,14,14.214285714285714,Alfred Blue,16,0.875,1991-04-27,2014,24
00-0031075,2016,13,8.846153846153847,Alfred Blue,16,0.8125,1991-04-27,2014,25
00-0031075,2017,8,10.0,Alfred Blue,16,0.5,1991-04-27,2014,26
00-0031075,2018,16,11.0625,Alfred Blue,16,1.0,1991-04-27,2014,27
00-0031102,2016,7,4.571428571428571,Kapri Bibbs,16,0.4375,1993-01-10,2014,23
00-0031102,2017,3,12.666666666666666,Kapri Bibbs,16,0.1875,1993-01-10,2014,24
00-0031102,2018,9,4.888888888888889,Kapri Bibbs,16,0.5625,1993-01-10,2014,25
00-0031123,2014,3,12.333333333333334,Darrin Reaves,16,0.1875,1993-04-17,2014,21
00-0031158,2016,1,7.0,George Atkinson,16,0.0625,1992-11-29,2014,24
00-0031209,2017,2,4.5,Senorise Perry,16,0.125,1991-09-19,2014,26
00-0031209,2019,1,4.0,Senorise Perry,16,0.0625,1991-09-19,2014,28
00-0031243,2014,5,6.0,Storm Johnson,16,0.3125,1992-07-10,2014,22
00-0031277,2014,13,15.692307692307692,Branden Oliver,16,0.8125,1991-05-07,2014,23
00-0031277,2015,5,9.0,Branden Oliver,16,0.3125,1991-05-07,2014,24
00-0031277,2017,7,6.428571428571429,Branden Oliver,16,0.4375,1991-05-07,2014,26
00-0031285,2014,16,6.375,Devonta Freeman,16,1.0,1992-03-15,2014,22
00-0031285,2015,15,24.133333333333333,Devonta Freeman,16,0.9375,1992-03-15,2014,23
00-0031285,2016,16,18.25,Devonta Freeman,16,1.0,1992-03-15,2014,24
00-0031285,2017,14,17.357142857142858,Devonta Freeman,16,0.875,1992-03-15,2014,25
00-0031285,2018,2,10.5,Devonta Freeman,16,0.125,1992-03-15,2014,26
00-0031285,2019,14,18.142857142857142,Devonta Freeman,16,0.875,1992-03-15,2014,27
00-0031285,2020,5,12.8,Devonta Freeman,16,0.3125,1992-03-15,2014,28
00-0031285,2021,15,11.6,Devonta Freeman,17,0.8823529411764706,1992-03-15,2014,29
00-0031301,2014,16,15.875,Jeremy Hill,16,1.0,1992-10-20,2014,22
00-0031301,2015,16,15.125,Jeremy Hill,16,1.0,1992-10-20,2014,23
00-0031301,2016,15,16.6,Jeremy Hill,16,0.9375,1992-10-20,2014,24
00-0031301,2017,7,5.857142857142857,Jeremy Hill,16,0.4375,1992-10-20,2014,25
00-0031301,2018,1,5.0,Jeremy Hill,16,0.0625,1992-10-20,2014,26
00-0031332,2014,2,6.0,Fitzgerald Toussaint,16,0.125,1990-05-04,2014,24
00-0031332,2015,3,6.0,Fitzgerald Toussaint,16,0.1875,1990-05-04,2014,25
00-0031332,2016,4,4.0,Fitzgerald Toussaint,16,0.25,1990-05-04,2014,26
00-0031332,2017,1,8.0,Fitzgerald Toussaint,16,0.0625,1990-05-04,2014,27
00-0031375,2014,14,13.142857142857142,Terrance West,16,0.875,1991-01-28,2014,23
00-0031375,2015,8,8.375,Terrance West,16,0.5,1991-01-28,2014,24
00-0031375,2016,16,14.875,Terrance West,16,1.0,1991-01-28,2014,25
00-0031375,2017,5,8.6,Terrance West,16,0.3125,1991-01-28,2014,26
00-0031376,2014,10,15.3,Jerick McKinnon,16,0.625,1992-05-03,2014,22
00-0031376,2015,13,6.0,Jerick McKinnon,16,0.8125,1992-05-03,2014,23
00-0031376,2016,15,14.133333333333333,Jerick McKinnon,16,0.9375,1992-05-03,2014,24
00-0031376,2017,16,13.625,Jerick McKinnon,16,1.0,1992-05-03,2014,25
00-0031376,2020,13,9.692307692307692,Jerick McKinnon,16,0.8125,1992-05-03,2014,28
00-0031376,2021,6,5.166666666666667,Jerick McKinnon,17,0.35294117647058826,1992-05-03,2014,29
00-0031376,2022,17,8.411764705882353,Jerick McKinnon,17,1.0,1992-05-03,2014,30
00-0031376,2023,12,4.416666666666667,Jerick McKinnon,17,0.7058823529411765,1992-05-03,2014,31
00-0031390,2014,8,11.625,Charles Sims,16,0.5,1990-09-19,2014,24
00-0031390,2015,16,11.0625,Charles Sims,16,1.0,1990-09-19,2014,25
00-0031390,2016,7,11.857142857142858,Charles Sims,16,0.4375,1990-09-19,2014,26
00-0031390,2017,15,4.533333333333333,Charles Sims,16,0.9375,1990-09-19,2014,27
00-0031391,2014,12,17.083333333333332,Tre Mason,16,0.75,1993-08-06,2014,21
00-0031391,2015,13,7.384615384615385,Tre Mason,16,0.8125,1993-08-06,2014,22
00-0031413,2014,16,10.9375,Bishop Sankey,16,1.0,1992-09-15,2014,22
00-0031413,2015,9,7.444444444444445,Bishop Sankey,16,0.5625,1992-09-15,2014,23
00-0031450,2014,2,4.5,Josh Harris,16,0.125,1991-01-22,2014,23
00-0031493,2015,4,6.0,Jarryd Hayne,16,0.25,1988-02-15,2015,27
00-0031569,2015,13,14.461538461538462,Jeremy Langford,16,0.8125,1991-12-06,2015,24
00-0031569,2016,10,8.7,Jeremy Langford,16,0.625,1991-12-06,2015,25
00-0031569,2018,1,9.0,Jeremy Langford,16,0.0625,1991-12-06,2015,27
00-0031577,2015,16,12.4375,Javorius Allen,16,1.0,1991-08-27,2015,24
00-0031577,2016,3,4.333333333333333,Javorius Allen,16,0.1875,1991-08-27,2015,25
00-0031577,2017,16,13.3125,Javorius Allen,16,1.0,1991-08-27,2015,26
00-0031577,2018,9,9.11111111111111,Javorius Allen,16,0.5625,1991-08-27,2015,27
00-0031577,2019,2,5.5,Javorius Allen,16,0.125,1991-08-27,2015,28
00-0031590,2015,9,6.666666666666667,Jay Ajayi,16,0.5625,1993-06-15,2015,22
00-0031590,2016,15,19.666666666666668,Jay Ajayi,16,0.9375,1993-06-15,2015,23
00-0031590,2017,14,17.285714285714285,Jay Ajayi,16,0.875,1993-06-15,2015,24
00-0031590,2018,4,12.75,Jay Ajayi,16,0.25,1993-06-15,2015,25
00-0031599,2015,5,9.8,Cameron Artis-Payne,16,0.3125,1990-06-23,2015,25
00-0031599,2016,3,12.333333333333334,Cameron Artis-Payne,16,0.1875,1990-06-23,2015,26
00-0031599,2017,3,5.666666666666667,Cameron Artis-Payne,16,0.1875,1990-06-23,2015,27
00-0031599,2018,2,10.5,Cameron Artis-Payne,16,0.125,1990-06-23,2015,28
00-0031611,2015,5,4.6,Josh Robinson,16,0.3125,1992-08-24,2015,23
00-0031665,2015,4,5.0,Zach Zenner,16,0.25,1991-09-13,2015,24
00-0031665,2016,10,11.0,Zach Zenner,16,0.625,1991-09-13,2015,25
00-0031665,2018,5,12.6,Zach Zenner,16,0.3125,1991-09-13,2015,27
00-0031682,2015,5,7.4,Terron Ward,16,0.3125,1992-02-15,2015,23
00-0031682,2016,5,6.6,Terron Ward,16,0.3125,1992-02-15,2015,24
00-0031682,2017,4,8.25,Terron Ward,16,0.25,1992-02-15,2015,25
00-0031687,2017,1,4.0,Raheem Mostert,16,0.0625,1992-04-09,2015,25
00-0031687,2018,6,6.833333333333333,Raheem Mostert,16,0.375,1992-04-09,2015,26
00-0031687,2019,14,11.285714285714286,Raheem Mostert,16,0.875,1992-04-09,2015,27
00-0031687,2020,8,15.375,Raheem Mostert,16,0.5,1992-04-09,2015,28
00-0031687,2022,16,13.9375,Raheem Mostert,17,0.9411764705882353,1992-04-09,2015,30
00-0031687,2023,15,16.066666666666666,Raheem Mostert,17,0.8823529411764706,1992-04-09,2015,31
00-0031687,2024,12,9.0,Raheem Mostert,17,0.7058823529411765,1992-04-09,2015,32
00-0031687,2025,7,4.142857142857143,Raheem Mostert,17,0.4117647058823529,1992-04-09,2015,33
00-0031731,2016,3,12.333333333333334,Corey Grant,16,0.1875,1991-12-19,2015,25
00-0031731,2017,5,6.2,Corey Grant,16,0.3125,1991-12-19,2015,26
00-0031731,2018,3,7.666666666666667,Corey Grant,16,0.1875,1991-12-19,2015,27
00-0031743,2015,6,4.333333333333333,Akeem Hunt,16,0.375,1993-02-22,2015,22
00-0031743,2016,5,4.6,Akeem Hunt,16,0.3125,1993-02-22,2015,23
00-0031793,2016,1,10.0,Terrell Watson,16,0.0625,1993-08-22,2015,23
00-0031806,2015,1,5.0,Malcolm Brown,16,0.0625,1993-05-15,2015,22
00-0031806,2017,8,8.875,Malcolm Brown,16,0.5,1993-05-15,2015,24
00-0031806,2018,7,6.714285714285714,Malcolm Brown,16,0.4375,1993-05-15,2015,25
00-0031806,2019,11,6.636363636363637,Malcolm Brown,16,0.6875,1993-05-15,2015,26
00-0031806,2020,15,8.866666666666667,Malcolm Brown,16,0.9375,1993-05-15,2015,27
00-0031806,2021,6,6.333333333333333,Malcolm Brown,17,0.35294117647058826,1993-05-15,2015,28
00-0031806,2022,5,4.4,Malcolm Brown,17,0.29411764705882354,1993-05-15,2015,29
00-0031826,2015,2,4.5,John Crockett,16,0.125,1992-02-16,2015,23
00-0031897,2015,11,14.272727272727273,Thomas Rawls,16,0.6875,1993-08-03,2015,22
00-0031897,2016,9,14.0,Thomas Rawls,16,0.5625,1993-08-03,2015,23
00-0031897,2017,8,8.75,Thomas Rawls,16,0.5,1993-08-03,2015,24
00-0031900,2017,9,8.555555555555555,Rod Smith,16,0.5625,1992-01-10,2015,25
00-0031900,2018,13,4.3076923076923075,Rod Smith,16,0.8125,1992-01-10,2015,26
00-0031939,2015,13,13.0,Matt Jones,16,0.8125,1993-03-07,2015,22
00-0031939,2016,7,15.285714285714286,Matt Jones,16,0.4375,1993-03-07,2015,23
00-0031939,2017,1,4.0,Matt Jones,16,0.0625,1993-03-07,2015,24
00-0031959,2017,1,9.0,Marcus Murphy,16,0.0625,1991-10-03,2015,26
00-0031959,2018,8,8.75,Marcus Murphy,16,0.5,1991-10-03,2015,27
00-0032048,2016,1,9.0,Mack Brown,16,0.0625,1991-09-24,2015,25
00-0032048,2017,2,4.5,Mack Brown,16,0.125,1991-09-24,2015,26
00-0032058,2015,11,8.818181818181818,Tevin Coleman,16,0.6875,1993-04-16,2015,22
00-0032058,2016,13,12.153846153846153,Tevin Coleman,16,0.8125,1993-04-16,2015,23
00-0032058,2017,15,13.0,Tevin Coleman,16,0.9375,1993-04-16,2015,24
00-0032058,2018,16,13.1875,Tevin Coleman,16,1.0,1993-04-16,2015,25
00-0032058,2019,14,11.928571428571429,Tevin Coleman,16,0.875,1993-04-16,2015,26
00-0032058,2020,6,5.5,Tevin Coleman,16,0.375,1993-04-16,2015,27
00-0032058,2021,11,9.090909090909092,Tevin Coleman,17,0.6470588235294118,1993-04-16,2015,28
00-0032058,2022,2,7.5,Tevin Coleman,17,0.11764705882352941,1993-04-16,2015,29
00-0032063,2015,4,11.75,Mike Davis,16,0.25,1993-02-19,2015,22
00-0032063,2016,5,4.6,Mike Davis,16,0.3125,1993-02-19,2015,23
00-0032063,2017,6,14.333333333333334,Mike Davis,16,0.375,1993-02-19,2015,24
00-0032063,2018,14,10.928571428571429,Mike Davis,16,0.875,1993-02-19,2015,25
00-0032063,2019,4,5.0,Mike Davis,16,0.25,1993-02-19,2015,26
00-0032063,2020,14,16.785714285714285,Mike Davis,16,0.875,1993-02-19,2015,27
00-0032063,2021,17,11.529411764705882,Mike Davis,17,1.0,1993-02-19,2015,28
00-0032104,2015,16,11.3125,Ameer Abdullah,16,1.0,1993-06-13,2015,22
00-0032104,2016,2,11.5,Ameer Abdullah,16,0.125,1993-06-13,2015,23
00-0032104,2017,14,14.285714285714286,Ameer Abdullah,16,0.875,1993-06-13,2015,24
00-0032104,2019,8,5.125,Ameer Abdullah,16,0.5,1993-06-13,2015,26
00-0032104,2021,11,9.090909090909092,Ameer Abdullah,17,0.6470588235294118,1993-06-13,2015,28
00-0032104,2024,13,8.692307692307692,Ameer Abdullah,17,0.7647058823529411,1993-06-13,2015,31
00-0032133,2015,7,7.714285714285714,David Cobb,16,0.4375,1993-06-03,2015,22
00-0032144,2015,14,15.785714285714286,Melvin Gordon,16,0.875,1993-04-13,2015,22
00-0032144,2016,13,23.923076923076923,Melvin Gordon,16,0.8125,1993-04-13,2015,23
00-0032144,2017,16,22.9375,Melvin Gordon,16,1.0,1993-04-13,2015,24
00-0032144,2018,12,20.083333333333332,Melvin Gordon,16,0.75,1993-04-13,2015,25
00-0032144,2019,12,18.083333333333332,Melvin Gordon,16,0.75,1993-04-13,2015,26
00-0032144,2020,15,17.266666666666666,Melvin Gordon,16,0.9375,1993-04-13,2015,27
00-0032144,2021,16,15.0625,Melvin Gordon,17,0.9411764705882353,1993-04-13,2015,28
00-0032144,2022,10,12.2,Melvin Gordon,17,0.5882352941176471,1993-04-13,2015,29
00-0032144,2023,4,7.25,Melvin Gordon,17,0.23529411764705882,1993-04-13,2015,30
00-0032152,2015,11,9.727272727272727,Karlos Williams,16,0.6875,1993-05-04,2015,22
00-0032187,2015,15,12.066666666666666,David Johnson,16,0.9375,1991-12-16,2015,24
00-0032187,2016,16,25.8125,David Johnson,16,1.0,1991-12-16,2015,25
00-0032187,2017,1,20.0,David Johnson,16,0.0625,1991-12-16,2015,26
00-0032187,2018,16,20.875,David Johnson,16,1.0,1991-12-16,2015,27
00-0032187,2019,11,12.727272727272727,David Johnson,16,0.6875,1991-12-16,2015,28
00-0032187,2020,12,16.083333333333332,David Johnson,16,0.75,1991-12-16,2015,29
00-0032187,2021,13,8.384615384615385,David Johnson,17,0.7647058823529411,1991-12-16,2015,30
00-0032187,2022,4,4.0,David Johnson,17,0.23529411764705882,1991-12-16,2015,31
00-0032209,2015,12,19.0,T.J. Yeldon,16,0.75,1993-10-02,2015,22
00-0032209,2016,15,13.2,T.J. Yeldon,16,0.9375,1993-10-02,2015,23
00-0032209,2017,10,9.0,T.J. Yeldon,16,0.625,1993-10-02,2015,24
00-0032209,2018,14,13.0,T.J. Yeldon,16,0.875,1993-10-02,2015,25
00-0032209,2019,4,8.0,T.J. Yeldon,16,0.25,1993-10-02,2015,26
00-0032209,2020,2,6.5,T.J. Yeldon,16,0.125,1993-10-02,2015,27
00-0032241,2015,13,19.615384615384617,Todd Gurley,16,0.8125,1994-08-03,2015,21
00-0032241,2016,16,21.0,Todd Gurley,16,1.0,1994-08-03,2015,22
00-0032241,2017,15,24.4,Todd Gurley,16,0.9375,1994-08-03,2015,23
00-0032241,2018,14,24.071428571428573,Todd Gurley,16,0.875,1994-08-03,2015,24
00-0032241,2019,15,18.133333333333333,Todd Gurley,16,0.9375,1994-08-03,2015,25
00-0032241,2020,15,15.333333333333334,Todd Gurley,16,0.9375,1994-08-03,2015,26
00-0032257,2015,16,11.125,Duke Johnson,16,1.0,1993-09-23,2015,22
00-0032257,2016,15,9.733333333333333,Duke Johnson,16,0.9375,1993-09-23,2015,23
00-0032257,2017,16,10.9375,Duke Johnson,16,1.0,1993-09-23,2015,24
00-0032257,2018,16,6.375,Duke Johnson,16,1.0,1993-09-23,2015,25
00-0032257,2019,16,9.0625,Duke Johnson,16,1.0,1993-09-23,2015,26
00-0032257,2020,11,10.181818181818182,Duke Johnson,16,0.6875,1993-09-23,2015,27
00-0032257,2021,5,15.2,Duke Johnson,17,0.29411764705882354,1993-09-23,2015,28
00-0032371,2016,13,14.23076923076923,Rob Kelley,16,0.8125,1992-10-03,2016,24
00-0032371,2017,7,9.857142857142858,Rob Kelley,16,0.4375,1992-10-03,2016,25
00-0032377,2016,7,5.571428571428571,Josh Ferguson,16,0.4375,1993-05-23,2016,23
00-0032393,2016,6,8.166666666666666,C.J. Prosise,16,0.375,1994-05-20,2016,22
00-0032393,2017,4,5.5,C.J. Prosise,16,0.25,1994-05-20,2016,23
00-0032393,2019,6,5.5,C.J. Prosise,16,0.375,1994-05-20,2016,25
00-0032393,2020,3,4.333333333333333,C.J. Prosise,16,0.1875,1994-05-20,2016,26
00-0032404,2017,3,5.0,Tyler Ervin,16,0.1875,1993-10-07,2016,24
00-0032404,2019,1,4.0,Tyler Ervin,16,0.0625,1993-10-07,2016,26
00-0032404,2020,6,4.5,Tyler Ervin,16,0.375,1993-10-07,2016,27
00-0032411,2016,12,10.75,Kenneth Dixon,16,0.75,1994-01-21,2016,22
00-0032411,2018,6,11.166666666666666,Kenneth Dixon,16,0.375,1994-01-21,2016,24
00-0032417,2016,13,10.461538461538462,Paul Perkins,16,0.8125,1994-11-16,2016,22
00-0032417,2017,7,7.285714285714286,Paul Perkins,16,0.4375,1994-11-16,2016,23
00-0032417,2019,3,4.333333333333333,Paul Perkins,16,0.1875,1994-11-16,2016,25
00-0032426,2016,6,6.5,Alex Collins,16,0.375,1994-08-26,2016,22
00-0032426,2017,15,16.533333333333335,Alex Collins,16,0.9375,1994-08-26,2016,23
00-0032426,2018,10,13.5,Alex Collins,16,0.625,1994-08-26,2016,24
00-0032426,2020,3,6.666666666666667,Alex Collins,16,0.1875,1994-08-26,2016,26
00-0032426,2021,10,11.7,Alex Collins,17,0.5882352941176471,1994-08-26,2016,27
00-0032450,2016,11,9.545454545454545,Dwayne Washington,16,0.6875,1994-04-24,2016,22
00-0032450,2017,4,5.25,Dwayne Washington,16,0.25,1994-04-24,2016,23
00-0032450,2018,4,6.75,Dwayne Washington,16,0.25,1994-04-24,2016,24
00-0032450,2020,2,4.0,Dwayne Washington,16,0.125,1994-04-24,2016,26
00-0032450,2022,3,4.0,Dwayne Washington,17,0.17647058823529413,1994-04-24,2016,28
00-0032540,2019,2,11.0,Tra Carson,16,0.125,1992-10-24,2016,27
00-0032577,2016,2,4.5,D.J. Foster,16,0.125,1993-11-22,2016,23
00-0032577,2017,7,4.857142857142857,D.J. Foster,16,0.4375,1993-11-22,2016,24
00-0032593,2016,3,4.0,Brandon Wilds,16,0.1875,1993-07-22,2016,23
00-0032602,2017,12,7.666666666666667,J.D. McKissic,16,0.75,1993-08-15,2016,24
00-0032602,2019,14,5.642857142857143,J.D. McKissic,16,0.875,1993-08-15,2016,26
00-0032602,2020,16,12.1875,J.D. McKissic,16,1.0,1993-08-15,2016,27
00-0032602,2021,11,9.181818181818182,J.D. McKissic,17,0.6470588235294118,1993-08-15,2016,28
00-0032602,2022,8,7.75,J.D. McKissic,17,0.47058823529411764,1993-08-15,2016,29
00-0032741,2016,8,7.5,Peyton Barber,16,0.5,1994-02-27,2016,22
00-0032741,2017,11,11.545454545454545,Peyton Barber,16,0.6875,1994-02-27,2016,23
00-0032741,2018,16,16.4375,Peyton Barber,16,1.0,1994-02-27,2016,24
00-0032741,2019,16,11.125,Peyton Barber,16,1.0,1994-02-27,2016,25
00-0032741,2020,12,8.25,Peyton Barber,16,0.75,1994-02-27,2016,26
00-0032741,2021,6,10.833333333333334,Peyton Barber,17,0.35294117647058826,1994-02-27,2016,27
00-0032764,2016,14,8.928571428571429,Derrick Henry,16,0.875,1994-01-04,2016,22
00-0032764,2017,16,12.0625,Derrick Henry,16,1.0,1994-01-04,2016,23
00-0032764,2018,16,14.5625,Derrick Henry,16,1.0,1994-01-04,2016,24
00-0032764,2019,15,21.8,Derrick Henry,16,0.9375,1994-01-04,2016,25
00-0032764,2020,16,25.5625,Derrick Henry,16,1.0,1994-01-04,2016,26
00-0032764,2021,8,29.875,Derrick Henry,17,0.47058823529411764,1994-01-04,2016,27
00-0032764,2022,16,24.375,Derrick Henry,17,0.9411764705882353,1994-01-04,2016,28
00-0032764,2023,17,18.58823529411765,Derrick Henry,17,1.0,1994-01-04,2016,29
00-0032764,2024,17,20.41176470588235,Derrick Henry,17,1.0,1994-01-04,2016,30
00-0032764,2025,17,19.294117647058822,Derrick Henry,17,1.0,1994-01-04,2016,31
00-0032780,2016,15,20.133333333333333,Jordan Howard,16,0.9375,1994-11-02,2016,22
00-0032780,2017,16,19.25,Jordan Howard,16,1.0,1994-11-02,2016,23
00-0032780,2018,16,17.3125,Jordan Howard,16,1.0,1994-11-02,2016,24
00-0032780,2019,9,14.777777777777779,Jordan Howard,16,0.5625,1994-11-02,2016,25
00-0032780,2020,7,5.142857142857143,Jordan Howard,16,0.4375,1994-11-02,2016,26
00-0032780,2021,7,13.0,Jordan Howard,17,0.4117647058823529,1994-11-02,2016,27
00-0032782,2016,10,8.8,Wendell Smallwood,16,0.625,1994-01-20,2016,22
00-0032782,2017,8,8.125,Wendell Smallwood,16,0.5,1994-01-20,2016,23
00-0032782,2018,11,10.909090909090908,Wendell Smallwood,16,0.6875,1994-01-20,2016,24
00-0032782,2019,8,4.0,Wendell Smallwood,16,0.5,1994-01-20,2016,25
00-0032782,2021,2,5.0,Wendell Smallwood,17,0.11764705882352941,1994-01-20,2016,27
00-0032804,2016,3,5.0,Daniel Lasco,16,0.1875,1992-10-09,2016,24
00-0032902,2016,9,8.333333333333334,Kenneth Farrow,16,0.5625,1993-03-07,2016,23
00-0032940,2016,13,8.461538461538462,DeAndre Washington,16,0.8125,1993-02-22,2016,23
00-0032940,2017,15,6.8,DeAndre Washington,16,0.9375,1993-02-22,2016,24
00-0032940,2018,5,5.6,DeAndre Washington,16,0.3125,1993-02-22,2016,25
00-0032940,2019,16,9.3125,DeAndre Washington,16,1.0,1993-02-22,2016,26
00-0032940,2020,4,10.25,DeAndre Washington,16,0.25,1993-02-22,2016,27
00-0032964,2016,2,12.0,Byron Marshall,16,0.125,1994-02-13,2016,22
00-0032964,2017,2,8.0,Byron Marshall,16,0.125,1994-02-13,2016,23
00-0032972,2016,16,13.6875,Devontae Booker,16,1.0,1992-05-27,2016,24
00-0032972,2017,13,9.0,Devontae Booker,16,0.8125,1992-05-27,2016,25
00-0032972,2018,14,5.928571428571429,Devontae Booker,16,0.875,1992-05-27,2016,26
00-0032972,2020,15,7.6,Devontae Booker,16,0.9375,1992-05-27,2016,28
00-0032972,2021,16,11.875,Devontae Booker,17,0.9411764705882353,1992-05-27,2016,29
00-0032975,2016,7,4.142857142857143,Jonathan Williams,16,0.4375,1994-02-02,2016,22
00-0032975,2019,4,13.5,Jonathan Williams,16,0.25,1994-02-02,2016,25
00-0032975,2020,1,5.0,Jonathan Williams,16,0.0625,1994-02-02,2016,26
00-0032975,2021,4,5.5,Jonathan Williams,17,0.23529411764705882,1994-02-02,2016,27
00-0032975,2022,5,9.0,Jonathan Williams,17,0.29411764705882354,1994-02-02,2016,28
00-0033025,2016,16,7.625,Jalen Richard,16,1.0,1993-10-15,2016,23
00-0033025,2017,14,6.5,Jalen Richard,16,0.875,1993-10-15,2016,24
00-0033025,2018,16,8.5,Jalen Richard,16,1.0,1993-10-15,2016,25
00-0033025,2019,15,5.4,Jalen Richard,16,0.9375,1993-10-15,2016,26
00-0033025,2020,10,4.3,Jalen Richard,16,0.625,1993-10-15,2016,27
00-0033045,2016,15,24.133333333333333,Ezekiel Elliott,16,0.9375,1995-07-22,2016,21
00-0033045,2017,10,28.0,Ezekiel Elliott,16,0.625,1995-07-22,2016,22
00-0033045,2018,15,26.6,Ezekiel Elliott,16,0.9375,1995-07-22,2016,23
00-0033045,2019,16,23.25,Ezekiel Elliott,16,1.0,1995-07-22,2016,24
00-0033045,2020,15,21.0,Ezekiel Elliott,16,0.9375,1995-07-22,2016,25
00-0033045,2021,17,17.764705882352942,Ezekiel Elliott,17,1.0,1995-07-22,2016,26
00-0033045,2022,15,16.933333333333334,Ezekiel Elliott,17,0.8823529411764706,1995-07-22,2016,27
00-0033045,2023,17,14.647058823529411,Ezekiel Elliott,17,1.0,1995-07-22,2016,28
00-0033045,2024,13,6.6923076923076925,Ezekiel Elliott,17,0.7647058823529411,1995-07-22,2016,29
00-0033049,2018,1,7.0,Darius Jackson,16,0.0625,1993-12-01,2016,25
00-0033118,2016,9,4.333333333333333,Kenyan Drake,16,0.5625,1994-01-26,2016,22
00-0033118,2017,12,14.916666666666666,Kenyan Drake,16,0.75,1994-01-26,2016,23
00-0033118,2018,16,12.0625,Kenyan Drake,16,1.0,1994-01-26,2016,24
00-0033118,2019,14,17.0,Kenyan Drake,16,0.875,1994-01-26,2016,25
00-0033118,2020,15,18.0,Kenyan Drake,16,0.9375,1994-01-26,2016,26
00-0033118,2021,11,9.272727272727273,Kenyan Drake,17,0.6470588235294118,1994-01-26,2016,27
00-0033118,2022,12,11.25,Kenyan Drake,17,0.7058823529411765,1994-01-26,2016,28
00-0033118,2023,1,4.0,Kenyan Drake,17,0.058823529411764705,1994-01-26,2016,29
00-0033164,2016,3,4.333333333333333,Troymaine Pope,16,0.1875,1993-11-29,2016,23
00-0033164,2019,1,12.0,Troymaine Pope,16,0.0625,1993-11-29,2016,26
00-0033164,2020,3,8.0,Troymaine Pope,16,0.1875,1993-11-29,2016,27
00-0033280,2017,16,14.375,Christian McCaffrey,16,1.0,1996-06-07,2017,21
00-0033280,2018,16,21.4375,Christian McCaffrey,16,1.0,1996-06-07,2017,22
00-0033280,2019,16,26.8125,Christian McCaffrey,16,1.0,1996-06-07,2017,23
00-0033280,2020,3,26.0,Christian McCaffrey,16,0.1875,1996-06-07,2017,24
00-0033280,2021,7,20.0,Christian McCaffrey,17,0.4117647058823529,1996-06-07,2017,25
00-0033280,2022,17,20.705882352941178,Christian McCaffrey,17,1.0,1996-06-07,2017,26
00-0033280,2023,16,22.1875,Christian McCaffrey,17,0.9411764705882353,1996-06-07,2017,27
00-0033280,2024,4,17.25,Christian McCaffrey,17,0.23529411764705882,1996-06-07,2017,28
00-0033280,2025,17,25.88235294117647,Christian McCaffrey,17,1.0,1996-06-07,2017,29
00-0033293,2017,9,10.88888888888889,Aaron Jones,16,0.5625,1994-12-02,2017,23
00-0033293,2018,12,14.0,Aaron Jones,16,0.75,1994-12-02,2017,24
00-0033293,2019,16,19.0,Aaron Jones,16,1.0,1994-12-02,2017,25
00-0033293,2020,14,18.857142857142858,Aaron Jones,16,0.875,1994-12-02,2017,26
00-0033293,2021,15,15.733333333333333,Aaron Jones,17,0.8823529411764706,1994-12-02,2017,27
00-0033293,2022,17,16.764705882352942,Aaron Jones,17,1.0,1994-12-02,2017,28
00-0033293,2023,11,16.818181818181817,Aaron Jones,17,0.6470588235294118,1994-12-02,2017,29
00-0033293,2024,17,18.647058823529413,Aaron Jones,17,1.0,1994-12-02,2017,30
00-0033293,2025,12,14.416666666666666,Aaron Jones,17,0.7058823529411765,1994-12-02,2017,31
00-0033295,2017,12,9.25,Elijah McGuire,16,0.75,1994-06-01,2017,23
00-0033295,2018,8,15.375,Elijah McGuire,16,0.5,1994-06-01,2017,24
00-0033308,2017,16,8.8125,Matt Breida,16,1.0,1995-02-28,2017,22
00-0033308,2018,14,13.142857142857142,Matt Breida,16,0.875,1995-02-28,2017,23
00-0033308,2019,12,12.083333333333334,Matt Breida,16,0.75,1995-02-28,2017,24
00-0033308,2020,10,6.9,Matt Breida,16,0.625,1995-02-28,2017,25
00-0033308,2021,6,5.666666666666667,Matt Breida,17,0.35294117647058826,1995-02-28,2017,26
00-0033308,2022,15,5.133333333333334,Matt Breida,17,0.8823529411764706,1995-02-28,2017,27
00-0033308,2023,12,6.083333333333333,Matt Breida,17,0.7058823529411765,1995-02-28,2017,28
00-0033526,2017,13,15.307692307692308,Samaje Perine,16,0.8125,1995-09-16,2017,22
00-0033526,2019,1,5.0,Samaje Perine,16,0.0625,1995-09-16,2017,24
00-0033526,2020,9,8.11111111111111,Samaje Perine,16,0.5625,1995-09-16,2017,25
00-0033526,2021,14,6.071428571428571,Samaje Perine,17,0.8235294117647058,1995-09-16,2017,26
00-0033526,2022,16,9.125,Samaje Perine,17,0.9411764705882353,1995-09-16,2017,27
00-0033526,2023,17,6.411764705882353,Samaje Perine,17,1.0,1995-09-16,2017,28
00-0033526,2025,13,8.0,Samaje Perine,17,0.7647058823529411,1995-09-16,2017,30
00-0033553,2018,13,22.0,James Conner,16,0.8125,1995-05-05,2017,23
00-0033553,2019,10,15.4,James Conner,16,0.625,1995-05-05,2017,24
00-0033553,2020,13,16.307692307692307,James Conner,16,0.8125,1995-05-05,2017,25
00-0033553,2021,15,16.066666666666666,James Conner,17,0.8823529411764706,1995-05-05,2017,26
00-0033553,2022,13,18.53846153846154,James Conner,17,0.7647058823529411,1995-05-05,2017,27
00-0033553,2023,13,18.53846153846154,James Conner,17,0.7647058823529411,1995-05-05,2017,28
00-0033553,2024,16,18.1875,James Conner,17,0.9411764705882353,1995-05-05,2017,29
00-0033553,2025,3,13.666666666666666,James Conner,17,0.17647058823529413,1995-05-05,2017,30
00-0033556,2017,16,9.875,Tarik Cohen,16,1.0,1995-07-26,2017,22
00-0033556,2018,16,11.875,Tarik Cohen,16,1.0,1995-07-26,2017,23
00-0033556,2019,16,10.5,Tarik Cohen,16,1.0,1995-07-26,2017,24
00-0033556,2020,3,7.666666666666667,Tarik Cohen,16,0.1875,1995-07-26,2017,25
00-0033567,2017,3,4.333333333333333,Brian Hill,16,0.1875,1995-11-09,2017,22
00-0033567,2018,3,7.0,Brian Hill,16,0.1875,1995-11-09,2017,23
00-0033567,2019,9,10.11111111111111,Brian Hill,16,0.5625,1995-11-09,2017,24
00-0033567,2020,16,8.125,Brian Hill,16,1.0,1995-11-09,2017,25
00-0033581,2017,2,4.0,De'Angelo Henderson Sr.,16,0.125,1992-11-24,2017,25
00-0033594,2017,4,14.25,Chris Carson,16,0.25,1994-09-16,2017,23
00-0033594,2018,14,19.357142857142858,Chris Carson,16,0.875,1994-09-16,2017,24
00-0033594,2019,15,21.666666666666668,Chris Carson,16,0.9375,1994-09-16,2017,25
00-0033594,2020,12,15.583333333333334,Chris Carson,16,0.75,1994-09-16,2017,26
00-0033594,2021,4,15.0,Chris Carson,17,0.23529411764705882,1994-09-16,2017,27
00-0033699,2017,12,6.75,Austin Ekeler,16,0.75,1995-05-17,2017,22
00-0033699,2018,14,11.357142857142858,Austin Ekeler,16,0.875,1995-05-17,2017,23
00-0033699,2019,16,15.0,Austin Ekeler,16,1.0,1995-05-17,2017,24
00-0033699,2020,10,18.1,Austin Ekeler,16,0.625,1995-05-17,2017,25
00-0033699,2021,16,18.75,Austin Ekeler,17,0.9411764705882353,1995-05-17,2017,26
00-0033699,2022,17,19.470588235294116,Austin Ekeler,17,1.0,1995-05-17,2017,27
00-0033699,2023,14,18.071428571428573,Austin Ekeler,17,0.8235294117647058,1995-05-17,2017,28
00-0033699,2024,12,9.833333333333334,Austin Ekeler,17,0.7058823529411765,1995-05-17,2017,29
00-0033699,2025,2,10.5,Austin Ekeler,17,0.11764705882352941,1995-05-17,2017,30
00-0033725,2017,14,6.357142857142857,Corey Clement,16,0.875,1994-11-02,2017,23
00-0033725,2018,10,9.2,Corey Clement,16,0.625,1994-11-02,2017,24
00-0033725,2020,6,4.166666666666667,Corey Clement,16,0.375,1994-11-02,2017,26
00-0033725,2021,5,8.0,Corey Clement,17,0.29411764705882354,1994-11-02,2017,27
00-0033725,2022,2,10.0,Corey Clement,17,0.11764705882352941,1994-11-02,2017,28
00-0033748,2017,5,8.8,Tion Green,16,0.3125,1993-12-14,2017,24
00-0033838,2017,1,9.0,Trey Edmunds,16,0.0625,1994-12-30,2017,23
00-0033838,2019,4,6.75,Trey Edmunds,16,0.25,1994-12-30,2017,25
00-0033854,2020,6,8.5,Dare Ogunbowale,16,0.375,1994-05-04,2017,26
00-0033854,2021,8,7.75,Dare Ogunbowale,17,0.47058823529411764,1994-05-04,2017,27
00-0033854,2022,8,8.125,Dare Ogunbowale,17,0.47058823529411764,1994-05-04,2017,28
00-0033854,2024,11,4.909090909090909,Dare Ogunbowale,17,0.6470588235294118,1994-05-04,2017,30
00-0033854,2025,5,4.0,Dare Ogunbowale,17,0.29411764705882354,1994-05-04,2017,31
00-0033856,2017,13,24.307692307692307,Leonard Fournette,16,0.8125,1995-01-18,2017,22
00-0033856,2018,8,19.875,Leonard Fournette,16,0.5,1995-01-18,2017,23
00-0033856,2019,15,24.333333333333332,Leonard Fournette,16,0.9375,1995-01-18,2017,24
00-0033856,2020,12,12.0,Leonard Fournette,16,0.75,1995-01-18,2017,25
00-0033856,2021,14,18.857142857142858,Leonard Fournette,17,0.8235294117647058,1995-01-18,2017,26
00-0033856,2022,15,18.066666666666666,Leonard Fournette,17,0.8823529411764706,1995-01-18,2017,27
00-0033856,2023,2,6.0,Leonard Fournette,17,0.11764705882352941,1995-01-18,2017,28
00-0033893,2017,4,22.5,Dalvin Cook,16,0.25,1995-08-10,2017,22
00-0033893,2018,11,16.545454545454547,Dalvin Cook,16,0.6875,1995-08-10,2017,23
00-0033893,2019,14,22.357142857142858,Dalvin Cook,16,0.875,1995-08-10,2017,24
00-0033893,2020,14,26.142857142857142,Dalvin Cook,16,0.875,1995-08-10,2017,25
00-0033893,2021,13,22.923076923076923,Dalvin Cook,17,0.7647058823529411,1995-08-10,2017,26
00-0033893,2022,17,18.823529411764707,Dalvin Cook,17,1.0,1995-08-10,2017,27
00-0033893,2023,14,6.214285714285714,Dalvin Cook,17,0.8235294117647058,1995-08-10,2017,28
00-0033893,2024,2,4.5,Dalvin Cook,17,0.11764705882352941,1995-08-10,2017,29
00-0033897,2017,14,15.142857142857142,Joe Mixon,16,0.875,1996-07-24,2017,21
00-0033897,2018,14,20.857142857142858,Joe Mixon,16,0.875,1996-07-24,2017,22
00-0033897,2019,16,20.1875,Joe Mixon,16,1.0,1996-07-24,2017,23
00-0033897,2020,6,24.166666666666668,Joe Mixon,16,0.375,1996-07-24,2017,24
00-0033897,2021,16,21.25,Joe Mixon,17,0.9411764705882353,1996-07-24,2017,25
00-0033897,2022,14,20.357142857142858,Joe Mixon,17,0.8235294117647058,1996-07-24,2017,26
00-0033897,2023,17,18.88235294117647,Joe Mixon,17,1.0,1996-07-24,2017,27
00-0033897,2024,14,21.214285714285715,Joe Mixon,17,0.8235294117647058,1996-07-24,2017,28
00-0033906,2017,16,13.75,Alvin Kamara,16,1.0,1995-07-25,2017,22
00-0033906,2018,15,19.933333333333334,Alvin Kamara,16,0.9375,1995-07-25,2017,23
00-0033906,2019,14,19.142857142857142,Alvin Kamara,16,0.875,1995-07-25,2017,24
00-0033906,2020,15,19.6,Alvin Kamara,16,0.9375,1995-07-25,2017,25
00-0033906,2021,13,23.615384615384617,Alvin Kamara,17,0.7647058823529411,1995-07-25,2017,26
00-0033906,2022,15,20.0,Alvin Kamara,17,0.8823529411764706,1995-07-25,2017,27
00-0033906,2023,13,20.46153846153846,Alvin Kamara,17,0.7647058823529411,1995-07-25,2017,28
00-0033906,2024,14,22.642857142857142,Alvin Kamara,17,0.8235294117647058,1995-07-25,2017,29
00-0033906,2025,11,15.454545454545455,Alvin Kamara,17,0.6470588235294118,1995-07-25,2017,30
00-0033923,2017,15,22.266666666666666,Kareem Hunt,16,0.9375,1995-08-06,2017,22
00-0033923,2018,11,19.636363636363637,Kareem Hunt,16,0.6875,1995-08-06,2017,23
00-0033923,2019,8,10.875,Kareem Hunt,16,0.5,1995-08-06,2017,24
00-0033923,2020,16,15.5625,Kareem Hunt,16,1.0,1995-08-06,2017,25
00-0033923,2021,8,13.125,Kareem Hunt,17,0.47058823529411764,1995-08-06,2017,26
00-0033923,2022,17,9.823529411764707,Kareem Hunt,17,1.0,1995-08-06,2017,27
00-0033923,2023,14,11.071428571428571,Kareem Hunt,17,0.8235294117647058,1995-08-06,2017,28
00-0033923,2024,13,17.846153846153847,Kareem Hunt,17,0.7647058823529411,1995-08-06,2017,29
00-0033923,2025,17,11.058823529411764,Kareem Hunt,17,1.0,1995-08-06,2017,30
00-0033925,2017,8,10.625,D'Onta Foreman,16,0.5,1996-04-24,2017,21
00-0033925,2018,1,9.0,D'Onta Foreman,16,0.0625,1996-04-24,2017,22
00-0033925,2020,4,5.5,D'Onta Foreman,16,0.25,1996-04-24,2017,24
00-0033925,2021,9,16.0,D'Onta Foreman,17,0.5294117647058824,1996-04-24,2017,25
00-0033925,2022,15,14.066666666666666,D'Onta Foreman,17,0.8823529411764706,1996-04-24,2017,26
00-0033925,2023,9,13.88888888888889,D'Onta Foreman,17,0.5294117647058824,1996-04-24,2017,27
00-0033925,2024,10,7.9,D'Onta Foreman,17,0.5882352941176471,1996-04-24,2017,28
00-0033948,2017,12,15.416666666666666,Jamaal Williams,16,0.75,1995-04-03,2017,22
00-0033948,2018,14,11.428571428571429,Jamaal Williams,16,0.875,1995-04-03,2017,23
00-0033948,2019,13,11.615384615384615,Jamaal Williams,16,0.8125,1995-04-03,2017,24
00-0033948,2020,14,11.0,Jamaal Williams,16,0.875,1995-04-03,2017,25
00-0033948,2021,13,13.923076923076923,Jamaal Williams,17,0.7647058823529411,1995-04-03,2017,26
00-0033948,2022,17,16.352941176470587,Jamaal Williams,17,1.0,1995-04-03,2017,27
00-0033948,2023,13,9.692307692307692,Jamaal Williams,17,0.7647058823529411,1995-04-03,2017,28
00-0033948,2024,12,4.833333333333333,Jamaal Williams,17,0.7058823529411765,1995-04-03,2017,29
00-0033950,2017,13,12.23076923076923,Wayne Gallman,16,0.8125,1994-10-01,2017,23
00-0033950,2018,12,6.0,Wayne Gallman,16,0.75,1994-10-01,2017,24
00-0033950,2019,5,8.0,Wayne Gallman,16,0.3125,1994-10-01,2017,25
00-0033950,2020,13,13.307692307692308,Wayne Gallman,16,0.8125,1994-10-01,2017,26
00-0033950,2021,3,9.333333333333334,Wayne Gallman,17,0.17647058823529413,1994-10-01,2017,27
00-0033951,2017,14,9.0,Marlon Mack,16,0.875,1996-03-07,2017,21
00-0033951,2018,12,18.416666666666668,Marlon Mack,16,0.75,1996-03-07,2017,22
00-0033951,2019,14,18.857142857142858,Marlon Mack,16,0.875,1996-03-07,2017,23
00-0033951,2020,1,7.0,Marlon Mack,16,0.0625,1996-03-07,2017,24
00-0033951,2021,5,6.6,Marlon Mack,17,0.29411764705882354,1996-03-07,2017,25
00-0033951,2022,5,5.2,Marlon Mack,17,0.29411764705882354,1996-03-07,2017,26
00-0033955,2020,9,6.444444444444445,Jeremy McNichols,16,0.5625,1995-12-26,2017,25
00-0033955,2021,12,6.5,Jeremy McNichols,17,0.7058823529411765,1995-12-26,2017,26
00-0033955,2024,12,5.416666666666667,Jeremy McNichols,17,0.7058823529411765,1995-12-26,2017,29
00-0033955,2025,14,5.214285714285714,Jeremy McNichols,17,0.8235294117647058,1995-12-26,2017,30
00-0034109,2018,15,15.933333333333334,Phillip Lindsay,16,0.9375,1994-07-24,2018,24
00-0034109,2019,16,17.0,Phillip Lindsay,16,1.0,1994-07-24,2018,25
00-0034109,2020,11,12.0,Phillip Lindsay,16,0.6875,1994-07-24,2018,26
00-0034109,2021,13,7.076923076923077,Phillip Lindsay,17,0.7647058823529411,1994-07-24,2018,27
00-0034109,2022,3,7.666666666666667,Phillip Lindsay,17,0.17647058823529413,1994-07-24,2018,28
00-0034115,2018,6,13.5,Jeff Wilson,16,0.375,1995-11-16,2018,23
00-0034115,2019,5,5.8,Jeff Wilson,16,0.3125,1995-11-16,2018,24
00-0034115,2020,11,14.0,Jeff Wilson,16,0.6875,1995-11-16,2018,25
00-0034115,2021,6,14.5,Jeff Wilson,17,0.35294117647058826,1995-11-16,2018,26
00-0034115,2022,16,13.3125,Jeff Wilson,17,0.9411764705882353,1995-11-16,2018,27
00-0034115,2023,8,7.125,Jeff Wilson,17,0.47058823529411764,1995-11-16,2018,28
00-0034164,2018,9,6.777777777777778,Trenton Cannon,16,0.5625,1994-07-23,2018,24
00-0034184,2018,10,13.8,Gus Edwards,16,0.625,1995-04-13,2018,23
00-0034184,2019,16,8.75,Gus Edwards,16,1.0,1995-04-13,2018,24
00-0034184,2020,16,9.8125,Gus Edwards,16,1.0,1995-04-13,2018,25
00-0034184,2022,9,9.88888888888889,Gus Edwards,17,0.5294117647058824,1995-04-13,2018,27
00-0034184,2023,17,12.411764705882353,Gus Edwards,17,1.0,1995-04-13,2018,28
00-0034184,2024,11,9.636363636363637,Gus Edwards,17,0.6470588235294118,1995-04-13,2018,29
00-0034201,2019,1,4.0,De'Lance Turner,16,0.0625,1995-08-23,2018,24
00-0034208,2019,5,10.6,Mike Boone,16,0.3125,1995-07-30,2018,24
00-0034208,2021,1,5.0,Mike Boone,17,0.058823529411764705,1995-07-30,2018,26
00-0034208,2022,6,6.166666666666667,Mike Boone,17,0.35294117647058826,1995-07-30,2018,27
00-0034253,2019,5,5.4,Dontrell Hilliard,16,0.3125,1995-02-26,2018,24
00-0034253,2020,2,5.0,Dontrell Hilliard,16,0.125,1995-02-26,2018,25
00-0034253,2021,7,11.714285714285714,Dontrell Hilliard,17,0.4117647058823529,1995-02-26,2018,26
00-0034253,2022,11,4.363636363636363,Dontrell Hilliard,17,0.6470588235294118,1995-02-26,2018,27
00-0034301,2018,2,7.5,Darrel Williams,16,0.125,1995-04-15,2018,23
00-0034301,2019,8,7.375,Darrel Williams,16,0.5,1995-04-15,2018,24
00-0034301,2020,10,6.2,Darrel Williams,16,0.625,1995-04-15,2018,25
00-0034301,2021,16,12.5,Darrel Williams,17,0.9411764705882353,1995-04-15,2018,26
00-0034301,2022,5,5.8,Darrel Williams,17,0.29411764705882354,1995-04-15,2018,27
00-0034331,2018,8,10.5,Jaylen Samuels,16,0.5,1996-07-20,2018,22
00-0034331,2019,13,9.461538461538462,Jaylen Samuels,16,0.8125,1996-07-20,2018,23
00-0034331,2021,2,4.5,Jaylen Samuels,17,0.11764705882352941,1996-07-20,2018,25
00-0034349,2018,10,15.7,Kerryon Johnson,16,0.625,1997-06-30,2018,21
00-0034349,2019,8,16.0,Kerryon Johnson,16,0.5,1997-06-30,2018,22
00-0034349,2020,12,6.333333333333333,Kerryon Johnson,16,0.75,1997-06-30,2018,23
00-0034358,2019,5,10.2,Derrius Guice,16,0.3125,1997-06-21,2018,22
00-0034367,2018,16,10.375,Nyheim Hines,16,1.0,1996-11-12,2018,22
00-0034367,2019,16,6.875,Nyheim Hines,16,1.0,1996-11-12,2018,23
00-0034367,2020,15,10.933333333333334,Nyheim Hines,16,0.9375,1996-11-12,2018,24
00-0034367,2021,17,6.647058823529412,Nyheim Hines,17,1.0,1996-11-12,2018,25
00-0034367,2022,11,5.181818181818182,Nyheim Hines,17,0.6470588235294118,1996-11-12,2018,26
00-0034378,2018,13,9.384615384615385,Ito Smith,16,0.8125,1995-09-11,2018,23
00-0034378,2019,5,6.8,Ito Smith,16,0.3125,1995-09-11,2018,24
00-0034378,2020,12,7.25,Ito Smith,16,0.75,1995-09-11,2018,25
00-0034400,2018,10,7.4,Jordan Wilkins,16,0.625,1994-07-18,2018,24
00-0034400,2019,11,5.545454545454546,Jordan Wilkins,16,0.6875,1994-07-18,2018,25
00-0034400,2020,11,9.0,Jordan Wilkins,16,0.6875,1994-07-18,2018,26
00-0034400,2022,4,5.25,Jordan Wilkins,17,0.23529411764705882,1994-07-18,2018,28
00-0034414,2019,8,10.875,Boston Scott,16,0.5,1995-04-27,2018,24
00-0034414,2020,14,8.142857142857142,Boston Scott,16,0.875,1995-04-27,2018,25
00-0034414,2021,9,11.444444444444445,Boston Scott,17,0.5294117647058824,1995-04-27,2018,26
00-0034414,2022,11,5.2727272727272725,Boston Scott,17,0.6470588235294118,1995-04-27,2018,27
00-0034432,2019,6,15.5,Bo Scarbrough,16,0.375,1996-09-29,2018,23
00-0034432,2020,1,6.0,Bo Scarbrough,16,0.0625,1996-09-29,2018,24
00-0034440,2018,8,8.625,Justin Jackson,16,0.5,1996-04-22,2018,22
00-0034440,2019,6,6.5,Justin Jackson,16,0.375,1996-04-22,2018,23
00-0034440,2020,8,10.375,Justin Jackson,16,0.5,1996-04-22,2018,24
00-0034440,2021,12,7.666666666666667,Justin Jackson,17,0.7058823529411765,1996-04-22,2018,25
00-0034440,2022,12,5.083333333333333,Justin Jackson,17,0.7058823529411765,1996-04-22,2018,26
00-0034449,2020,2,9.0,Buddy Howell,16,0.125,1996-03-27,2018,24
00-0034449,2021,1,5.0,Buddy Howell,17,0.058823529411764705,1996-03-27,2018,25
00-0034457,2018,11,12.0,Josh Adams,16,0.6875,1996-10-29,2018,22
00-0034457,2019,2,4.0,Josh Adams,16,0.125,1996-10-29,2018,23
00-0034457,2020,4,8.75,Josh Adams,16,0.25,1996-10-29,2018,24
00-0034509,2018,2,13.0,Keith Ford,16,0.125,1994-04-18,2018,24
00-0034565,2018,2,6.0,Detrez Newsome,16,0.125,1994-03-06,2018,24
00-0034578,2020,2,7.0,Reggie Bonnafon,16,0.125,1996-01-04,2018,24
00-0034614,2021,6,4.333333333333333,Godwin Igwebuike,17,0.35294117647058826,1994-09-10,2018,27
00-0034614,2022,1,4.0,Godwin Igwebuike,17,0.058823529411764705,1994-09-10,2018,28
00-0034654,2019,2,6.0,Dalyn Dawkins,16,0.125,1994-12-26,2018,25
00-0034679,2018,5,4.2,Mark Walton,16,0.3125,1997-03-29,2018,21
00-0034679,2019,6,12.166666666666666,Mark Walton,16,0.375,1997-03-29,2018,22
00-0034681,2018,15,5.466666666666667,Chase Edmonds,16,0.9375,1996-04-13,2018,22
00-0034681,2019,9,8.88888888888889,Chase Edmonds,16,0.5625,1996-04-13,2018,23
00-0034681,2020,16,10.25,Chase Edmonds,16,1.0,1996-04-13,2018,24
00-0034681,2021,11,15.272727272727273,Chase Edmonds,17,0.6470588235294118,1996-04-13,2018,25
00-0034681,2022,13,7.076923076923077,Chase Edmonds,17,0.7647058823529411,1996-04-13,2018,26
00-0034681,2023,13,5.076923076923077,Chase Edmonds,17,0.7647058823529411,1996-04-13,2018,27
00-0034750,2018,12,8.083333333333334,Rashaad Penny,16,0.75,1996-02-02,2018,22
00-0034750,2019,8,9.375,Rashaad Penny,16,0.5,1996-02-02,2018,23
00-0034750,2021,10,12.7,Rashaad Penny,17,0.5882352941176471,1996-02-02,2018,25
00-0034750,2022,5,12.4,Rashaad Penny,17,0.29411764705882354,1996-02-02,2018,26
00-0034750,2023,3,4.0,Rashaad Penny,17,0.17647058823529413,1996-02-02,2018,27
00-0034791,2018,16,13.8125,Nick Chubb,16,1.0,1995-12-27,2018,23
00-0034791,2019,16,21.6875,Nick Chubb,16,1.0,1995-12-27,2018,24
00-0034791,2020,12,17.333333333333332,Nick Chubb,16,0.75,1995-12-27,2018,25
00-0034791,2021,14,18.071428571428573,Nick Chubb,17,0.8235294117647058,1995-12-27,2018,26
00-0034791,2022,17,19.941176470588236,Nick Chubb,17,1.0,1995-12-27,2018,27
00-0034791,2023,2,16.0,Nick Chubb,17,0.11764705882352941,1995-12-27,2018,28
00-0034791,2024,8,14.125,Nick Chubb,17,0.47058823529411764,1995-12-27,2018,29
00-0034791,2025,13,10.76923076923077,Nick Chubb,17,0.7647058823529411,1995-12-27,2018,30
00-0034799,2018,6,7.166666666666667,Kalen Ballage,16,0.375,1995-12-22,2018,23
00-0034799,2019,12,8.166666666666666,Kalen Ballage,16,0.75,1995-12-22,2018,24
00-0034799,2020,11,11.636363636363637,Kalen Ballage,16,0.6875,1995-12-22,2018,25
00-0034808,2018,3,10.0,John Kelly,16,0.1875,1996-10-04,2018,22
00-0034816,2018,6,5.333333333333333,Ronald Jones,16,0.375,1997-08-03,2018,21
00-0034816,2019,16,13.25,Ronald Jones,16,1.0,1997-08-03,2018,22
00-0034816,2020,14,16.714285714285715,Ronald Jones,16,0.875,1997-08-03,2018,23
00-0034816,2021,15,7.6,Ronald Jones,17,0.8823529411764706,1997-08-03,2018,24
00-0034816,2022,2,7.5,Ronald Jones,17,0.11764705882352941,1997-08-03,2018,25
00-0034838,2018,14,10.714285714285714,Royce Freeman,16,0.875,1996-02-24,2018,22
00-0034838,2019,16,11.375,Royce Freeman,16,1.0,1996-02-24,2018,23
00-0034838,2020,10,4.7,Royce Freeman,16,0.625,1996-02-24,2018,24
00-0034838,2021,10,7.1,Royce Freeman,17,0.5882352941176471,1996-02-24,2018,25
00-0034838,2022,4,12.25,Royce Freeman,17,0.23529411764705882,1996-02-24,2018,26
00-0034838,2023,8,9.75,Royce Freeman,17,0.47058823529411764,1996-02-24,2018,27
00-0034844,2018,16,23.875,Saquon Barkley,16,1.0,1997-02-09,2018,21
00-0034844,2019,13,22.307692307692307,Saquon Barkley,16,0.8125,1997-02-09,2018,22
00-0034844,2020,2,14.0,Saquon Barkley,16,0.125,1997-02-09,2018,23
00-0034844,2021,13,16.846153846153847,Saquon Barkley,17,0.7647058823529411,1997-02-09,2018,24
00-0034844,2022,16,23.1875,Saquon Barkley,17,0.9411764705882353,1997-02-09,2018,25
00-0034844,2023,14,21.928571428571427,Saquon Barkley,17,0.8235294117647058,1997-02-09,2018,26
00-0034844,2024,16,24.25,Saquon Barkley,17,0.9411764705882353,1997-02-09,2018,27
00-0034844,2025,16,20.625,Saquon Barkley,17,0.9411764705882353,1997-02-09,2018,28
00-0034845,2018,13,16.923076923076923,Sony Michel,16,0.8125,1995-02-17,2018,23
00-0034845,2019,16,16.6875,Sony Michel,16,1.0,1995-02-17,2018,24
00-0034845,2020,8,11.0,Sony Michel,16,0.5,1995-02-17,2018,25
00-0034845,2021,16,15.0,Sony Michel,17,0.9411764705882353,1995-02-17,2018,26
00-0034845,2022,7,6.571428571428571,Sony Michel,17,0.4117647058823529,1995-02-17,2018,27
00-0034972,2019,13,8.615384615384615,Alexander Mattison,16,0.8125,1998-06-19,2019,21
00-0034972,2020,12,9.166666666666666,Alexander Mattison,16,0.75,1998-06-19,2019,22
00-0034972,2021,16,10.8125,Alexander Mattison,17,0.9411764705882353,1998-06-19,2019,23
00-0034972,2022,16,5.6875,Alexander Mattison,17,0.9411764705882353,1998-06-19,2019,24
00-0034972,2023,16,14.0,Alexander Mattison,17,0.9411764705882353,1998-06-19,2019,25
00-0034972,2024,14,12.857142857142858,Alexander Mattison,17,0.8235294117647058,1998-06-19,2019,26
00-0034975,2019,14,5.142857142857143,Justice Hill,16,0.875,1997-11-14,2019,22
00-0034975,2020,2,6.5,Justice Hill,16,0.125,1997-11-14,2019,23
00-0034975,2022,11,5.363636363636363,Justice Hill,17,0.6470588235294118,1997-11-14,2019,25
00-0034975,2023,16,7.6875,Justice Hill,17,0.9411764705882353,1997-11-14,2019,26
00-0034975,2024,15,6.533333333333333,Justice Hill,17,0.8823529411764706,1997-11-14,2019,27
00-0034975,2025,8,5.5,Justice Hill,17,0.47058823529411764,1997-11-14,2019,28
00-0035013,2019,3,11.333333333333334,Jon Hilliman,16,0.1875,1995-11-14,2019,24
00-0035148,2019,7,6.285714285714286,Darwin Thompson,16,0.4375,1997-02-12,2019,22
00-0035148,2020,5,7.6,Darwin Thompson,16,0.3125,1997-02-12,2019,23
00-0035184,2019,1,14.0,Devine Ozigbo,16,0.0625,1996-10-02,2019,23
00-0035184,2023,1,4.0,Devine Ozigbo,17,0.058823529411764705,1996-10-02,2019,27
00-0035187,2021,4,7.25,Austin Walter,17,0.23529411764705882,1996-08-17,2019,25
00-0035217,2019,10,11.1,Benny Snell,16,0.625,1998-02-27,2019,21
00-0035217,2020,15,8.333333333333334,Benny Snell,16,0.9375,1998-02-27,2019,22
00-0035217,2021,9,4.0,Benny Snell,17,0.5294117647058824,1998-02-27,2019,23
00-0035217,2022,3,7.333333333333333,Benny Snell,17,0.17647058823529413,1998-02-27,2019,24
00-0035243,2019,16,15.125,Miles Sanders,16,1.0,1997-05-01,2019,22
00-0035243,2020,12,18.0,Miles Sanders,16,0.75,1997-05-01,2019,23
00-0035243,2021,12,14.25,Miles Sanders,17,0.7058823529411765,1997-05-01,2019,24
00-0035243,2022,17,16.764705882352942,Miles Sanders,17,1.0,1997-05-01,2019,25
00-0035243,2023,16,10.625,Miles Sanders,17,0.9411764705882353,1997-05-01,2019,26
00-0035243,2024,11,7.7272727272727275,Miles Sanders,17,0.6470588235294118,1997-05-01,2019,27
00-0035243,2025,4,7.0,Miles Sanders,17,0.23529411764705882,1997-05-01,2019,28
00-0035250,2019,12,16.0,Devin Singletary,16,0.75,1997-09-03,2019,22
00-0035250,2020,16,12.875,Devin Singletary,16,1.0,1997-09-03,2019,23
00-0035250,2021,17,14.0,Devin Singletary,17,1.0,1997-09-03,2019,24
00-0035250,2022,16,14.3125,Devin Singletary,17,0.9411764705882353,1997-09-03,2019,25
00-0035250,2023,16,15.8125,Devin Singletary,17,0.9411764705882353,1997-09-03,2019,26
00-0035250,2024,15,9.133333333333333,Devin Singletary,17,0.8823529411764706,1997-09-03,2019,27
00-0035250,2025,17,8.117647058823529,Devin Singletary,17,1.0,1997-09-03,2019,28
00-0035261,2019,13,8.076923076923077,Tony Pollard,16,0.8125,1997-04-30,2019,22
00-0035261,2020,15,9.333333333333334,Tony Pollard,16,0.9375,1997-04-30,2019,23
00-0035261,2021,15,11.733333333333333,Tony Pollard,17,0.8823529411764706,1997-04-30,2019,24
00-0035261,2022,16,15.5,Tony Pollard,17,0.9411764705882353,1997-04-30,2019,25
00-0035261,2023,17,18.764705882352942,Tony Pollard,17,1.0,1997-04-30,2019,26
00-0035261,2024,16,19.8125,Tony Pollard,17,0.9411764705882353,1997-04-30,2019,27
00-0035261,2025,17,16.647058823529413,Tony Pollard,17,1.0,1997-04-30,2019,28
00-0035268,2019,9,6.0,Ryquell Armstead,16,0.5625,1996-10-30,2019,23
00-0035268,2021,2,9.5,Ryquell Armstead,17,0.11764705882352941,1996-10-30,2019,25
00-0035273,2019,4,5.5,Qadree Ollison,16,0.25,1996-09-08,2019,23
00-0035273,2021,6,4.5,Qadree Ollison,17,0.35294117647058826,1996-09-08,2019,25
00-0035275,2019,1,4.0,Jordan Scarlett,16,0.0625,1995-07-08,2019,24
00-0035291,2020,6,5.166666666666667,Trayveon Williams,16,0.375,1997-10-18,2019,23
00-0035291,2021,2,8.5,Trayveon Williams,17,0.11764705882352941,1997-10-18,2019,24
00-0035311,2019,6,7.833333333333333,Myles Gaskin,16,0.375,1997-02-15,2019,22
00-0035311,2020,10,18.9,Myles Gaskin,16,0.625,1997-02-15,2019,23
00-0035311,2021,17,13.882352941176471,Myles Gaskin,17,1.0,1997-02-15,2019,24
00-0035311,2022,2,8.0,Myles Gaskin,17,0.11764705882352941,1997-02-15,2019,25
00-0035342,2019,8,11.5,Patrick Laird,16,0.5,1995-08-17,2019,24
00-0035489,2019,1,12.0,Wes Hills,16,0.0625,1995-06-05,2019,24
00-0035537,2019,14,6.642857142857143,Ty Johnson,16,0.875,1997-09-17,2019,22
00-0035537,2020,9,8.222222222222221,Ty Johnson,16,0.5625,1997-09-17,2019,23
00-0035537,2021,15,7.733333333333333,Ty Johnson,17,0.8823529411764706,1997-09-17,2019,24
00-0035537,2022,10,5.4,Ty Johnson,17,0.5882352941176471,1997-09-17,2019,25
00-0035537,2023,6,6.0,Ty Johnson,17,0.35294117647058826,1997-09-17,2019,26
00-0035537,2024,14,4.5,Ty Johnson,17,0.8235294117647058,1997-09-17,2019,27
00-0035537,2025,16,5.125,Ty Johnson,17,0.9411764705882353,1997-09-17,2019,28
00-0035551,2019,1,6.0,Tony Brooks-James,16,0.0625,1994-12-06,2019,25
00-0035567,2021,5,12.6,Craig Reynolds,17,0.29411764705882354,1996-06-15,2019,25
00-0035567,2022,6,5.5,Craig Reynolds,17,0.35294117647058826,1996-06-15,2019,26
00-0035567,2023,6,7.666666666666667,Craig Reynolds,17,0.35294117647058826,1996-06-15,2019,27
00-0035567,2024,6,5.833333333333333,Craig Reynolds,17,0.35294117647058826,1996-06-15,2019,28
00-0035594,2019,3,10.0,Travis Homer,16,0.1875,1998-08-07,2019,21
00-0035594,2020,8,4.25,Travis Homer,16,0.5,1998-08-07,2019,22
00-0035594,2021,9,4.222222222222222,Travis Homer,17,0.5294117647058824,1998-08-07,2019,23
00-0035594,2022,6,5.833333333333333,Travis Homer,17,0.35294117647058826,1998-08-07,2019,24
00-0035596,2019,5,4.8,Kerrith Whyte,16,0.3125,1996-10-31,2019,23
00-0035628,2019,2,5.0,D'Ernest Johnson,16,0.125,1996-02-27,2019,23
00-0035628,2020,5,6.8,D'Ernest Johnson,16,0.3125,1996-02-27,2019,24
00-0035628,2021,12,10.416666666666666,D'Ernest Johnson,17,0.7058823529411765,1996-02-27,2019,25
00-0035628,2023,10,4.8,D'Ernest Johnson,17,0.5882352941176471,1996-02-27,2019,27
00-0035628,2024,12,4.25,D'Ernest Johnson,17,0.7058823529411765,1996-02-27,2019,28
00-0035628,2025,3,4.0,D'Ernest Johnson,17,0.17647058823529413,1996-02-27,2019,29
00-0035657,2019,1,4.0,Damien Harris,16,0.0625,1997-02-11,2019,22
00-0035657,2020,10,14.4,Damien Harris,16,0.625,1997-02-11,2019,23
00-0035657,2021,15,14.866666666666667,Damien Harris,17,0.8823529411764706,1997-02-11,2019,24
00-0035657,2022,11,11.727272727272727,Damien Harris,17,0.6470588235294118,1997-02-11,2019,25
00-0035657,2023,5,4.8,Damien Harris,17,0.29411764705882354,1997-02-11,2019,26
00-0035664,2019,6,7.333333333333333,Darrell Henderson,16,0.375,1997-08-19,2019,22
00-0035664,2020,15,10.8,Darrell Henderson,16,0.9375,1997-08-19,2019,23
00-0035664,2021,11,17.09090909090909,Darrell Henderson,17,0.6470588235294118,1997-08-19,2019,24
00-0035664,2022,10,9.2,Darrell Henderson,17,0.5882352941176471,1997-08-19,2019,25
00-0035664,2023,4,15.0,Darrell Henderson,17,0.23529411764705882,1997-08-19,2019,26
00-0035685,2019,16,17.3125,David Montgomery,16,1.0,1997-06-07,2019,22
00-0035685,2020,15,21.0,David Montgomery,16,0.9375,1997-06-07,2019,23
00-0035685,2021,13,21.23076923076923,David Montgomery,17,0.7647058823529411,1997-06-07,2019,24
00-0035685,2022,16,15.0625,David Montgomery,17,0.9411764705882353,1997-06-07,2019,25
00-0035685,2023,14,17.357142857142858,David Montgomery,17,0.8235294117647058,1997-06-07,2019,26
00-0035685,2024,14,15.928571428571429,David Montgomery,17,0.8235294117647058,1997-06-07,2019,27
00-0035685,2025,17,11.0,David Montgomery,17,1.0,1997-06-07,2019,28
00-0035700,2019,13,20.692307692307693,Josh Jacobs,16,0.8125,1998-02-11,2019,21
00-0035700,2020,15,21.2,Josh Jacobs,16,0.9375,1998-02-11,2019,22
00-0035700,2021,15,18.733333333333334,Josh Jacobs,17,0.8823529411764706,1998-02-11,2019,23
00-0035700,2022,17,23.764705882352942,Josh Jacobs,17,1.0,1998-02-11,2019,24
00-0035700,2023,13,22.076923076923077,Josh Jacobs,17,0.7647058823529411,1998-02-11,2019,25
00-0035700,2024,17,20.235294117647058,Josh Jacobs,17,1.0,1998-02-11,2019,26
00-0035700,2025,15,18.533333333333335,Josh Jacobs,17,0.8823529411764706,1998-02-11,2019,27
00-0035715,2021,7,8.428571428571429,Derrick Gore,17,0.4117647058823529,1994-12-13,2019,27
00-0035806,2020,6,7.833333333333333,JaMycal Hasty,16,0.375,1996-09-12,2020,24
00-0035806,2021,9,4.888888888888889,JaMycal Hasty,17,0.5294117647058824,1996-09-12,2020,25
00-0035806,2022,11,6.2727272727272725,JaMycal Hasty,17,0.6470588235294118,1996-09-12,2020,26
00-0035806,2024,7,4.285714285714286,JaMycal Hasty,17,0.4117647058823529,1996-09-12,2020,28
00-0035831,2020,14,21.428571428571427,James Robinson,16,0.875,1998-08-09,2020,22
00-0035831,2021,14,15.0,James Robinson,17,0.8235294117647058,1998-08-09,2020,23
00-0035831,2022,10,12.3,James Robinson,17,0.5882352941176471,1998-08-09,2020,24
00-0035860,2021,9,6.777777777777778,Tony Jones,17,0.5294117647058824,1997-11-24,2020,24
00-0035860,2022,3,6.0,Tony Jones,17,0.17647058823529413,1997-11-24,2020,25
00-0035860,2023,4,8.5,Tony Jones,17,0.23529411764705882,1997-11-24,2020,26
00-0035860,2024,1,4.0,Tony Jones,17,0.058823529411764705,1997-11-24,2020,27
00-0035912,2020,1,4.0,Levante Bellamy,16,0.0625,1996-11-28,2020,24
00-0035924,2022,2,4.0,Jonathan Ward,17,0.11764705882352941,1997-09-30,2020,25
00-0035957,2020,7,7.428571428571429,Rodney Smith,16,0.4375,1996-02-28,2020,24
00-0035957,2021,1,5.0,Rodney Smith,17,0.058823529411764705,1996-02-28,2020,25
00-0035973,2021,4,6.25,Patrick Taylor,17,0.23529411764705882,1998-04-29,2020,23
00-0035973,2022,2,4.5,Patrick Taylor,17,0.11764705882352941,1998-04-29,2020,24
00-0035973,2023,10,4.9,Patrick Taylor,17,0.5882352941176471,1998-04-29,2020,25
00-0035973,2024,5,10.0,Patrick Taylor,17,0.29411764705882354,1998-04-29,2020,26
00-0036020,2020,6,14.833333333333334,Salvon Ahmed,16,0.375,1998-12-29,2020,22
00-0036020,2021,11,6.636363636363637,Salvon Ahmed,17,0.6470588235294118,1998-12-29,2020,23
00-0036020,2022,2,4.5,Salvon Ahmed,17,0.11764705882352941,1998-12-29,2020,24
00-0036020,2023,7,6.428571428571429,Salvon Ahmed,17,0.4117647058823529,1998-12-29,2020,25
00-0036069,2021,1,8.0,Scottie Phillips,17,0.058823529411764705,1997-10-06,2020,24
00-0036096,2020,3,7.666666666666667,J.J. Taylor,16,0.1875,1998-01-04,2020,22
00-0036096,2021,5,4.6,J.J. Taylor,17,0.29411764705882354,1998-01-04,2020,23
00-0036096,2022,1,11.0,J.J. Taylor,17,0.058823529411764705,1998-01-04,2020,24
00-0036096,2024,3,4.333333333333333,J.J. Taylor,17,0.17647058823529413,1998-01-04,2020,26
00-0036139,2023,16,6.9375,Rico Dowdle,17,0.9411764705882353,1998-06-14,2020,25
00-0036139,2024,16,17.75,Rico Dowdle,17,0.9411764705882353,1998-06-14,2020,26
00-0036139,2025,17,16.823529411764707,Rico Dowdle,17,1.0,1998-06-14,2020,27
00-0036158,2020,15,10.533333333333333,J.K. Dobbins,16,0.9375,1998-12-17,2020,22
00-0036158,2022,8,12.5,J.K. Dobbins,17,0.47058823529411764,1998-12-17,2020,24
00-0036158,2023,1,11.0,J.K. Dobbins,17,0.058823529411764705,1998-12-17,2020,25
00-0036158,2024,13,17.923076923076923,J.K. Dobbins,17,0.7647058823529411,1998-12-17,2020,26
00-0036158,2025,10,16.7,J.K. Dobbins,17,0.5882352941176471,1998-12-17,2020,27
00-0036188,2020,1,13.0,Antonio Williams,16,0.0625,1997-10-22,2020,23
00-0036223,2020,15,18.066666666666666,Jonathan Taylor,16,0.9375,1999-01-19,2020,21
00-0036223,2021,17,22.529411764705884,Jonathan Taylor,17,1.0,1999-01-19,2020,22
00-0036223,2022,10,23.1,Jonathan Taylor,17,0.5882352941176471,1999-01-19,2020,23
00-0036223,2023,10,19.2,Jonathan Taylor,17,0.5882352941176471,1999-01-19,2020,24
00-0036223,2024,14,23.857142857142858,Jonathan Taylor,17,0.8235294117647058,1999-01-19,2020,25
00-0036223,2025,17,22.235294117647058,Jonathan Taylor,17,1.0,1999-01-19,2020,26
00-0036251,2020,13,10.0,Zack Moss,16,0.8125,1997-12-15,2020,23
00-0036251,2021,13,9.846153846153847,Zack Moss,17,0.7647058823529411,1997-12-15,2020,24
00-0036251,2022,10,10.3,Zack Moss,17,0.5882352941176471,1997-12-15,2020,25
00-0036251,2023,13,16.846153846153847,Zack Moss,17,0.7647058823529411,1997-12-15,2020,26
00-0036251,2024,8,12.625,Zack Moss,17,0.47058823529411764,1997-12-15,2020,27
00-0036265,2020,6,7.5,AJ Dillon,16,0.375,1998-05-02,2020,22
00-0036265,2021,17,13.176470588235293,AJ Dillon,17,1.0,1998-05-02,2020,23
00-0036265,2022,17,13.470588235294118,AJ Dillon,17,1.0,1998-05-02,2020,24
00-0036265,2023,15,13.733333333333333,AJ Dillon,17,0.8823529411764706,1998-05-02,2020,25
00-0036269,2020,9,8.777777777777779,La'Mical Perine,16,0.5625,1998-01-30,2020,22
00-0036269,2021,1,7.0,La'Mical Perine,17,0.058823529411764705,1998-01-30,2020,23
00-0036269,2023,2,13.5,La'Mical Perine,17,0.11764705882352941,1998-01-30,2020,25
00-0036275,2020,13,13.153846153846153,D'Andre Swift,16,0.8125,1999-01-14,2020,21
00-0036275,2021,13,17.615384615384617,D'Andre Swift,17,0.7647058823529411,1999-01-14,2020,22
00-0036275,2022,14,12.071428571428571,D'Andre Swift,17,0.8235294117647058,1999-01-14,2020,23
00-0036275,2023,16,17.375,D'Andre Swift,17,0.9411764705882353,1999-01-14,2020,24
00-0036275,2024,17,17.941176470588236,D'Andre Swift,17,1.0,1999-01-14,2020,25
00-0036275,2025,16,16.9375,D'Andre Swift,17,0.9411764705882353,1999-01-14,2020,26
00-0036278,2021,1,14.0,Jason Huntley,17,0.058823529411764705,1998-04-20,2020,23
00-0036297,2020,4,4.5,Darrynton Evans,16,0.25,1998-07-09,2020,22
00-0036297,2021,1,4.0,Darrynton Evans,17,0.058823529411764705,1998-07-09,2020,23
00-0036297,2022,3,5.0,Darrynton Evans,17,0.17647058823529413,1998-07-09,2020,24
00-0036297,2023,6,7.333333333333333,Darrynton Evans,17,0.35294117647058826,1998-07-09,2020,25
00-0036328,2020,14,15.285714285714286,Antonio Gibson,16,0.875,1998-06-23,2020,22
00-0036328,2021,16,19.375,Antonio Gibson,17,0.9411764705882353,1998-06-23,2020,23
00-0036328,2022,15,13.8,Antonio Gibson,17,0.8823529411764706,1998-06-23,2020,24
00-0036328,2023,16,7.75,Antonio Gibson,17,0.9411764705882353,1998-06-23,2020,25
00-0036328,2024,17,8.764705882352942,Antonio Gibson,17,1.0,1998-06-23,2020,26
00-0036328,2025,5,5.6,Antonio Gibson,17,0.29411764705882354,1998-06-23,2020,27
00-0036336,2020,10,4.1,Anthony McFarland,16,0.625,1999-03-04,2020,21
00-0036336,2022,1,8.0,Anthony McFarland,17,0.058823529411764705,1999-03-04,2020,23
00-0036360,2020,13,18.076923076923077,Clyde Edwards-Helaire,16,0.8125,1999-04-11,2020,21
00-0036360,2021,10,14.2,Clyde Edwards-Helaire,17,0.5882352941176471,1999-04-11,2020,22
00-0036360,2022,10,9.4,Clyde Edwards-Helaire,17,0.5882352941176471,1999-04-11,2020,23
00-0036360,2023,14,6.5,Clyde Edwards-Helaire,17,0.8235294117647058,1999-04-11,2020,24
00-0036360,2024,2,9.0,Clyde Edwards-Helaire,17,0.11764705882352941,1999-04-11,2020,25
00-0036360,2025,2,4.5,Clyde Edwards-Helaire,17,0.11764705882352941,1999-04-11,2020,26
00-0036370,2020,13,10.307692307692308,Joshua Kelley,16,0.8125,1997-11-20,2020,23
00-0036370,2021,7,5.428571428571429,Joshua Kelley,17,0.4117647058823529,1997-11-20,2020,24
00-0036370,2022,12,7.833333333333333,Joshua Kelley,17,0.7058823529411765,1997-11-20,2020,25
00-0036370,2023,16,7.375,Joshua Kelley,17,0.9411764705882353,1997-11-20,2020,26
00-0036383,2021,7,5.857142857142857,Eno Benjamin,17,0.4117647058823529,1999-04-13,2020,22
00-0036383,2022,12,9.25,Eno Benjamin,17,0.7058823529411765,1999-04-13,2020,23
00-0036414,2020,11,14.454545454545455,Cam Akers,16,0.6875,1999-06-22,2020,21
00-0036414,2021,1,8.0,Cam Akers,17,0.058823529411764705,1999-06-22,2020,22
00-0036414,2022,15,13.733333333333333,Cam Akers,17,0.8823529411764706,1999-06-22,2020,23
00-0036414,2023,7,10.285714285714286,Cam Akers,17,0.4117647058823529,1999-06-22,2020,24
00-0036414,2024,14,8.642857142857142,Cam Akers,17,0.8235294117647058,1999-06-22,2020,25
00-0036414,2025,1,6.0,Cam Akers,17,0.058823529411764705,1999-06-22,2020,26
00-0036425,2020,8,6.75,DeeJay Dallas,16,0.5,1998-09-16,2020,22
00-0036425,2021,8,6.625,DeeJay Dallas,17,0.47058823529411764,1998-09-16,2020,23
00-0036425,2022,9,5.888888888888889,DeeJay Dallas,17,0.5294117647058824,1998-09-16,2020,24
00-0036450,2020,5,7.0,Ke'Shawn Vaughn,16,0.3125,1997-05-04,2020,23
00-0036450,2021,6,7.333333333333333,Ke'Shawn Vaughn,17,0.35294117647058826,1997-05-04,2020,24
00-0036450,2022,4,5.0,Ke'Shawn Vaughn,17,0.23529411764705882,1997-05-04,2020,25
00-0036450,2023,4,7.0,Ke'Shawn Vaughn,17,0.23529411764705882,1997-05-04,2020,26
00-0036457,2021,6,7.666666666666667,Ty'Son Williams,17,0.35294117647058826,1996-09-04,2020,25
00-0036493,2021,2,6.0,Deon Jackson,17,0.11764705882352941,1999-02-18,2021,22
00-0036493,2022,11,9.181818181818182,Deon Jackson,17,0.6470588235294118,1999-02-18,2021,23
00-0036493,2023,1,19.0,Deon Jackson,17,0.058823529411764705,1999-02-18,2021,24
00-0036543,2022,2,6.5,Spencer Brown,17,0.11764705882352941,1998-11-13,2021,24
00-0036555,2021,16,13.0625,Chuba Hubbard,17,0.9411764705882353,1999-06-11,2021,22
00-0036555,2022,11,10.090909090909092,Chuba Hubbard,17,0.6470588235294118,1999-06-11,2021,23
00-0036555,2023,17,16.58823529411765,Chuba Hubbard,17,1.0,1999-06-11,2021,24
00-0036555,2024,15,20.266666666666666,Chuba Hubbard,17,0.8823529411764706,1999-06-11,2021,25
00-0036555,2025,15,11.533333333333333,Chuba Hubbard,17,0.8823529411764706,1999-06-11,2021,26
00-0036567,2021,11,20.636363636363637,Elijah Mitchell,17,0.6470588235294118,1998-05-02,2021,23
00-0036567,2022,5,9.8,Elijah Mitchell,17,0.29411764705882354,1998-05-02,2021,24
00-0036567,2023,10,8.2,Elijah Mitchell,17,0.5882352941176471,1998-05-02,2021,25
00-0036569,2022,5,7.2,Gary Brightwell,17,0.29411764705882354,1998-02-28,2021,24
00-0036569,2023,3,5.333333333333333,Gary Brightwell,17,0.17647058823529413,1998-02-28,2021,25
00-0036650,2021,7,5.285714285714286,Larry Rountree III,17,0.4117647058823529,1999-02-13,2021,22
00-0036650,2022,2,7.5,Larry Rountree III,17,0.11764705882352941,1999-02-13,2021,23
00-0036670,2021,4,5.0,Jermar Jefferson,17,0.23529411764705882,2000-04-15,2021,21
00-0036755,2021,12,6.416666666666667,Jaret Patterson,17,0.7058823529411765,1999-12-23,2021,22
00-0036755,2022,1,18.0,Jaret Patterson,17,0.058823529411764705,1999-12-23,2021,23
00-0036755,2025,4,10.75,Jaret Patterson,17,0.23529411764705882,1999-12-23,2021,26
00-0036829,2022,10,7.6,Caleb Huntley,17,0.5882352941176471,1998-09-15,2021,24
00-0036842,2021,3,5.0,Kene Nwangwu,17,0.17647058823529413,1998-02-09,2021,23
00-0036842,2022,2,5.5,Kene Nwangwu,17,0.11764705882352941,1998-02-09,2021,24
00-0036842,2025,2,7.0,Kene Nwangwu,17,0.11764705882352941,1998-02-09,2021,27
00-0036857,2021,6,5.166666666666667,Chris Evans,17,0.35294117647058826,1997-10-05,2021,24
00-0036875,2021,12,12.583333333333334,Rhamondre Stevenson,17,0.7058823529411765,1998-02-23,2021,23
00-0036875,2022,17,17.529411764705884,Rhamondre Stevenson,17,1.0,1998-02-23,2021,24
00-0036875,2023,12,17.25,Rhamondre Stevenson,17,0.7058823529411765,1998-02-23,2021,25
00-0036875,2024,15,16.533333333333335,Rhamondre Stevenson,17,0.8823529411764706,1998-02-23,2021,26
00-0036875,2025,14,11.928571428571429,Rhamondre Stevenson,17,0.8235294117647058,1998-02-23,2021,27
00-0036893,2021,17,23.58823529411765,Najee Harris,17,1.0,1998-03-09,2021,23
00-0036893,2022,17,19.11764705882353,Najee Harris,17,1.0,1998-03-09,2021,24
00-0036893,2023,17,17.235294117647058,Najee Harris,17,1.0,1998-03-09,2021,25
00-0036893,2024,17,18.294117647058822,Najee Harris,17,1.0,1998-03-09,2021,26
00-0036893,2025,3,6.0,Najee Harris,17,0.17647058823529413,1998-03-09,2021,27
00-0036906,2021,12,9.75,Khalil Herbert,17,0.7058823529411765,1998-04-21,2021,23
00-0036906,2022,13,10.846153846153847,Khalil Herbert,17,0.7647058823529411,1998-04-21,2021,24
00-0036906,2023,12,13.583333333333334,Khalil Herbert,17,0.7058823529411765,1998-04-21,2021,25
00-0036906,2024,6,7.5,Khalil Herbert,17,0.35294117647058826,1998-04-21,2021,26
00-0036906,2025,3,6.666666666666667,Khalil Herbert,17,0.17647058823529413,1998-04-21,2021,27
00-0036919,2021,13,8.846153846153847,Kenny Gainwell,17,0.7647058823529411,1999-03-14,2021,22
00-0036919,2022,15,5.333333333333333,Kenny Gainwell,17,0.8823529411764706,1999-03-14,2021,23
00-0036919,2023,16,7.5625,Kenny Gainwell,17,0.9411764705882353,1999-03-14,2021,24
00-0036919,2024,16,6.0625,Kenny Gainwell,17,0.9411764705882353,1999-03-14,2021,25
00-0036919,2025,17,11.705882352941176,Kenny Gainwell,17,1.0,1999-03-14,2021,26
00-0036924,2021,14,14.428571428571429,Michael Carter,17,0.8235294117647058,1999-05-07,2021,22
00-0036924,2022,16,10.5,Michael Carter,17,0.9411764705882353,1999-05-07,2021,23
00-0036924,2023,12,4.833333333333333,Michael Carter,17,0.7058823529411765,1999-05-07,2021,24
00-0036924,2024,3,15.333333333333334,Michael Carter,17,0.17647058823529413,1999-05-07,2021,25
00-0036924,2025,12,11.333333333333334,Michael Carter,17,0.7058823529411765,1999-05-07,2021,26
00-0036973,2022,17,15.588235294117647,Travis Etienne,17,1.0,1999-01-26,2021,23
00-0036973,2023,17,20.0,Travis Etienne,17,1.0,1999-01-26,2021,24
00-0036973,2024,15,13.466666666666667,Travis Etienne,17,0.8823529411764706,1999-01-26,2021,25
00-0036973,2025,17,18.352941176470587,Travis Etienne,17,1.0,1999-01-26,2021,26
00-0036984,2021,3,14.333333333333334,Trey Sermon,17,0.17647058823529413,1999-01-30,2021,22
00-0036984,2023,6,6.5,Trey Sermon,17,0.35294117647058826,1999-01-30,2021,24
00-0036984,2024,10,7.1,Trey Sermon,17,0.5882352941176471,1999-01-30,2021,25
00-0036997,2021,17,15.058823529411764,Javonte Williams,17,1.0,2000-04-25,2021,21
00-0036997,2022,4,17.25,Javonte Williams,17,0.23529411764705882,2000-04-25,2021,22
00-0036997,2023,16,17.1875,Javonte Williams,17,0.9411764705882353,2000-04-25,2021,23
00-0036997,2024,17,12.294117647058824,Javonte Williams,17,1.0,2000-04-25,2021,24
00-0036997,2025,16,18.9375,Javonte Williams,17,0.9411764705882353,2000-04-25,2021,25
00-0037085,2024,3,4.666666666666667,Tyler Badie,17,0.17647058823529413,1999-02-07,2022,25
00-0037087,2022,6,5.166666666666667,Trestan Ebner,17,0.35294117647058826,1999-01-02,2022,23
00-0037120,2023,4,5.0,Tyler Goodson,17,0.23529411764705882,2000-11-10,2022,23
00-0037120,2024,6,7.333333333333333,Tyler Goodson,17,0.35294117647058826,2000-11-10,2022,24
00-0037157,2022,7,14.142857142857142,Bam Knight,17,0.4117647058823529,2001-04-11,2022,21
00-0037157,2025,9,12.444444444444445,Bam Knight,17,0.5294117647058824,2001-04-11,2022,24
00-0037197,2022,16,11.4375,Isiah Pacheco,17,0.9411764705882353,1999-03-02,2022,23
00-0037197,2023,14,18.142857142857142,Isiah Pacheco,17,0.8235294117647058,1999-03-02,2022,24
00-0037197,2024,7,14.142857142857142,Isiah Pacheco,17,0.4117647058823529,1999-03-02,2022,25
00-0037197,2025,13,11.076923076923077,Isiah Pacheco,17,0.7647058823529411,1999-03-02,2022,26
00-0037228,2022,15,7.266666666666667,Jaylen Warren,17,0.8823529411764706,1998-11-01,2022,24
00-0037228,2023,17,13.117647058823529,Jaylen Warren,17,1.0,1998-11-01,2022,25
00-0037228,2024,15,11.133333333333333,Jaylen Warren,17,0.8823529411764706,1998-11-01,2022,26
00-0037228,2025,16,16.0,Jaylen Warren,17,0.9411764705882353,1998-11-01,2022,27
00-0037248,2022,14,8.5,James Cook,17,0.8235294117647058,1999-09-25,2022,23
00-0037248,2023,17,17.11764705882353,James Cook,17,1.0,1999-09-25,2022,24
00-0037248,2024,16,15.3125,James Cook,17,0.9411764705882353,1999-09-25,2022,25
00-0037248,2025,17,20.529411764705884,James Cook,17,1.0,1999-09-25,2022,26
00-0037256,2022,16,11.6875,Rachaad White,17,0.9411764705882353,1999-01-12,2022,23
00-0037256,2023,17,20.11764705882353,Rachaad White,17,1.0,1999-01-12,2022,24
00-0037256,2024,15,13.4,Rachaad White,17,0.8823529411764706,1999-01-12,2022,25
00-0037256,2025,17,10.411764705882353,Rachaad White,17,1.0,1999-01-12,2022,26
00-0037258,2022,13,19.923076923076923,Dameon Pierce,17,0.7647058823529411,2000-02-19,2022,22
00-0037258,2023,12,13.416666666666666,Dameon Pierce,17,0.7058823529411765,2000-02-19,2022,23
00-0037258,2024,5,8.0,Dameon Pierce,17,0.29411764705882354,2000-02-19,2022,24
00-0037258,2025,3,5.0,Dameon Pierce,17,0.17647058823529413,2000-02-19,2022,25
00-0037263,2022,16,14.1875,Tyler Allgeier,17,0.9411764705882353,2000-04-15,2022,22
00-0037263,2023,17,12.294117647058824,Tyler Allgeier,17,1.0,2000-04-15,2022,23
00-0037263,2024,16,9.3125,Tyler Allgeier,17,0.9411764705882353,2000-04-15,2022,24
00-0037263,2025,17,9.352941176470589,Tyler Allgeier,17,1.0,2000-04-15,2022,25
00-0037267,2022,2,4.0,Jerome Ford,17,0.11764705882352941,1999-09-12,2022,23
00-0037267,2023,17,15.705882352941176,Jerome Ford,17,1.0,1999-09-12,2022,24
00-0037267,2024,14,10.5,Jerome Ford,17,0.8235294117647058,1999-09-12,2022,25
00-0037267,2025,11,4.909090909090909,Jerome Ford,17,0.6470588235294118,1999-09-12,2022,26
00-0037276,2022,1,6.0,Ty Chandler,17,0.058823529411764705,1998-05-12,2022,24
00-0037276,2023,11,11.363636363636363,Ty Chandler,17,0.6470588235294118,1998-05-12,2022,25
00-0037276,2024,9,6.777777777777778,Ty Chandler,17,0.5294117647058824,1998-05-12,2022,26
00-0037276,2025,2,10.5,Ty Chandler,17,0.11764705882352941,1998-05-12,2022,27
00-0037286,2022,3,5.333333333333333,Kevin Harris,17,0.17647058823529413,2000-11-17,2022,22
00-0037286,2023,4,4.75,Kevin Harris,17,0.23529411764705882,2000-11-17,2022,23
00-0037299,2022,5,5.4,Keaontay Ingram,17,0.29411764705882354,1999-10-26,2022,23
00-0037299,2023,7,5.571428571428571,Keaontay Ingram,17,0.4117647058823529,1999-10-26,2022,24
00-0037329,2025,1,6.0,Brittain Brown,17,0.058823529411764705,1997-10-10,2022,28
00-0037410,2023,1,4.0,Jashaun Corbin,17,0.058823529411764705,2000-08-20,2022,23
00-0037429,2022,8,4.125,Raheem Blackshear,17,0.47058823529411764,1998-06-05,2022,24
00-0037429,2024,3,5.0,Raheem Blackshear,17,0.17647058823529413,1998-06-05,2022,26
00-0037509,2024,4,11.5,Sincere McCormick,17,0.23529411764705882,2000-09-10,2022,24
00-0037525,2022,7,6.0,Jordan Mason,17,0.4117647058823529,1999-05-24,2022,23
00-0037525,2023,9,4.888888888888889,Jordan Mason,17,0.5294117647058824,1999-05-24,2022,24
00-0037525,2024,11,15.090909090909092,Jordan Mason,17,0.6470588235294118,1999-05-24,2022,25
00-0037525,2025,16,10.9375,Jordan Mason,17,0.9411764705882353,1999-05-24,2022,26
00-0037557,2022,2,7.0,Ronnie Rivers,17,0.11764705882352941,1999-01-31,2022,23
00-0037557,2023,4,8.5,Ronnie Rivers,17,0.23529411764705882,1999-01-31,2022,24
00-0037557,2024,4,6.75,Ronnie Rivers,17,0.23529411764705882,1999-01-31,2022,25
00-0037557,2025,1,8.0,Ronnie Rivers,17,0.058823529411764705,1999-01-31,2022,26
00-0037563,2022,6,7.5,Malik Davis,17,0.35294117647058826,1998-11-26,2022,24
00-0037563,2025,8,7.0,Malik Davis,17,0.47058823529411764,1998-11-26,2022,27
00-0037594,2022,3,4.0,Julius Chestnut,17,0.17647058823529413,2000-10-26,2022,22
00-0037594,2024,6,4.0,Julius Chestnut,17,0.35294117647058826,2000-10-26,2022,24
00-0037609,2024,1,4.0,Aaron Shampklin,17,0.058823529411764705,1999-10-18,2022,25
00-0037617,2022,6,6.0,Hassan Haskins,17,0.35294117647058826,1999-11-26,2022,23
00-0037617,2024,8,4.25,Hassan Haskins,17,0.47058823529411764,1999-11-26,2022,25
00-0037617,2025,4,5.0,Hassan Haskins,17,0.23529411764705882,1999-11-26,2022,26
00-0037746,2022,12,18.083333333333332,Brian Robinson,17,0.7058823529411765,1999-03-22,2022,23
00-0037746,2023,15,14.733333333333333,Brian Robinson,17,0.8823529411764706,1999-03-22,2022,24
00-0037746,2024,14,15.142857142857142,Brian Robinson,17,0.8235294117647058,1999-03-22,2022,25
00-0037746,2025,16,6.5,Brian Robinson,17,0.9411764705882353,1999-03-22,2022,26
00-0037827,2022,4,8.75,Tyrion Davis-Price,17,0.23529411764705882,2000-10-23,2022,22
00-0037827,2023,1,6.0,Tyrion Davis-Price,17,0.058823529411764705,2000-10-23,2022,23
00-0037840,2022,8,5.875,Kyren Williams,17,0.47058823529411764,2000-08-26,2022,22
00-0037840,2023,12,23.0,Kyren Williams,17,0.7058823529411765,2000-08-26,2022,23
00-0037840,2024,16,22.25,Kyren Williams,17,0.9411764705882353,2000-08-26,2022,24
00-0037840,2025,17,18.176470588235293,Kyren Williams,17,1.0,2000-08-26,2022,25
00-0038040,2023,11,11.0,Zamir White,17,0.6470588235294118,1999-09-18,2022,24
00-0038040,2024,8,9.125,Zamir White,17,0.47058823529411764,1999-09-18,2022,25
00-0038040,2025,4,4.25,Zamir White,17,0.23529411764705882,1999-09-18,2022,26
00-0038045,2022,4,5.0,Isaiah Spiller,17,0.23529411764705882,2001-08-09,2022,21
00-0038045,2023,7,5.857142857142857,Isaiah Spiller,17,0.4117647058823529,2001-08-09,2022,22
00-0038098,2022,3,5.333333333333333,Pierre Strong,17,0.17647058823529413,1998-12-10,2022,24
00-0038098,2023,12,5.833333333333333,Pierre Strong,17,0.7058823529411765,1998-12-10,2022,25
00-0038098,2024,10,4.7,Pierre Strong,17,0.5882352941176471,1998-12-10,2022,26
00-0038120,2022,7,15.857142857142858,Breece Hall,17,0.4117647058823529,2001-05-31,2022,21
00-0038120,2023,17,18.705882352941178,Breece Hall,17,1.0,2001-05-31,2022,22
00-0038120,2024,16,17.8125,Breece Hall,17,0.9411764705882353,2001-05-31,2022,23
00-0038120,2025,16,18.1875,Breece Hall,17,0.9411764705882353,2001-05-31,2022,24
00-0038134,2022,15,17.533333333333335,Kenneth Walker III,17,0.8823529411764706,2000-10-20,2022,22
00-0038134,2023,15,17.066666666666666,Kenneth Walker III,17,0.8823529411764706,2000-10-20,2022,23
00-0038134,2024,11,18.727272727272727,Kenneth Walker III,17,0.6470588235294118,2000-10-20,2022,24
00-0038134,2025,17,15.117647058823529,Kenneth Walker III,17,1.0,2000-10-20,2022,25
00-0038389,2023,6,5.5,Israel Abanikanda,17,0.35294117647058826,2002-10-05,2023,21
00-0038396,2023,4,5.75,Eric Gray,17,0.23529411764705882,1999-11-04,2023,24
00-0038440,2025,9,5.333333333333333,Zavier Scott,17,0.5294117647058824,1999-07-17,2023,26
00-0038454,2023,6,9.5,Keaton Mitchell,17,0.35294117647058826,2002-01-17,2023,21
00-0038454,2024,2,8.0,Keaton Mitchell,17,0.11764705882352941,2002-01-17,2023,22
00-0038454,2025,12,5.916666666666667,Keaton Mitchell,17,0.7058823529411765,2002-01-17,2023,23
00-0038542,2023,16,18.6875,Bijan Robinson,17,0.9411764705882353,2002-01-30,2023,21
00-0038542,2024,17,22.11764705882353,Bijan Robinson,17,1.0,2002-01-30,2023,22
00-0038542,2025,17,22.941176470588236,Bijan Robinson,17,1.0,2002-01-30,2023,23
00-0038551,2023,7,7.428571428571429,Kendre Miller,17,0.4117647058823529,2002-06-11,2023,21
00-0038551,2024,6,7.833333333333333,Kendre Miller,17,0.35294117647058826,2002-06-11,2023,22
00-0038551,2025,6,8.5,Kendre Miller,17,0.35294117647058826,2002-06-11,2023,23
00-0038555,2023,11,4.7272727272727275,Tank Bigsby,17,0.6470588235294118,2002-08-30,2023,21
00-0038555,2024,15,12.0,Tank Bigsby,17,0.8823529411764706,2002-08-30,2023,22
00-0038555,2025,9,7.222222222222222,Tank Bigsby,17,0.5294117647058824,2002-08-30,2023,23
00-0038597,2023,7,8.0,Chase Brown,17,0.4117647058823529,2000-03-21,2023,23
00-0038597,2024,16,18.375,Chase Brown,17,0.9411764705882353,2000-03-21,2023,24
00-0038597,2025,17,18.823529411764707,Chase Brown,17,1.0,2000-03-21,2023,25
00-0038611,2023,8,6.625,Chris Rodriguez Jr.,17,0.47058823529411764,1999-09-26,2023,24
00-0038611,2024,5,7.0,Chris Rodriguez Jr.,17,0.29411764705882354,1999-09-26,2023,25
00-0038611,2025,11,10.454545454545455,Chris Rodriguez Jr.,17,0.6470588235294118,1999-09-26,2023,26
00-0038622,2023,6,5.0,Deuce Vaughn,17,0.35294117647058826,2001-11-02,2023,22
00-0038622,2024,4,5.25,Deuce Vaughn,17,0.23529411764705882,2001-11-02,2023,23
00-0038636,2024,6,5.666666666666667,Kenny McIntosh,17,0.35294117647058826,2000-03-03,2023,24
00-0038678,2024,7,5.428571428571429,Jordan Mims,17,0.4117647058823529,1999-06-16,2023,25
00-0038685,2023,3,6.333333333333333,Chris Brooks,17,0.17647058823529413,2000-01-11,2023,23
00-0038685,2024,10,4.8,Chris Brooks,17,0.5882352941176471,2000-01-11,2023,24
00-0038685,2025,8,4.75,Chris Brooks,17,0.47058823529411764,2000-01-11,2023,25
00-0038705,2023,11,8.0,Emari Demercado,17,0.6470588235294118,1999-01-20,2023,24
00-0038705,2024,9,4.444444444444445,Emari Demercado,17,0.5294117647058824,1999-01-20,2023,25
00-0038705,2025,11,5.818181818181818,Emari Demercado,17,0.6470588235294118,1999-01-20,2023,26
00-0038794,2023,15,7.333333333333333,Jaleel McLaughlin,17,0.8823529411764706,2000-09-13,2023,23
00-0038794,2024,16,8.75,Jaleel McLaughlin,17,0.9411764705882353,2000-09-13,2023,24
00-0038794,2025,8,5.375,Jaleel McLaughlin,17,0.47058823529411764,2000-09-13,2023,25
00-0038797,2024,16,7.25,Emanuel Wilson,17,0.9411764705882353,1999-05-08,2023,25
00-0038797,2025,15,9.4,Emanuel Wilson,17,0.8823529411764706,1999-05-08,2023,26
00-0038862,2023,1,6.0,Elijah Dotson,17,0.058823529411764705,1999-01-19,2023,24
00-0038951,2023,3,5.666666666666667,Sean Tucker,17,0.17647058823529413,2001-10-25,2023,22
00-0038951,2024,10,6.1,Sean Tucker,17,0.5882352941176471,2001-10-25,2023,23
00-0038951,2025,13,7.384615384615385,Sean Tucker,17,0.7647058823529411,2001-10-25,2023,24
00-0039021,2023,14,8.571428571428571,Roschon Johnson,17,0.8235294117647058,2001-01-31,2023,22
00-0039021,2024,11,6.7272727272727275,Roschon Johnson,17,0.6470588235294118,2001-01-31,2023,23
00-0039032,2023,17,10.0,Tyjae Spears,17,1.0,2001-06-15,2023,22
00-0039032,2024,11,10.727272727272727,Tyjae Spears,17,0.6470588235294118,2001-06-15,2023,23
00-0039032,2025,13,9.384615384615385,Tyjae Spears,17,0.7647058823529411,2001-06-15,2023,24
00-0039040,2023,11,12.727272727272727,De'Von Achane,17,0.6470588235294118,2001-10-13,2023,22
00-0039040,2024,17,17.058823529411764,De'Von Achane,17,1.0,2001-10-13,2023,23
00-0039040,2025,16,20.1875,De'Von Achane,17,0.9411764705882353,2001-10-13,2023,24
00-0039139,2023,15,16.866666666666667,Jahmyr Gibbs,17,0.8823529411764706,2002-03-20,2023,21
00-0039139,2024,17,18.41176470588235,Jahmyr Gibbs,17,1.0,2002-03-20,2023,22
00-0039139,2025,17,19.823529411764707,Jahmyr Gibbs,17,1.0,2002-03-20,2023,23
00-0039165,2023,16,9.25,Zach Charbonnet,17,0.9411764705882353,2001-01-08,2023,22
00-0039165,2024,17,11.0,Zach Charbonnet,17,1.0,2001-01-08,2023,23
00-0039165,2025,16,13.0,Zach Charbonnet,17,0.9411764705882353,2001-01-08,2023,24
00-0039299,2025,4,6.0,George Holani,17,0.23529411764705882,1999-12-16,2024,26
00-0039325,2024,12,5.583333333333333,Carson Steele,17,0.7058823529411765,2002-10-01,2024,22
00-0039344,2024,2,5.5,Jonathon Brooks,17,0.11764705882352941,2003-07-21,2024,21
00-0039361,2024,17,15.235294117647058,Bucky Irving,17,1.0,2002-08-19,2024,22
00-0039361,2025,10,20.8,Bucky Irving,17,0.5882352941176471,2002-08-19,2024,23
00-0039363,2024,10,9.7,Isaac Guerendo,17,0.5882352941176471,2000-06-28,2024,24
00-0039373,2024,12,6.666666666666667,Audric Estimé,17,0.7058823529411765,2003-09-06,2024,21
00-0039373,2025,5,11.8,Audric Estimé,17,0.29411764705882354,2003-09-06,2024,22
00-0039384,2024,16,15.25,Tyrone Tracy Jr.,17,0.9411764705882353,1999-11-23,2024,25
00-0039384,2025,15,14.933333333333334,Tyrone Tracy Jr.,17,0.8823529411764706,1999-11-23,2024,26
00-0039391,2024,9,5.777777777777778,Kimani Vidal,17,0.5294117647058824,2001-08-28,2024,23
00-0039391,2025,12,14.75,Kimani Vidal,17,0.7058823529411765,2001-08-28,2024,24
00-0039393,2024,2,6.5,Jase McClellan,17,0.11764705882352941,2002-06-25,2024,22
00-0039405,2025,4,12.5,Jawhar Jordan,17,0.23529411764705882,1999-08-18,2024,26
00-0039573,2024,1,6.0,Blake Watson,17,0.058823529411764705,1999-10-14,2024,25
00-0039603,2025,3,5.666666666666667,British Brooks,17,0.17647058823529413,1999-11-18,2024,26
00-0039617,2024,1,8.0,Jacob Kibodi,17,0.058823529411764705,1998-10-04,2024,26
00-0039738,2024,12,5.333333333333333,Blake Corum,17,0.7058823529411765,2000-11-25,2024,24
00-0039738,2025,17,9.352941176470589,Blake Corum,17,1.0,2000-11-25,2024,25
00-0039746,2024,4,8.25,Will Shipley,17,0.23529411764705882,2002-08-29,2024,22
00-0039757,2024,2,7.0,Terrell Jennings,17,0.11764705882352941,2001-01-03,2024,23
00-0039757,2025,4,5.75,Terrell Jennings,17,0.23529411764705882,2001-01-03,2024,24
00-0039794,2024,17,7.0,Braelon Allen,17,1.0,2004-01-20,2024,20
00-0039794,2025,4,5.25,Braelon Allen,17,0.23529411764705882,2004-01-20,2024,21
00-0039796,2024,2,5.0,Rasheen Ali,17,0.11764705882352941,2001-02-16,2024,23
00-0039798,2024,7,5.714285714285714,Isaiah Davis,17,0.4117647058823529,2002-02-21,2024,22
00-0039798,2025,14,5.0,Isaiah Davis,17,0.8235294117647058,2002-02-21,2024,23
00-0039811,2024,1,7.0,MarShawn Lloyd,17,0.058823529411764705,2001-01-05,2024,23
00-0039874,2024,12,6.083333333333333,Jaylen Wright,17,0.7058823529411765,2003-04-01,2024,21
00-0039874,2025,8,9.75,Jaylen Wright,17,0.47058823529411764,2003-04-01,2024,22
00-0039875,2024,16,8.25,Ray Davis,17,0.9411764705882353,1999-11-20,2024,25
00-0039875,2025,10,6.8,Ray Davis,17,0.5882352941176471,1999-11-20,2024,26
00-0039921,2024,11,6.181818181818182,Trey Benson,17,0.6470588235294118,2002-07-23,2024,22
00-0039921,2025,4,11.25,Trey Benson,17,0.23529411764705882,2002-07-23,2024,23
00-0040021,2025,1,7.0,Phil Mafah,17,0.058823529411764705,2002-10-24,2025,23
00-0040067,2025,1,5.0,Jacardia Wright,17,0.058823529411764705,2000-09-26,2025,25
00-0040078,2025,13,5.923076923076923,Brashard Smith,17,0.7647058823529411,2003-04-11,2025,22
00-0040122,2025,17,19.941176470588236,Ashton Jeanty,17,1.0,2003-12-02,2025,22
00-0040162,2025,14,7.428571428571429,Dylan Sampson,17,0.8235294117647058,2004-09-14,2025,21
00-0040179,2025,3,8.666666666666666,DJ Giddens,17,0.17647058823529413,2003-08-26,2025,22
00-0040198,2025,14,5.5,Ollie Gordon II,17,0.8235294117647058,2004-01-15,2025,21
00-0040202,2025,8,9.375,Devin Neal,17,0.47058823529411764,2003-08-12,2025,22
00-0040208,2025,4,4.0,Tahj Brooks,17,0.23529411764705882,2002-05-13,2025,23
00-0040236,2025,16,12.375,Kyle Monangai,17,0.9411764705882353,2002-06-06,2025,23
00-0040242,2025,17,11.058823529411764,Jacory Croskey-Merritt,17,1.0,2001-04-12,2025,24
00-0040429,2025,1,4.0,Josh Williams,17,0.058823529411764705,2000-06-09,2025,25
00-0040466,2025,4,7.75,Raheim Sanders,17,0.23529411764705882,2002-06-08,2025,23
00-0040547,2025,2,4.5,Nate Carter,17,0.11764705882352941,2002-05-22,2025,23
00-0040556,2025,3,4.666666666666667,Corey Kiner,17,0.17647058823529413,2002-01-21,2025,23
00-0040583,2025,16,14.5,Woody Marks,17,0.9411764705882353,2000-12-29,2025,25
00-0040586,2025,5,7.8,Jaydon Blue,17,0.29411764705882354,2004-01-08,2025,21
00-0040644,2025,4,4.75,Trevor Etienne,17,0.23529411764705882,2004-07-09,2025,21
00-0040666,2025,9,17.666666666666668,Omarion Hampton,17,0.5294117647058824,2003-03-16,2025,22
00-0040715,2025,8,16.625,Cam Skattebo,17,0.47058823529411764,2002-02-05,2025,23
00-0040719,2025,15,6.466666666666667,Bhayshul Tuten,17,0.8823529411764706,2002-02-14,2025,23
00-0040730,2025,17,12.0,RJ Harvey,17,1.0,2001-02-04,2025,24
00-0040734,2025,17,13.058823529411764,TreVeyon Henderson,17,1.0,2002-10-22,2025,23
00-0040784,2025,14,19.0,Quinshon Judkins,17,0.8235294117647058,2003-10-29,2025,22
