rank,name,team,position,adp,adp_rank,adp_rank_overall,edge,adp_espn,adp_ffc_equiv_espn,adp_price_used,n_seasons,n_games,mu_hat,n_eff,pi_market,tau2,sigma2_tier,V,B,theta_star,age_2026,mu_star_z,mu_star,theta_star_mu_star,theta_used,proj,w_market,w_history,w_projection,post_var,arm,value_prior,view_shift_player,value_post_views,struct_shift,value_ranked,post_SD_bl,replacement,vorp,sched,avail,floor_p25,bust_sched,usable,floor_ref,floor_ref_positional,floor_ref_source,floor_gap,final,thin_data_flag,from_v01_judkins,from_v03_jt,from_v04_cmc,from_v05_lamb,from_v06_pickens,from_v07_jsn,from_v08_arsb,from_v09_barkley,from_v10_rice,from_v12_skattebo,from_v13_javonte,from_v17_djmoore,from_v18_egbuka,from_v20_gibbs,from_v23_pierce,from_v15_achane,from_v24_love,from_v25_montgomery,from_v26_sutton,from_v28_tmac,from_v19_odunze,from_v27_burden,from_v29_johnston,from_v30_hampton,from_v32_cook,from_v14_devonta,from_v21_walker,from_v33_nacua,from_v34_jeanty,from_v35_etienne,from_v36_metcalf,from_v37_mcconkey,from_v16_evans,from_v31_london,from_v22_jacobs,from_v38_hall,from_v39_nabers,from_s01_delta_rb,k,obs_pick,price,exp_pick,tier,order,BOARD
1,Jahmyr Gibbs,DET,RB,1.5,1,1,0,1.61,1.6,1.6,3,49.0,20.73764705882353,2.3333333333333335,19.40125646412411,11.74653700580229,39.64076972639763,16.988901311313267,0.5912177543223429,19.94754921252784,24.451745379876797,0.0140142493654961,17.80777642423258,18.74987011497473,18.74987011497473,,,,,6.94476122963473,theta_star,18.74987011497473,1.320103908020215,20.06997402299494,1.4,21.46997402299494,0.8333523402279932,7.4745791409013185,13.99539488209362,54.0,0.907,9.35,0.1851851851851851,True,6.1125,6.1125,top70,3.2375,14.31914488209362,,0.0,0.0,0.0,-0.0,0.0,-0.0,0.0,0.0,0.0,0.0,0.0,0.0,0.0,1.320103908020218,-0.0,-0.0,-0.0,0.0,-0.0,0.0,0.0,0.0,0.0,0.0,0.0,0.0,0.0,-0.0,-0.0,0.0,0.0,0.0,0.0,-0.0,-0.0,-0.0,-0.0,1.4,jahmyr gibbs,1.0,1.5550000000000002,1.0,1.0,2.0,1.0
2,Bijan Robinson,ATL,RB,2.0,2,2,0,2.61,2.0,2.0,3,50.0,20.4031512605042,2.3333333333333335,19.40125646412411,11.74653700580229,39.64076972639763,16.988901311313267,0.5912177543223429,19.810813268921123,24.58590006844627,0.0091508188820479,17.5152363819632,18.630284939545213,18.630284939545213,,,,,6.94476122963473,theta_star,18.630284939545213,0.0,18.630284939545213,1.4,20.03028493954521,1.8634324819583257,7.4745791409013185,12.555705798643892,54.0,0.944,11.025,0.1481481481481481,True,6.1125,6.1125,top70,4.9125000000000005,13.046955798643893,,0.0,0.0,0.0,-0.0,0.0,-0.0,0.0,0.0,0.0,0.0,0.0,0.0,0.0,0.0,-0.0,-0.0,-0.0,0.0,-0.0,0.0,0.0,0.0,0.0,0.0,0.0,0.0,0.0,-0.0,-0.0,0.0,0.0,0.0,0.0,-0.0,-0.0,-0.0,-0.0,1.4,bijan robinson,2.0,2.3049999999999997,2.0,1.0,3.0,2.0
3,Amon-Ra St. Brown,DET,WR,6.3,4,6,3,8.33,7.245688373094718,7.245688373094718,5,79.0,19.551040480708412,2.8181818181818183,18.328297591797643,10.782394134943546,43.140579588937385,15.307947596074555,0.5867285202276731,18.833622354878884,26.855578370978783,-0.0397189194934631,17.118638732813867,17.828380085125712,17.828380085125712,,,,,6.326338155306967,theta_star,17.828380085125712,0.7258099574371464,18.55419004256286,0.0,18.55419004256286,1.2576106467530963,7.920755406757527,10.633434635805331,54.0,0.926,12.45,0.1481481481481481,True,4.65,4.6875,top70,7.800000000000001,11.41343463580533,,0.0,0.0,0.0,-0.0,0.0,-0.0,0.7258099574371446,0.0,0.0,0.0,0.0,0.0,0.0,0.0,-0.0,-0.0,-0.0,0.0,-0.0,0.0,0.0,0.0,0.0,0.0,0.0,0.0,0.0,-0.0,-0.0,0.0,0.0,0.0,0.0,-0.0,-0.0,-0.0,-0.0,0.0,amon-ra st brown,7.0,7.3149999999999995,7.0,2.0,2.0,3.0
4,Christian McCaffrey,SF,RB,6.6,3,7,3,6.65,5.591958512006325,5.591958512006325,9,112.0,21.040844255510425,2.9883040935672516,18.801468895250412,11.74653700580229,39.64076972639763,13.265306503354196,0.5303610067165963,19.853166885026585,30.234086242299796,-0.0999879253590903,16.08751548843996,17.52689054945789,17.52689054945789,,,,,6.229905191831054,theta_star,17.52689054945789,0.4546218901084202,17.98151243956631,1.4,19.381512439566308,1.578594969183806,7.4745791409013185,11.906933298664988,54.0,0.685,0.0,0.3333333333333333,True,6.1125,6.1125,top70,-6.1125,11.295683298664988,,0.0,0.0,0.4546218901084223,-0.0,0.0,-0.0,0.0,0.0,0.0,0.0,0.0,0.0,0.0,0.0,-0.0,-0.0,-0.0,0.0,-0.0,0.0,0.0,0.0,0.0,0.0,0.0,0.0,0.0,-0.0,-0.0,0.0,0.0,0.0,0.0,-0.0,-0.0,-0.0,-0.0,1.4,christian mccaffrey,5.0,6.625,5.0,1.0,1.0,4.0
5,Ja'Marr Chase,CIN,WR,3.8,2,4,-1,4.71,3.899999999999999,3.899999999999999,5,78.0,20.23370018975332,2.8181818181818183,19.556530987394957,10.782394134943546,43.140579588937385,15.307947596074555,0.5867285202276731,19.836385705709844,26.50239561943874,-0.0304101518716841,17.716656791624978,18.79616345591418,18.79616345591418,,,,,6.326338155306967,theta_star,18.79616345591418,0.0,18.79616345591418,0.0,18.79616345591418,1.778530032823029,7.920755406757527,10.875408049156652,54.0,0.907,8.3,0.2222222222222222,True,4.65,4.6875,top70,3.65,11.240408049156652,,0.0,0.0,0.0,-0.0,0.0,-0.0,0.0,0.0,0.0,0.0,0.0,0.0,0.0,0.0,-0.0,-0.0,-0.0,0.0,-0.0,0.0,0.0,0.0,0.0,0.0,0.0,0.0,0.0,-0.0,-0.0,0.0,0.0,0.0,0.0,-0.0,-0.0,-0.0,-0.0,0.0,jamarr chase,3.0,4.255,3.0,1.0,1.0,5.0
6,Puka Nacua,LAR,WR,3.1,1,3,-3,3.79,2.9,2.9,3,44.0,21.26749427043545,2.3333333333333335,19.556530987394957,10.782394134943546,43.140579588937385,18.48881982383031,0.6316382999991158,20.186784330974845,25.259411362080765,0.0240767582252124,19.056164570481116,19.372215163437225,19.372215163437225,,,,,6.810573101316178,theta_star,19.372215163437225,-0.6911075817186152,18.68110758171861,0.0,18.68110758171861,1.3048537371403144,7.920755406757527,10.760352174961085,54.0,0.815,6.625,0.2962962962962963,True,4.65,4.6875,top70,1.9749999999999996,10.957852174961085,,0.0,0.0,0.0,-0.0,0.0,-0.0,0.0,0.0,0.0,0.0,0.0,0.0,0.0,0.0,-0.0,-0.0,-0.0,0.0,-0.0,0.0,0.0,0.0,0.0,0.0,0.0,0.0,0.0,-0.6911075817186134,-0.0,0.0,0.0,0.0,0.0,-0.0,-0.0,-0.0,-0.0,0.0,puka nacua,4.0,3.4450000000000003,4.0,1.0,2.0,6.0
7,Jonathan Taylor,IND,RB,7.4,4,8,1,8.08,7.245688373094718,7.245688373094718,6,83.0,19.129223244853495,2.9076923076923076,16.783941579810566,11.74653700580229,39.64076972639763,13.633068953522995,0.5371662970407058,17.869416977324924,27.616700889801507,-0.0835881102679132,15.156683933469862,16.030791897685873,16.030791897685873,,,,,6.309843786458436,theta_star,16.030791897685873,0.7746040511570627,16.805395948842936,1.4,18.205395948842938,1.255970121704577,7.4745791409013185,10.730816807941617,54.0,0.759,3.725,0.3333333333333333,True,6.1125,6.1125,top70,-2.3874999999999997,10.492066807941615,,0.0,0.7746040511570627,0.0,-0.0,0.0,-0.0,0.0,0.0,0.0,0.0,0.0,0.0,0.0,0.0,-0.0,-0.0,-0.0,0.0,-0.0,0.0,0.0,0.0,0.0,0.0,0.0,0.0,0.0,-0.0,-0.0,0.0,0.0,0.0,0.0,-0.0,-0.0,-0.0,-0.0,1.4,jonathan taylor,8.0,7.74,8.0,2.0,1.0,7.0
8,De'Von Achane,MIA,RB,10.4,5,10,2,12.32,11.220683505587504,11.220683505587504,3,44.0,19.045530939648582,2.3333333333333335,16.783941579810566,11.74653700580229,39.64076972639763,16.988901311313267,0.5912177543223429,17.708439157125845,24.88432580424367,-0.0011586368843108,16.486014400999977,16.662154238607965,16.662154238607965,,,,,6.94476122963473,theta_star,16.662154238607965,-0.3310771193039841,16.33107711930398,1.4,17.73107711930398,1.3176457442760108,7.4745791409013185,10.25649797840266,54.0,0.815,4.5249999999999995,0.2962962962962963,True,6.1125,6.1125,top70,-1.5875000000000004,10.09774797840266,,0.0,0.0,0.0,-0.0,0.0,-0.0,0.0,0.0,0.0,0.0,0.0,0.0,0.0,0.0,-0.0,-0.3310771193039823,-0.0,0.0,-0.0,0.0,0.0,0.0,0.0,0.0,0.0,0.0,0.0,-0.0,-0.0,0.0,0.0,0.0,0.0,-0.0,-0.0,-0.0,-0.0,1.4,devon achane,15.0,11.36,15.0,2.0,5.0,8.0
9,James Cook III,BUF,RB,12.7,6,13,4,12.97,14.332959804660137,14.332959804660137,4,64.0,16.26278711484594,2.6470588235294117,15.768437837349294,11.74653700580229,39.64076972639763,14.975401896639104,0.5604159919425199,15.985745874131588,26.934976043805612,-0.0649963027480501,13.660327794935576,14.841746375478849,14.841746375478849,,,,,6.582947187996207,theta_star,14.841746375478849,1.0291268122605768,15.870873187739424,1.4,17.270873187739426,1.2828627350574386,7.4745791409013185,9.796294046838106,54.0,0.926,8.225,0.2407407407407407,True,6.1125,6.1125,top70,2.1125,10.007544046838106,,0.0,0.0,0.0,-0.0,0.0,-0.0,0.0,0.0,0.0,0.0,0.0,0.0,0.0,0.0,-0.0,-0.0,-0.0,0.0,-0.0,0.0,0.0,0.0,0.0,0.0,1.029126812260575,0.0,0.0,-0.0,-0.0,0.0,0.0,0.0,0.0,-0.0,-0.0,-0.0,-0.0,1.4,james cook,9.0,12.835,9.0,2.0,2.0,9.0
10,Jaxon Smith-Njigba,SEA,WR,5.4,3,5,-5,5.83,5.591958512006325,5.591958512006325,3,51.0,17.608403361344536,2.3333333333333335,18.388907594210217,10.782394134943546,43.140579588937385,18.48881982383031,0.6316382999991158,18.101399728133927,24.54483230663929,0.0501113962286879,16.666439336084554,17.75441625844949,17.75441625844949,,,,,6.810573101316178,theta_star,17.75441625844949,-0.082208129224746,17.672208129224742,0.0,17.672208129224742,1.3048537371403144,7.920755406757527,9.751452722467215,54.0,0.944,6.6,0.2962962962962963,True,4.65,4.6875,top70,1.9499999999999993,9.946452722467216,,0.0,0.0,0.0,-0.0,0.0,-0.0822081292247443,0.0,0.0,0.0,0.0,0.0,0.0,0.0,0.0,-0.0,-0.0,-0.0,0.0,-0.0,0.0,0.0,0.0,0.0,0.0,0.0,0.0,0.0,-0.0,-0.0,0.0,0.0,0.0,0.0,-0.0,-0.0,-0.0,-0.0,0.0,jaxon smith-njigba,6.0,5.615,6.0,2.0,1.0,10.0
11,Omarion Hampton,LAC,RB,23.3,12,24,13,22.08,21.077558739681457,21.077558739681457,1,9.0,15.077777777777776,1.0,14.434106455309395,15.4867051194987,43.81668066802514,43.81668066802514,0.7388563078845868,14.6021971609676,23.463381245722108,0.05168311527354,14.869249338015592,14.547741274297035,14.547741274297035,,,,,11.442449765890135,theta_star,14.547741274297035,1.4018069805623732,15.949548254859408,1.4,17.349548254859407,1.0696938705017496,7.4745791409013185,9.874969113958088,18.0,0.5,0.0,0.6111111111111112,False,6.1125,6.1125,top70,0.0,9.874969113958088,single season,0.0,0.0,0.0,-0.0,0.0,-0.0,0.0,0.0,0.0,0.0,0.0,0.0,0.0,0.0,-0.0,-0.0,-0.0,0.0,-0.0,0.0,0.0,0.0,0.0,1.4018069805623723,0.0,0.0,0.0,-0.0,-0.0,0.0,0.0,0.0,0.0,-0.0,-0.0,-0.0,-0.0,1.4,omarion hampton,11.0,22.689999999999998,11.0,2.0,4.0,11.0
12,Travis Etienne Jr.,NO,RB,40.1,19,41,29,50.15,49.702296406664395,49.702296406664395,4,66.0,13.299372549019608,2.6470588235294117,11.36028003858886,11.74653700580229,39.64076972639763,14.975401896639104,0.5604159919425199,12.21267409631825,27.59753593429158,-0.0831485526709017,11.486699965824352,11.415852216901373,11.415852216901373,,,,,6.582947187996207,theta_star,11.415852216901373,3.9873182264789,15.403170443380272,1.4,16.80317044338027,0.8113536336269288,7.4745791409013185,9.328591302478952,54.0,0.907,6.325,0.3148148148148148,True,6.1125,6.1125,top70,0.2125000000000003,9.349841302478952,,0.0,0.0,0.0,-0.0,0.0,-0.0,0.0,0.0,0.0,0.0,0.0,0.0,0.0,0.0,-0.0,-0.0,-0.0,0.0,-0.0,0.0,0.0,0.0,0.0,0.0,0.0,0.0,0.0,-0.0,-0.0,3.9873182264789007,0.0,0.0,0.0,-0.0,-0.0,-0.0,-0.0,1.4,travis etienne,34.0,45.125,34.0,4.0,1.0,12.0
13,Saquon Barkley,PHI,RB,19.7,10,19,6,17.01,14.332959804660137,14.332959804660137,8,106.0,16.696799719887956,2.9766536964980546,15.768437837349294,11.74653700580229,39.64076972639763,13.317225908083907,0.5313338605156411,16.20352961688312,29.557837097878167,-0.0999775118012306,13.347552974729462,14.633851074649137,14.633851074649137,,,,,6.241332854982771,theta_star,14.633851074649137,0.6780744626754327,15.311925537324568,1.4,16.711925537324568,1.2491329848121426,7.4745791409013185,9.237346396423249,54.0,0.852,7.175,0.2777777777777778,True,6.1125,6.1125,top70,1.0625,9.343596396423248,,0.0,0.0,0.0,-0.0,0.0,-0.0,0.0,0.6780744626754327,0.0,0.0,0.0,0.0,0.0,0.0,-0.0,-0.0,-0.0,0.0,-0.0,0.0,0.0,0.0,0.0,0.0,0.0,0.0,0.0,-0.0,-0.0,0.0,0.0,0.0,0.0,-0.0,-0.0,-0.0,-0.0,1.4,saquon barkley,16.0,18.355,16.0,2.0,7.0,13.0
14,CeeDee Lamb,DAL,WR,10.7,6,11,-3,10.59,11.220683505587504,11.220683505587504,6,93.0,17.72019257703081,2.9076923076923076,17.839163741548816,10.782394134943546,43.140579588937385,14.836707266036669,0.579126763028035,17.789091962431797,27.40041067761807,-0.0465962588049456,15.709106812150624,16.942679786738434,16.942679786738434,,,,,6.244373013062324,theta_star,16.942679786738434,-0.471339893369219,16.471339893369215,0.0,16.471339893369215,1.2494371745972588,7.920755406757527,8.550584486611688,54.0,0.833,9.075,0.2037037037037037,True,4.65,4.6875,top70,4.424999999999999,8.99308448661169,,0.0,0.0,0.0,-0.4713398933692172,0.0,-0.0,0.0,0.0,0.0,0.0,0.0,0.0,0.0,0.0,-0.0,-0.0,-0.0,0.0,-0.0,0.0,0.0,0.0,0.0,0.0,0.0,0.0,0.0,-0.0,-0.0,0.0,0.0,0.0,0.0,-0.0,-0.0,-0.0,-0.0,0.0,ceedee lamb,12.0,10.645,12.0,2.0,3.0,14.0
15,Kenneth Walker,KC,RB,22.1,11,23,8,24.82,21.905821305289543,21.905821305289543,4,58.0,13.08556387403446,2.6470588235294117,14.434106455309395,11.74653700580229,39.64076972639763,14.975401896639104,0.5604159919425199,13.84130870239638,25.86447638603696,-0.031914617386511,12.210889828156173,13.456815979565349,13.456815979565349,,,,,6.582947187996207,theta_star,13.456815979565349,1.6465920102173277,15.103407989782676,1.4,16.503407989782676,1.2828627350574386,7.4745791409013185,9.028828848881355,54.0,0.796,3.125,0.3888888888888889,True,6.1125,6.1125,top70,-2.9875,8.730078848881357,,0.0,0.0,0.0,-0.0,0.0,-0.0,0.0,0.0,0.0,0.0,0.0,0.0,0.0,0.0,-0.0,-0.0,-0.0,0.0,-0.0,0.0,0.0,0.0,0.0,0.0,0.0,0.0,1.6465920102173257,-0.0,-0.0,0.0,0.0,0.0,0.0,-0.0,-0.0,-0.0,-0.0,1.4,kenneth walker,13.0,23.46,13.0,2.0,6.0,15.0
16,Rashee Rice,KC,WR,14.6,8,15,-1,22.61,21.077558739681457,21.077558739681457,3,27.0,18.79970238095238,2.3333333333333335,15.39774859415863,10.782394134943546,43.140579588937385,18.48881982383031,0.6316382999991158,16.650898074386422,26.360027378507873,-0.0255448980221359,16.72278274187241,15.885840425369702,15.885840425369702,,,,,6.810573101316178,theta_star,15.885840425369702,1.1270797873151484,17.01292021268485,0.0,17.01292021268485,1.3048537371403144,7.920755406757527,9.092164805927323,48.0,0.583,0.0,0.5,True,4.65,4.6875,top70,-4.65,8.627164805927324,,0.0,0.0,0.0,-0.0,0.0,-0.0,0.0,0.0,1.1270797873151492,0.0,0.0,0.0,0.0,0.0,-0.0,-0.0,-0.0,0.0,-0.0,0.0,0.0,0.0,0.0,0.0,0.0,0.0,0.0,-0.0,-0.0,0.0,0.0,0.0,0.0,-0.0,-0.0,-0.0,-0.0,0.0,rashee rice,27.0,18.605,27.0,3.0,7.0,16.0
17,Derrick Henry,BAL,RB,17.7,9,17,0,20.91,21.077558739681457,21.077558739681457,10,152.0,17.48787907538382,2.994146341463414,14.434106455309395,11.74653700580229,39.64076972639763,13.239422929148768,0.5298744960616499,15.86976284723502,32.6570841889117,-0.1019318701022357,13.81378077550762,14.142475532486683,14.142475532486683,,,,,6.224190376419011,theta_star,14.142475532486683,-1.7763568394002505e-15,14.142475532486683,1.4,15.542475532486684,1.764113144956838,7.4745791409013185,8.067896391585364,54.0,0.944,10.125,0.2037037037037037,True,6.1125,6.1125,top70,4.0125,8.469146391585364,,0.0,0.0,0.0,-0.0,0.0,-0.0,0.0,0.0,0.0,0.0,0.0,0.0,0.0,0.0,-0.0,-0.0,-0.0,0.0,-0.0,0.0,0.0,0.0,0.0,0.0,0.0,0.0,0.0,-0.0,-0.0,0.0,0.0,0.0,0.0,-0.0,-0.0,-0.0,-0.0,1.4,derrick henry,20.0,19.305,20.0,3.0,1.0,17.0
18,Justin Jefferson,MIN,WR,11.6,7,12,-6,12.15,11.220683505587504,11.220683505587504,6,94.0,15.596991129785248,2.9076923076923076,17.839163741548816,10.782394134943546,43.140579588937385,14.836707266036669,0.579126763028035,16.895493296585997,27.21149897330595,-0.0451064829352847,14.176179326767544,16.297511633921964,16.297511633921964,,,,,6.244373013062324,theta_star,16.297511633921964,-3.552713678800501e-15,16.29751163392196,0.0,16.29751163392196,1.766970997648564,7.920755406757527,8.376756227164433,54.0,0.815,4.7,0.3333333333333333,True,4.65,4.6875,top70,0.0499999999999998,8.381756227164434,,0.0,0.0,0.0,-0.0,0.0,-0.0,0.0,0.0,0.0,0.0,0.0,0.0,0.0,0.0,-0.0,-0.0,-0.0,0.0,-0.0,0.0,0.0,0.0,0.0,0.0,0.0,0.0,0.0,-0.0,-0.0,0.0,0.0,0.0,0.0,-0.0,-0.0,-0.0,-0.0,0.0,justin jefferson,17.0,11.875,17.0,2.0,4.0,18.0
19,Ashton Jeanty,LV,RB,15.0,8,16,-3,17.84,14.332959804660137,14.332959804660137,1,17.0,14.41764705882353,1.0,15.768437837349294,15.4867051194987,43.81668066802514,43.81668066802514,0.7388563078845868,15.415687346169625,22.748802190280628,0.0755647268636164,14.85328276004145,15.529450861602957,15.529450861602957,,,,,11.442449765890135,theta_star,15.529450861602957,-1.1147254308014762,14.41472543080148,1.4,15.81472543080148,1.6913345149533652,7.4745791409013185,8.340146289900161,18.0,0.944,7.6,0.2777777777777778,False,6.1125,6.1125,top70,0.0,8.340146289900161,single season,0.0,0.0,0.0,-0.0,0.0,-0.0,0.0,0.0,0.0,0.0,0.0,0.0,0.0,0.0,-0.0,-0.0,-0.0,0.0,-0.0,0.0,0.0,0.0,0.0,0.0,0.0,0.0,0.0,-0.0,-1.114725430801478,0.0,0.0,0.0,0.0,-0.0,-0.0,-0.0,-0.0,1.4,ashton jeanty,14.0,16.42,14.0,7.0,99.0,19.0
20,Cam Skattebo,NYG,RB,36.6,17,38,18,42.95,33.76254598473099,33.76254598473099,1,8.0,15.9625,1.0,13.416324058711414,15.4867051194987,43.81668066802514,43.81668066802514,0.7388563078845868,14.081241844794953,24.569472963723477,0.0097387801811474,14.724020194250135,13.757820655711054,13.757820655711054,,,,,11.442449765890135,theta_star,13.757820655711054,0.3310896721444738,14.088910327855528,1.4,15.488910327855528,1.6913345149533652,7.4745791409013185,8.014331186954209,18.0,0.444,0.0,0.6111111111111112,False,6.1125,6.1125,top70,0.0,8.014331186954209,single season,0.0,0.0,0.0,-0.0,0.0,-0.0,0.0,0.0,0.0,0.3310896721444729,0.0,0.0,0.0,0.0,-0.0,-0.0,-0.0,0.0,-0.0,0.0,0.0,0.0,0.0,0.0,0.0,0.0,0.0,-0.0,-0.0,0.0,0.0,0.0,0.0,-0.0,-0.0,-0.0,-0.0,1.4,cam skattebo,,39.775000000000006,40.0,5.0,5.0,20.0
21,Jeremiyah Love,ARI,RB,27.9,13,29,8,19.34,21.077558739681457,21.077558739681457,0,0.0,,0.0,14.434106455309395,13.882089022740637,35.36523585755328,inf,1.0,14.434106455309395,21.253935660506503,0.0264382137947518,,14.434106455309395,14.434106455309395,,,,,13.882089022740637,theta_star,14.434106455309395,-0.5170532276546975,13.917053227654698,1.4,15.317053227654698,1.8629337765162663,7.4745791409013185,7.84247408675338,,,,,False,6.1125,6.1125,top70,0.0,7.84247408675338,no NFL rows: full shrinkage to market,0.0,0.0,0.0,-0.0,0.0,-0.0,0.0,0.0,0.0,0.0,0.0,0.0,0.0,0.0,-0.0,-0.0,-0.5170532276546974,0.0,-0.0,0.0,0.0,0.0,0.0,0.0,0.0,0.0,0.0,-0.0,-0.0,0.0,0.0,0.0,0.0,-0.0,-0.0,-0.0,-0.0,1.4,jeremiyah love,23.0,23.619999999999997,23.0,4.0,2.0,21.0
22,Kyren Williams,LAR,RB,31.6,15,32,10,42.54,33.76254598473099,33.76254598473099,4,53.0,15.882892156862743,2.6470588235294117,13.416324058711414,11.74653700580229,39.64076972639763,14.975401896639104,0.5604159919425199,14.500587949443492,26.015058179329227,-0.0365129876326114,13.89828664259201,13.628187103067386,13.628187103067386,,,,,6.582947187996207,theta_star,13.628187103067386,0.0,13.628187103067386,1.4,15.028187103067388,1.814241878581272,7.4745791409013185,7.553607962166068,54.0,0.833,8.95,0.2037037037037037,True,6.1125,6.1125,top70,2.8374999999999995,7.8373579621660685,,0.0,0.0,0.0,-0.0,0.0,-0.0,0.0,0.0,0.0,0.0,0.0,0.0,0.0,0.0,-0.0,-0.0,-0.0,0.0,-0.0,0.0,0.0,0.0,0.0,0.0,0.0,0.0,0.0,-0.0,-0.0,0.0,0.0,0.0,0.0,-0.0,-0.0,-0.0,-0.0,1.4,kyren williams,35.0,37.07,35.0,4.0,3.0,22.0
23,George Pickens,DAL,WR,20.3,11,21,-2,28.15,22.31095833317905,22.31095833317905,4,64.0,14.679516806722688,2.6470588235294117,15.39774859415863,10.782394134943546,43.140579588937385,16.297552289154122,0.6018310388772187,15.111770989509903,25.49486652977413,0.0133393740530784,14.134714475310432,14.894847611194216,14.894847611194216,,,,,6.489179463816703,theta_star,14.894847611194216,0.552576194402894,15.44742380559711,0.0,15.44742380559711,1.2736933955839511,7.920755406757527,7.526668398839583,54.0,0.889,6.075,0.3518518518518518,True,4.65,4.6875,top70,1.4249999999999998,7.669168398839583,,0.0,0.0,0.0,-0.0,0.5525761944028923,-0.0,0.0,0.0,0.0,0.0,0.0,0.0,0.0,0.0,-0.0,-0.0,-0.0,0.0,-0.0,0.0,0.0,0.0,0.0,0.0,0.0,0.0,0.0,-0.0,-0.0,0.0,0.0,0.0,0.0,-0.0,-0.0,-0.0,-0.0,0.0,george pickens,22.0,24.225,22.0,3.0,5.0,23.0
24,Javonte Williams,DAL,RB,36.8,18,39,15,38.91,33.76254598473099,33.76254598473099,5,70.0,12.740607210626187,2.8181818181818183,13.416324058711414,11.74653700580229,39.64076972639763,14.06607958033464,0.5449304038355045,13.108825865531724,26.351813826146476,-0.0468777145008518,11.74240686930398,12.654575239314966,12.654575239314966,,,,,6.40104515424054,theta_star,12.654575239314966,0.8827123803425163,13.537287619657482,1.4,14.937287619657482,1.2650143432230858,7.4745791409013185,7.462708478756164,54.0,0.907,6.1499999999999995,0.3703703703703703,True,6.1125,6.1125,top70,0.0374999999999996,7.466458478756164,,0.0,0.0,0.0,-0.0,0.0,-0.0,0.0,0.0,0.0,0.0,0.8827123803425172,0.0,0.0,0.0,-0.0,-0.0,-0.0,0.0,-0.0,0.0,0.0,0.0,0.0,0.0,0.0,0.0,0.0,-0.0,-0.0,0.0,0.0,0.0,0.0,-0.0,-0.0,-0.0,-0.0,1.4,javonte williams,,37.855,41.0,4.0,4.0,24.0
25,Drake London,ATL,WR,9.9,5,9,-16,18.86,14.332959804660137,14.332959804660137,4,60.0,15.66433366013072,2.6470588235294117,16.42261932202348,10.782394134943546,43.140579588937385,16.297552289154122,0.6018310388772187,16.120693507793337,25.10609171800137,0.0305162673878233,15.037687784243868,15.871182570399595,15.871182570399595,,,,,6.489179463816703,theta_star,15.871182570399595,-0.4855912851997939,15.3855912851998,0.0,15.3855912851998,1.2736933955839511,7.920755406757527,7.464835878442274,54.0,0.833,4.575,0.3703703703703703,True,4.65,4.6875,top70,-0.0750000000000001,7.457335878442274,,0.0,0.0,0.0,-0.0,0.0,-0.0,0.0,0.0,0.0,0.0,0.0,0.0,0.0,0.0,-0.0,-0.0,-0.0,0.0,-0.0,0.0,0.0,0.0,0.0,0.0,0.0,0.0,0.0,-0.0,-0.0,0.0,0.0,0.0,0.0,-0.4855912851997975,-0.0,-0.0,-0.0,0.0,drake london,21.0,14.379999999999999,21.0,3.0,2.0,25.0
26,Josh Jacobs,GB,RB,30.8,14,31,5,28.56,22.31095833317905,22.31095833317905,7,105.0,16.11477060842508,2.953488372093023,14.434106455309395,11.74653700580229,39.64076972639763,13.42167793885904,0.5332788983394326,15.218507880372972,28.553045859000683,-0.0980108056213945,13.013396961923654,13.771031355416776,13.771031355416776,,,,,6.264180313757624,theta_star,13.771031355416776,-0.2342062710833534,13.536825084333422,1.4,14.936825084333424,1.5829314974132802,7.4745791409013185,7.462245943432104,54.0,0.833,5.875,0.2962962962962963,True,6.1125,6.1125,top70,-0.2374999999999998,7.438495943432104,,0.0,0.0,0.0,-0.0,0.0,-0.0,0.0,0.0,0.0,0.0,0.0,0.0,0.0,0.0,-0.0,-0.0,-0.0,0.0,-0.0,0.0,0.0,0.0,0.0,0.0,0.0,0.0,0.0,-0.0,-0.0,0.0,0.0,0.0,0.0,-0.0,-0.2342062710833552,-0.0,-0.0,1.4,josh jacobs,39.0,29.68,39.0,5.0,2.0,26.0
27,Chase Brown,CIN,RB,13.4,7,14,-13,26.14,21.905821305289543,21.905821305289543,3,40.0,15.10171068427371,2.3333333333333335,14.434106455309395,11.74653700580229,39.64076972639763,16.988901311313267,0.5912177543223429,14.707011211249329,26.4476386036961,-0.0498583836892742,13.181766249608296,13.92217201367048,13.92217201367048,,,,,6.94476122963473,theta_star,13.92217201367048,1.7763568394002505e-15,13.92217201367048,1.4,15.322172013670482,1.8634324819583257,7.4745791409013185,7.847592872769163,54.0,0.833,1.45,0.4259259259259259,True,6.1125,6.1125,top70,-4.6625,7.381342872769164,,0.0,0.0,0.0,-0.0,0.0,-0.0,0.0,0.0,0.0,0.0,0.0,0.0,0.0,0.0,-0.0,-0.0,-0.0,0.0,-0.0,0.0,0.0,0.0,0.0,0.0,0.0,0.0,0.0,-0.0,-0.0,0.0,0.0,0.0,0.0,-0.0,-0.0,-0.0,-0.0,1.4,chase brown,10.0,19.77,10.0,2.0,3.0,27.0
28,Josh Allen,BUF,QB,26.7,1,27,-1,22.57,21.077558739681457,21.077558739681457,8,,23.1838,2.9767,21.533993551111884,8.540768288565792,,16.093224653007262,0.653293385736417,22.105992359196108,,,,22.105992359196108,22.105992359196108,,,,,5.579627432027371,theta_star,22.105992359196108,0.0,22.105992359196108,0.0,22.105992359196108,1.670273545265471,15.166228061514008,6.9397642976821015,54.0,0.907,14.445,0.1296296296296296,True,10.125,10.6175,top70,4.32,7.371764297682102,,0.0,0.0,0.0,-0.0,0.0,-0.0,0.0,0.0,0.0,0.0,0.0,0.0,0.0,0.0,-0.0,-0.0,-0.0,0.0,-0.0,0.0,0.0,0.0,0.0,0.0,0.0,0.0,0.0,-0.0,-0.0,0.0,0.0,0.0,0.0,-0.0,-0.0,-0.0,-0.0,0.0,josh allen,,24.634999999999998,42.0,,99.0,28.0
29,DeVonta Smith,PHI,WR,29.6,16,30,1,39.45,33.76254598473099,33.76254598473099,5,80.0,13.246547949204496,2.8181818181818183,14.54495066015753,10.782394134943546,43.140579588937385,15.307947596074555,0.5867285202276731,14.00835785046157,27.797399041752225,-0.0479862098791227,12.430533450792906,13.671122331187338,13.671122331187338,,,,,6.326338155306967,theta_star,13.671122331187338,1.3144388344063334,14.985561165593673,0.0,14.985561165593673,1.2576106467530963,7.920755406757527,7.064805758836144,54.0,0.852,4.675,0.3703703703703703,True,4.65,4.6875,top70,0.0249999999999994,7.067305758836143,,0.0,0.0,0.0,-0.0,0.0,-0.0,0.0,0.0,0.0,0.0,0.0,0.0,0.0,0.0,-0.0,-0.0,-0.0,0.0,-0.0,0.0,0.0,0.0,0.0,0.0,0.0,1.3144388344063316,0.0,-0.0,-0.0,0.0,0.0,0.0,0.0,-0.0,-0.0,-0.0,-0.0,0.0,devonta smith,28.0,34.525000000000006,28.0,3.0,8.0,29.0
30,A.J. Brown,NE,WR,18.1,9,18,-12,27.19,21.905821305289543,21.905821305289543,7,103.0,16.283783478564047,2.953488372093023,15.39774859415863,10.782394134943546,43.140579588937385,14.606652931687462,0.5753131613547278,15.774035948146196,29.17180013689254,-0.0567854016469267,14.551751227237904,15.03846464689884,15.03846464689884,,,,,6.203253256747046,theta_star,15.03846464689884,-1.7763568394002505e-15,15.03846464689884,0.0,15.03846464689884,1.7611435570030975,7.920755406757527,7.117709240141313,54.0,0.833,3.875,0.3148148148148148,True,4.65,4.6875,top70,-0.7750000000000004,7.040209240141313,,0.0,0.0,0.0,-0.0,0.0,-0.0,0.0,0.0,0.0,0.0,0.0,0.0,0.0,0.0,-0.0,-0.0,-0.0,0.0,-0.0,0.0,0.0,0.0,0.0,0.0,0.0,0.0,0.0,-0.0,-0.0,0.0,0.0,0.0,0.0,-0.0,-0.0,-0.0,-0.0,0.0,aj brown,19.0,22.645000000000003,19.0,3.0,1.0,30.0
31,Nico Collins,HOU,WR,21.0,12,22,-9,27.77,22.31095833317905,22.31095833317905,5,63.0,15.530952380952382,2.8181818181818183,15.39774859415863,10.782394134943546,43.140579588937385,15.307947596074555,0.5867285202276731,15.452797920238162,27.45516769336071,-0.0468957626952024,14.10878091090147,14.865055012320234,14.865055012320234,,,,,6.326338155306967,theta_star,14.865055012320234,0.0,14.865055012320234,0.0,14.865055012320234,1.778530032823029,7.920755406757527,6.944299605562707,54.0,0.778,5.425000000000001,0.3333333333333333,True,4.65,4.6875,top70,0.7750000000000004,7.021799605562706,,0.0,0.0,0.0,-0.0,0.0,-0.0,0.0,0.0,0.0,0.0,0.0,0.0,0.0,0.0,-0.0,-0.0,-0.0,0.0,-0.0,0.0,0.0,0.0,0.0,0.0,0.0,0.0,0.0,-0.0,-0.0,0.0,0.0,0.0,0.0,-0.0,-0.0,-0.0,-0.0,0.0,nico collins,24.0,24.384999999999998,24.0,3.0,4.0,31.0
32,Breece Hall,NYJ,RB,35.0,16,34,2,38.43,30.973698519873267,30.973698519873267,4,56.0,14.311621848739495,2.6470588235294117,13.416324058711414,11.74653700580229,39.64076972639763,14.975401896639104,0.5604159919425199,13.809882649656965,25.253935660506503,-0.0131293749660015,13.29924117517348,13.36485629549088,13.36485629549088,,,,,6.582947187996207,theta_star,13.36485629549088,-0.3824281477454416,12.98242814774544,1.4,14.38242814774544,1.2828627350574386,7.4745791409013185,6.907849006844121,54.0,0.907,6.075,0.3148148148148148,True,6.1125,6.1125,top70,-0.0374999999999996,6.904099006844121,,0.0,0.0,0.0,-0.0,0.0,-0.0,0.0,0.0,0.0,0.0,0.0,0.0,0.0,0.0,-0.0,-0.0,-0.0,0.0,-0.0,0.0,0.0,0.0,0.0,0.0,0.0,0.0,0.0,-0.0,-0.0,0.0,0.0,0.0,0.0,-0.0,-0.0,-0.3824281477454407,-0.0,1.4,breece hall,38.0,36.715,38.0,4.0,5.0,32.0
33,Tetairoa McMillan,CAR,WR,32.6,17,33,0,41.28,33.76254598473099,33.76254598473099,1,17.0,12.552941176470588,1.0,14.54495066015753,9.389576648040723,39.731751511831725,39.731751511831725,0.8088492921551105,14.164176637317038,23.408624229979463,0.0766780678935343,13.263739815644572,14.30004630033033,14.30004630033033,,,,,7.594752425403894,theta_star,14.30004630033033,0.4499768498348349,14.750023150165164,0.0,14.750023150165164,1.3779289191939377,7.920755406757527,6.829267743407637,18.0,0.944,8.0,0.2777777777777778,False,4.65,4.6875,top70,0.0,6.829267743407637,single season,0.0,0.0,0.0,-0.0,0.0,-0.0,0.0,0.0,0.0,0.0,0.0,0.0,0.0,0.0,-0.0,-0.0,-0.0,0.0,-0.0,0.4499768498348347,0.0,0.0,0.0,0.0,0.0,0.0,0.0,-0.0,-0.0,0.0,0.0,0.0,0.0,-0.0,-0.0,-0.0,-0.0,0.0,tetairoa mcmillan,,36.94,43.0,4.0,8.0,33.0
34,Emeka Egbuka,TB,WR,35.0,18,34,0,44.63,33.76254598473099,33.76254598473099,1,17.0,11.511764705882351,1.0,14.54495066015753,9.389576648040723,39.731751511831725,39.731751511831725,0.8088492921551105,13.965155017972652,23.88227241615332,0.0667349737160006,12.397360045166211,14.134437193940895,14.134437193940895,,,,,7.594752425403894,theta_star,14.134437193940895,0.3627814030295493,14.497218596970448,0.0,14.497218596970448,1.3779289191939377,7.920755406757527,6.57646319021292,18.0,0.944,5.0,0.4444444444444444,False,4.65,4.6875,top70,0.0,6.57646319021292,single season,0.0,0.0,0.0,-0.0,0.0,-0.0,0.0,0.0,0.0,0.0,0.0,0.0,0.362781403029551,0.0,-0.0,-0.0,-0.0,0.0,-0.0,0.0,0.0,0.0,0.0,0.0,0.0,0.0,0.0,-0.0,-0.0,0.0,0.0,0.0,0.0,-0.0,-0.0,-0.0,-0.0,0.0,emeka egbuka,31.0,39.815,31.0,4.0,1.0,34.0
35,Malik Nabers,NYG,WR,27.3,15,28,-7,37.87,30.973698519873267,30.973698519873267,2,19.0,15.59666666666667,1.8,14.881502854988153,10.782394134943546,43.140579588937385,23.96698866052077,0.6897097655400394,15.103411201791156,23.096509240246405,0.0829005329400858,15.551062916062548,15.089260803323953,15.089260803323953,,,,,7.436722530772208,theta_star,15.089260803323953,-0.1278521606647888,14.961408642659164,0.0,14.961408642659164,1.7247286778820845,7.920755406757527,7.040653235901637,36.0,0.528,0.0,0.5277777777777778,True,4.65,4.6875,top70,-4.65,6.575653235901637,,0.0,0.0,0.0,-0.0,0.0,-0.0,0.0,0.0,0.0,0.0,0.0,0.0,0.0,0.0,-0.0,-0.0,-0.0,0.0,-0.0,0.0,0.0,0.0,0.0,0.0,0.0,0.0,0.0,-0.0,-0.0,0.0,0.0,0.0,0.0,-0.0,-0.0,-0.0,-0.1278521606647906,0.0,malik nabers,26.0,32.585,26.0,3.0,6.0,35.0
36,Chris Olave,NO,WR,20.1,10,20,-16,35.41,22.31095833317905,22.31095833317905,4,53.0,15.070611111111113,2.6470588235294117,15.39774859415863,10.782394134943546,43.140579588937385,16.297552289154122,0.6018310388772187,15.267492602389275,26.17932922655715,-0.0184704763833151,14.078309544012566,14.87238891829714,14.87238891829714,,,,,6.489179463816703,theta_star,14.87238891829714,1.7763568394002505e-15,14.872388918297142,0.0,14.872388918297142,1.8012744743398634,7.920755406757527,6.951633511539615,54.0,0.741,0.0,0.3888888888888889,True,4.65,4.6875,top70,-4.65,6.486633511539615,,0.0,0.0,0.0,-0.0,0.0,-0.0,0.0,0.0,0.0,0.0,0.0,0.0,0.0,0.0,-0.0,-0.0,-0.0,0.0,-0.0,0.0,0.0,0.0,0.0,0.0,0.0,0.0,0.0,-0.0,-0.0,0.0,0.0,0.0,0.0,-0.0,-0.0,-0.0,-0.0,0.0,chris olave,25.0,27.755,25.0,3.0,3.0,36.0
37,Zay Flowers,BAL,WR,25.6,13,25,-12,42.46,33.76254598473099,33.76254598473099,3,48.0,13.793508403361344,2.3333333333333335,14.54495066015753,10.782394134943546,43.140579588937385,18.48881982383031,0.6316382999991158,14.268148112991586,25.971252566735114,-0.0093094840448064,13.245041744954626,14.066114002307083,14.066114002307083,,,,,6.810573101316178,theta_star,14.066114002307083,0.0,14.066114002307083,0.0,14.066114002307083,1.84534185197705,7.920755406757527,6.145358595549556,54.0,0.926,7.025,0.2777777777777778,True,4.65,4.6875,top70,2.375,6.382858595549556,,0.0,0.0,0.0,-0.0,0.0,-0.0,0.0,0.0,0.0,0.0,0.0,0.0,0.0,0.0,-0.0,-0.0,-0.0,0.0,-0.0,0.0,0.0,0.0,0.0,0.0,0.0,0.0,0.0,-0.0,-0.0,0.0,0.0,0.0,0.0,-0.0,-0.0,-0.0,-0.0,0.0,zay flowers,,34.03,44.0,4.0,2.0,37.0
38,Ladd McConkey,LAC,WR,37.7,20,40,2,52.8,51.063132301542794,51.063132301542794,2,32.0,12.55625,1.8,13.894337842606388,10.782394134943546,43.140579588937385,23.96698866052077,0.6897097655400394,13.47914225219603,24.804928131416837,0.0417979704832115,12.89145290108477,13.583152438965282,13.583152438965282,,,,,7.436722530772208,theta_star,13.583152438965282,0.6584237805173601,14.241576219482642,0.0,14.241576219482642,1.3635177419795652,7.920755406757527,6.320820812725115,36.0,0.889,4.5249999999999995,0.3333333333333333,True,4.65,4.6875,top70,-0.1250000000000009,6.308320812725115,,0.0,0.0,0.0,-0.0,0.0,-0.0,0.0,0.0,0.0,0.0,0.0,0.0,0.0,0.0,-0.0,-0.0,-0.0,0.0,-0.0,0.0,0.0,0.0,0.0,0.0,0.0,0.0,0.0,-0.0,-0.0,0.0,0.0,0.6584237805173592,0.0,-0.0,-0.0,-0.0,-0.0,0.0,ladd mcconkey,29.0,45.25,29.0,3.0,9.0,38.0
39,Davante Adams,LAR,WR,41.9,21,43,4,47.5,49.702296406664395,49.702296406664395,12,175.0,16.807252616496957,2.9985355137905785,13.894337842606388,10.782394134943546,43.140579588937385,14.387216489692834,0.5716106102813692,15.142199624895753,33.686516084873375,-0.1741174737963274,13.673191471083438,13.79960108347118,13.79960108347118,,,,,6.163330891769335,theta_star,13.79960108347118,0.0,13.79960108347118,0.0,13.79960108347118,1.75546730128609,7.920755406757527,5.878845676713654,54.0,0.833,6.95,0.3148148148148148,True,4.65,4.6875,top70,2.3,6.1088456767136545,,0.0,0.0,0.0,-0.0,0.0,-0.0,0.0,0.0,0.0,0.0,0.0,0.0,0.0,0.0,-0.0,-0.0,-0.0,0.0,-0.0,0.0,0.0,0.0,0.0,0.0,0.0,0.0,0.0,-0.0,-0.0,0.0,0.0,0.0,0.0,-0.0,-0.0,-0.0,-0.0,0.0,davante adams,,44.7,45.0,5.0,99.0,39.0
40,Quinshon Judkins,CLE,RB,50.9,22,51,11,54.8,51.063132301542794,51.063132301542794,1,14.0,12.12857142857143,1.0,11.36028003858886,15.4867051194987,43.81668066802514,43.81668066802514,0.7388563078845868,11.560914488789392,22.84188911704312,0.0727026631019093,13.361390102104536,11.882857308904653,11.882857308904653,,,,,11.442449765890135,theta_star,11.882857308904653,0.2385713455476743,12.121428654452329,1.4,13.521428654452327,1.6913345149533652,7.4745791409013185,6.046849513551009,18.0,0.778,3.875,0.4444444444444444,False,6.1125,6.1125,top70,0.0,6.046849513551009,single season,0.2385713455476734,0.0,0.0,-0.0,0.0,-0.0,0.0,0.0,0.0,0.0,0.0,0.0,0.0,0.0,-0.0,-0.0,-0.0,0.0,-0.0,0.0,0.0,0.0,0.0,0.0,0.0,0.0,0.0,-0.0,-0.0,0.0,0.0,0.0,0.0,-0.0,-0.0,-0.0,-0.0,1.4,quinshon judkins,,52.849999999999994,49.0,5.0,4.0,40.0
41,Garrett Wilson,NYJ,WR,25.8,14,26,-15,36.31,28.5,28.5,4,58.0,14.05036414565826,2.6470588235294117,14.881502854988153,10.782394134943546,43.140579588937385,16.297552289154122,0.6018310388772187,14.55056921854534,26.11088295687885,-0.015558880265418,13.365290404735193,14.277794118829505,14.277794118829505,,,,,6.489179463816703,theta_star,14.277794118829505,0.0,14.277794118829505,0.0,14.277794118829505,1.8012744743398634,7.920755406757527,6.357038712071978,54.0,0.759,0.225,0.3703703703703703,True,4.65,4.6875,top70,-4.425000000000001,5.914538712071978,,0.0,0.0,0.0,-0.0,0.0,-0.0,0.0,0.0,0.0,0.0,0.0,0.0,0.0,0.0,-0.0,-0.0,-0.0,0.0,-0.0,0.0,0.0,0.0,0.0,0.0,0.0,0.0,0.0,-0.0,-0.0,0.0,0.0,0.0,0.0,-0.0,-0.0,-0.0,-0.0,0.0,garrett wilson,36.0,31.055,36.0,4.0,3.0,41.0
42,Bucky Irving,TB,RB,45.2,20,45,3,56.04,51.063132301542794,51.063132301542794,2,27.0,14.025490196078431,1.8,11.36028003858886,11.74653700580229,39.64076972639763,22.02264984799868,0.6521522103372729,12.287367500858256,24.035592060232716,0.0298495802048825,13.839397189022652,12.222635459682213,12.222635459682213,,,,,7.660530072142535,theta_star,12.222635459682213,0.0,12.222635459682213,1.4,13.622635459682211,1.9571062914597328,7.4745791409013185,6.1480563187808945,36.0,0.75,1.65,0.3888888888888889,True,6.1125,6.1125,top70,-4.4624999999999995,5.7018063187808945,,0.0,0.0,0.0,-0.0,0.0,-0.0,0.0,0.0,0.0,0.0,0.0,0.0,0.0,0.0,-0.0,-0.0,-0.0,0.0,-0.0,0.0,0.0,0.0,0.0,0.0,0.0,0.0,0.0,-0.0,-0.0,0.0,0.0,0.0,0.0,-0.0,-0.0,-0.0,-0.0,1.4,bucky irving,,50.620000000000005,48.0,6.0,2.0,42.0
43,TreVeyon Henderson,NE,RB,61.5,26,63,20,71.52,59.24211636071694,59.24211636071694,1,17.0,12.129411764705882,1.0,11.36028003858886,15.4867051194987,43.81668066802514,43.81668066802514,0.7388563078845868,11.56113393727016,23.860369609856264,0.0366481074290695,12.75738165393204,11.725124312679986,11.725124312679986,,,,,11.442449765890135,theta_star,11.725124312679986,0.0,11.725124312679986,1.4,13.125124312679986,2.391908209556769,7.4745791409013185,5.650545171778668,18.0,0.944,4.9,0.4444444444444444,False,6.1125,6.1125,top70,0.0,5.650545171778668,single season,0.0,0.0,0.0,-0.0,0.0,-0.0,0.0,0.0,0.0,0.0,0.0,0.0,0.0,0.0,-0.0,-0.0,-0.0,0.0,-0.0,0.0,0.0,0.0,0.0,0.0,0.0,0.0,0.0,-0.0,-0.0,0.0,0.0,0.0,0.0,-0.0,-0.0,-0.0,-0.0,1.4,treveyon henderson,,66.50999999999999,61.0,6.0,1.0,43.0
44,D'Andre Swift,CHI,RB,45.8,21,46,2,72.71,59.24211636071694,59.24211636071694,6,89.0,13.651917690152985,2.9076923076923076,11.36028003858886,11.74653700580229,39.64076972639763,13.633068953522995,0.5371662970407058,12.420927178703224,27.630390143737166,-0.0839013087531945,11.696456740303224,11.51587394629196,11.51587394629196,,,,,6.309843786458436,theta_star,11.51587394629196,0.0,11.51587394629196,1.4,12.915873946291962,1.776209980049999,7.4745791409013185,5.441294805390643,54.0,0.907,7.525,0.2777777777777778,True,6.1125,6.1125,top70,1.4125000000000003,5.5825448053906435,,0.0,0.0,0.0,-0.0,0.0,-0.0,0.0,0.0,0.0,0.0,0.0,0.0,0.0,0.0,-0.0,-0.0,-0.0,0.0,-0.0,0.0,0.0,0.0,0.0,0.0,0.0,0.0,0.0,-0.0,-0.0,0.0,0.0,0.0,0.0,-0.0,-0.0,-0.0,-0.0,1.4,dandre swift,,59.254999999999995,55.0,5.0,1.0,44.0
45,Tee Higgins,CIN,WR,36.3,19,37,-8,58.06,51.063132301542794,51.063132301542794,6,81.0,15.041179138321995,2.9076923076923076,13.894337842606388,10.782394134943546,43.140579588937385,14.836707266036669,0.579126763028035,14.37701265102734,27.61943874058864,-0.0475454733053394,13.74449887029953,13.83127462930705,13.83127462930705,,,,,6.244373013062324,theta_star,13.83127462930705,-1.7763568394002505e-15,13.831274629307048,0.0,13.831274629307048,1.766970997648564,7.920755406757527,5.910519222549521,54.0,0.722,0.0,0.4814814814814814,True,4.65,4.6875,top70,-4.65,5.445519222549521,,0.0,0.0,0.0,-0.0,0.0,-0.0,0.0,0.0,0.0,0.0,0.0,0.0,0.0,0.0,-0.0,-0.0,-0.0,0.0,-0.0,0.0,0.0,0.0,0.0,0.0,0.0,0.0,0.0,-0.0,-0.0,0.0,0.0,0.0,0.0,-0.0,-0.0,-0.0,-0.0,0.0,tee higgins,32.0,47.18,32.0,4.0,4.0,45.0
46,DJ Moore,BUF,WR,48.9,25,49,3,71.14,59.24211636071694,59.24211636071694,8,130.0,12.27039600153787,2.9766536964980546,12.853924073475545,10.782394134943546,43.140579588937385,14.492979025303148,0.5734031673209011,12.60499284620759,29.38261464750171,-0.0595252089551882,11.594446715171957,12.316635021592194,12.316635021592194,,,,,6.182658948278936,theta_star,12.316635021592194,0.9316824892039026,13.248317510796095,0.0,13.248317510796095,1.24324765717444,7.920755406757527,5.32756210403857,54.0,0.944,5.775,0.3148148148148148,True,4.65,4.6875,top70,1.125,5.44006210403857,,0.0,0.0,0.0,-0.0,0.0,-0.0,0.0,0.0,0.0,0.0,0.0,0.9316824892039026,0.0,0.0,-0.0,-0.0,-0.0,0.0,-0.0,0.0,0.0,0.0,0.0,0.0,0.0,0.0,0.0,-0.0,-0.0,0.0,0.0,0.0,0.0,-0.0,-0.0,-0.0,-0.0,0.0,dj moore,,60.019999999999996,56.0,4.0,7.0,46.0
47,Luther Burden III,CHI,WR,58.5,28,59,12,77.29,69.67356531621753,69.67356531621753,1,13.0,9.715384615384616,1.0,12.739458663273002,9.389576648040723,39.731751511831725,39.731751511831725,0.8088492921551105,12.161404768443775,22.72142368240931,0.0900272972176797,11.337072067070524,12.471391472736713,12.471391472736713,,,,,7.594752425403894,theta_star,12.471391472736713,0.714304263631643,13.185695736368356,0.0,13.185695736368356,1.3779289191939377,7.920755406757527,5.264940329610829,18.0,0.833,1.05,0.6111111111111112,False,4.65,4.6875,top70,0.0,5.264940329610829,single season,0.0,0.0,0.0,-0.0,0.0,-0.0,0.0,0.0,0.0,0.0,0.0,0.0,0.0,0.0,-0.0,-0.0,-0.0,0.0,-0.0,0.0,0.0,0.7143042636316438,0.0,0.0,0.0,0.0,0.0,-0.0,-0.0,0.0,0.0,0.0,0.0,-0.0,-0.0,-0.0,-0.0,0.0,luther burden,33.0,67.89500000000001,33.0,4.0,5.0,47.0
48,Jaylen Waddle,DEN,WR,45.9,23,47,-1,60.59,51.063132301542794,51.063132301542794,5,77.0,12.542768003975784,2.8181818181818183,13.894337842606388,10.782394134943546,43.140579588937385,15.307947596074555,0.5867285202276731,13.335772575379874,27.76728268309377,-0.0479214714900441,11.917802871602175,13.077492310317725,13.077492310317725,,,,,6.326338155306967,theta_star,13.077492310317725,0.0,13.077492310317725,0.0,13.077492310317725,1.778530032823029,7.920755406757527,5.156736903560198,54.0,0.833,4.875,0.4074074074074074,True,4.65,4.6875,top70,0.2249999999999996,5.179236903560198,,0.0,0.0,0.0,-0.0,0.0,-0.0,0.0,0.0,0.0,0.0,0.0,0.0,0.0,0.0,-0.0,-0.0,-0.0,0.0,-0.0,0.0,0.0,0.0,0.0,0.0,0.0,0.0,0.0,-0.0,-0.0,0.0,0.0,0.0,0.0,-0.0,-0.0,-0.0,-0.0,0.0,jaylen waddle,,53.245000000000005,51.0,4.0,6.0,48.0
49,DK Metcalf,PIT,WR,64.8,33,66,17,88.1,73.52284750866616,73.52284750866616,7,111.0,12.933944341516131,2.953488372093023,12.43820922971078,10.782394134943546,43.140579588937385,14.606652931687462,0.5753131613547278,12.648741407148858,28.71457905544148,-0.0522096311409011,12.15711060793941,12.318830344683152,12.318830344683152,,,,,6.203253256747046,pi_market (market-anchored),12.43820922971078,0.4558953851446112,12.894104614855392,0.0,12.894104614855392,1.2453165517998874,7.920755406757527,4.973349208097865,54.0,0.852,6.2,0.3518518518518518,True,4.65,4.6875,top70,1.5499999999999998,5.128349208097865,,0.0,0.0,0.0,-0.0,0.0,-0.0,0.0,0.0,0.0,0.0,0.0,0.0,0.0,0.0,-0.0,-0.0,-0.0,0.0,-0.0,0.0,0.0,0.0,0.0,0.0,0.0,0.0,0.0,-0.0,-0.0,0.0,0.4558953851446096,0.0,0.0,-0.0,-0.0,-0.0,-0.0,0.0,dk metcalf,,76.44999999999999,67.0,5.0,99.0,49.0
50,Rome Odunze,CHI,WR,51.9,26,52,2,72.31,59.24211636071694,59.24211636071694,2,29.0,10.957843137254905,1.8,12.853924073475545,10.782394134943546,43.140579588937385,23.96698866052077,0.6897097655400394,12.26558867522058,24.246406570841888,0.0582400473752514,11.902002576825971,12.558552129092671,12.558552129092671,,,,,7.436722530772208,theta_star,12.558552129092671,0.7007239354536665,13.259276064546338,0.0,13.259276064546338,1.3635177419795652,7.920755406757527,5.338520657788811,36.0,0.806,2.075,0.5833333333333334,True,4.65,4.6875,top70,-2.575,5.081020657788811,,0.0,0.0,0.0,-0.0,0.0,-0.0,0.0,0.0,0.0,0.0,0.0,0.0,0.0,0.0,-0.0,-0.0,-0.0,0.0,-0.0,0.0,0.7007239354536647,0.0,0.0,0.0,0.0,0.0,0.0,-0.0,-0.0,0.0,0.0,0.0,0.0,-0.0,-0.0,-0.0,-0.0,0.0,rome odunze,,62.105000000000004,58.0,5.0,99.0,50.0
51,Terry McLaurin,WAS,WR,46.8,24,48,-3,62.08,51.063132301542794,51.063132301542794,7,107.0,12.817073380533316,2.953488372093023,13.894337842606388,10.782394134943546,43.140579588937385,14.606652931687462,0.5753131613547278,13.436837803823677,30.962354551676935,-0.0893213521051494,11.673176068665272,12.95103967071161,12.95103967071161,,,,,6.203253256747046,theta_star,12.95103967071161,0.0,12.95103967071161,0.0,12.95103967071161,1.7611435570030975,7.920755406757527,5.0302842639540835,54.0,0.815,3.95,0.3333333333333333,True,4.65,4.6875,top70,-0.7000000000000002,4.960284263954083,,0.0,0.0,0.0,-0.0,0.0,-0.0,0.0,0.0,0.0,0.0,0.0,0.0,0.0,0.0,-0.0,-0.0,-0.0,0.0,-0.0,0.0,0.0,0.0,0.0,0.0,0.0,0.0,0.0,-0.0,-0.0,0.0,0.0,0.0,0.0,-0.0,-0.0,-0.0,-0.0,0.0,terry mclaurin,,54.44,52.0,5.0,99.0,51.0
52,Carnell Tate,TEN,WR,76.1,38,78,26,69.62,59.24211636071694,59.24211636071694,0,0.0,,0.0,12.853924073475545,11.422710913543565,36.420213460414466,inf,1.0,12.853924073475545,21.61533196440794,0.065003711219415,,12.853924073475545,12.853924073475545,,,,,11.422710913543565,pi_market (market-anchored),12.853924073475545,0.0,12.853924073475545,0.0,12.853924073475545,2.3898442327423313,7.920755406757527,4.933168666718018,,,,,False,4.65,4.6875,top70,0.0,4.933168666718018,no NFL rows: full shrinkage to market,0.0,0.0,0.0,-0.0,0.0,-0.0,0.0,0.0,0.0,0.0,0.0,0.0,0.0,0.0,-0.0,-0.0,-0.0,0.0,-0.0,0.0,0.0,0.0,0.0,0.0,0.0,0.0,0.0,-0.0,-0.0,0.0,0.0,0.0,0.0,-0.0,-0.0,-0.0,-0.0,0.0,carnell tate,,72.86,64.0,5.0,99.0,52.0
53,David Montgomery,HOU,RB,58.2,24,57,4,75.84,69.67356531621753,69.67356531621753,7,105.0,12.337007432894415,2.953488372093023,10.925918745824406,11.74653700580229,39.64076972639763,13.42167793885904,0.5332788983394326,11.584503612394483,29.234770704996578,-0.0999935263415817,10.597213963280794,10.772505287594557,10.772505287594557,,,,,6.264180313757624,theta_star,10.772505287594557,0.2114989424810875,10.984004230075644,1.4,12.384004230075645,1.5829314974132802,7.4745791409013185,4.9094250891743245,54.0,0.833,5.925000000000001,0.3333333333333333,True,6.1125,6.1125,top70,-0.1874999999999991,4.890675089174325,,0.0,0.0,0.0,-0.0,0.0,-0.0,0.0,0.0,0.0,0.0,0.0,0.0,0.0,0.0,-0.0,-0.0,-0.0,0.211498942481089,-0.0,0.0,0.0,0.0,0.0,0.0,0.0,0.0,0.0,-0.0,-0.0,0.0,0.0,0.0,0.0,-0.0,-0.0,-0.0,-0.0,1.4,david montgomery,,67.02000000000001,62.0,5.0,3.0,53.0
54,Jadarian Price,SEA,RB,78.0,30,79,25,81.21,69.67356531621753,69.67356531621753,0,0.0,,0.0,10.925918745824406,13.882089022740637,35.36523585755328,inf,1.0,10.925918745824406,22.89664613278576,0.0709863059198488,,10.925918745824406,10.925918745824406,,,,,13.882089022740637,theta_star,10.925918745824406,0.0,10.925918745824406,1.4,12.325918745824406,2.634586212552233,7.4745791409013185,4.851339604923088,,,,,False,6.1125,6.1125,top70,0.0,4.851339604923088,no NFL rows: full shrinkage to market,0.0,0.0,0.0,-0.0,0.0,-0.0,0.0,0.0,0.0,0.0,0.0,0.0,0.0,0.0,-0.0,-0.0,-0.0,0.0,-0.0,0.0,0.0,0.0,0.0,0.0,0.0,0.0,0.0,-0.0,-0.0,0.0,0.0,0.0,0.0,-0.0,-0.0,-0.0,-0.0,1.4,jadarian price,,79.60499999999999,72.0,6.0,3.0,54.0
55,Trey McBride,ARI,TE,35.3,1,36,-19,19.49,21.077558739681457,21.077558739681457,4,,16.0616,2.6471,13.476185064935066,6.695175531217138,,10.571881591100038,0.612257289485432,14.47866085966199,,,,14.47866085966199,14.47866085966199,,,,,4.099170023372191,theta_star,14.47866085966199,0.0,14.47866085966199,0.0,14.47866085966199,1.4316371787873126,9.786079490785122,4.692581368876867,54.0,0.926,7.025,0.2592592592592592,True,6.5875,3.725,top70,0.4375,4.736331368876868,,0.0,0.0,0.0,-0.0,0.0,-0.0,0.0,0.0,0.0,0.0,0.0,0.0,0.0,0.0,-0.0,-0.0,-0.0,0.0,-0.0,0.0,0.0,0.0,0.0,0.0,0.0,0.0,0.0,-0.0,-0.0,0.0,0.0,0.0,0.0,-0.0,-0.0,-0.0,-0.0,0.0,trey mcbride,30.0,27.394999999999996,30.0,,99.0,55.0
56,Tony Pollard,TEN,RB,68.9,28,71,15,90.64,73.52284750866616,73.52284750866616,7,109.0,11.819531834538784,2.953488372093023,10.925918745824406,11.74653700580229,39.64076972639763,13.42167793885904,0.5332788983394326,11.342986831047485,29.3388090349076,-0.0999960735449725,10.270757911093408,10.620141359273898,10.620141359273898,,,,,6.264180313757624,theta_star,10.620141359273898,0.0,10.620141359273898,1.4,12.020141359273898,1.7697712159708137,7.4745791409013185,4.54556221837258,54.0,0.926,6.55,0.3333333333333333,True,6.1125,6.1125,top70,0.4375,4.58931221837258,,0.0,0.0,0.0,-0.0,0.0,-0.0,0.0,0.0,0.0,0.0,0.0,0.0,0.0,0.0,-0.0,-0.0,-0.0,0.0,-0.0,0.0,0.0,0.0,0.0,0.0,0.0,0.0,0.0,-0.0,-0.0,0.0,0.0,0.0,0.0,-0.0,-0.0,-0.0,-0.0,1.4,tony pollard,,79.77000000000001,73.0,6.0,4.0,56.0
57,Michael Pittman Jr.,PIT,WR,74.8,36,76,19,91.18,73.52284750866616,73.52284750866616,6,94.0,12.114161220043574,2.9076923076923076,12.43820922971078,10.782394134943546,43.140579588937385,14.836707266036669,0.579126763028035,12.30182609494782,28.90622861054073,-0.0539073562501046,11.54081931988442,12.060521833536182,12.060521833536182,,,,,6.244373013062324,pi_market (market-anchored),12.43820922971078,0.0,12.43820922971078,0.0,12.43820922971078,1.766970997648564,7.920755406757527,4.517453822953254,54.0,0.907,4.65,0.3518518518518518,True,4.65,4.6875,top70,0.0,4.517453822953254,,0.0,0.0,0.0,-0.0,0.0,-0.0,0.0,0.0,0.0,0.0,0.0,0.0,0.0,0.0,-0.0,-0.0,-0.0,0.0,-0.0,0.0,0.0,0.0,0.0,0.0,0.0,0.0,0.0,-0.0,-0.0,0.0,0.0,0.0,0.0,-0.0,-0.0,-0.0,-0.0,0.0,michael pittman,,82.99000000000001,78.0,5.0,99.0,57.0
58,Lamar Jackson,BAL,QB,52.8,3,54,-4,39.28,33.76254598473099,33.76254598473099,8,,19.9063,2.9767,19.516798543728473,8.540768288565792,,16.093224653007262,0.653293385736417,19.65184127488311,,,,19.65184127488311,19.65184127488311,,,,,5.579627432027371,theta_star,19.65184127488311,0.0,19.65184127488311,0.0,19.65184127488311,1.670273545265471,15.166228061514008,4.4856132133691045,54.0,0.852,10.125,0.2407407407407407,True,10.125,10.6175,top70,0.0,4.4856132133691045,,0.0,0.0,0.0,-0.0,0.0,-0.0,0.0,0.0,0.0,0.0,0.0,0.0,0.0,0.0,-0.0,-0.0,-0.0,0.0,-0.0,0.0,0.0,0.0,0.0,0.0,0.0,0.0,0.0,-0.0,-0.0,0.0,0.0,0.0,0.0,-0.0,-0.0,-0.0,-0.0,0.0,lamar jackson,,46.04,46.0,,99.0,58.0
59,Jameson Williams,DET,WR,44.2,22,44,-15,67.3,59.24211636071694,59.24211636071694,4,43.0,12.649264069264069,2.6470588235294117,12.853924073475545,10.782394134943546,43.140579588937385,16.297552289154122,0.6018310388772187,12.772434812215277,25.43463381245722,0.0161615714289195,12.683909114749795,12.786229393984382,12.786229393984382,,,,,6.489179463816703,theta_star,12.786229393984382,0.0,12.786229393984382,0.0,12.786229393984382,1.8012744743398634,7.920755406757527,4.865473987226855,54.0,0.815,0.45,0.4629629629629629,True,4.65,4.6875,top70,-4.2,4.445473987226855,,0.0,0.0,0.0,-0.0,0.0,-0.0,0.0,0.0,0.0,0.0,0.0,0.0,0.0,0.0,-0.0,-0.0,-0.0,0.0,-0.0,0.0,0.0,0.0,0.0,0.0,0.0,0.0,0.0,-0.0,-0.0,0.0,0.0,0.0,0.0,-0.0,-0.0,-0.0,-0.0,0.0,jameson williams,37.0,55.75,37.0,5.0,99.0,59.0
60,Drake Maye,NE,QB,49.6,2,50,-10,47.91,49.702296406664395,49.702296406664395,2,,18.7229,1.8,19.516798543728473,8.540768288565792,,26.61372323589262,0.7570504388429674,19.32392124092643,,,,19.32392124092643,19.32392124092643,,,,,6.465792380914832,theta_star,19.32392124092643,-3.552713678800501e-15,19.323921240926428,0.0,19.323921240926428,1.7980256367631178,15.166228061514008,4.157693179412421,36.0,0.833,11.11,0.2222222222222222,True,10.125,10.6175,top70,0.9849999999999994,4.256193179412421,,0.0,0.0,0.0,-0.0,0.0,-0.0,0.0,0.0,0.0,0.0,0.0,0.0,0.0,0.0,-0.0,-0.0,-0.0,0.0,-0.0,0.0,0.0,0.0,0.0,0.0,0.0,0.0,0.0,-0.0,-0.0,0.0,0.0,0.0,0.0,-0.0,-0.0,-0.0,-0.0,0.0,drake maye,,48.754999999999995,47.0,,99.0,60.0
61,Mike Evans,SF,WR,53.7,27,55,-6,97.31,79.10274419252515,79.10274419252515,12,175.0,13.662406955944771,2.9985355137905785,12.30481024102512,10.782394134943546,43.140579588937385,14.387216489692834,0.5716106102813692,12.886390269213567,33.02943189596167,-0.1473312182120288,11.666695990657187,12.03144886673924,12.03144886673924,,,,,6.163330891769335,theta_star,12.03144886673924,0.584275566630378,12.61572443336962,0.0,12.61572443336962,1.2413028328906424,7.920755406757527,4.6949690266120925,54.0,0.722,0.0,0.4259259259259259,True,4.65,4.6875,top70,-4.65,4.229969026612093,,0.0,0.0,0.0,-0.0,0.0,-0.0,0.0,0.0,0.0,0.0,0.0,0.0,0.0,0.0,-0.0,-0.0,-0.0,0.0,-0.0,0.0,0.0,0.0,0.0,0.0,0.0,0.0,0.0,-0.0,-0.0,0.0,0.0,0.0,0.5842755666303788,-0.0,-0.0,-0.0,-0.0,0.0,mike evans,,75.505,66.0,5.0,99.0,61.0
62,Bhayshul Tuten,JAX,RB,52.7,23,53,-9,79.78,69.67356531621753,69.67356531621753,1,15.0,5.906666666666666,1.0,10.925918745824406,15.4867051194987,43.81668066802514,43.81668066802514,0.7388563078845868,9.615172726215189,24.54483230663929,0.0106230347549854,8.395826588247687,10.265201138402569,10.265201138402569,,,,,11.442449765890135,theta_star,10.265201138402569,0.0,10.265201138402569,1.4,11.66520113840257,2.391908209556769,7.4745791409013185,4.190621997501251,18.0,0.833,1.25,0.6111111111111112,False,6.1125,6.1125,top70,0.0,4.190621997501251,single season,0.0,0.0,0.0,-0.0,0.0,-0.0,0.0,0.0,0.0,0.0,0.0,0.0,0.0,0.0,-0.0,-0.0,-0.0,0.0,-0.0,0.0,0.0,0.0,0.0,0.0,0.0,0.0,0.0,-0.0,-0.0,0.0,0.0,0.0,0.0,-0.0,-0.0,-0.0,-0.0,1.4,bhayshul tuten,,66.24000000000001,60.0,6.0,5.0,62.0
63,Marvin Harrison Jr.,ARI,WR,65.9,34,68,5,92.05,79.10274419252515,79.10274419252515,2,28.0,11.598395721925137,1.8,12.30481024102512,10.782394134943546,43.140579588937385,23.96698866052077,0.6897097655400394,12.085616714267664,24.057494866529773,0.0627965107445783,12.418250566436772,12.340009666194316,12.340009666194316,,,,,7.436722530772208,pi_market (market-anchored),12.30481024102512,0.0,12.30481024102512,0.0,12.30481024102512,1.9283052832438392,7.920755406757527,4.3840548342675945,36.0,0.806,1.0499999999999998,0.5833333333333334,True,4.65,4.6875,top70,-3.6000000000000005,4.024054834267594,,0.0,0.0,0.0,-0.0,0.0,-0.0,0.0,0.0,0.0,0.0,0.0,0.0,0.0,0.0,-0.0,-0.0,-0.0,0.0,-0.0,0.0,0.0,0.0,0.0,0.0,0.0,0.0,0.0,-0.0,-0.0,0.0,0.0,0.0,0.0,-0.0,-0.0,-0.0,-0.0,0.0,marvin harrison,,78.975,70.0,5.0,99.0,63.0
64,Courtland Sutton,DEN,WR,60.2,30,61,-3,85.87,73.52284750866616,73.52284750866616,8,112.0,13.1324141950898,2.9766536964980546,12.43820922971078,10.782394134943546,43.140579588937385,14.492979025303148,0.5734031673209011,12.734354869171574,30.89390828199863,-0.0878168940387657,11.919387209377948,12.216881399112625,12.216881399112625,,,,,6.182658948278936,theta_star,12.216881399112625,-0.4084406995563121,11.80844069955631,0.0,11.80844069955631,1.24324765717444,7.920755406757527,3.887685292798784,54.0,0.907,6.0,0.2777777777777778,True,4.65,4.6875,top70,1.3499999999999996,4.0226852927987835,,0.0,0.0,0.0,-0.0,0.0,-0.0,0.0,0.0,0.0,0.0,0.0,0.0,0.0,0.0,-0.0,-0.0,-0.0,0.0,-0.4084406995563112,0.0,0.0,0.0,0.0,0.0,0.0,0.0,0.0,-0.0,-0.0,0.0,0.0,0.0,0.0,-0.0,-0.0,-0.0,-0.0,0.0,courtland sutton,,73.035,65.0,5.0,99.0,64.0
65,Quentin Johnston,LAC,WR,95.4,45,96,31,144.43,119.44739385910852,119.44739385910852,3,45.0,11.642809739280327,2.3333333333333335,10.169649826735766,10.782394134943546,43.140579588937385,18.48881982383031,0.6316382999991158,10.712305516493837,24.985626283367555,0.0352413375037847,12.15463925476624,10.900843906928854,10.900843906928854,,,,,6.810573101316178,pi_market (market-anchored),10.169649826735766,2.015175086632116,12.184824913367882,0.0,12.184824913367882,1.3048537371403144,7.920755406757527,4.264069506610355,54.0,0.833,1.85,0.5555555555555556,True,4.65,4.6875,top70,-2.8000000000000007,3.9840695066103544,,0.0,0.0,0.0,-0.0,0.0,-0.0,0.0,0.0,0.0,0.0,0.0,0.0,0.0,0.0,-0.0,-0.0,-0.0,0.0,-0.0,0.0,0.0,0.0,2.0151750866321168,0.0,0.0,0.0,0.0,-0.0,-0.0,0.0,0.0,0.0,0.0,-0.0,-0.0,-0.0,-0.0,0.0,quentin johnston,,119.915,114.0,5.0,99.0,65.0
66,Alec Pierce,IND,WR,64.5,31,64,-2,97.81,79.10274419252515,79.10274419252515,4,61.0,10.748392857142855,2.6470588235294117,12.30481024102512,10.782394134943546,43.140579588937385,16.297552289154122,0.6018310388772187,11.685093148211283,26.33264887063655,-0.0245348180647417,10.859990895629178,11.72952802325872,11.72952802325872,,,,,6.489179463816703,pi_market (market-anchored),12.30481024102512,-0.1989620482050238,12.105848192820098,0.0,12.105848192820098,1.611108868303654,7.920755406757527,4.185092786062571,54.0,0.889,2.025,0.6111111111111112,True,4.65,4.6875,top70,-2.6250000000000004,3.9225927860625704,,0.0,0.0,0.0,-0.0,0.0,-0.0,0.0,0.0,0.0,0.0,0.0,0.0,0.0,0.0,-0.1989620482050242,-0.0,-0.0,0.0,-0.0,0.0,0.0,0.0,0.0,0.0,0.0,0.0,0.0,-0.0,-0.0,0.0,0.0,0.0,0.0,-0.0,-0.0,-0.0,-0.0,0.0,alec pierce,,81.155,75.0,5.0,99.0,66.0
67,Jaylen Warren,PIT,RB,58.4,25,58,-9,104.7,88.557584133917,88.557584133917,4,63.0,11.389503267973856,2.6470588235294117,9.4762971493062,11.74653700580229,39.64076972639763,14.975401896639104,0.5604159919425199,10.317311963190225,27.83299110198494,-0.0882138062059325,10.197061547929938,9.79313365251836,9.79313365251836,,,,,6.582947187996207,theta_star,9.79313365251836,0.0,9.79313365251836,1.4,11.19313365251836,1.814241878581272,7.4745791409013185,3.718554511617042,54.0,0.889,6.9,0.3518518518518518,True,6.1125,6.1125,top70,0.7875000000000005,3.797304511617042,,0.0,0.0,0.0,-0.0,0.0,-0.0,0.0,0.0,0.0,0.0,0.0,0.0,0.0,0.0,-0.0,-0.0,-0.0,0.0,-0.0,0.0,0.0,0.0,0.0,0.0,0.0,0.0,0.0,-0.0,-0.0,0.0,0.0,0.0,0.0,-0.0,-0.0,-0.0,-0.0,1.4,jaylen warren,,81.55,77.0,6.0,6.0,67.0
68,Brock Bowers,LV,TE,40.7,2,42,-26,23.73,21.905821305289543,21.905821305289543,2,,14.9399,1.8,12.894331232492998,6.695175531217138,,15.547126533222729,0.698989092414084,13.510069743729684,,,,13.510069743729684,13.510069743729684,,,,,4.679854668118451,theta_star,13.510069743729684,0.0,13.510069743729684,0.0,13.510069743729684,1.52968210228767,9.786079490785122,3.723990252944562,36.0,0.806,6.15,0.3333333333333333,True,6.5875,3.725,top70,-0.4375,3.6802402529445617,,0.0,0.0,0.0,-0.0,0.0,-0.0,0.0,0.0,0.0,0.0,0.0,0.0,0.0,0.0,-0.0,-0.0,-0.0,0.0,-0.0,0.0,0.0,0.0,0.0,0.0,0.0,0.0,0.0,-0.0,-0.0,0.0,0.0,0.0,0.0,-0.0,-0.0,-0.0,-0.0,0.0,brock bowers,18.0,32.215,18.0,,99.0,68.0
69,Jalen Hurts,PHI,QB,74.6,7,74,5,53.68,51.063132301542794,51.063132301542794,6,,20.439,2.9077,17.634423450195044,8.540768288565792,,16.47511841820226,0.6585862260778834,18.591944514317422,,,,18.591944514317422,18.591944514317422,,,,,5.624832354972209,theta_star,18.591944514317422,0.0,18.591944514317422,0.0,18.591944514317422,1.6770259918934185,15.166228061514008,3.4257164528034156,54.0,0.889,12.14,0.1666666666666666,True,10.125,10.6175,top70,2.015000000000001,3.627216452803416,,0.0,0.0,0.0,-0.0,0.0,-0.0,0.0,0.0,0.0,0.0,0.0,0.0,0.0,0.0,-0.0,-0.0,-0.0,0.0,-0.0,0.0,0.0,0.0,0.0,0.0,0.0,0.0,0.0,-0.0,-0.0,0.0,0.0,0.0,0.0,-0.0,-0.0,-0.0,-0.0,0.0,jalen hurts,,64.14,59.0,,99.0,69.0
70,Patrick Mahomes,KC,QB,96.2,11,97,27,108.91,95.29858764645076,95.29858764645076,9,,19.7244,2.9883,17.634423450195044,8.540768288565792,,16.0307538816741,0.6524119169584841,18.36087439274347,,,,18.36087439274347,18.36087439274347,,,,,5.5720990114414395,theta_star,18.36087439274347,0.0,18.36087439274347,0.0,18.36087439274347,1.6691463404149798,15.166228061514008,3.194646331229462,54.0,0.852,12.955,0.1851851851851851,True,10.125,10.6175,top70,2.83,3.477646331229462,,0.0,0.0,0.0,-0.0,0.0,-0.0,0.0,0.0,0.0,0.0,0.0,0.0,0.0,0.0,-0.0,-0.0,-0.0,0.0,-0.0,0.0,0.0,0.0,0.0,0.0,0.0,0.0,0.0,-0.0,-0.0,0.0,0.0,0.0,0.0,-0.0,-0.0,-0.0,-0.0,0.0,patrick mahomes,,102.555,92.0,,99.0,70.0
71,Rachaad White,WAS,RB,110.3,38,112,41,128.41,100.27302497070912,100.27302497070912,4,65.0,10.723812091503268,2.6470588235294117,9.4762971493062,11.74653700580229,39.64076972639763,14.975401896639104,0.5604159919425199,10.024684767708782,27.63586584531143,-0.0840267865608182,9.84736188544678,9.639411273267667,9.639411273267667,,,,,6.582947187996207,pi_market (market-anchored),9.4762971493062,0.0,9.4762971493062,1.4,10.8762971493062,1.814241878581272,7.4745791409013185,3.401718008404882,54.0,0.907,6.199999999999999,0.3333333333333333,True,6.1125,6.1125,top70,0.0874999999999994,3.410468008404882,,0.0,0.0,0.0,-0.0,0.0,-0.0,0.0,0.0,0.0,0.0,0.0,0.0,0.0,0.0,-0.0,-0.0,-0.0,0.0,-0.0,0.0,0.0,0.0,0.0,0.0,0.0,0.0,0.0,-0.0,-0.0,0.0,0.0,0.0,0.0,-0.0,-0.0,-0.0,-0.0,1.4,rachaad white,,119.35499999999999,113.0,6.0,7.0,71.0
72,RJ Harvey,DEN,RB,87.2,32,88,16,129.54,100.27302497070912,100.27302497070912,1,17.0,12.152941176470588,1.0,9.4762971493062,15.4867051194987,43.81668066802514,43.81668066802514,0.7388563078845868,10.175285853038575,25.571526351813823,-0.0229747295422899,11.772507951288189,10.07593811601107,10.07593811601107,,,,,11.442449765890135,pi_market (market-anchored),9.4762971493062,0.0,9.4762971493062,1.4,10.8762971493062,2.391908209556769,7.4745791409013185,3.401718008404882,18.0,0.944,4.949999999999999,0.5,False,6.1125,6.1125,top70,0.0,3.401718008404882,single season,0.0,0.0,0.0,-0.0,0.0,-0.0,0.0,0.0,0.0,0.0,0.0,0.0,0.0,0.0,-0.0,-0.0,-0.0,0.0,-0.0,0.0,0.0,0.0,0.0,0.0,0.0,0.0,0.0,-0.0,-0.0,0.0,0.0,0.0,0.0,-0.0,-0.0,-0.0,-0.0,1.4,rj harvey,,108.37,101.0,6.0,8.0,72.0
73,Rico Dowdle,PIT,RB,74.6,29,74,1,110.79,95.29858764645076,95.29858764645076,4,51.0,11.436893704850362,2.4156133828996285,9.4762971493062,11.74653700580229,39.64076972639763,16.4102293881209,0.582816547842744,10.29422558863574,28.21629021218343,-0.0945733236884882,10.120322387881023,9.744973821611246,9.744973821611246,,,,,6.846076146828733,theta_star,9.744973821611246,0.0,9.744973821611246,1.4,11.144973821611249,1.850145419531764,7.4745791409013185,3.670394680709928,54.0,0.907,3.2,0.4259259259259259,True,6.1125,6.1125,top70,-2.9124999999999996,3.379144680709929,,0.0,0.0,0.0,-0.0,0.0,-0.0,0.0,0.0,0.0,0.0,0.0,0.0,0.0,0.0,-0.0,-0.0,-0.0,0.0,-0.0,0.0,0.0,0.0,0.0,0.0,0.0,0.0,0.0,-0.0,-0.0,0.0,0.0,0.0,0.0,-0.0,-0.0,-0.0,-0.0,1.4,rico dowdle,,92.695,84.0,6.0,9.0,73.0
74,Rhamondre Stevenson,NE,RB,67.8,27,70,-4,112.39,95.29858764645076,95.29858764645076,5,70.0,12.438830306316074,2.8181818181818183,9.4762971493062,11.74653700580229,39.64076972639763,14.06607958033464,0.5449304038355045,10.824455916690612,28.520191649555095,-0.0977623054607625,10.698853421542044,10.032645338400936,10.032645338400936,,,,,6.40104515424054,theta_star,10.032645338400936,0.0,10.032645338400936,1.4,11.432645338400937,1.7890004407825812,7.4745791409013185,3.958066197499618,54.0,0.759,0.15,0.5185185185185185,True,6.1125,6.1125,top70,-5.9624999999999995,3.361816197499618,,0.0,0.0,0.0,-0.0,0.0,-0.0,0.0,0.0,0.0,0.0,0.0,0.0,0.0,0.0,-0.0,-0.0,-0.0,0.0,-0.0,0.0,0.0,0.0,0.0,0.0,0.0,0.0,0.0,-0.0,-0.0,0.0,0.0,0.0,0.0,-0.0,-0.0,-0.0,-0.0,1.4,rhamondre stevenson,,90.095,82.0,6.0,10.0,74.0
75,Chuba Hubbard,CAR,RB,78.8,31,81,6,115.02,100.27302497070912,100.27302497070912,5,74.0,10.658356621240872,2.8181818181818183,9.4762971493062,11.74653700580229,39.64076972639763,14.06607958033464,0.5449304038355045,10.014216475841929,27.225188227241617,-0.0735180972631073,9.982276500325009,9.7065529682419,9.7065529682419,,,,,6.40104515424054,pi_market (market-anchored),9.4762971493062,0.0,9.4762971493062,1.4,10.8762971493062,1.7890004407825812,7.4745791409013185,3.401718008404882,54.0,0.87,3.725,0.4074074074074074,True,6.1125,6.1125,top70,-2.3874999999999997,3.162968008404882,,0.0,0.0,0.0,-0.0,0.0,-0.0,0.0,0.0,0.0,0.0,0.0,0.0,0.0,0.0,-0.0,-0.0,-0.0,0.0,-0.0,0.0,0.0,0.0,0.0,0.0,0.0,0.0,0.0,-0.0,-0.0,0.0,0.0,0.0,0.0,-0.0,-0.0,-0.0,-0.0,1.4,chuba hubbard,,96.91,88.0,6.0,11.0,75.0
76,Jordyn Tyson,NO,WR,126.9,57,125,49,98.52,88.557584133917,88.557584133917,0,0.0,,0.0,11.063778356464836,11.422710913543565,36.420213460414466,inf,1.0,11.063778356464836,22.05338809034908,0.1016580724100675,,11.063778356464836,11.063778356464836,,,,,11.422710913543565,pi_market (market-anchored),11.063778356464836,0.0,11.063778356464836,0.0,11.063778356464836,2.3898442327423313,7.920755406757527,3.143022949707309,,,,,False,4.65,4.6875,top70,0.0,3.143022949707309,no NFL rows: full shrinkage to market,0.0,0.0,0.0,-0.0,0.0,-0.0,0.0,0.0,0.0,0.0,0.0,0.0,0.0,0.0,-0.0,-0.0,-0.0,0.0,-0.0,0.0,0.0,0.0,0.0,0.0,0.0,0.0,0.0,-0.0,-0.0,0.0,0.0,0.0,0.0,-0.0,-0.0,-0.0,-0.0,0.0,jordyn tyson,,112.71000000000001,105.0,5.0,99.0,76.0
77,Jakobi Meyers,JAX,WR,88.2,42,90,13,117.42,100.27302497070912,100.27302497070912,7,97.0,12.445239356444082,2.953488372093023,10.82380934425052,10.782394134943546,43.140579588937385,14.606652931687462,0.5753131613547278,11.512409330213568,29.809719370294317,-0.0662678825391049,11.64956612403304,11.17449738054626,11.17449738054626,,,,,6.203253256747046,pi_market (market-anchored),10.82380934425052,0.0,10.82380934425052,0.0,10.82380934425052,1.7611435570030975,7.920755406757527,2.9030539374929933,54.0,0.87,7.025,0.3703703703703703,True,4.65,4.6875,top70,2.375,3.140553937492993,,0.0,0.0,0.0,-0.0,0.0,-0.0,0.0,0.0,0.0,0.0,0.0,0.0,0.0,0.0,-0.0,-0.0,-0.0,0.0,-0.0,0.0,0.0,0.0,0.0,0.0,0.0,0.0,0.0,-0.0,-0.0,0.0,0.0,0.0,0.0,-0.0,-0.0,-0.0,-0.0,0.0,jakobi meyers,,102.81,93.0,5.0,99.0,77.0
78,Jaxson Dart,NYG,QB,104.3,12,104,26,75.7,69.67356531621753,69.67356531621753,1,,20.1317,1.0,17.634423450195044,17.020112734744988,,49.5820100337899,0.744450896949701,18.272600232566244,,,,18.272600232566244,18.272600232566244,,,,,12.670638191565931,theta_star,18.272600232566244,0.0,18.272600232566244,0.0,18.272600232566244,2.517005978495674,15.166228061514008,3.1063721710522376,18.0,0.778,0.005,0.3888888888888889,False,10.125,10.6175,top70,0.0,3.1063721710522376,single season: n_eff = 1,0.0,0.0,0.0,-0.0,0.0,-0.0,0.0,0.0,0.0,0.0,0.0,0.0,0.0,0.0,-0.0,-0.0,-0.0,0.0,-0.0,0.0,0.0,0.0,0.0,0.0,0.0,0.0,0.0,-0.0,-0.0,0.0,0.0,0.0,0.0,-0.0,-0.0,-0.0,-0.0,0.0,jaxson dart,,90.0,81.0,,99.0,78.0
79,Dak Prescott,DAL,QB,67.3,5,69,-10,87.96,73.52284750866616,73.52284750866616,10,,17.7767,2.9941,19.516798543728473,8.540768288565792,,15.999700018238109,0.6519720739722866,18.91119565647081,,,,18.91119565647081,18.91119565647081,,,,,5.568342414412976,theta_star,18.91119565647081,3.552713678800501e-15,18.911195656470813,0.0,18.911195656470813,1.6685835931131794,15.166228061514008,3.7449675949568064,54.0,0.778,3.495,0.3518518518518518,True,10.125,10.6175,top70,-6.63,3.081967594956806,,0.0,0.0,0.0,-0.0,0.0,-0.0,0.0,0.0,0.0,0.0,0.0,0.0,0.0,0.0,-0.0,-0.0,-0.0,0.0,-0.0,0.0,0.0,0.0,0.0,0.0,0.0,0.0,0.0,-0.0,-0.0,0.0,0.0,0.0,0.0,-0.0,-0.0,-0.0,-0.0,0.0,dak prescott,,77.63,69.0,,99.0,79.0
80,Brian Thomas Jr.,JAX,WR,72.2,35,73,-7,106.17,95.29858764645076,95.29858764645076,2,31.0,12.178151260504205,1.8,10.82380934425052,10.782394134943546,43.140579588937385,23.96698866052077,0.6897097655400394,11.244048414983828,23.89869952087611,0.0663770830781371,12.879661960261334,11.46172033448764,11.46172033448764,,,,,7.436722530772208,pi_market (market-anchored),10.82380934425052,0.0,10.82380934425052,0.0,10.82380934425052,1.9283052832438392,7.920755406757527,2.9030539374929933,36.0,0.861,6.0,0.3888888888888889,True,4.65,4.6875,top70,1.3499999999999996,3.038053937492993,,0.0,0.0,0.0,-0.0,0.0,-0.0,0.0,0.0,0.0,0.0,0.0,0.0,0.0,0.0,-0.0,-0.0,-0.0,0.0,-0.0,0.0,0.0,0.0,0.0,0.0,0.0,0.0,0.0,-0.0,-0.0,0.0,0.0,0.0,0.0,-0.0,-0.0,-0.0,-0.0,0.0,brian thomas,,89.185,80.0,5.0,99.0,80.0
81,Kenny Gainwell,TB,RB,91.6,34,94,13,123.26,100.27302497070912,100.27302497070912,5,77.0,9.188789714396924,2.8181818181818183,9.4762971493062,11.74653700580229,39.64076972639763,14.06607958033464,0.5449304038355045,9.345461257007749,27.468856947296377,-0.0800285041379807,8.94614072765534,9.23503908060153,9.23503908060153,,,,,6.40104515424054,pi_market (market-anchored),9.4762971493062,0.0,9.4762971493062,1.4,10.8762971493062,1.7890004407825812,7.4745791409013185,3.401718008404882,54.0,0.926,2.3,0.7222222222222222,True,6.1125,6.1125,top70,-3.8125,3.020468008404882,,0.0,0.0,0.0,-0.0,0.0,-0.0,0.0,0.0,0.0,0.0,0.0,0.0,0.0,0.0,-0.0,-0.0,-0.0,0.0,-0.0,0.0,0.0,0.0,0.0,0.0,0.0,0.0,0.0,-0.0,-0.0,0.0,0.0,0.0,0.0,-0.0,-0.0,-0.0,-0.0,1.4,kenny gainwell,,107.43,99.0,6.0,12.0,81.0
82,Josh Downs,IND,WR,84.8,40,86,4,123.45,100.27302497070912,100.27302497070912,3,46.0,10.072576530612244,2.3333333333333335,10.82380934425052,10.782394134943546,43.140579588937385,18.48881982383031,0.6316382999991158,10.547083947922278,25.05407255304586,0.032594147442213,10.980675169503934,10.88159270631291,10.88159270631291,,,,,6.810573101316178,pi_market (market-anchored),10.82380934425052,0.0,10.82380934425052,0.0,10.82380934425052,1.84534185197705,7.920755406757527,2.9030539374929933,54.0,0.87,4.9750000000000005,0.5555555555555556,True,4.65,4.6875,top70,0.3250000000000002,2.9355539374929935,,0.0,0.0,0.0,-0.0,0.0,-0.0,0.0,0.0,0.0,0.0,0.0,0.0,0.0,0.0,-0.0,-0.0,-0.0,0.0,-0.0,0.0,0.0,0.0,0.0,0.0,0.0,0.0,0.0,-0.0,-0.0,0.0,0.0,0.0,0.0,-0.0,-0.0,-0.0,-0.0,0.0,josh downs,,104.125,95.0,5.0,99.0,82.0
83,Wan'Dale Robinson,TEN,WR,85.9,41,87,4,117.66,100.27302497070912,100.27302497070912,4,52.0,12.04959663865546,2.6470588235294117,10.82380934425052,10.782394134943546,43.140579588937385,16.297552289154122,0.6018310388772187,11.31187979782124,25.65366187542779,0.0057569197190454,12.134663535180824,11.345750795636684,11.345750795636684,,,,,6.489179463816703,pi_market (market-anchored),10.82380934425052,0.0,10.82380934425052,0.0,10.82380934425052,1.8012744743398634,7.920755406757527,2.9030539374929933,54.0,0.889,4.75,0.4444444444444444,True,4.65,4.6875,top70,0.0999999999999996,2.913053937492993,,0.0,0.0,0.0,-0.0,0.0,-0.0,0.0,0.0,0.0,0.0,0.0,0.0,0.0,0.0,-0.0,-0.0,-0.0,0.0,-0.0,0.0,0.0,0.0,0.0,0.0,0.0,0.0,0.0,-0.0,-0.0,0.0,0.0,0.0,0.0,-0.0,-0.0,-0.0,-0.0,0.0,wandale robinson,,101.78,91.0,5.0,99.0,83.0
84,Joe Burrow,CIN,QB,57.8,4,56,-28,60.01,51.063132301542794,51.063132301542794,6,,18.2664,2.9077,19.516798543728473,8.540768288565792,,16.47511841820226,0.6585862260778834,19.089895258007417,,,,19.089895258007417,19.089895258007417,,,,,5.624832354972209,theta_star,19.089895258007417,0.0,19.089895258007417,0.0,19.089895258007417,1.6770259918934185,15.166228061514008,3.92366719649341,54.0,0.648,0.0,0.4259259259259259,True,10.125,10.6175,top70,-10.125,2.91116719649341,,0.0,0.0,0.0,-0.0,0.0,-0.0,0.0,0.0,0.0,0.0,0.0,0.0,0.0,0.0,-0.0,-0.0,-0.0,0.0,-0.0,0.0,0.0,0.0,0.0,0.0,0.0,0.0,0.0,-0.0,-0.0,0.0,0.0,0.0,0.0,-0.0,-0.0,-0.0,-0.0,0.0,joe burrow,,58.905,54.0,,99.0,84.0
85,Travis Hunter,JAX,WR,167.6,85,198,113,117.02,100.27302497070912,100.27302497070912,0,0.0,,0.0,10.82380934425052,11.422710913543565,36.420213460414466,inf,1.0,10.82380934425052,,,,10.82380934425052,10.82380934425052,,,,,11.422710913543565,pi_market (market-anchored),10.82380934425052,0.0,10.82380934425052,0.0,10.82380934425052,2.3898442327423313,7.920755406757527,2.9030539374929933,18.0,0.389,0.0,0.8333333333333334,False,4.65,4.6875,top70,0.0,2.9030539374929933,no NFL rows: full shrinkage to market,0.0,0.0,0.0,-0.0,0.0,-0.0,0.0,0.0,0.0,0.0,0.0,0.0,0.0,0.0,-0.0,-0.0,-0.0,0.0,-0.0,0.0,0.0,0.0,0.0,0.0,0.0,0.0,0.0,-0.0,-0.0,0.0,0.0,0.0,0.0,-0.0,-0.0,-0.0,-0.0,0.0,travis hunter,,142.31,131.0,5.0,99.0,85.0
86,Makai Lemon,PHI,WR,115.9,53,116,30,117.84,100.27302497070912,100.27302497070912,0,0.0,,0.0,10.82380934425052,11.422710913543565,36.420213460414466,inf,1.0,10.82380934425052,22.247775496235455,0.0984292146361083,,10.82380934425052,10.82380934425052,,,,,11.422710913543565,pi_market (market-anchored),10.82380934425052,0.0,10.82380934425052,0.0,10.82380934425052,2.3898442327423313,7.920755406757527,2.9030539374929933,,,,,False,4.65,4.6875,top70,0.0,2.9030539374929933,no NFL rows: full shrinkage to market,0.0,0.0,0.0,-0.0,0.0,-0.0,0.0,0.0,0.0,0.0,0.0,0.0,0.0,0.0,-0.0,-0.0,-0.0,0.0,-0.0,0.0,0.0,0.0,0.0,0.0,0.0,0.0,0.0,-0.0,-0.0,0.0,0.0,0.0,0.0,-0.0,-0.0,-0.0,-0.0,0.0,makai lemon,,116.87,110.0,5.0,99.0,85.0
87,Matthew Golden,GB,WR,106.0,49,107,20,107.19,95.29858764645076,95.29858764645076,1,12.0,5.8,1.0,10.82380934425052,9.389576648040723,39.731751511831725,39.731751511831725,0.8088492921551105,9.863504632019264,23.085557837097877,0.0831131264133162,8.406419967133779,10.361723653677938,10.361723653677938,,,,,7.594752425403894,pi_market (market-anchored),10.82380934425052,0.0,10.82380934425052,0.0,10.82380934425052,1.9486857655101677,7.920755406757527,2.9030539374929933,18.0,0.778,0.1,0.7777777777777778,False,4.65,4.6875,top70,0.0,2.9030539374929933,single season,0.0,0.0,0.0,-0.0,0.0,-0.0,0.0,0.0,0.0,0.0,0.0,0.0,0.0,0.0,-0.0,-0.0,-0.0,0.0,-0.0,0.0,0.0,0.0,0.0,0.0,0.0,0.0,0.0,-0.0,-0.0,0.0,0.0,0.0,0.0,-0.0,-0.0,-0.0,-0.0,0.0,matthew golden,,106.595,98.0,5.0,99.0,85.0
88,Jordan Addison,MIN,WR,97.5,47,99,11,123.58,100.27302497070912,100.27302497070912,3,43.0,11.861607142857142,2.3333333333333335,10.82380934425052,10.782394134943546,43.140579588937385,18.48881982383031,0.6316382999991158,11.20609430560243,24.594113620807665,0.0486335465158371,12.458124052588811,11.425828288550465,11.425828288550465,,,,,6.810573101316178,pi_market (market-anchored),10.82380934425052,0.0,10.82380934425052,0.0,10.82380934425052,1.84534185197705,7.920755406757527,2.9030539374929933,54.0,0.852,4.3,0.4074074074074074,True,4.65,4.6875,top70,-0.3500000000000005,2.868053937492993,,0.0,0.0,0.0,-0.0,0.0,-0.0,0.0,0.0,0.0,0.0,0.0,0.0,0.0,0.0,-0.0,-0.0,-0.0,0.0,-0.0,0.0,0.0,0.0,0.0,0.0,0.0,0.0,0.0,-0.0,-0.0,0.0,0.0,0.0,0.0,-0.0,-0.0,-0.0,-0.0,0.0,jordan addison,,110.53999999999999,104.0,5.0,99.0,88.0
89,Christian Watson,GB,WR,58.8,29,60,-29,102.0,88.557584133917,88.557584133917,4,42.0,11.954043771043771,2.6470588235294117,11.063778356464836,10.782394134943546,43.140579588937385,16.297552289154122,0.6018310388772187,11.418254411711274,27.307323750855577,-0.0459564897717899,11.509421906469855,11.241219785801402,11.241219785801402,,,,,6.489179463816703,theta_star,11.241219785801402,0.0,11.241219785801402,0.0,11.241219785801402,1.8012744743398634,7.920755406757527,3.320464379043875,54.0,0.611,0.0,0.6481481481481481,True,4.65,4.6875,top70,-4.65,2.855464379043875,,0.0,0.0,0.0,-0.0,0.0,-0.0,0.0,0.0,0.0,0.0,0.0,0.0,0.0,0.0,-0.0,-0.0,-0.0,0.0,-0.0,0.0,0.0,0.0,0.0,0.0,0.0,0.0,0.0,-0.0,-0.0,0.0,0.0,0.0,0.0,-0.0,-0.0,-0.0,-0.0,0.0,christian watson,,80.4,74.0,5.0,99.0,89.0
90,Aaron Jones Sr.,MIN,RB,102.1,36,103,13,123.48,100.27302497070912,100.27302497070912,9,123.0,11.96022389030332,2.9883040935672516,9.4762971493062,11.74653700580229,39.64076972639763,13.265306503354196,0.5303610067165963,10.642846003337812,31.74811772758385,-0.1007028005324428,10.34765374667612,9.885520184485864,9.885520184485864,,,,,6.229905191831054,pi_market (market-anchored),9.4762971493062,0.0,9.4762971493062,1.4,10.8762971493062,1.764922830017088,7.4745791409013185,3.401718008404882,54.0,0.741,0.575,0.4074074074074074,True,6.1125,6.1125,top70,-5.5375,2.847968008404882,,0.0,0.0,0.0,-0.0,0.0,-0.0,0.0,0.0,0.0,0.0,0.0,0.0,0.0,0.0,-0.0,-0.0,-0.0,0.0,-0.0,0.0,0.0,0.0,0.0,0.0,0.0,0.0,0.0,-0.0,-0.0,0.0,0.0,0.0,0.0,-0.0,-0.0,-0.0,-0.0,1.4,aaron jones sr,,112.78999999999999,106.0,7.0,99.0,90.0
91,Bo Nix,DEN,QB,119.7,16,119,28,91.22,79.10274419252515,79.10274419252515,2,,18.1741,1.8,17.614257741334594,8.540768288565792,,26.61372323589262,0.7570504388429674,17.750271172394516,,,,17.750271172394516,17.750271172394516,,,,,6.465792380914832,theta_star,17.750271172394516,0.0,17.750271172394516,0.0,17.750271172394516,1.7980256367631178,15.166228061514008,2.5840431108805095,36.0,0.944,12.49,0.1388888888888889,True,10.125,10.6175,top70,2.365,2.8205431108805095,,0.0,0.0,0.0,-0.0,0.0,-0.0,0.0,0.0,0.0,0.0,0.0,0.0,0.0,0.0,-0.0,-0.0,-0.0,0.0,-0.0,0.0,0.0,0.0,0.0,0.0,0.0,0.0,0.0,-0.0,-0.0,0.0,0.0,0.0,0.0,-0.0,-0.0,-0.0,-0.0,0.0,bo nix,,105.46000000000001,97.0,,99.0,91.0
92,J.K. Dobbins,DEN,RB,90.7,33,92,0,124.82,100.27302497070912,100.27302497070912,5,47.0,12.334014291719209,2.734019103600294,9.4762971493062,11.74653700580229,39.64076972639763,14.499082934057288,0.5524381960601865,10.755302188714296,27.707049965776864,-0.0856087226240839,10.836520653265492,10.085081234499556,10.085081234499556,,,,,6.489235713439642,pi_market (market-anchored),9.4762971493062,0.0,9.4762971493062,1.4,10.8762971493062,1.8012822812429543,7.4745791409013185,3.401718008404882,54.0,0.444,0.0,0.5925925925925926,True,6.1125,6.1125,top70,-6.1125,2.790468008404882,,0.0,0.0,0.0,-0.0,0.0,-0.0,0.0,0.0,0.0,0.0,0.0,0.0,0.0,0.0,-0.0,-0.0,-0.0,0.0,-0.0,0.0,0.0,0.0,0.0,0.0,0.0,0.0,0.0,-0.0,-0.0,0.0,0.0,0.0,0.0,-0.0,-0.0,-0.0,-0.0,1.4,jk dobbins,,107.75999999999999,100.0,7.0,99.0,92.0
93,Jonathon Brooks,CAR,RB,99.8,35,101,8,129.66,112.20000000000005,112.20000000000005,1,2.0,3.9,1.0,8.801446416016189,11.74653700580229,39.64076972639763,39.64076972639763,0.7714117015896892,7.681033120029732,23.11567419575633,0.0638549838260445,8.022618543944834,8.623415477984874,8.623415477984874,,,,,9.061416099432195,pi_market (market-anchored),8.801446416016189,0.0,8.801446416016189,1.4,10.20144641601619,2.128545994268411,7.4745791409013185,2.726867275114871,18.0,0.167,0.0,1.0,False,6.1125,6.1125,top70,0.0,2.726867275114871,single season,0.0,0.0,0.0,-0.0,0.0,-0.0,0.0,0.0,0.0,0.0,0.0,0.0,0.0,0.0,-0.0,-0.0,-0.0,0.0,-0.0,0.0,0.0,0.0,0.0,0.0,0.0,0.0,0.0,-0.0,-0.0,0.0,0.0,0.0,0.0,-0.0,-0.0,-0.0,-0.0,1.4,jonathon brooks,,114.72999999999999,108.0,7.0,99.0,93.0
94,Kyle Monangai,CHI,RB,110.2,37,111,17,133.34,119.44739385910852,119.44739385910852,1,16.0,9.0375,1.0,8.801446416016189,15.4867051194987,43.81668066802514,43.81668066802514,0.7388563078845868,8.863090320474797,24.238193018480494,0.022039728634871,10.562121585886434,9.261235630492038,9.261235630492038,,,,,11.442449765890135,pi_market (market-anchored),8.801446416016189,0.0,8.801446416016189,1.4,10.20144641601619,2.391908209556769,7.4745791409013185,2.726867275114871,18.0,0.944,3.075,0.5555555555555556,False,6.1125,6.1125,top70,0.0,2.726867275114871,single season,0.0,0.0,0.0,-0.0,0.0,-0.0,0.0,0.0,0.0,0.0,0.0,0.0,0.0,0.0,-0.0,-0.0,-0.0,0.0,-0.0,0.0,0.0,0.0,0.0,0.0,0.0,0.0,0.0,-0.0,-0.0,0.0,0.0,0.0,0.0,-0.0,-0.0,-0.0,-0.0,1.4,kyle monangai,,121.77000000000001,116.0,7.0,99.0,93.0
95,Jacory Croskey-Merritt,WAS,RB,116.6,39,117,22,142.15,119.44739385910852,119.44739385910852,1,17.0,8.25294117647059,1.0,8.801446416016189,15.4867051194987,43.81668066802514,43.81668066802514,0.7388563078845868,8.658207732616603,25.388090349075977,-0.0173218791323381,9.407248504562112,8.959647810110301,8.959647810110301,,,,,11.442449765890135,pi_market (market-anchored),8.801446416016189,0.0,8.801446416016189,1.4,10.20144641601619,2.391908209556769,7.4745791409013185,2.726867275114871,18.0,0.944,2.925,0.6666666666666666,False,6.1125,6.1125,top70,0.0,2.726867275114871,single season,0.0,0.0,0.0,-0.0,0.0,-0.0,0.0,0.0,0.0,0.0,0.0,0.0,0.0,0.0,-0.0,-0.0,-0.0,0.0,-0.0,0.0,0.0,0.0,0.0,0.0,0.0,0.0,0.0,-0.0,-0.0,0.0,0.0,0.0,0.0,-0.0,-0.0,-0.0,-0.0,1.4,jacory croskey-merritt,,129.375,120.0,7.0,99.0,93.0
96,Michael Wilson,ARI,WR,76.0,37,77,-19,106.29,95.29858764645076,95.29858764645076,3,45.0,11.0447963800905,2.3333333333333335,10.82380934425052,10.782394134943546,43.140579588937385,18.48881982383031,0.6316382999991158,10.905212504450692,26.521560574948666,-0.0310078276781142,11.006688529080009,10.891175031669086,10.891175031669086,,,,,6.810573101316178,pi_market (market-anchored),10.82380934425052,0.0,10.82380934425052,0.0,10.82380934425052,1.84534185197705,7.920755406757527,2.9030539374929933,54.0,0.852,2.575,0.5740740740740741,True,4.65,4.6875,top70,-2.075,2.6955539374929933,,0.0,0.0,0.0,-0.0,0.0,-0.0,0.0,0.0,0.0,0.0,0.0,0.0,0.0,0.0,-0.0,-0.0,-0.0,0.0,-0.0,0.0,0.0,0.0,0.0,0.0,0.0,0.0,0.0,-0.0,-0.0,0.0,0.0,0.0,0.0,-0.0,-0.0,-0.0,-0.0,0.0,michael wilson,,91.14500000000001,83.0,5.0,99.0,96.0
97,Parker Washington,JAX,WR,64.6,32,65,-32,102.64,88.557584133917,88.557584133917,3,29.0,10.881190476190474,2.3333333333333335,11.063778356464836,10.782394134943546,43.140579588937385,18.48881982383031,0.6316382999991158,10.996519974487413,24.449007529089663,0.0528683705547672,11.788376993748818,11.330692742313088,11.330692742313088,,,,,6.810573101316178,pi_market (market-anchored),11.063778356464836,0.0,11.063778356464836,0.0,11.063778356464836,1.84534185197705,7.920755406757527,3.143022949707309,54.0,0.704,0.0,0.6851851851851852,True,4.65,4.6875,top70,-4.65,2.6780229497073087,,0.0,0.0,0.0,-0.0,0.0,-0.0,0.0,0.0,0.0,0.0,0.0,0.0,0.0,0.0,-0.0,-0.0,-0.0,0.0,-0.0,0.0,0.0,0.0,0.0,0.0,0.0,0.0,0.0,-0.0,-0.0,0.0,0.0,0.0,0.0,-0.0,-0.0,-0.0,-0.0,0.0,parker washington,,83.62,79.0,5.0,99.0,97.0
98,Jared Goff,DET,QB,105.4,13,106,8,139.68,119.44739385910852,119.44739385910852,10,,17.6182,2.9941,17.634423450195044,8.540768288565792,,15.999700018238109,0.6519720739722866,17.628777236470647,,,,17.628777236470647,17.628777236470647,,,,,5.568342414412976,theta_star,17.628777236470647,0.0,17.628777236470647,0.0,17.628777236470647,1.6685835931131794,15.166228061514008,2.4625491749566404,54.0,0.944,11.02,0.1111111111111111,True,10.125,10.6175,top70,0.8949999999999996,2.5520491749566405,,0.0,0.0,0.0,-0.0,0.0,-0.0,0.0,0.0,0.0,0.0,0.0,0.0,0.0,0.0,-0.0,-0.0,-0.0,0.0,-0.0,0.0,0.0,0.0,0.0,0.0,0.0,0.0,0.0,-0.0,-0.0,0.0,0.0,0.0,0.0,-0.0,-0.0,-0.0,-0.0,0.0,jared goff,,122.54,117.0,,99.0,98.0
99,Keon Coleman,BUF,WR,96.2,46,97,-2,,,96.2,2,23.0,8.782828282828282,1.8,10.82380934425052,10.782394134943546,43.140579588937385,23.96698866052077,0.6897097655400394,10.190512852173477,23.29363449691992,0.0790002348868808,10.53828898279028,10.73521516434993,10.73521516434993,,,,,7.436722530772208,pi_market (market-anchored),10.82380934425052,0.0,10.82380934425052,0.0,10.82380934425052,1.9283052832438392,7.920755406757527,2.9030539374929933,36.0,0.694,0.0,0.6666666666666666,True,4.65,4.6875,top70,-4.65,2.4380539374929935,,0.0,0.0,0.0,-0.0,0.0,-0.0,0.0,0.0,0.0,0.0,0.0,0.0,0.0,0.0,-0.0,-0.0,-0.0,0.0,-0.0,0.0,0.0,0.0,0.0,0.0,0.0,0.0,0.0,-0.0,-0.0,0.0,0.0,0.0,0.0,-0.0,-0.0,-0.0,-0.0,0.0,keon coleman,,96.2,87.0,5.0,99.0,99.0
100,Justin Herbert,LAC,QB,108.5,15,110,10,109.68,95.29858764645076,95.29858764645076,6,,17.772,2.9077,17.634423450195044,8.540768288565792,,16.47511841820226,0.6585862260778834,17.68139397926714,,,,17.68139397926714,17.68139397926714,,,,,5.624832354972209,theta_star,17.68139397926714,0.0,17.68139397926714,0.0,17.68139397926714,1.6770259918934185,15.166228061514008,2.515165917753132,54.0,0.852,9.34,0.2407407407407407,True,10.125,10.6175,top70,-0.7850000000000001,2.436665917753132,,0.0,0.0,0.0,-0.0,0.0,-0.0,0.0,0.0,0.0,0.0,0.0,0.0,0.0,0.0,-0.0,-0.0,-0.0,0.0,-0.0,0.0,0.0,0.0,0.0,0.0,0.0,0.0,0.0,-0.0,-0.0,0.0,0.0,0.0,0.0,-0.0,-0.0,-0.0,-0.0,0.0,justin herbert,,109.09,102.0,,99.0,100.0
101,Matthew Stafford,LAR,QB,83.6,9,85,-16,79.04,69.67356531621753,69.67356531621753,12,,17.5954,2.9985,17.634423450195044,8.540768288565792,,15.976222052561852,0.6516387953933107,17.62082919407719,,,,17.62082919407719,17.62082919407719,,,,,5.5654959592944016,theta_star,17.62082919407719,0.0,17.62082919407719,0.0,17.62082919407719,1.6681570608450516,15.166228061514008,2.454601132563182,54.0,0.889,9.705,0.1851851851851851,True,10.125,10.6175,top70,-0.4199999999999999,2.412601132563182,,0.0,0.0,0.0,-0.0,0.0,-0.0,0.0,0.0,0.0,0.0,0.0,0.0,0.0,0.0,-0.0,-0.0,-0.0,0.0,-0.0,0.0,0.0,0.0,0.0,0.0,0.0,0.0,0.0,-0.0,-0.0,0.0,0.0,0.0,0.0,-0.0,-0.0,-0.0,-0.0,0.0,matthew stafford,,81.32,76.0,,99.0,101.0
102,Caleb Williams,CHI,QB,106.4,14,109,7,92.7,79.10274419252515,79.10274419252515,2,,17.4686,1.8,17.634423450195044,8.540768288565792,,26.61372323589262,0.7570504388429674,17.59413671574061,,,,17.59413671574061,17.59413671574061,,,,,6.465792380914832,theta_star,17.59413671574061,-3.552713678800501e-15,17.594136715740607,0.0,17.594136715740607,1.7980256367631178,15.166228061514008,2.4279086542266004,36.0,0.944,9.82,0.1944444444444444,True,10.125,10.6175,top70,-0.3049999999999997,2.3974086542266004,,0.0,0.0,0.0,-0.0,0.0,-0.0,0.0,0.0,0.0,0.0,0.0,0.0,0.0,0.0,-0.0,-0.0,-0.0,0.0,-0.0,0.0,0.0,0.0,0.0,0.0,0.0,0.0,0.0,-0.0,-0.0,0.0,0.0,0.0,0.0,-0.0,-0.0,-0.0,-0.0,0.0,caleb williams,,99.55000000000001,89.0,,99.0,102.0
103,Stefon Diggs,WAS,WR,91.4,43,93,-10,140.67,119.44739385910852,119.44739385910852,11,161.0,14.326596684444326,2.9970717423133237,10.169649826735766,10.782394134943546,43.140579588937385,14.394243214090976,0.5717301724824253,11.949944740486334,32.75564681724846,-0.1377482116623204,12.25418573370898,11.062393660069375,11.062393660069375,,,,,6.164620058544764,pi_market (market-anchored),10.169649826735766,0.0,10.169649826735766,0.0,10.169649826735766,1.7556508847924128,7.920755406757527,2.248894419978239,54.0,0.778,5.375,0.4814814814814814,True,4.65,4.6875,top70,0.7249999999999996,2.3213944199782386,,0.0,0.0,0.0,-0.0,0.0,-0.0,0.0,0.0,0.0,0.0,0.0,0.0,0.0,0.0,-0.0,-0.0,-0.0,0.0,-0.0,0.0,0.0,0.0,0.0,0.0,0.0,0.0,0.0,-0.0,-0.0,0.0,0.0,0.0,0.0,-0.0,-0.0,-0.0,-0.0,0.0,stefon diggs,,116.035,109.0,5.0,99.0,103.0
104,Keenan Allen,IND,WR,131.3,60,130,26,,,131.3,13,169.0,13.188273211033987,2.9992676675210546,10.169649826735766,10.782394134943546,43.140579588937385,14.383704414282503,0.5715508260506617,11.462976522202496,34.34633812457221,-0.2085117324990166,10.663568888469715,10.381269040733509,10.381269040733509,,,,,6.162686274630793,pi_market (market-anchored),10.169649826735766,0.0,10.169649826735766,0.0,10.169649826735766,1.755375497526212,7.920755406757527,2.248894419978239,54.0,0.833,5.375,0.4259259259259259,True,4.65,4.6875,top70,0.7249999999999996,2.3213944199782386,,0.0,0.0,0.0,-0.0,0.0,-0.0,0.0,0.0,0.0,0.0,0.0,0.0,0.0,0.0,-0.0,-0.0,-0.0,0.0,-0.0,0.0,0.0,0.0,0.0,0.0,0.0,0.0,0.0,-0.0,-0.0,0.0,0.0,0.0,0.0,-0.0,-0.0,-0.0,-0.0,0.0,keenan allen,,131.3,123.0,5.0,99.0,103.0
105,Trevor Lawrence,JAX,QB,90.4,10,91,-14,95.89,79.10274419252515,79.10274419252515,5,,17.6313,2.8182,17.634423450195044,8.540768288565792,,16.99833291626099,0.6655807023094602,17.633378908174446,,,,17.633378908174446,17.633378908174446,,,,,5.684570555765986,theta_star,17.633378908174446,0.0,17.633378908174446,0.0,17.633378908174446,1.6859078497601798,15.166228061514008,2.4671508466604397,54.0,0.796,8.145,0.2592592592592592,True,10.125,10.6175,top70,-1.9800000000000004,2.26915084666044,,0.0,0.0,0.0,-0.0,0.0,-0.0,0.0,0.0,0.0,0.0,0.0,0.0,0.0,0.0,-0.0,-0.0,-0.0,0.0,-0.0,0.0,0.0,0.0,0.0,0.0,0.0,0.0,0.0,-0.0,-0.0,0.0,0.0,0.0,0.0,-0.0,-0.0,-0.0,-0.0,0.0,trevor lawrence,,93.14500000000001,86.0,,99.0,105.0
106,KC Concepcion,CLE,WR,121.0,54,121,15,150.64,135.10610400190234,135.10610400190234,0,0.0,,0.0,10.169649826735766,11.422710913543565,36.420213460414466,inf,1.0,10.169649826735766,21.93566050650239,0.0964228440312605,,10.169649826735766,10.169649826735766,,,,,11.422710913543565,pi_market (market-anchored),10.169649826735766,0.0,10.169649826735766,0.0,10.169649826735766,2.3898442327423313,7.920755406757527,2.248894419978239,,,,,False,4.65,4.6875,top70,0.0,2.248894419978239,no NFL rows: full shrinkage to market,0.0,0.0,0.0,-0.0,0.0,-0.0,0.0,0.0,0.0,0.0,0.0,0.0,0.0,0.0,-0.0,-0.0,-0.0,0.0,-0.0,0.0,0.0,0.0,0.0,0.0,0.0,0.0,0.0,-0.0,-0.0,0.0,0.0,0.0,0.0,-0.0,-0.0,-0.0,-0.0,0.0,kc concepcion,,135.82,126.0,5.0,99.0,106.0
107,De'Zhaun Stribling,SF,WR,137.4,63,135,28,,,137.4,0,0.0,,0.0,10.169649826735766,11.422710913543565,36.420213460414466,inf,1.0,10.169649826735766,23.704312114989733,0.0705520154020128,,10.169649826735766,10.169649826735766,,,,,11.422710913543565,pi_market (market-anchored),10.169649826735766,0.0,10.169649826735766,0.0,10.169649826735766,2.3898442327423313,7.920755406757527,2.248894419978239,,,,,False,4.65,4.6875,top70,0.0,2.248894419978239,no NFL rows: full shrinkage to market,0.0,0.0,0.0,-0.0,0.0,-0.0,0.0,0.0,0.0,0.0,0.0,0.0,0.0,0.0,-0.0,-0.0,-0.0,0.0,-0.0,0.0,0.0,0.0,0.0,0.0,0.0,0.0,0.0,-0.0,-0.0,0.0,0.0,0.0,0.0,-0.0,-0.0,-0.0,-0.0,0.0,dezhaun stribling,,137.4,127.0,5.0,99.0,106.0
108,Jayden Higgins,HOU,WR,129.4,59,128,20,159.3,135.59999999999994,135.59999999999994,1,12.0,9.333333333333334,1.0,10.169649826735766,9.389576648040723,39.731751511831725,39.731751511831725,0.8088492921551105,10.009787337039535,23.71252566735113,0.0703778104428004,10.84727021156722,10.299177442946425,10.299177442946425,,,,,7.594752425403894,pi_market (market-anchored),10.169649826735766,0.0,10.169649826735766,0.0,10.169649826735766,1.9486857655101677,7.920755406757527,2.248894419978239,18.0,0.944,1.8,0.5555555555555556,False,4.65,4.6875,top70,0.0,2.248894419978239,single season,0.0,0.0,0.0,-0.0,0.0,-0.0,0.0,0.0,0.0,0.0,0.0,0.0,0.0,0.0,-0.0,-0.0,-0.0,0.0,-0.0,0.0,0.0,0.0,0.0,0.0,0.0,0.0,0.0,-0.0,-0.0,0.0,0.0,0.0,0.0,-0.0,-0.0,-0.0,-0.0,0.0,jayden higgins,,144.35000000000002,137.0,5.0,99.0,106.0
109,Blake Corum,LAR,RB,120.9,41,120,11,140.54,119.44739385910852,119.44739385910852,2,29.0,5.711601307189543,1.8,8.801446416016189,11.74653700580229,39.64076972639763,22.02264984799868,0.6521522103372729,7.726650624510651,25.765913757700204,-0.0289101826949283,7.609916854776331,8.386975491821104,8.386975491821104,,,,,7.660530072142535,pi_market (market-anchored),8.801446416016189,0.0,8.801446416016189,1.4,10.20144641601619,1.9571062914597328,7.4745791409013185,2.726867275114871,36.0,0.889,1.25,0.8611111111111112,True,6.1125,6.1125,top70,-4.8625,2.2406172751148707,,0.0,0.0,0.0,-0.0,0.0,-0.0,0.0,0.0,0.0,0.0,0.0,0.0,0.0,0.0,-0.0,-0.0,-0.0,0.0,-0.0,0.0,0.0,0.0,0.0,0.0,0.0,0.0,0.0,-0.0,-0.0,0.0,0.0,0.0,0.0,-0.0,-0.0,-0.0,-0.0,1.4,blake corum,,130.72,121.0,7.0,99.0,109.0
110,Deebo Samuel Sr.,SF,WR,110.8,51,114,4,136.19,119.44739385910852,119.44739385910852,7,91.0,12.921640218049667,2.953488372093023,10.169649826735766,10.782394134943546,43.140579588937385,14.606652931687462,0.5753131613547278,11.338383926005031,30.628336755646817,-0.0821456739581176,11.826545333431085,10.873311541439756,10.873311541439756,,,,,6.203253256747046,pi_market (market-anchored),10.169649826735766,0.0,10.169649826735766,0.0,10.169649826735766,1.7611435570030975,7.920755406757527,2.248894419978239,54.0,0.852,4.125,0.4629629629629629,True,4.65,4.6875,top70,-0.5250000000000004,2.1963944199782386,,0.0,0.0,0.0,-0.0,0.0,-0.0,0.0,0.0,0.0,0.0,0.0,0.0,0.0,0.0,-0.0,-0.0,-0.0,0.0,-0.0,0.0,0.0,0.0,0.0,0.0,0.0,0.0,0.0,-0.0,-0.0,0.0,0.0,0.0,0.0,-0.0,-0.0,-0.0,-0.0,0.0,deebo samuel sr,,123.495,118.0,5.0,99.0,110.0
111,Jerry Jeudy,CLE,WR,125.6,56,124,13,161.59,141.0899819977556,141.0899819977556,6,89.0,9.693316437686187,2.9076923076923076,10.169649826735766,10.782394134943546,43.140579588937385,14.836707266036669,0.579126763028035,9.969173851408645,27.356605065023956,-0.0463150151540921,9.856310212291778,10.037773568933178,10.037773568933178,,,,,6.244373013062324,pi_market (market-anchored),10.169649826735766,0.0,10.169649826735766,0.0,10.169649826735766,1.766970997648564,7.920755406757527,2.248894419978239,54.0,0.926,4.05,0.4629629629629629,True,4.65,4.6875,top70,-0.6000000000000005,2.1888944199782387,,0.0,0.0,0.0,-0.0,0.0,-0.0,0.0,0.0,0.0,0.0,0.0,0.0,0.0,0.0,-0.0,-0.0,-0.0,0.0,-0.0,0.0,0.0,0.0,0.0,0.0,0.0,0.0,0.0,-0.0,-0.0,0.0,0.0,0.0,0.0,-0.0,-0.0,-0.0,-0.0,0.0,jerry jeudy,,143.595,135.0,5.0,99.0,111.0
112,Romeo Doubs,NE,WR,114.0,52,115,3,152.2,135.10610400190234,135.10610400190234,4,57.0,10.225299145299145,2.6470588235294117,10.169649826735766,10.782394134943546,43.140579588937385,16.297552289154122,0.6018310388772187,10.191807658095335,26.38466803559206,-0.0264293193790428,10.458028481795132,10.284473256230738,10.284473256230738,,,,,6.489179463816703,pi_market (market-anchored),10.169649826735766,0.0,10.169649826735766,0.0,10.169649826735766,1.8012744743398634,7.920755406757527,2.248894419978239,54.0,0.852,3.0999999999999996,0.4814814814814814,True,4.65,4.6875,top70,-1.5500000000000007,2.0938944199782386,,0.0,0.0,0.0,-0.0,0.0,-0.0,0.0,0.0,0.0,0.0,0.0,0.0,0.0,0.0,-0.0,-0.0,-0.0,0.0,-0.0,0.0,0.0,0.0,0.0,0.0,0.0,0.0,0.0,-0.0,-0.0,0.0,0.0,0.0,0.0,-0.0,-0.0,-0.0,-0.0,0.0,romeo doubs,,133.1,124.0,5.0,99.0,112.0
113,Khalil Shakir,BUF,WR,100.9,48,102,-11,136.94,119.44739385910852,119.44739385910852,4,47.0,10.499047619047618,2.6470588235294117,10.169649826735766,10.782394134943546,43.140579588937385,16.297552289154122,0.6018310388772187,10.300805803496711,26.576317590691307,-0.0326755329637472,10.59063502434217,10.337273065514776,10.337273065514776,,,,,6.489179463816703,pi_market (market-anchored),10.169649826735766,0.0,10.169649826735766,0.0,10.169649826735766,1.8012744743398634,7.920755406757527,2.248894419978239,54.0,0.87,2.2,0.4814814814814814,True,4.65,4.6875,top70,-2.45,2.0038944199782387,,0.0,0.0,0.0,-0.0,0.0,-0.0,0.0,0.0,0.0,0.0,0.0,0.0,0.0,0.0,-0.0,-0.0,-0.0,0.0,-0.0,0.0,0.0,0.0,0.0,0.0,0.0,0.0,0.0,-0.0,-0.0,0.0,0.0,0.0,0.0,-0.0,-0.0,-0.0,-0.0,0.0,khalil shakir,,118.92,112.0,5.0,99.0,113.0
114,Xavier Worthy,KC,WR,106.3,50,108,-6,137.09,119.44739385910852,119.44739385910852,2,29.0,9.535897435897436,1.8,10.169649826735766,10.782394134943546,43.140579588937385,23.96698866052077,0.6897097655400394,9.97300264879298,23.34839151266256,0.0778993900419299,11.07584692574339,10.450833937053778,10.450833937053778,,,,,7.436722530772208,pi_market (market-anchored),10.169649826735766,1.7763568394002505e-15,10.169649826735768,0.0,10.169649826735768,1.9283052832438392,7.920755406757527,2.248894419978241,36.0,0.833,1.6,0.5,True,4.65,4.6875,top70,-3.0500000000000003,1.9438944199782404,,0.0,0.0,0.0,-0.0,0.0,-0.0,0.0,0.0,0.0,0.0,0.0,0.0,0.0,0.0,-0.0,-0.0,-0.0,0.0,-0.0,0.0,0.0,0.0,0.0,0.0,0.0,0.0,0.0,-0.0,-0.0,0.0,0.0,0.0,0.0,-0.0,-0.0,-0.0,-0.0,0.0,xavier worthy,,121.695,115.0,5.0,99.0,114.0
115,Brock Purdy,SF,QB,80.1,8,82,-33,105.49,88.557584133917,88.557584133917,4,,18.729,2.6471,17.634423450195044,8.540768288565792,,18.09705029073579,0.6793743352842625,17.985372784058516,,,,17.985372784058516,17.985372784058516,,,,,5.802378778861292,theta_star,17.985372784058516,0.0,17.985372784058516,0.0,17.985372784058516,1.7032878175548154,15.166228061514008,2.819144722544509,54.0,0.741,0.54,0.3703703703703703,True,10.125,10.6175,top70,-9.585,1.860644722544509,,0.0,0.0,0.0,-0.0,0.0,-0.0,0.0,0.0,0.0,0.0,0.0,0.0,0.0,0.0,-0.0,-0.0,-0.0,0.0,-0.0,0.0,0.0,0.0,0.0,0.0,0.0,0.0,0.0,-0.0,-0.0,0.0,0.0,0.0,0.0,-0.0,-0.0,-0.0,-0.0,0.0,brock purdy,,92.79499999999999,85.0,,99.0,115.0
116,Jalen Coker,CAR,WR,121.3,55,123,7,160.38,141.0899819977556,141.0899819977556,2,19.0,9.254074074074074,1.8,10.169649826735766,10.782394134943546,43.140579588937385,23.96698866052077,0.6897097655400394,9.885555611776514,24.83778234086242,0.0406515917339605,10.470113442963624,10.262880752661795,10.262880752661795,,,,,7.436722530772208,pi_market (market-anchored),10.169649826735766,1.7763568394002505e-15,10.169649826735768,0.0,10.169649826735768,1.9283052832438392,7.920755406757527,2.248894419978241,36.0,0.611,0.0,0.7777777777777778,True,4.65,4.6875,top70,-4.65,1.7838944199782405,,0.0,0.0,0.0,-0.0,0.0,-0.0,0.0,0.0,0.0,0.0,0.0,0.0,0.0,0.0,-0.0,-0.0,-0.0,0.0,-0.0,0.0,0.0,0.0,0.0,0.0,0.0,0.0,0.0,-0.0,-0.0,0.0,0.0,0.0,0.0,-0.0,-0.0,-0.0,-0.0,0.0,jalen coker,,140.84,130.0,5.0,99.0,116.0
117,Rashid Shaheed,SEA,WR,128.9,58,127,10,158.24,135.10610400190234,135.10610400190234,4,43.0,11.045492063492064,2.6470588235294117,10.169649826735766,10.782394134943546,43.140579588937385,16.297552289154122,0.6018310388772187,10.518383020252475,28.00273785078713,-0.0484428026574889,10.819900158865073,10.428559325949436,10.428559325949436,,,,,6.489179463816703,pi_market (market-anchored),10.169649826735766,0.0,10.169649826735766,0.0,10.169649826735766,1.8012744743398634,7.920755406757527,2.248894419978239,54.0,0.722,0.0,0.5925925925925926,True,4.65,4.6875,top70,-4.65,1.7838944199782387,,0.0,0.0,0.0,-0.0,0.0,-0.0,0.0,0.0,0.0,0.0,0.0,0.0,0.0,0.0,-0.0,-0.0,-0.0,0.0,-0.0,0.0,0.0,0.0,0.0,0.0,0.0,0.0,0.0,-0.0,-0.0,0.0,0.0,0.0,0.0,-0.0,-0.0,-0.0,-0.0,0.0,rashid shaheed,,143.57,134.0,5.0,99.0,117.0
118,Chris Godwin Jr.,TB,WR,80.2,39,83,-35,147.64,119.44739385910852,119.44739385910852,9,115.0,13.492600492251697,2.9883040935672516,10.169649826735766,10.782394134943546,43.140579588937385,14.436475752853802,0.5724473704445884,11.590386121660009,30.510609171800137,-0.0797102583860643,12.26923845932204,11.06733446758268,11.06733446758268,,,,,6.172353169645584,pi_market (market-anchored),10.169649826735766,0.0,10.169649826735766,0.0,10.169649826735766,1.756751714051474,7.920755406757527,2.248894419978239,54.0,0.611,0.0,0.5185185185185185,True,4.65,4.6875,top70,-4.65,1.7838944199782387,,0.0,0.0,0.0,-0.0,0.0,-0.0,0.0,0.0,0.0,0.0,0.0,0.0,0.0,0.0,-0.0,-0.0,-0.0,0.0,-0.0,0.0,0.0,0.0,0.0,0.0,0.0,0.0,0.0,-0.0,-0.0,0.0,0.0,0.0,0.0,-0.0,-0.0,-0.0,-0.0,0.0,chris godwin,,113.91999999999999,107.0,5.0,99.0,117.0
119,Jayden Reed,GB,WR,94.3,44,95,-24,140.82,119.44739385910852,119.44739385910852,3,37.0,11.0,2.3333333333333335,10.169649826735766,10.782394134943546,43.140579588937385,18.48881982383031,0.6316382999991158,10.475519028155407,26.34360027378508,-0.0249453094974622,11.039135223037364,10.489934945443366,10.489934945443366,,,,,6.810573101316178,pi_market (market-anchored),10.169649826735766,0.0,10.169649826735766,0.0,10.169649826735766,1.84534185197705,7.920755406757527,2.248894419978239,54.0,0.704,0.0,0.5185185185185185,True,4.65,4.6875,top70,-4.65,1.7838944199782387,,0.0,0.0,0.0,-0.0,0.0,-0.0,0.0,0.0,0.0,0.0,0.0,0.0,0.0,0.0,-0.0,-0.0,-0.0,0.0,-0.0,0.0,0.0,0.0,0.0,0.0,0.0,0.0,0.0,-0.0,-0.0,0.0,0.0,0.0,0.0,-0.0,-0.0,-0.0,-0.0,0.0,jayden reed,,117.56,111.0,5.0,99.0,117.0
120,Tyler Warren,IND,TE,65.8,4,67,-53,47.06,49.702296406664395,49.702296406664395,1,,11.0882,1.0,11.629775407394895,8.982491813344657,,23.854679408424037,0.7264535439828048,11.481629374035952,,,,11.481629374035952,11.481629374035952,,,,,6.525363011600756,theta_star,11.481629374035952,0.0,11.481629374035952,0.0,11.481629374035952,1.806289430241006,9.786079490785122,1.6955498832508304,18.0,0.944,7.0,0.3888888888888889,False,6.5875,3.725,top70,0.0,1.6955498832508304,single season: n_eff = 1,0.0,0.0,0.0,-0.0,0.0,-0.0,0.0,0.0,0.0,0.0,0.0,0.0,0.0,0.0,-0.0,-0.0,-0.0,0.0,-0.0,0.0,0.0,0.0,0.0,0.0,0.0,0.0,0.0,-0.0,-0.0,0.0,0.0,0.0,0.0,-0.0,-0.0,-0.0,-0.0,0.0,tyler warren,,56.43,53.0,,99.0,120.0
121,George Kittle,SF,TE,121.0,11,121,0,98.1,88.557584133917,88.557584133917,9,,14.7134,2.9883,10.059453965152493,6.695175531217138,,9.36479863460861,0.5831141780125713,11.99961808337503,,,,11.99961808337503,11.99961808337503,,,,,3.904051776535561,theta_star,11.99961808337503,1.7763568394002505e-15,11.999618083375031,0.0,11.999618083375031,1.3971492004320014,9.786079490785122,2.21353859258991,54.0,0.778,1.25,0.4444444444444444,True,6.5875,3.725,top70,-5.3375,1.6797885925899094,,0.0,0.0,0.0,-0.0,0.0,-0.0,0.0,0.0,0.0,0.0,0.0,0.0,0.0,0.0,-0.0,-0.0,-0.0,0.0,-0.0,0.0,0.0,0.0,0.0,0.0,0.0,0.0,0.0,-0.0,-0.0,0.0,0.0,0.0,0.0,-0.0,-0.0,-0.0,-0.0,0.0,george kittle,,109.55,103.0,,99.0,121.0
122,Colston Loveland,CHI,TE,60.8,3,62,-60,45.37,49.702296406664395,49.702296406664395,1,,11.0067,1.0,11.629775407394895,8.982491813344657,,23.854679408424037,0.7264535439828048,11.45933533787055,,,,11.45933533787055,11.45933533787055,,,,,6.525363011600756,theta_star,11.45933533787055,0.0,11.45933533787055,0.0,11.45933533787055,1.806289430241006,9.786079490785122,1.6732558470854286,18.0,0.889,3.425,0.6111111111111112,False,6.5875,3.725,top70,0.0,1.6732558470854286,single season: n_eff = 1,0.0,0.0,0.0,-0.0,0.0,-0.0,0.0,0.0,0.0,0.0,0.0,0.0,0.0,0.0,-0.0,-0.0,-0.0,0.0,-0.0,0.0,0.0,0.0,0.0,0.0,0.0,0.0,0.0,-0.0,-0.0,0.0,0.0,0.0,0.0,-0.0,-0.0,-0.0,-0.0,0.0,colston loveland,,53.084999999999994,50.0,,99.0,122.0
123,Jayden Daniels,WAS,QB,71.3,6,72,-51,51.08,51.063132301542794,51.063132301542794,2,,18.1876,1.8,17.634423450195044,8.540768288565792,,26.61372323589262,0.7570504388429674,17.76881745021252,,,,17.76881745021252,17.76881745021252,,,,,6.465792380914832,theta_star,17.76881745021252,0.0,17.76881745021252,0.0,17.76881745021252,1.7980256367631178,15.166228061514008,2.6025893886985134,36.0,0.667,0.0,0.4166666666666667,True,10.125,10.6175,top70,-10.125,1.5900893886985137,,0.0,0.0,0.0,-0.0,0.0,-0.0,0.0,0.0,0.0,0.0,0.0,0.0,0.0,0.0,-0.0,-0.0,-0.0,0.0,-0.0,0.0,0.0,0.0,0.0,0.0,0.0,0.0,0.0,-0.0,-0.0,0.0,0.0,0.0,0.0,-0.0,-0.0,-0.0,-0.0,0.0,jayden daniels,,61.19,57.0,,99.0,123.0
124,Travis Kelce,KC,TE,99.6,8,100,-24,101.97,88.557584133917,88.557584133917,12,,12.8195,2.9985,10.353369451689588,6.695175531217138,,9.3329423911292,0.5822856081010764,11.38350767402043,,,,11.38350767402043,11.38350767402043,,,,,3.8985043555382206,theta_star,11.38350767402043,1.7763568394002505e-15,11.383507674020432,0.0,11.383507674020432,1.396156215388919,9.786079490785122,1.5974281832353103,54.0,0.889,5.875,0.3518518518518518,True,6.5875,3.725,top70,-0.7125000000000004,1.5261781832353103,,0.0,0.0,0.0,-0.0,0.0,-0.0,0.0,0.0,0.0,0.0,0.0,0.0,0.0,0.0,-0.0,-0.0,-0.0,0.0,-0.0,0.0,0.0,0.0,0.0,0.0,0.0,0.0,0.0,-0.0,-0.0,0.0,0.0,0.0,0.0,-0.0,-0.0,-0.0,-0.0,0.0,travis kelce,,100.785,90.0,,99.0,124.0
125,Pat Bryant,DEN,WR,151.1,71,154,29,,,151.1,1,11.0,6.8,1.0,9.338003994797472,9.389576648040723,39.731751511831725,39.731751511831725,0.8088492921551105,8.852862734678778,23.72621492128679,0.0700879133196302,8.996022491523723,9.272633988376835,9.272633988376835,,,,,7.594752425403894,pi_market (market-anchored),9.338003994797472,0.0,9.338003994797472,0.0,9.338003994797472,1.9486857655101677,7.920755406757527,1.4172485880399446,18.0,0.722,0.0,0.8333333333333334,False,4.65,4.6875,top70,0.0,1.4172485880399446,single season,0.0,0.0,0.0,-0.0,0.0,-0.0,0.0,0.0,0.0,0.0,0.0,0.0,0.0,0.0,-0.0,-0.0,-0.0,0.0,-0.0,0.0,0.0,0.0,0.0,0.0,0.0,0.0,0.0,-0.0,-0.0,0.0,0.0,0.0,0.0,-0.0,-0.0,-0.0,-0.0,0.0,pat bryant,,151.1,153.0,5.0,99.0,125.0
126,Ja'Kobi Lane,BAL,WR,157.9,76,172,46,,,157.9,0,0.0,,0.0,9.338003994797472,11.422710913543565,36.420213460414466,inf,1.0,9.338003994797472,22.072553045859,0.1013442412831887,,9.338003994797472,9.338003994797472,,,,,11.422710913543565,pi_market (market-anchored),9.338003994797472,0.0,9.338003994797472,0.0,9.338003994797472,2.3898442327423313,7.920755406757527,1.4172485880399446,,,,,False,4.65,4.6875,top70,0.0,1.4172485880399446,no NFL rows: full shrinkage to market,0.0,0.0,0.0,-0.0,0.0,-0.0,0.0,0.0,0.0,0.0,0.0,0.0,0.0,0.0,-0.0,-0.0,-0.0,0.0,-0.0,0.0,0.0,0.0,0.0,0.0,0.0,0.0,0.0,-0.0,-0.0,0.0,0.0,0.0,0.0,-0.0,-0.0,-0.0,-0.0,0.0,jakobi lane,,157.9,169.0,5.0,99.0,125.0
127,Malachi Fields,NYG,WR,156.0,73,164,37,,,156.0,0,0.0,,0.0,9.338003994797472,11.422710913543565,36.420213460414466,inf,1.0,9.338003994797472,24.16700889801506,0.0601990042162768,,9.338003994797472,9.338003994797472,,,,,11.422710913543565,pi_market (market-anchored),9.338003994797472,0.0,9.338003994797472,0.0,9.338003994797472,2.3898442327423313,7.920755406757527,1.4172485880399446,,,,,False,4.65,4.6875,top70,0.0,1.4172485880399446,no NFL rows: full shrinkage to market,0.0,0.0,0.0,-0.0,0.0,-0.0,0.0,0.0,0.0,0.0,0.0,0.0,0.0,0.0,-0.0,-0.0,-0.0,0.0,-0.0,0.0,0.0,0.0,0.0,0.0,0.0,0.0,0.0,-0.0,-0.0,0.0,0.0,0.0,0.0,-0.0,-0.0,-0.0,-0.0,0.0,malachi fields,,156.0,163.0,5.0,99.0,125.0
128,Cyrus Allen,KC,WR,150.6,69,152,24,,,150.6,0,0.0,,0.0,9.338003994797472,11.422710913543565,36.420213460414466,inf,1.0,9.338003994797472,23.55373032169747,0.0736999584709658,,9.338003994797472,9.338003994797472,,,,,11.422710913543565,pi_market (market-anchored),9.338003994797472,0.0,9.338003994797472,0.0,9.338003994797472,2.3898442327423313,7.920755406757527,1.4172485880399446,,,,,False,4.65,4.6875,top70,0.0,1.4172485880399446,no NFL rows: full shrinkage to market,0.0,0.0,0.0,-0.0,0.0,-0.0,0.0,0.0,0.0,0.0,0.0,0.0,0.0,0.0,-0.0,-0.0,-0.0,0.0,-0.0,0.0,0.0,0.0,0.0,0.0,0.0,0.0,0.0,-0.0,-0.0,0.0,0.0,0.0,0.0,-0.0,-0.0,-0.0,-0.0,0.0,cyrus allen,,150.6,151.0,5.0,99.0,125.0
129,Denzel Boston,CLE,WR,139.5,64,138,9,166.64,155.6492201029886,155.6492201029886,0,0.0,,0.0,9.338003994797472,11.422710913543565,36.420213460414466,inf,1.0,9.338003994797472,22.7378507871321,0.0897239695070045,,9.338003994797472,9.338003994797472,,,,,11.422710913543565,pi_market (market-anchored),9.338003994797472,0.0,9.338003994797472,0.0,9.338003994797472,2.3898442327423313,7.920755406757527,1.4172485880399446,,,,,False,4.65,4.6875,top70,0.0,1.4172485880399446,no NFL rows: full shrinkage to market,0.0,0.0,0.0,-0.0,0.0,-0.0,0.0,0.0,0.0,0.0,0.0,0.0,0.0,0.0,-0.0,-0.0,-0.0,0.0,-0.0,0.0,0.0,0.0,0.0,0.0,0.0,0.0,0.0,-0.0,-0.0,0.0,0.0,0.0,0.0,-0.0,-0.0,-0.0,-0.0,0.0,denzel boston,,153.07,157.0,5.0,99.0,125.0
130,MarShawn Lloyd,GB,RB,156.2,55,166,36,,,156.2,1,1.0,2.8,1.0,7.491790151433535,11.74653700580229,39.64076972639763,39.64076972639763,0.7714117015896892,6.4193018242190885,25.65366187542779,-0.0254871379969932,5.830731815886289,7.112091652950527,7.112091652950527,,,,,9.061416099432195,pi_market (market-anchored),7.491790151433535,8.881784197001252e-16,7.491790151433536,1.4,8.891790151433536,2.128545994268411,7.4745791409013185,1.4172110105322178,18.0,0.056,0.0,1.0,False,6.1125,6.1125,top70,0.0,1.4172110105322178,single season,0.0,0.0,0.0,-0.0,0.0,-0.0,0.0,0.0,0.0,0.0,0.0,0.0,0.0,0.0,-0.0,-0.0,-0.0,0.0,-0.0,0.0,0.0,0.0,0.0,0.0,0.0,0.0,0.0,-0.0,-0.0,0.0,0.0,0.0,0.0,-0.0,-0.0,-0.0,-0.0,1.4,marshawn lloyd,,156.2,164.0,7.0,99.0,130.0
131,Woody Marks,HOU,RB,142.7,44,141,10,151.59,135.10610400190234,135.10610400190234,1,16.0,9.06875,1.0,7.491790151433535,15.4867051194987,43.81668066802514,43.81668066802514,0.7388563078845868,7.903603268605945,25.672826830937716,-0.0260716232626303,9.775134708679216,8.088071179484306,8.088071179484306,,,,,11.442449765890135,pi_market (market-anchored),7.491790151433535,0.0,7.491790151433535,1.4,8.891790151433534,2.391908209556769,7.4745791409013185,1.417211010532216,18.0,0.889,3.175,0.6666666666666666,False,6.1125,6.1125,top70,0.0,1.417211010532216,single season,0.0,0.0,0.0,-0.0,0.0,-0.0,0.0,0.0,0.0,0.0,0.0,0.0,0.0,0.0,-0.0,-0.0,-0.0,0.0,-0.0,0.0,0.0,0.0,0.0,0.0,0.0,0.0,0.0,-0.0,-0.0,0.0,0.0,0.0,0.0,-0.0,-0.0,-0.0,-0.0,1.4,woody marks,,147.14499999999998,141.0,7.0,99.0,131.0
132,Jonah Coleman,DEN,RB,155.4,53,163,31,,,155.4,0,0.0,,0.0,7.491790151433535,13.882089022740637,35.36523585755328,inf,1.0,7.491790151433535,23.033538672142367,0.0665766548734107,,7.491790151433535,7.491790151433535,,,,,13.882089022740637,pi_market (market-anchored),7.491790151433535,-8.881784197001252e-16,7.491790151433534,1.4,8.891790151433534,2.634586212552233,7.4745791409013185,1.417211010532216,,,,,False,6.1125,6.1125,top70,0.0,1.417211010532216,no NFL rows: full shrinkage to market,0.0,0.0,0.0,-0.0,0.0,-0.0,0.0,0.0,0.0,0.0,0.0,0.0,0.0,0.0,-0.0,-0.0,-0.0,0.0,-0.0,0.0,0.0,0.0,0.0,0.0,0.0,0.0,0.0,-0.0,-0.0,0.0,0.0,0.0,0.0,-0.0,-0.0,-0.0,-0.0,1.4,jonah coleman,,155.4,161.0,7.0,99.0,131.0
133,Dylan Sampson,CLE,RB,156.9,56,168,35,,,156.9,1,14.0,6.242857142857143,1.0,7.491790151433535,15.4867051194987,43.81668066802514,43.81668066802514,0.7388563078845868,7.165639174369085,21.963039014373717,0.0926182250755954,9.982729019145754,8.142283124181692,8.142283124181692,,,,,11.442449765890135,pi_market (market-anchored),7.491790151433535,0.0,7.491790151433535,1.4,8.891790151433534,2.391908209556769,7.4745791409013185,1.417211010532216,18.0,0.833,0.375,0.7777777777777778,False,6.1125,6.1125,top70,0.0,1.417211010532216,single season,0.0,0.0,0.0,-0.0,0.0,-0.0,0.0,0.0,0.0,0.0,0.0,0.0,0.0,0.0,-0.0,-0.0,-0.0,0.0,-0.0,0.0,0.0,0.0,0.0,0.0,0.0,0.0,0.0,-0.0,-0.0,0.0,0.0,0.0,0.0,-0.0,-0.0,-0.0,-0.0,1.4,dylan sampson,,156.9,167.0,7.0,99.0,131.0
134,Jordan James,SF,RB,143.8,45,143,9,,,143.8,0,0.0,,0.0,7.491790151433535,15.4867051194987,43.81668066802514,inf,1.0,7.491790151433535,22.42573579739904,0.0848948520423081,,7.491790151433535,7.491790151433535,,,,,15.4867051194987,pi_market (market-anchored),7.491790151433535,0.0,7.491790151433535,1.4,8.891790151433534,2.7826880097756828,7.4745791409013185,1.417211010532216,,,,,False,6.1125,6.1125,top70,0.0,1.417211010532216,no NFL rows: full shrinkage to market,0.0,0.0,0.0,-0.0,0.0,-0.0,0.0,0.0,0.0,0.0,0.0,0.0,0.0,0.0,-0.0,-0.0,-0.0,0.0,-0.0,0.0,0.0,0.0,0.0,0.0,0.0,0.0,0.0,-0.0,-0.0,0.0,0.0,0.0,0.0,-0.0,-0.0,-0.0,-0.0,1.4,jordan james,,143.8,136.0,7.0,99.0,131.0
135,Mike Washington Jr.,LV,RB,148.5,48,148,13,,,148.5,0,0.0,,0.0,7.491790151433535,13.882089022740637,35.36523585755328,inf,1.0,7.491790151433535,23.16495550992471,0.0621940566380195,,7.491790151433535,7.491790151433535,,,,,13.882089022740637,pi_market (market-anchored),7.491790151433535,-8.881784197001252e-16,7.491790151433534,1.4,8.891790151433534,2.634586212552233,7.4745791409013185,1.417211010532216,,,,,False,6.1125,6.1125,top70,0.0,1.417211010532216,no NFL rows: full shrinkage to market,0.0,0.0,0.0,-0.0,0.0,-0.0,0.0,0.0,0.0,0.0,0.0,0.0,0.0,0.0,-0.0,-0.0,-0.0,0.0,-0.0,0.0,0.0,0.0,0.0,0.0,0.0,0.0,0.0,-0.0,-0.0,0.0,0.0,0.0,0.0,-0.0,-0.0,-0.0,-0.0,1.4,mike washington,,148.5,144.0,7.0,99.0,131.0
136,Kaelon Black,SF,RB,160.4,61,184,48,,,160.4,0,0.0,,0.0,7.491790151433535,13.882089022740637,35.36523585755328,inf,1.0,7.491790151433535,24.87337440109514,-0.0007915993348616,,7.491790151433535,7.491790151433535,,,,,13.882089022740637,pi_market (market-anchored),7.491790151433535,-8.881784197001252e-16,7.491790151433534,1.4,8.891790151433534,2.634586212552233,7.4745791409013185,1.417211010532216,,,,,False,6.1125,6.1125,top70,0.0,1.417211010532216,no NFL rows: full shrinkage to market,0.0,0.0,0.0,-0.0,0.0,-0.0,0.0,0.0,0.0,0.0,0.0,0.0,0.0,0.0,-0.0,-0.0,-0.0,0.0,-0.0,0.0,0.0,0.0,0.0,0.0,0.0,0.0,0.0,-0.0,-0.0,0.0,0.0,0.0,0.0,-0.0,-0.0,-0.0,-0.0,1.4,kaelon black,,160.4,176.0,7.0,99.0,131.0
137,Emmett Johnson,KC,RB,162.8,63,188,51,,,162.8,0,0.0,,0.0,7.481169871794871,13.882089022740637,35.36523585755328,inf,1.0,7.481169871794871,22.89390828199863,0.071072072768737,,7.481169871794871,7.481169871794871,,,,,13.882089022740637,pi_market (market-anchored),7.481169871794871,0.0,7.481169871794871,1.4,8.88116987179487,2.634586212552233,7.4745791409013185,1.4065907308935524,,,,,False,6.1125,6.1125,top70,0.0,1.4065907308935524,no NFL rows: full shrinkage to market,0.0,0.0,0.0,-0.0,0.0,-0.0,0.0,0.0,0.0,0.0,0.0,0.0,0.0,0.0,-0.0,-0.0,-0.0,0.0,-0.0,0.0,0.0,0.0,0.0,0.0,0.0,0.0,0.0,-0.0,-0.0,0.0,0.0,0.0,0.0,-0.0,-0.0,-0.0,-0.0,1.4,emmett johnson,,162.8,188.0,7.0,99.0,137.0
138,Jaydon Blue,DAL,RB,168.9,66,202,64,,,168.9,1,5.0,4.08,1.0,7.481169871794871,15.4867051194987,43.81668066802514,43.81668066802514,0.7388563078845868,6.592975813962652,22.647501711156742,0.0785909503926812,8.383241739620614,7.716740249912332,7.716740249912332,,,,,11.442449765890135,pi_market (market-anchored),7.481169871794871,0.0,7.481169871794871,1.4,8.88116987179487,2.391908209556769,7.4745791409013185,1.4065907308935524,18.0,0.278,0.0,0.9444444444444444,False,6.1125,6.1125,top70,0.0,1.4065907308935524,single season,0.0,0.0,0.0,-0.0,0.0,-0.0,0.0,0.0,0.0,0.0,0.0,0.0,0.0,0.0,-0.0,-0.0,-0.0,0.0,-0.0,0.0,0.0,0.0,0.0,0.0,0.0,0.0,0.0,-0.0,-0.0,0.0,0.0,0.0,0.0,-0.0,-0.0,-0.0,-0.0,1.4,jaydon blue,,168.9,202.0,7.0,99.0,137.0
139,Tyrone Tracy Jr.,NYG,RB,153.8,50,159,20,167.44,155.6492201029886,155.6492201029886,2,31.0,10.940416666666666,1.8,7.491790151433535,11.74653700580229,39.64076972639763,22.02264984799868,0.6521522103372729,8.691387262129652,26.77344284736482,-0.0600326782705124,10.386308808331744,8.498642068373103,8.498642068373103,,,,,7.660530072142535,pi_market (market-anchored),7.491790151433535,0.0,7.491790151433535,1.4,8.891790151433534,1.9571062914597328,7.4745791409013185,1.417211010532216,36.0,0.889,4.45,0.5,True,6.1125,6.1125,top70,-1.6624999999999996,1.250961010532216,,0.0,0.0,0.0,-0.0,0.0,-0.0,0.0,0.0,0.0,0.0,0.0,0.0,0.0,0.0,-0.0,-0.0,-0.0,0.0,-0.0,0.0,0.0,0.0,0.0,0.0,0.0,0.0,0.0,-0.0,-0.0,0.0,0.0,0.0,0.0,-0.0,-0.0,-0.0,-0.0,1.4,tyrone tracy,,160.62,178.0,7.0,99.0,139.0
140,Baker Mayfield,TB,QB,128.1,17,126,-14,149.31,135.10610400190234,135.10610400190234,8,,16.9162,2.9767,15.920930567961449,8.540768288565792,,16.093224653007262,0.653293385736417,16.265997063023576,,,,16.265997063023576,16.265997063023576,,,,,5.579627432027371,theta_star,16.265997063023576,0.0,16.265997063023576,0.0,16.265997063023576,1.670273545265471,15.166228061514008,1.0997690015095696,54.0,0.944,11.09,0.1296296296296296,True,10.125,10.6175,top70,0.965,1.1962690015095696,,0.0,0.0,0.0,-0.0,0.0,-0.0,0.0,0.0,0.0,0.0,0.0,0.0,0.0,0.0,-0.0,-0.0,-0.0,0.0,-0.0,0.0,0.0,0.0,0.0,0.0,0.0,0.0,0.0,-0.0,-0.0,0.0,0.0,0.0,0.0,-0.0,-0.0,-0.0,-0.0,0.0,baker mayfield,,138.70499999999998,129.0,,99.0,140.0
141,Tre Tucker,LV,WR,132.3,61,131,-10,168.28,155.6492201029886,155.6492201029886,3,40.0,8.81845738295318,2.3333333333333335,9.338003994797472,10.782394134943546,43.140579588937385,18.48881982383031,0.6316382999991158,9.14662292162881,25.4839151266256,0.0138540065475646,9.864445486394049,9.531924877592989,9.531924877592989,,,,,6.810573101316178,pi_market (market-anchored),9.338003994797472,0.0,9.338003994797472,0.0,9.338003994797472,1.84534185197705,7.920755406757527,1.4172485880399446,54.0,0.87,1.825,0.7037037037037037,True,4.65,4.6875,top70,-2.825,1.1347485880399446,,0.0,0.0,0.0,-0.0,0.0,-0.0,0.0,0.0,0.0,0.0,0.0,0.0,0.0,0.0,-0.0,-0.0,-0.0,0.0,-0.0,0.0,0.0,0.0,0.0,0.0,0.0,0.0,0.0,-0.0,-0.0,0.0,0.0,0.0,0.0,-0.0,-0.0,-0.0,-0.0,0.0,tre tucker,,150.29000000000002,148.0,5.0,99.0,141.0
142,Zach Charbonnet,SEA,RB,135.8,43,132,-10,150.08,135.10610400190234,135.10610400190234,3,49.0,10.567069327731092,2.3333333333333335,7.491790151433535,11.74653700580229,39.64076972639763,16.988901311313267,0.5912177543223429,8.748909679206186,25.645448323066393,-0.0252362525089652,10.734251753167143,8.817250886513772,8.817250886513772,,,,,6.94476122963473,pi_market (market-anchored),7.491790151433535,0.0,7.491790151433535,1.4,8.891790151433534,1.8634324819583257,7.4745791409013185,1.417211010532216,54.0,0.907,3.15,0.4814814814814814,True,6.1125,6.1125,top70,-2.9625,1.120961010532216,,0.0,0.0,0.0,-0.0,0.0,-0.0,0.0,0.0,0.0,0.0,0.0,0.0,0.0,0.0,-0.0,-0.0,-0.0,0.0,-0.0,0.0,0.0,0.0,0.0,0.0,0.0,0.0,0.0,-0.0,-0.0,0.0,0.0,0.0,0.0,-0.0,-0.0,-0.0,-0.0,1.4,zach charbonnet,,142.94,132.0,7.0,99.0,142.0
143,Rashod Bateman,BAL,WR,150.8,70,153,10,,,150.8,5,55.0,7.447666527021365,2.8181818181818183,9.338003994797472,10.782394134943546,43.140579588937385,15.307947596074555,0.5867285202276731,8.556781432220568,26.757015742642025,-0.0375164276808842,8.312568532881329,8.914220764040369,8.914220764040369,,,,,6.326338155306967,pi_market (market-anchored),9.338003994797472,0.0,9.338003994797472,0.0,9.338003994797472,1.778530032823029,7.920755406757527,1.4172485880399446,54.0,0.815,1.625,0.7592592592592593,True,4.65,4.6875,top70,-3.0250000000000004,1.1147485880399446,,0.0,0.0,0.0,-0.0,0.0,-0.0,0.0,0.0,0.0,0.0,0.0,0.0,0.0,0.0,-0.0,-0.0,-0.0,0.0,-0.0,0.0,0.0,0.0,0.0,0.0,0.0,0.0,0.0,-0.0,-0.0,0.0,0.0,0.0,0.0,-0.0,-0.0,-0.0,-0.0,0.0,rashod bateman,,150.8,152.0,5.0,99.0,143.0
144,Tyler Allgeier,ARI,RB,154.4,51,160,16,,,154.4,4,66.0,7.3572058823529405,2.6470588235294117,7.491790151433535,11.74653700580229,39.64076972639763,14.975401896639104,0.5604159919425199,7.432629059009601,26.379192334017795,-0.0477273027917444,8.332418776278425,7.861317051630699,7.861317051630699,,,,,6.582947187996207,pi_market (market-anchored),7.491790151433535,8.881784197001252e-16,7.491790151433536,1.4,8.891790151433536,1.814241878581272,7.4745791409013185,1.4172110105322178,54.0,0.944,2.675,0.6666666666666666,True,6.1125,6.1125,top70,-3.4375,1.0734610105322178,,0.0,0.0,0.0,-0.0,0.0,-0.0,0.0,0.0,0.0,0.0,0.0,0.0,0.0,0.0,-0.0,-0.0,-0.0,0.0,-0.0,0.0,0.0,0.0,0.0,0.0,0.0,0.0,0.0,-0.0,-0.0,0.0,0.0,0.0,0.0,-0.0,-0.0,-0.0,-0.0,1.4,tyler allgeier,,154.4,159.0,7.0,99.0,144.0
145,Malik Washington,MIA,WR,148.5,66,148,3,,,148.5,2,24.0,6.648148148148148,1.8,9.338003994797472,10.782394134943546,43.140579588937385,23.96698866052077,0.6897097655400394,8.503367993477157,25.86447638603696,-0.0043297261818822,8.08580820425784,8.949459869361153,8.949459869361153,,,,,7.436722530772208,pi_market (market-anchored),9.338003994797472,1.7763568394002505e-15,9.338003994797472,0.0,9.338003994797472,1.9283052832438392,7.920755406757527,1.4172485880399464,36.0,0.861,1.2,0.75,True,4.65,4.6875,top70,-3.45,1.0722485880399464,,0.0,0.0,0.0,-0.0,0.0,-0.0,0.0,0.0,0.0,0.0,0.0,0.0,0.0,0.0,-0.0,-0.0,-0.0,0.0,-0.0,0.0,0.0,0.0,0.0,0.0,0.0,0.0,0.0,-0.0,-0.0,0.0,0.0,0.0,0.0,-0.0,-0.0,-0.0,-0.0,0.0,malik washington,,148.5,145.0,5.0,99.0,145.0
146,Calvin Ridley,TEN,WR,143.7,65,142,-4,167.2,155.6492201029886,155.6492201029886,7,87.0,10.44904052834523,2.6458381583213675,9.338003994797472,10.782394134943546,43.140579588937385,16.305071212786352,0.6019415623969713,9.780261461461375,31.698836413415467,-0.1068300664925248,9.757545602756238,9.505006071771,9.505006071771,,,,,6.490371171967857,pi_market (market-anchored),9.338003994797472,0.0,9.338003994797472,0.0,9.338003994797472,1.8014398646593588,7.920755406757527,1.4172485880399446,54.0,0.759,1.05,0.5555555555555556,True,4.65,4.6875,top70,-3.6000000000000005,1.0572485880399445,,0.0,0.0,0.0,-0.0,0.0,-0.0,0.0,0.0,0.0,0.0,0.0,0.0,0.0,0.0,-0.0,-0.0,-0.0,0.0,-0.0,0.0,0.0,0.0,0.0,0.0,0.0,0.0,0.0,-0.0,-0.0,0.0,0.0,0.0,0.0,-0.0,-0.0,-0.0,-0.0,0.0,calvin ridley,,155.45,162.0,5.0,99.0,146.0
147,Brian Robinson,ATL,RB,163.5,64,190,43,166.61,155.6492201029886,155.6492201029886,4,57.0,7.514142857142857,2.6470588235294117,7.491790151433535,11.74653700580229,39.64076972639763,14.975401896639104,0.5604159919425199,7.501616043400168,27.446954140999317,-0.079478727939087,7.899024986854287,7.6708040726084175,7.6708040726084175,,,,,6.582947187996207,pi_market (market-anchored),7.491790151433535,8.881784197001252e-16,7.491790151433536,1.4,8.891790151433536,1.814241878581272,7.4745791409013185,1.4172110105322178,54.0,0.852,2.1,0.5185185185185185,True,6.1125,6.1125,top70,-4.012499999999999,1.015961010532218,,0.0,0.0,0.0,-0.0,0.0,-0.0,0.0,0.0,0.0,0.0,0.0,0.0,0.0,0.0,-0.0,-0.0,-0.0,0.0,-0.0,0.0,0.0,0.0,0.0,0.0,0.0,0.0,0.0,-0.0,-0.0,0.0,0.0,0.0,0.0,-0.0,-0.0,-0.0,-0.0,1.4,brian robinson,,165.055,193.0,7.0,99.0,147.0
148,Jalen McMillan,TB,WR,136.1,62,133,-15,167.38,155.6492201029886,155.6492201029886,2,14.0,10.232323232323232,1.8,9.338003994797472,10.782394134943546,43.140579588937385,23.96698866052077,0.6897097655400394,9.615502520691392,24.733744010951405,0.0441994483783463,11.221884993954996,9.922553871720725,9.922553871720725,,,,,7.436722530772208,pi_market (market-anchored),9.338003994797472,1.7763568394002505e-15,9.338003994797472,0.0,9.338003994797472,1.9283052832438392,7.920755406757527,1.4172485880399464,36.0,0.472,0.0,0.7777777777777778,True,4.65,4.6875,top70,-4.65,0.9522485880399464,,0.0,0.0,0.0,-0.0,0.0,-0.0,0.0,0.0,0.0,0.0,0.0,0.0,0.0,0.0,-0.0,-0.0,-0.0,0.0,-0.0,0.0,0.0,0.0,0.0,0.0,0.0,0.0,0.0,-0.0,-0.0,0.0,0.0,0.0,0.0,-0.0,-0.0,-0.0,-0.0,0.0,jalen mcmillan,,151.74,155.0,5.0,99.0,148.0
149,Ryan Flournoy,DAL,WR,159.0,77,178,29,,,159.0,2,16.0,7.672727272727273,1.8,9.338003994797472,10.782394134943546,43.140579588937385,23.96698866052077,0.6897097655400394,8.821284890265595,26.847364818617383,-0.0395493785095243,8.454917230854399,9.063990795765088,9.063990795765088,,,,,7.436722530772208,pi_market (market-anchored),9.338003994797472,1.7763568394002505e-15,9.338003994797472,0.0,9.338003994797472,1.9283052832438392,7.920755406757527,1.4172485880399464,36.0,0.667,0.0,0.8333333333333334,True,4.65,4.6875,top70,-4.65,0.9522485880399464,,0.0,0.0,0.0,-0.0,0.0,-0.0,0.0,0.0,0.0,0.0,0.0,0.0,0.0,0.0,-0.0,-0.0,-0.0,0.0,-0.0,0.0,0.0,0.0,0.0,0.0,0.0,0.0,0.0,-0.0,-0.0,0.0,0.0,0.0,0.0,-0.0,-0.0,-0.0,-0.0,0.0,ryan flournoy,,159.0,172.0,5.0,99.0,148.0
150,Tank Dell,HOU,WR,157.3,75,170,20,167.91,155.6492201029886,155.6492201029886,2,24.0,12.166666666666666,1.8,9.338003994797472,10.782394134943546,43.140579588937385,23.96698866052077,0.6897097655400394,10.215710398459905,26.84188911704312,-0.0394301610991052,11.734645254131577,10.081658373072663,10.081658373072663,,,,,7.436722530772208,pi_market (market-anchored),9.338003994797472,1.7763568394002505e-15,9.338003994797472,0.0,9.338003994797472,1.9283052832438392,7.920755406757527,1.4172485880399464,36.0,0.667,0.0,0.5555555555555556,True,4.65,4.6875,top70,-4.65,0.9522485880399464,,0.0,0.0,0.0,-0.0,0.0,-0.0,0.0,0.0,0.0,0.0,0.0,0.0,0.0,0.0,-0.0,-0.0,-0.0,0.0,-0.0,0.0,0.0,0.0,0.0,0.0,0.0,0.0,0.0,-0.0,-0.0,0.0,0.0,0.0,0.0,-0.0,-0.0,-0.0,-0.0,0.0,tank dell,,162.60500000000002,185.0,5.0,99.0,148.0
151,Brandon Aiyuk,SF,WR,156.8,74,167,16,,,156.8,5,67.0,11.56957757296467,2.8181818181818183,9.338003994797472,10.782394134943546,43.140579588937385,15.307947596074555,0.5867285202276731,10.260249709667455,28.459958932238195,-0.0504162092422822,11.18103496578877,10.099676131445277,10.099676131445277,,,,,6.326338155306967,pi_market (market-anchored),9.338003994797472,0.0,9.338003994797472,0.0,9.338003994797472,1.778530032823029,7.920755406757527,1.4172485880399446,36.0,0.639,0.0,0.5555555555555556,True,4.65,4.6875,top70,-4.65,0.9522485880399444,,0.0,0.0,0.0,-0.0,0.0,-0.0,0.0,0.0,0.0,0.0,0.0,0.0,0.0,0.0,-0.0,-0.0,-0.0,0.0,-0.0,0.0,0.0,0.0,0.0,0.0,0.0,0.0,0.0,-0.0,-0.0,0.0,0.0,0.0,0.0,-0.0,-0.0,-0.0,-0.0,0.0,brandon aiyuk,,156.8,166.0,5.0,99.0,151.0
152,Jalen Nailor,LV,WR,155.1,72,162,10,,,155.1,4,28.0,7.406666666666666,2.6470588235294117,9.338003994797472,10.782394134943546,43.140579588937385,16.297552289154122,0.6018310388772187,8.56900541727798,27.50171115674196,-0.0471161693094467,8.179532459449918,8.876736587077822,8.876736587077822,,,,,6.489179463816703,pi_market (market-anchored),9.338003994797472,0.0,9.338003994797472,0.0,9.338003994797472,1.8012744743398634,7.920755406757527,1.4172485880399446,54.0,0.648,0.0,0.8333333333333334,True,4.65,4.6875,top70,-4.65,0.9522485880399444,,0.0,0.0,0.0,-0.0,0.0,-0.0,0.0,0.0,0.0,0.0,0.0,0.0,0.0,0.0,-0.0,-0.0,-0.0,0.0,-0.0,0.0,0.0,0.0,0.0,0.0,0.0,0.0,0.0,-0.0,-0.0,0.0,0.0,0.0,0.0,-0.0,-0.0,-0.0,-0.0,0.0,jalen nailor,,155.1,160.0,5.0,99.0,151.0
153,Cooper Kupp,SEA,WR,150.5,68,151,-2,168.79,155.8024390052992,155.8024390052992,9,117.0,11.972698629472545,2.9883040935672516,9.338003994797472,10.782394134943546,43.140579588937385,14.436475752853802,0.5724473704445884,10.464474613928337,33.21286789869952,-0.1542231005791077,10.359972885105346,9.77494948117243,9.77494948117243,,,,,6.172353169645584,pi_market (market-anchored),9.338003994797472,0.0,9.338003994797472,0.0,9.338003994797472,1.756751714051474,7.920755406757527,1.4172485880399446,54.0,0.741,0.0,0.6296296296296297,True,4.65,4.6875,top70,-4.65,0.9522485880399444,,0.0,0.0,0.0,-0.0,0.0,-0.0,0.0,0.0,0.0,0.0,0.0,0.0,0.0,0.0,-0.0,-0.0,-0.0,0.0,-0.0,0.0,0.0,0.0,0.0,0.0,0.0,0.0,0.0,-0.0,-0.0,0.0,0.0,0.0,0.0,-0.0,-0.0,-0.0,-0.0,0.0,cooper kupp,,159.64499999999998,175.0,5.0,99.0,151.0
154,Jauan Jennings,MIN,WR,148.9,67,150,-4,,,148.9,5,63.0,10.97600358422939,2.8181818181818183,9.338003994797472,10.782394134943546,43.140579588937385,15.307947596074555,0.5867285202276731,10.014942508988463,29.144421629021217,-0.0564583567377274,10.68309908218552,9.89389343199682,9.89389343199682,,,,,6.326338155306967,pi_market (market-anchored),9.338003994797472,0.0,9.338003994797472,0.0,9.338003994797472,1.778530032823029,7.920755406757527,1.4172485880399446,54.0,0.796,0.0,0.5740740740740741,True,4.65,4.6875,top70,-4.65,0.9522485880399444,,0.0,0.0,0.0,-0.0,0.0,-0.0,0.0,0.0,0.0,0.0,0.0,0.0,0.0,0.0,-0.0,-0.0,-0.0,0.0,-0.0,0.0,0.0,0.0,0.0,0.0,0.0,0.0,0.0,-0.0,-0.0,0.0,0.0,0.0,0.0,-0.0,-0.0,-0.0,-0.0,0.0,jauan jennings,,148.9,146.0,5.0,99.0,151.0
155,Tyjae Spears,TEN,RB,131.0,42,129,-26,168.51,155.6492201029886,155.6492201029886,3,41.0,9.145184227537168,2.3333333333333335,7.491790151433535,11.74653700580229,39.64076972639763,16.988901311313267,0.5912177543223429,8.167668294853314,25.21286789869952,-0.0118319291400391,10.062109507273536,8.54249106982256,8.54249106982256,,,,,6.94476122963473,pi_market (market-anchored),7.491790151433535,0.0,7.491790151433535,1.4,8.891790151433534,1.8634324819583257,7.4745791409013185,1.417211010532216,54.0,0.778,1.175,0.6296296296296297,True,6.1125,6.1125,top70,-4.9375,0.923461010532216,,0.0,0.0,0.0,-0.0,0.0,-0.0,0.0,0.0,0.0,0.0,0.0,0.0,0.0,0.0,-0.0,-0.0,-0.0,0.0,-0.0,0.0,0.0,0.0,0.0,0.0,0.0,0.0,0.0,-0.0,-0.0,0.0,0.0,0.0,0.0,-0.0,-0.0,-0.0,-0.0,1.4,tyjae spears,,149.755,147.0,7.0,99.0,155.0
156,Harold Fannin Jr.,CLE,TE,81.5,6,84,-72,76.81,69.67356531621753,69.67356531621753,1,,11.65,1.0,10.353369451689588,8.982491813344657,,23.854679408424037,0.7264535439828048,10.708058142943534,,,,10.708058142943534,10.708058142943534,,,,,6.525363011600756,theta_star,10.708058142943534,0.0,10.708058142943534,0.0,10.708058142943534,1.806289430241006,9.786079490785122,0.921978652158412,18.0,0.889,6.025,0.3333333333333333,False,6.5875,3.725,top70,0.0,0.921978652158412,single season: n_eff = 1,0.0,0.0,0.0,-0.0,0.0,-0.0,0.0,0.0,0.0,0.0,0.0,0.0,0.0,0.0,-0.0,-0.0,-0.0,0.0,-0.0,0.0,0.0,0.0,0.0,0.0,0.0,0.0,0.0,-0.0,-0.0,0.0,0.0,0.0,0.0,-0.0,-0.0,-0.0,-0.0,0.0,harold fannin,,79.155,71.0,,99.0,156.0
157,Ray Davis,BUF,RB,158.3,59,175,18,,,158.3,2,26.0,6.1187499999999995,1.8,7.491790151433535,11.74653700580229,39.64076972639763,22.02264984799868,0.6521522103372729,7.014181169639204,26.781656399726216,-0.0602875357571903,7.340623842562005,7.4392072850211,7.4392072850211,,,,,7.660530072142535,pi_market (market-anchored),7.491790151433535,0.0,7.491790151433535,1.4,8.891790151433534,1.9571062914597328,7.4745791409013185,1.417211010532216,36.0,0.944,0.525,0.75,True,6.1125,6.1125,top70,-5.5874999999999995,0.858461010532216,,0.0,0.0,0.0,-0.0,0.0,-0.0,0.0,0.0,0.0,0.0,0.0,0.0,0.0,0.0,-0.0,-0.0,-0.0,0.0,-0.0,0.0,0.0,0.0,0.0,0.0,0.0,0.0,0.0,-0.0,-0.0,0.0,0.0,0.0,0.0,-0.0,-0.0,-0.0,-0.0,1.4,ray davis,,158.3,170.0,7.0,99.0,157.0
158,Sam LaPorta,DET,TE,87.6,7,89,-69,66.41,59.24211636071694,59.24211636071694,3,,11.8916,2.3333,10.353369451689588,6.695175531217138,,11.993668949471097,0.6417555115226373,10.904432067629305,,,,10.904432067629305,10.904432067629305,,,,,4.2966657977701,theta_star,10.904432067629305,0.0,10.904432067629305,0.0,10.904432067629305,1.46571924285828,9.786079490785122,1.1183525768441829,54.0,0.778,3.75,0.4629629629629629,True,6.5875,3.725,top70,-2.8375000000000004,0.8346025768441828,,0.0,0.0,0.0,-0.0,0.0,-0.0,0.0,0.0,0.0,0.0,0.0,0.0,0.0,0.0,-0.0,-0.0,-0.0,0.0,-0.0,0.0,0.0,0.0,0.0,0.0,0.0,0.0,0.0,-0.0,-0.0,0.0,0.0,0.0,0.0,-0.0,-0.0,-0.0,-0.0,0.0,sam laporta,,77.005,68.0,,99.0,158.0
159,Isiah Pacheco,DET,RB,154.8,52,161,2,158.0,135.10610400190234,135.10610400190234,4,50.0,8.348800366300367,2.6470588235294117,7.491790151433535,11.74653700580229,39.64076972639763,14.975401896639104,0.5604159919425199,7.868518136630899,27.50171115674196,-0.0808510692533384,8.402499891499009,7.892123589148502,7.892123589148502,,,,,6.582947187996207,pi_market (market-anchored),7.491790151433535,8.881784197001252e-16,7.491790151433536,1.4,8.891790151433536,1.814241878581272,7.4745791409013185,1.4172110105322178,54.0,0.63,0.0,0.6481481481481481,True,6.1125,6.1125,top70,-6.1125,0.8059610105322177,,0.0,0.0,0.0,-0.0,0.0,-0.0,0.0,0.0,0.0,0.0,0.0,0.0,0.0,0.0,-0.0,-0.0,-0.0,0.0,-0.0,0.0,0.0,0.0,0.0,0.0,0.0,0.0,0.0,-0.0,-0.0,0.0,0.0,0.0,0.0,-0.0,-0.0,-0.0,-0.0,1.4,isiah pacheco,,156.4,165.0,7.0,99.0,159.0
160,Jordan Mason,MIN,RB,118.2,40,118,-42,156.93,135.10610400190234,135.10610400190234,4,43.0,8.030836940836942,2.6470588235294117,7.491790151433535,11.74653700580229,39.64076972639763,14.975401896639104,0.5604159919425199,7.728746499650001,27.274469541409992,-0.0748918561267533,8.301854943709555,7.847881679608478,7.847881679608478,,,,,6.582947187996207,pi_market (market-anchored),7.491790151433535,8.881784197001252e-16,7.491790151433536,1.4,8.891790151433536,1.814241878581272,7.4745791409013185,1.4172110105322178,54.0,0.815,0.0,0.6666666666666666,True,6.1125,6.1125,top70,-6.1125,0.8059610105322177,,0.0,0.0,0.0,-0.0,0.0,-0.0,0.0,0.0,0.0,0.0,0.0,0.0,0.0,0.0,-0.0,-0.0,-0.0,0.0,-0.0,0.0,0.0,0.0,0.0,0.0,0.0,0.0,0.0,-0.0,-0.0,0.0,0.0,0.0,0.0,-0.0,-0.0,-0.0,-0.0,1.4,jordan mason,,137.565,128.0,7.0,99.0,159.0
161,Keaton Mitchell,LAC,RB,159.6,60,180,19,,,159.6,3,20.0,5.228571428571428,2.3333333333333335,7.491790151433535,11.74653700580229,39.64076972639763,16.988901311313267,0.5912177543223429,6.566626519442243,24.621492128678987,0.0078855422074794,7.922197131279424,7.667732883210276,7.667732883210276,,,,,6.94476122963473,pi_market (market-anchored),7.491790151433535,0.0,7.491790151433535,1.4,8.891790151433534,1.8634324819583257,7.4745791409013185,1.417211010532216,54.0,0.444,0.0,0.9074074074074074,True,6.1125,6.1125,top70,-6.1125,0.8059610105322159,,0.0,0.0,0.0,-0.0,0.0,-0.0,0.0,0.0,0.0,0.0,0.0,0.0,0.0,0.0,-0.0,-0.0,-0.0,0.0,-0.0,0.0,0.0,0.0,0.0,0.0,0.0,0.0,0.0,-0.0,-0.0,0.0,0.0,0.0,0.0,-0.0,-0.0,-0.0,-0.0,1.4,keaton mitchell,,159.6,174.0,7.0,99.0,161.0
162,Tank Bigsby,PHI,RB,157.9,58,172,10,167.58,155.6492201029886,155.6492201029886,3,35.0,6.113708513708514,2.3333333333333335,7.491790151433535,11.74653700580229,39.64076972639763,16.988901311313267,0.5912177543223429,6.928454844837157,24.005475701574262,0.0310183565092332,8.868399502199232,8.054523613260399,8.054523613260399,,,,,6.94476122963473,pi_market (market-anchored),7.491790151433535,0.0,7.491790151433535,1.4,8.891790151433534,1.8634324819583257,7.4745791409013185,1.417211010532216,54.0,0.815,0.0,0.8148148148148148,True,6.1125,6.1125,top70,-6.1125,0.8059610105322159,,0.0,0.0,0.0,-0.0,0.0,-0.0,0.0,0.0,0.0,0.0,0.0,0.0,0.0,0.0,-0.0,-0.0,-0.0,0.0,-0.0,0.0,0.0,0.0,0.0,0.0,0.0,0.0,0.0,-0.0,-0.0,0.0,0.0,0.0,0.0,-0.0,-0.0,-0.0,-0.0,1.4,tank bigsby,,162.74,187.0,7.0,99.0,161.0
163,Chris Rodriguez Jr.,JAX,RB,156.0,54,164,1,168.24,155.6492201029886,155.6492201029886,3,24.0,7.234188311688312,2.3333333333333335,7.491790151433535,11.74653700580229,39.64076972639763,16.988901311313267,0.5912177543223429,7.386487092891787,26.93223819301848,-0.0649129268051119,7.966664759862272,7.685910460282332,7.685910460282332,,,,,6.94476122963473,pi_market (market-anchored),7.491790151433535,0.0,7.491790151433535,1.4,8.891790151433534,1.8634324819583257,7.4745791409013185,1.417211010532216,54.0,0.519,0.0,0.8518518518518519,True,6.1125,6.1125,top70,-6.1125,0.8059610105322159,,0.0,0.0,0.0,-0.0,0.0,-0.0,0.0,0.0,0.0,0.0,0.0,0.0,0.0,0.0,-0.0,-0.0,-0.0,0.0,-0.0,0.0,0.0,0.0,0.0,0.0,0.0,0.0,0.0,-0.0,-0.0,0.0,0.0,0.0,0.0,-0.0,-0.0,-0.0,-0.0,1.4,chris rodriguez,,162.12,181.0,7.0,99.0,161.0
164,Malik Davis,DAL,RB,152.1,49,156,-8,,,152.1,2,14.0,5.114814814814815,1.2461538461538462,7.491790151433535,11.74653700580229,39.64076972639763,31.810494224886988,0.7303182362546796,6.850763250275072,27.76454483230664,-0.0868273028670925,6.262360495771144,7.1602353934937,7.1602353934937,,,,,8.578710188177853,pi_market (market-anchored),7.491790151433535,0.0,7.491790151433535,1.4,8.891790151433534,2.071075830115577,7.4745791409013185,1.417211010532216,36.0,0.306,0.0,0.9166666666666666,True,6.1125,6.1125,top70,-6.1125,0.8059610105322159,,0.0,0.0,0.0,-0.0,0.0,-0.0,0.0,0.0,0.0,0.0,0.0,0.0,0.0,0.0,-0.0,-0.0,-0.0,0.0,-0.0,0.0,0.0,0.0,0.0,0.0,0.0,0.0,0.0,-0.0,-0.0,0.0,0.0,0.0,0.0,-0.0,-0.0,-0.0,-0.0,1.4,malik davis,,152.1,156.0,7.0,99.0,161.0
165,Emari Demercado,KC,RB,144.4,47,145,-20,,,144.4,3,31.0,5.596392496392497,2.3333333333333335,7.491790151433535,11.74653700580229,39.64076972639763,16.988901311313267,0.5912177543223429,6.716985241553694,27.613963039014372,-0.083525555450601,6.621491622117189,7.136027564209637,7.136027564209637,,,,,6.94476122963473,pi_market (market-anchored),7.491790151433535,0.0,7.491790151433535,1.4,8.891790151433534,1.8634324819583257,7.4745791409013185,1.417211010532216,54.0,0.667,0.0,0.8148148148148148,True,6.1125,6.1125,top70,-6.1125,0.8059610105322159,,0.0,0.0,0.0,-0.0,0.0,-0.0,0.0,0.0,0.0,0.0,0.0,0.0,0.0,0.0,-0.0,-0.0,-0.0,0.0,-0.0,0.0,0.0,0.0,0.0,0.0,0.0,0.0,0.0,-0.0,-0.0,0.0,0.0,0.0,0.0,-0.0,-0.0,-0.0,-0.0,1.4,emari demercado,,144.4,138.0,7.0,99.0,161.0
166,Alvin Kamara,NO,RB,144.3,46,144,-22,156.69,135.10610400190234,135.10610400190234,9,126.0,13.69174066312031,2.9883040935672516,7.491790151433535,11.74653700580229,39.64076972639763,13.265306503354196,0.5303610067165963,10.403528668149036,31.1047227926078,-0.100244041462722,11.447552342479153,9.34957032450475,9.34957032450475,,,,,6.229905191831054,pi_market (market-anchored),7.491790151433535,0.0,7.491790151433535,1.4,8.891790151433534,1.764922830017088,7.4745791409013185,1.417211010532216,54.0,0.704,0.0,0.4074074074074074,True,6.1125,6.1125,top70,-6.1125,0.8059610105322159,,0.0,0.0,0.0,-0.0,0.0,-0.0,0.0,0.0,0.0,0.0,0.0,0.0,0.0,0.0,-0.0,-0.0,-0.0,0.0,-0.0,0.0,0.0,0.0,0.0,0.0,0.0,0.0,0.0,-0.0,-0.0,0.0,0.0,0.0,0.0,-0.0,-0.0,-0.0,-0.0,1.4,alvin kamara,,150.495,150.0,7.0,99.0,161.0
167,Braelon Allen,NYJ,RB,156.9,57,168,1,,,156.9,2,21.0,4.220588235294118,1.8,7.491790151433535,11.74653700580229,39.64076972639763,22.02264984799868,0.6521522103372729,6.353909795363961,22.61464750171116,0.0795504687838272,8.488010568007153,7.83832322135555,7.83832322135555,,,,,7.660530072142535,pi_market (market-anchored),7.491790151433535,0.0,7.491790151433535,1.4,8.891790151433534,1.9571062914597328,7.4745791409013185,1.417211010532216,36.0,0.583,0.0,0.8888888888888888,True,6.1125,6.1125,top70,-6.1125,0.8059610105322159,,0.0,0.0,0.0,-0.0,0.0,-0.0,0.0,0.0,0.0,0.0,0.0,0.0,0.0,0.0,-0.0,-0.0,-0.0,0.0,-0.0,0.0,0.0,0.0,0.0,0.0,0.0,0.0,0.0,-0.0,-0.0,0.0,0.0,0.0,0.0,-0.0,-0.0,-0.0,-0.0,1.4,braelon allen,,156.9,168.0,7.0,99.0,161.0
168,James Conner,ARI,RB,161.1,62,186,18,,,161.1,9,105.0,13.376917390068074,2.9883040935672516,7.486475067347081,11.74653700580229,39.64076972639763,13.265306503354196,0.5303610067165963,10.252856469783724,31.326488706365502,-0.1003712913062825,11.246834427211198,9.25248645149749,9.25248645149749,,,,,6.229905191831054,pi_market (market-anchored),7.486475067347081,8.881784197001252e-16,7.486475067347082,1.4,8.886475067347082,1.764922830017088,7.4745791409013185,1.4118959264457631,54.0,0.593,0.0,0.5555555555555556,True,6.1125,6.1125,top70,-6.1125,0.800645926445763,,0.0,0.0,0.0,-0.0,0.0,-0.0,0.0,0.0,0.0,0.0,0.0,0.0,0.0,0.0,-0.0,-0.0,-0.0,0.0,-0.0,0.0,0.0,0.0,0.0,0.0,0.0,0.0,0.0,-0.0,-0.0,0.0,0.0,0.0,0.0,-0.0,-0.0,-0.0,-0.0,1.4,james conner,,161.1,180.0,7.0,99.0,168.0
169,Najee Harris,NYG,RB,163.6,65,191,22,,,163.6,5,71.0,8.0116761543327,2.8181818181818183,7.481169871794871,11.74653700580229,39.64076972639763,14.06607958033464,0.5449304038355045,7.722587151552089,28.48186173853525,-0.0974539919076429,7.911461997015056,7.676982735451584,7.676982735451584,,,,,6.40104515424054,pi_market (market-anchored),7.481169871794871,8.881784197001252e-16,7.481169871794872,1.4,8.881169871794873,1.7890004407825812,7.4745791409013185,1.406590730893554,54.0,0.685,0.0,0.5555555555555556,True,6.1125,6.1125,top70,-6.1125,0.7953407308935541,,0.0,0.0,0.0,-0.0,0.0,-0.0,0.0,0.0,0.0,0.0,0.0,0.0,0.0,0.0,-0.0,-0.0,-0.0,0.0,-0.0,0.0,0.0,0.0,0.0,0.0,0.0,0.0,0.0,-0.0,-0.0,0.0,0.0,0.0,0.0,-0.0,-0.0,-0.0,-0.0,1.4,najee harris,,163.6,191.0,7.0,99.0,169.0
170,Justice Hill,BAL,RB,170.1,67,203,33,,,170.1,6,66.0,7.653414986097913,2.778512396694215,7.481169871794871,11.74653700580229,39.64076972639763,14.266904035972972,0.5484435532024233,7.558948263587796,28.79671457905544,-0.0993049427825585,7.654442460733883,7.559412226383588,7.559412226383588,,,,,6.442312493285963,pi_market (market-anchored),7.481169871794871,0.0,7.481169871794871,1.4,8.88116987179487,1.7947579911071525,7.4745791409013185,1.4065907308935524,54.0,0.759,0.0,0.7037037037037037,True,6.1125,6.1125,top70,-6.1125,0.7953407308935523,,0.0,0.0,0.0,-0.0,0.0,-0.0,0.0,0.0,0.0,0.0,0.0,0.0,0.0,0.0,-0.0,-0.0,-0.0,0.0,-0.0,0.0,0.0,0.0,0.0,0.0,0.0,0.0,0.0,-0.0,-0.0,0.0,0.0,0.0,0.0,-0.0,-0.0,-0.0,-0.0,1.4,justice hill,,170.1,203.0,7.0,99.0,170.0
171,Ty Johnson,BUF,RB,181.9,68,204,33,,,181.9,7,84.0,5.898552680914886,2.953488372093023,7.481169871794871,11.74653700580229,39.64076972639763,13.42167793885904,0.5332788983394326,6.742529032960412,28.955509924709105,-0.0997404354412957,6.540208081729517,7.04200314851507,7.04200314851507,,,,,6.264180313757624,pi_market (market-anchored),7.481169871794871,0.0,7.481169871794871,1.4,8.88116987179487,1.7697712159708137,7.4745791409013185,1.4065907308935524,54.0,0.796,0.0,0.8518518518518519,True,6.1125,6.1125,top70,-6.1125,0.7953407308935523,,0.0,0.0,0.0,-0.0,0.0,-0.0,0.0,0.0,0.0,0.0,0.0,0.0,0.0,0.0,-0.0,-0.0,-0.0,0.0,-0.0,0.0,0.0,0.0,0.0,0.0,0.0,0.0,0.0,-0.0,-0.0,0.0,0.0,0.0,0.0,-0.0,-0.0,-0.0,-0.0,1.4,ty johnson,,181.9,204.0,7.0,99.0,170.0
172,Tyler Shough,NO,QB,136.7,18,134,-38,155.18,135.10610400190234,135.10610400190234,1,,15.796,1.0,15.693481275118744,17.020112734744988,,49.5820100337899,0.744450896949701,15.71967984330801,,,,15.71967984330801,15.71967984330801,,,,,12.670638191565931,theta_star,15.71967984330801,0.0,15.71967984330801,0.0,15.71967984330801,2.517005978495674,15.166228061514008,0.5534517817940028,18.0,0.611,0.0,0.5555555555555556,False,10.125,10.6175,top70,0.0,0.5534517817940028,single season: n_eff = 1,0.0,0.0,0.0,-0.0,0.0,-0.0,0.0,0.0,0.0,0.0,0.0,0.0,0.0,0.0,-0.0,-0.0,-0.0,0.0,-0.0,0.0,0.0,0.0,0.0,0.0,0.0,0.0,0.0,-0.0,-0.0,0.0,0.0,0.0,0.0,-0.0,-0.0,-0.0,-0.0,0.0,tyler shough,,145.94,140.0,,99.0,172.0
173,Dallas Goedert,PHI,TE,105.3,9,105,-68,101.74,88.557584133917,88.557584133917,8,,11.7846,2.9767,10.353369451689588,6.695175531217138,,9.401292625995536,0.5840593435885442,10.948676425429948,,,,10.948676425429948,10.948676425429948,,,,,3.9103798259727647,theta_star,10.948676425429948,0.0,10.948676425429948,0.0,10.948676425429948,1.398281056507018,9.786079490785122,1.1625969346448262,54.0,0.722,0.0,0.5370370370370371,True,6.5875,3.725,top70,-6.5875,0.5038469346448261,,0.0,0.0,0.0,-0.0,0.0,-0.0,0.0,0.0,0.0,0.0,0.0,0.0,0.0,0.0,-0.0,-0.0,-0.0,0.0,-0.0,0.0,0.0,0.0,0.0,0.0,0.0,0.0,0.0,-0.0,-0.0,0.0,0.0,0.0,0.0,-0.0,-0.0,-0.0,-0.0,0.0,dallas goedert,,103.52,94.0,,99.0,173.0
174,Jaylin Noel,HOU,WR,163.3,80,189,15,,,163.3,1,8.0,7.725,1.0,8.413288726154798,9.389576648040723,39.731751511831725,39.731751511831725,0.8088492921551105,8.281721848948651,23.991786447638603,0.0643010027222142,9.60866828071272,8.641786374151854,8.641786374151854,,,,,7.594752425403894,pi_market (market-anchored),8.413288726154798,0.0,8.413288726154798,0.0,8.413288726154798,1.9486857655101677,7.920755406757527,0.4925333193972712,18.0,0.944,0.0,0.7777777777777778,False,4.65,4.6875,top70,0.0,0.4925333193972712,single season,0.0,0.0,0.0,-0.0,0.0,-0.0,0.0,0.0,0.0,0.0,0.0,0.0,0.0,0.0,-0.0,-0.0,-0.0,0.0,-0.0,0.0,0.0,0.0,0.0,0.0,0.0,0.0,0.0,-0.0,-0.0,0.0,0.0,0.0,0.0,-0.0,-0.0,-0.0,-0.0,0.0,jaylin noel,,163.3,189.0,5.0,99.0,174.0
175,Antonio Williams,WAS,WR,161.0,78,185,10,,,161.0,0,0.0,,0.0,8.413288726154798,10.782394134943546,43.140579588937385,inf,1.0,8.413288726154798,28.85968514715948,-0.053466890071857,,8.413288726154798,8.413288726154798,,,,,10.782394134943546,pi_market (market-anchored),8.413288726154798,0.0,8.413288726154798,0.0,8.413288726154798,2.321895145666955,7.920755406757527,0.4925333193972712,,,,,False,4.65,4.6875,top70,0.0,0.4925333193972712,no NFL rows: full shrinkage to market,0.0,0.0,0.0,-0.0,0.0,-0.0,0.0,0.0,0.0,0.0,0.0,0.0,0.0,0.0,-0.0,-0.0,-0.0,0.0,-0.0,0.0,0.0,0.0,0.0,0.0,0.0,0.0,0.0,-0.0,-0.0,0.0,0.0,0.0,0.0,-0.0,-0.0,-0.0,-0.0,0.0,antonio williams,,161.0,179.0,5.0,99.0,174.0
176,Tucker Kraft,GB,TE,110.6,10,113,-63,100.26,88.557584133917,88.557584133917,3,,12.4089,2.3333,10.059453965152493,6.695175531217138,,11.993668949471097,0.6417555115226373,10.901130058111605,,,,10.901130058111605,10.901130058111605,,,,,4.2966657977701,theta_star,10.901130058111605,0.0,10.901130058111605,0.0,10.901130058111605,1.46571924285828,9.786079490785122,1.1150505673264828,54.0,0.722,0.0,0.6481481481481481,True,6.5875,3.725,top70,-6.5875,0.4563005673264827,,0.0,0.0,0.0,-0.0,0.0,-0.0,0.0,0.0,0.0,0.0,0.0,0.0,0.0,0.0,-0.0,-0.0,-0.0,0.0,-0.0,0.0,0.0,0.0,0.0,0.0,0.0,0.0,0.0,-0.0,-0.0,0.0,0.0,0.0,0.0,-0.0,-0.0,-0.0,-0.0,0.0,tucker kraft,,105.43,96.0,,99.0,176.0
177,Kyle Pitts,ATL,TE,78.5,5,80,-97,65.97,59.24211636071694,59.24211636071694,5,,10.3472,2.8182,10.353369451689588,6.695175531217138,,9.930036108083495,0.5972878014141912,10.350884938235604,,,,10.350884938235604,10.350884938235604,,,,,3.9989466731227745,theta_star,10.350884938235604,1.7763568394002505e-15,10.350884938235604,0.0,10.350884938235604,1.4140273464687263,9.786079490785122,0.5648054474504836,54.0,0.944,3.725,0.5740740740740741,True,6.5875,3.725,top70,-2.8625000000000003,0.2785554474504835,,0.0,0.0,0.0,-0.0,0.0,-0.0,0.0,0.0,0.0,0.0,0.0,0.0,0.0,0.0,-0.0,-0.0,-0.0,0.0,-0.0,0.0,0.0,0.0,0.0,0.0,0.0,0.0,0.0,-0.0,-0.0,0.0,0.0,0.0,0.0,-0.0,-0.0,-0.0,-0.0,0.0,kyle pitts,,72.235,63.0,,99.0,177.0
178,Malik Willis,MIA,QB,159.9,24,182,4,167.16,155.6492201029886,155.6492201029886,3,,18.5738,2.0864,15.56658179584737,8.540768288565792,,22.9604590800454,0.7288750629102129,16.381913642263513,,,,16.381913642263513,16.381913642263513,,,,,6.225153023629942,theta_star,16.381913642263513,0.0,16.381913642263513,0.0,16.381913642263513,1.7642495605256563,15.166228061514008,1.215685580749506,54.0,0.222,0.0,0.9074074074074074,True,10.125,10.6175,top70,-10.125,0.203185580749506,,0.0,0.0,0.0,-0.0,0.0,-0.0,0.0,0.0,0.0,0.0,0.0,0.0,0.0,0.0,-0.0,-0.0,-0.0,0.0,-0.0,0.0,0.0,0.0,0.0,0.0,0.0,0.0,0.0,-0.0,-0.0,0.0,0.0,0.0,0.0,-0.0,-0.0,-0.0,-0.0,0.0,malik willis,,163.53,190.0,,99.0,178.0
179,Omar Cooper Jr.,NYJ,WR,166.3,82,195,16,,,166.3,0,0.0,,0.0,8.115833333333333,11.422710913543565,36.420213460414466,inf,1.0,8.115833333333333,22.715947980835043,0.0901286053054733,,8.115833333333333,8.115833333333333,,,,,11.422710913543565,pi_market (market-anchored),8.115833333333333,0.0,8.115833333333333,0.0,8.115833333333333,2.3898442327423313,7.920755406757527,0.1950779265758058,,,,,False,4.65,4.6875,top70,0.0,0.1950779265758058,no NFL rows: full shrinkage to market,0.0,0.0,0.0,-0.0,0.0,-0.0,0.0,0.0,0.0,0.0,0.0,0.0,0.0,0.0,-0.0,-0.0,-0.0,0.0,-0.0,0.0,0.0,0.0,0.0,0.0,0.0,0.0,0.0,-0.0,-0.0,0.0,0.0,0.0,0.0,-0.0,-0.0,-0.0,-0.0,0.0,omar cooper,,166.3,195.0,5.0,99.0,179.0
180,Jordan Love,GB,QB,148.4,21,147,-33,159.42,141.0899819977556,141.0899819977556,5,,15.2994,2.8182,15.56658179584737,8.540768288565792,,16.99833291626099,0.6655807023094602,15.477231047324397,,,,15.477231047324397,15.477231047324397,,,,,5.684570555765986,theta_star,15.477231047324397,0.0,15.477231047324397,0.0,15.477231047324397,1.6859078497601798,15.166228061514008,0.31100298581039,54.0,0.87,8.945,0.2407407407407407,True,10.125,10.6175,top70,-1.1799999999999995,0.19300298581039,,0.0,0.0,0.0,-0.0,0.0,-0.0,0.0,0.0,0.0,0.0,0.0,0.0,0.0,0.0,-0.0,-0.0,-0.0,0.0,-0.0,0.0,0.0,0.0,0.0,0.0,0.0,0.0,0.0,-0.0,-0.0,0.0,0.0,0.0,0.0,-0.0,-0.0,-0.0,-0.0,0.0,jordan love,,153.91,158.0,,99.0,180.0
181,Jake Ferguson,DAL,TE,141.1,14,140,-41,112.55,100.27302497070912,100.27302497070912,4,,10.2421,2.6471,10.059453965152493,6.695175531217138,,10.571881591100038,0.612257289485432,10.130273633769004,,,,10.130273633769004,10.130273633769004,,,,,4.099170023372191,theta_star,10.130273633769004,-1.7763568394002505e-15,10.130273633769002,0.0,10.130273633769002,1.4316371787873126,9.786079490785122,0.3441941429838806,54.0,0.889,3.725,0.4814814814814814,True,6.5875,3.725,top70,-2.8625000000000003,0.0579441429838805,,0.0,0.0,0.0,-0.0,0.0,-0.0,0.0,0.0,0.0,0.0,0.0,0.0,0.0,0.0,-0.0,-0.0,-0.0,0.0,-0.0,0.0,0.0,0.0,0.0,0.0,0.0,0.0,0.0,-0.0,-0.0,0.0,0.0,0.0,0.0,-0.0,-0.0,-0.0,-0.0,0.0,jake ferguson,,126.82499999999999,119.0,,99.0,181.0
182,C.J. Stroud,HOU,QB,159.3,23,179,-3,166.01,155.6492201029886,155.6492201029886,3,,14.8445,2.3333,15.56658179584737,8.540768288565792,,20.5308797945428,0.7062165769154242,15.354446134116271,,,,15.354446134116271,15.354446134116271,,,,,6.031632144978739,theta_star,15.354446134116271,0.0,15.354446134116271,0.0,15.354446134116271,1.7366105126047606,15.166228061514008,0.1882180726022646,54.0,0.852,8.8,0.2407407407407407,True,10.125,10.6175,top70,-1.3249999999999993,0.0557180726022647,,0.0,0.0,0.0,-0.0,0.0,-0.0,0.0,0.0,0.0,0.0,0.0,0.0,0.0,0.0,-0.0,-0.0,-0.0,0.0,-0.0,0.0,0.0,0.0,0.0,0.0,0.0,0.0,0.0,-0.0,-0.0,0.0,0.0,0.0,0.0,-0.0,-0.0,-0.0,-0.0,0.0,cj stroud,,162.655,186.0,,99.0,182.0
183,Devaughn Vele,NO,WR,163.8,81,192,9,,,163.8,2,20.0,7.875,1.8,8.413288726154798,10.782394134943546,43.140579588937385,23.96698866052077,0.6897097655400394,8.246262991109072,28.720054757015745,-0.0522542327410504,8.465998135339166,8.429643941088862,8.429643941088862,,,,,7.436722530772208,pi_market (market-anchored),8.413288726154798,1.7763568394002505e-15,8.4132887261548,0.0,8.4132887261548,1.9283052832438392,7.920755406757527,0.4925333193972729,36.0,0.611,0.0,0.75,True,4.65,4.6875,top70,-4.65,0.0275333193972728,,0.0,0.0,0.0,-0.0,0.0,-0.0,0.0,0.0,0.0,0.0,0.0,0.0,0.0,0.0,-0.0,-0.0,-0.0,0.0,-0.0,0.0,0.0,0.0,0.0,0.0,0.0,0.0,0.0,-0.0,-0.0,0.0,0.0,0.0,0.0,-0.0,-0.0,-0.0,-0.0,0.0,devaughn vele,,163.8,192.0,5.0,99.0,183.0
184,Adonai Mitchell,NYJ,WR,162.4,79,187,3,,,162.4,2,25.0,5.867350427350427,1.8,8.413288726154798,10.782394134943546,43.140579588937385,23.96698866052077,0.6897097655400394,7.623308934498196,23.89869952087611,0.0663770830781371,8.275766290881005,8.37061685747019,8.37061685747019,,,,,7.436722530772208,pi_market (market-anchored),8.413288726154798,1.7763568394002505e-15,8.4132887261548,0.0,8.4132887261548,1.9283052832438392,7.920755406757527,0.4925333193972729,36.0,0.917,0.0,0.8611111111111112,True,4.65,4.6875,top70,-4.65,0.0275333193972728,,0.0,0.0,0.0,-0.0,0.0,-0.0,0.0,0.0,0.0,0.0,0.0,0.0,0.0,0.0,-0.0,-0.0,-0.0,0.0,-0.0,0.0,0.0,0.0,0.0,0.0,0.0,0.0,0.0,-0.0,-0.0,0.0,0.0,0.0,0.0,-0.0,-0.0,-0.0,-0.0,0.0,adonai mitchell,,162.4,183.0,5.0,99.0,183.0
185,Mark Andrews,BAL,TE,138.6,12,136,-49,123.29,100.27302497070912,100.27302497070912,8,,10.5989,2.9767,10.059453965152493,6.695175531217138,,9.401292625995536,0.5840593435885442,10.283831502985525,,,,10.283831502985525,10.283831502985525,,,,,3.9103798259727647,theta_star,10.283831502985525,0.0,10.283831502985525,0.0,10.283831502985525,1.398281056507018,9.786079490785122,0.4977520122004026,54.0,0.815,1.6,0.5370370370370371,True,6.5875,3.725,top70,-4.987500000000001,-0.0009979877995974,,0.0,0.0,0.0,-0.0,0.0,-0.0,0.0,0.0,0.0,0.0,0.0,0.0,0.0,0.0,-0.0,-0.0,-0.0,0.0,-0.0,0.0,0.0,0.0,0.0,0.0,0.0,0.0,0.0,-0.0,-0.0,0.0,0.0,0.0,0.0,-0.0,-0.0,-0.0,-0.0,0.0,mark andrews,,130.945,122.0,,99.0,185.0
186,Kyler Murray,MIN,QB,145.0,20,146,-40,150.52,135.10610400190234,135.10610400190234,7,,16.9978,2.9535,15.693481275118744,8.540768288565792,,16.219638335739536,0.6550634883280957,16.14338842618763,,,,16.14338842618763,16.14338842618763,,,,,5.594745468109887,theta_star,16.14338842618763,0.0,16.14338842618763,0.0,16.14338842618763,1.6725348229722885,15.166228061514008,0.9771603646736242,54.0,0.556,0.0,0.4629629629629629,True,10.125,10.6175,top70,-10.125,-0.0353396353263757,,0.0,0.0,0.0,-0.0,0.0,-0.0,0.0,0.0,0.0,0.0,0.0,0.0,0.0,0.0,-0.0,-0.0,-0.0,0.0,-0.0,0.0,0.0,0.0,0.0,0.0,0.0,0.0,0.0,-0.0,-0.0,0.0,0.0,0.0,0.0,-0.0,-0.0,-0.0,-0.0,0.0,kyler murray,,147.76,142.0,,99.0,186.0
187,Isaac TeSlaa,DET,WR,167.7,86,199,12,,,167.7,1,5.0,10.12,1.0,7.737402755974185,9.389576648040723,39.731751511831725,39.731751511831725,0.8088492921551105,8.192837905679003,24.528405201916495,0.0505907433915365,11.2086009658104,8.40092475085429,8.40092475085429,,,,,7.594752425403894,pi_market (market-anchored),7.737402755974185,0.0,7.737402755974185,0.0,7.737402755974185,1.9486857655101677,7.920755406757527,-0.183352650783342,18.0,0.778,0.0,0.6666666666666666,False,4.65,4.6875,top70,0.0,-0.183352650783342,single season,0.0,0.0,0.0,-0.0,0.0,-0.0,0.0,0.0,0.0,0.0,0.0,0.0,0.0,0.0,-0.0,-0.0,-0.0,0.0,-0.0,0.0,0.0,0.0,0.0,0.0,0.0,0.0,0.0,-0.0,-0.0,0.0,0.0,0.0,0.0,-0.0,-0.0,-0.0,-0.0,0.0,isaac teslaa,,167.7,199.0,5.0,99.0,187.0
188,Germie Bernard,PIT,WR,167.2,83,196,8,,,167.2,0,0.0,,0.0,7.737402755974185,11.422710913543565,36.420213460414466,inf,1.0,7.737402755974185,22.748802190280628,0.0895222466930964,,7.737402755974185,7.737402755974185,,,,,11.422710913543565,pi_market (market-anchored),7.737402755974185,-8.881784197001252e-16,7.737402755974184,0.0,7.737402755974184,2.3898442327423313,7.920755406757527,-0.1833526507833429,,,,,False,4.65,4.6875,top70,0.0,-0.1833526507833429,no NFL rows: full shrinkage to market,0.0,0.0,0.0,-0.0,0.0,-0.0,0.0,0.0,0.0,0.0,0.0,0.0,0.0,0.0,-0.0,-0.0,-0.0,0.0,-0.0,0.0,0.0,0.0,0.0,0.0,0.0,0.0,0.0,-0.0,-0.0,0.0,0.0,0.0,0.0,-0.0,-0.0,-0.0,-0.0,0.0,germie bernard,,167.2,197.0,5.0,99.0,188.0
189,Oronde Gadsden II,LAC,TE,158.6,20,177,-12,,,158.6,1,,9.7923,1.0,9.359024349638846,8.982491813344657,,23.854679408424037,0.7264535439828048,9.477545368273685,,,,9.477545368273685,9.477545368273685,,,,,6.525363011600756,theta_star,9.477545368273685,0.0,9.477545368273685,0.0,9.477545368273685,1.806289430241006,9.786079490785122,-0.3085341225114373,18.0,0.833,1.875,0.6111111111111112,False,6.5875,3.725,top70,0.0,-0.3085341225114373,single season: n_eff = 1,0.0,0.0,0.0,-0.0,0.0,-0.0,0.0,0.0,0.0,0.0,0.0,0.0,0.0,0.0,-0.0,-0.0,-0.0,0.0,-0.0,0.0,0.0,0.0,0.0,0.0,0.0,0.0,0.0,-0.0,-0.0,0.0,0.0,0.0,0.0,-0.0,-0.0,-0.0,-0.0,0.0,oronde gadsden,,158.6,171.0,,99.0,189.0
190,Kenyon Sadiq,NYJ,TE,159.6,21,180,-10,136.44,119.44739385910852,119.44739385910852,0,,,0.0,9.359024349638846,10.681481772496603,,inf,1.0,9.359024349638846,,,,9.359024349638846,9.359024349638846,,,,,10.681481772496603,theta_star,9.359024349638846,0.0,9.359024349638846,0.0,9.359024349638846,2.3110043025161815,9.786079490785122,-0.4270551411462762,,,,,False,6.5875,3.725,top70,0.0,-0.4270551411462762,no NFL rows: full shrinkage to market,0.0,0.0,0.0,-0.0,0.0,-0.0,0.0,0.0,0.0,0.0,0.0,0.0,0.0,0.0,-0.0,-0.0,-0.0,0.0,-0.0,0.0,0.0,0.0,0.0,0.0,0.0,0.0,0.0,-0.0,-0.0,0.0,0.0,0.0,0.0,-0.0,-0.0,-0.0,-0.0,0.0,kenyon sadiq,,148.01999999999998,143.0,,99.0,190.0
191,Hunter Henry,NE,TE,158.1,19,174,-17,142.83,119.44739385910852,119.44739385910852,9,,9.9315,2.9709,9.359024349638846,6.695175531217138,,9.419646490895325,0.5845330763175578,9.5968690469775,,,,9.5968690469775,9.5968690469775,,,,,3.913551549748392,theta_star,9.5968690469775,0.0,9.5968690469775,0.0,9.5968690469775,1.3988480170748343,9.786079490785122,-0.1892104438076209,54.0,0.852,2.5,0.5370370370370371,True,6.5875,3.725,top70,-4.0875,-0.597960443807621,,0.0,0.0,0.0,-0.0,0.0,-0.0,0.0,0.0,0.0,0.0,0.0,0.0,0.0,0.0,-0.0,-0.0,-0.0,0.0,-0.0,0.0,0.0,0.0,0.0,0.0,0.0,0.0,0.0,-0.0,-0.0,0.0,0.0,0.0,0.0,-0.0,-0.0,-0.0,-0.0,0.0,hunter henry,,150.465,149.0,,99.0,191.0
192,Dalton Schultz,HOU,TE,157.6,18,171,-21,167.6,155.6492201029886,155.6492201029886,7,,9.509,2.9307,9.359024349638846,6.695175531217138,,9.548854457911393,0.5878377757429685,9.420838647276094,,,,9.420838647276094,9.420838647276094,,,,,3.9356770924794304,theta_star,9.420838647276094,0.0,9.420838647276094,0.0,9.420838647276094,1.4027966874211368,9.786079490785122,-0.3652408435090279,54.0,0.907,3.925,0.5370370370370371,True,6.5875,3.725,top70,-2.6625000000000005,-0.6314908435090281,,0.0,0.0,0.0,-0.0,0.0,-0.0,0.0,0.0,0.0,0.0,0.0,0.0,0.0,0.0,-0.0,-0.0,-0.0,0.0,-0.0,0.0,0.0,0.0,0.0,0.0,0.0,0.0,0.0,-0.0,-0.0,0.0,0.0,0.0,0.0,-0.0,-0.0,-0.0,-0.0,0.0,dalton schultz,,162.6,184.0,,99.0,192.0
193,Dontayvion Wicks,PHI,WR,167.3,84,197,4,,,167.3,3,40.0,6.8636904761904765,2.3333333333333335,7.737402755974185,10.782394134943546,43.140579588937385,18.48881982383031,0.6316382999991158,7.415560615281409,25.21013004791239,0.02619787269493,8.570995923602984,8.04446655231105,8.04446655231105,,,,,6.810573101316178,pi_market (market-anchored),7.737402755974185,0.0,7.737402755974185,0.0,7.737402755974185,1.84534185197705,7.920755406757527,-0.183352650783342,54.0,0.833,0.0,0.7037037037037037,True,4.65,4.6875,top70,-4.65,-0.6483526507833421,,0.0,0.0,0.0,-0.0,0.0,-0.0,0.0,0.0,0.0,0.0,0.0,0.0,0.0,0.0,-0.0,-0.0,-0.0,0.0,-0.0,0.0,0.0,0.0,0.0,0.0,0.0,0.0,0.0,-0.0,-0.0,0.0,0.0,0.0,0.0,-0.0,-0.0,-0.0,-0.0,0.0,dontayvion wicks,,167.3,198.0,5.0,99.0,193.0
194,Xavier Hutchinson,HOU,WR,167.8,87,200,6,,,167.8,3,26.0,4.652380952380952,2.3333333333333335,7.737402755974185,10.782394134943546,43.140579588937385,18.48881982383031,0.6316382999991158,6.600998879862788,26.250513347022583,-0.0213810595339711,6.44666878742491,7.261945797070486,7.261945797070486,,,,,6.810573101316178,pi_market (market-anchored),7.737402755974185,0.0,7.737402755974185,0.0,7.737402755974185,1.84534185197705,7.920755406757527,-0.183352650783342,54.0,0.778,0.0,0.9444444444444444,True,4.65,4.6875,top70,-4.65,-0.6483526507833421,,0.0,0.0,0.0,-0.0,0.0,-0.0,0.0,0.0,0.0,0.0,0.0,0.0,0.0,0.0,-0.0,-0.0,-0.0,0.0,-0.0,0.0,0.0,0.0,0.0,0.0,0.0,0.0,0.0,-0.0,-0.0,0.0,0.0,0.0,0.0,-0.0,-0.0,-0.0,-0.0,0.0,xavier hutchinson,,167.8,200.0,5.0,99.0,193.0
195,Kayshon Boutte,NE,WR,168.3,88,201,6,,,168.3,3,27.0,8.365677179962894,2.3333333333333335,7.737402755974185,10.782394134943546,43.140579588937385,18.48881982383031,0.6316382999991158,7.968834990861742,24.320328542094455,0.0563413362066624,9.990552158972164,8.567376700418498,8.567376700418498,,,,,6.810573101316178,pi_market (market-anchored),7.737402755974185,0.0,7.737402755974185,0.0,7.737402755974185,1.84534185197705,7.920755406757527,-0.183352650783342,54.0,0.593,0.0,0.7962962962962963,True,4.65,4.6875,top70,-4.65,-0.6483526507833421,,0.0,0.0,0.0,-0.0,0.0,-0.0,0.0,0.0,0.0,0.0,0.0,0.0,0.0,0.0,-0.0,-0.0,-0.0,0.0,-0.0,0.0,0.0,0.0,0.0,0.0,0.0,0.0,0.0,-0.0,-0.0,0.0,0.0,0.0,0.0,-0.0,-0.0,-0.0,-0.0,0.0,kayshon boutte,,168.3,201.0,5.0,99.0,193.0
196,Daniel Jones,IND,QB,158.5,22,176,-20,159.99,141.0899819977556,141.0899819977556,7,,15.3445,2.9535,15.56658179584737,8.540768288565792,,16.219638335739536,0.6550634883280957,15.489977675881946,,,,15.489977675881946,15.489977675881946,,,,,5.594745468109887,theta_star,15.489977675881946,0.0,15.489977675881946,0.0,15.489977675881946,1.6725348229722885,15.166228061514008,0.323749614367939,54.0,0.537,0.0,0.6111111111111112,True,10.125,10.6175,top70,-10.125,-0.6887503856320609,,0.0,0.0,0.0,-0.0,0.0,-0.0,0.0,0.0,0.0,0.0,0.0,0.0,0.0,0.0,-0.0,-0.0,-0.0,0.0,-0.0,0.0,0.0,0.0,0.0,0.0,0.0,0.0,0.0,-0.0,-0.0,0.0,0.0,0.0,0.0,-0.0,-0.0,-0.0,-0.0,0.0,daniel jones,,159.245,173.0,,99.0,196.0
197,Dalton Kincaid,BUF,TE,153.4,17,158,-39,137.02,119.44739385910852,119.44739385910852,3,,10.108,2.3333,9.359024349638846,6.695175531217138,,11.993668949471097,0.6417555115226373,9.627340748384478,,,,9.627340748384478,9.627340748384478,,,,,4.2966657977701,theta_star,9.627340748384478,0.0,9.627340748384478,0.0,9.627340748384478,1.46571924285828,9.786079490785122,-0.1587387424006436,54.0,0.759,0.0,0.6111111111111112,True,6.5875,3.725,top70,-6.5875,-0.8174887424006437,,0.0,0.0,0.0,-0.0,0.0,-0.0,0.0,0.0,0.0,0.0,0.0,0.0,0.0,0.0,-0.0,-0.0,-0.0,0.0,-0.0,0.0,0.0,0.0,0.0,0.0,0.0,0.0,0.0,-0.0,-0.0,0.0,0.0,0.0,0.0,-0.0,-0.0,-0.0,-0.0,0.0,dalton kincaid,,145.21,139.0,,99.0,197.0
198,Juwan Johnson,NO,TE,160.3,22,183,-15,164.21,155.6492201029886,155.6492201029886,6,,9.2564,2.9077,9.359024349638846,6.695175531217138,,9.624386202084434,0.5897453840592414,9.31692223649159,,,,9.31692223649159,9.31692223649159,,,,,3.9484488650016862,theta_star,9.31692223649159,0.0,9.31692223649159,0.0,9.31692223649159,1.4050709706277626,9.786079490785122,-0.4691572542935311,54.0,0.833,3.05,0.5740740740740741,True,6.5875,3.725,top70,-3.5375000000000005,-0.8229072542935312,,0.0,0.0,0.0,-0.0,0.0,-0.0,0.0,0.0,0.0,0.0,0.0,0.0,0.0,0.0,-0.0,-0.0,-0.0,0.0,-0.0,0.0,0.0,0.0,0.0,0.0,0.0,0.0,0.0,-0.0,-0.0,0.0,0.0,0.0,0.0,-0.0,-0.0,-0.0,-0.0,0.0,juwan johnson,,162.255,182.0,,99.0,198.0
199,Sam Darnold,SEA,QB,140.1,19,139,-60,163.16,155.45819373709452,155.45819373709452,8,,14.6325,2.9767,15.693481275118744,8.540768288565792,,16.093224653007262,0.653293385736417,15.325632049425264,,,,15.325632049425264,15.325632049425264,,,,,5.579627432027371,theta_star,15.325632049425264,1.7763568394002505e-15,15.325632049425266,0.0,15.325632049425266,1.670273545265471,15.166228061514008,0.1594039879112596,54.0,0.815,0.0,0.5,True,10.125,10.6175,top70,-10.125,-0.8530960120887403,,0.0,0.0,0.0,-0.0,0.0,-0.0,0.0,0.0,0.0,0.0,0.0,0.0,0.0,0.0,-0.0,-0.0,-0.0,0.0,-0.0,0.0,0.0,0.0,0.0,0.0,0.0,0.0,0.0,-0.0,-0.0,0.0,0.0,0.0,0.0,-0.0,-0.0,-0.0,-0.0,0.0,sam darnold,,151.63,154.0,,99.0,199.0
200,T.J. Hockenson,MIN,TE,153.1,16,157,-43,133.75,119.44739385910852,119.44739385910852,7,,9.5258,2.9535,9.359024349638846,6.695175531217138,,9.475140599221572,0.5859588967086264,9.428076323916514,,,,9.428076323916514,9.428076323916514,,,,,3.923097667542586,theta_star,9.428076323916514,0.0,9.428076323916514,0.0,9.428076323916514,1.4005530456827735,9.786079490785122,-0.3580031668686079,54.0,0.741,0.3,0.5185185185185185,True,6.5875,3.725,top70,-6.2875000000000005,-0.986753166868608,,0.0,0.0,0.0,-0.0,0.0,-0.0,0.0,0.0,0.0,0.0,0.0,0.0,0.0,0.0,-0.0,-0.0,-0.0,0.0,-0.0,0.0,0.0,0.0,0.0,0.0,0.0,0.0,0.0,-0.0,-0.0,0.0,0.0,0.0,0.0,-0.0,-0.0,-0.0,-0.0,0.0,tj hockenson,,143.425,133.0,,99.0,200.0
201,Pat Freiermuth,PIT,TE,152.0,15,155,-46,168.87,155.8024390052992,155.8024390052992,5,,8.9306,2.8182,9.359024349638846,6.695175531217138,,9.930036108083495,0.5972878014141912,9.186492637868092,,,,9.186492637868092,9.186492637868092,,,,,3.9989466731227745,theta_star,9.186492637868092,0.0,9.186492637868092,0.0,9.186492637868092,1.4140273464687263,9.786079490785122,-0.5995868529170298,54.0,0.796,1.8,0.7037037037037037,True,6.5875,3.725,top70,-4.7875000000000005,-1.07833685291703,,0.0,0.0,0.0,-0.0,0.0,-0.0,0.0,0.0,0.0,0.0,0.0,0.0,0.0,0.0,-0.0,-0.0,-0.0,0.0,-0.0,0.0,0.0,0.0,0.0,0.0,0.0,0.0,0.0,-0.0,-0.0,0.0,0.0,0.0,0.0,-0.0,-0.0,-0.0,-0.0,0.0,pat freiermuth,,160.435,177.0,,99.0,201.0
202,Isaiah Likely,NYG,TE,139.2,13,137,-65,129.95,119.44739385910852,119.44739385910852,4,,7.5689,2.6471,10.059453965152493,6.695175531217138,,10.571881591100038,0.612257289485432,9.09375982002146,,,,9.09375982002146,9.09375982002146,,,,,4.099170023372191,theta_star,9.09375982002146,0.0,9.09375982002146,0.0,9.09375982002146,1.4316371787873126,9.786079490785122,-0.692319670763661,54.0,0.759,0.0,0.7037037037037037,True,6.5875,3.725,top70,-6.5875,-1.351069670763661,,0.0,0.0,0.0,-0.0,0.0,-0.0,0.0,0.0,0.0,0.0,0.0,0.0,0.0,0.0,-0.0,-0.0,-0.0,0.0,-0.0,0.0,0.0,0.0,0.0,0.0,0.0,0.0,0.0,-0.0,-0.0,0.0,0.0,0.0,0.0,-0.0,-0.0,-0.0,-0.0,0.0,isaiah likely,,134.575,125.0,,99.0,202.0
203,Brenton Strange,JAX,TE,163.8,23,192,-11,167.65,155.6492201029886,155.6492201029886,3,,8.8983,2.3333,6.988390887251563,6.695175531217138,,11.993668949471097,0.6417555115226373,7.6726053003863806,,,,7.6726053003863806,7.6726053003863806,,,,,4.2966657977701,theta_star,7.6726053003863806,0.0,7.6726053003863806,0.0,7.6726053003863806,1.46571924285828,9.786079490785122,-2.1134741903987413,54.0,0.611,0.0,0.7222222222222222,True,6.5875,3.725,top70,-6.5875,-2.7722241903987412,,0.0,0.0,0.0,-0.0,0.0,-0.0,0.0,0.0,0.0,0.0,0.0,0.0,0.0,0.0,-0.0,-0.0,-0.0,0.0,-0.0,0.0,0.0,0.0,0.0,0.0,0.0,0.0,0.0,-0.0,-0.0,0.0,0.0,0.0,0.0,-0.0,-0.0,-0.0,-0.0,0.0,brenton strange,,165.72500000000002,194.0,,99.0,203.0
204,Chig Okonkwo,WAS,TE,164.8,24,194,-10,168.95,164.80000000000004,164.80000000000004,4,,7.1616,2.6471,5.751710643142784,6.695175531217138,,10.571881591100038,0.612257289485432,6.2983849638962415,,,,6.2983849638962415,6.2983849638962415,,,,,4.099170023372191,theta_star,6.2983849638962415,0.0,6.2983849638962415,0.0,6.2983849638962415,1.4316371787873126,9.786079490785122,-3.4876945268888804,54.0,0.926,3.525,0.6666666666666666,True,6.5875,3.725,top70,-3.0625000000000004,-3.79394452688888,,0.0,0.0,0.0,-0.0,0.0,-0.0,0.0,0.0,0.0,0.0,0.0,0.0,0.0,0.0,-0.0,-0.0,-0.0,0.0,-0.0,0.0,0.0,0.0,0.0,0.0,0.0,0.0,0.0,-0.0,-0.0,0.0,0.0,0.0,0.0,-0.0,-0.0,-0.0,-0.0,0.0,chig okonkwo,,166.875,196.0,,99.0,204.0
