year,name,pos,adp,stdev,team,gsis_id,games,ppg,rookie_season,exp,tier,in_fit,adp_rank,adp_dec,m_iso_deep,resid_iso,age,total_pts,M,ppsw,G_cur,G1,miss1,G2,miss2,m_hat,tau2,sig2,mu_hat,n_eff,B,theta_star,p_avail,m_hat_ppsw,SV
2015,Adrian Peterson,RB,1.8,1.0,MIN,00-0025394,16,16.29375,2007,8,vet,True,1,1,19.40125646412411,-3.1075064641241106,30.4476386036961,260.7,16,16.29375,16,1.0,0,14.0,0,20.00055688184365,11.59851580187455,41.79689107219314,14.741186741363213,2.9766536964980546,0.5476413020697247,17.62143505316255,0.5848308180407685,15.266514705882352,10.305558277193327
2015,LeVeon Bell,RB,3.1,1.7,PIT,00-0030496,6,18.533333333333335,2013,2,vet,True,2,1,19.40125646412411,-0.8679231307907749,23.534565366187543,111.2,16,6.95,6,16.0,0,13.0,0,20.00055688184365,11.59851580187455,41.79689107219314,20.99903846153846,1.8,0.6668912895167592,20.333159793297057,0.8190250838012072,15.266514705882352,16.65336790364846
2015,Eddie Lacy,RB,4.0,1.6,GB,00-0030485,15,9.373333333333331,2013,2,vet,True,3,1,19.40125646412411,-10.027923130790777,25.248459958932237,140.6,16,8.7875,15,16.0,0,14.0,0,20.00055688184365,11.59851580187455,41.79689107219314,17.108333333333334,1.8,0.6668912895167592,19.037132025170116,0.8049785323720927,15.266514705882352,15.324482598195205
2015,Jamaal Charles,RB,4.5,1.6,KC,00-0026213,5,20.22,2008,7,vet,True,4,1,19.40125646412411,0.818743535875889,28.67898699520876,101.1,16,6.31875,5,15.0,0,15.0,0,20.00055688184365,11.59851580187455,41.79689107219314,18.067860892388452,2.953488372093023,0.5495760340285852,19.13002428925619,0.7625054194637662,15.266514705882352,14.586747195031327
2015,Marshawn Lynch,RB,8.6,2.3,SEA,00-0025399,7,11.814285714285711,2007,8,vet,True,5,1,16.783941579810566,-4.969655865524853,29.360711841204655,82.69999999999999,16,5.168749999999999,7,16.0,0,16.0,0,17.181799561918158,11.59851580187455,41.79689107219314,17.50935746606335,2.9766536964980546,0.5476413020697247,17.329973228934048,0.7667197011956219,14.782360757944687,13.28723189581644
2015,CJ Anderson,RB,10.7,3.0,DEN,00-0029854,15,9.42,2013,2,vet,True,6,2,16.783941579810566,-7.363941579810566,24.555783709787818,141.3,16,8.83125,15,13.0,0,2.0,0,17.181799561918158,11.59851580187455,41.79689107219314,11.46923076923077,1.8,0.6668912895167592,15.278893137839258,0.7510330160778461,13.589313025210084,11.474953195642524
2015,Matt Forte,RB,13.7,3.1,CHI,00-0026184,13,16.515384615384615,2008,7,vet,True,7,2,16.113404977375566,0.401979638009049,29.724845995893222,214.7,16,13.41875,13,16.0,0,16.0,0,16.73683473389356,11.59851580187455,41.79689107219314,20.131197506561683,2.953488372093023,0.5495760340285852,18.26573707590446,0.7625333342452685,13.589313025210084,13.92823339493685
2015,Jeremy Hill,RB,14.4,2.8,CIN,00-0031301,16,10.64375,2014,1,soph,True,8,2,15.764732142857142,-5.120982142857141,22.863791923340177,170.3,16,10.64375,16,16.0,0,0.0,1,16.73683473389356,14.182837797689519,42.20029001999936,13.18125,1.0,0.7484559947871501,15.842448709056308,0.8148681347596922,13.589313025210084,12.909506629574807
2015,DeMarco Murray,RB,17.6,3.4,PHI,00-0028009,15,12.293333333333331,2011,4,vet,True,9,2,15.48991409805029,-3.1965807647169573,27.550992470910334,184.4,16,11.525,15,16.0,0,14.0,0,15.796890043896346,11.59851580187455,41.79689107219314,19.32024175824176,2.6470588235294117,0.5765180295644926,17.288965970424663,0.7808481369224871,13.589313025210084,13.500056867322376
2015,Justin Forsett,RB,19.3,3.2,BAL,00-0026373,10,12.24,2008,7,vet,True,10,2,15.48991409805029,-3.24991409805029,29.880903490759753,122.4,16,7.65,10,16.0,0,5.0,0,15.796890043896346,11.59851580187455,41.79689107219314,10.263914399092972,2.9076923076923076,0.553441358828994,13.32609195832068,0.7240912725383806,12.07330882352941,9.6493068840639
2015,Lamar Miller,RB,22.3,3.0,MIA,00-0029615,16,14.49375,2012,3,vet,True,11,2,14.434106455309395,0.0596435446906049,24.35318275154004,231.9,16,14.49375,16,16.0,0,16.0,0,14.411619335481229,11.59851580187455,41.79689107219314,10.991071428571429,2.3333333333333335,0.6069827715017946,13.067285077162202,0.8190272898792529,11.859637605042016,10.702463082827762
2015,LeSean McCoy,RB,24.4,4.2,BUF,00-0027029,12,14.891666666666666,2009,6,vet,True,12,3,14.434106455309395,0.4575602113572703,27.137577002053387,178.7,16,11.16875,12,16.0,0,16.0,0,14.411619335481229,11.59851580187455,41.79689107219314,15.863062169312169,2.9076923076923076,0.553441358828994,15.059773675094167,0.7911545270998311,10.995542279411763,11.914608120149612
2015,Frank Gore,RB,27.7,3.4,IND,00-0023500,16,12.0875,2005,10,vet,True,13,3,13.416324058711414,-1.3288240587114135,32.30116358658453,193.4,16,12.0875,16,16.0,0,16.0,0,13.32737273327163,11.59851580187455,41.79689107219314,11.58703924456124,2.9941463414634146,0.5461893464563848,12.537590855376129,0.7314592494438106,10.697585063437138,9.170736796907006
2015,Mark Ingram II,RB,31.0,3.2,NO,00-0027966,12,16.95,2011,4,vet,True,14,3,13.416324058711414,3.5336759412885854,25.694729637234772,203.4,16,12.7125,12,13.0,0,11.0,0,13.32737273327163,11.59851580187455,41.79689107219314,10.81307808857809,2.6470588235294117,0.5765180295644926,12.262614282881366,0.766436968115148,10.697585063437138,9.398520912137105
2015,Latavius Murray,RB,33.2,4.1,LV,00-0030513,16,12.8,2013,2,vet,True,15,3,13.416324058711414,-0.6163240587114149,25.61806981519507,204.79999999999998,16,12.799999999999999,16,9.0,0,0.0,1,13.32737273327163,11.59851580187455,41.79689107219314,9.455555555555556,1.0,0.7827806457355128,12.486339106097994,0.7229828213202858,10.697585063437138,9.027408674888543
2015,Arian Foster,RB,37.5,4.8,HOU,00-0026796,4,19.25,2009,6,vet,True,16,3,13.416324058711414,5.833675941288586,29.021218343600275,77.0,16,4.8125,4,13.0,0,7.0,0,12.545384199134197,11.59851580187455,41.79689107219314,19.51217948717949,2.9076923076923076,0.553441358828994,15.65646683628027,0.7121915302678314,10.697585063437138,11.150403074718
2015,Doug Martin,RB,38.0,4.8,TB,00-0029613,16,14.51875,2012,3,vet,True,17,3,13.416324058711414,1.1024259412885868,26.63107460643395,232.3,16,14.51875,16,11.0,0,6.0,0,12.545384199134197,11.59851580187455,41.79689107219314,10.322402597402597,2.3333333333333335,0.6069827715017946,11.671714131019142,0.7195526993146385,10.697585063437138,8.398413408603634
2015,Ameer Abdullah,RB,41.5,6.0,DET,00-0032104,16,7.3125,2015,0,rookie,True,18,4,12.035856922066072,-4.723356922066072,22.217659137577,117.0,16,7.3125,16,0.0,1,0.0,1,12.393826862963692,13.61444579872405,37.80547548127103,,0.0,1.0,12.393826862963692,0.7389028989187325,9.967090792838874,9.157834597740733
2015,Andre Ellington,RB,43.7,5.7,ARI,00-0030287,10,7.470000000000001,2013,2,vet,True,19,4,12.035856922066072,-4.565856922066072,26.573579739904176,74.7,16,4.66875,10,12.0,0,15.0,0,12.393826862963692,11.59851580187455,41.79689107219314,13.534444444444444,1.8,0.6668912895167592,12.773776514685258,0.7599444706232223,9.967090792838874,9.707360831311838
2015,Carlos Hyde,RB,44.7,5.6,SF,00-0031045,7,11.614285714285714,2014,1,soph,True,20,4,12.035856922066072,-0.4215712077803584,24.947296372347708,81.3,16,5.08125,7,14.0,0,0.0,1,12.393826862963692,14.182837797689519,42.20029001999936,5.292857142857143,1.0,0.7484559947871501,10.60762049867292,0.777265506116392,9.967090792838874,8.244937515591623
2015,Chris Ivory,RB,47.6,6.3,NYJ,00-0027531,15,13.513333333333334,2010,5,vet,True,21,4,12.035856922066072,1.4774764112672614,27.444216290212182,202.70000000000002,16,12.668750000000001,15,16.0,0,15.0,0,12.393826862963692,11.59851580187455,41.79689107219314,8.246827956989247,2.8181818181818183,0.5611554932256225,10.573939173477454,0.7849709209381719,9.967090792838874,8.300234770948808
2015,Alfred Morris,RB,48.2,6.9,WAS,00-0029141,16,6.0375,2012,3,vet,True,22,4,11.36028003858886,-5.322780038588862,26.718685831622178,96.6,16,6.0375,16,16.0,0,16.0,0,12.221754298119674,11.59851580187455,41.79689107219314,12.144642857142857,2.3333333333333335,0.6069827715017946,12.191448173301463,0.7955415441684166,9.866640328950615,9.698803505437468
2015,Melvin Gordon III,RB,51.8,7.1,LAC,00-0032144,14,7.735714285714286,2015,0,rookie,True,23,4,11.36028003858886,-3.624565752874576,22.38466803559206,108.3,16,6.76875,14,0.0,1,0.0,1,11.537015605747671,13.61444579872405,37.80547548127103,,0.0,1.0,11.537015605747671,0.7368393667172867,8.939456599713056,8.500927272746567
2015,Jonathan Stewart,RB,53.0,6.1,CAR,00-0026153,13,12.523076923076925,2008,7,vet,True,24,4,11.36028003858886,1.1627968844880634,28.449007529089666,162.8,16,10.175,13,13.0,0,6.0,0,11.537015605747671,11.59851580187455,41.79689107219314,9.272381457125551,2.953488372093023,0.5495760340285852,10.516970111050997,0.7160941542148036,8.939456599713056,7.531140816575433
2015,Joseph Randle,RB,56.6,5.9,DAL,00-0030388,6,12.35,2013,2,vet,True,25,5,11.36028003858886,0.9897199614111384,23.67419575633128,74.1,16,4.63125,6,12.0,0,4.0,0,11.537015605747671,11.59851580187455,41.79689107219314,6.111111111111112,1.8,0.6668912895167592,9.729599556334067,0.7587412779989092,8.939456599713056,7.382248801790531
2015,C.J. Spiller,RB,57.9,6.4,NO,00-0027861,13,6.238461538461538,2010,5,vet,True,26,5,11.36028003858886,-5.121818500127324,28.073921971252567,81.1,16,5.06875,13,9.0,0,15.0,0,11.537015605747671,11.59851580187455,41.79689107219314,9.681318484383,2.8181818181818183,0.5611554932256225,10.72265311779976,0.7125790856435439,8.939456599713056,7.6407383543546485
2015,Todd Gurley,RB,60.2,6.3,LAR,00-0032241,13,16.03076923076923,2015,0,rookie,True,27,5,11.36028003858886,4.670489192180369,21.078713210130047,208.4,16,13.025,13,0.0,1,0.0,1,11.537015605747671,13.61444579872405,37.80547548127103,,0.0,1.0,11.537015605747671,0.7526939755521627,8.939456599713056,8.683842142297557
2015,TJ Yeldon,RB,63.1,6.1,JAX,00-0032209,12,12.991666666666667,2015,0,rookie,True,28,5,10.925918745824406,2.065747920842261,21.913757700205338,155.9,16,9.74375,12,0.0,1,0.0,1,10.83131085522043,13.61444579872405,37.80547548127103,,0.0,1.0,10.83131085522043,0.7426309082280272,8.142351499423299,8.043666217712438
2015,LeGarrette Blount,RB,68.5,7.9,NE,00-0027325,12,10.216666666666669,2010,5,vet,True,29,5,10.925918745824406,-0.7092520791577392,28.739219712525667,122.6,16,7.6625,12,15.0,0,15.0,0,10.83131085522043,11.59851580187455,41.79689107219314,6.846742289968096,2.8181818181818183,0.5611554932256225,9.082704828493581,0.7618079174857912,8.142351499423299,6.919276450532836
2015,Danny Woodhead,RB,69.0,6.8,LAC,00-0026019,16,15.19375,2008,7,vet,True,30,5,10.925918745824406,4.267831254175594,30.598220396988363,243.1,16,15.19375,16,2.0,0,16.0,0,10.83131085522043,11.59851580187455,41.79689107219314,8.723499622071051,2.9076923076923076,0.553441358828994,9.89004953510026,0.6028655383760945,8.142351499423299,5.962370037544462
2015,Giovani Bernard,RB,75.5,8.4,CIN,00-0030456,16,11.325,2013,2,vet,True,31,6,10.925918745824406,0.3990812541755932,23.77549623545517,181.2,16,11.325,16,13.0,0,16.0,0,10.83131085522043,11.59851580187455,41.79689107219314,14.279647435897436,1.8,0.6668912895167592,11.979981806921934,0.8018802600289194,8.142351499423299,9.606510926476284
2015,Shane Vereen,RB,77.9,8.3,NYG,00-0027994,16,9.9,2011,4,vet,True,32,6,10.925918745824406,-1.0259187458244057,26.49965776865161,158.4,16,9.9,16,16.0,0,8.0,0,10.83131085522043,11.59851580187455,41.79689107219314,11.355555555555556,2.6470588235294117,0.5765180295644926,11.053319033908721,0.7743707439631519,8.142351499423299,8.559366883549963
2015,Ryan Mathews,RB,78.9,9.0,PHI,00-0027864,12,10.375,2010,5,vet,True,33,6,10.925918745824406,-0.550918745824406,27.89322381930185,124.5,16,7.78125,12,6.0,0,16.0,0,10.83131085522043,11.59851580187455,41.79689107219314,12.087096774193549,2.8181818181818183,0.5611554932256225,11.382405607446398,0.6874739049261119,8.142351499423299,7.825106830404048
2015,Joique Bell,RB,80.5,8.7,DET,00-0027218,13,8.13076923076923,2010,5,vet,True,34,6,9.51747964997965,-1.38671041921042,29.075975359342916,105.7,16,6.60625,13,15.0,0,16.0,0,9.602899659863946,11.59851580187455,41.79689107219314,12.865833333333333,2.3333333333333335,0.6069827715017946,10.885288808984352,0.7610675076633967,7.772931985294117,8.284439624049986
2015,Rashad Jennings,RB,81.7,8.6,NYG,00-0027155,16,10.30625,2009,6,vet,True,35,6,9.51747964997965,0.78877035002035,30.43394934976044,164.9,16,10.30625,16,10.0,0,15.0,0,9.602899659863946,11.59851580187455,41.79689107219314,12.051617873651772,2.580429948109711,0.5827295924904135,10.624677306807339,0.6914077967842978,7.772931985294117,7.3459847282437885
2015,Darren McFadden,RB,84.6,9.1,DAL,00-0026144,16,12.23125,2008,7,vet,True,36,6,9.4762971493062,2.7549528506937992,28.01368925393566,195.7,16,12.23125,16,16.0,0,10.0,0,9.416106205080936,11.59851580187455,41.79689107219314,9.83400645024267,2.953488372093023,0.5495760340285852,9.60433849088711,0.7633819894301535,7.363186795994993,7.331779024334001
2015,Alfred Blue,RB,86.4,7.9,HOU,00-0031075,14,7.978571428571428,2014,1,soph,True,37,6,9.4762971493062,-1.4977257207347725,24.347707049965777,111.69999999999999,16,6.981249999999999,14,15.0,0,0.0,1,9.416106205080936,14.182837797689519,42.20029001999936,6.473333333333333,1.0,0.7484559947871501,8.675869330489824,0.792100506763996,7.363186795994993,6.872160493299201
2015,Tevin Coleman,RB,88.9,8.3,ATL,00-0032058,11,3.8454545454545457,2015,0,rookie,True,38,6,9.4762971493062,-5.630842603851654,22.376454483230663,42.599999999999994,16,2.6624999999999996,11,0.0,1,0.0,1,9.416106205080936,13.61444579872405,37.80547548127103,,0.0,1.0,9.416106205080936,0.73694109665908,7.363186795994993,6.939115633030713
2015,Isaiah Crowell,RB,95.4,9.5,CLE,00-0030656,16,8.612499999999999,2014,1,soph,True,39,7,9.4762971493062,-0.8637971493062011,22.64476386036961,137.79999999999998,16,8.612499999999999,16,15.0,0,0.0,1,9.416106205080936,14.182837797689519,42.20029001999936,8.16,1.0,0.7484559947871501,9.100140219282164,0.8094469832847664,7.078279411764706,7.36608104796632
2015,Devonta Freeman,RB,96.2,10.0,ATL,00-0031285,15,21.09333333333333,2014,1,soph,True,40,7,9.4762971493062,11.61703618402713,23.463381245722108,316.4,16,19.775,15,16.0,0,0.0,1,9.416106205080936,14.182837797689519,42.20029001999936,5.45625,1.0,0.7484559947871501,8.420028115187922,0.8090200150625723,7.078279411764706,6.811971272576614
2015,Bishop Sankey,RB,100.2,9.8,TEN,00-0031413,9,6.577777777777778,2014,1,soph,True,41,7,9.4762971493062,-2.8985193715284217,22.9596167008898,59.2,16,3.7,9,16.0,0,0.0,1,9.416106205080936,14.182837797689519,42.20029001999936,6.0125,1.0,0.7484559947871501,8.55994946808757,0.8139428809911687,7.078279411764706,6.967309931194019
2015,Duke Johnson,RB,101.8,9.1,CLE,00-0032257,16,10.26875,2015,0,rookie,True,42,7,9.4762971493062,0.7924528506938007,21.93839835728953,164.3,16,10.26875,16,0.0,1,0.0,1,9.416106205080936,13.61444579872405,37.80547548127103,,0.0,1.0,9.416106205080936,0.742329936637743,7.078279411764706,6.989857522591991
2015,Darren Sproles,RB,106.4,10.3,PHI,00-0023564,16,10.09375,2005,10,vet,True,43,7,8.801446416016189,1.292303583983811,32.199863107460644,161.5,16,10.09375,16,15.0,0,14.0,0,8.751402933828201,11.59851580187455,41.79689107219314,12.172125487962902,2.9824846003530547,0.5471564580496747,10.300455051271921,0.7158783759436492,7.007950367647059,7.3738730335851015
2015,Tre Mason,RB,109.0,11.0,LAR,00-0031391,13,3.9615384615384617,2014,1,soph,True,44,8,8.801446416016189,-4.839907954477727,22.069815195071868,51.5,16,3.21875,13,12.0,0,0.0,1,8.751402933828201,14.182837797689519,42.20029001999936,11.275,1.0,0.7484559947871501,9.386198647396453,0.7915943181562489,7.00361475840336,7.4300615183649015
2015,Ronnie Hillman,RB,114.0,9.6,DEN,00-0029683,16,10.0875,2012,3,vet,True,45,8,8.801446416016189,1.2860535839838114,23.964407939767284,161.4,16,10.0875,16,8.0,0,8.0,0,8.751402933828201,11.59851580187455,41.79689107219314,9.614285714285716,2.3333333333333335,0.6069827715017946,9.090530732722439,0.7308386532713926,7.00361475840336,6.643711238225073
2015,David Johnson,RB,118.0,10.1,ARI,00-0032187,15,14.4,2015,0,rookie,True,46,8,8.801446416016189,5.598553583983811,23.709787816564,217.8,16,13.6125,15,0.0,1,0.0,1,8.751402933828201,13.61444579872405,37.80547548127103,,0.0,1.0,8.751402933828201,0.7200992736343972,7.00361475840336,6.30187889593162
2015,Knile Davis,RB,121.2,10.6,KC,00-0030280,6,2.783333333333333,2013,2,vet,True,47,8,8.514685960281549,-5.731352626948215,23.906913073237508,17.6,16,1.1,6,15.0,0,10.0,0,8.751402933828201,11.59851580187455,41.79689107219314,7.747777777777777,1.8,0.6668912895167592,8.417086652287704,0.7996536672299489,7.00361475840336,6.730754208894116
2015,Matt Jones,RB,124.4,12.8,WAS,00-0031939,13,8.8,2015,0,rookie,True,48,8,8.514685960281549,0.2853140397184521,22.48596851471595,114.4,16,7.15,13,0.0,1,0.0,1,8.751402933828201,13.61444579872405,37.80547548127103,,0.0,1.0,8.751402933828201,0.7355826197205527,7.00361475840336,6.437379896295479
2015,DeAngelo Williams,RB,129.1,12.2,PIT,00-0024242,14,16.664285714285715,2006,9,vet,True,49,9,8.371889717425432,8.292395996860282,32.35318275154004,233.4,16,14.5875,14,6.0,0,15.0,0,7.614535663639766,11.59851580187455,41.79689107219314,7.658880297784408,2.9883040935672516,0.5466734180541375,7.634638265064196,0.6191609849693303,5.5726614763552496,4.727070148081687
2015,Reggie Bush,RB,129.5,11.3,SF,00-0024217,3,2.9333333333333336,2006,9,vet,False,50,9,7.491790151433535,-4.558456818100201,30.49965776865161,8.700000000000001,16,0.5437500000000001,3,11.0,0,14.0,0,7.614535663639766,11.59851580187455,41.79689107219314,12.41533530722376,2.9883040935672516,0.5466734180541375,9.790865756672613,0.6973275470460422,5.5726614763552496,6.827440401557604
2015,David Cobb,RB,130.4,10.3,TEN,00-0032133,7,3.057142857142857,2015,0,rookie,True,51,9,7.491790151433535,-4.434647294290678,22.245037645448324,21.4,16,1.3375,7,0.0,1,0.0,1,7.614535663639766,13.61444579872405,37.80547548127103,,0.0,1.0,7.614535663639766,0.7385653330049856,5.5726614763552496,5.623832068094443
2015,Roy Helu,RB,142.7,13.3,LV,00-0028043,6,4.033333333333333,2011,4,vet,True,52,9,7.491790151433535,-3.458456818100202,26.732375085557837,26.4,16,1.65,6,13.0,0,15.0,0,7.614535663639766,11.59851580187455,41.79689107219314,8.609960927960929,2.6470588235294117,0.5765180295644926,8.036080315995779,0.7670556920575198,5.5726614763552496,6.164121148215955
2015,Cameron Artis-Payne,RB,145.8,15.5,CAR,00-0031599,5,7.0200000000000005,2015,0,rookie,True,53,9,7.491790151433535,-0.4717901514335345,25.190965092402465,35.1,16,2.19375,5,0.0,1,0.0,1,7.614535663639766,13.61444579872405,37.80547548127103,,0.0,1.0,7.614535663639766,0.7006371252332403,5.5726614763552496,5.33502637735855
2015,Christine Michael,RB,148.8,17.4,SEA,00-0030432,6,4.733333333333333,2013,2,vet,True,54,9,7.491790151433535,-2.7584568181002016,24.810403832991103,28.9,16,1.80625,6,8.0,0,2.0,0,7.614535663639766,11.59851580187455,41.79689107219314,2.8083333333333336,1.8,0.6668912895167592,6.013547803069844,0.6985112093586029,5.5726614763552496,4.200530548458087
2015,Fred Jackson,RB,149.9,19.3,,00-0024204,13,5.707692307692308,2006,9,vet,True,55,9,7.491790151433535,-1.7840978437412272,34.52703627652293,77.7,16,4.85625,13,14.0,0,16.0,0,7.614535663639766,11.59851580187455,41.79689107219314,13.884394957983194,2.9766536964980546,0.5476413020697247,10.450761050234993,0.6815247233503798,5.5726614763552496,7.122452033562329
2015,Charles Sims,RB,150.3,17.2,TB,00-0031390,16,11.25,2014,1,soph,True,56,9,7.491790151433535,3.758209848566465,24.95003422313484,180.0,16,11.25,16,8.0,0,0.0,1,7.614535663639766,14.182837797689519,42.20029001999936,7.5625,1.0,0.7484559947871501,7.6014464043939105,0.7216080836068639,5.5726614763552496,5.485265172514976
2015,Jonas Gray,RB,150.9,16.7,NE,00-0029104,6,5.366666666666666,2012,3,vet,True,57,9,7.491790151433535,-2.1251234847668687,25.180013689253936,32.199999999999996,16,2.0124999999999997,6,7.0,0,0.0,1,7.614535663639766,11.59851580187455,41.79689107219314,10.357142857142858,1.0,0.7827806457355128,8.210283027213645,0.7085251199474605,5.5726614763552496,5.817191766659147
2015,Denard Robinson,RB,154.2,17.2,JAX,00-0030547,11,6.1,2013,2,vet,True,58,10,7.491790151433535,-1.3917901514335351,24.941820670773442,68.0,16,4.25,11,13.0,0,6.0,0,7.614535663639766,11.59851580187455,41.79689107219314,5.8478632478632475,1.8,0.6668912895167592,7.026041693374139,0.7593674776372242,5.5726614763552496,5.335347558471492
2015,Andre Williams,RB,154.8,16.5,NYG,00-0031055,16,2.2125,2014,1,soph,True,59,10,7.491790151433535,-5.2792901514335355,23.00889801505818,35.4,16,2.2125,16,16.0,0,0.0,1,7.614535663639766,14.182837797689519,42.20029001999936,9.06875,1.0,0.7484559947871501,7.9803345622457655,0.8134656489568373,5.5726614763552496,6.491728033569929
2015,James Starks,RB,156.5,12.8,GB,00-0027791,16,10.39375,2010,5,vet,True,60,10,7.491790151433535,2.9019598485664657,29.51403148528405,166.3,16,10.39375,16,14.0,0,12.0,0,7.614535663639766,11.59851580187455,41.79689107219314,6.328016069951554,2.8181818181818183,0.5611554932256225,7.049953607092091,0.733270917122907,5.5726614763552496,5.169525947146364
2015,Khiry Robinson,RB,156.8,14.3,NO,00-0030348,8,8.8125,2013,2,vet,True,61,10,7.491790151433535,1.320709848566465,25.675564681724847,70.5,16,4.40625,8,9.0,0,7.0,0,7.614535663639766,11.59851580187455,41.79689107219314,6.230687830687831,1.8,0.6668912895167592,7.1535638965001205,0.715380670829452,5.5726614763552496,5.117521339099604
2016,David Johnson,RB,3.4,1.5,ARI,00-0032187,16,25.4875,2015,1,soph,True,1,1,19.40125646412411,6.086243535875891,24.711841204654345,407.8,16,25.4875,16,15.0,0,0.0,1,19.184483044348962,14.4782378204517,42.03718004535355,14.4,1.0,0.7438179108074545,17.958784182341336,0.8015007131733835,14.454135532591414,14.393978329873459
2016,Todd Gurley,RB,6.3,1.8,LAR,00-0032241,16,12.3875,2015,1,soph,True,2,1,18.25,-5.862500000000001,22.080766598220396,198.2,16,12.3875,16,13.0,0,0.0,1,19.184483044348962,14.4782378204517,42.03718004535355,16.03076923076923,1.0,0.7438179108074545,18.376558050870717,0.799751454299748,14.454135532591414,14.6966790262076
2016,Ezekiel Elliott,RB,8.3,2.0,DAL,00-0033045,15,21.69333333333333,2016,0,rookie,True,3,1,16.783941579810566,4.909391753522765,21.114305270362767,325.4,16,20.3375,15,0.0,1,0.0,1,16.402557960013844,13.967562950775644,38.62970422145892,,0.0,1.0,16.402557960013844,0.7389832312634221,14.298717320261439,12.121215282276596
2016,Lamar Miller,RB,9.8,2.2,HOU,00-0029615,14,13.65,2012,4,vet,True,4,1,16.783941579810566,-3.133941579810566,25.35523613963039,191.1,16,11.94375,14,16.0,0,16.0,0,16.402557960013844,11.633445516488857,41.79325168447603,12.859166666666665,2.6470588235294117,0.575762437646955,14.899318275261233,0.8056899087453113,13.90599724264706,12.004230381562573
2016,Adrian Peterson,RB,10.7,2.6,MIN,00-0025394,3,3.0,2007,9,vet,False,5,2,16.783941579810566,-13.783941579810566,31.449691991786448,9.0,16,0.5625,3,16.0,0,1.0,0,16.402557960013844,11.633445516488857,41.79325168447603,15.518987512813345,2.9883040935672516,0.5459065184458084,16.001334379446174,0.7209021724669142,13.90599724264706,11.53539671651227
2016,LeVeon Bell,RB,12.3,2.9,PIT,00-0030496,12,26.45,2013,3,vet,True,6,2,16.783941579810566,9.666058420189431,24.536618754277892,317.4,16,19.8375,12,6.0,0,16.0,0,16.402557960013844,11.633445516488857,41.79325168447603,19.590064102564103,2.3333333333333335,0.6062444111181142,17.65765631823835,0.7255570260481683,13.426454991087345,12.811636605241665
2016,Devonta Freeman,RB,19.2,3.4,ATL,00-0031285,16,17.75625,2014,2,vet,True,7,2,15.48991409805029,2.266335901949711,24.465434633812457,284.1,16,17.75625,16,15.0,0,16.0,0,15.386898829779847,11.633445516488857,41.79325168447603,15.88097222222222,1.8,0.6662035847974623,15.551818757024066,0.8026791951319464,12.355698529411764,12.483121362725985
2016,Jamaal Charles,RB,19.4,3.7,KC,00-0026213,2,6.699999999999999,2008,8,vet,False,8,2,15.48991409805029,-8.789914098050291,29.68104038329911,13.399999999999999,16,0.8374999999999999,2,5.0,0,15.0,0,15.386898829779847,11.633445516488857,41.79325168447603,19.14815032679739,2.9766536964980546,0.5468746826546436,17.09121710798162,0.6772607546724945,12.355698529411764,11.57521059682308
2016,LeSean McCoy,RB,22.0,3.3,BUF,00-0027029,15,19.886666666666667,2009,7,vet,True,9,2,14.434106455309395,5.452560211357271,28.139630390143736,298.3,16,18.64375,15,12.0,0,16.0,0,14.421295214366738,11.633445516488857,41.79325168447603,15.373540026246719,2.953488372093023,0.5488099920836527,14.850938558577166,0.7581429667940673,11.581214985994396,11.259134618476102
2016,Eddie Lacy,RB,24.0,3.8,GB,00-0030485,5,8.559999999999999,2013,3,vet,True,10,3,14.434106455309395,-5.874106455309397,26.250513347022586,42.8,16,2.675,5,15.0,0,16.0,0,14.421295214366738,11.633445516488857,41.79325168447603,12.688333333333333,2.3333333333333335,0.6062444111181142,13.73893178839057,0.7934638631304873,11.581214985994396,10.901345892102636
2016,Mark Ingram II,RB,25.5,3.8,NO,00-0027966,16,15.1375,2011,5,vet,True,11,3,14.434106455309395,0.7033935446906039,26.69678302532512,242.2,16,15.1375,16,12.0,0,13.0,0,14.421295214366738,11.633445516488857,41.79325168447603,13.980521655763592,2.8181818181818183,0.5603933918911784,14.227528245325153,0.7564185407862447,11.581214985994396,10.761966154323932
2016,Doug Martin,RB,30.8,3.9,TB,00-0029613,8,10.6875,2012,4,vet,True,12,3,13.416324058711414,-2.728824058711414,27.633127994524298,85.5,16,5.34375,8,16.0,0,11.0,0,13.417396478298883,11.633445516488857,41.79325168447603,12.560454545454546,2.6470588235294117,0.575762437646955,13.053849521630895,0.7784370833655083,11.002661064425771,10.16160054831059
2016,CJ Anderson,RB,33.2,3.5,DEN,00-0029854,7,14.642857142857142,2013,3,vet,True,13,3,13.416324058711414,1.2265330841457285,25.557837097878167,102.5,16,6.40625,7,15.0,0,13.0,0,13.417396478298883,11.633445516488857,41.79325168447603,10.298241758241758,2.3333333333333335,0.6062444111181142,12.189211874689075,0.7879339188185296,11.002661064425771,9.60429347973312
2016,Latavius Murray,RB,35.8,3.9,LV,00-0030513,14,14.87142857142857,2013,3,vet,True,14,3,13.416324058711414,1.4551045127171562,26.62012320328542,208.2,16,13.0125,14,16.0,0,9.0,0,13.417396478298883,11.633445516488857,41.79325168447603,11.685185185185185,1.8,0.6662035847974623,12.839190558284178,0.7776397312540114,11.002661064425771,9.98426469526315
2016,DeMarco Murray,RB,40.3,4.7,TEN,00-0028009,16,18.3625,2011,5,vet,True,15,4,13.006055194805196,5.356444805194805,28.553045859000683,293.8,16,18.3625,16,15.0,0,16.0,0,12.216480192390438,11.633445516488857,41.79325168447603,15.693450313127734,2.8181818181818183,0.5603933918911784,13.74497923366348,0.7811126853898754,9.868063725490195,10.736377639834954
2016,Thomas Rawls,RB,41.0,5.1,SEA,00-0031897,9,8.38888888888889,2015,1,soph,True,16,4,12.035856922066072,-3.646968033177183,23.080082135523615,75.5,16,4.71875,9,11.0,0,0.0,1,12.216480192390438,14.4782378204517,42.03718004535355,11.527272727272727,1.0,0.7438179108074545,12.039917584089485,0.7785902540237466,9.868063725490195,9.374162490221206
2016,Matt Forte,RB,43.1,5.2,NYJ,00-0026184,14,13.114285714285714,2008,8,vet,True,17,4,12.035856922066072,1.0784287922196416,30.72689938398357,183.6,16,11.475,14,13.0,0,16.0,0,12.216480192390438,11.633445516488857,41.79325168447603,18.31620123177476,2.9766536964980546,0.5468746826546436,14.980418224079607,0.7516179121960225,9.750091911764706,11.25955066940596
2016,Carlos Hyde,RB,45.7,5.4,SF,00-0031045,13,14.776923076923076,2014,2,vet,True,18,4,12.035856922066072,2.7410661548570037,25.949349760438057,192.1,16,12.00625,13,7.0,0,14.0,0,12.216480192390438,11.633445516488857,41.79325168447603,9.507142857142858,1.8,0.6662035847974623,11.3121131023104,0.7185921753175157,9.750091911764706,8.128795961627002
2016,Jeremy Langford,RB,47.1,5.0,CHI,00-0031569,10,7.090000000000001,2015,1,soph,True,19,4,12.035856922066072,-4.9458569220660715,24.739219712525667,73.2,16,4.575,10,13.0,0,0.0,1,12.216480192390438,14.4782378204517,42.03718004535355,11.315384615384614,1.0,0.7438179108074545,11.985635644910925,0.7857623018565677,9.750091911764706,9.417860653559336
2016,Jeremy Hill,RB,49.1,5.0,CIN,00-0031301,15,11.753333333333334,2014,2,vet,True,20,4,11.36028003858886,0.3930532947444725,23.865845311430526,176.3,16,11.01875,15,16.0,0,16.0,0,11.302972106674838,11.633445516488857,41.79325168447603,11.489583333333334,1.8,0.6662035847974623,11.365262265169992,0.8130515872152752,8.951053351573186,9.240544523814336
2016,Melvin Gordon III,RB,53.7,5.2,LAC,00-0032144,13,19.276923076923076,2015,1,soph,True,21,4,11.36028003858886,7.916643038334215,23.38672142368241,250.6,16,15.6625,13,14.0,0,0.0,1,11.302972106674838,14.4782378204517,42.03718004535355,7.735714285714286,1.0,0.7438179108074545,10.389104545412717,0.8006765258973852,8.951053351573186,8.318312134605788
2016,Danny Woodhead,RB,53.7,5.6,LAC,00-0026019,2,13.55,2008,8,vet,False,22,4,11.36028003858886,2.1897199614111393,31.600273785078713,27.1,16,1.69375,2,16.0,0,2.0,0,11.302972106674838,11.633445516488857,41.79325168447603,11.984098237720284,2.953488372093023,0.5488099920836527,11.610289411133264,0.723652644850467,8.951053351573186,8.401816639845958
2016,Arian Foster,RB,57.4,6.1,MIA,00-0026796,4,4.825,2009,7,vet,True,23,5,11.36028003858886,-6.535280038588861,30.023271731690624,19.3,16,1.20625,4,4.0,0,13.0,0,11.302972106674838,11.633445516488857,41.79325168447603,19.380057540884316,2.953488372093023,0.5488099920836527,14.947272347676826,0.6560062844971455,8.951053351573186,9.805504596166399
2016,Giovani Bernard,RB,57.7,5.8,CIN,00-0030456,10,12.23,2013,3,vet,True,24,5,11.36028003858886,0.869719961411139,24.777549623545518,122.3,16,7.64375,10,16.0,0,13.0,0,11.302972106674838,11.633445516488857,41.79325168447603,12.591277472527471,2.3333333333333335,0.6062444111181142,11.810249544665835,0.7998157531709148,8.951053351573186,9.446023634703359
2016,Ryan Mathews,RB,60.4,5.4,PHI,00-0027864,13,11.123076923076924,2010,6,vet,True,25,5,11.36028003858886,-0.2372031155119387,28.895277207392198,144.6,16,9.0375,13,12.0,0,6.0,0,11.302972106674838,11.633445516488857,41.79325168447603,11.217460317460318,2.9076923076923076,0.5526765399884288,11.264720677251619,0.7176739267446821,8.951053351573186,8.084396322125183
2016,Jonathan Stewart,RB,62.8,6.6,CAR,00-0026153,13,11.261538461538462,2008,8,vet,True,26,5,11.261538461538462,0.0,29.451060917180012,146.4,16,9.15,13,13.0,0,13.0,0,11.106981972562389,11.633445516488857,41.79325168447603,10.904103102779574,2.9766536964980546,0.5468746826546436,11.015052420309384,0.7488573367079328,8.541411750313229,8.248702819171154
2016,Duke Johnson,RB,66.9,6.0,CLE,00-0032257,15,9.586666666666668,2015,1,soph,True,27,5,10.925918745824406,-1.3392520791577385,22.940451745379878,144.2,16,9.0125,15,16.0,0,0.0,1,10.911925869638635,14.4782378204517,42.03718004535355,10.26875,1.0,0.7438179108074545,10.747155731636377,0.8175865461531487,8.42780637254902,8.786729935598602
2016,DeAngelo Williams,RB,69.1,7.9,PIT,00-0024242,7,14.285714285714286,2006,10,vet,True,28,5,10.925918745824406,3.3597955398898804,33.35523613963039,100.1,16,6.25625,7,14.0,0,6.0,0,10.911925869638635,11.633445516488857,41.79325168447603,12.165984474958082,2.9941463414634146,0.5454223088895584,11.48199293496193,0.7079226498225528,8.42780637254902,8.12836286376208
2016,Frank Gore,RB,73.8,7.6,IND,00-0023500,16,13.3875,2005,11,vet,True,29,5,10.925918745824406,2.461581254175595,33.30321697467488,214.20000000000002,16,13.387500000000001,16,16.0,0,16.0,0,10.911925869638635,11.633445516488857,41.79325168447603,11.837391864770957,2.9970717423133237,0.5451801722386878,11.33284615414367,0.762710999705923,8.42780637254902,8.643686419740344
2016,Rashad Jennings,RB,74.9,7.0,NYG,00-0027155,13,10.646153846153847,2009,7,vet,True,30,6,10.925918745824406,-0.2797648996705586,31.43600273785079,138.4,16,8.65,13,16.0,0,10.0,0,10.911925869638635,11.633445516488857,41.79325168447603,11.143458980044345,2.778512396694215,0.5638827042145236,11.012901463633574,0.7532842924058339,8.42780637254902,8.29584568636839
2016,Matt Jones,RB,78.4,8.0,WAS,00-0031939,7,10.757142857142856,2015,1,soph,True,31,6,10.925918745824406,-0.1687758886815498,23.488021902806295,75.3,16,4.70625,7,13.0,0,0.0,1,10.911925869638635,14.4782378204517,42.03718004535355,8.8,1.0,0.7438179108074545,10.370888288134825,0.7924331991870105,8.42780637254902,8.218236184577778
2016,Derrick Henry,RB,78.5,7.7,TEN,00-0032764,14,7.55,2016,0,rookie,True,32,6,10.925918745824406,-3.375918745824406,22.65845311430527,105.7,16,6.60625,14,0.0,1,0.0,1,10.911925869638635,13.967562950775644,38.62970422145892,,0.0,1.0,10.911925869638635,0.7293284389250544,8.42780637254902,7.958377860169462
2016,Ameer Abdullah,RB,82.1,7.7,DET,00-0032104,2,13.4,2015,1,soph,False,33,6,9.51747964997965,3.88252035002035,23.21971252566735,26.8,16,1.675,2,16.0,0,0.0,1,9.51747964997965,14.4782378204517,42.03718004535355,7.3125,1.0,0.7438179108074545,8.952603356620816,0.8162483837223027,8.42780637254902,7.307548019948603
2016,Chris Ivory,RB,84.1,7.8,JAX,00-0027531,11,8.590909090909092,2010,6,vet,True,34,6,9.4762971493062,-0.8853880583971083,28.44626967830253,94.5,16,5.90625,11,15.0,0,16.0,0,9.346231160762672,11.633445516488857,41.79325168447603,10.921878306878307,2.9076923076923076,0.5526765399884288,10.051055093920475,0.7816970261440562,7.396905997693194,7.856879876527703
2016,Charles Sims,RB,87.2,7.5,TB,00-0031390,7,9.7,2014,2,vet,True,35,6,9.4762971493062,0.2237028506937992,25.95208761122519,67.89999999999999,16,4.2437499999999995,7,16.0,0,8.0,0,9.346231160762672,11.633445516488857,41.79325168447603,10.020833333333334,1.8,0.6662035847974623,9.571410947654602,0.7781350453432857,7.396905997693194,7.447850291752435
2016,Justin Forsett,RB,90.7,7.3,BAL,00-0026373,9,6.844444444444445,2008,8,vet,True,36,6,9.4762971493062,-2.631852704861755,30.882956878850102,61.6,16,3.85,9,10.0,0,16.0,0,9.346231160762672,11.633445516488857,41.79325168447603,11.259737064116987,2.953488372093023,0.5488099920836527,10.209585904445083,0.7229971521040268,7.396905997693194,7.38150153307521
2016,James White,RB,90.9,6.8,NE,00-0031062,16,10.10625,2014,2,vet,True,37,6,9.4762971493062,0.629952850693801,24.577686516084874,161.70000000000002,16,10.106250000000001,16,11.0,0,3.0,0,9.346231160762672,11.633445516488857,41.79325168447603,8.663636363636362,1.8,0.6662035847974623,9.118383464446007,0.7247299552320984,7.396905997693194,6.608365639977061
2016,LeGarrette Blount,RB,91.6,7.2,NE,00-0027325,16,14.55625,2010,6,vet,True,38,7,9.4762971493062,5.0799528506938,29.741273100616016,232.9,16,14.55625,16,12.0,0,15.0,0,9.346231160762672,11.633445516488857,41.79325168447603,8.558449909878481,2.9076923076923076,0.5526765399884288,8.993838125884912,0.7451051666619503,7.396905997693194,6.701355255718079
2016,TJ Yeldon,RB,93.7,8.3,JAX,00-0032209,15,9.18,2015,1,soph,True,39,7,9.4762971493062,-0.2962971493062003,22.915811088295687,137.7,16,8.60625,15,12.0,0,0.0,1,9.346231160762672,14.4782378204517,42.03718004535355,12.991666666666667,1.0,0.7438179108074545,10.28012644468184,0.7875734591539598,7.396905997693194,8.096354744578177
2016,Christine Michael,RB,99.6,8.4,SEA,00-0030432,14,9.757142857142856,2013,3,vet,True,40,7,9.4762971493062,0.2808457078366562,25.812457221081452,137.0,16,8.5625,14,6.0,0,8.0,0,9.346231160762672,11.633445516488857,41.79325168447603,3.9083333333333337,2.3333333333333335,0.6062444111181142,7.2050284994437055,0.6863327479494047,7.20360294117647,4.9450470090769745
2016,Theo Riddick,RB,99.8,8.3,DET,00-0030107,10,16.18,2013,3,vet,True,41,7,9.4762971493062,6.7037028506938,25.3305954825462,161.8,16,10.1125,10,16.0,0,9.0,0,9.346231160762672,11.633445516488857,41.79325168447603,9.796031746031746,2.3333333333333335,0.6062444111181142,9.523342655094712,0.7847017253282441,7.20360294117647,7.472983412344882
2016,Bilal Powell,RB,105.9,7.8,NYJ,00-0028064,16,12.3125,2011,5,vet,True,42,7,8.801446416016189,3.511053583983811,27.8466803559206,197.0,16,12.3125,16,10.0,0,12.0,0,8.315676251000001,11.633445516488857,41.79325168447603,9.363387096774193,2.8181818181818183,0.5603933918911784,8.77625686218962,0.7276061539369623,6.593706816059758,6.385658501460662
2016,Isaiah Crowell,RB,106.9,8.7,CLE,00-0030656,16,12.81875,2014,2,vet,True,43,7,8.801446416016189,4.017303583983811,23.64681724845996,205.1,16,12.81875,16,16.0,0,15.0,0,8.315676251000001,11.633445516488857,41.79325168447603,8.461666666666666,1.8,0.6662035847974623,8.364407328403463,0.8112944158946179,6.593706816059758,6.785996957801749
2016,Jay Ajayi,RB,111.3,10.6,MIA,00-0031590,15,14.353333333333332,2015,1,soph,True,44,8,8.801446416016189,5.551886917317145,23.21423682409309,215.3,16,13.45625,15,9.0,0,0.0,1,8.315676251000001,14.4782378204517,42.03718004535355,4.744444444444444,1.0,0.7438179108074545,7.40079062580573,0.7609539703791846,6.593706816059758,5.63166101065192
2016,Darren Sproles,RB,116.8,11.3,PHI,00-0023564,15,10.833333333333334,2005,11,vet,True,45,8,8.801446416016189,2.031886917317145,33.20191649555099,162.5,16,10.15625,15,16.0,0,15.0,0,8.315676251000001,11.633445516488857,41.79325168447603,11.131413263183434,2.9912266459337227,0.5456641878604297,9.594966413201808,0.7599325332839529,6.593706816059758,7.291527133158894
2016,Tevin Coleman,RB,119.5,11.8,ATL,00-0032058,13,14.7,2015,1,soph,True,46,8,8.801446416016189,5.89855358398381,23.378507871321013,191.1,16,11.94375,13,11.0,0,0.0,1,8.315676251000001,14.4782378204517,42.03718004535355,3.8454545454545452,1.0,0.7438179108074545,7.170485515319502,0.7769376363592322,6.593706816059758,5.571020067820445
2016,Spencer Ware,RB,125.8,15.7,KC,00-0030414,14,13.842857142857143,2013,3,vet,True,47,8,8.514685960281549,5.328171182575595,24.774811772758383,193.8,16,12.1125,14,9.0,0,0.0,1,8.315676251000001,11.633445516488857,41.79325168447603,7.56,1.4705882352941178,0.7095476706023409,8.09618832362656,0.7517407388473015,6.593706816059758,6.086234592249926
2016,DeAndre Washington,RB,126.2,11.4,LV,00-0032940,13,6.553846153846154,2016,0,rookie,True,48,8,8.514685960281549,-1.960839806435395,23.523613963039015,85.2,16,5.325,13,0.0,1,0.0,1,8.315676251000001,13.967562950775644,38.62970422145892,,0.0,1.0,8.315676251000001,0.7238218898107242,6.593706816059758,6.019068499052978
2016,Dion Lewis,RB,130.2,14.9,NE,00-0028087,7,7.814285714285715,2011,5,vet,True,49,9,7.491790151433535,0.3224955628521799,25.930184804928132,54.7,16,3.41875,7,7.0,0,0.0,1,7.458911983397278,11.633445516488857,41.79325168447603,14.833834586466166,1.3831417624521072,0.7220178881755359,9.509008543140341,0.7262434764207231,5.438656212484994,6.905855421684596
2016,Alfred Morris,RB,130.2,11.6,DAL,00-0029141,11,3.463636363636364,2012,4,vet,True,50,9,7.491790151433535,-4.028153787797171,27.720739219712527,40.4,16,2.525,11,16.0,0,16.0,0,7.458911983397278,11.633445516488857,41.79325168447603,8.8875,2.6470588235294117,0.575762437646955,8.064972681167589,0.7935496101183387,5.438656212484994,6.3999559267555926
2016,Devontae Booker,RB,140.9,13.4,DEN,00-0032972,16,8.91875,2016,0,rookie,True,51,9,7.491790151433535,1.4269598485664643,24.265571526351813,142.7,16,8.91875,16,0.0,1,0.0,1,7.458911983397278,13.967562950775644,38.62970422145892,,0.0,1.0,7.458911983397278,0.7190447086079157,5.438656212484994,5.363291193633986
2016,Jerick McKinnon,RB,148.8,14.0,MIN,00-0031376,15,9.893333333333334,2014,2,vet,True,52,9,7.491790151433535,2.401543181899799,24.331279945242983,148.4,16,9.275,15,13.0,0,10.0,0,7.458911983397278,11.633445516488857,41.79325168447603,7.283589743589744,1.8,0.6662035847974623,7.400390048244243,0.7686937174803737,5.438656212484994,5.688633336989629
2016,Shane Vereen,RB,149.9,17.4,NYG,00-0027994,5,7.640000000000001,2011,5,vet,True,53,9,7.491790151433535,0.1482098485664655,27.50171115674196,38.2,16,2.3875,5,16.0,0,16.0,0,7.458911983397278,11.633445516488857,41.79325168447603,10.604301075268818,2.8181818181818183,0.5603933918911784,8.841645813257411,0.7946968902002579,5.438656212484994,7.026428432047795
2016,James Starks,RB,154.9,15.0,GB,00-0027791,9,6.544444444444445,2010,6,vet,True,54,10,7.491790151433535,-0.9473457069890898,30.5160848733744,58.900000000000006,16,3.6812500000000004,9,16.0,0,14.0,0,7.458911983397278,11.633445516488857,41.79325168447603,8.393150764579335,2.9076923076923076,0.5526765399884288,7.876818907472629,0.7720325849048879,5.438656212484994,6.081160861963789
2016,Chris Thompson,RB,155.2,15.0,WAS,00-0030404,16,9.21875,2013,3,vet,True,55,10,7.491790151433535,1.726959848566465,25.867214236824093,147.5,16,9.21875,16,11.0,0,2.0,0,7.458911983397278,11.633445516488857,41.79325168447603,7.6439393939393945,1.8,0.6662035847974623,7.520673469750444,0.7126307468134082,5.438656212484994,5.359463151288045
2016,Terrance West,RB,158.5,14.8,BAL,00-0031375,16,10.6875,2014,2,vet,True,56,10,7.491790151433535,3.195709848566465,25.593429158110883,171.0,16,10.6875,16,8.0,0,14.0,0,7.413576989459343,11.633445516488857,41.79325168447603,4.783333333333334,1.8,0.6662035847974623,6.535611085935265,0.7303737749913082,5.438656212484994,4.773438940709583
2016,Chris Johnson,RB,159.4,12.8,ARI,00-0026164,3,5.1000000000000005,2008,8,vet,False,57,10,7.491790151433535,-2.3917901514335345,30.940451745379878,15.5,16,0.96875,3,11.0,0,16.0,0,7.413576989459343,11.633445516488857,41.79325168447603,10.382976530005942,2.9766536964980546,0.5468746826546436,8.759087098594676,0.7320724598790008,5.438656212484994,6.412286438562625
2017,David Johnson,RB,1.3,0.6,ARI,00-0032187,1,13.0,2015,2,vet,False,1,1,19.40125646412411,-6.40125646412411,25.711156741957563,13.0,16,0.8125,1,16.0,0,15.0,0,19.261573389355743,11.490508606771325,41.887183317169914,21.791666666666668,1.8,0.6694440973282442,20.097910656480995,0.7965376613415782,14.948669786096259,16.008742752165354
2017,LeVeon Bell,RB,2.3,0.8,PIT,00-0030496,15,22.89333333333333,2013,4,vet,True,2,1,19.40125646412411,3.492076869209221,25.53593429158111,343.4,16,21.4625,15,12.0,0,6.0,0,19.261573389355743,11.490508606771325,41.887183317169914,23.24869658119658,2.6470588235294117,0.5793265407945711,20.938850294745617,0.7253728903173144,14.948669786096259,15.18847435822118
2017,Ezekiel Elliott,RB,6.2,2.8,DAL,00-0033045,10,20.32,2016,1,soph,True,3,1,18.801468895250412,1.518531104749588,22.11362080766598,203.2,16,12.7,10,15.0,0,0.0,1,18.548380377792142,15.36476725767152,42.40022435105121,21.69333333333333,1.0,0.7340124731299817,19.384898636559097,0.8262851972775351,14.948669786096259,16.017454794114254
2017,Devonta Freeman,RB,7.0,1.9,ATL,00-0031285,14,14.3,2014,3,vet,True,4,1,16.783941579810566,-2.4839415798105673,25.464750171115675,200.2,16,12.5125,14,16.0,0,15.0,0,17.11663225609854,11.490508606771325,41.887183317169914,16.952559523809523,2.3333333333333335,0.6097260135392332,17.052598936798596,0.7986457659912551,14.948669786096259,13.618985940021178
2017,LeSean McCoy,RB,7.8,2.0,BUF,00-0027029,16,16.475,2009,8,vet,True,5,1,16.783941579810566,-0.3089415798105648,29.138945927446954,263.6,16,16.475,16,15.0,0,12.0,0,16.899700024765153,11.490508606771325,41.887183317169914,17.638952614379086,2.9766536964980546,0.5504920037685487,17.23199997503142,0.7428710718089478,14.948669786096259,12.801154290863355
2017,Melvin Gordon III,RB,10.1,2.6,LAC,00-0032144,16,18.006249999999998,2015,2,vet,True,6,1,16.783941579810566,1.2223084201894316,24.386036960985628,288.09999999999997,16,18.006249999999998,16,13.0,0,14.0,0,16.899700024765153,11.490508606771325,41.887183317169914,15.42985347985348,1.8,0.6694440973282442,16.413833573322915,0.7854440914915057,13.463786764705885,12.892148598891392
2017,Jay Ajayi,RB,13.8,2.6,PHI,00-0031590,14,9.65,2015,2,vet,True,7,2,15.798529411764708,-6.148529411764708,24.213552361396303,135.1,16,8.44375,14,15.0,0,9.0,0,16.899700024765153,11.490508606771325,41.887183317169914,11.15037037037037,1.8,0.6694440973282442,14.999225171099193,0.7748670678453682,13.463786764705885,11.622405628282072
2017,DeMarco Murray,RB,15.2,2.4,TEN,00-0028009,15,11.433333333333334,2011,6,vet,True,8,2,15.48991409805029,-4.056580764716957,29.5523613963039,171.5,16,10.71875,15,16.0,0,15.0,0,15.782286071771368,11.490508606771325,41.887183317169914,17.049158090586662,2.9076923076923076,0.5562851241798502,16.34441603228002,0.7615559960172579,13.463786764705885,12.447188030783447
2017,Jordan Howard,RB,16.8,2.7,CHI,00-0032780,16,12.48125,2016,1,soph,True,9,2,15.48991409805029,-3.0086640980502892,22.830937713894592,199.70000000000002,16,12.481250000000001,16,15.0,0,0.0,1,15.782286071771368,15.36476725767152,42.40022435105121,15.34,1.0,0.7340124731299817,15.664643493371848,0.8207608687906341,13.463786764705885,12.856926402915432
2017,Kareem Hunt,RB,18.7,3.0,KC,00-0033923,15,19.046666666666667,2017,0,rookie,True,10,2,15.48991409805029,3.556752568616377,22.072553045859,295.2,16,18.45,15,0.0,1,0.0,1,14.553312324929973,12.870589814028369,37.826098479047786,,0.0,1.0,14.553312324929973,0.7412859555344059,12.866735294117646,10.788166032976362
2017,Todd Gurley,RB,19.4,2.9,LAR,00-0032241,15,25.553333333333335,2015,2,vet,True,11,2,15.48991409805029,10.063419235283044,23.080082135523615,383.3,16,23.95625,15,16.0,0,13.0,0,14.119455177175766,11.490508606771325,41.887183317169914,13.601923076923077,1.8,0.6694440973282442,13.94838188661513,0.8095234899453613,10.96188141923436,11.291542783943342
2017,Christian McCaffrey,RB,22.9,3.7,CAR,00-0033280,16,14.2875,2017,0,rookie,True,12,2,14.434106455309395,-0.1466064553093957,21.234770704996578,228.6,16,14.2875,16,0.0,1,0.0,1,14.119455177175766,12.870589814028369,37.826098479047786,,0.0,1.0,14.119455177175766,0.7497090726532796,10.96188141923436,10.58548364724999
2017,Leonard Fournette,RB,27.0,4.0,JAX,00-0033856,13,17.707692307692305,2017,0,rookie,True,13,3,14.434106455309395,3.2735858523829098,22.62012320328542,230.2,16,14.3875,13,0.0,1,0.0,1,13.917604550835941,12.870589814028369,37.826098479047786,,0.0,1.0,13.917604550835941,0.7356819247248813,10.96188141923436,10.23893010351875
2017,Dalvin Cook,RB,27.5,3.9,MIN,00-0033893,4,16.35,2017,0,rookie,True,14,3,14.434106455309395,1.915893544690606,22.06160164271047,65.4,16,4.0875,4,0.0,1,0.0,1,13.719457815492051,12.870589814028369,37.826098479047786,,0.0,1.0,13.719457815492051,0.7413972436688289,10.96188141923436,10.171568209036579
2017,Isaiah Crowell,RB,29.8,3.8,CLE,00-0030656,16,8.96875,2014,3,vet,True,15,3,13.416324058711414,-4.447574058711414,24.646132785763175,143.5,16,8.96875,16,16.0,0,16.0,0,13.641206066604962,11.490508606771325,41.887183317169914,10.95142857142857,2.3333333333333335,0.6097260135392332,12.591455880870015,0.8099814131465977,10.96188141923436,10.198845227960133
2017,Ty Montgomery II,RB,32.6,4.9,GB,00-0032200,8,11.45,2015,2,vet,True,16,3,13.416324058711414,-1.9663240587114144,24.607802874743328,91.6,16,5.725,8,11.0,0,5.0,0,13.641206066604962,11.490508606771325,41.887183317169914,11.315151515151515,1.8,0.6694440973282442,12.872315004685522,0.7222349280901503,10.96188141923436,9.29683550176281
2017,Carlos Hyde,RB,35.2,4.5,SF,00-0031045,16,14.6125,2014,3,vet,True,17,3,13.416324058711414,1.1961759412885868,26.94866529774127,233.8,16,14.6125,16,13.0,0,7.0,0,13.641206066604962,11.490508606771325,41.887183317169914,12.518445839874412,2.3333333333333335,0.6097260135392332,13.203021957079235,0.7233794484430888,10.96188141923436,9.550794741093968
2017,Lamar Miller,RB,35.2,4.7,HOU,00-0029615,16,12.09375,2012,5,vet,True,18,3,13.416324058711414,-1.322574058711414,26.354551676933607,193.5,16,12.09375,16,14.0,0,16.0,0,13.641206066604962,11.490508606771325,41.887183317169914,13.26733870967742,2.8181818181818183,0.5639888351470842,13.478195724810504,0.7836213149625071,10.96188141923436,10.56180145719805
2017,Marshawn Lynch,RB,36.4,6.0,LV,00-0025399,15,10.946666666666664,2007,10,vet,True,19,3,13.416324058711414,-2.4696573920447484,31.362080766598222,164.2,16,10.2625,15,0.0,1,7.0,0,13.641206066604962,11.490508606771325,41.887183317169914,14.656249112922303,2.9883040935672516,0.5495252019654217,14.098457377891169,0.5721959664887573,10.96188141923436,8.067080445342988
2017,Joe Mixon,RB,42.5,4.9,CIN,00-0033897,14,10.092857142857143,2017,0,rookie,True,20,4,12.035856922066072,-1.9429997792089289,21.10609171800137,141.3,16,8.83125,14,0.0,1,0.0,1,12.110587682804878,12.870589814028369,37.826098479047786,,0.0,1.0,12.110587682804878,0.7509865083872097,9.620888009049773,9.094887958426785
2017,Bilal Powell,RB,48.6,6.4,NYJ,00-0028064,15,9.68,2011,6,vet,True,21,4,11.36028003858886,-1.6802800385888617,28.84599589322382,145.2,16,9.075,15,16.0,0,10.0,0,11.532063576070032,11.490508606771325,41.887183317169914,10.861349206349207,2.9076923076923076,0.5562851241798502,11.234457632798566,0.7418081299551186,8.971691176470587,8.333812007646312
2017,Doug Martin,RB,49.0,6.3,TB,00-0029613,11,6.909090909090909,2012,5,vet,True,22,4,11.36028003858886,-4.451189129497952,28.632443531827516,76.0,16,4.75,11,8.0,0,16.0,0,11.532063576070032,11.490508606771325,41.887183317169914,11.593768328445746,2.8181818181818183,0.5639888351470842,11.558967537030327,0.7208759946158491,8.971691176470587,8.332582219989048
2017,CJ Anderson,RB,51.4,6.1,DEN,00-0029854,16,10.94375,2013,4,vet,True,23,4,11.36028003858886,-0.4165300385888617,26.55715263518138,175.1,16,10.94375,16,7.0,0,15.0,0,11.532063576070032,11.490508606771325,41.887183317169914,12.615369963369965,2.6470588235294117,0.5793265407945711,11.987781821394831,0.7298590817116829,8.77438025210084,8.749391431923238
2017,Ameer Abdullah,RB,53.0,6.3,DET,00-0032104,14,8.885714285714284,2015,2,vet,True,24,4,11.36028003858886,-2.474565752874577,24.21902806297057,124.39999999999999,16,7.7749999999999995,14,2.0,0,16.0,0,11.532063576070032,11.490508606771325,41.887183317169914,11.370833333333332,1.8,0.6694440973282442,11.478767967644215,0.7241879579982418,8.77438025210084,8.312785534823892
2017,Mark Ingram II,RB,57.6,5.9,NO,00-0027966,16,17.375,2011,6,vet,True,25,5,11.36028003858886,6.014719961411139,27.696098562628336,278.0,16,17.375,16,16.0,0,12.0,0,11.532063576070032,11.490508606771325,41.887183317169914,14.568193195693196,2.9076923076923076,0.5562851241798502,12.879239453215003,0.7638016966396569,8.77438025210084,9.837184945794027
2017,Danny Woodhead,RB,61.7,6.1,BAL,00-0026019,8,7.324999999999999,2008,9,vet,True,26,5,11.36028003858886,-4.035280038588862,32.59958932238193,58.599999999999994,16,3.6624999999999996,8,2.0,0,16.0,0,11.532063576070032,11.490508606771325,41.887183317169914,12.770119514472455,2.9766536964980546,0.5504920037685487,12.088579620163754,0.6274293217557206,8.77438025210084,7.5847293120693715
2017,Mike Gillislee,RB,65.3,7.2,NE,00-0030433,9,7.644444444444444,2013,4,vet,True,27,5,10.925918745824406,-3.281474301379962,26.833675564681723,68.8,16,4.3,9,13.0,0,5.0,0,11.203131677350427,11.490508606771325,41.887183317169914,8.84224852071006,2.0864197530864197,0.6359917308023347,10.343750685723847,0.7130146758462383,8.74566032295271,7.375246042215695
2017,Rob Kelley,RB,67.0,7.1,WAS,00-0032371,7,6.171428571428572,2016,1,soph,True,28,5,10.925918745824406,-4.754490174395834,24.91170431211499,43.2,16,2.7,7,13.0,0,0.0,1,11.203131677350427,15.36476725767152,42.40022435105121,10.169230769230769,1.0,0.7340124731299817,10.928126931771013,0.7922900408655933,8.74566032295271,8.658246133357247
2017,Adrian Peterson,RB,69.9,7.4,ARI,00-0025394,10,7.890000000000001,2007,10,vet,True,29,5,10.925918745824406,-3.0359187458244055,32.44900752908966,78.9,16,4.93125,10,3.0,0,16.0,0,11.203131677350427,11.490508606771325,41.887183317169914,9.253374994181446,2.9941463414634146,0.5490416635398084,10.323872647006404,0.6377039309437068,8.74566032295271,6.5835741695581955
2017,Tevin Coleman,RB,73.2,7.6,ATL,00-0032058,15,11.18,2015,2,vet,True,30,5,10.925918745824406,0.2540812541755937,24.37782340862423,167.7,16,10.48125,15,13.0,0,11.0,0,11.203131677350427,11.490508606771325,41.887183317169914,11.08181818181818,1.8,0.6694440973282442,11.1630307853285,0.770678968648288,8.74566032295271,8.603113052626057
2017,Darren McFadden,RB,75.3,7.7,DAL,00-0026144,0,,2008,9,vet,False,31,6,10.925918745824406,,30.015058179329227,-0.2,16,-0.0125,0,3.0,0,16.0,0,11.203131677350427,11.490508606771325,41.887183317169914,7.745568465454962,2.9883040935672516,0.5495252019654217,9.64558658778003,0.6669448554521095,8.74566032295271,6.4330743525377585
2017,Derrick Henry,RB,77.9,8.4,TEN,00-0032764,16,8.4375,2016,1,soph,True,32,6,10.925918745824406,-2.488418745824406,23.65776865160849,135.0,16,8.4375,16,14.0,0,0.0,1,11.203131677350427,15.36476725767152,42.40022435105121,7.55,1.0,0.7340124731299817,10.231444217161465,0.8086814272754536,8.74566032295271,8.273978912623319
2017,Theo Riddick,RB,83.0,7.7,DET,00-0030107,16,9.625,2013,4,vet,True,33,6,9.51747964997965,0.1075203500203496,26.32991101984942,154.0,16,9.625,16,10.0,0,16.0,0,9.736108824949065,11.490508606771325,41.887183317169914,13.200814814814814,2.6470588235294117,0.5793265407945711,11.193618678835659,0.7582830916176461,7.701052036199095,8.487931778176534
2017,Paul Perkins,RB,83.4,8.4,NYG,00-0032417,7,3.085714285714286,2016,1,soph,True,34,6,9.4762971493062,-6.390582863591915,22.792607802874745,21.6,16,1.35,7,13.0,0,0.0,1,9.736108824949065,15.36476725767152,42.40022435105121,5.907692307692307,1.0,0.7340124731299817,8.717797783695612,0.8101655423421862,7.701052036199095,7.062859369457264
2017,Frank Gore,RB,86.1,8.7,IND,00-0023500,16,10.85,2005,12,vet,True,35,6,9.4762971493062,1.3737028506937996,34.3025325119781,173.6,16,10.85,16,16.0,0,16.0,0,9.736108824949065,11.490508606771325,41.887183317169914,12.61263520077806,2.9985355137905785,0.548678949532429,11.034345730585882,0.7187256918693659,7.701052036199095,7.930667769541121
2017,Terrance West,RB,86.8,7.6,BAL,00-0031375,5,5.62,2014,3,vet,True,36,6,9.4762971493062,-3.8562971493062,26.5927446954141,28.1,16,1.75625,5,16.0,0,8.0,0,9.736108824949065,11.490508606771325,41.887183317169914,8.157142857142857,2.3333333333333335,0.6097260135392332,9.119879482207454,0.7535225313160289,7.701052036199095,6.872034672730075
2017,LeGarrette Blount,RB,91.9,7.7,PHI,00-0027325,15,7.1066666666666665,2010,7,vet,True,37,7,9.4762971493062,-2.3696304826395336,30.740588637919235,107.6,16,6.725,15,16.0,0,12.0,0,9.736108824949065,11.490508606771325,41.887183317169914,11.580963341120821,2.953488372093023,0.5524245079122458,10.561820492854954,0.7334688494742998,7.701052036199095,7.746766325248405
2017,Duke Johnson,RB,94.2,8.1,CLE,00-0032257,16,13.50625,2015,2,vet,True,38,7,9.4762971493062,4.0299528506938,23.939767282683093,216.1,16,13.50625,16,15.0,0,16.0,0,9.736108824949065,11.490508606771325,41.887183317169914,9.81402777777778,1.8,0.6694440973282442,9.7618653947366,0.8101669215878253,7.701052036199095,7.908740435808472
2017,Thomas Rawls,RB,95.7,9.1,SEA,00-0031897,8,3.9625,2015,2,vet,True,39,7,9.4762971493062,-5.5137971493062,24.079397672826833,32.1,16,2.00625,8,9.0,0,11.0,0,9.736108824949065,11.490508606771325,41.887183317169914,9.435016835016835,1.8,0.6694440973282442,9.636581090429782,0.747071095670993,7.701052036199095,7.19921119374975
2017,Jacquizz Rodgers,RB,95.9,7.7,TB,00-0028083,11,4.209090909090909,2011,6,vet,True,40,7,9.4762971493062,-5.267206240215291,27.567419575633128,46.8,16,2.925,11,10.0,0,5.0,0,9.736108824949065,11.490508606771325,41.887183317169914,6.505218253968255,2.9076923076923076,0.5562851241798502,8.302514616457822,0.6818967273958324,7.701052036199095,5.661457546118654
2017,Jonathan Stewart,RB,101.4,7.0,CAR,00-0026153,15,7.813333333333333,2008,9,vet,True,41,7,9.4762971493062,-1.6629638159728666,30.45037645448323,117.2,16,7.325,15,13.0,0,13.0,0,9.715938934802573,11.490508606771325,41.887183317169914,11.083170523214557,2.9883040935672516,0.5495252019654217,10.331842308458956,0.7206412709865506,7.550603991596639,7.445551972800479
2017,James White,RB,102.7,8.0,NE,00-0031062,14,9.571428571428571,2014,3,vet,True,42,7,9.4762971493062,0.0951314221223711,25.57700205338809,134.0,16,8.375,14,16.0,0,11.0,0,9.715938934802573,11.490508606771325,41.887183317169914,9.487987012987015,2.3333333333333335,0.6097260135392332,9.626975229554223,0.7785579903820271,7.550603991596639,7.49515848817929
2017,Eddie Lacy,RB,106.6,10.6,SEA,00-0030485,8,3.5374999999999996,2013,4,vet,True,43,7,8.801446416016189,-5.263946416016189,27.249828884325805,28.599999999999998,16,1.7874999999999999,8,5.0,0,15.0,0,8.927334401709402,11.490508606771325,41.887183317169914,10.486555555555555,2.6470588235294117,0.5793265407945711,9.583257358164143,0.7078041960769871,7.550603991596639,6.783069770194243
2017,Rex Burkhead,RB,113.4,9.6,NE,00-0030288,10,12.98,2013,4,vet,True,44,8,8.801446416016189,4.1785535839838115,27.16769336071184,129.8,16,8.1125,10,8.0,0,4.0,0,8.73012653883784,11.490508606771325,41.887183317169914,6.428571428571429,2.3333333333333335,0.6097260135392332,7.8318894508950185,0.6643130467666662,7.102454850361196,5.202826343063783
2017,Jamaal Williams,RB,114.3,10.6,GB,00-0033948,12,11.841666666666669,2017,0,rookie,True,45,8,8.801446416016189,3.040220250650478,22.414784394250514,142.8,16,8.925,12,0.0,1,0.0,1,8.73012653883784,12.870589814028369,37.826098479047786,,0.0,1.0,8.73012653883784,0.7377925224196407,7.102454850361196,6.441022080131817
2017,Darren Sproles,RB,116.3,10.2,PHI,00-0023564,3,6.800000000000001,2005,12,vet,False,46,8,8.801446416016189,-2.001446416016188,34.20123203285421,20.400000000000002,16,1.2750000000000001,3,15.0,0,16.0,0,8.73012653883784,11.490508606771325,41.887183317169914,10.982264058117956,2.9956093992544526,0.5489207055694771,9.746019141995223,0.7124452460556092,7.102454850361196,6.943505005681464
2017,Jamaal Charles,RB,123.3,12.6,DEN,00-0026213,13,5.1923076923076925,2008,9,vet,True,47,8,8.514685960281549,-3.322378267973856,30.680355920602327,67.5,16,4.21875,13,2.0,0,5.0,0,8.689547974385436,11.490508606771325,41.887183317169914,12.91189497716895,2.9883040935672516,0.5495252019654217,10.591608887696246,0.5763257376284696,7.102454850361196,6.1042168048737935
2017,Samaje Perine,RB,126.8,11.7,WAS,00-0033526,13,8.346153846153847,2017,0,rookie,True,48,9,8.371889717425432,-0.0257358712715856,21.960301163586585,108.5,16,6.78125,13,0.0,1,0.0,1,8.37617902930403,12.870589814028369,37.826098479047786,,0.0,1.0,8.37617902930403,0.7424251801292839,5.5800945378151265,6.218686224626175
2017,CJ Prosise,RB,129.4,11.9,SEA,00-0032393,4,4.25,2016,1,soph,True,49,9,7.491790151433535,-3.241790151433535,23.28542094455852,17.0,16,1.0625,4,6.0,0,0.0,1,7.343263461361184,15.36476725767152,42.40022435105121,10.166666666666666,1.0,0.7340124731299817,8.094253497297272,0.7633931701358291,5.344766761543327,6.179097837184786
2017,Matt Forte,RB,132.6,14.6,NYJ,00-0026184,12,10.033333333333331,2008,9,vet,True,50,9,7.491790151433535,2.541543181899798,31.72621492128679,120.4,16,7.525,12,14.0,0,13.0,0,7.343263461361184,11.490508606771325,41.887183317169914,15.71015353612467,2.9883040935672516,0.5495252019654217,11.112336577967785,0.7142794089793669,5.344766761543327,7.93731320329063
2017,Jeremy Hill,RB,134.5,15.2,CIN,00-0031301,7,2.457142857142857,2014,3,vet,True,51,9,7.491790151433535,-5.034647294290679,24.865160848733744,17.2,16,1.075,7,15.0,0,16.0,0,7.343263461361184,11.490508606771325,41.887183317169914,11.640297619047619,2.3333333333333335,0.6097260135392332,9.020284112039551,0.8025096257157999,5.344766761543327,7.238864826603036
2017,Alvin Kamara,RB,140.0,13.7,NO,00-0033906,16,20.025,2017,0,rookie,True,52,9,7.491790151433535,12.533209848566464,22.105407255304584,320.4,16,20.025,16,0.0,1,0.0,1,7.343263461361184,12.870589814028369,37.826098479047786,,0.0,1.0,7.343263461361184,0.7409519041170582,5.344766761543327,5.441005044128789
2017,Marlon Mack,RB,141.3,11.4,IND,00-0033951,14,7.378571428571429,2017,0,rookie,True,53,9,7.491790151433535,-0.1132187228621059,21.48665297741273,103.30000000000001,16,6.456250000000001,14,0.0,1,0.0,1,7.343263461361184,12.870589814028369,37.826098479047786,,0.0,1.0,7.343263461361184,0.747195952962682,5.344766761543327,5.486856739867813
2017,Wendell Smallwood,RB,146.1,14.4,PHI,00-0032782,8,5.8375,2016,1,soph,True,54,9,7.491790151433535,-1.6542901514335346,23.613963039014372,46.7,16,2.91875,8,10.0,0,0.0,1,7.343263461361184,15.36476725767152,42.40022435105121,5.51,1.0,0.7340124731299817,6.855638247172553,0.7856454927992738,5.344766761543327,5.38610128915343
2017,Chris Carson,RB,149.7,17.1,SEA,00-0033594,4,9.925,2017,0,rookie,True,55,9,7.491790151433535,2.4332098485664657,22.9596167008898,39.7,16,2.48125,4,0.0,1,0.0,1,7.343263461361184,12.870589814028369,37.826098479047786,,0.0,1.0,7.343263461361184,0.7321686167479279,5.344766761543327,5.376507050920419
2017,Latavius Murray,RB,154.4,17.1,MIN,00-0030513,16,9.84375,2013,4,vet,True,56,10,7.491790151433535,2.351959848566465,27.619438740588638,157.5,16,9.84375,16,14.0,0,16.0,0,7.343263461361184,11.490508606771325,41.887183317169914,13.505895691609977,2.3333333333333335,0.6097260135392332,9.748378508951987,0.7720394864760415,5.344766761543327,7.526133138025371
2017,DeAndre Washington,RB,155.2,15.4,LV,00-0032940,15,5.666666666666667,2016,1,soph,True,57,10,7.491790151433535,-1.825123484766868,24.522929500342233,85.0,16,5.3125,15,13.0,0,0.0,1,7.343263461361184,15.36476725767152,42.40022435105121,6.553846153846154,1.0,0.7340124731299817,7.133288304066872,0.7956602045751511,5.344766761543327,5.67567363130738
2017,Dion Lewis,RB,155.9,17.2,NE,00-0028087,16,12.6875,2011,6,vet,True,58,10,7.491790151433535,5.195709848566465,26.92950034223135,203.0,16,12.6875,16,7.0,0,7.0,0,7.343263461361184,11.490508606771325,41.887183317169914,10.429411764705884,2.024124513618677,0.6429798741142242,8.445080517123483,0.6780739841800599,5.344766761543327,5.726389392967321
2017,Jonathan Williams,RB,156.1,16.3,NO,00-0032975,0,,2016,1,soph,False,59,10,7.491790151433535,,23.578370978781656,0.0,16,0.0,0,7.0,0,0.0,1,7.343263461361184,15.36476725767152,42.40022435105121,1.7714285714285716,1.0,0.7340124731299817,5.861224878859928,0.7671122473032931,5.344766761543327,4.496217388772211
2017,D'Onta Foreman,RB,157.0,18.9,HOU,00-0033925,8,7.075,2017,0,rookie,True,60,10,7.491790151433535,-0.4167901514335348,21.35523613963039,57.0,16,3.5625,8,0.0,1,0.0,1,7.343263461361184,12.870589814028369,37.826098479047786,,0.0,1.0,7.343263461361184,0.7485092256350654,5.344766761543327,5.49650044709773
2017,Giovani Bernard,RB,159.6,15.6,CIN,00-0030456,16,9.48125,2013,4,vet,True,61,10,7.491790151433535,1.9894598485664643,25.776865160848732,151.7,16,9.48125,16,10.0,0,16.0,0,7.343263461361184,11.490508606771325,41.887183317169914,12.398596153846153,2.6470588235294117,0.5793265407945711,9.46990775254313,0.7636143243745278,5.344766761543327,7.2313572103473245
2017,Charcandrick West,RB,160.7,15.1,KC,00-0030668,11,6.4818181818181815,2014,3,vet,True,62,10,7.491790151433535,-1.0099719696153535,26.250513347022586,73.2,16,4.575,11,14.0,0,12.0,0,7.343263461361184,11.490508606771325,41.887183317169914,8.16984126984127,1.8,0.6694440973282442,7.616493634971761,0.7645500394607556,5.344766761543327,5.823190509170254
2018,Todd Gurley,RB,1.5,0.7,LAR,00-0032241,14,26.57857142857143,2015,3,vet,True,1,1,19.40125646412411,7.177314964447319,24.079397672826833,372.1,16,23.25625,14,15.0,0,16.0,0,19.268399859943973,11.99631217113305,41.824180551315024,20.43130036630037,2.3333333333333335,0.5990666148852302,19.734645496509124,0.8169394267209684,14.33061559507524,16.122009978459705
2018,David Johnson,RB,2.8,0.9,ARI,00-0032187,16,15.4125,2015,3,vet,True,2,1,19.40125646412411,-3.9887564641241102,26.71047227926078,246.6,16,15.4125,16,1.0,0,16.0,0,19.268399859943973,11.99631217113305,41.824180551315024,16.767857142857142,2.3333333333333335,0.5990666148852302,18.265848803758264,0.6612276737655927,14.33061559507524,12.07788471386311
2018,LeVeon Bell,RB,3.0,1.5,PIT,00-0030496,0,,2013,5,vet,False,3,1,19.40125646412411,,26.535249828884325,0.0,16,0.0,0,15.0,0,12.0,0,19.268399859943973,11.99631217113305,41.824180551315024,23.06528329197684,2.8181818181818183,0.5529960529210259,20.965621740661426,0.7774270543818694,14.33061559507524,16.299241553126894
2018,Ezekiel Elliott,RB,5.3,2.3,DAL,00-0033045,15,21.94,2016,2,vet,True,4,1,18.801468895250412,3.138531104749589,23.1129363449692,329.1,16,20.56875,15,10.0,0,15.0,0,17.211389786683906,11.99631217113305,41.824180551315024,20.777777777777775,1.8,0.6595049087264919,18.425727391228158,0.7808444592002654,14.33061559507524,14.387627140175066
2018,Alvin Kamara,RB,6.1,1.4,NO,00-0033906,15,23.613333333333333,2017,1,soph,True,5,1,18.801468895250412,4.811864438082921,23.104722792607802,354.2,16,22.1375,15,16.0,0,0.0,1,17.211389786683906,13.06599462503028,40.936218884171055,20.025,1.0,0.7580470544452036,17.892151065438796,0.813508227143025,14.33061559507524,14.5554120930203
2018,Saquon Barkley,RB,6.5,1.7,NYG,00-0034844,16,24.1125,2018,0,rookie,True,6,1,18.25,5.862500000000001,21.557837097878167,385.8,16,24.1125,16,0.0,1,0.0,1,16.1082892936072,13.085070550275928,38.433978303557716,,0.0,1.0,16.1082892936072,0.7466080166233874,14.33061559507524,12.026577920695818
2018,Melvin Gordon III,RB,9.1,1.8,LAC,00-0032144,12,22.958333333333332,2015,3,vet,True,7,1,16.783941579810566,6.174391753522766,25.385352498288842,275.5,16,17.21875,12,16.0,0,13.0,0,16.1082892936072,11.99631217113305,41.824180551315024,16.902080062794347,2.3333333333333335,0.5990666148852302,16.426546513770262,0.8004660652748553,13.920387700534759,13.148893053932074
2018,Leonard Fournette,RB,9.4,2.0,JAX,00-0033856,8,15.05,2017,1,soph,True,8,1,16.783941579810566,-1.7339415798105655,23.619438740588638,120.4,16,7.525,8,13.0,0,0.0,1,16.1082892936072,13.06599462503028,40.936218884171055,17.707692307692305,1.0,0.7580470544452036,16.495269563994313,0.7855520540447958,13.920387700534759,12.957892888018335
2018,Kareem Hunt,RB,11.4,2.0,KC,00-0033923,11,20.92727272727273,2017,1,soph,True,9,2,16.783941579810566,4.14333114746216,23.071868583162217,230.2,16,14.3875,11,15.0,0,0.0,1,16.1082892936072,13.06599462503028,40.936218884171055,19.046666666666667,1.0,0.7580470544452036,16.819238354170505,0.8061859833782542,13.335657894736842,13.559434212230197
2018,Christian McCaffrey,RB,12.7,2.3,CAR,00-0033280,16,24.09375,2017,1,soph,True,10,2,16.783941579810566,7.309808420189434,22.234086242299796,385.5,16,24.09375,16,16.0,0,0.0,1,16.1082892936072,13.06599462503028,40.936218884171055,14.2875,1.0,0.7580470544452036,15.667743960784302,0.8203000385321149,13.335657894736842,12.852250974742672
2018,Dalvin Cook,RB,15.6,2.3,MIN,00-0033893,11,13.818181818181818,2017,1,soph,True,11,2,15.48991409805029,-1.671732279868472,23.06091718001369,152.0,16,9.5,11,4.0,0,0.0,1,15.565901928953402,13.06599462503028,40.936218884171055,16.35,1.0,0.7580470544452036,15.75561676684696,0.7076603479072929,13.335657894736842,11.149625242720898
2018,Devonta Freeman,RB,19.1,2.5,ATL,00-0031285,2,7.05,2014,4,vet,False,12,2,15.48991409805029,-8.439914098050291,26.46406570841889,14.1,16,0.88125,2,14.0,0,16.0,0,15.565901928953402,11.99631217113305,41.824180551315024,15.53786111111111,2.6470588235294117,0.568424547266043,15.553800200298085,0.789530156646922,13.335657894736842,12.280194308596274
2018,Jordan Howard,RB,20.0,2.6,CHI,00-0032780,16,11.25,2016,2,vet,True,13,2,14.434106455309395,-3.1841064553093954,23.83025325119781,180.0,16,11.25,16,16.0,0,15.0,0,14.444215091174808,11.99631217113305,41.824180551315024,13.434166666666668,1.8,0.6595049087264919,14.100298560681246,0.8218279980756741,11.656870404411764,11.588020138393977
2018,Joe Mixon,RB,23.3,3.2,CIN,00-0033897,14,17.385714285714286,2017,1,soph,True,14,2,14.434106455309395,2.9516078304048907,22.105407255304584,243.4,16,15.2125,14,14.0,0,0.0,1,14.444215091174808,13.06599462503028,40.936218884171055,10.092857142857143,1.0,0.7580470544452036,13.391391218416073,0.8063646352840137,11.656870404411764,10.79834429578362
2018,Royce Freeman,RB,29.0,4.2,DEN,00-0034838,14,7.235714285714286,2018,0,rookie,True,15,3,13.416324058711414,-6.180609772997128,22.518822724161534,101.3,16,6.33125,14,0.0,1,0.0,1,13.765945970462777,13.085070550275928,38.433978303557716,,0.0,1.0,13.765945970462777,0.7370084309292543,11.266349039615845,10.145618239947662
2018,LeSean McCoy,RB,29.9,4.2,BUF,00-0027029,14,9.085714285714284,2009,9,vet,True,16,3,13.416324058711414,-4.3306097729971285,30.138261464750173,127.2,16,7.95,14,16.0,0,15.0,0,13.765945970462777,11.99631217113305,41.824180551315024,17.055837410306587,2.9883040935672516,0.538466175196441,15.284342149882379,0.7684810226492662,11.266349039615845,11.745726885862895
2018,Alex Collins,RB,31.5,3.8,BAL,00-0032426,10,10.86,2016,2,vet,True,17,3,13.416324058711414,-2.5563240587114144,24.016427104722794,108.6,16,6.7875,10,15.0,0,6.0,0,13.765945970462777,11.99631217113305,41.824180551315024,9.566666666666666,1.8,0.6595049087264919,12.336111980633767,0.7697225388995992,11.266349039615845,9.495383433883186
2018,Kenyan Drake,RB,32.8,4.5,MIA,00-0033118,16,12.8875,2016,2,vet,True,18,3,13.416324058711414,-0.5288240587114128,24.5968514715948,206.20000000000002,16,12.887500000000001,16,12.0,0,9.0,0,13.765945970462777,11.99631217113305,41.824180551315024,9.4,1.8,0.6595049087264919,12.27936279875485,0.7533119346384505,11.266349039615845,9.250190546057434
2018,Jerick McKinnon,RB,34.3,24.9,SF,00-0031376,0,,2014,4,vet,False,19,3,13.416324058711414,,26.32991101984942,0.0,16,0.0,0,16.0,0,15.0,0,13.765945970462777,11.99631217113305,41.824180551315024,10.031606837606837,2.6470588235294117,0.568424547266043,12.154296868538342,0.8019296783773733,11.266349039615845,9.746891378690067
2018,Lamar Miller,RB,38.0,4.3,HOU,00-0029615,14,12.328571428571427,2012,6,vet,True,20,3,13.416324058711414,-1.0877526301399865,27.353867214236825,172.6,16,10.7875,14,16.0,0,14.0,0,13.765945970462777,11.99631217113305,41.824180551315024,12.67123015873016,2.9076923076923076,0.5452547205224324,13.268129122707915,0.7884754475818332,10.484632352941176,10.461594048600679
2018,Derrick Henry,RB,42.1,5.2,TEN,00-0032764,16,12.585,2016,2,vet,True,21,4,12.035856922066072,0.5491430779339268,24.657084188911703,201.35999999999999,16,12.584999999999999,16,16.0,0,14.0,0,12.069089037324332,11.99631217113305,41.824180551315024,8.141666666666667,1.8,0.6595049087264919,10.731820998757634,0.8109853170539938,9.782107843137256,8.703349255244168
2018,Mark Ingram II,RB,45.9,5.8,NO,00-0027966,12,11.875,2011,7,vet,True,22,4,12.035856922066072,-0.1608569220660722,28.695414099931554,142.5,16,8.90625,12,16.0,0,16.0,0,12.069089037324332,11.99631217113305,41.824180551315024,15.982647018335994,2.953488372093023,0.5413772552634573,13.863935740261503,0.786548059944657,9.782107843137256,10.904651759700078
2018,Jay Ajayi,RB,46.6,5.9,PHI,00-0031590,4,10.85,2015,3,vet,True,23,4,12.035856922066072,-1.1858569220660726,25.21286789869952,43.4,16,2.7125,4,14.0,0,15.0,0,12.069089037324332,11.99631217113305,41.824180551315024,10.293015873015873,2.3333333333333335,0.5990666148852302,11.35700201134664,0.7954555732622247,9.782107843137256,9.033990545475982
2018,Marshawn Lynch,RB,52.6,5.8,LV,00-0025399,6,13.166666666666666,2007,11,vet,True,24,4,11.36028003858886,1.8063866280778047,32.36139630390144,79.0,16,4.9375,6,15.0,0,0.0,1,11.456365726943458,11.99631217113305,41.824180551315024,12.181583038026034,2.0742202389703133,0.626981747422899,11.726885021062145,0.7192755053998591,8.95709878516624,8.434861150290512
2018,Carlos Hyde,RB,53.9,5.8,JAX,00-0031045,13,7.515384615384615,2014,4,vet,True,25,4,11.36028003858886,-3.844895423204246,27.94798083504449,98.4,16,6.15,13,16.0,0,13.0,0,11.456365726943458,11.99631217113305,41.824180551315024,13.635274725274725,2.6470588235294117,0.568424547266043,12.396729364364367,0.7782577868030118,8.95709878516624,9.64785115870612
2018,Dion Lewis,RB,55.5,6.2,TEN,00-0028087,16,10.04375,2011,7,vet,True,26,4,11.36028003858886,-1.316530038588862,27.928815879534564,160.7,16,10.04375,16,16.0,0,7.0,0,11.456365726943458,11.99631217113305,41.824180551315024,11.68608695652174,2.45772161308307,0.5865304283749341,11.551348465330374,0.7467152584261488,8.95709878516624,8.625568154459668
2018,Jamaal Williams,RB,59.7,6.7,GB,00-0033948,14,8.1,2017,1,soph,True,27,5,11.36028003858886,-3.2602800385888617,23.41409993155373,114.4,16,7.15,14,12.0,0,0.0,1,11.456365726943458,13.06599462503028,40.936218884171055,11.841666666666667,1.0,0.7580470544452036,11.54959042423452,0.7789853189701177,8.95709878516624,8.996961380596545
2018,Kerryon Johnson,RB,62.5,6.6,DET,00-0034349,10,13.94,2018,0,rookie,True,28,5,11.36028003858886,2.57971996141114,21.17180013689254,139.4,16,8.7125,10,0.0,1,0.0,1,11.334306287179345,13.085070550275928,38.433978303557716,,0.0,1.0,11.334306287179345,0.7503984495854955,8.95709878516624,8.505245865026515
2018,Rex Burkhead,RB,64.0,6.6,NE,00-0030288,8,6.2125,2013,5,vet,True,29,5,10.925918745824406,-4.713418745824406,28.16700889801506,49.7,16,3.10625,8,10.0,0,8.0,0,11.004075268889608,11.99631217113305,41.824180551315024,9.922666666666666,2.6470588235294117,0.568424547266043,10.537365861794846,0.6904814674690203,8.34526300904977,7.2758558435100635
2018,Chris Carson,RB,66.7,7.3,SEA,00-0033594,14,14.385714285714286,2017,1,soph,True,30,5,10.925918745824406,3.45979553988988,23.958932238193018,201.4,16,12.5875,14,4.0,0,0.0,1,11.004075268889608,13.06599462503028,40.936218884171055,9.925,1.0,0.7580470544452036,10.742989829106433,0.6978766888344979,8.34526300904977,7.497282170119487
2018,Peyton Barber,RB,69.0,7.3,TB,00-0032741,16,9.39375,2016,2,vet,True,31,5,10.925918745824406,-1.532168745824405,24.50924024640657,150.3,16,9.39375,16,11.0,0,8.0,0,11.004075268889608,11.99631217113305,41.824180551315024,6.693939393939394,1.8,0.6595049087264919,9.536495160747213,0.7393183533400134,8.34526300904977,7.050505898878636
2018,Chris Thompson,RB,74.1,8.0,WAS,00-0030404,10,9.16,2013,5,vet,True,32,5,10.925918745824406,-1.765918745824406,27.865845311430526,91.6,16,5.725,10,10.0,0,16.0,0,11.004075268889608,11.99631217113305,41.824180551315024,12.275121212121212,2.6470588235294117,0.568424547266043,11.552627497285446,0.7411414538616957,8.34526300904977,8.562131139260739
2018,Tevin Coleman,RB,76.5,7.5,ATL,00-0032058,16,12.1,2015,3,vet,True,33,6,10.925918745824406,1.1740812541755936,25.377138945927445,193.6,16,12.1,16,15.0,0,13.0,0,11.004075268889608,11.99631217113305,41.824180551315024,11.137922077922079,2.3333333333333335,0.5990666148852302,11.057738923121807,0.7925509590682401,8.34526300904977,8.763821588646397
2018,Adrian Peterson,RB,81.1,8.5,WAS,00-0025394,16,11.8125,2007,11,vet,True,34,6,9.51747964997965,2.2950203500203497,33.44832306639288,189.0,16,11.8125,16,10.0,0,3.0,0,9.230602106227106,11.99631217113305,41.824180551315024,8.57135447926117,2.9970717423133237,0.5377380054689864,8.925856983295995,0.5940545879387903,7.47593954248366,5.302446292212476
2018,Sony Michel,RB,83.5,7.8,NE,00-0034845,13,10.7,2018,0,rookie,True,35,6,9.4762971493062,1.2237028506937992,23.537303216974674,139.1,16,8.69375,13,0.0,1,0.0,1,9.178252629373427,13.085070550275928,38.433978303557716,,0.0,1.0,9.178252629373427,0.7265826959749985,7.227861880046135,6.668759539789763
2018,Tarik Cohen,RB,85.2,9.3,CHI,00-0033556,16,14.62125,2017,1,soph,True,36,6,9.4762971493062,5.1449528506938,23.10198494182067,233.94,16,14.62125,16,16.0,0,0.0,1,9.178252629373427,13.06599462503028,40.936218884171055,9.50875,1.0,0.7580470544452036,9.258217441694642,0.8135298918186072,7.227861880046135,7.531836633774985
2018,Rashaad Penny,RB,87.1,8.2,SEA,00-0034750,12,5.866666666666667,2018,0,rookie,True,37,6,9.4762971493062,-3.609630482639533,22.579055441478438,70.4,16,4.4,12,0.0,1,0.0,1,9.178252629373427,13.085070550275928,38.433978303557716,,0.0,1.0,9.178252629373427,0.7363990201679314,7.227861880046135,6.758856243124331
2018,Isaiah Crowell,RB,89.6,7.9,NYJ,00-0030656,13,10.823076923076924,2014,4,vet,True,38,6,9.4762971493062,1.3467797737707237,25.645448323066393,140.70000000000002,16,8.793750000000001,13,16.0,0,16.0,0,9.178252629373427,11.99631217113305,41.824180551315024,9.894,2.6470588235294117,0.568424547266043,9.487151624894729,0.8120413559848639,7.227861880046135,7.703959469913521
2018,Duke Johnson,RB,93.5,8.2,CLE,00-0032257,16,8.25,2015,3,vet,True,39,7,9.4762971493062,-1.2262971493062,24.93908281998631,132.0,16,8.25,16,16.0,0,15.0,0,9.178252629373427,11.99631217113305,41.824180551315024,11.923869047619048,2.3333333333333335,0.5990666148852302,10.279061914167333,0.8132009538649286,7.227861880046135,8.358942953437534
2018,Marlon Mack,RB,94.3,7.5,IND,00-0033951,12,14.841666666666669,2017,1,soph,True,40,7,9.4762971493062,5.365369517360467,22.48596851471595,178.1,16,11.13125,12,14.0,0,0.0,1,9.178252629373427,13.06599462503028,40.936218884171055,7.378571428571429,1.0,0.7580470544452036,8.74281446177979,0.8032463503816667,7.227861880046135,7.022633808488672
2018,Aaron Jones Sr.,RB,97.7,8.1,GB,00-0033293,12,14.283333333333331,2017,1,soph,True,41,7,9.4762971493062,4.807036184027133,23.748117727583846,171.4,16,10.7125,12,9.0,0,0.0,1,9.178252629373427,13.06599462503028,40.936218884171055,8.0,1.0,0.7580470544452036,8.893170935088843,0.7492355034159327,7.081977611940298,6.663079402515231
2018,James White,RB,99.5,8.2,NE,00-0031062,16,17.2875,2014,4,vet,True,42,7,9.4762971493062,7.811202850693801,26.576317590691307,276.6,16,17.2875,16,14.0,0,16.0,0,9.178252629373427,11.99631217113305,41.824180551315024,9.532489177489177,2.6470588235294117,0.568424547266043,9.331132428001396,0.7885555529059337,7.081977611940298,7.358116291001129
2018,Ronald Jones,RB,111.4,11.0,TB,00-0034816,6,3.4499999999999997,2018,0,rookie,True,43,8,8.801446416016189,-5.35144641601619,21.078713210130047,20.7,16,1.29375,6,0.0,1,0.0,1,8.986654244262867,13.085070550275928,38.433978303557716,,0.0,1.0,8.986654244262867,0.7513067710693505,7.081977611940298,6.751734182973809
2018,Bilal Powell,RB,114.3,10.9,NYJ,00-0028064,7,8.614285714285714,2011,7,vet,True,44,8,8.801446416016189,-0.187160701730475,29.845311430527037,60.3,16,3.76875,7,15.0,0,16.0,0,8.986654244262867,11.99631217113305,41.824180551315024,10.266023622047243,2.953488372093023,0.5413772552634573,9.57340213983422,0.7676333958419831,7.081977611940298,7.34886319436185
2018,Alfred Morris,RB,119.8,23.5,SF,00-0029141,11,6.1909090909090905,2012,6,vet,True,45,8,8.801446416016189,-2.6105373251070985,29.71937029431896,68.1,16,4.25625,11,12.0,0,11.0,0,8.986654244262867,11.99631217113305,41.824180551315024,6.005248917748918,2.9076923076923076,0.5452547205224324,7.6308742458213725,0.7125128920804894,7.081977611940298,5.437096277992709
2018,Latavius Murray,RB,123.1,11.0,MIN,00-0030513,16,8.24375,2013,5,vet,True,46,8,8.514685960281549,-0.2709359602815482,28.618754277891856,131.9,16,8.24375,16,16.0,0,14.0,0,8.221348679642798,11.99631217113305,41.824180551315024,11.552751322751323,2.6470588235294117,0.568424547266043,9.659100283581461,0.7772623431742511,6.9580392156862745,7.5076549193716
2018,CJ Anderson,RB,123.3,12.4,LAR,00-0029854,8,8.4125,2013,5,vet,True,47,8,8.514685960281549,-0.1021859602815489,27.5564681724846,67.4,16,4.2125,8,16.0,0,7.0,0,8.221348679642798,11.99631217113305,41.824180551315024,11.752598369372564,2.8181818181818183,0.5529960529210259,9.799831229073405,0.7503708979704596,6.9580392156862745,7.353508159318764
2018,Matt Breida,RB,125.6,24.4,SF,00-0033308,14,11.607142857142858,2017,1,soph,True,48,8,8.514685960281549,3.092456896861309,23.50718685831622,162.5,16,10.15625,14,16.0,0,0.0,1,8.221348679642798,13.06599462503028,40.936218884171055,6.46875,1.0,0.7580470544452036,7.797302266727776,0.8103023962164045,6.9580392156862745,6.31817271075312
2018,Nick Chubb,RB,126.4,12.2,CLE,00-0034791,16,12.15625,2018,0,rookie,True,49,8,8.514685960281549,3.641564039718451,22.680355920602327,194.5,16,12.15625,16,0.0,1,0.0,1,8.143867739403454,13.085070550275928,38.433978303557716,,0.0,1.0,8.143867739403454,0.7353720596233039,5.757312091503269,5.988772792824898
2018,Corey Clement,RB,128.4,11.5,PHI,00-0033725,10,8.15,2017,1,soph,True,50,9,8.371889717425432,-0.2218897174254319,23.83025325119781,81.10000000000001,16,5.0687500000000005,10,14.0,0,0.0,1,8.143867739403454,13.06599462503028,40.936218884171055,6.6000000000000005,1.0,0.7580470544452036,7.770324392307764,0.7919287239103197,5.757312091503269,6.153543080369517
2018,Ty Montgomery II,RB,129.2,12.6,BAL,00-0032200,11,6.618181818181818,2015,3,vet,True,51,9,7.491790151433535,-0.8736083332517168,25.607118412046542,73.3,16,4.58125,11,8.0,0,11.0,0,7.902240632627389,11.99631217113305,41.824180551315024,11.392207792207794,2.3333333333333335,0.5990666148852302,9.301484979857339,0.7160694962213029,5.598517709080042,6.66050966363646
2018,Giovani Bernard,RB,140.9,13.5,CIN,00-0030456,12,7.991666666666667,2013,5,vet,True,52,9,7.491790151433535,0.4998765152331321,26.77618069815195,95.9,16,5.99375,12,16.0,0,10.0,0,7.419546966688774,11.99631217113305,41.824180551315024,10.892869106699752,2.8181818181818183,0.5529960529210259,8.97213567275047,0.7736395812201865,5.281297329276538,6.94119928451737
2018,Jordan Wilkins,RB,143.1,13.0,IND,00-0034400,10,5.220000000000001,2018,0,rookie,True,53,9,7.491790151433535,-2.2717901514335344,24.123203285420946,60.1,16,3.75625,10,0.0,1,0.0,1,7.419546966688774,13.085070550275928,38.433978303557716,,0.0,1.0,7.419546966688774,0.7204696376392266,5.281297329276538,5.345558314537484
2018,LeGarrette Blount,RB,153.9,16.9,DET,00-0027325,16,5.40625,2010,8,vet,True,54,10,7.491790151433535,-2.085540151433535,31.73990417522245,86.5,16,5.40625,16,15.0,0,16.0,0,7.419546966688774,11.99631217113305,41.824180551315024,9.33504187315952,2.9766536964980546,0.5394368193846667,8.301753393265411,0.749542428636714,5.281297329276538,6.222516400331238
2018,Devontae Booker,RB,155.6,14.9,DEN,00-0032972,14,6.107142857142857,2016,2,vet,True,55,10,7.491790151433535,-1.3846472942906782,26.26420260095825,87.8,16,5.4875,14,13.0,0,16.0,0,7.419546966688774,11.99631217113305,41.824180551315024,7.660096153846155,1.8,0.6595049087264919,7.501452784125695,0.7830030705099694,5.281297329276538,5.873660563255978
2018,James Conner,RB,157.1,16.6,PIT,00-0033553,13,21.53846153846154,2017,1,soph,True,56,10,7.491790151433535,14.046671387028006,23.326488706365502,280.0,16,17.5,13,9.0,0,0.0,1,7.142082271675032,13.06599462503028,40.936218884171055,1.3555555555555554,1.0,0.7580470544452036,5.742015088178402,0.7533447645011818,5.281297329276538,4.325717004365991
2018,Doug Martin,RB,158.6,17.7,LV,00-0029613,15,7.873333333333333,2012,6,vet,True,57,10,7.491790151433535,0.3815431818997981,29.631759069130734,119.89999999999999,16,7.4937499999999995,15,11.0,0,8.0,0,7.142082271675032,11.99631217113305,41.824180551315024,9.214249639249639,2.9076923076923076,0.5452547205224324,8.084390600367042,0.6846525610438329,5.281297329276538,5.534998729019985
2018,Theo Riddick,RB,159.6,13.6,DET,00-0030107,14,8.321428571428571,2013,5,vet,True,58,10,7.491790151433535,0.8296384199950362,27.329226557152634,116.5,16,7.28125,14,16.0,0,10.0,0,7.142082271675032,11.99631217113305,41.824180551315024,11.355232974910395,2.8181818181818183,0.5529960529210259,9.025377265659795,0.7685480081365984,5.145818014705882,6.936435720204175
2018,Austin Ekeler,RB,160.8,14.4,LAC,00-0033699,14,12.05714285714286,2017,1,soph,True,59,10,7.491790151433535,4.565352705709324,23.293634496919918,168.8,16,10.55,14,12.0,0,0.0,1,7.142082271675032,13.06599462503028,40.936218884171055,8.775,1.0,0.7580470544452036,7.537171525891905,0.7800652375116468,5.145818014705882,5.87948549651089
2018,Spencer Ware,RB,164.3,15.6,KC,00-0030414,10,7.869999999999999,2013,5,vet,True,60,10,7.481169871794871,0.3888301282051278,26.77344284736482,79.0,16,4.9375,10,0.0,1,14.0,0,7.142082271675032,11.99631217113305,41.824180551315024,11.426373626373627,2.0864197530864197,0.625609220441928,8.746081451814547,0.7053660222979371,5.145818014705882,6.1691886843601935
2019,Saquon Barkley,RB,1.4,0.6,NYG,00-0034844,13,18.776923076923076,2018,1,soph,True,1,1,19.40125646412411,-0.6243333872010339,22.55715263518138,244.1,16,15.25625,13,16.0,0,0.0,1,19.044230291767054,16.812687527891622,42.07343410619435,24.1125,1.0,0.7144881160222365,20.491281524672072,0.8160258351589307,14.512708618331052,16.721415119647293
2019,Alvin Kamara,RB,2.5,0.9,NO,00-0033906,14,17.751428571428573,2017,2,vet,True,2,1,19.40125646412411,-1.6498278926955372,24.10403832991102,248.52,16,15.5325,14,15.0,0,16.0,0,19.044230291767054,11.620405207959115,41.53637959821447,22.41722222222222,1.8,0.6650810549155689,20.173909190893397,0.8028581564372222,14.512708618331052,16.196787541132608
2019,Christian McCaffrey,RB,3.2,1.2,CAR,00-0033280,16,29.45,2017,2,vet,True,3,1,19.40125646412411,10.04874353587589,23.23340177960301,471.2,16,29.45,16,16.0,0,16.0,0,19.044230291767054,11.620405207959115,41.53637959821447,20.825,1.8,0.6650810549155689,19.640643803886743,0.8165287496539753,14.512708618331052,16.037150327586737
2019,Ezekiel Elliott,RB,3.9,1.2,DAL,00-0033045,16,19.48125,2016,3,vet,True,4,1,19.40125646412411,0.0799935358758894,24.112251882272417,311.7,16,19.48125,16,15.0,0,10.0,0,19.044230291767054,11.620405207959115,41.53637959821447,21.441904761904762,2.3333333333333335,0.6050397848487121,19.99121631635539,0.7800983819917988,14.512708618331052,15.59511550243689
2019,James Conner,RB,7.1,1.9,PIT,00-0033553,10,14.55,2017,2,vet,True,5,1,16.783941579810566,-2.2339415798105655,24.32580424366872,145.5,16,9.09375,10,13.0,0,9.0,0,17.161479779411767,11.620405207959115,41.53637959821447,14.810826210826212,1.8,0.6650810549155689,16.37420136596214,0.7598283975150315,14.512708618331052,12.441583184487452
2019,David Johnson,RB,7.1,2.0,ARI,00-0032187,11,12.845454545454546,2015,4,vet,True,6,1,16.783941579810566,-3.938487034356021,27.709787816564,141.5,16,8.84375,11,16.0,0,1.0,0,17.161479779411767,11.620405207959115,41.53637959821447,16.045,2.6470588235294117,0.5745300041368135,16.686451132284112,0.7104058986016552,14.512708618331052,11.854153311102902
2019,LeVeon Bell,RB,8.8,2.2,NYJ,00-0030496,15,14.333333333333334,2013,6,vet,True,7,1,16.783941579810566,-2.4506082464772323,27.534565366187543,215.0,16,13.4375,15,0.0,1,15.0,0,17.090449810460317,11.620405207959115,41.53637959821447,23.06528329197684,2.8181818181818183,0.5591504964574816,19.72445218453609,0.6914657914507577,13.702542892156863,13.638783940712875
2019,Nick Chubb,RB,11.7,2.4,CLE,00-0034791,16,15.95,2018,1,soph,True,8,2,16.783941579810566,-0.8339415798105669,23.679671457905545,255.2,16,15.95,16,16.0,0,0.0,1,17.090449810460317,16.812687527891622,42.07343410619435,12.15625,1.0,0.7144881160222365,15.681677126653069,0.8063580010413386,13.086277310924372,12.64504582082365
2019,Dalvin Cook,RB,14.6,2.8,MIN,00-0033893,14,20.885714285714283,2017,2,vet,True,9,2,15.764732142857142,5.120982142857141,24.060232717316907,292.4,16,18.275,14,11.0,0,4.0,0,15.372618526749545,11.620405207959115,41.53637959821447,14.662121212121212,1.8,0.6650810549155689,15.134659515648902,0.7256142591584013,13.086277310924372,10.981924752062227
2019,Todd Gurley,RB,16.0,3.1,LAR,00-0032241,15,14.626666666666669,2015,4,vet,True,10,2,15.48991409805029,-0.8632474313836234,25.078713210130047,219.4,16,13.7125,15,14.0,0,15.0,0,15.372618526749545,11.620405207959115,41.53637959821447,23.709844932844934,2.6470588235294117,0.5745300041368135,18.9198582112614,0.7835928688604626,13.086277310924372,14.8254659741955
2019,Joe Mixon,RB,18.4,3.3,CIN,00-0033897,16,14.0875,2017,2,vet,True,11,2,15.48991409805029,-1.40241409805029,23.104722792607802,225.4,16,14.0875,16,14.0,0,14.0,0,15.372618526749545,11.620405207959115,41.53637959821447,14.954761904761904,1.8,0.6650810549155689,15.2326704277169,0.7981587436327483,13.086277310924372,12.15808909075824
2019,Leonard Fournette,RB,23.2,3.5,JAX,00-0033856,15,17.293333333333333,2017,2,vet,True,12,2,14.434106455309395,2.8592268780239376,24.618754277891856,259.4,16,16.2125,15,8.0,0,13.0,0,14.328426757066465,11.620405207959115,41.53637959821447,15.935897435897436,1.8,0.6650810549155689,14.86679914107469,0.7365382695848482,11.57411332179931,10.94996651363266
2019,Damien Williams,RB,25.5,4.2,KC,00-0030874,11,12.827272727272726,2014,5,vet,True,13,3,14.434106455309395,-1.6068337280366691,27.411362080766597,141.1,16,8.81875,11,6.0,0,10.0,0,14.328426757066465,11.620405207959115,41.53637959821447,11.19752548526742,2.8181818181818183,0.5591504964574816,12.948170485753216,0.6731896780394357,10.825262605042017,8.716574720503932
2019,Chris Carson,RB,26.5,3.7,SEA,00-0033594,15,15.506666666666666,2017,2,vet,True,14,3,14.434106455309395,1.0725602113572703,24.958247775496236,232.6,16,14.5375,15,14.0,0,4.0,0,14.328426757066465,11.620405207959115,41.53637959821447,12.898809523809524,1.8,0.6650810549155689,13.849620861429528,0.739105248456428,10.825262605042017,10.236327467814199
2019,Kerryon Johnson,RB,28.5,3.5,DET,00-0034349,8,10.625,2018,1,soph,True,15,3,13.416324058711414,-2.791324058711414,22.171115674195757,85.0,16,5.3125,8,10.0,0,0.0,1,13.445632360977385,16.812687527891622,42.07343410619435,13.940000000000001,1.0,0.7144881160222365,13.58678019697237,0.7811992951588713,10.67279411764706,10.613983113353326
2019,Aaron Jones Sr.,RB,29.2,3.4,GB,00-0033293,16,19.675,2017,2,vet,True,16,3,13.416324058711414,6.258675941288587,24.747433264887064,314.8,16,19.675,16,12.0,0,9.0,0,13.445632360977385,11.620405207959115,41.53637959821447,12.188888888888888,1.8,0.6650810549155689,13.02472516306376,0.748050712162198,10.67279411764706,9.743154933946746
2019,Devonta Freeman,RB,30.4,3.5,ATL,00-0031285,14,14.114285714285714,2014,5,vet,True,17,3,13.416324058711414,0.6979616555743,27.463381245722108,197.6,16,12.35,14,2.0,0,14.0,0,13.445632360977385,11.620405207959115,41.53637959821447,11.157029569892472,2.8181818181818183,0.5591504964574816,12.436702956721579,0.6575272883709499,10.67279411764706,8.177471571408114
2019,David Montgomery,RB,31.3,3.9,CHI,00-0035685,16,10.65,2019,0,rookie,True,18,3,13.416324058711414,-2.7663240587114135,22.234086242299796,170.4,16,10.65,16,0.0,1,0.0,1,13.445632360977385,13.899083668657735,38.53913605230152,,0.0,1.0,13.445632360977385,0.7477473594142688,10.67279411764706,10.053936093575881
2019,Josh Jacobs,RB,33.1,3.6,LV,00-0035700,13,14.738461538461538,2019,0,rookie,True,19,3,13.416324058711414,1.3221374797501235,21.5523613963039,191.6,16,11.975,13,0.0,1,0.0,1,13.445632360977385,13.899083668657735,38.53913605230152,,0.0,1.0,13.445632360977385,0.7549106138591847,10.67279411764706,10.150250579350356
2019,Sony Michel,RB,37.4,3.9,NE,00-0034845,16,9.5375,2018,1,soph,True,20,3,13.416324058711414,-3.8788240587114142,24.536618754277892,152.6,16,9.5375,16,13.0,0,0.0,1,13.445632360977385,16.812687527891622,42.07343410619435,10.7,1.0,0.7144881160222365,12.661721692884417,0.7788491871350193,10.174828666619058,9.861571648232868
2019,Mark Ingram II,RB,39.7,3.9,BAL,00-0027966,15,16.166666666666668,2011,8,vet,True,21,4,13.006055194805196,3.160611471861472,29.694729637234772,242.5,16,15.15625,15,12.0,0,16.0,0,12.479286616161618,11.620405207959115,41.53637959821447,13.920769299328123,2.9766536964980546,0.5456245563269128,13.13426094987247,0.725213149880959,10.104452614379086,9.52513875481549
2019,Melvin Gordon III,RB,42.0,5.2,LAC,00-0032144,12,15.066666666666665,2015,4,vet,True,22,4,12.035856922066072,3.0308097446005924,26.38466803559206,180.79999999999998,16,11.299999999999999,12,12.0,0,16.0,0,11.470933488222489,11.620405207959115,41.53637959821447,20.132081807081807,2.6470588235294117,0.5745300041368135,15.155992227618007,0.760721297116911,8.925786445012788,11.529486066487394
2019,Derrick Henry,RB,43.8,5.1,TEN,00-0032764,15,19.64,2016,3,vet,True,23,4,12.035856922066072,7.604143077933928,25.65639972621492,294.6,16,18.4125,15,16.0,0,16.0,0,11.470933488222489,11.620405207959115,41.53637959821447,10.680714285714286,2.3333333333333335,0.6050397848487121,11.15882834198317,0.7952272671063353,8.925786445012788,8.873804566503996
2019,Marlon Mack,RB,46.5,5.7,IND,00-0033951,14,12.95,2017,2,vet,True,24,4,12.035856922066072,0.9141430779339288,23.485284052019164,181.3,16,11.33125,14,12.0,0,14.0,0,11.470933488222489,11.620405207959115,41.53637959821447,12.353968253968254,1.8,0.6650810549155689,11.766678560438939,0.7814023725388786,8.925786445012788,9.194510544029344
2019,James White,RB,48.1,6.2,NE,00-0031062,15,13.48,2014,5,vet,True,25,4,12.035856922066072,1.4441430779339264,27.575633127994525,202.2,16,12.6375,15,16.0,0,14.0,0,11.273994519297522,11.620405207959115,41.53637959821447,13.535075408462506,2.8181818181818183,0.5591504964574816,12.27079090675538,0.7690460662531443,8.64034270816832,9.43680347665508
2019,Duke Johnson,RB,51.7,5.8,HOU,00-0032257,16,9.625,2015,4,vet,True,26,4,11.36028003858886,-1.7352800385888614,25.93839835728953,154.0,16,9.625,16,16.0,0,16.0,0,11.175831900088054,11.620405207959115,41.53637959821447,9.964472222222222,2.6470588235294117,0.5745300041368135,10.660434702957648,0.7926324371108578,8.49806561085973,8.449806339266484
2019,Phillip Lindsay,RB,55.6,6.2,DEN,00-0034109,16,12.35625,2018,1,soph,True,27,4,11.36028003858886,0.995969961411138,25.10609171800137,197.7,16,12.35625,16,15.0,0,0.0,1,11.175831900088054,16.812687527891622,42.07343410619435,14.853333333333333,1.0,0.7144881160222365,12.225802262624839,0.7869282561613888,8.49806561085973,9.620829254701327
2019,Tevin Coleman,RB,57.7,5.8,SF,00-0032058,14,9.671428571428573,2015,4,vet,True,28,5,11.36028003858886,-1.6888514671602888,26.376454483230663,135.4,16,8.4625,14,16.0,0,15.0,0,11.175831900088054,11.620405207959115,41.53637959821447,11.651030303030302,2.6470588235294117,0.5745300041368135,11.378014562622084,0.7847058345420553,8.349398847376788,8.928394412794022
2019,Miles Sanders,RB,59.0,5.0,PHI,00-0035243,16,13.66875,2019,0,rookie,True,29,5,11.36028003858886,2.3084699614111397,22.33538672142368,218.70000000000002,16,13.668750000000001,16,0.0,1,0.0,1,11.175831900088054,13.899083668657735,38.53913605230152,,0.0,1.0,11.175831900088054,0.7466711823921314,8.349398847376788,8.344671619054449
2019,Austin Ekeler,RB,61.7,6.7,LAC,00-0033699,16,19.3125,2017,2,vet,True,30,5,11.36028003858886,7.952219961411139,24.292950034223136,309.0,16,19.3125,16,14.0,0,12.0,0,11.175831900088054,11.620405207959115,41.53637959821447,10.96309523809524,1.8,0.6650810549155689,11.104582361672637,0.7793952118436455,8.349398847376788,8.654858322211053
2019,Derrius Guice,RB,69.8,7.4,WAS,00-0034358,5,11.48,2018,1,soph,True,31,5,10.925918745824406,0.5540812541755944,22.195756331279945,57.4,16,3.5875,5,0.0,1,0.0,1,10.950498870573872,16.812687527891622,42.07343410619435,,0.0,1.0,10.950498870573872,0.7481537706361616,8.349398847376788,8.192657020366871
2019,Tarik Cohen,RB,71.0,7.6,CHI,00-0033556,16,10.24375,2017,2,vet,True,32,5,10.925918745824406,-0.6821687458244057,24.10130047912389,163.9,16,10.24375,16,16.0,0,16.0,0,10.950498870573872,11.620405207959115,41.53637959821447,12.917083333333332,1.8,0.6650810549155689,11.609145264260704,0.8091027849732415,8.349398847376788,9.392991764472253
2019,Latavius Murray,RB,76.4,7.9,NO,00-0030513,16,9.825,2013,6,vet,True,33,6,10.925918745824406,-1.1009187458244067,29.61806981519507,157.2,16,9.825,16,16.0,0,16.0,0,10.950498870573872,11.620405207959115,41.53637959821447,9.844879672299028,2.8181818181818183,0.5591504964574816,10.46308719590733,0.7565598554020282,8.349398847376788,7.915951735994462
2019,Kenyan Drake,RB,82.9,8.0,ARI,00-0033118,14,15.3,2016,3,vet,True,34,6,9.51747964997965,5.782520350020349,25.596167008898014,214.2,16,13.3875,14,16.0,0,12.0,0,9.563965305589637,11.620405207959115,41.53637959821447,11.392857142857142,2.3333333333333335,0.6050397848487121,10.286304819125245,0.780470957232202,7.67328761312217,8.028162168564892
2019,Tony Pollard,RB,83.3,8.3,DAL,00-0035261,13,6.892307692307692,2019,0,rookie,True,35,6,9.4762971493062,-2.583989456998508,22.338124572210816,89.2,16,5.575,13,0.0,1,0.0,1,9.563965305589637,13.899083668657735,38.53913605230152,,0.0,1.0,9.563965305589637,0.7466420544644499,7.67328761312217,7.1408587045921665
2019,Devin Singletary,RB,83.9,8.6,BUF,00-0035250,12,12.325,2019,0,rookie,True,36,6,9.4762971493062,2.848702850693801,21.99315537303217,147.9,16,9.24375,12,0.0,1,0.0,1,9.563965305589637,13.899083668657735,38.53913605230152,,0.0,1.0,9.563965305589637,0.7502947187628125,7.67328761312217,7.175792659214673
2019,Matt Breida,RB,84.8,8.1,SF,00-0033308,12,8.608333333333333,2017,2,vet,True,37,6,9.4762971493062,-0.8679638159728675,24.50650239561944,103.3,16,6.45625,12,14.0,0,16.0,0,9.563965305589637,11.620405207959115,41.53637959821447,9.894345238095239,1.8,0.6650810549155689,9.674615804061478,0.7927917864653502,7.67328761312217,7.66995594666781
2019,Darwin Thompson,RB,86.0,9.3,KC,00-0035148,7,4.257142857142857,2019,0,rookie,True,38,6,9.4762971493062,-5.219154292163343,22.548939082819988,32.1,16,2.00625,7,0.0,1,0.0,1,9.563965305589637,13.899083668657735,38.53913605230152,,0.0,1.0,9.563965305589637,0.7443925667959239,7.67328761312217,7.119344682575033
2019,LeSean McCoy,RB,90.8,8.9,KC,00-0027029,13,9.123076923076924,2009,10,vet,True,39,6,9.4762971493062,-0.3532202262292774,31.137577002053387,118.6,16,7.4125,13,14.0,0,16.0,0,9.563965305589637,11.620405207959115,41.53637959821447,13.06688038216264,2.9941463414634146,0.544171515466397,11.16069377639382,0.7248970415910858,7.67328761312217,8.090353900611923
2019,Darrell Henderson Jr.,RB,93.0,9.2,LAR,00-0035664,6,3.733333333333334,2019,0,rookie,True,40,7,9.4762971493062,-5.742963815972866,22.034223134839152,22.400000000000002,16,1.4000000000000001,6,0.0,1,0.0,1,9.563965305589637,13.899083668657735,38.53913605230152,,0.0,1.0,9.563965305589637,0.749861725700152,7.67328761312217,7.171651528585826
2019,Rashaad Penny,RB,95.3,7.8,SEA,00-0034750,8,9.0875,2018,1,soph,True,41,7,9.4762971493062,-0.3887971493061997,23.578370978781656,75.3,16,4.70625,8,12.0,0,0.0,1,9.563965305589637,16.812687527891622,42.07343410619435,5.866666666666667,1.0,0.7144881160222365,8.50834260556232,0.7812704120561821,7.67328761312217,6.647316333362843
2019,Kareem Hunt,RB,100.8,11.9,CLE,00-0033923,8,12.675,2017,2,vet,True,42,7,9.4762971493062,3.1987028506938007,24.071184120465436,101.4,16,6.3375,8,11.0,0,15.0,0,9.01884658271022,11.620405207959115,41.53637959821447,20.30040404040404,1.8,0.6650810549155689,12.79725390535043,0.7727751130297354,7.433651960784314,9.889399333177403
2019,Jordan Howard,RB,103.7,9.0,PHI,00-0032780,9,12.377777777777778,2016,3,vet,True,43,7,9.4762971493062,2.901480628471578,24.829568788501028,111.4,16,6.9625,9,16.0,0,16.0,0,8.969640585861946,11.620405207959115,41.53637959821447,12.186071428571429,2.3333333333333335,0.6050397848487121,10.240002803517722,0.8026960583670831,7.433651960784314,8.219609888051556
2019,Royce Freeman,RB,108.1,8.3,DEN,00-0034838,16,8.8875,2018,1,soph,True,44,8,8.801446416016189,0.0860535839838103,23.51813826146475,142.2,16,8.8875,16,14.0,0,0.0,1,8.93907923503512,16.812687527891622,42.07343410619435,7.235714285714286,1.0,0.7144881160222365,8.45274829925284,0.795114904357589,7.208525472689077,6.720906155519196
2019,Kalen Ballage,RB,113.5,10.7,MIA,00-0034799,12,4.316666666666666,2018,1,soph,True,45,8,8.801446416016189,-4.4847797493495225,23.693360711841205,51.8,16,3.2375,12,6.0,0,0.0,1,8.93907923503512,16.812687527891622,42.07343410619435,5.8500000000000005,1.0,0.7144881160222365,8.057110402883655,0.7365132508897397,7.208525472689077,5.934168575605382
2019,Jaylen Samuels,RB,119.0,10.4,PIT,00-0034331,13,8.03076923076923,2018,1,soph,True,46,8,8.801446416016189,-0.7706771852469583,23.11567419575633,104.4,16,6.525,13,8.0,0,0.0,1,8.93907923503512,16.812687527891622,42.07343410619435,11.1625,1.0,0.7144881160222365,9.573892286515523,0.7576758871699193,7.208525472689077,7.253907331854896
2019,Justin Jackson,RB,119.9,10.3,LAC,00-0034440,6,5.016666666666667,2018,1,soph,True,47,8,8.514685960281549,-3.498019293614882,23.359342915811087,31.2,16,1.95,6,8.0,0,0.0,1,8.93907923503512,16.812687527891622,42.07343410619435,7.6375,1.0,0.7144881160222365,8.567462895493907,0.7551507861555369,7.208525472689077,6.469726340890617
2019,Justice Hill,RB,120.7,9.2,BAL,00-0034975,14,3.5142857142857147,2019,0,rookie,True,48,8,8.514685960281549,-5.000400245995834,21.796030116358658,49.5,16,3.09375,14,0.0,1,0.0,1,8.93907923503512,13.899083668657735,38.53913605230152,,0.0,1.0,8.93907923503512,0.7523661154831462,7.208525472689077,6.725460320059428
2019,Alexander Mattison,RB,127.3,12.1,MIN,00-0034972,13,5.261538461538462,2019,0,rookie,True,49,9,8.371889717425432,-3.11035125588697,21.201916495550993,68.4,16,4.275,13,0.0,1,0.0,1,8.890281593406593,13.899083668657735,38.53913605230152,,0.0,1.0,8.890281593406593,0.7585390422141418,5.910569852941177,6.743625684876652
2019,Peyton Barber,RB,131.3,13.8,TB,00-0032741,16,7.28125,2016,3,vet,True,50,9,7.491790151433535,-0.210540151433535,25.508555783709788,116.5,16,7.28125,16,16.0,0,11.0,0,7.5601557103027694,11.620405207959115,41.53637959821447,8.236688311688312,2.3333333333333335,0.6050397848487121,7.827359172102864,0.777371699802798,5.446587461300311,6.084767504584625
2019,Adrian Peterson,RB,133.1,12.1,WAS,00-0025394,15,9.8,2007,12,vet,True,51,9,7.491790151433535,2.3082098485664657,34.4476386036961,147.0,16,9.1875,15,16.0,0,10.0,0,7.5601557103027694,11.620405207959115,41.53637959821447,10.192322983894412,2.9985355137905785,0.5438081390202255,8.7609289972526,0.6736472502703482,5.446587461300311,5.901775728812973
2019,Dion Lewis,RB,142.9,14.9,TEN,00-0028087,12,5.208333333333333,2011,8,vet,True,52,9,7.491790151433535,-2.283456818100202,28.928131416837783,66.3,16,4.14375,12,16.0,0,16.0,0,7.5601557103027694,11.620405207959115,41.53637959821447,10.820987654320987,2.71302549965541,0.568502159266746,8.96719765314065,0.7636353840313552,5.446587461300311,6.847669423541127
2019,Damien Harris,RB,151.4,13.7,NE,00-0035657,1,1.2,2019,0,rookie,False,53,10,7.491790151433535,-6.291790151433535,22.55167693360712,1.2,16,0.075,1,0.0,1,0.0,1,7.5601557103027694,13.899083668657735,38.53913605230152,,0.0,1.0,7.5601557103027694,0.7443632665708803,5.446587461300311,5.627502200305463
2019,Carlos Hyde,RB,151.9,17.8,HOU,00-0031045,16,9.575,2014,5,vet,True,54,10,7.491790151433535,2.0832098485664643,28.947296372347708,153.2,16,9.575,16,13.0,0,16.0,0,7.5601557103027694,11.620405207959115,41.53637959821447,10.476621765331442,2.8181818181818183,0.5591504964574816,8.845878322760768,0.7412144266696413,5.446587461300311,6.556692629394531
2019,Frank Gore,RB,152.3,27.6,BUF,00-0023500,15,6.326666666666667,2005,14,vet,True,55,10,7.491790151433535,-1.165123484766868,36.30116358658453,94.9,16,5.93125,15,14.0,0,16.0,0,7.5601557103027694,11.620405207959115,41.53637959821447,9.529756350487903,2.9996338114128775,0.5437172876418019,8.458850432668886,0.6633966942997302,5.446587461300311,5.611573414608381
2019,Ito Smith,RB,154.2,17.5,ATL,00-0034378,5,7.12,2018,1,soph,True,56,10,7.491790151433535,-0.3717901514335349,23.972621492128678,36.3,16,2.26875,5,13.0,0,0.0,1,7.5601557103027694,16.812687527891622,42.07343410619435,7.515384615384615,1.0,0.7144881160222365,7.547373030644939,0.7842645497154096,5.446587461300311,5.919137111412979
2019,Ty Montgomery II,RB,157.1,19.1,NYJ,00-0032200,12,2.6916666666666664,2015,4,vet,True,57,10,7.491790151433535,-4.800123484766869,26.60643394934976,32.3,16,2.01875,12,11.0,0,8.0,0,7.5601557103027694,11.620405207959115,41.53637959821447,8.846060606060606,2.6470588235294117,0.5745300041368135,8.107269660981308,0.7152415880028272,5.446587461300311,5.798656426687413
2019,Malcolm Brown,RB,157.6,16.7,LAR,00-0031806,11,5.345454545454545,2015,4,vet,True,58,10,7.491790151433535,-2.14633560597899,26.297056810403834,59.1,16,3.69375,11,7.0,0,8.0,0,7.5601557103027694,11.620405207959115,41.53637959821447,4.145714285714286,2.6470588235294117,0.5745300041368135,6.107413331508015,0.6855185569641385,5.446587461300311,4.186745173798917
2019,Dare Ogunbowale,RB,157.9,17.9,TB,00-0033854,14,5.214285714285714,2017,2,vet,True,59,10,7.491790151433535,-2.2775044371478206,25.32785763175907,75.3,16,4.70625,14,0.0,1,0.0,1,7.5601557103027694,11.620405207959115,41.53637959821447,,0.0,1.0,7.5601557103027694,0.7135381862094067,5.446587461300311,5.394459792990126
2019,Ronald Jones,RB,158.1,17.1,TB,00-0034816,16,10.39375,2018,1,soph,True,60,10,7.491790151433535,2.9019598485664657,22.078028747433265,166.3,16,10.39375,16,6.0,0,0.0,1,7.5601557103027694,16.812687527891622,42.07343410619435,3.4499999999999997,1.0,0.7144881160222365,6.386657410012263,0.7537615030141547,5.446587461300311,4.814016488607331
2019,Nyheim Hines,RB,159.2,18.7,IND,00-0034367,16,7.36875,2018,1,soph,True,61,10,7.491790151433535,-0.1230401514335355,22.80082135523614,117.89999999999999,16,7.3687499999999995,16,16.0,0,0.0,1,7.5601557103027694,16.812687527891622,42.07343410619435,10.05625,1.0,0.7144881160222365,8.272820293540363,0.813959465273319,5.446587461300311,6.733740382432376
2020,Christian McCaffrey,RB,1.2,0.5,CAR,00-0033280,3,30.133333333333336,2017,3,vet,False,1,1,19.40125646412411,10.732076869209228,24.23545516769336,90.4,16,5.65,3,16.0,0,16.0,0,19.648190504708673,11.706890597839571,41.80275057197326,25.75357142857143,2.3333333333333335,0.6047954139033656,22.061065045686142,0.8343975411713062,15.041189839572192,18.407698429740766
2020,Saquon Barkley,RB,2.5,0.7,NYG,00-0034844,2,7.699999999999999,2018,2,vet,False,2,1,19.40125646412411,-11.70125646412411,23.55920602327173,15.399999999999999,16,0.9624999999999999,2,13.0,0,16.0,0,19.648190504708673,11.706890597839571,41.80275057197326,20.555448717948718,1.8,0.6648532551657119,19.952255141600247,0.8199873414180457,15.041189839572192,16.36059664885532
2020,Ezekiel Elliott,RB,3.4,1.6,DAL,00-0033045,15,14.913333333333332,2016,4,vet,True,3,1,19.40125646412411,-4.487923130790778,25.114305270362767,223.7,16,13.98125,15,16.0,0,15.0,0,19.648190504708673,11.706890597839571,41.80275057197326,20.39622222222222,2.6470588235294117,0.5742800384544959,19.966642538723356,0.8226328986738088,15.041189839572192,16.425217028413773
2020,Alvin Kamara,RB,4.9,1.3,NO,00-0033906,15,25.186666666666667,2017,3,vet,True,4,1,19.40125646412411,5.785410202542558,25.10609171800137,377.8,16,23.6125,15,14.0,0,15.0,0,18.672158263305324,11.706890597839571,41.80275057197326,19.75105442176871,2.3333333333333335,0.6047954139033656,19.098542973052094,0.8082129999703189,15.041189839572192,15.435690711312487
2020,Clyde Edwards-Helaire,RB,6.2,1.7,KC,00-0036360,13,13.538461538461538,2020,0,rookie,True,5,1,18.801468895250412,-5.263007356788874,21.39356605065024,176.0,16,11.0,13,0.0,1,0.0,1,18.672158263305324,14.943085938646343,38.28875154716643,,0.0,1.0,18.672158263305324,0.758391348336734,15.041189839572192,14.160803281665014
2020,Dalvin Cook,RB,6.2,1.5,MIN,00-0033893,14,24.12857142857143,2017,3,vet,True,6,1,18.801468895250412,5.327102533321018,25.062286105407257,337.8,16,21.1125,14,14.0,0,11.0,0,18.672158263305324,11.706890597839571,41.80275057197326,18.218460111317253,2.3333333333333335,0.6047954139033656,18.49285467293607,0.7920241272648082,15.041189839572192,14.646787082967121
2020,Derrick Henry,RB,7.4,1.7,TEN,00-0032764,16,20.81875,2016,4,vet,True,7,1,16.783941579810566,4.034808420189435,26.65845311430527,333.1,16,20.81875,16,15.0,0,16.0,0,16.789700763232712,11.706890597839571,41.80275057197326,15.459,2.6470588235294117,0.5742800384544959,16.22319488548071,0.804130951616597,14.245245098039216,13.04557314152311
2020,Josh Jacobs,RB,9.1,1.7,LV,00-0035700,15,15.42,2019,1,soph,True,8,1,16.783941579810566,-1.3639415798105663,22.55441478439425,231.3,16,14.45625,15,13.0,0,0.0,1,16.789700763232712,16.16754141420759,42.01598787681848,14.738461538461538,1.0,0.7221285540562561,16.21971995386902,0.7974784759520466,13.67921826625387,12.934877549180467
2020,Austin Ekeler,RB,11.5,2.1,LAC,00-0033699,10,16.53,2017,3,vet,True,9,2,16.783941579810566,-0.2539415798105651,25.295003422313485,165.3,16,10.33125,10,16.0,0,14.0,0,16.789700763232712,11.706890597839571,41.80275057197326,15.734183673469389,2.3333333333333335,0.6047954139033656,16.372555568654874,0.8170643251003763,13.67921826625387,13.377431065871402
2020,Miles Sanders,RB,12.0,2.3,PHI,00-0035243,12,14.2,2019,1,soph,True,10,2,16.783941579810566,-2.583941579810565,23.33744010951403,170.4,16,10.65,12,16.0,0,0.0,1,16.789700763232712,16.16754141420759,42.01598787681848,13.668750000000001,1.0,0.7221285540562561,15.922477661934007,0.8122299103915116,13.67921826625387,12.932712604563504
2020,Joe Mixon,RB,13.1,2.5,CIN,00-0033897,6,16.6,2017,3,vet,True,11,2,16.113404977375566,0.4865950226244351,24.10677618069815,99.60000000000001,16,6.2250000000000005,6,16.0,0,14.0,0,15.951206636500752,11.706890597839571,41.80275057197326,14.459183673469388,2.3333333333333335,0.6047954139033656,15.361552318949268,0.8282658141996928,13.67921826625387,12.723448638825696
2020,Kenyan Drake,RB,14.8,2.7,ARI,00-0033118,15,12.813333333333333,2016,4,vet,True,12,2,15.48991409805029,-2.6765807647169577,26.598220396988363,192.2,16,12.0125,15,14.0,0,16.0,0,15.509165921308059,11.706890597839571,41.80275057197326,13.476666666666665,2.6470588235294117,0.5742800384544959,14.64389041678086,0.7970599879559747,13.67921826625387,11.672059119227965
2020,Nick Chubb,RB,16.3,3.1,CLE,00-0034791,12,17.308333333333334,2018,2,vet,True,13,2,15.48991409805029,1.8184192352830433,24.681724845995895,207.70000000000002,16,12.981250000000001,12,16.0,0,16.0,0,15.38267502228164,11.706890597839571,41.80275057197326,14.685416666666667,1.8,0.6648532551657119,15.148991154088773,0.8303731963915959,13.652588120574336,12.579316206728706
2020,Aaron Jones Sr.,RB,17.5,2.9,GB,00-0033293,14,18.492857142857144,2017,3,vet,True,14,2,15.48991409805029,3.0029430448068535,25.749486652977414,258.90000000000003,16,16.181250000000002,14,16.0,0,12.0,0,15.38267502228164,11.706890597839571,41.80275057197326,16.466666666666665,2.3333333333333335,0.6047954139033656,15.811073491433035,0.8045779056309825,13.609275210084034,12.721240395514737
2020,James Conner,RB,22.4,3.4,PIT,00-0033553,13,12.66153846153846,2017,3,vet,True,15,2,14.434106455309395,-1.7725679937709344,25.32785763175907,164.6,16,10.2875,13,10.0,0,13.0,0,14.458309692225933,11.706890597839571,41.80275057197326,14.661782661782663,2.3333333333333335,0.6047954139033656,14.538723142941453,0.7648213633046661,11.912886029411764,11.119526054893582
2020,Chris Carson,RB,26.4,4.0,SEA,00-0033594,12,15.65,2017,3,vet,True,16,3,14.434106455309395,1.215893544690605,25.960301163586585,187.8,16,11.7375,12,15.0,0,14.0,0,14.458309692225933,11.706890597839571,41.80275057197326,14.389013605442175,2.3333333333333335,0.6047954139033656,14.430923560930442,0.8030379759815227,10.924448529411764,11.588579647913651
2020,David Johnson,RB,28.5,3.9,HOU,00-0032187,12,14.958333333333334,2015,5,vet,True,17,3,13.416324058711414,1.54200927462192,28.711841204654345,179.5,16,11.21875,12,11.0,0,16.0,0,13.581160612059511,11.706890597839571,41.80275057197326,14.393621700879766,2.8181818181818183,0.5588984323689397,13.939538471977365,0.7477849773323196,10.918575367647062,10.42377746029059
2020,Todd Gurley,RB,29.1,5.0,ATL,00-0032241,15,10.88,2015,5,vet,True,18,3,13.416324058711414,-2.536324058711415,26.080766598220396,163.2,16,10.2,15,15.0,0,14.0,0,13.581160612059511,11.706890597839571,41.80275057197326,19.021752924494862,2.8181818181818183,0.5588984323689397,15.981014409916241,0.8018034968480389,10.918575367647062,12.813633237049741
2020,Jonathan Taylor,RB,32.6,4.6,IND,00-0036223,15,16.853333333333335,2020,0,rookie,True,19,3,13.416324058711414,3.4370092746219214,21.61806981519507,252.8,16,15.8,15,0.0,1,0.0,1,13.581160612059511,14.943085938646343,38.28875154716643,,0.0,1.0,13.581160612059511,0.7557224486482409,10.918575367647062,10.263587953230656
2020,LeVeon Bell,RB,34.5,5.0,KC,00-0030496,11,6.781818181818181,2013,7,vet,True,20,3,13.416324058711414,-6.634505876893233,28.536618754277892,74.6,16,4.6625,11,15.0,0,0.0,1,13.581160612059511,11.706890597839571,41.80275057197326,17.182706477732797,2.03403200360604,0.6370919506928772,14.888190596661136,0.746554164452766,10.918575367647062,11.114840691103883
2020,Leonard Fournette,RB,35.4,4.9,TB,00-0033856,12,11.0,2017,3,vet,True,21,3,13.416324058711414,-2.416324058711414,25.620807665982205,132.0,16,8.25,12,15.0,0,8.0,0,13.581160612059511,11.706890597839571,41.80275057197326,16.711575091575092,2.3333333333333335,0.6047954139033656,14.818314770747378,0.7809450034115433,10.918575367647062,11.572288879194634
2020,Melvin Gordon III,RB,39.4,4.9,DEN,00-0032144,15,13.226666666666668,2015,5,vet,True,22,4,13.006055194805196,0.2206114718614706,27.38672142368241,198.4,16,12.4,15,12.0,0,12.0,0,12.969286616161618,11.706890597839571,41.80275057197326,17.51767399267399,2.8181818181818183,0.5588984323689397,14.975587418134552,0.7533523832744887,10.323382352941177,11.281894472387112
2020,Mark Ingram II,RB,42.5,5.1,BAL,00-0027966,10,5.29,2011,9,vet,True,23,4,12.035856922066072,-6.745856922066072,30.69678302532512,52.9,16,3.30625,10,15.0,0,12.0,0,12.428125475831358,11.706890597839571,41.80275057197326,15.045915534237453,2.9883040935672516,0.5444023461477556,13.620784484718904,0.7402348809340624,9.867723529411766,10.082579781274422
2020,Devin Singletary,RB,46.4,6.4,BUF,00-0035250,16,8.975,2019,1,soph,True,24,4,12.035856922066072,-3.0608569220660726,22.99520876112252,143.6,16,8.975,16,12.0,0,0.0,1,12.428125475831358,16.16754141420759,42.01598787681848,12.325000000000001,1.0,0.7221285540562561,12.399469850748464,0.7848112472431418,9.867723529411766,9.731243398719634
2020,Raheem Mostert,RB,49.4,6.1,SF,00-0031687,8,12.4625,2015,5,vet,True,25,4,11.36028003858886,1.102219961411139,28.396988364134156,99.7,16,6.23125,8,14.0,0,6.0,0,11.05383163405222,11.706890597839571,41.80275057197326,8.5421768707483,2.3333333333333335,0.6047954139033656,10.061214152903053,0.7293837699230921,8.758403361344538,7.338486308847998
2020,Cam Akers,RB,52.8,5.7,LAR,00-0036414,11,9.254545454545454,2020,0,rookie,True,26,4,11.36028003858886,-2.1057345840434074,21.196440793976727,101.8,16,6.3625,11,0.0,1,0.0,1,11.05383163405222,14.943085938646343,38.28875154716643,,0.0,1.0,11.05383163405222,0.7607183341483235,8.458032120743034,8.408852386612244
2020,Kareem Hunt,RB,53.1,6.0,CLE,00-0033923,16,13.65625,2017,3,vet,True,27,4,11.36028003858886,2.295969961411138,25.073237508555785,218.5,16,13.65625,16,8.0,0,11.0,0,11.05383163405222,11.706890597839571,41.80275057197326,15.943030303030302,2.3333333333333335,0.6047954139033656,12.986065370369918,0.7402608296877742,8.458032120743034,9.613075525449707
2020,Ronald Jones,RB,56.5,5.5,TB,00-0034816,14,13.30714285714286,2018,2,vet,True,28,4,11.36028003858886,1.9468628185539971,23.080082135523615,186.3,16,11.64375,14,16.0,0,6.0,0,11.05383163405222,11.706890597839571,41.80275057197326,8.079166666666667,1.8,0.6648532551657119,10.056882353260358,0.8071418545009726,8.458032120743034,8.117330673108672
2020,David Montgomery,RB,59.7,6.4,CHI,00-0035685,15,17.653333333333332,2019,1,soph,True,29,5,11.36028003858886,6.293053294744471,23.236139630390145,264.8,16,16.55,15,16.0,0,0.0,1,11.05383163405222,16.16754141420759,42.01598787681848,10.65,1.0,0.7221285540562561,10.941618353980305,0.8132264792821139,8.458032120743034,8.898013771655961
2020,D'Andre Swift,RB,61.4,5.5,DET,00-0036275,13,14.6,2020,0,rookie,True,30,5,11.36028003858886,3.23971996141114,21.631759069130734,189.8,16,11.8625,13,0.0,1,0.0,1,11.05383163405222,14.943085938646343,38.28875154716643,,0.0,1.0,11.05383163405222,0.755559067156175,8.458032120743034,8.351822717925913
2020,J.K. Dobbins,RB,67.0,5.2,BAL,00-0036158,15,11.233333333333333,2020,0,rookie,True,31,5,10.925918745824406,0.3074145875089265,21.70841889117043,168.5,16,10.53125,15,0.0,1,0.0,1,10.960753742761268,14.943085938646343,38.28875154716643,,0.0,1.0,10.960753742761268,0.7546427654082729,8.446815802592223,8.271453515396441
2020,James White,RB,72.7,6.8,NE,00-0031062,13,8.86923076923077,2014,6,vet,True,32,5,10.925918745824406,-2.0566879765936363,28.577686516084874,116.6,16,7.2875,13,15.0,0,16.0,0,10.960753742761268,11.706890597839571,41.80275057197326,13.507100597814883,2.9076923076923076,0.551176355796575,12.103614417652363,0.7838530332861455,8.446815802592223,9.487454875002728
2020,Marlon Mack,RB,74.6,8.3,IND,00-0033951,1,8.6,2017,3,vet,False,33,5,10.925918745824406,-2.3259187458244064,24.487337440109513,8.6,16,0.5375,1,14.0,0,12.0,0,10.960753742761268,11.706890597839571,41.80275057197326,12.694557823129253,2.3333333333333335,0.6047954139033656,11.645961066715753,0.802240695564022,8.446815802592223,9.342863906673566
2020,Antonio Gibson,RB,79.0,6.5,WAS,00-0036328,14,14.44285714285714,2020,0,rookie,True,34,6,10.925918745824406,3.5169383970327353,22.193018480492814,202.2,16,12.6375,14,0.0,1,0.0,1,10.459408763505403,14.943085938646343,38.28875154716643,,0.0,1.0,10.459408763505403,0.7487969598708251,8.446815802592223,7.831973484159111
2020,Jordan Howard,RB,80.0,7.2,PHI,00-0032780,7,4.385714285714285,2016,4,vet,True,35,6,9.51747964997965,-5.131765364265365,25.831622176591377,30.7,16,1.91875,7,9.0,0,16.0,0,10.23522893772894,11.706890597839571,41.80275057197326,12.288314814814816,2.6470588235294117,0.5742800384544959,11.109268578371555,0.7643399147132842,8.446815802592223,8.491257397719483
2020,Zack Moss,RB,83.7,7.4,BUF,00-0036251,13,7.815384615384615,2020,0,rookie,True,36,6,9.4762971493062,-1.6609125339215849,22.713210130047912,101.6,16,6.35,13,0.0,1,0.0,1,9.867017562309186,14.943085938646343,38.28875154716643,,0.0,1.0,9.867017562309186,0.7424196376253492,7.886328431372548,7.325467603052543
2020,Phillip Lindsay,RB,83.8,7.6,DEN,00-0034109,11,6.0,2018,2,vet,True,37,6,9.4762971493062,-3.4762971493062,26.10814510609172,66.0,16,4.125,11,16.0,0,15.0,0,9.867017562309186,11.706890597839571,41.80275057197326,13.18861111111111,1.8,0.6648532551657119,10.980238827852721,0.8130649783037189,7.886328431372548,8.927647644337725
2020,Tarik Cohen,RB,84.6,6.8,CHI,00-0033556,3,5.833333333333333,2017,3,vet,False,38,6,9.4762971493062,-3.642963815972867,25.10335386721424,17.5,16,1.09375,3,16.0,0,16.0,0,9.867017562309186,11.706890597839571,41.80275057197326,11.389464285714284,2.3333333333333335,0.6047954139033656,10.468695489486677,0.8264999241254675,7.886328431372548,8.652376027753363
2020,Matt Breida,RB,90.5,7.5,MIA,00-0033308,10,4.2,2017,3,vet,True,39,6,9.4762971493062,-5.2762971493062,25.508555783709788,42.0,16,2.625,10,12.0,0,14.0,0,9.867017562309186,11.706890597839571,41.80275057197326,9.159481292517006,2.3333333333333335,0.6047954139033656,9.587395983657611,0.7841508712305831,7.886328431372548,7.51796491341771
2020,Latavius Murray,RB,94.9,7.2,NO,00-0030513,15,9.08,2013,7,vet,True,40,7,9.4762971493062,-0.3962971493061999,30.62012320328542,136.2,16,8.5125,15,16.0,0,16.0,0,9.867017562309186,11.706890597839571,41.80275057197326,9.834782060972538,2.9076923076923076,0.551176355796575,9.852549507126547,0.7693130207563424,7.886328431372548,7.579694623478937
2020,Tevin Coleman,RB,96.4,7.2,SF,00-0032058,6,2.1166666666666667,2015,5,vet,True,41,7,9.4762971493062,-7.359630482639533,27.378507871321013,12.700000000000001,16,0.7937500000000001,6,14.0,0,16.0,0,9.867017562309186,11.706890597839571,41.80275057197326,10.629300377042311,2.8181818181818183,0.5588984323689397,10.203261706866186,0.7887795219238422,7.886328431372548,8.048123891205757
2020,Alexander Mattison,RB,96.7,7.4,MIN,00-0034972,12,7.191666666666666,2019,1,soph,True,42,7,9.4762971493062,-2.2846304826395336,22.203969883641342,86.9,16,5.43125,12,13.0,0,0.0,1,9.867017562309186,16.16754141420759,42.01598787681848,5.261538461538462,1.0,0.7221285540562561,8.587286425314332,0.8011122154264562,7.886328431372548,6.8793800526850974
2020,Kerryon Johnson,RB,97.2,7.7,DET,00-0034349,12,5.958333333333333,2018,2,vet,True,43,7,9.4762971493062,-3.517963815972867,23.173169062286107,71.8,16,4.4875,12,8.0,0,10.0,0,9.867017562309186,11.706890597839571,41.80275057197326,11.729999999999999,1.8,0.6648532551657119,10.49139006198471,0.7584340393007103,7.886328431372548,7.957027342590393
2020,Chase Edmonds,RB,101.1,7.4,ARI,00-0034681,16,10.5,2018,2,vet,True,44,7,9.4762971493062,1.0237028506938,24.386036960985628,168.0,16,10.5,16,9.0,0,15.0,0,9.511826380690017,11.706890597839571,41.80275057197326,7.534074074074074,1.8,0.6648532551657119,8.84898913303918,0.776265493354079,7.281786151960785,6.869164915043543
2020,Damien Harris,RB,101.1,6.7,NE,00-0035657,10,9.13,2019,1,soph,True,45,7,9.4762971493062,-0.346297149306201,23.55373032169747,91.3,16,5.70625,10,1.0,0,0.0,1,9.511826380690017,16.16754141420759,42.01598787681848,1.2,1.0,0.7221285540562561,7.202207165854327,0.6743095165316448,7.281786151960785,4.856516831967979
2020,Sony Michel,RB,107.4,9.4,NE,00-0034845,8,9.4125,2018,2,vet,True,46,7,8.801446416016189,0.6110535839838125,25.53867214236824,75.30000000000001,16,4.706250000000001,8,16.0,0,13.0,0,8.892676198801198,11.706890597839571,41.80275057197326,9.924999999999999,1.8,0.6648532551657119,9.238656160387935,0.8107372598817899,7.281786151960785,7.490122780462932
2020,AJ Dillon,RB,111.9,8.0,GB,00-0036265,6,6.316666666666666,2020,0,rookie,True,47,8,8.801446416016189,-2.4847797493495225,22.33538672142368,40.3,16,2.51875,6,0.0,1,0.0,1,8.892676198801198,14.943085938646343,38.28875154716643,,0.0,1.0,8.892676198801198,0.7470620640278678,7.072325930372149,6.643381035807916
2020,Darrell Henderson Jr.,RB,114.1,7.3,LAR,00-0035664,15,8.686666666666667,2019,1,soph,True,48,8,8.801446416016189,-0.1147797493495215,23.0362765229295,130.3,16,8.14375,15,6.0,0,0.0,1,8.892676198801198,16.16754141420759,42.01598787681848,3.733333333333334,1.0,0.7221285540562561,7.459042136654103,0.7314783221000283,7.072325930372149,5.456127626593154
2020,Adrian Peterson,RB,118.4,8.7,DET,00-0025394,16,7.78125,2007,13,vet,True,49,8,8.801446416016189,-1.020196416016189,35.449691991786445,124.5,16,7.78125,16,15.0,0,16.0,0,8.892676198801198,11.706890597839571,41.80275057197326,9.996137543529192,2.9992676675210546,0.5434938909658383,9.396413043752577,0.6993236981460962,7.072325930372149,6.571134319065268
2020,Tony Pollard,RB,119.4,8.7,DAL,00-0035261,15,8.02,2019,1,soph,True,50,8,8.801446416016189,-0.7814464160161894,23.340177960301162,120.8,16,7.55,15,13.0,0,0.0,1,8.892676198801198,16.16754141420759,42.01598787681848,6.892307692307692,1.0,0.7221285540562561,8.33683090948152,0.7891516845305891,7.072325930372149,6.579024155864025
2020,Boston Scott,RB,120.1,9.1,PHI,00-0034414,14,6.685714285714285,2018,2,vet,True,51,8,8.514685960281549,-1.8289716745672635,25.349760438056126,95.6,16,5.975,14,8.0,0,0.0,1,8.610947627364036,11.706890597839571,41.80275057197326,12.3625,1.0,0.7812190412436563,9.431715852273967,0.7209098276752547,7.072325930372149,6.799416649744794
2020,Bryce Love,RB,126.8,8.9,WAS,00-0035256,0,,2019,1,soph,False,52,9,8.371889717425432,,23.15126625598905,0.0,16,0.0,0,0.0,1,0.0,1,8.371889717425432,16.16754141420759,42.01598787681848,,0.0,1.0,8.371889717425432,0.736967924924676,6.444944852941177,6.169814192749253
2020,Duke Johnson,RB,131.0,11.0,HOU,00-0032257,11,7.672727272727273,2015,5,vet,True,53,9,7.491790151433535,0.1809371212937378,26.940451745379878,84.4,16,5.275,11,16.0,0,16.0,0,7.561755722027937,11.706890597839571,41.80275057197326,9.789260752688172,2.8181818181818183,0.5588984323689397,8.54431168295824,0.8088071505564802,5.600559558823528,6.910700385759898
2020,Ke'Shawn Vaughn,RB,134.4,10.6,TB,00-0036450,5,4.720000000000001,2020,0,rookie,True,54,9,7.491790151433535,-2.7717901514335344,23.329226557152634,23.3,16,1.45625,5,0.0,1,0.0,1,7.561755722027937,14.943085938646343,38.28875154716643,,0.0,1.0,7.561755722027937,0.7347320887206231,5.600559558823528,5.55586457604071
2020,Ryquell Armstead,RB,135.3,26.8,JAX,00-0035268,0,,2019,1,soph,False,55,9,7.491790151433535,,23.838466803559207,0.0,16,0.0,0,9.0,0,0.0,1,7.561755722027937,16.16754141420759,42.01598787681848,5.644444444444444,1.0,0.7221285540562561,7.028989665001564,0.7492945951764284,5.600559558823528,5.266783965536646
2020,Justin Jackson,RB,137.6,12.9,LAC,00-0034440,8,8.1625,2018,2,vet,True,56,9,7.491790151433535,0.6707098485664647,24.361396303901437,65.3,16,4.08125,8,6.0,0,8.0,0,7.561755722027937,11.706890597839571,41.80275057197326,5.890277777777778,1.8,0.6648532551657119,7.001565329950189,0.7148138781316509,5.600559558823528,5.004816066493807
2020,Nyheim Hines,RB,139.9,14.6,IND,00-0034367,15,12.786666666666669,2018,2,vet,True,57,9,7.491790151433535,5.294876515233132,23.802874743326488,193.2,16,12.075,15,16.0,0,16.0,0,7.561755722027937,11.706890597839571,41.80275057197326,8.264583333333333,1.8,0.6648532551657119,7.797306108136599,0.838225046574269,5.600559558823528,6.535897275646633
2020,Chris Thompson,RB,149.6,21.4,JAX,00-0030404,6,7.1000000000000005,2013,7,vet,True,58,9,7.491790151433535,-0.3917901514335344,29.867214236824093,42.6,16,2.6625,6,11.0,0,10.0,0,7.561755722027937,11.706890597839571,41.80275057197326,9.571075036075037,2.9076923076923076,0.551176355796575,8.463585738926882,0.7018245002559391,5.600559558823528,5.9399518315956525
2020,Darrel Williams,RB,152.3,19.6,KC,00-0034301,10,4.9799999999999995,2018,2,vet,True,59,10,7.491790151433535,-2.5117901514335355,25.38261464750171,54.5,16,3.40625,10,8.0,0,2.0,0,7.561755722027937,11.706890597839571,41.80275057197326,8.025,1.8,0.6648532551657119,7.717010533853385,0.6884961908515985,5.600559558823528,5.3131323573197164
2020,Jerick McKinnon,RB,152.3,15.4,SF,00-0031376,13,9.584615384615384,2014,6,vet,True,60,10,7.491790151433535,2.0928252331818493,28.331279945242983,126.2,16,7.8875,13,0.0,1,0.0,1,7.561755722027937,11.706890597839571,41.80275057197326,10.031606837606837,2.6470588235294117,0.5742800384544959,8.613220643975307,0.6671781128989672,5.600559558823528,5.746552295229873
2020,Benny Snell Jr.,RB,152.9,19.0,PIT,00-0035217,15,4.993333333333334,2019,1,soph,True,61,10,7.491790151433535,-2.498456818100201,22.510609171800137,74.9,16,4.68125,15,10.0,0,0.0,1,7.561755722027937,16.16754141420759,42.01598787681848,5.5600000000000005,1.0,0.7221285540562561,7.005524965121871,0.7736209981354811,5.600559558823528,5.419621215980613
2020,Joshua Kelley,RB,154.5,16.1,LAC,00-0036370,13,6.246153846153846,2020,0,rookie,True,62,10,7.491790151433535,-1.2456363052796888,22.781656399726216,81.2,16,5.075,13,0.0,1,0.0,1,7.561755722027937,14.943085938646343,38.28875154716643,,0.0,1.0,7.561755722027937,0.7415726905903862,5.600559558823528,5.607591536371506
2020,LeSean McCoy,RB,156.0,18.3,TB,00-0027029,6,4.25,2009,11,vet,True,63,10,7.491790151433535,-3.241790151433535,32.139630390143736,28.2,16,1.7625,6,13.0,0,14.0,0,7.561755722027937,11.706890597839571,41.80275057197326,11.094015339610722,2.9970717423133237,0.5436756051207071,9.173611954577964,0.712918455430862,5.600559558823528,6.540037265379813
2020,Carlos Hyde,RB,156.5,16.2,SEA,00-0031045,10,8.49,2014,6,vet,True,64,10,7.491790151433535,0.9982098485664652,29.949349760438057,84.9,16,5.30625,10,16.0,0,13.0,0,7.561755722027937,11.706890597839571,41.80275057197326,10.018655154369439,2.9076923076923076,0.551176355796575,8.664470278692775,0.7630937365808962,5.600559558823528,6.611803000461789
2020,DeAndre Washington,RB,161.4,16.1,MIA,00-0032940,4,4.275,2016,4,vet,True,65,10,7.481169871794871,-3.206169871794871,27.523613963039015,17.1,16,1.06875,4,16.0,0,5.0,0,7.561755722027937,11.706890597839571,41.80275057197326,5.842478632478633,2.6470588235294117,0.5742800384544959,6.829825145578941,0.7536739806989852,5.600559558823528,5.147461504946507
2021,Christian McCaffrey,RB,1.2,0.5,CAR,00-0033280,7,18.214285714285715,2017,4,vet,True,1,1,19.40125646412411,-1.1869707498383946,25.234770704996578,127.5,17,7.5,7,3.0,0,16.0,0,19.678065964366514,11.847991988243574,41.637440767432,28.089444444444446,2.6470588235294117,0.5703776784626472,23.291781914306924,0.721280422297777,15.08938797577855,16.799906295219024
2021,Dalvin Cook,RB,2.5,0.7,MIN,00-0033893,13,15.86923076923077,2017,4,vet,True,2,1,19.40125646412411,-3.53202569489334,26.06160164271047,206.3,17,12.13529411764706,13,14.0,0,14.0,0,19.678065964366514,11.847991988243574,41.637440767432,21.37051948051948,2.6470588235294117,0.5703776784626472,20.405181773070208,0.7857358476169831,15.08938797577855,16.033082796241935
2021,Alvin Kamara,RB,3.8,1.0,NO,00-0033906,13,18.053846153846152,2017,4,vet,True,3,1,19.40125646412411,-1.347410310277958,26.105407255304584,234.7,17,13.805882352941175,13,15.0,0,14.0,0,19.5185120161552,11.847991988243574,41.637440767432,22.65004761904762,2.6470588235294117,0.5703776784626472,20.863889611846716,0.79228314491571,15.08938797577855,16.530108076848126
2021,Derrick Henry,RB,4.0,1.3,TEN,00-0032764,8,24.1625,2016,5,vet,True,4,1,19.40125646412411,4.7612435358758916,27.65776865160849,193.3,17,11.370588235294118,8,16.0,0,15.0,0,19.144156676656678,11.847991988243574,41.637440767432,18.225322580645162,2.8181818181818183,0.5549643407059106,18.735242738956302,0.7951756638337345,15.08938797577855,14.897809082035732
2021,Ezekiel Elliott,RB,5.3,1.1,DAL,00-0033045,17,14.827058823529413,2016,5,vet,True,5,1,18.801468895250412,-3.974410071721,26.11362080766598,252.06,17,14.827058823529413,17,15.0,0,16.0,0,19.144156676656678,11.847991988243574,41.637440767432,17.566344086021505,2.8181818181818183,0.5549643407059106,18.441973810140837,0.803674823593127,15.08938797577855,14.821350048574006
2021,Aaron Jones Sr.,RB,7.5,1.7,GB,00-0033293,15,15.266666666666667,2017,4,vet,True,6,1,16.783941579810566,-1.5172749131438987,26.748802190280628,229.0,17,13.470588235294118,15,14.0,0,16.0,0,16.90712292440487,11.847991988243574,41.637440767432,17.54730158730159,2.6470588235294117,0.5703776784626472,17.182157967757238,0.7932065805080944,14.416479779411764,13.629000767354627
2021,Austin Ekeler,RB,8.5,2.0,LAC,00-0033699,16,21.4875,2017,4,vet,True,7,1,16.783941579810566,4.7035584201894345,26.2943189596167,343.8,17,20.223529411764705,16,10.0,0,16.0,0,16.90712292440487,11.847991988243574,41.637440767432,16.158619047619048,2.6470588235294117,0.5703776784626472,16.585548951180435,0.7681006037023228,13.980902512703445,12.739370162136119
2021,Nick Chubb,RB,9.9,2.2,CLE,00-0034791,14,15.37857142857143,2018,3,vet,True,8,1,16.783941579810566,-1.4053701512391363,25.68104038329911,215.3,17,12.664705882352942,14,12.0,0,16.0,0,16.90712292440487,11.847991988243574,41.637440767432,16.18422619047619,2.3333333333333335,0.6009784184106695,16.618671526306887,0.786312210716109,13.766942401960783,13.067464347015221
2021,Saquon Barkley,RB,12.0,2.8,NYG,00-0034844,13,11.430769230769233,2018,3,vet,True,9,2,16.783941579810566,-5.353172349041335,24.55852156057495,148.6,17,8.741176470588234,13,2.0,0,13.0,0,16.90712292440487,11.847991988243574,41.637440767432,13.20947802197802,2.3333333333333335,0.6009784184106695,15.431682807282783,0.6961365700356578,13.091193277310927,10.742558739340067
2021,Najee Harris,RB,12.9,2.5,PIT,00-0036893,17,17.688235294117646,2021,0,rookie,True,10,2,16.113404977375566,1.57483031674208,23.482546201232033,300.7,17,17.688235294117646,17,0.0,1,0.0,1,15.588461538461539,14.913434835902,38.18675937211811,,0.0,1.0,15.588461538461539,0.7287017069337698,13.091193277310927,11.359338531548342
2021,Jonathan Taylor,RB,13.8,2.6,IND,00-0036223,17,21.947058823529417,2020,1,soph,True,11,2,15.798529411764708,6.148529411764706,22.61738535249829,373.1,17,21.947058823529414,17,15.0,0,0.0,1,15.213957855869621,15.934799861634463,42.27183446882583,16.853333333333335,1.0,0.7262373946727998,15.66275755768961,0.8050191217725248,13.091193277310927,12.608819333627265
2021,Antonio Gibson,RB,15.6,2.3,WAS,00-0036328,16,14.31875,2020,1,soph,True,12,2,15.48991409805029,-1.1711640980502906,23.19233401779603,229.1,17,13.476470588235294,16,14.0,0,0.0,1,15.213957855869621,15.934799861634463,42.27183446882583,14.442857142857141,1.0,0.7262373946727998,15.002859315705663,0.7949764696962285,13.091193277310927,11.926920134148862
2021,Joe Mixon,RB,19.2,2.6,CIN,00-0033897,16,17.99375,2017,4,vet,True,13,2,15.48991409805029,2.5038359019497083,25.10609171800137,287.9,17,16.935294117647057,16,6.0,0,16.0,0,15.213957855869621,11.847991988243574,41.637440767432,15.600952380952382,2.6470588235294117,0.5703776784626472,15.380219342157922,0.746242716351048,11.825909442724459,11.477376659966856
2021,Clyde Edwards-Helaire,RB,20.4,2.3,KC,00-0036360,10,11.76,2020,1,soph,True,14,2,14.434106455309395,-2.6741064553093956,22.392881587953458,117.6,17,6.917647058823529,10,13.0,0,0.0,1,14.525767886205868,15.934799861634463,42.27183446882583,13.538461538461538,1.0,0.7262373946727998,14.255480328191297,0.793226965601091,11.825909442724459,11.307831403917227
2021,David Montgomery,RB,25.9,3.4,CHI,00-0035685,13,15.0,2019,2,vet,True,15,3,14.434106455309395,0.5658935446906046,24.23545516769336,195.0,17,11.470588235294118,13,15.0,0,16.0,0,14.525767886205868,11.847991988243574,41.637440767432,15.318888888888887,1.8,0.6612914618378863,14.794404741610304,0.8146612150480984,10.9578125,12.052427742713599
2021,Chris Carson,RB,28.0,3.2,SEA,00-0033594,4,12.025,2017,4,vet,True,16,3,13.416324058711414,-1.3913240587114135,26.9596167008898,48.1,17,2.8294117647058825,4,12.0,0,15.0,0,13.393073968348578,11.847991988243574,41.637440767432,15.061539682539683,2.6470588235294117,0.5703776784626472,14.10988408188484,0.7718693411385749,10.932514347202295,10.890986929826116
2021,James Robinson,RB,29.1,3.3,JAX,00-0035831,14,12.421428571428573,2020,1,soph,True,17,3,13.416324058711414,-0.9948954872828412,23.06365503080082,173.9,17,10.229411764705883,14,14.0,0,0.0,1,13.393073968348578,15.934799861634463,42.27183446882583,17.885714285714286,1.0,0.7262373946727998,14.622990886428632,0.7957700123532477,10.932514347202295,11.63653763833474
2021,D'Andre Swift,RB,34.0,4.1,DET,00-0036275,13,16.06923076923077,2020,1,soph,True,18,3,13.416324058711414,2.652906710519357,22.63107460643395,208.9,17,12.288235294117648,13,13.0,0,0.0,1,13.393073968348578,15.934799861634463,42.27183446882583,14.600000000000001,1.0,0.7262373946727998,13.72348518321069,0.791742746607489,10.932514347202295,10.86546985198241
2021,Josh Jacobs,RB,35.4,4.1,LV,00-0035700,15,15.066666666666666,2019,2,vet,True,19,3,13.416324058711414,1.6503426079552526,23.55373032169747,226.0,17,13.294117647058824,15,15.0,0,13.0,0,13.393073968348578,11.847991988243574,41.637440767432,15.192820512820512,1.8,0.6612914618378863,14.002663489488981,0.80217306591828,10.932514347202295,11.232559502385337
2021,Miles Sanders,RB,38.7,4.4,PHI,00-0035243,12,9.766666666666667,2019,2,vet,True,20,3,13.006055194805196,-3.2393885281385284,24.33675564681725,117.2,17,6.894117647058824,12,12.0,0,16.0,0,13.393073968348578,11.847991988243574,41.637440767432,14.022916666666667,1.8,0.6612914618378863,13.606407067967979,0.7947458566191482,10.873970588235293,10.813635640741044
2021,Mike Davis,RB,43.1,5.2,ATL,00-0032063,17,8.129411764705882,2015,6,vet,True,21,4,12.035856922066072,-3.9064451573601904,28.531143052703626,138.2,17,8.129411764705882,17,14.0,0,4.0,0,12.163623351049822,11.847991988243574,41.637440767432,10.156878306878307,2.9076923076923076,0.5472291863090387,11.25502776452998,0.7007529221244221,9.625891544117648,7.886993594585886
2021,Darrell Henderson Jr.,RB,43.8,4.9,LAR,00-0035664,11,14.7,2019,2,vet,True,22,4,12.035856922066072,2.664143077933927,24.035592060232716,163.4,17,9.611764705882353,11,15.0,0,6.0,0,12.163623351049822,11.847991988243574,41.637440767432,7.035555555555557,1.8,0.6612914618378863,10.426703004441746,0.7564301739442276,9.625891544117648,7.887072767314671
2021,Myles Gaskin,RB,45.7,4.8,MIA,00-0035311,17,10.211764705882352,2019,2,vet,True,23,4,12.035856922066072,-1.82409221618372,24.542094455852155,173.6,17,10.211764705882352,17,10.0,0,6.0,0,12.163623351049822,11.847991988243574,41.637440767432,12.635555555555555,1.8,0.6612914618378863,12.323470818149584,0.7128070312757748,9.625891544117648,8.784256648898848
2021,Javonte Williams,RB,52.7,6.5,DEN,00-0036997,17,12.052941176470588,2021,0,rookie,True,24,4,11.36028003858886,0.6926611378817267,21.352498288843258,204.9,17,12.052941176470588,17,0.0,1,0.0,1,11.19057028254722,14.913434835902,38.18675937211811,,0.0,1.0,11.19057028254722,0.7443598885196738,8.90670716112532,8.329811647988423
2021,Kareem Hunt,RB,53.2,5.8,CLE,00-0033923,8,13.75,2017,4,vet,True,25,4,11.36028003858886,2.389719961411138,26.072553045859,110.0,17,6.470588235294118,8,16.0,0,8.0,0,11.19057028254722,11.847991988243574,41.637440767432,14.72341414141414,2.6470588235294117,0.5703776784626472,12.708358862822607,0.7627846874763083,8.90670716112532,9.693741543514916
2021,Damien Harris,RB,55.5,6.1,NE,00-0035657,15,14.006666666666666,2019,2,vet,True,26,4,11.36028003858886,2.646386628077805,24.553045859000683,210.1,17,12.358823529411765,15,10.0,0,1.0,0,11.19057028254722,11.847991988243574,41.637440767432,6.4866666666666655,1.8,0.6612914618378863,9.597317965156837,0.6750608288904966,8.90670716112532,6.478773420684428
2021,Gus Edwards,RB,56.6,8.7,BAL,00-0034184,0,,2018,3,vet,False,27,5,11.36028003858886,,26.38740588637919,0.0,17,0.0,0,16.0,0,16.0,0,11.19057028254722,11.847991988243574,41.637440767432,7.5007142857142854,2.3333333333333335,0.6009784184106695,9.718238106854066,0.8084608873132244,8.90670716112532,7.8568154029884285
2021,Chase Edmonds,RB,60.4,6.2,ARI,00-0034681,11,13.0,2018,3,vet,True,28,5,11.36028003858886,1.6397199614111386,25.385352498288842,143.3,17,8.429411764705883,11,16.0,0,9.0,0,11.19057028254722,11.847991988243574,41.637440767432,9.22888888888889,2.3333333333333335,0.6009784184106695,10.40781707027531,0.7737382700554635,8.90670716112532,8.052926375008541
2021,Raheem Mostert,RB,63.0,7.9,SF,00-0031687,1,2.0,2015,6,vet,False,29,5,11.037614360661992,-9.037614360661992,29.39630390143737,2.0,17,0.11764705882352941,1,8.0,0,14.0,0,10.995818611500416,11.847991988243574,41.637440767432,10.633015873015873,2.6470588235294117,0.5703776784626472,10.839950456732577,0.7164880736500758,8.655977255745626,7.766695221206584
2021,Trey Sermon,RB,67.7,5.9,SF,00-0036984,3,8.933333333333334,2021,0,rookie,False,30,5,10.925918745824406,-1.9925854124910725,22.587268993839835,28.3,17,1.6647058823529413,3,0.0,1,0.0,1,10.898674500825969,14.913434835902,38.18675937211811,,0.0,1.0,10.898674500825969,0.7353557625860823,8.530910633484165,8.01440309873237
2021,Melvin Gordon III,RB,75.2,6.6,DEN,00-0032144,16,12.19375,2015,6,vet,True,31,6,10.925918745824406,1.2678312541755936,28.386036960985628,195.1,17,11.476470588235294,16,15.0,0,12.0,0,10.898674500825969,11.847991988243574,41.637440767432,15.338114715971859,2.9076923076923076,0.5472291863090387,12.908723459369948,0.7651883365858628,8.530910633484165,9.877604631322196
2021,Michael Carter,RB,76.1,5.0,NYJ,00-0036924,14,11.028571428571428,2021,0,rookie,True,32,6,10.925918745824406,0.1026526827470224,22.321697467488022,154.4,17,9.08235294117647,14,0.0,1,0.0,1,10.898674500825969,14.913434835902,38.18675937211811,,0.0,1.0,10.898674500825969,0.7373093828728038,8.530910633484165,8.035694970335557
2021,AJ Dillon,RB,79.1,5.7,GB,00-0036265,17,10.91764705882353,2020,1,soph,True,33,6,10.925918745824406,-0.0082716870008763,23.3347022587269,185.6,17,10.91764705882353,17,6.0,0,0.0,1,10.898674500825969,15.934799861634463,42.27183446882583,6.316666666666666,1.0,0.7262373946727998,9.644292098516877,0.7353346760250992,8.530910633484165,7.091782405754331
2021,Ronald Jones,RB,79.8,5.8,TB,00-0034816,15,5.28,2018,3,vet,True,34,6,9.51747964997965,-4.23747964997965,24.079397672826833,79.2,17,4.658823529411765,15,14.0,0,16.0,0,10.107473835688122,11.847991988243574,41.637440767432,11.066581632653063,2.3333333333333335,0.6009784184106695,10.490178545747732,0.809306192874269,8.291605392156862,8.489766461430433
2021,Zack Moss,RB,83.8,7.1,BUF,00-0036251,13,8.092307692307692,2020,1,soph,True,35,6,9.4762971493062,-1.383989456998508,23.71252566735113,105.2,17,6.188235294117647,13,13.0,0,0.0,1,9.221425690905734,15.934799861634463,42.27183446882583,7.815384615384615,1.0,0.7262373946727998,8.836504222874014,0.7849054817339719,7.210972318339103,6.935820603899205
2021,Leonard Fournette,RB,90.1,7.3,TB,00-0033856,14,18.257142857142856,2017,4,vet,True,36,6,9.4762971493062,8.780845707836656,26.62012320328542,255.6,17,15.035294117647059,14,12.0,0,15.0,0,9.221425690905734,11.847991988243574,41.637440767432,13.66540170940171,2.6470588235294117,0.5703776784626472,11.130656984828297,0.7741265224884136,7.210972318339103,8.616536784676502
2021,Devin Singletary,RB,91.2,9.2,BUF,00-0035250,17,11.63529411764706,2019,2,vet,True,37,7,9.4762971493062,2.15899696834086,23.994524298425734,197.8,17,11.63529411764706,17,16.0,0,12.0,0,9.221425690905734,11.847991988243574,41.637440767432,10.091666666666667,1.8,0.6612914618378863,9.51618373965449,0.8003888280795803,7.210972318339103,7.616647151172016
2021,Jamaal Williams,RB,92.0,7.5,DET,00-0033948,13,9.215384615384616,2017,4,vet,True,38,7,9.4762971493062,-0.2609125339215854,26.414784394250514,119.8,17,7.047058823529412,13,14.0,0,13.0,0,9.221425690905734,11.847991988243574,41.637440767432,9.691862026862028,2.6470588235294117,0.5703776784626472,9.423535641694803,0.7773921949427833,7.210972318339103,7.325783056618674
2021,Sony Michel,RB,93.4,9.9,LAR,00-0034845,16,9.13125,2018,3,vet,True,39,7,9.4762971493062,-0.3450471493062004,26.537987679671456,146.3,17,8.605882352941178,16,8.0,0,16.0,0,9.221425690905734,11.847991988243574,41.637440767432,9.632142857142858,2.3333333333333335,0.6009784184106695,9.38531070416356,0.7514575248748349,7.210972318339103,7.052662351932042
2021,James Conner,RB,96.2,8.2,ARI,00-0033553,15,17.18,2017,4,vet,True,40,7,9.4762971493062,7.7037028506938,26.327173169062284,257.7,17,15.158823529411764,15,13.0,0,10.0,0,9.221425690905734,11.847991988243574,41.637440767432,13.594985754985755,2.6470588235294117,0.5703776784626472,11.100404719018847,0.7514527589595916,7.210972318339103,8.341429751674783
2021,Tony Pollard,RB,102.7,7.4,DAL,00-0035261,15,10.84,2019,2,vet,True,41,7,9.4762971493062,1.3637028506937998,24.33949349760438,162.6,17,9.564705882352941,15,15.0,0,13.0,0,9.221425690905734,11.847991988243574,41.637440767432,7.644102564102564,1.8,0.6612914618378863,8.687172880416938,0.7974058225377582,7.210972318339103,6.927202236236575
2021,Kenyan Drake,RB,102.9,8.2,LV,00-0033118,11,9.3,2016,5,vet,True,42,7,9.4762971493062,-0.1762971493062011,27.59753593429158,102.5,17,6.029411764705882,11,15.0,0,14.0,0,9.221425690905734,11.847991988243574,41.637440767432,13.134301075268816,2.8181818181818183,0.5549643407059106,10.962794767321371,0.7828249740373806,7.210972318339103,8.581949529105485
2021,Alexander Mattison,RB,106.5,9.5,MIN,00-0034972,16,7.86875,2019,2,vet,True,43,7,8.801446416016189,-0.9326964160161886,23.20328542094456,125.9,17,7.405882352941177,16,12.0,0,13.0,0,8.942899458265314,11.847991988243574,41.637440767432,6.548290598290599,1.8,0.6612914618378863,8.131824991833232,0.784186990413225,7.210972318339103,6.37687136691275
2021,Phillip Lindsay,RB,107.5,7.1,MIA,00-0034109,13,3.515384615384616,2018,3,vet,True,44,8,8.801446416016189,-5.286061800631574,27.107460643394933,45.4,17,2.6705882352941175,13,11.0,0,16.0,0,8.942899458265314,11.847991988243574,41.637440767432,9.080833333333333,2.3333333333333335,0.6009784184106695,8.997938051249701,0.7699091864041814,7.210972318339103,6.927595164352883
2021,David Johnson,RB,115.0,9.6,HOU,00-0032187,13,6.253846153846154,2015,6,vet,True,45,8,8.801446416016189,-2.547600262170035,29.711156741957563,81.3,17,4.7823529411764705,13,12.0,0,11.0,0,8.942899458265314,11.847991988243574,41.637440767432,14.680459355459355,2.9076923076923076,0.5472291863090387,11.54069912151849,0.7256490531666335,7.124749399759902,8.374497390410891
2021,J.D. McKissic,RB,116.8,10.4,WAS,00-0032602,11,11.627272727272729,2016,5,vet,True,46,8,8.801446416016189,2.825826311256538,28.046543463381244,127.9,17,7.523529411764706,11,16.0,0,14.0,0,8.942899458265314,11.847991988243574,41.637440767432,8.309293394777267,2.8181818181818183,0.5549643407059106,8.660922166068179,0.7868739273546901,7.124749399759902,6.815053839327358
2021,Nyheim Hines,RB,120.6,11.9,IND,00-0034367,17,6.858823529411764,2018,3,vet,True,47,8,8.514685960281549,-1.6558624308697842,24.802190280629706,116.6,17,6.858823529411764,17,15.0,0,16.0,0,8.672804320823351,11.847991988243574,41.637440767432,10.848630952380953,2.3333333333333335,0.6009784184106695,9.54100610461165,0.811396984424005,7.124749399759902,7.741543581652916
2021,Giovani Bernard,RB,120.9,10.3,TB,00-0030456,9,6.4222222222222225,2013,8,vet,True,48,8,8.514685960281549,-2.092463738059326,29.776865160848732,59.1,17,3.476470588235294,9,16.0,0,16.0,0,8.672804320823351,11.847991988243574,41.637440767432,8.360048139768729,2.9766536964980546,0.541415300464053,8.529379121506407,0.7877828028720966,7.124749399759902,6.719298191099059
2021,Rhamondre Stevenson,RB,121.3,12.2,NE,00-0036875,12,9.575,2021,0,rookie,True,49,8,8.514685960281549,1.0603140397184507,23.520876112251884,114.89999999999999,17,6.758823529411764,12,0.0,1,0.0,1,8.672804320823351,14.913434835902,38.18675937211811,,0.0,1.0,8.672804320823351,0.7284144909920833,7.124749399759902,6.3173963448264825
2021,Chuba Hubbard,RB,127.6,10.5,CAR,00-0036555,16,8.6,2021,0,rookie,True,50,9,8.371889717425432,0.2281102825745673,22.2258726899384,137.6,17,8.094117647058823,16,0.0,1,0.0,1,8.333871336996337,14.913434835902,38.18675937211811,,0.0,1.0,8.333871336996337,0.7380120138712002,5.9471638655462185,6.150497168760138
2021,James White,RB,128.8,18.9,NE,00-0031062,3,10.4,2014,7,vet,False,51,9,8.371889717425432,2.028110282574568,29.57700205338809,31.200000000000003,17,1.835294117647059,3,13.0,0,15.0,0,8.333871336996337,11.847991988243574,41.637440767432,11.169906353489031,2.953488372093023,0.5433544570028577,9.628934087061552,0.7614625342396262,5.9471638655462185,7.33207255196021
2021,Latavius Murray,RB,130.6,14.0,BAL,00-0030513,13,7.5,2013,8,vet,True,52,9,7.491790151433535,0.008209848566465,31.619438740588638,103.6,17,6.094117647058823,13,15.0,0,16.0,0,7.593805864939977,11.847991988243574,41.637440767432,9.454419447569054,2.953488372093023,0.5433544570028577,8.44344676468749,0.7686678705769133,5.535643939393938,6.490206244941861
2021,Rashaad Penny,RB,137.9,12.0,SEA,00-0034750,10,12.17,2018,3,vet,True,53,9,7.491790151433535,4.678209848566465,25.579739904175224,121.7,17,7.158823529411765,10,3.0,0,8.0,0,7.593805864939977,11.847991988243574,41.637440767432,4.082142857142857,2.3333333333333335,0.6009784184106695,6.192576537560026,0.6578636116066664,5.535643939393938,4.073870766149944
2021,Tevin Coleman,RB,139.0,17.2,NYJ,00-0032058,11,4.681818181818182,2015,6,vet,True,54,9,7.491790151433535,-2.8099719696153533,28.37782340862423,51.5,17,3.0294117647058822,11,6.0,0,14.0,0,7.593805864939977,11.847991988243574,41.637440767432,6.3054229368515085,2.9076923076923076,0.5472291863090387,7.010463678243818,0.7075913973106085,5.535643939393938,4.960543789883811
2021,Damien Williams,RB,146.0,23.8,CHI,00-0030874,9,6.744444444444444,2014,7,vet,True,55,9,7.491790151433535,-0.7473457069890914,29.412731006160165,60.699999999999996,17,3.5705882352941174,9,0.0,1,11.0,0,7.593805864939977,11.847991988243574,41.637440767432,12.02533360819075,2.9076923076923076,0.5472291863090387,9.6002722871457,0.6703577050892631,5.535643939393938,6.435616498643042
2021,Darrel Williams,RB,150.3,15.6,KC,00-0034301,16,12.225,2018,3,vet,True,56,9,7.491790151433535,4.733209848566465,26.38193018480493,196.0,17,11.529411764705882,16,10.0,0,8.0,0,7.593805864939977,11.847991988243574,41.637440767432,6.284999999999999,2.3333333333333335,0.6009784184106695,7.071564078718236,0.7130686776910425,5.535643939393938,5.042510846819088
2021,Mark Ingram II,RB,154.2,17.2,NO,00-0027966,14,7.757142857142858,2011,10,vet,True,57,10,7.491790151433535,0.265352705709323,31.696098562628336,108.60000000000001,17,6.3882352941176475,14,10.0,0,15.0,0,7.593805864939977,11.847991988243574,41.637440767432,10.163189479956342,2.9941463414634146,0.539960148203387,8.77582472240075,0.7226101465409439,5.535643939393938,6.341499988671645
2021,Justin Jackson,RB,154.6,26.7,LAC,00-0034440,12,7.041666666666667,2018,3,vet,True,58,10,7.491790151433535,-0.450123484766868,25.360711841204655,86.2,17,5.070588235294117,12,8.0,0,6.0,0,7.593805864939977,11.847991988243574,41.637440767432,7.188690476190476,2.3333333333333335,0.6009784184106695,7.432156081794975,0.689130013735415,5.535643939393938,5.12172182273112
2021,Kenny Gainwell,RB,154.8,14.0,PHI,00-0036919,13,9.33846153846154,2021,0,rookie,True,59,10,7.491790151433535,1.846671387028004,22.469541409993155,123.4,17,7.258823529411765,13,0.0,1,0.0,1,7.593805864939977,14.913434835902,38.18675937211811,,0.0,1.0,7.593805864939977,0.736222946924049,5.535643939393938,5.590734132255236
2021,Devontae Booker,RB,155.5,16.0,NYG,00-0032972,16,9.00625,2016,5,vet,True,60,10,7.491790151433535,1.5144598485664649,29.26488706365503,144.1,17,8.476470588235294,16,15.0,0,4.0,0,7.593805864939977,11.847991988243574,41.637440767432,5.103941716885266,2.8181818181818183,0.5549643407059106,6.485727532257732,0.7035114623502788,5.535643939393938,4.562783660624103
2021,Tony Jones,RB,158.8,17.6,NO,00-0035860,9,2.477777777777778,2020,1,soph,True,61,10,7.491790151433535,-5.014012373655757,23.770020533880903,22.1,17,1.3,9,1.0,0,0.0,1,7.593805864939977,15.934799861634463,42.27183446882583,1.3,1.0,0.7262373946727998,5.870797173930396,0.6900614618818546,5.535643939393938,4.05121088025427
2021,Marlon Mack,RB,158.8,16.4,IND,00-0033951,5,2.58,2017,4,vet,True,62,10,7.491790151433535,-4.911790151433535,25.48665297741273,12.9,17,0.7588235294117647,5,1.0,0,14.0,0,7.593805864939977,11.847991988243574,41.637440767432,10.510793650793651,2.6470588235294117,0.5703776784626472,8.847008929394535,0.6874670085065694,5.535643939393938,6.082026762921768
2021,Jerick McKinnon,RB,159.7,21.7,KC,00-0031376,6,5.583333333333333,2014,7,vet,True,63,10,7.491790151433535,-1.908456818100202,29.3305954825462,35.9,17,2.111764705882353,6,13.0,0,0.0,1,7.593805864939977,11.847991988243574,41.637440767432,9.669487179487179,1.492705094475006,0.7018768712377581,8.212614472746111,0.746799409715145,5.535643939393938,6.133175640464852
2021,Malcolm Brown,RB,161.7,16.1,MIA,00-0031806,6,3.75,2015,6,vet,True,64,10,7.481169871794871,-3.7311698717948714,28.298425735797398,22.5,17,1.3235294117647058,6,15.0,0,11.0,0,7.593805864939977,11.847991988243574,41.637440767432,6.039042121899265,2.9076923076923076,0.5472291863090387,6.88985421990623,0.7593579177119488,5.535643939393938,5.231865353766878
2021,Carlos Hyde,RB,172.7,14.7,JAX,00-0031045,10,4.58,2014,7,vet,True,65,10,7.481169871794871,-2.9011698717948713,30.94866529774127,45.8,17,2.6941176470588233,10,10.0,0,16.0,0,7.593805864939977,11.847991988243574,41.637440767432,9.248309249805311,2.953488372093023,0.5433544570028577,8.349327461512416,0.7352183164329088,5.535643939393938,6.138578479600211
2022,Jonathan Taylor,RB,1.3,0.6,IND,00-0036223,10,14.41,2020,2,vet,True,1,1,19.40125646412411,-4.99125646412411,23.616700889801507,146.4,17,8.611764705882353,10,17.0,0,15.0,0,19.46428571428571,12.182846668899728,41.580476570515025,20.249150326797388,1.8,0.6547116686982843,19.735290306637637,0.8262477973660289,14.538286593707248,16.30624014623849
2022,Christian McCaffrey,RB,2.4,0.9,SF,00-0033280,17,20.962352941176473,2017,5,vet,True,2,1,19.40125646412411,1.561096477052363,26.234086242299796,356.36,17,20.962352941176473,17,7.0,0,3.0,0,19.46428571428571,12.182846668899728,41.580476570515025,22.992588325652843,2.8181818181818183,0.5477316702395518,21.06002524321815,0.6422680023571443,14.538286593707248,13.526180342552752
2022,Austin Ekeler,RB,2.7,0.9,LAC,00-0033699,17,21.923529411764704,2017,5,vet,True,3,1,19.40125646412411,2.5222729476405945,27.293634496919918,372.7,17,21.923529411764704,17,16.0,0,10.0,0,19.46428571428571,12.182846668899728,41.580476570515025,18.909009216589862,2.8181818181818183,0.5477316702395518,19.213151740117578,0.7620121750209119,14.538286593707248,14.640655546493814
2022,Derrick Henry,RB,4.3,1.4,TEN,00-0032764,16,18.9225,2016,6,vet,True,4,1,19.40125646412411,-0.4787564641241104,28.657084188911703,302.76,17,17.80941176470588,16,8.0,0,16.0,0,19.46428571428571,12.182846668899728,41.580476570515025,21.241031746031744,2.9076923076923076,0.5399750101203808,20.281633289558336,0.7042245677517549,14.538286593707248,14.282824436638823
2022,Najee Harris,RB,7.1,2.1,PIT,00-0036893,17,13.262352941176472,2021,1,soph,True,5,1,16.783941579810566,-3.5215886386340944,24.48186173853525,225.46,17,13.262352941176472,17,17.0,0,0.0,1,17.17958806818182,15.663140494540107,42.36955498207591,17.688235294117646,1.0,0.7300980013783525,17.316872971055254,0.8111734675501324,14.538286593707248,14.046987895056054
2022,Dalvin Cook,RB,7.5,1.7,MIN,00-0033893,17,13.988235294117649,2017,5,vet,True,6,1,16.783941579810566,-2.795706285692919,27.06091718001369,237.8,17,13.988235294117647,17,13.0,0,14.0,0,17.17958806818182,12.182846668899728,41.580476570515025,18.53114466178982,2.8181818181818183,0.5477316702395518,17.79085431134963,0.7583656630886466,14.538286593707248,13.491973026740169
2022,Joe Mixon,RB,10.1,1.8,CIN,00-0033897,14,17.107142857142858,2017,5,vet,True,7,1,16.783941579810566,0.3232012773322914,26.105407255304584,239.5,17,14.088235294117647,14,16.0,0,6.0,0,17.07502447530188,12.182846668899728,41.580476570515025,16.83594470046083,2.8181818181818183,0.5477316702395518,16.966896264855016,0.7533539109758691,13.648314950980392,12.782077658250392
2022,Alvin Kamara,RB,10.9,2.0,NO,00-0033906,15,14.113333333333332,2017,5,vet,True,8,2,16.783941579810566,-2.670608246477233,27.104722792607802,211.7,17,12.452941176470588,15,13.0,0,15.0,0,17.07502447530188,12.182846668899728,41.580476570515025,20.27781460475009,2.8181818181818183,0.5477316702395518,18.52354501772067,0.7630814875665144,13.190242214532873,14.134974287127585
2022,D'Andre Swift,RB,12.8,2.4,DET,00-0036275,14,13.65,2020,2,vet,True,9,2,16.113404977375566,-2.463404977375566,23.630390143737166,191.1,17,11.241176470588234,14,13.0,0,13.0,0,17.07502447530188,12.182846668899728,41.580476570515025,15.579487179487181,1.8,0.6547116686982843,16.55863289803054,0.7869486365651067,13.190242214532873,13.030793582487256
2022,Aaron Jones Sr.,RB,14.9,2.4,GB,00-0033293,17,14.623529411764704,2017,5,vet,True,10,2,15.48991409805029,-0.8663846862855848,27.748117727583846,248.6,17,14.623529411764705,17,15.0,0,14.0,0,15.367077683346064,12.182846668899728,41.580476570515025,16.37019969278034,2.8181818181818183,0.5477316702395518,15.820757999098849,0.7690609503121968,13.190242214532873,12.167127181446249
2022,Saquon Barkley,RB,15.5,2.3,NYG,00-0034844,16,17.75,2018,4,vet,True,11,2,15.48991409805029,2.2600859019497097,25.557837097878167,284.0,17,16.705882352941178,16,13.0,0,2.0,0,15.367077683346064,12.182846668899728,41.580476570515025,12.260833333333332,2.6470588235294117,0.5631983434301089,14.010265005549638,0.7083379994370967,13.190242214532873,9.924003085614595
2022,Nick Chubb,RB,18.8,2.9,CLE,00-0034791,17,16.552941176470586,2018,4,vet,True,12,2,15.48991409805029,1.063027078420296,26.680355920602327,281.4,17,16.552941176470586,17,14.0,0,12.0,0,15.367077683346064,12.182846668899728,41.580476570515025,15.754543650793652,2.6470588235294117,0.5631983434301089,15.536323459791626,0.7607956870411291,12.953636150617083,11.819967880685383
2022,Javonte Williams,RB,20.2,3.3,DEN,00-0036997,4,10.5,2021,1,soph,True,13,2,14.434106455309395,-3.9341064553093954,22.351813826146476,42.0,17,2.4705882352941178,4,17.0,0,0.0,1,14.58142006011891,15.663140494540107,42.36955498207591,12.052941176470588,1.0,0.7300980013783525,13.898978555949595,0.8286934981065092,12.251296439628481,11.517993159637227
2022,Leonard Fournette,RB,21.9,3.0,TB,00-0033856,15,14.98,2017,5,vet,True,14,2,14.434106455309395,0.5458935446906032,27.619438740588638,226.1,17,13.299999999999999,15,14.0,0,12.0,0,14.58142006011891,12.182846668899728,41.580476570515025,16.03533262436488,2.8181818181818183,0.5477316702395518,15.238978667168166,0.7511389879357391,12.251296439628481,11.446591013231014
2022,Ezekiel Elliott,RB,27.7,3.7,DAL,00-0033045,15,12.386666666666668,2016,6,vet,True,15,3,13.416324058711414,-1.0296573920447472,27.1129363449692,185.8,17,10.929411764705883,15,17.0,0,15.0,0,13.564208220292775,12.182846668899728,41.580476570515025,16.17496109554933,2.9076923076923076,0.5399750101203808,14.765219785310858,0.796467633333904,10.883926470588237,11.760019658061474
2022,James Conner,RB,28.4,3.3,ARI,00-0033553,13,15.4,2017,5,vet,True,16,3,13.416324058711414,1.9836759412885847,27.326488706365502,200.2,17,11.776470588235293,13,15.0,0,13.0,0,13.564208220292775,12.182846668899728,41.580476570515025,15.445315687896333,2.8181818181818183,0.5477316702395518,14.414973552765742,0.768199127371211,10.883926470588237,11.073570104313728
2022,Cam Akers,RB,33.1,4.6,LAR,00-0036414,15,9.42,2020,2,vet,True,17,3,13.416324058711414,-3.996324058711414,23.195071868583163,141.3,17,8.311764705882354,15,1.0,0,11.0,0,13.564208220292775,12.182846668899728,41.580476570515025,5.95151515151515,1.8,0.6547116686982843,10.935634133862413,0.6656741021887291,10.883926470588237,7.2795684339232825
2022,Travis Etienne Jr.,RB,33.6,4.1,JAX,00-0036973,17,12.06470588235294,2021,1,soph,True,18,3,13.416324058711414,-1.351618176358473,23.59753593429158,205.1,17,12.064705882352941,17,0.0,1,0.0,1,13.564208220292775,15.663140494540107,42.36955498207591,,0.0,1.0,13.564208220292775,0.7255600095273336,10.883926470588237,9.841647045546361
2022,J.K. Dobbins,RB,38.8,3.9,BAL,00-0036158,8,10.15,2020,2,vet,True,19,4,13.006055194805196,-2.8560551948051955,23.707049965776864,81.2,17,4.776470588235294,8,0.0,1,15.0,0,13.564208220292775,12.182846668899728,41.580476570515025,11.233333333333333,1.0,0.7733985562118622,13.036028605618252,0.7348728171202537,10.883926470588237,9.579823065470897
2022,David Montgomery,RB,39.3,4.7,CHI,00-0035685,16,11.10625,2019,3,vet,True,20,4,13.006055194805196,-1.8998051948051968,25.234770704996578,177.7,17,10.452941176470588,16,13.0,0,15.0,0,13.564208220292775,12.182846668899728,41.580476570515025,15.136666666666667,2.3333333333333335,0.593946405515177,14.202710624620915,0.7814082619599212,10.883926470588237,11.098115424304735
2022,Elijah Mitchell,RB,42.4,5.2,SF,00-0036567,5,8.72,2021,1,soph,True,21,4,12.035856922066072,-3.3158569220660716,24.334017796030118,43.6,17,2.5647058823529414,5,11.0,0,0.0,1,11.687229793626853,15.663140494540107,42.36955498207591,15.0,1.0,0.7300980013783525,12.581353093301214,0.7637119011690302,9.596969975490197,9.608529090163929
2022,Breece Hall,RB,44.4,4.7,NYJ,00-0038120,7,16.442857142857143,2022,0,rookie,True,22,4,12.035856922066072,4.407000220791071,21.253935660506503,115.1,17,6.770588235294118,7,0.0,1,0.0,1,11.687229793626853,14.309909855124008,38.88965723151437,,0.0,1.0,11.687229793626853,0.7507953796427683,9.596969975490197,8.774718129878346
2022,Josh Jacobs,RB,46.8,5.9,LV,00-0035700,17,19.311764705882354,2019,3,vet,True,23,4,12.035856922066072,7.275907783816281,24.553045859000683,328.3,17,19.311764705882354,17,15.0,0,15.0,0,11.687229793626853,12.182846668899728,41.580476570515025,15.1207326007326,2.3333333333333335,0.593946405515177,13.081415950125873,0.8036840978335368,9.596969975490197,10.51332597626215
2022,AJ Dillon,RB,48.7,5.6,GB,00-0036265,17,9.858823529411763,2020,2,vet,True,24,4,11.36028003858886,-1.5014565091770962,24.334017796030118,167.6,17,9.858823529411765,17,17.0,0,6.0,0,11.470549839467417,12.182846668899728,41.580476570515025,9.383986928104575,1.8,0.6547116686982843,10.750084013646891,0.7797349074146425,8.835851063829786,8.382215763080586
2022,Clyde Edwards-Helaire,RB,54.3,4.8,KC,00-0036360,10,9.83,2020,2,vet,True,25,4,11.36028003858886,-1.5302800385888613,23.392197125256672,98.3,17,5.7823529411764705,10,10.0,0,13.0,0,11.470549839467417,12.182846668899728,41.580476570515025,12.352820512820513,1.8,0.6547116686982843,11.775187608025949,0.7637825009968353,8.835851063829786,8.993682240965002
2022,Damien Harris,RB,59.8,6.3,NE,00-0035657,11,8.263636363636364,2019,3,vet,True,26,5,11.36028003858886,-3.0966436749524977,25.5523613963039,90.9,17,5.347058823529412,11,15.0,0,10.0,0,11.470549839467417,12.182846668899728,41.580476570515025,10.783809523809524,2.3333333333333335,0.593946405515177,11.191696465816886,0.7706562261614751,8.835851063829786,8.62495056269116
2022,Miles Sanders,RB,61.7,5.6,PHI,00-0035243,17,12.747058823529413,2019,3,vet,True,27,5,11.36028003858886,1.3867787849405513,25.336071184120467,216.70000000000002,17,12.747058823529413,17,12.0,0,12.0,0,11.470549839467417,12.182846668899728,41.580476570515025,11.59077380952381,2.3333333333333335,0.593946405515177,11.51936721465205,0.7566501119574632,8.835851063829786,8.716130492645606
2022,Rashaad Penny,RB,63.3,6.4,SEA,00-0034750,5,10.44,2018,4,vet,True,28,5,10.925918745824406,-0.4859187458244065,26.579055441478438,52.199999999999996,17,3.0705882352941174,5,10.0,0,3.0,0,10.898814924241714,12.182846668899728,41.580476570515025,8.395666666666667,2.6470588235294117,0.5631983434301089,9.805435618692897,0.6709243641121058,8.248617647058824,6.578705657313725
2022,Kareem Hunt,RB,68.9,7.0,CLE,00-0033923,17,7.458823529411765,2017,5,vet,True,29,5,10.925918745824406,-3.467095216412641,27.071868583162217,126.8,17,7.458823529411765,17,8.0,0,16.0,0,10.898814924241714,12.182846668899728,41.580476570515025,14.221006842619747,2.8181818181818183,0.5477316702395518,12.401337114310206,0.7222935721972034,8.248617647058824,8.957406084316876
2022,Chase Edmonds,RB,69.6,7.9,DEN,00-0034681,13,5.707692307692308,2018,4,vet,True,30,5,10.925918745824406,-5.218226438132098,26.38466803559206,74.2,17,4.364705882352942,13,11.0,0,16.0,0,10.898814924241714,12.182846668899728,41.580476570515025,11.240148148148148,2.6470588235294117,0.5631983434301089,11.047909841886387,0.7577813875321637,8.248617647058824,8.371900449314914
2022,Dameon Pierce,RB,70.5,10.7,HOU,00-0037258,13,12.8,2022,0,rookie,True,31,5,10.925918745824406,1.874081254175595,22.532511978097194,166.4,17,9.788235294117648,13,0.0,1,0.0,1,10.898814924241714,14.309909855124008,38.88965723151437,,0.0,1.0,10.898814924241714,0.7372225982164743,8.248617647058824,8.034852655929964
2022,Tony Pollard,RB,70.8,6.7,DAL,00-0035261,16,15.55,2019,3,vet,True,32,5,10.925918745824406,4.624081254175595,25.338809034907598,248.8,17,14.63529411764706,16,15.0,0,15.0,0,10.898814924241714,12.182846668899728,41.580476570515025,9.47032967032967,2.3333333333333335,0.593946405515177,10.318773352222163,0.796680902906939,8.248617647058824,8.220769671140415
2022,Devin Singletary,RB,74.4,7.2,BUF,00-0035250,16,11.11875,2019,3,vet,True,33,5,10.925918745824406,0.1928312541755943,24.993839835728952,177.9,17,10.464705882352941,16,17.0,0,16.0,0,10.898814924241714,12.182846668899728,41.580476570515025,10.973739495798318,2.3333333333333335,0.593946405515177,10.929238315837509,0.819186296615839,8.248617647058824,8.953082260782859
2022,Rhamondre Stevenson,RB,76.0,7.9,NE,00-0036875,17,14.652941176470588,2021,1,soph,True,34,6,10.925918745824406,3.7270224306461817,24.520191649555098,249.1,17,14.652941176470588,17,12.0,0,0.0,1,10.898814924241714,15.663140494540107,42.36955498207591,9.575,1.0,0.7300980013783525,10.54151463038371,0.7705736091317259,8.248617647058824,8.123012974449667
2022,Melvin Gordon III,RB,85.4,6.2,KC,00-0032144,10,8.709999999999999,2015,7,vet,True,35,6,9.4762971493062,-0.766297149306201,29.385352498288842,87.1,17,5.123529411764705,10,16.0,0,15.0,0,9.473268141344985,12.182846668899728,41.580476570515025,13.75355296934037,2.953488372093023,0.5360908286527704,11.458931529030444,0.7665423698544394,7.454281894576012,8.783756530262751
2022,Cordarrelle Patterson,RB,91.4,7.2,ATL,00-0030578,13,11.9,2013,9,vet,True,36,7,9.4762971493062,2.4237028506937985,31.460643394934976,154.7,17,9.1,13,16.0,0,15.0,0,9.473268141344985,12.182846668899728,41.580476570515025,9.820280902529424,2.9422423167172207,0.5370394745220364,9.633921351610493,0.7452048070367607,7.454281894576012,7.179244501834226
2022,James Cook III,RB,92.0,7.8,BUF,00-0037248,14,7.678571428571429,2022,0,rookie,True,37,7,9.4762971493062,-1.7977257207347712,22.934976043805612,105.7,17,6.2176470588235295,14,0.0,1,0.0,1,9.473268141344985,14.309909855124008,38.88965723151437,,0.0,1.0,9.473268141344985,0.7328531038623757,7.454281894576012,6.942513961105231
2022,Kenneth Walker III,RB,92.9,8.3,SEA,00-0038134,15,13.5,2022,0,rookie,True,38,7,9.4762971493062,4.0237028506938,21.864476386036962,202.5,17,11.911764705882353,15,0.0,1,0.0,1,9.473268141344985,14.309909855124008,38.88965723151437,,0.0,1.0,9.473268141344985,0.7443730709864647,7.454281894576012,7.051645698651204
2022,Nyheim Hines,RB,93.9,8.3,BUF,00-0034367,11,5.381818181818182,2018,4,vet,True,39,7,9.4762971493062,-4.094478967488018,25.801505817932924,81.4,17,4.788235294117648,11,17.0,0,15.0,0,9.473268141344985,12.182846668899728,41.580476570515025,8.720733660130719,2.6470588235294117,0.5631983434301089,9.14455983332463,0.8080624359872229,7.454281894576012,7.389375294947214
2022,James Robinson,RB,101.5,9.3,NYJ,00-0035831,10,8.86,2020,2,vet,True,40,7,9.4762971493062,-0.6162971493062006,24.06297056810404,88.6,17,5.211764705882352,10,14.0,0,14.0,0,9.473268141344985,12.182846668899728,41.580476570515025,14.242857142857142,1.8,0.6547116686982843,11.120151568672133,0.7957041093105124,7.454281894576012,8.848350299348157
2022,Raheem Mostert,RB,101.9,8.6,MIA,00-0031687,16,10.51875,2015,7,vet,True,41,7,9.4762971493062,1.042452850693801,30.39561943874059,168.3,17,9.9,16,1.0,0,8.0,0,9.473268141344985,12.182846668899728,41.580476570515025,6.177265745007681,2.8181818181818183,0.5477316702395518,7.982590642667077,0.5503850818229201,7.454281894576012,4.393498804023196
2022,Kenny Gainwell,RB,105.8,8.2,PHI,00-0036919,15,5.793333333333334,2021,1,soph,True,42,7,8.801446416016189,-3.008113082682855,23.468856947296374,87.9,17,5.170588235294118,15,13.0,0,0.0,1,9.027724358974359,15.663140494540107,42.36955498207591,9.338461538461539,1.0,0.7300980013783525,9.111592944764002,0.7890076150156945,7.454281894576012,7.189116218342074
2022,Tyler Allgeier,RB,107.6,8.0,ATL,00-0037263,16,9.9625,2022,0,rookie,True,43,8,8.801446416016189,1.1610535839838114,22.379192334017795,159.4,17,9.376470588235295,16,0.0,1,0.0,1,8.882234064954655,14.309909855124008,38.88965723151437,,0.0,1.0,8.882234064954655,0.7388750175172334,6.887744377162628,6.562860850335539
2022,J.D. McKissic,RB,110.2,7.9,WAS,00-0032602,8,6.975,2016,6,vet,True,44,8,8.801446416016189,-1.8264464160161893,29.045859000684462,55.8,17,3.2823529411764705,8,11.0,0,16.0,0,8.882234064954655,12.182846668899728,41.580476570515025,9.994616230330516,2.9076923076923076,0.5399750101203808,9.393957659323954,0.7295226408531266,6.887744377162628,6.853104799692466
2022,Darrell Henderson Jr.,RB,111.9,8.8,JAX,00-0035664,10,7.35,2019,3,vet,True,45,8,8.801446416016189,-1.4514464160161893,25.034907597535934,73.5,17,4.323529411764706,10,11.0,0,15.0,0,8.882234064954655,12.182846668899728,41.580476570515025,11.415238095238095,2.3333333333333335,0.593946405515177,9.910769456295789,0.7662843804314924,6.887744377162628,7.594467832416977
2022,Brian Robinson Jr.,RB,112.7,7.9,WAS,00-0037746,12,9.391666666666666,2022,0,rookie,True,46,8,8.801446416016189,0.5902202506504768,23.446954140999317,112.69999999999999,17,6.629411764705882,12,0.0,1,0.0,1,8.882234064954655,14.309909855124008,38.88965723151437,,0.0,1.0,8.882234064954655,0.7272283597453257,6.887744377162628,6.459412509931031
2022,Michael Carter,RB,113.3,7.9,NYJ,00-0036924,16,7.875,2021,1,soph,True,47,8,8.801446416016189,-0.9264464160161888,23.32101300479124,126.0,17,7.411764705882353,16,14.0,0,0.0,1,8.882234064954655,15.663140494540107,42.36955498207591,11.028571428571428,1.0,0.7300980013783525,9.46153480911114,0.7983459485371003,6.887744377162628,7.553577981796624
2022,Antonio Gibson,RB,114.7,14.3,WAS,00-0036328,15,11.06,2020,2,vet,True,48,8,8.801446416016189,2.2585535839838116,24.191649555099247,165.9,17,9.758823529411766,15,16.0,0,14.0,0,8.882234064954655,12.182846668899728,41.580476570515025,14.360119047619046,1.8,0.6547116686982843,10.77368382968157,0.8100092027697386,6.887744377162628,8.726783049773593
2022,Isiah Pacheco,RB,118.0,9.0,KC,00-0037197,16,8.4375,2022,0,rookie,True,49,8,8.801446416016189,-0.3639464160161889,23.50171115674196,135.0,17,7.9411764705882355,16,0.0,1,0.0,1,8.882234064954655,14.309909855124008,38.88965723151437,,0.0,1.0,8.882234064954655,0.7266224207544378,6.887744377162628,6.454030417984883
2022,Jamaal Williams,RB,121.7,10.1,DET,00-0033948,17,13.288235294117648,2017,5,vet,True,50,8,8.514685960281549,4.773549333836099,27.41409993155373,225.9,17,13.288235294117648,17,13.0,0,14.0,0,8.386821330562139,12.182846668899728,41.580476570515025,9.445938201583363,2.8181818181818183,0.5477316702395518,8.86582634884002,0.7547394305881296,6.826450163398693,6.691388730216754
2022,Rachaad White,RB,123.3,9.6,TB,00-0037256,16,8.81875,2022,0,rookie,True,51,8,8.514685960281549,0.3040640397184511,23.63586584531143,141.1,17,8.299999999999999,16,0.0,1,0.0,1,8.386821330562139,14.309909855124008,38.88965723151437,,0.0,1.0,8.386821330562139,0.7251343269746147,6.826450163398693,6.081572040993519
2022,Alexander Mattison,RB,128.9,11.3,MIN,00-0034972,16,5.50625,2019,3,vet,True,52,9,8.371889717425432,-2.8656397174254327,24.202600958247775,88.4,17,5.2,16,16.0,0,12.0,0,8.386821330562139,12.182846668899728,41.580476570515025,7.302838827838828,2.3333333333333335,0.593946405515177,7.946666338972683,0.801032255730879,5.7949448529411764,6.3655360630479345
2022,Zamir White,RB,130.5,7.5,LV,00-0038040,5,1.3199999999999998,2022,0,rookie,True,53,9,7.491790151433535,-6.171790151433536,22.954140999315538,7.0,17,0.4117647058823529,5,0.0,1,0.0,1,7.554131466094479,14.309909855124008,38.88965723151437,,0.0,1.0,7.554131466094479,0.7326438849219129,5.506205604883463,5.534488224530325
2023,Christian McCaffrey,RB,2.4,1.0,SF,00-0033280,16,24.45625,2017,6,vet,True,1,1,19.40125646412411,5.054993535875891,27.23340177960301,391.3,17,23.01764705882353,16,17.0,0,7.0,0,19.301414296487824,11.460737369481132,42.06852276898322,21.961357654172783,2.9076923076923076,0.5579910978450142,20.4771329398126,0.763192738216029,14.633626408010011,15.627999159149219
2023,Austin Ekeler,RB,5.0,1.5,LAC,00-0033699,14,13.242857142857144,2017,6,vet,True,2,1,18.801468895250412,-5.5586117523932685,28.292950034223136,185.4,17,10.905882352941177,14,17.0,0,16.0,0,19.301414296487824,11.460737369481132,42.06852276898322,20.440194077631052,2.9076923076923076,0.5579910978450142,19.804765097347236,0.784815695354237,14.633626408010011,15.543090491201895
2023,Bijan Robinson,RB,8.8,2.7,ATL,00-0038542,16,15.375,2023,0,rookie,True,3,1,16.783941579810566,-1.4089415798105662,21.585215605749486,246.3,17,14.488235294117647,16,0.0,1,0.0,1,16.856523064222305,13.767791728228808,38.25452067849779,,0.0,1.0,16.856523064222305,0.7381483400227499,13.659124331550801,12.442614518410892
2023,Saquon Barkley,RB,9.0,2.1,NYG,00-0034844,14,15.94285714285714,2018,5,vet,True,4,1,16.783941579810566,-0.8410844369534249,26.55715263518138,223.2,17,13.129411764705882,14,16.0,0,13.0,0,16.856523064222305,11.460737369481132,42.06852276898322,15.093951612903227,2.8181818181818183,0.5656883144555975,16.091017686307474,0.7832091392642831,13.659124331550801,12.602632111979233
2023,Nick Chubb,RB,12.5,2.9,CLE,00-0034791,2,11.55,2018,5,vet,False,5,2,16.783941579810566,-5.2339415798105655,27.679671457905545,23.1,17,1.3588235294117648,2,17.0,0,14.0,0,16.856523064222305,11.460737369481132,42.06852276898322,16.16661979307852,2.8181818181818183,0.5656883144555975,16.55689001166925,0.7834081785529948,13.641176470588235,12.97080304654408
2023,Tony Pollard,RB,15.2,2.7,DAL,00-0035261,17,13.094117647058823,2019,4,vet,True,6,2,15.48991409805029,-2.395796450991467,26.338124572210816,222.6,17,13.094117647058823,17,16.0,0,15.0,0,15.65069023063771,11.460737369481132,42.06852276898322,12.712820512820512,2.6470588235294117,0.5810106500763278,14.419754107409041,0.7916689974621268,13.641176470588235,11.415672277862901
2023,Derrick Henry,RB,17.9,2.8,TEN,00-0032764,17,14.509411764705884,2016,7,vet,True,7,2,15.48991409805029,-0.9805023333444076,29.65639972621492,246.66,17,14.509411764705883,17,16.0,0,8.0,0,15.65069023063771,11.460737369481132,42.06852276898322,20.07263779527559,2.953488372093023,0.5541334278272454,17.62228883361046,0.736647346841629,13.641176470588235,12.981412314556012
2023,Josh Jacobs,RB,21.9,3.3,LV,00-0035700,13,13.930769230769233,2019,4,vet,True,8,2,14.434106455309395,-0.5033372245401644,25.5523613963039,181.1,17,10.652941176470588,13,17.0,0,15.0,0,14.50637388569541,11.460737369481132,42.06852276898322,17.355949723479135,2.6470588235294117,0.5810106500763278,15.700315813526617,0.8042863586441634,12.069562693498451,12.627549835224698
2023,Rhamondre Stevenson,RB,23.4,3.3,NE,00-0036875,12,12.141666666666666,2021,2,vet,True,9,2,14.434106455309395,-2.2924397886427297,25.519507186858316,145.7,17,8.570588235294117,12,17.0,0,12.0,0,14.50637388569541,11.460737369481132,42.06852276898322,12.960294117647058,1.8,0.6709723339179431,13.997670868037773,0.7950792275236173,12.069562693498451,11.129257340889314
2023,Jonathan Taylor,RB,25.9,4.3,IND,00-0036223,10,15.64,2020,3,vet,True,10,3,14.434106455309395,1.2058935446906052,24.61601642710472,156.4,17,9.200000000000001,10,10.0,0,17.0,0,14.50637388569541,11.460737369481132,42.06852276898322,16.91249299719888,2.3333333333333335,0.6113700628398305,15.441463804798886,0.7740532806840542,11.241636029411763,11.952515716668655
2023,Najee Harris,RB,30.4,4.7,PIT,00-0036893,17,11.5,2021,2,vet,True,11,3,13.416324058711414,-1.916324058711414,25.481177275838466,195.5,17,11.5,17,17.0,0,17.0,0,13.179079723964175,11.460737369481132,42.06852276898322,14.737647058823532,1.8,0.6709723339179431,13.691891496584681,0.8109736726326521,10.388514705882352,11.103763532273058
2023,Joe Mixon,RB,31.4,4.4,CIN,00-0033897,17,15.705882352941176,2017,6,vet,True,12,3,13.416324058711414,2.289558294229762,27.104722792607802,267.0,17,15.705882352941176,17,14.0,0,16.0,0,13.179079723964175,11.460737369481132,42.06852276898322,16.973696145124716,2.9076923076923076,0.5579910978450142,14.856333962380628,0.775390206728012,10.388514705882352,11.5194558623107
2023,Travis Etienne Jr.,RB,34.7,5.4,JAX,00-0036973,17,16.61176470588235,2021,2,vet,True,13,3,13.416324058711414,3.195440647170937,24.5968514715948,282.4,17,16.61176470588235,17,17.0,0,0.0,1,13.179079723964175,11.460737369481132,42.06852276898322,12.064705882352941,1.0,0.7858977064163488,12.940489728565584,0.7897866141062212,10.388514705882352,10.220225567600146
2023,Breece Hall,RB,36.6,4.5,NYJ,00-0038120,17,17.08823529411765,2022,1,soph,True,14,3,13.416324058711414,3.671911235406234,22.253251197809718,290.5,17,17.08823529411765,17,7.0,0,0.0,1,13.179079723964175,15.92876422491193,42.155388226883346,16.442857142857143,1.0,0.7257640242210404,14.074124909159622,0.7423857872164121,10.388514705882352,10.44843030006858
2023,Jahmyr Gibbs,RB,36.7,5.5,DET,00-0039139,15,16.14,2023,0,rookie,True,15,3,13.416324058711414,2.7236759412885867,21.451060917180012,242.1,17,14.241176470588234,15,0.0,1,0.0,1,13.179079723964175,13.767791728228808,38.25452067849779,,0.0,1.0,13.179079723964175,0.7394619810149032,10.388514705882352,9.745428400635893
2023,Aaron Jones Sr.,RB,38.9,4.3,GB,00-0033293,11,12.263636363636364,2017,6,vet,True,16,4,13.006055194805196,-0.7424188311688322,28.747433264887064,134.9,17,7.935294117647059,11,17.0,0,15.0,0,13.129791666666668,11.460737369481132,42.06852276898322,15.483002089724778,2.9076923076923076,0.5579910978450142,14.169931622302252,0.777503181172151,10.388514705882352,11.01716691333186
2023,Kenneth Walker III,RB,47.9,5.8,SEA,00-0038134,15,13.293333333333331,2022,1,soph,True,17,4,12.035856922066072,1.2574764112672607,22.863791923340177,199.4,17,11.729411764705883,15,15.0,0,0.0,1,11.98749244470964,15.92876422491193,42.155388226883346,13.5,1.0,0.7257640242210404,12.402276430007738,0.791625158440171,9.50942024886878,9.817954043923674
2023,Miles Sanders,RB,52.9,5.8,CAR,00-0035243,16,5.475,2019,4,vet,True,18,4,11.36028003858886,-5.885280038588862,26.33538672142368,87.6,17,5.152941176470588,16,17.0,0,12.0,0,11.68521087554815,11.460737369481132,42.06852276898322,12.207459150326798,2.6470588235294117,0.5810106500763278,11.904027340696414,0.7882515211006399,9.169258169934642,9.383367658527554
2023,J.K. Dobbins,RB,55.1,7.0,BAL,00-0036158,1,11.7,2020,3,vet,False,19,4,11.36028003858886,0.3397199614111379,24.706365503080082,11.7,17,0.6882352941176471,1,8.0,0,0.0,1,11.68521087554815,11.460737369481132,42.06852276898322,10.366666666666667,1.4705882352941178,0.7139630578430782,11.308058521940973,0.7255862152450553,9.169258169934642,8.204971384704745
2023,Alexander Mattison,RB,56.9,7.4,MIN,00-0034972,16,8.325000000000001,2019,4,vet,True,20,5,11.36028003858886,-3.0352800385888603,25.201916495550993,133.20000000000002,17,7.835294117647059,16,16.0,0,16.0,0,11.68521087554815,11.460737369481132,42.06852276898322,6.34465811965812,2.6470588235294117,0.5810106500763278,9.44757614812471,0.8041421817305091,9.169258169934642,7.597194495818124
2023,Dameon Pierce,RB,57.0,8.3,HOU,00-0037258,12,6.866666666666667,2022,1,soph,True,21,5,11.36028003858886,-4.493613371922194,23.531827515400412,82.7,17,4.864705882352942,12,13.0,0,0.0,1,11.68521087554815,15.92876422491193,42.155388226883346,12.8,1.0,0.7257640242210404,11.990926158879974,0.7727702465279058,9.169258169934642,9.266230963895593
2023,Cam Akers,RB,63.1,7.3,MIN,00-0036414,7,6.671428571428571,2020,3,vet,True,22,5,10.925918745824406,-4.254490174395835,24.194387405886378,46.699999999999996,17,2.7470588235294113,7,15.0,0,1.0,0,11.68521087554815,11.460737369481132,42.06852276898322,7.933506493506493,2.3333333333333335,0.6113700628398305,10.227186237311768,0.7557168610961128,7.778860294117647,7.728857081106614
2023,James Conner,RB,66.2,6.0,ARI,00-0033553,13,15.5,2017,6,vet,True,23,5,10.925918745824406,4.574081254175594,28.32580424366872,201.5,17,11.852941176470589,13,13.0,0,15.0,0,10.314625257719982,11.460737369481132,42.06852276898322,15.42229819563153,2.9076923076923076,0.5579910978450142,12.572262165572996,0.753786023647786,7.778860294117647,9.476795506044771
2023,Rachaad White,RB,68.1,6.3,TB,00-0037256,17,15.758823529411764,2022,1,soph,True,24,5,10.925918745824406,4.832904783587358,24.635181382614647,267.9,17,15.758823529411764,17,16.0,0,0.0,1,10.314625257719982,15.92876422491193,42.155388226883346,8.81875,1.0,0.7257640242210404,9.90440244677554,0.7830074431277564,7.778860294117647,7.75522083555801
2023,Alvin Kamara,RB,69.2,7.5,NO,00-0033906,13,17.923076923076923,2017,6,vet,True,25,5,10.925918745824406,6.997158177252517,28.10403832991102,233.0,17,13.705882352941176,13,15.0,0,13.0,0,10.314625257719982,11.460737369481132,42.06852276898322,17.14664951450666,2.9076923076923076,0.5579910978450142,13.334440798958493,0.7627032079969606,7.778860294117647,10.170220774211197
2023,Javonte Williams,RB,72.8,7.2,DEN,00-0036997,16,11.2,2021,2,vet,True,26,5,10.925918745824406,0.2740812541755932,23.351129363449694,179.2,17,10.541176470588235,16,4.0,0,17.0,0,10.314625257719982,11.460737369481132,42.06852276898322,11.01764705882353,1.8,0.6709723339179431,10.545938880141886,0.7436511031164627,7.778860294117647,7.842499081616307
2023,D'Andre Swift,RB,75.9,6.8,PHI,00-0036275,16,12.45625,2020,3,vet,True,27,6,10.925918745824406,1.530331254175595,24.629705681040384,199.3,17,11.723529411764707,16,14.0,0,13.0,0,10.314625257719982,11.460737369481132,42.06852276898322,14.476923076923077,2.3333333333333335,0.6113700628398305,11.932218797638791,0.7867491392849589,7.778860294117647,9.387662868802126
2023,David Montgomery,RB,76.8,6.0,DET,00-0035685,14,14.8,2019,4,vet,True,28,6,10.925918745824406,3.874081254175593,26.234086242299796,207.2,17,12.188235294117646,14,16.0,0,13.0,0,10.282657115566124,11.460737369481132,42.06852276898322,12.987111111111112,2.6470588235294117,0.5810106500763278,11.415794537057996,0.7859796905275482,7.778860294117647,8.972582657362919
2023,James Cook III,RB,77.6,7.2,BUF,00-0037248,17,13.688235294117646,2022,1,soph,True,29,6,10.925918745824406,2.7623165482932404,23.93429158110883,232.7,17,13.688235294117646,17,14.0,0,0.0,1,10.208547794117647,15.92876422491193,42.155388226883346,7.678571428571429,1.0,0.7257640242210404,9.514737256814374,0.7759142819746475,7.778860294117647,7.3826205267985525
2023,Isiah Pacheco,RB,79.2,6.9,KC,00-0037197,14,15.278571428571428,2022,1,soph,True,30,6,10.925918745824406,4.352652682747022,24.501026694045173,213.9,17,12.58235294117647,14,16.0,0,0.0,1,10.069985360532566,15.92876422491193,42.155388226883346,8.4375,1.0,0.7257640242210404,9.622299144742051,0.7841618424247724,7.778860294117647,7.545439825703238
2023,Antonio Gibson,RB,88.9,5.3,WAS,00-0036328,16,7.9625,2020,3,vet,True,31,6,9.4762971493062,-1.5137971493061997,25.190965092402465,127.4,17,7.4941176470588236,16,15.0,0,16.0,0,9.501804340569448,11.460737369481132,42.06852276898322,12.474336734693878,2.3333333333333335,0.6113700628398305,10.657019418104593,0.7981106208848819,7.534958521870287,8.5054803845657
2023,AJ Dillon,RB,91.7,7.3,GB,00-0036265,15,7.84,2020,3,vet,True,32,7,9.4762971493062,-1.6362971493062002,25.333333333333332,117.6,17,6.917647058823529,15,17.0,0,17.0,0,9.501804340569448,11.460737369481132,42.06852276898322,9.655322128851541,2.3333333333333335,0.6113700628398305,9.561465948982486,0.8121210217374065,7.534958521870287,7.765067495795077
2023,Brian Robinson Jr.,RB,94.2,8.0,WAS,00-0037746,15,13.206666666666669,2022,1,soph,True,33,7,9.4762971493062,3.730369517360467,24.44626967830253,198.1,17,11.652941176470588,15,12.0,0,0.0,1,9.501804340569448,15.92876422491193,42.155388226883346,9.391666666666666,1.0,0.7257640242210404,9.471600628096693,0.7575332746721428,7.534958521870287,7.175052640188813
2023,Khalil Herbert,RB,94.4,7.6,CHI,00-0036906,12,9.375,2021,2,vet,True,34,7,9.4762971493062,-0.1012971493062,25.363449691991786,112.5,17,6.617647058823529,12,13.0,0,12.0,0,9.501804340569448,11.460737369481132,42.06852276898322,8.224358974358974,1.8,0.6709723339179431,9.081489473177877,0.7703122266294289,7.534958521870287,6.99558237719537
2023,Rashaad Penny,RB,97.3,6.5,PHI,00-0034750,3,1.6,2018,5,vet,False,35,7,9.4762971493062,-7.8762971493062,27.578370978781656,4.8,17,0.2823529411764706,3,5.0,0,10.0,0,9.501804340569448,11.460737369481132,42.06852276898322,9.450806451612904,2.8181818181818183,0.5656883144555975,9.479655361457525,0.6793800873385624,7.534958521870287,6.440289087406484
2023,Samaje Perine,RB,99.3,7.1,DEN,00-0033526,17,7.135294117647058,2017,6,vet,True,36,7,9.4762971493062,-2.3410030316591417,27.958932238193018,121.3,17,7.135294117647058,17,16.0,0,14.0,0,9.501804340569448,11.460737369481132,42.06852276898322,7.217701610558754,2.9076923076923076,0.5579910978450142,8.492210600468216,0.7743525075990029,7.534958521870287,6.5759645735313965
2023,Jamaal Williams,RB,104.2,8.8,NO,00-0033948,13,4.676923076923076,2017,6,vet,True,37,7,8.801446416016189,-4.124523339093113,28.413415468856947,60.8,17,3.576470588235294,13,17.0,0,13.0,0,9.477346116122982,11.460737369481132,42.06852276898322,11.397581169219826,2.9076923076923076,0.5579910978450142,10.32610710382184,0.7735891488922656,7.534958521870287,7.988164405815915
2023,Zach Charbonnet,RB,107.2,7.3,SEA,00-0039165,16,6.63125,2023,0,rookie,True,38,7,8.801446416016189,-2.1701964160161893,22.64476386036961,106.1,17,6.241176470588235,16,0.0,1,0.0,1,8.986389201076701,13.767791728228808,38.25452067849779,,0.0,1.0,8.986389201076701,0.7276241809605084,7.182865846165501,6.538714082225792
2023,Damien Harris,RB,110.6,8.5,BUF,00-0035657,5,3.78,2019,4,vet,True,39,8,8.801446416016189,-5.021446416016189,26.55167693360712,19.0,17,1.1176470588235294,5,11.0,0,15.0,0,8.986389201076701,11.460737369481132,42.06852276898322,9.439717171717172,2.6470588235294117,0.5810106500763278,9.17632879279757,0.7562264627428998,7.076693802521008,6.93938266394313
2023,Jerick McKinnon,RB,111.3,8.3,KC,00-0031376,12,7.03,2014,9,vet,True,40,8,8.801446416016189,-1.771446416016189,31.329226557152634,84.36,17,4.96235294117647,12,17.0,0,6.0,0,8.986389201076701,11.460737369481132,42.06852276898322,9.577976701230416,2.489738795135945,0.5958480895005205,9.225480419491436,0.7196471389591825,7.076693802521008,6.639090589410971
2023,Elijah Mitchell,RB,115.1,8.7,SF,00-0036567,10,4.76,2021,2,vet,True,41,8,8.801446416016189,-4.041446416016189,25.333333333333332,47.5,17,2.7941176470588234,10,5.0,0,11.0,0,8.986389201076701,11.460737369481132,42.06852276898322,10.813333333333333,1.8,0.6709723339179431,9.587504364975409,0.7077666392795756,7.076693802521008,6.785715743476907
2023,De'Von Achane,RB,117.8,8.5,MIA,00-0039040,11,17.336363636363636,2023,0,rookie,True,42,8,8.801446416016189,8.534917220347447,21.883641341546884,190.7,17,11.217647058823529,11,0.0,1,0.0,1,8.986389201076701,13.767791728228808,38.25452067849779,,0.0,1.0,8.986389201076701,0.7352108731529114,7.076693802521008,6.606891051015496
2023,Jaylen Warren,RB,119.8,11.0,PIT,00-0037228,17,11.552941176470588,2022,1,soph,True,43,8,8.801446416016189,2.751494760454399,24.83230663928816,196.4,17,11.552941176470588,17,15.0,0,0.0,1,8.044118154030484,15.92876422491193,42.155388226883346,6.093333333333334,1.0,0.7257640242210404,7.509142775191817,0.7746682071833954,6.572600619195046,5.817094171141991
2023,Raheem Mostert,RB,122.8,11.9,MIA,00-0031687,15,17.846666666666668,2015,8,vet,True,44,8,8.514685960281549,9.33198070638512,31.394934976043807,267.7,17,15.74705882352941,15,16.0,0,1.0,0,8.044118154030484,11.460737369481132,42.06852276898322,8.38246409674981,2.9076923076923076,0.5579910978450142,8.193670072720447,0.6904825492151981,6.572600619195046,5.657586199240292
2023,Tyler Allgeier,RB,125.0,9.9,ATL,00-0037263,17,8.094117647058823,2022,1,soph,True,45,8,8.514685960281549,-0.4205683132227253,23.378507871321013,137.6,17,8.094117647058823,17,16.0,0,0.0,1,8.044118154030484,15.92876422491193,42.155388226883346,9.9625,1.0,0.7257640242210404,8.570207471476575,0.7936463744391837,6.572600619195046,6.801714087928988
2023,Devin Singletary,RB,130.7,11.7,HOU,00-0035250,16,10.45875,2019,4,vet,True,46,9,7.491790151433535,2.966959848566465,25.99315537303217,167.34,17,9.843529411764706,16,16.0,0,17.0,0,7.524557187201343,11.460737369481132,42.06852276898322,11.051078431372549,2.6470588235294117,0.5810106500763278,9.002132030788655,0.800904067865682,5.382521261516653,7.209844162922587
2023,Kenny Gainwell,RB,131.1,10.4,PHI,00-0036919,16,6.08625,2021,2,vet,True,47,9,7.491790151433535,-1.4055401514335353,24.468172484599588,97.38,17,5.728235294117646,16,15.0,0,13.0,0,7.524557187201343,11.460737369481132,42.06852276898322,6.975042735042735,1.8,0.6709723339179431,7.343751729529236,0.794464976031391,5.382521261516653,5.8343535417809305
2023,Cordarrelle Patterson,RB,132.4,13.3,ATL,00-0030578,11,3.2,2013,10,vet,True,48,9,7.491790151433535,-4.291790151433535,32.459958932238195,36.9,17,2.1705882352941175,11,13.0,0,16.0,0,7.524557187201343,11.460737369481132,42.06852276898322,10.865242804300705,2.9709134814840246,0.552679581241109,9.018914076384034,0.716840884329162,5.382521261516653,6.465126342203859
2023,Jeff Wilson Jr.,RB,133.2,10.2,MIA,00-0034115,8,4.9875,2018,5,vet,True,49,9,7.491790151433535,-2.504290151433535,27.79192334017796,41.300000000000004,17,2.4294117647058826,8,16.0,0,6.0,0,7.524557187201343,11.460737369481132,42.06852276898322,9.681036168132943,2.8181818181818183,0.5656883144555975,8.461141208250822,0.7472105713010954,5.382521261516653,6.322254156076338
2023,D'Onta Foreman,RB,137.1,16.2,CHI,00-0033925,9,10.133333333333333,2017,6,vet,True,50,9,7.491790151433535,2.641543181899798,27.353867214236825,91.2,17,5.364705882352942,9,15.0,0,9.0,0,7.524557187201343,11.460737369481132,42.06852276898322,8.614378531073447,2.580429948109711,0.5872034993481536,7.9744316242874405,0.7552394684594886,5.382521261516653,6.022605501193383
2023,Tank Bigsby,RB,137.7,12.9,JAX,00-0038555,11,2.2181818181818183,2023,0,rookie,True,51,9,7.491790151433535,-5.273608333251717,21.00479123887748,24.8,17,1.4588235294117649,11,0.0,1,0.0,1,7.524557187201343,13.767791728228808,38.25452067849779,,0.0,1.0,7.524557187201343,0.7438010269426064,5.382521261516653,5.596773363128729
2023,Tyjae Spears,RB,150.9,15.2,TEN,00-0039032,17,9.047058823529412,2023,0,rookie,True,52,9,7.491790151433535,1.5552686720958766,22.21218343600274,153.8,17,9.047058823529412,17,0.0,1,0.0,1,7.524557187201343,13.767791728228808,38.25452067849779,,0.0,1.0,7.524557187201343,0.7319526835679152,5.382521261516653,5.507619825832267
2023,Zamir White,RB,153.7,14.1,LV,00-0038040,11,6.672727272727273,2022,1,soph,True,53,10,7.491790151433535,-0.8190628787062622,23.953456536618756,73.9,17,4.347058823529412,11,5.0,0,0.0,1,7.524557187201343,15.92876422491193,42.155388226883346,1.3199999999999998,1.0,0.7257640242210404,5.823044392692825,0.709982921941855,5.382521261516653,4.134262072521186
2023,Jerome Ford,RB,157.4,16.1,CLE,00-0037267,17,12.423529411764706,2022,1,soph,True,54,10,7.491790151433535,4.931739260331171,23.969883641341546,211.20000000000002,17,12.423529411764706,17,2.0,0,0.0,1,7.524557187201343,15.92876422491193,42.155388226883346,0.6,1.0,0.7257640242210404,5.6255944901319745,0.6855121842689526,5.382521261516653,3.8564135667417543
2023,Roschon Johnson,RB,157.7,23.2,CHI,00-0039021,14,7.25,2023,0,rookie,True,55,10,7.491790151433535,-0.241790151433535,22.581793292265573,102.1,17,6.0058823529411764,14,0.0,1,0.0,1,7.524557187201343,13.767791728228808,38.25452067849779,,0.0,1.0,7.524557187201343,0.728256992199101,5.382521261516653,5.479811384781378
2023,Clyde Edwards-Helaire,RB,157.9,14.9,KC,00-0036360,14,4.978571428571429,2020,3,vet,True,56,10,7.491790151433535,-2.5132187228621063,24.39151266255989,70.1,17,4.123529411764705,14,10.0,0,10.0,0,7.524557187201343,11.460737369481132,42.06852276898322,10.911208791208791,2.3333333333333335,0.6113700628398305,8.840711387250145,0.7511421663985677,5.382521261516653,6.640631103923561
2023,Gus Edwards,RB,160.6,12.8,BAL,00-0034184,17,11.0,2018,5,vet,True,57,10,7.491790151433535,3.508209848566465,28.386036960985628,187.0,17,11.0,17,9.0,0,0.0,1,7.101952064572386,11.460737369481132,42.06852276898322,6.8664009661835745,1.9097472924187726,0.6577766418138854,7.021340976657339,0.6950933212010663,4.785695187165775,4.880487218749888
2023,Chuba Hubbard,RB,160.7,13.9,CAR,00-0036555,17,10.735294117647058,2021,2,vet,True,58,10,7.491790151433535,3.243503966213523,24.22450376454483,182.5,17,10.735294117647058,17,11.0,0,16.0,0,7.101952064572386,11.460737369481132,42.06852276898322,8.284848484848483,1.8,0.6709723339179431,7.49115771295265,0.7807267249273712,4.785695187165775,5.848547027147939
2023,Zack Moss,RB,163.0,20.6,IND,00-0036251,13,13.03076923076923,2020,3,vet,True,59,10,7.481169871794871,5.549599358974359,25.711156741957563,169.6,17,9.976470588235294,13,10.0,0,13.0,0,6.371249999999999,11.460737369481132,42.06852276898322,7.04,2.3333333333333335,0.6113700628398305,6.631146270475863,0.7496791646236972,4.149485294117648,4.9712321965478905
2024,Christian McCaffrey,RB,1.4,0.7,SF,00-0033280,4,11.95,2017,7,vet,True,1,1,19.40125646412411,-7.451256464124111,28.23545516769336,47.8,17,2.8117647058823527,4,16.0,0,17.0,0,20.323183311786252,11.29390380851333,42.00692259287824,23.218626237896736,2.953488372093023,0.5573920254787037,21.604729440654026,0.7782553735812539,14.883078644501278,16.813996781958114
2024,Breece Hall,RB,2.2,0.9,NYJ,00-0038120,16,15.05625,2022,2,vet,True,2,1,19.40125646412411,-4.3450064641241095,23.255304585900067,240.9,17,14.170588235294119,16,17.0,0,7.0,0,20.323183311786252,11.29390380851333,42.00692259287824,16.87310924369748,1.8,0.673879566521782,19.198043661169184,0.8005355267785681,14.883078644501278,15.368715995412023
2024,Bijan Robinson,RB,4.9,1.3,ATL,00-0038542,17,20.1,2023,1,soph,True,3,1,19.40125646412411,0.698743535875888,22.587268993839835,341.7,17,20.099999999999998,17,16.0,0,0.0,1,19.34287087912088,15.628803682460813,42.07812636111966,15.375,1.0,0.7291693792988487,18.26824994606655,0.801719666351851,14.883078644501278,14.646015251592695
2024,Jahmyr Gibbs,RB,9.4,2.2,DET,00-0039139,17,21.34705882352941,2023,1,soph,True,4,1,16.783941579810566,4.5631172437188425,22.45311430527036,362.9,17,21.34705882352941,17,15.0,0,0.0,1,16.407544955044955,15.628803682460813,42.07812636111966,16.14,1.0,0.7291693792988487,16.335085588804667,0.7971417124944331,12.99605658567775,13.021378100002886
2024,Jonathan Taylor,RB,9.8,2.0,IND,00-0036223,14,17.478571428571428,2020,4,vet,True,5,1,16.783941579810566,0.6946298487608615,25.61806981519507,244.7,17,14.394117647058822,14,10.0,0,10.0,0,16.407544955044955,11.29390380851333,42.00692259287824,16.233830065359477,2.6470588235294117,0.5842202036669172,16.3353178135915,0.7427154564806088,12.99605658567775,12.132493026677432
2024,Saquon Barkley,RB,11.3,2.3,PHI,00-0034844,16,22.20625,2018,6,vet,True,6,2,16.783941579810566,5.4223084201894345,27.55920602327173,355.3,17,20.900000000000002,16,14.0,0,16.0,0,16.407544955044955,11.29390380851333,42.00692259287824,15.525141723356008,2.9076923076923076,0.5612438252444354,16.020385088517166,0.7691012656907388,12.99605658567775,12.321298448431591
2024,Kyren Williams,RB,15.9,2.9,LAR,00-0037840,16,17.00625,2022,2,vet,True,7,2,15.48991409805029,1.5163359019497111,24.016427104722794,272.1,17,16.00588235294118,16,12.0,0,8.0,0,15.539676948051945,11.29390380851333,42.00692259287824,15.4375,1.8,0.673879566521782,15.506354957461763,0.7659000737973152,12.99605658567775,11.876318406247329
2024,Derrick Henry,RB,15.9,2.8,BAL,00-0032764,17,19.788235294117644,2016,8,vet,True,8,2,15.48991409805029,4.298321196067354,30.65845311430527,336.4,17,19.788235294117644,17,17.0,0,16.0,0,15.539676948051945,11.29390380851333,42.00692259287824,17.280116493656287,2.9766536964980546,0.5554637101832846,16.313365486305187,0.7575717947433891,12.99605658567775,12.35854556976508
2024,Travis Etienne Jr.,RB,17.6,2.5,JAX,00-0036973,15,8.68,2021,3,vet,True,9,2,15.48991409805029,-6.809914098050291,25.598904859685145,130.2,17,7.658823529411764,15,17.0,0,17.0,0,15.539676948051945,11.29390380851333,42.00692259287824,15.096078431372547,1.8,0.673879566521782,15.395010407502165,0.8080929499397019,12.99605658567775,12.440599374550837
2024,Isiah Pacheco,RB,19.8,2.9,KC,00-0037197,7,8.12857142857143,2022,2,vet,True,10,2,14.434106455309395,-6.3055350267379655,25.503080082135522,56.900000000000006,17,3.3470588235294123,7,14.0,0,16.0,0,14.807775891951474,11.29390380851333,42.00692259287824,12.998214285714285,1.8,0.673879566521782,14.217640876519862,0.7887185274826314,11.867365916955016,11.213716776405615
2024,De'Von Achane,RB,21.4,4.5,MIA,00-0039040,17,17.641176470588235,2023,1,soph,True,11,2,14.434106455309395,3.2070700152788394,22.885694729637233,299.9,17,17.641176470588235,17,11.0,0,0.0,1,14.447351682408502,15.628803682460813,42.07812636111966,17.336363636363636,1.0,0.7291693792988487,15.229784583111218,0.7686299091363533,11.867365916955016,11.70606794028301
2024,Josh Jacobs,RB,23.6,3.6,GB,00-0035700,17,17.241176470588236,2019,5,vet,True,12,3,14.434106455309395,2.807070015278841,26.55441478439425,293.1,17,17.241176470588236,17,13.0,0,17.0,0,14.447351682408502,11.29390380851333,42.00692259287824,15.588114630467574,2.8181818181818183,0.5689281578582728,14.939102467875355,0.775693702352363,10.770367647058823,11.588167703127557
2024,Rachaad White,RB,29.0,3.3,TB,00-0037256,15,13.306666666666668,2022,2,vet,True,13,3,13.416324058711414,-0.1096573920447472,25.637234770704996,199.6,17,11.741176470588234,15,17.0,0,16.0,0,13.047393223606461,11.29390380851333,42.00692259287824,13.44546568627451,1.8,0.673879566521782,13.177212787687505,0.8049851504103189,10.48366493656286,10.607460617885405
2024,James Cook III,RB,30.3,4.1,BUF,00-0037248,16,16.66875,2022,2,vet,True,14,3,13.416324058711414,3.2524259412885854,24.93634496919918,266.7,17,15.688235294117646,16,17.0,0,14.0,0,13.047393223606461,11.29390380851333,42.00692259287824,11.685014005602241,1.8,0.673879566521782,12.603093522469209,0.8054972498717952,10.48366493656286,10.151757172225983
2024,Alvin Kamara,RB,32.3,3.8,NO,00-0033906,14,18.95,2017,7,vet,True,15,3,13.416324058711414,5.533675941288585,29.10609171800137,265.3,17,15.605882352941178,14,13.0,0,15.0,0,13.047393223606461,11.29390380851333,42.00692259287824,17.537920019612933,2.953488372093023,0.5573920254787037,15.034936193320492,0.7433998053373158,10.48366493656286,11.176968639373417
2024,Joe Mixon,RB,35.0,4.3,HOU,00-0033897,14,17.178571428571427,2017,7,vet,True,16,3,13.416324058711414,3.762247369860013,28.10677618069815,240.5,17,14.147058823529411,14,17.0,0,14.0,0,13.047393223606461,11.29390380851333,42.00692259287824,16.334797856150335,2.953488372093023,0.5573920254787037,14.50242472944863,0.7764801095815536,10.48366493656286,11.260844343120505
2024,Kenneth Walker III,RB,35.6,4.1,SEA,00-0038134,11,16.472727272727273,2022,2,vet,True,17,3,13.416324058711414,3.056403214015859,23.865845311430526,181.2,17,10.658823529411764,11,15.0,0,15.0,0,13.047393223606461,11.29390380851333,42.00692259287824,13.362222222222222,1.8,0.673879566521782,13.150065393106546,0.8063036779838271,10.48366493656286,10.602946092189649
2024,Aaron Jones Sr.,RB,46.0,5.7,MIN,00-0033293,17,14.211764705882352,2017,7,vet,True,18,4,12.035856922066072,2.17590778381628,29.749486652977414,241.6,17,14.211764705882352,17,11.0,0,17.0,0,11.795754887596063,11.29390380851333,42.00692259287824,13.860644558467625,2.953488372093023,0.5573920254787037,12.709691522430472,0.7294154697559738,9.193326470588234,9.27064561228714
2024,James Conner,RB,47.6,5.0,ARI,00-0033553,16,15.8625,2017,7,vet,True,19,4,12.035856922066072,3.826643077933928,29.32785763175907,253.8,17,14.929411764705883,16,13.0,0,13.0,0,11.795754887596063,11.29390380851333,42.00692259287824,15.461455010431388,2.953488372093023,0.5573920254787037,13.418222994166673,0.7341606384390914,9.193326470588234,9.851131160115502
2024,David Montgomery,RB,54.6,5.7,DET,00-0035685,14,15.837142857142856,2019,5,vet,True,20,4,11.36028003858886,4.476862818553995,27.236139630390145,221.72,17,13.042352941176471,14,14.0,0,16.0,0,11.278379237961696,11.29390380851333,42.00692259287824,13.922795698924732,2.8181818181818183,0.5689281578582728,12.418312713178938,0.7722661423540852,8.627480689245395,9.590242453553392
2024,D'Andre Swift,RB,56.5,6.5,CHI,00-0036275,17,12.617647058823527,2020,4,vet,True,21,4,11.36028003858886,1.2573670202346676,25.631759069130734,214.5,17,12.617647058823529,17,16.0,0,14.0,0,11.278379237961696,11.29390380851333,42.00692259287824,13.399230769230769,2.6470588235294117,0.5842202036669172,12.160186455685459,0.7935530037775993,8.627480689245395,9.649752488404875
2024,Rhamondre Stevenson,RB,62.0,5.8,NE,00-0036875,15,11.726666666666668,2021,3,vet,True,22,5,11.36028003858886,0.3663866280778052,26.521560574948666,175.9,17,10.347058823529412,15,12.0,0,17.0,0,11.278379237961696,11.29390380851333,42.00692259287824,12.49250700280112,2.3333333333333335,0.6145013592204686,11.746423841039984,0.7696928376037184,8.627480689245395,9.041138297906036
2024,Raheem Mostert,RB,64.1,6.2,MIA,00-0031687,12,5.908333333333334,2015,9,vet,True,23,5,10.925918745824406,-5.017585412491072,32.39698836413415,70.9,17,4.170588235294118,12,15.0,0,16.0,0,11.278379237961696,11.29390380851333,42.00692259287824,13.151826021747281,2.953488372093023,0.5573920254787037,12.10758172430647,0.7253317148605686,8.627480689245395,8.782013014905692
2024,Nick Chubb,RB,65.0,7.1,CLE,00-0034791,8,7.9125,2018,6,vet,True,24,5,10.925918745824406,-3.0134187458244064,28.681724845995895,63.3,17,3.7235294117647055,8,2.0,0,17.0,0,11.278379237961696,11.29390380851333,42.00692259287824,13.821670056911653,2.9076923076923076,0.5612438252444354,12.394263788975126,0.6741351921901944,8.627480689245395,8.355409401436713
2024,Najee Harris,RB,67.1,5.7,PIT,00-0036893,17,12.03529411764706,2021,3,vet,True,25,5,10.925918745824406,1.109375371822653,26.483230663928815,204.6,17,12.035294117647059,17,17.0,0,17.0,0,11.278379237961696,11.29390380851333,42.00692259287824,12.887563025210085,2.3333333333333335,0.6145013592204686,11.898717400710408,0.8003760181780802,8.627480689245395,9.523448054606833
2024,Zamir White,RB,67.8,6.1,LV,00-0038040,8,3.6625,2022,2,vet,True,26,5,10.925918745824406,-7.263418745824406,24.955509924709105,29.3,17,1.723529411764706,8,11.0,0,5.0,0,11.278379237961696,11.29390380851333,42.00692259287824,4.888484848484849,1.8,0.673879566521782,9.194504109785473,0.7395980389199469,8.627480689245395,6.800237208438729
2024,Zack Moss,RB,74.4,8.0,CIN,00-0036251,8,10.2375,2020,4,vet,True,27,5,10.925918745824406,-0.6884187458244053,26.713210130047912,81.9,17,4.81764705882353,8,13.0,0,10.0,0,11.278379237961696,11.29390380851333,42.00692259287824,10.235076923076923,2.6470588235294117,0.5842202036669172,10.844595213965071,0.7516423931378218,8.627480689245395,8.151257499235674
2024,Javonte Williams,RB,77.5,6.3,DEN,00-0036997,17,9.288235294117648,2021,3,vet,True,28,6,10.925918745824406,-1.6376834517067582,24.35318275154004,157.9,17,9.288235294117648,17,16.0,0,4.0,0,11.278379237961696,11.29390380851333,42.00692259287824,11.121848739495798,2.3333333333333335,0.6145013592204686,11.218036943562549,0.7754629027991635,8.627480689245395,8.69917149196327
2024,Jaylen Warren,RB,79.6,5.7,PIT,00-0037228,15,8.273333333333333,2022,2,vet,True,29,6,9.51747964997965,-1.244146316646317,25.83436002737851,124.1,17,7.3,15,17.0,0,15.0,0,9.967679216557613,11.29390380851333,42.00692259287824,9.733071895424837,1.8,0.673879566521782,9.89116897529263,0.8004370200727674,7.90916751904964,7.91725781961944
2024,Tony Pollard,RB,81.7,7.4,TEN,00-0035261,16,12.54375,2019,5,vet,True,30,6,9.51747964997965,3.026270350020349,27.340177960301162,200.7,17,11.805882352941175,16,17.0,0,16.0,0,9.4747123016403,11.29390380851333,42.00692259287824,12.909619033717705,2.8181818181818183,0.5689281578582728,10.955403874221927,0.7897386576487314,7.551363409770688,8.651905949627736
2024,Jonathon Brooks,RB,85.4,5.8,CAR,00-0039344,2,3.9,2024,0,rookie,False,31,6,9.4762971493062,-5.5762971493062,21.117043121149898,7.5,17,0.4411764705882353,2,0.0,1,0.0,1,9.4747123016403,13.02619271886449,38.761906136538855,,0.0,1.0,9.4747123016403,0.7629141988876231,7.551363409770688,7.228392545296618
2024,Devin Singletary,RB,87.9,6.1,NYG,00-0035250,15,6.4399999999999995,2019,5,vet,True,32,6,9.4762971493062,-3.0362971493062005,26.99520876112252,96.6,17,5.68235294117647,15,16.0,0,16.0,0,9.4747123016403,11.29390380851333,42.00692259287824,10.745360531309299,2.8181818181818183,0.5689281578582728,10.02245297471784,0.7869242657634612,7.551363409770688,7.886911448278654
2024,Austin Ekeler,RB,88.0,6.7,WAS,00-0033699,12,11.025,2017,7,vet,True,33,6,9.4762971493062,1.5487028506938003,29.295003422313485,132.3,17,7.782352941176471,12,14.0,0,17.0,0,9.4747123016403,11.29390380851333,42.00692259287824,16.81318963805995,2.953488372093023,0.5573920254787037,12.722780891583438,0.7548813265665539,7.551363409770688,9.60418971705411
2024,Tyjae Spears,RB,91.4,5.6,TEN,00-0039032,11,10.3,2023,1,soph,True,34,7,9.4762971493062,0.8237028506937989,23.21423682409309,113.6,17,6.68235294117647,11,17.0,0,0.0,1,9.4747123016403,15.628803682460813,42.07812636111966,9.047058823529412,1.0,0.7291693792988487,9.358890644718521,0.8019158799752553,7.551363409770688,7.505043026951637
2024,Chase Brown,RB,91.9,7.4,CIN,00-0038597,16,15.9375,2023,1,soph,True,35,7,9.4762971493062,6.4612028506938,24.449007529089666,255.0,17,15.0,16,7.0,0,0.0,1,9.4747123016403,15.628803682460813,42.07812636111966,7.3428571428571425,1.0,0.7291693792988487,8.897340645742107,0.7251152448214917,7.551363409770688,6.4515973405974965
2024,Ezekiel Elliott,RB,96.2,8.3,LAC,00-0033045,13,3.923076923076923,2016,8,vet,True,36,7,9.4762971493062,-5.553220226229277,29.114305270362767,57.5,17,3.3823529411764706,13,17.0,0,15.0,0,9.4747123016403,11.29390380851333,42.00692259287824,12.257457131872357,2.9766536964980546,0.5554637101832846,10.711743363978304,0.7698057244667977,7.551363409770688,8.245961360609732
2024,Brian Robinson Jr.,RB,97.9,7.9,WAS,00-0037746,14,11.414285714285713,2022,2,vet,True,37,7,9.4762971493062,1.9379885649795128,25.44832306639288,159.79999999999998,17,9.399999999999999,14,15.0,0,12.0,0,9.4747123016403,11.29390380851333,42.00692259287824,11.935,1.8,0.673879566521782,10.277062392310494,0.7833115345052222,7.457585139318885,8.050141512726643
2024,Jerome Ford,RB,98.5,8.9,CLE,00-0037267,14,9.571428571428571,2022,2,vet,True,38,7,9.4762971493062,0.0951314221223711,24.971937029431896,134.0,17,7.882352941176471,14,17.0,0,2.0,0,9.4747123016403,11.29390380851333,42.00692259287824,8.48235294117647,1.8,0.673879566521782,9.151083636839669,0.7695058411342641,7.457585139318885,7.04181231125631
2024,Gus Edwards,RB,100.6,6.5,LAC,00-0034184,11,5.827272727272727,2018,6,vet,True,39,7,9.4762971493062,-3.649024422033473,29.388090349075977,64.1,17,3.770588235294117,11,17.0,0,9.0,0,9.4747123016403,11.29390380851333,42.00692259287824,9.27140404040404,2.3251345119139124,0.6153348657692888,9.396506702041641,0.747491754490161,7.457585139318885,7.023811280787664
2024,Trey Benson,RB,108.5,5.7,ARI,00-0039921,11,4.181818181818182,2024,0,rookie,True,40,8,8.801446416016189,-4.619628234198007,22.11088295687885,47.0,17,2.764705882352941,11,0.0,1,0.0,1,8.654876600407064,13.02619271886449,38.761906136538855,,0.0,1.0,8.654876600407064,0.7528058105969372,6.895625668449199,6.5154413947859044
2024,Chuba Hubbard,RB,108.8,6.6,CAR,00-0036555,15,16.106666666666666,2021,3,vet,True,41,8,8.801446416016189,7.305220250650477,25.22655715263518,241.6,17,14.211764705882352,15,17.0,0,11.0,0,8.654876600407064,11.29390380851333,42.00692259287824,9.685103132161954,2.3333333333333335,0.6145013592204686,9.052027528093586,0.7943824459584036,6.895625668449199,7.1907717686497845
2024,Blake Corum,RB,110.3,7.2,LAR,00-0039738,12,2.7583333333333333,2024,0,rookie,True,42,8,8.801446416016189,-6.043113082682856,23.76728268309377,33.5,17,1.9705882352941178,12,0.0,1,0.0,1,8.654876600407064,13.02619271886449,38.761906136538855,,0.0,1.0,8.654876600407064,0.735326141935212,6.895625668449199,6.364157019502669
2024,J.K. Dobbins,RB,116.2,7.6,LAC,00-0036158,13,14.753846153846151,2020,4,vet,True,43,8,8.801446416016189,5.952399737829964,25.70841889117043,191.79999999999998,17,11.28235294117647,13,1.0,0,8.0,0,8.654876600407064,11.29390380851333,42.00692259287824,11.187179487179488,2.0864197530864197,0.6406351121263247,9.56489734337422,0.6672197330760351,6.895625668449199,6.381888252345824
2024,Rico Dowdle,RB,118.9,9.5,DAL,00-0036139,16,12.3625,2020,4,vet,True,44,8,8.801446416016189,3.561053583983812,26.217659137577,197.8,17,11.63529411764706,16,16.0,0,0.0,1,8.654876600407064,11.29390380851333,42.00692259287824,5.216666666666667,1.2461538461538462,0.7490419975817003,7.79203030354082,0.7677835433115052,6.895625668449199,5.9825926360431945
2024,Tyler Allgeier,RB,125.1,10.4,ATL,00-0037263,16,6.58125,2022,2,vet,True,45,8,8.514685960281549,-1.9334359602815487,24.380561259411362,106.2,17,6.247058823529412,16,17.0,0,16.0,0,8.64962788910436,11.29390380851333,42.00692259287824,8.716911764705882,1.8,0.673879566521782,8.671570535781623,0.8156888876810234,6.895625668449199,7.073303724779248
2024,Jaleel McLaughlin,RB,126.6,8.6,DEN,00-0038794,16,6.075,2023,1,soph,True,46,8,8.371889717425432,-2.296889717425432,23.967145790554415,97.2,17,5.7176470588235295,16,15.0,0,0.0,1,8.64962788910436,15.628803682460813,42.07812636111966,6.613333333333333,1.0,0.7291693792988487,8.098136970634519,0.7832316553830321,6.312472056018316,6.342717225028607
2024,Elijah Mitchell,RB,129.8,14.5,SF,00-0036567,0,,2021,3,vet,False,47,9,7.491790151433535,,26.33538672142368,0.0,17,0.0,0,10.0,0,5.0,0,7.506426998865862,11.29390380851333,42.00692259287824,7.354285714285714,2.3333333333333335,0.6145013592204686,7.447776740453763,0.7173597398168543,5.544669899874845,5.342735184745931
2024,Ty Chandler,RB,130.3,7.1,MIN,00-0037276,9,3.111111111111111,2022,2,vet,True,48,9,7.491790151433535,-4.380679040322423,26.308008213552363,28.4,17,1.6705882352941175,9,11.0,0,1.0,0,7.506426998865862,11.29390380851333,42.00692259287824,6.5636363636363635,1.8,0.673879566521782,7.198963708225614,0.7104841133645153,5.544669899874845,5.114749347381999
2024,Zach Charbonnet,RB,130.7,6.7,SEA,00-0039165,17,10.994117647058824,2023,1,soph,True,49,9,7.491790151433535,3.502327495625289,23.64681724845996,186.9,17,10.994117647058824,17,16.0,0,0.0,1,7.506426998865862,15.628803682460813,42.07812636111966,6.63125,1.0,0.7291693792988487,7.2694022690396505,0.7922175515138706,5.544669899874845,5.758948066547967
2024,Khalil Herbert,RB,136.4,9.8,CIN,00-0036906,6,4.95,2021,3,vet,True,50,9,7.491790151433535,-2.541790151433535,26.365503080082135,31.5,17,1.8529411764705883,6,12.0,0,13.0,0,7.506426998865862,11.29390380851333,42.00692259287824,8.881868131868131,2.3333333333333335,0.6145013592204686,8.036657686110496,0.7584234850817154,5.544669899874845,6.095189930708678
2024,Kimani Vidal,RB,143.9,14.2,LAC,00-0039391,9,3.6333333333333337,2024,0,rookie,True,51,9,7.491790151433535,-3.8584568181002017,23.01163586584531,32.7,17,1.9235294117647062,9,0.0,1,0.0,1,7.506426998865862,13.02619271886449,38.761906136538855,,0.0,1.0,7.506426998865862,0.7433974976937335,5.544669899874845,5.580259047577564
2024,Ray Davis,RB,147.7,13.2,BUF,00-0039875,16,7.25625,2024,0,rookie,True,52,9,7.491790151433535,-0.2355401514335353,24.78302532511978,116.1,17,6.829411764705882,16,0.0,1,0.0,1,7.506426998865862,13.02619271886449,38.761906136538855,,0.0,1.0,7.506426998865862,0.7242239001237297,5.544669899874845,5.436333837112699
2024,Jordan Mason,RB,149.1,18.1,SF,00-0037525,11,10.409090909090908,2022,2,vet,True,53,9,7.491790151433535,2.9173007576573733,25.27583846680356,115.0,17,6.764705882352941,11,9.0,0,7.0,0,7.506426998865862,11.29390380851333,42.00692259287824,4.792063492063492,1.8,0.673879566521782,6.621217595410018,0.7290351283354888,5.544669899874845,4.827100219406939
2024,Dameon Pierce,RB,151.4,16.3,HOU,00-0037258,5,8.28,2022,2,vet,True,54,10,7.491790151433535,0.7882098485664644,24.53388090349076,43.5,17,2.5588235294117645,5,12.0,0,13.0,0,7.506426998865862,11.29390380851333,42.00692259287824,8.844444444444445,1.8,0.673879566521782,7.942781828219368,0.7765348182983502,5.544669899874845,6.167846643759765
2024,Bucky Irving,RB,152.9,13.2,TB,00-0039361,17,14.376470588235296,2024,0,rookie,True,55,10,7.491790151433535,6.88468043680176,22.036960985626283,244.4,17,14.376470588235295,17,0.0,1,0.0,1,7.506426998865862,13.02619271886449,38.761906136538855,,0.0,1.0,7.506426998865862,0.7535675455146409,5.544669899874845,5.65659976912018
2024,Jaylen Wright,RB,156.6,14.3,MIA,00-0039874,12,2.1999999999999997,2024,0,rookie,True,56,10,7.491790151433535,-5.291790151433535,21.420944558521562,26.7,17,1.5705882352941176,12,0.0,1,0.0,1,7.506426998865862,13.02619271886449,38.761906136538855,,0.0,1.0,7.506426998865862,0.7598537099657974,5.544669899874845,5.703786403675652
2024,Antonio Gibson,RB,158.6,12.6,NE,00-0036328,17,6.082352941176471,2020,4,vet,True,57,10,7.491790151433535,-1.4094372102570638,26.193018480492814,103.4,17,6.082352941176471,17,16.0,0,15.0,0,7.506426998865862,11.29390380851333,42.00692259287824,10.068023809523812,2.6470588235294117,0.5842202036669172,8.571487199088699,0.7913625439057632,5.544669899874845,6.783153914926518
2024,MarShawn Lloyd,RB,159.1,14.1,GB,00-0039811,1,2.8,2024,0,rookie,False,58,10,7.491790151433535,-4.691790151433535,23.655030800821354,2.8,17,0.16470588235294117,1,0.0,1,0.0,1,7.506426998865862,13.02619271886449,38.761906136538855,,0.0,1.0,7.506426998865862,0.7365353671395658,5.544669899874845,5.528748965516017
2024,Alexander Mattison,RB,160.7,11.1,LV,00-0034972,14,9.814285714285717,2019,5,vet,True,59,10,7.491790151433535,2.32249556285218,26.203969883641342,137.4,17,8.08235294117647,14,16.0,0,16.0,0,7.506426998865862,11.29390380851333,42.00692259287824,7.366770057899091,2.8181818181818183,0.5689281578582728,7.446224824055438,0.7941858923692805,5.544669899874845,5.913686706674757
2024,Tyrone Tracy Jr.,RB,174.0,15.7,NYG,00-0039384,16,11.38125,2024,0,rookie,True,60,10,7.481169871794871,3.900080128205128,24.774811772758383,182.3,17,10.723529411764707,16,0.0,1,0.0,1,4.58,13.02619271886449,38.761906136538855,,0.0,1.0,4.58,0.7243148234956035,2.6941176470588233,3.317361891609864
2015,Antonio Brown,WR,2.5,1.4,PIT,00-0027793,16,24.3875,2010,5,vet,True,1,1,20.3425,4.044999999999998,27.143052703627653,390.2,16,24.3875,16,16.0,0,16.0,0,19.208027544351076,10.255181112387637,44.13667191566625,20.33706575682382,2.8181818181818183,0.6043003827598561,19.654787532876036,0.8285455197865799,17.391095588235295,16.284886152721565
2015,Julio Jones,WR,6.2,1.9,ATL,00-0027944,16,23.06875,2011,4,vet,True,2,1,18.379251629089865,4.689498370910137,26.559890485968516,369.1,16,23.06875,16,15.0,0,5.0,0,18.32110140626091,10.255181112387637,44.13667191566625,19.726,2.6470588235294117,0.6191775482301164,18.856118333216692,0.7727550294510923,15.592917647058826,14.571160277918146
2015,Dez Bryant,WR,7.6,1.7,DAL,00-0027902,9,9.9,2010,5,vet,True,3,1,17.943725961538462,-8.043725961538463,26.822724161533195,89.1,16,5.56875,9,16.0,0,16.0,0,18.32110140626091,10.255181112387637,44.13667191566625,18.614462365591397,2.8181818181818183,0.6043003827598561,18.437184225581188,0.8301240256844534,15.592917647058826,15.305149591625357
2015,Demaryius Thomas,WR,9.1,1.9,DEN,00-0027874,16,16.7125,2010,5,vet,True,4,1,17.943725961538462,-1.2312259615384633,27.685147159479808,267.4,16,16.7125,16,16.0,0,16.0,0,18.32110140626091,10.255181112387637,44.13667191566625,19.536290322580644,2.8181818181818183,0.6043003827598561,18.801951195323095,0.8258477380386753,15.592917647058826,15.527548865371145
2015,Odell Beckham Jr.,WR,11.4,2.8,NYG,00-0031235,15,21.28666666666667,2014,1,soph,True,5,1,16.94065359477124,4.3460130718954275,22.819986310746064,319.3,16,19.95625,15,12.0,0,0.0,1,16.389810606060603,8.932386672535607,39.96449906770778,24.75,1.0,0.8173219717920803,17.917033519990213,0.8095508760400693,14.936897058823527,14.504750182147362
2015,Calvin Johnson,WR,13.1,2.4,DET,00-0025389,15,17.233333333333334,2007,8,vet,True,6,1,16.42261932202348,0.8107140113098552,29.921971252566735,261.4,16,16.3375,15,12.0,0,14.0,0,16.389810606060603,10.255181112387637,44.13667191566625,19.977379789522647,2.9076923076923076,0.5967997281024534,17.83631947628376,0.7575500114440425,14.641850490196079,13.51190402337836
2015,Randall Cobb,WR,15.9,2.4,GB,00-0028002,16,12.68125,2011,4,vet,True,7,1,16.42261932202348,-3.7413693220234783,25.026694045174537,202.9,16,12.68125,16,16.0,0,6.0,0,16.389810606060603,10.255181112387637,44.13667191566625,17.218666666666664,2.6470588235294117,0.6191775482301164,16.70545760322493,0.7983159709840453,14.06831232492997,13.33623360725131
2015,A.J. Green,WR,16.7,2.5,CIN,00-0027942,16,17.10625,2011,4,vet,True,8,2,16.42261932202348,0.6836306779765202,27.085557837097877,273.7,16,17.10625,16,12.0,0,16.0,0,16.389810606060603,10.255181112387637,44.13667191566625,17.701666666666664,2.6470588235294117,0.6191775482301164,16.889394847429784,0.7846027405214363,14.06831232492997,13.251465483042034
2015,Brandin Cooks,WR,20.6,2.9,NO,00-0031236,16,15.85,2014,1,soph,True,9,2,15.39774859415863,0.4522514058413698,21.932922655715263,253.6,16,15.85,16,10.0,0,0.0,1,15.413628962268668,8.932386672535607,39.96449906770778,13.930000000000001,1.0,0.8173219717920803,15.142602548849265,0.7917732433018008,12.99423624288425,11.989507532132498
2015,T.Y. Hilton,WR,22.8,2.7,IND,00-0029608,16,13.2125,2012,3,vet,True,10,2,15.39774859415863,-2.1852485941586295,25.796030116358658,211.4,16,13.2125,16,15.0,0,16.0,0,15.413628962268668,10.255181112387637,44.13667191566625,15.7867673992674,2.3333333333333335,0.6484447878070133,15.544807724665116,0.825070569462423,12.99423624288425,12.825563361573318
2015,Jordan Matthews,WR,24.4,2.8,PHI,00-0031299,16,14.41875,2014,1,soph,True,11,2,15.39774859415863,-0.9789985941586306,23.12662559890486,230.7,16,14.41875,16,15.0,0,0.0,1,15.413628962268668,8.932386672535607,39.96449906770778,13.479999999999999,1.0,0.8173219717920803,15.0603974361557,0.8388795965392345,12.99423624288425,12.633860124962816
2015,Alshon Jeffery,WR,26.1,3.1,CHI,00-0029137,9,17.633333333333333,2012,3,vet,True,12,2,15.39774859415863,2.235584739174703,25.544147843942504,158.7,16,9.91875,9,16.0,0,16.0,0,15.048424877329804,10.255181112387637,44.13667191566625,15.531428571428572,2.3333333333333335,0.6484447878070133,15.218227343498693,0.8363095066409278,12.862059242602326,12.72714820159087
2015,DeAndre Hopkins,WR,28.7,3.3,HOU,00-0030564,16,20.69375,2013,2,vet,True,13,2,14.881502854988153,5.812247145011845,23.236139630390145,331.09999999999997,16,20.693749999999998,16,16.0,0,16.0,0,14.684617369739918,10.255181112387637,44.13667191566625,12.5875,1.8,0.7051037348028246,14.066185289723492,0.8470147835142701,12.73038770053476,11.914266888046754
2015,Mike Evans,WR,30.0,3.4,TB,00-0031408,15,14.173333333333336,2014,1,soph,True,14,2,14.881502854988153,-0.708169521654817,22.028747433264886,212.60000000000002,16,13.287500000000001,15,15.0,0,0.0,1,14.684617369739918,8.932386672535607,39.96449906770778,16.34,1.0,0.8173219717920803,14.98701940456547,0.8439792536581266,12.73038770053476,12.648733451625027
2015,Emmanuel Sanders,WR,31.9,3.7,DEN,00-0027685,15,15.093333333333334,2010,5,vet,True,15,3,14.881502854988153,0.2118304783451812,28.459958932238195,226.4,16,14.15,15,16.0,0,16.0,0,14.684617369739918,10.255181112387637,44.13667191566625,14.30469440953312,2.8181818181818183,0.6043003827598561,14.534281999805344,0.8219338236965424,12.73038770053476,11.946217978783837
2015,Davante Adams,WR,34.6,4.3,GB,00-0031381,13,8.176923076923076,2014,1,soph,True,16,3,14.318447404719464,-6.141524327796388,22.68583162217659,106.3,16,6.64375,13,13.0,0,0.0,1,14.514745965779703,8.932386672535607,39.96449906770778,7.038461538461538,1.0,0.8173219717920803,13.148993068275646,0.8209696511553398,12.70752963251302,10.794924252306238
2015,Jarvis Landry,WR,36.6,4.4,MIA,00-0031382,16,17.21,2014,1,soph,True,17,3,14.318447404719464,2.8915525952805368,22.757015742642025,275.36,16,17.21,16,15.0,0,0.0,1,14.514745965779703,8.932386672535607,39.96449906770778,12.626666666666667,1.0,0.8173219717920803,14.169835362317542,0.8406113108025783,12.639349724264706,11.911323877774477
2015,Andre Johnson,WR,37.7,4.2,IND,00-0022044,15,7.686666666666667,2003,12,vet,True,18,3,14.318447404719464,-6.631780738052797,34.1409993155373,115.30000000000001,16,7.206250000000001,15,15.0,0,16.0,0,14.514745965779703,10.255181112387637,44.13667191566625,15.04217810628525,2.9076923076923076,0.5967997281024534,14.727406748239044,0.779120472720625,12.639349724264706,11.474424107636928
2015,Jeremy Maclin,WR,38.8,4.8,KC,00-0026995,15,16.21333333333333,2009,6,vet,True,19,3,14.318447404719464,1.894885928613867,27.307323750855577,243.2,16,15.2,15,16.0,0,0.0,1,14.389795590030884,10.255181112387637,44.13667191566625,16.09125555295768,1.9918845807033363,0.683613197052703,14.928115068044118,0.8285699334116902,12.639349724264706,12.368987307891363
2015,Amari Cooper,WR,40.8,4.4,LV,00-0031544,16,13.29375,2015,0,rookie,True,20,3,14.318447404719464,-1.0246974047194648,21.207392197125255,212.7,16,13.29375,16,0.0,1,0.0,1,14.389795590030884,11.111909791469497,35.089297876710425,,0.0,1.0,14.389795590030884,0.7762966076406141,12.639349724264706,11.170749501182845
2015,Julian Edelman,WR,41.9,4.5,NE,00-0027150,9,19.166666666666668,2009,6,vet,True,21,3,14.318447404719464,4.848219261947204,29.27857631759069,172.5,16,10.78125,9,14.0,0,16.0,0,14.07766033496522,10.255181112387637,44.13667191566625,13.930120937263794,2.9076923076923076,0.5967997281024534,14.018172409696405,0.7955438716729785,12.22683823529412,11.152071152589205
2015,Golden Tate,WR,43.5,4.3,DET,00-0027891,16,13.0875,2010,5,vet,True,22,3,13.894337842606388,-0.8068378426063862,27.080082135523615,209.4,16,13.0875,16,16.0,0,16.0,0,13.840888138332257,10.255181112387637,44.13667191566625,13.36485084091536,2.8181818181818183,0.6043003827598561,13.652520361952359,0.8288567402778685,12.22683823529412,11.315983523785057
2015,Keenan Allen,WR,48.7,5.4,LAC,00-0030279,8,20.4375,2013,2,vet,True,23,4,13.894337842606388,6.543162157393613,23.345653661875428,163.5,16,10.21875,8,14.0,0,14.0,0,13.429154684556268,10.255181112387637,44.13667191566625,13.704761904761904,1.8,0.7051037348028246,13.510430224456286,0.8191480286890719,10.904411764705882,11.067042285104622
2015,Brandon Marshall,WR,50.5,5.6,NYJ,00-0024334,16,21.2,2006,9,vet,True,24,4,13.894337842606388,7.305662157393613,31.44147843942505,339.2,16,21.2,16,13.0,0,16.0,0,13.301776709401707,10.255181112387637,44.13667191566625,16.200738705738704,2.9076923076923076,0.5967997281024534,14.470638974545437,0.7706886058201285,10.515441176470588,11.152356576618837
2015,Allen Robinson II,WR,53.5,6.0,JAX,00-0031428,16,19.0,2014,1,soph,True,25,4,13.173062271062271,5.826937728937727,22.02053388090349,304.0,16,19.0,16,10.0,0,0.0,1,12.803950350451688,8.932386672535607,39.96449906770778,11.68,1.0,0.8173219717920803,12.598629316627573,0.7912699030008266,9.913184832756633,9.96891619731127
2015,Nelson Agholor,WR,56.6,5.7,PHI,00-0031549,11,5.072727272727272,2015,0,rookie,True,26,4,12.853924073475545,-7.781196800748271,22.272416153319643,57.3,16,3.58125,11,0.0,1,0.0,1,12.803950350451688,11.111909791469497,35.089297876710425,,0.0,1.0,12.803950350451688,0.769791418687785,9.913184832756633,9.856371105082166
2015,Charles Johnson,WR,61.6,6.8,MIN,00-0008454,0,,1994,21,vet,False,27,5,12.853924073475545,,43.66050650239562,0.0,16,0.0,0,0.0,1,0.0,1,12.803950350451688,10.255181112387637,44.13667191566625,4.713333333333333,2.6470588235294117,0.6191775482301164,9.722861741661532,0.613604030503919,9.913184832756633,5.965987152715869
2015,Sammy Watkins,WR,62.5,6.4,,00-0031325,13,16.83076923076923,2014,1,soph,True,28,5,12.853924073475545,3.976845157293688,22.21492128678987,218.8,16,13.675,13,16.0,0,0.0,1,12.803950350451688,8.932386672535607,39.96449906770778,12.375,1.0,0.8173219717920803,12.725590546232077,0.8523084684915455,9.913184832756633,10.84612858910955
2015,John Brown,WR,64.3,7.0,ARI,00-0031051,15,13.833333333333334,2014,1,soph,True,29,5,12.853924073475545,0.9794092598577908,25.412731006160165,207.5,16,12.96875,15,16.0,0,0.0,1,12.803950350451688,8.932386672535607,39.96449906770778,9.1875,1.0,0.8173219717920803,12.143304331319333,0.8377372918072667,9.913184832756633,10.17289888411091
2015,Martavis Bryant,WR,67.2,7.2,PIT,00-0031373,11,15.47272727272727,2014,1,soph,True,30,5,12.853924073475545,2.618803199251728,23.698836413415467,170.2,16,10.6375,11,10.0,0,0.0,1,12.803950350451688,8.932386672535607,39.96449906770778,13.01,1.0,0.8173219717920803,12.841591094144107,0.7814549644322902,9.769663865546221,10.035125111728398
2015,Vincent Jackson,WR,70.1,7.4,TB,00-0023496,9,11.755555555555556,2005,10,vet,True,31,5,12.739458663273002,-0.9839031077174472,32.629705681040384,107.3,16,6.70625,9,16.0,0,16.0,0,12.385546022094736,10.255181112387637,44.13667191566625,13.262089947089947,2.9076923076923076,0.5967997281024534,12.738968770982947,0.7996856667826843,9.504138071895424,10.187170735747289
2015,Steve Smith,WR,72.1,8.3,BAL,00-0020337,7,18.714285714285715,2001,14,vet,True,32,5,12.739458663273002,5.9748270510127135,36.3066392881588,131.0,16,8.1875,7,16.0,0,15.0,0,12.385546022094736,10.255181112387637,44.13667191566625,12.945451998665689,2.9087739764888343,0.596710226635961,12.611350376491206,0.7736420181681939,9.504138071895424,9.756670557094868
2015,DeSean Jackson,WR,74.0,8.5,WAS,00-0026189,8,13.35,2008,7,vet,True,33,5,12.43820922971078,0.9117907702892208,28.750171115674195,106.8,16,6.675,8,15.0,0,16.0,0,12.385546022094736,10.255181112387637,44.13667191566625,14.46043142043142,2.9076923076923076,0.5967997281024534,13.222140378860336,0.8097266592473891,9.504138071895424,10.706319557074588
2015,Larry Fitzgerald,WR,84.1,8.0,ARI,00-0022921,16,17.53125,2004,11,vet,True,34,6,11.063778356464836,6.467471643535163,32.002737850787135,280.5,16,17.53125,16,14.0,0,16.0,0,11.13516019324193,10.255181112387637,44.13667191566625,12.458843537414966,2.9076923076923076,0.5967997281024534,11.668869677518751,0.7796844251020375,9.000622171945702,9.098035946106805
2015,Eddie Royal,WR,84.6,8.8,CHI,00-0026182,9,7.411111111111111,2008,7,vet,True,35,6,11.063778356464836,-3.652667245353726,29.281314168377822,66.7,16,4.16875,9,15.0,0,14.0,0,11.13516019324193,10.255181112387637,44.13667191566625,10.420778375064089,2.9076923076923076,0.5967997281024534,10.847121249913961,0.7982022174557615,9.000622171945702,8.658196234692834
2015,Kendall Wright,WR,88.0,8.2,TEN,00-0029708,10,9.65,2012,3,vet,True,36,6,11.063778356464836,-1.413778356464837,25.801505817932924,96.5,16,6.03125,10,13.0,0,16.0,0,11.13516019324193,10.255181112387637,44.13667191566625,12.548580586080586,2.3333333333333335,0.6484447878070133,11.632055499364217,0.8035394336803926,9.000622171945702,9.34681528849802
2015,Mike Wallace,WR,89.9,9.5,MIN,00-0026901,15,6.593333333333334,2009,6,vet,True,37,6,11.063778356464836,-4.470445023131504,29.084188911704313,98.9,16,6.18125,15,15.0,0,16.0,0,11.13516019324193,10.255181112387637,44.13667191566625,13.625992063492063,2.9076923076923076,0.5967997281024534,12.139464280577858,0.8079285072102634,9.000622171945702,9.807819254539583
2015,Victor Cruz,WR,91.3,10.0,NYG,00-0027265,0,,2010,5,vet,False,38,6,11.063778356464836,,28.804928131416837,0.0,16,0.0,0,6.0,0,14.0,0,11.13516019324193,10.255181112387637,44.13667191566625,12.610059523809523,2.6470588235294117,0.6191775482301164,11.69683497242244,0.6794383060119139,9.000622171945702,7.9472777393636145
2015,Markus Wheaton,WR,94.1,9.5,PIT,00-0030460,15,9.873333333333331,2013,2,vet,True,39,6,10.82380934425052,-0.9504760109171856,24.56399726214921,150.9,16,9.43125,15,16.0,0,2.0,0,10.937103174603175,10.255181112387637,44.13667191566625,7.5375000000000005,1.8,0.7051037348028246,9.934572895260239,0.782895007505603,9.000622171945702,7.777727521399725
2015,Devin Funchess,WR,96.1,10.1,CAR,00-0032055,14,7.464285714285714,2015,0,rookie,True,40,6,10.82380934425052,-3.359523629964804,21.281314168377822,106.30000000000001,16,6.643750000000001,14,0.0,1,0.0,1,10.67637414260576,11.111909791469497,35.089297876710425,,0.0,1.0,10.67637414260576,0.7758493469442338,9.000622171945702,8.283257906272983
2015,Anquan Boldin,WR,97.3,10.2,SF,00-0022084,14,12.135714285714286,2003,12,vet,True,41,7,10.82380934425052,1.3119049414637676,34.91033538672142,169.9,16,10.61875,14,16.0,0,16.0,0,10.67637414260576,10.255181112387637,44.13667191566625,13.7706179138322,2.9076923076923076,0.5967997281024534,11.923974072481549,0.7866632975857505,9.000622171945702,9.380152764185326
2015,Steve Johnson,WR,101.3,9.1,LAC,00-0026364,9,12.522222222222222,2008,7,vet,True,42,7,10.82380934425052,1.6984128779717036,29.111567419575632,112.7,16,7.04375,9,11.0,0,12.0,0,10.67637414260576,10.255181112387637,44.13667191566625,10.388227028347996,2.8181818181818183,0.6043003827598561,10.56235443978511,0.7391772269400331,9.000622171945702,7.807451864758105
2015,Eric Decker,WR,105.3,10.0,NYJ,00-0027690,15,16.846666666666668,2010,5,vet,True,43,7,10.82380934425052,6.022857322416149,28.465434633812457,252.7,16,15.79375,15,14.0,0,16.0,0,10.671001221001221,10.255181112387637,44.13667191566625,14.867684331797236,2.8181818181818183,0.6043003827598561,12.33162712162138,0.8001101394314848,9.000622171945702,9.866659895697563
2015,Brian Quick,WR,106.8,9.7,LAR,00-0029640,6,2.85,2012,3,vet,True,44,7,10.169649826735766,-7.319649826735766,26.239561943874058,20.2,16,1.2625,6,7.0,0,11.0,0,10.242261620838667,10.255181112387637,44.13667191566625,8.608905380333953,2.3333333333333335,0.6484447878070133,9.668046721121293,0.6962920135101863,9.000622171945702,6.7317837181600995
2015,Roddy White,WR,109.0,9.8,ATL,00-0023462,14,7.114285714285714,2005,10,vet,True,45,7,10.169649826735766,-3.055364112450052,33.828884325804246,99.6,16,6.225,14,14.0,0,13.0,0,10.242261620838667,10.255181112387637,44.13667191566625,14.756662087912089,2.9076923076923076,0.5967997281024534,12.062469116617082,0.7536693201279967,8.557042738970587,9.091112898185754
2015,DeVante Parker,WR,109.5,9.2,MIA,00-0031547,7,13.157142857142857,2015,0,rookie,True,46,7,10.169649826735766,2.987493030407091,22.611909650924023,93.4,16,5.8375,7,0.0,1,0.0,1,10.242261620838667,11.111909791469497,35.089297876710425,,0.0,1.0,10.242261620838667,0.7676901270594069,8.557042738970587,7.862883125077323
2015,Terrance Williams,WR,112.4,9.1,DAL,00-0030542,16,9.625,2013,2,vet,True,47,7,10.169649826735766,-0.5446498267357658,25.95208761122519,154.0,16,9.625,16,15.0,0,15.0,0,10.242261620838667,10.255181112387637,44.13667191566625,9.826666666666666,1.8,0.7051037348028246,10.119704221018551,0.8202923612977676,8.557042738970587,8.301116071094294
2015,Marques Colston,WR,118.3,9.9,NO,00-0024466,13,9.307692307692308,2006,9,vet,True,48,8,10.169649826735766,-0.8619575190434574,32.24093086926762,121.0,16,7.5625,13,15.0,0,15.0,0,10.242261620838667,10.255181112387637,44.13667191566625,13.21182917611489,2.9076923076923076,0.5967997281024534,11.439592066544172,0.7857301927489606,8.509558823529414,8.988432879415234
2015,Pierre Garcon,WR,119.3,9.0,WAS,00-0026345,16,11.60625,2008,7,vet,True,49,8,10.169649826735766,1.4366001732642353,29.065023956194388,185.70000000000002,16,11.606250000000001,16,16.0,0,16.0,0,10.242261620838667,10.255181112387637,44.13667191566625,12.722871000251953,2.9076923076923076,0.5967997281024534,11.242443997089708,0.8188297090558532,8.509558823529414,9.20564714721369
2015,Brandon Coleman,WR,123.6,9.1,NO,00-0030801,8,9.4,2014,1,soph,True,50,8,10.169649826735766,-0.7696498267357654,23.19233401779603,87.39999999999999,16,5.4624999999999995,8,0.0,1,0.0,1,10.182160747196864,8.932386672535607,39.96449906770778,,0.0,1.0,10.182160747196864,0.7640667099426864,7.742036541889482,7.779850062218274
2015,Michael Floyd,WR,126.2,10.3,ARI,00-0029638,13,13.084615384615384,2012,3,vet,True,51,8,10.169649826735766,2.9149655578796185,25.760438056125942,172.9,16,10.80625,13,16.0,0,16.0,0,10.182160747196864,10.255181112387637,44.13667191566625,10.662225274725273,2.3333333333333335,0.6484447878070133,10.35092993403844,0.8352760201555997,7.742036541889482,8.645883560213091
2015,Ty Montgomery II,WR,129.5,11.7,NO,00-0032200,5,8.4,2015,0,rookie,True,52,8,10.169649826735766,-1.7696498267357654,22.60643394934976,42.0,16,2.625,5,0.0,1,0.0,1,10.182160747196864,11.111909791469497,35.089297876710425,,0.0,1.0,10.182160747196864,0.7677241247543722,7.742036541889482,7.817090447750037
2015,Torrey Smith,WR,130.6,10.9,SF,00-0027996,15,8.353333333333333,2011,4,vet,True,53,8,10.169649826735766,-1.8163164934024325,26.595482546201232,125.30000000000001,16,7.831250000000001,15,15.0,0,16.0,0,10.182160747196864,10.255181112387637,44.13667191566625,12.703587301587303,2.6470588235294117,0.6191775482301164,11.142376589597522,0.8210169413772673,7.742036541889482,9.148079947265025
2015,Marvin Jones Jr.,WR,133.9,9.8,CIN,00-0029293,16,10.86875,2012,3,vet,True,54,9,10.169649826735766,0.6991001732642346,25.472963723477072,173.9,16,10.86875,16,0.0,1,16.0,0,10.182160747196864,10.255181112387637,44.13667191566625,9.895833333333334,1.8,0.7051037348028246,10.097723862224942,0.7483464310414881,7.742036541889482,7.556595613938507
2015,Michael Crabtree,WR,135.6,10.0,LV,00-0026986,16,14.45,2009,6,vet,True,55,9,10.169649826735766,4.2803501732642335,27.964407939767284,231.2,16,14.45,16,15.0,0,5.0,0,10.182160747196864,10.255181112387637,44.13667191566625,11.429344636844636,2.9076923076923076,0.5967997281024534,10.685025630609086,0.7640537075523888,7.742036541889482,8.163933448359174
2015,Brandon LaFell,WR,139.6,13.4,NE,00-0027681,10,8.559999999999999,2010,5,vet,True,56,9,10.169649826735766,-1.609649826735767,28.824093086926762,89.4,16,5.5875,10,15.0,0,15.0,0,10.182160747196864,10.255181112387637,44.13667191566625,11.850412383315607,2.8181818181818183,0.6043003827598561,10.842287281069293,0.8050777218940914,7.032161384214469,8.728883944364549
2015,Tyler Lockett,WR,140.2,13.8,SEA,00-0032211,14,11.407142857142857,2015,0,rookie,True,57,9,10.169649826735766,1.2374930304070908,22.924024640657084,167.4,16,10.4625,14,0.0,1,0.0,1,10.182160747196864,11.111909791469497,35.089297876710425,,0.0,1.0,10.182160747196864,0.7657465249731797,6.914442401960785,7.796954208884314
2015,Breshad Perriman,WR,145.4,10.9,BAL,00-0032054,0,,2015,0,rookie,False,58,9,9.338003994797472,,21.973990417522245,0.0,16,0.0,0,0.0,1,0.0,1,9.029689588189589,11.111909791469497,35.089297876710425,,0.0,1.0,9.029689588189589,0.7716274898751599,6.8245000000000005,6.9675567112865995
2015,Dorial Green-Beckham,WR,147.0,13.8,TEN,00-0032218,13,8.684615384615384,2015,0,rookie,True,59,9,9.338003994797472,-0.6533886101820876,22.38740588637919,112.89999999999999,16,7.0562499999999995,13,0.0,1,0.0,1,9.029689588189589,11.111909791469497,35.089297876710425,,0.0,1.0,9.029689588189589,0.7690811860285743,6.8245000000000005,6.944564377954718
2015,Rueben Randle,WR,147.7,16.1,NYG,00-0029262,16,11.54375,2012,3,vet,True,60,9,9.338003994797472,2.2057460052025277,24.320328542094455,184.7,16,11.54375,16,16.0,0,14.0,0,9.029689588189589,10.255181112387637,44.13667191566625,10.407256235827663,2.3333333333333335,0.6484447878070133,9.513980323309973,0.8346548020542449,6.8245000000000005,7.940889363500267
2015,Doug Baldwin,WR,148.4,20.8,SEA,00-0028434,16,16.80625,2011,4,vet,True,61,9,9.338003994797472,7.468246005202527,26.94318959616701,268.9,16,16.80625,16,16.0,0,12.0,0,9.029689588189589,10.255181112387637,44.13667191566625,10.333418803418803,2.6470588235294117,0.6191775482301164,9.526178944377204,0.8135157459180654,6.8245000000000005,7.74969656968399
2015,James Jones,WR,153.9,19.3,LV,00-0025465,16,11.9375,2007,8,vet,True,62,10,9.338003994797472,2.5994960052025284,31.419575633127995,191.0,16,11.9375,16,16.0,0,13.0,0,9.029689588189589,10.255181112387637,44.13667191566625,11.571543271543272,2.9076923076923076,0.5967997281024534,10.054565684441574,0.793227731859843,6.8245000000000005,7.975560332705399
2015,Allen Hurns,WR,153.9,15.3,JAX,00-0030821,15,15.006666666666666,2014,1,soph,True,63,10,9.338003994797472,5.668662671869194,23.802874743326488,225.1,16,14.06875,15,16.0,0,0.0,1,9.029689588189589,8.932386672535607,39.96449906770778,9.66875,1.0,0.8173219717920803,9.146431884124855,0.8452127207854708,6.8245000000000005,7.730680578260149
2015,Phillip Dorsett,WR,153.9,13.4,IND,00-0032208,11,4.381818181818182,2015,0,rookie,True,64,10,9.338003994797472,-4.95618581297929,22.652977412731005,48.2,16,3.0125,11,0.0,1,0.0,1,9.029689588189589,11.111909791469497,35.089297876710425,,0.0,1.0,9.029689588189589,0.7674350337411757,6.8245000000000005,6.92970013378462
2015,Percy Harvin,WR,160.6,13.2,,00-0026998,5,9.98,2009,6,vet,True,65,10,8.413288726154798,1.5667112738452025,27.260780287474333,49.9,16,3.11875,5,12.0,0,0.0,1,8.41330501869925,10.255181112387637,44.13667191566625,12.301097602161434,1.9918845807033363,0.683613197052703,9.643351284703062,0.7845673466946755,6.532193204868154,7.565858530684172
2015,Cody Latimer,WR,161.0,16.5,DEN,00-0031344,2,8.35,2014,1,soph,False,66,10,8.413288726154798,-0.0632887261547985,22.8911704312115,18.0,16,1.125,2,1.0,0,0.0,1,8.41330501869925,8.932386672535607,39.96449906770778,2.4,1.0,0.8173219717920803,7.3148063148704825,0.6596635119041281,6.532193204868154,4.825310822565956
2015,Kenny Stills,WR,162.0,12.9,MIA,00-0030085,13,6.846153846153846,2013,2,vet,True,67,10,8.413288726154798,-1.5671348800009524,23.359342915811087,89.0,16,5.5625,13,15.0,0,14.0,0,8.41330501869925,10.255181112387637,44.13667191566625,10.35984126984127,1.8,0.7051037348028246,8.987331289231943,0.8293849995707645,6.532193204868154,7.453957757461953
2015,Jeff Janis,WR,163.1,12.6,GB,00-0031001,3,3.3000000000000003,2014,1,soph,False,68,10,8.413288726154798,-5.1132887261547975,24.188911704312115,9.9,16,0.61875,3,1.0,0,0.0,1,8.41330501869925,8.932386672535607,39.96449906770778,3.6,1.0,0.8173219717920803,7.534019948719987,0.6494478325601126,6.532193204868154,4.892952926160846
2016,Antonio Brown,WR,1.2,0.5,PIT,00-0027793,15,20.486666666666668,2010,6,vet,True,1,1,20.486666666666668,0.0,28.145106091718002,307.3,16,19.20625,15,16.0,0,16.0,0,20.3425,11.01403631329459,44.2101205358339,22.39442918192918,2.9076923076923076,0.5799147641670068,21.20448515430332,0.8262088367188511,18.16857843137255,17.519333012559095
2016,Julio Jones,WR,2.8,0.9,ATL,00-0027944,14,18.564285714285713,2011,5,vet,True,2,1,19.556530987394957,-0.9922452731092442,27.561943874058862,259.9,16,16.24375,14,16.0,0,15.0,0,19.89174369747899,11.01403631329459,44.2101205358339,21.451290322580647,2.8181818181818183,0.5875124259976574,20.535037301410714,0.828828693507213,18.16857843137255,17.020028137650126
2016,Odell Beckham Jr.,WR,3.4,1.2,NYG,00-0031235,16,18.5375,2014,2,vet,True,3,1,19.556530987394957,-1.019030987394956,23.822039698836413,296.6,16,18.5375,16,15.0,0,12.0,0,19.89174369747899,11.01403631329459,44.2101205358339,22.441111111111113,1.8,0.6904014072006509,20.68102426126801,0.8415835152893104,18.16857843137255,17.404809097581445
2016,A.J. Green,WR,6.4,1.5,CIN,00-0027942,9,20.711111111111112,2011,5,vet,True,4,1,18.379251629089865,2.3318594820212475,28.087611225188226,186.4,16,11.65,9,16.0,0,12.0,0,18.716514551550645,11.01403631329459,44.2101205358339,17.394354838709674,2.8181818181818183,0.5875124259976574,18.17114009915724,0.8155880137971411,15.949167647058825,14.820164061901236
2016,DeAndre Hopkins,WR,6.4,1.5,HOU,00-0030564,16,12.3375,2013,3,vet,True,5,1,18.379251629089865,-6.041751629089864,24.238193018480494,197.4,16,12.3375,16,16.0,0,16.0,0,18.716514551550645,11.01403631329459,44.2101205358339,17.219642857142855,2.3333333333333335,0.6323903922277503,18.166250135084013,0.8592594203722296,15.949167647058825,15.609521561409226
2016,Allen Robinson II,WR,9.2,1.9,JAX,00-0031428,16,12.45625,2014,2,vet,True,6,1,17.943725961538462,-5.487475961538461,23.02258726899384,199.3,16,12.45625,16,16.0,0,10.0,0,18.309557692307692,11.01403631329459,44.2101205358339,16.56,1.8,0.6904014072006509,17.767897092747955,0.8548404476370177,15.949167647058825,15.188717104333127
2016,Brandon Marshall,WR,13.0,2.5,NYJ,00-0024334,15,10.386666666666668,2006,10,vet,True,7,1,16.42261932202348,-6.035952655356812,32.4435318275154,155.8,16,9.7375,15,16.0,0,13.0,0,16.907009803921568,11.01403631329459,44.2101205358339,18.72005148394912,2.953488372093023,0.5761030763637104,17.675552594509618,0.7732601415561624,15.802095588235293,13.667800301313902
2016,Keenan Allen,WR,13.8,2.3,LAC,00-0030279,1,12.3,2013,3,vet,False,8,1,16.42261932202348,-4.122619322023478,24.347707049965777,12.3,16,0.76875,1,8.0,0,14.0,0,16.907009803921568,11.01403631329459,44.2101205358339,17.55204081632653,2.3333333333333335,0.6323903922277503,17.144129401392693,0.7399566586533568,15.802095588235293,12.68591270737531
2016,Mike Evans,WR,15.7,2.4,TB,00-0031408,16,19.00625,2014,2,vet,True,9,1,16.42261932202348,2.5836306779765223,23.030800821355236,304.1,16,19.00625,16,15.0,0,15.0,0,16.274887805389536,11.01403631329459,44.2101205358339,14.895555555555555,1.8,0.6904014072006509,15.847848481838176,0.8554093953332448,14.376470588235293,13.556398487182076
2016,Dez Bryant,WR,16.4,2.9,DAL,00-0027902,12,15.0,2010,6,vet,True,10,1,16.42261932202348,-1.422619322023479,27.824777549623544,180.0,16,11.25,12,9.0,0,16.0,0,16.274887805389536,11.01403631329459,44.2101205358339,14.18806878306878,2.9076923076923076,0.5799147641670068,15.398245944257145,0.7212919304027051,14.376470588235293,11.10663054194886
2016,Jordy Nelson,WR,17.3,2.9,GB,00-0026176,16,19.04375,2008,8,vet,True,11,2,16.42261932202348,2.62113067797652,31.255304585900067,304.7,16,19.04375,16,0.0,1,16.0,0,16.274887805389536,11.01403631329459,44.2101205358339,18.197229780801212,2.9076923076923076,0.5799147641670068,17.08243528748201,0.6629596799756785,14.178728991596639,11.32496583139431
2016,Amari Cooper,WR,20.1,2.9,LV,00-0031544,16,14.51875,2015,1,soph,True,12,2,15.39774859415863,-0.8789985941586309,22.209445585215605,232.29999999999998,16,14.518749999999999,16,16.0,0,0.0,1,15.630378689937514,9.431894956611652,40.308719258446466,13.29375,1.0,0.8103783979057438,15.18730341425216,0.8556256872828276,13.137381404174572,12.994646921792338
2016,Alshon Jeffery,WR,22.1,3.5,CHI,00-0029137,12,12.175,2012,4,vet,True,13,2,15.39774859415863,-3.222748594158631,26.546201232032853,146.1,16,9.13125,12,9.0,0,16.0,0,15.630378689937514,11.01403631329459,44.2101205358339,16.652444444444445,2.6470588235294117,0.6026057004388883,16.036541794555195,0.7374479586080096,13.137381404174572,11.826115009526756
2016,Brandin Cooks,WR,23.3,3.5,NO,00-0031236,15,16.42,2014,2,vet,True,14,2,15.39774859415863,1.022251405841372,22.934976043805612,246.3,16,15.39375,15,16.0,0,10.0,0,15.362047066689925,11.01403631329459,44.2101205358339,15.21,1.8,0.6904014072006509,15.314973508803455,0.8555351657865947,13.137381404174572,13.10249839987147
2016,Jarvis Landry,WR,26.9,3.8,MIA,00-0031382,16,14.58125,2014,2,vet,True,15,2,14.881502854988153,-0.3002528549881518,23.759069130732374,233.3,16,14.58125,16,16.0,0,15.0,0,15.362047066689925,11.01403631329459,44.2101205358339,15.682222222222222,1.8,0.6904014072006509,15.461172844292037,0.8606676595978762,13.064203036053131,13.306931446535065
2016,Sammy Watkins,WR,28.3,3.4,BUF,00-0031325,8,10.375,2014,2,vet,True,16,2,14.881502854988153,-4.5065028549881525,23.21697467488022,83.0,16,5.1875,8,13.0,0,16.0,0,15.362047066689925,11.01403631329459,44.2101205358339,15.345512820512822,1.8,0.6904014072006509,15.356928087340496,0.832734217833113,13.064203036053131,12.788239499130851
2016,T.Y. Hilton,WR,29.4,3.3,IND,00-0029608,16,17.1125,2012,4,vet,True,17,2,14.881502854988153,2.230997145011848,26.798083504449007,273.8,16,17.1125,16,16.0,0,15.0,0,15.031310898853468,11.01403631329459,44.2101205358339,14.413824786324787,2.6470588235294117,0.6026057004388883,14.785925437676418,0.8356564547306257,13.064203036053131,12.355954031160051
2016,Demaryius Thomas,WR,29.7,3.9,DEN,00-0027874,16,14.14375,2010,6,vet,True,18,2,14.881502854988153,-0.7377528549881518,28.687200547570157,226.3,16,14.14375,16,16.0,0,16.0,0,15.031310898853468,11.01403631329459,44.2101205358339,18.101984126984128,2.9076923076923076,0.5799147641670068,16.321255386058795,0.821168299257368,13.064203036053131,13.402497527115058
2016,Randall Cobb,WR,31.5,3.3,GB,00-0028002,12,12.358333333333334,2011,5,vet,True,19,3,14.881502854988153,-2.5231695216548182,26.028747433264886,148.3,16,9.26875,12,16.0,0,16.0,0,15.031310898853468,11.01403631329459,44.2101205358339,14.876774193548385,2.8181818181818183,0.5875124259976574,14.967566428187858,0.8448154941279926,13.064203036053131,12.644832027923078
2016,Julian Edelman,WR,35.1,3.9,NE,00-0027150,16,14.51875,2009,7,vet,True,20,3,14.318447404719464,0.2003025952805366,30.28062970568104,232.3,16,14.51875,16,9.0,0,14.0,0,14.547905575950917,11.01403631329459,44.2101205358339,16.569010123734532,2.953488372093023,0.5761030763637104,15.404645576103707,0.6804112233010791,12.846036096256682,10.48149374095628
2016,Jeremy Maclin,WR,37.3,3.7,KC,00-0026995,11,9.954545454545457,2009,7,vet,True,21,3,14.318447404719464,-4.363901950174009,28.309377138945926,109.5,16,6.84375,11,15.0,0,16.0,0,14.547905575950917,11.01403631329459,44.2101205358339,16.16164274164274,2.3671469740634006,0.6290393506486736,15.146538562818325,0.811329385507124,12.846036096256682,12.288831824731348
2016,Donte Moncrief,WR,38.4,4.3,IND,00-0031339,9,11.4,2014,2,vet,True,22,3,14.318447404719464,-2.9184474047194655,23.071868583162217,102.6,16,6.4125,9,15.0,0,10.0,0,14.547905575950917,11.01403631329459,44.2101205358339,10.524444444444446,1.8,0.6904014072006509,13.302247671453637,0.8429207285899503,12.846036096256682,11.212740299105668
2016,Kelvin Benjamin,WR,39.2,5.2,CAR,00-0031359,15,13.140000000000002,2014,2,vet,True,23,3,14.318447404719464,-1.1784474047194615,25.571526351813826,197.10000000000002,16,12.318750000000001,15,0.0,1,16.0,0,14.547905575950917,11.01403631329459,44.2101205358339,14.112499999999999,1.0,0.8005576374233334,14.461067259204212,0.7389355679584692,12.846036096256682,10.685796948465686
2016,Golden Tate,WR,43.6,5.3,DET,00-0027891,16,13.94375,2010,6,vet,True,24,3,13.894337842606388,0.049412157393613,28.082135523613964,223.1,16,13.94375,16,16.0,0,16.0,0,13.848767971815768,11.01403631329459,44.2101205358339,13.223974223307557,2.9076923076923076,0.5799147641670068,13.586301342626715,0.8267870215376736,12.526336898395725,11.232977620783638
2016,Eric Decker,WR,44.9,5.3,NYJ,00-0027690,3,13.466666666666669,2010,6,vet,False,25,4,13.894337842606388,-0.4276711759397198,29.467488021902806,40.4,16,2.525,3,15.0,0,14.0,0,13.848767971815768,11.01403631329459,44.2101205358339,15.872881708238852,2.9076923076923076,0.5799147641670068,14.69906826813386,0.7935648385018248,12.526336898395725,11.664663736328945
2016,Doug Baldwin,WR,48.8,6.6,SEA,00-0028434,16,15.85,2011,5,vet,True,26,4,13.894337842606388,1.955662157393613,27.94524298425736,253.6,16,15.85,16,16.0,0,16.0,0,13.848767971815768,11.01403631329459,44.2101205358339,13.674234904880064,2.8181818181818183,0.5875124259976574,13.776775250452271,0.828038697366822,11.703625919117647,11.407703032299972
2016,Josh Gordon,WR,49.8,6.1,CLE,00-0029664,0,,2012,4,vet,False,27,4,13.894337842606388,,25.388090349075977,0.0,16,0.0,0,0.0,1,5.0,0,13.848767971815768,11.01403631329459,44.2101205358339,14.106802721088433,2.3333333333333335,0.6323903922277503,13.943624024787503,0.6991725209348002,11.703625919117647,9.748998760377724
2016,Michael Floyd,WR,52.3,6.4,ARI,00-0029638,14,8.27142857142857,2012,4,vet,True,28,4,13.173062271062271,-4.901633699633702,26.76249144421629,115.8,16,7.2375,14,13.0,0,16.0,0,13.717688237688238,11.01403631329459,44.2101205358339,11.954166666666667,2.6470588235294117,0.6026057004388883,13.01687481821121,0.7986874960995046,10.475245098039215,10.396415155597806
2016,Marvin Jones Jr.,WR,56.2,5.7,DET,00-0029293,15,11.486666666666666,2012,4,vet,True,29,4,12.853924073475545,-1.3672574068088768,26.47501711156742,172.29999999999998,16,10.768749999999999,15,16.0,0,0.0,1,12.925535530645828,11.01403631329459,44.2101205358339,10.603409090909091,1.7536231884057971,0.6959528668653515,12.219499643867705,0.818512140026143,9.741907071339174,10.001808803550848
2016,Larry Fitzgerald,WR,60.2,7.2,ARI,00-0022921,16,15.2375,2004,12,vet,True,30,4,12.853924073475545,2.3835759265244576,33.00479123887748,243.8,16,15.2375,16,16.0,0,14.0,0,12.925535530645828,11.01403631329459,44.2101205358339,15.015016872890888,2.953488372093023,0.5761030763637104,13.811260243618934,0.7702740278699532,9.741907071339174,10.638455057812507
2016,Jordan Matthews,WR,64.2,7.1,PHI,00-0031299,14,12.242857142857144,2014,2,vet,True,31,5,12.853924073475545,-0.6110669306183993,24.128678986995208,171.4,16,10.7125,14,16.0,0,15.0,0,12.925535530645828,11.01403631329459,44.2101205358339,14.105833333333331,1.8,0.6904014072006509,13.290954069442042,0.8578053515984062,9.741907071339174,11.401051528616
2016,Allen Hurns,WR,65.5,7.5,JAX,00-0030821,11,9.154545454545454,2014,2,vet,True,32,5,12.853924073475545,-3.699378618930089,24.804928131416837,100.7,16,6.29375,11,15.0,0,16.0,0,12.925535530645828,11.01403631329459,44.2101205358339,13.22736111111111,1.8,0.6904014072006509,13.018980305628727,0.8433094330435548,9.741907071339174,10.979028900344966
2016,Emmanuel Sanders,WR,70.6,8.6,DEN,00-0027685,15,14.173333333333334,2010,6,vet,True,33,5,12.739458663273002,1.433874670060332,29.462012320328544,212.6,16,13.2875,15,15.0,0,16.0,0,12.715694253300988,11.01403631329459,44.2101205358339,14.705272910511006,2.9076923076923076,0.5799147641670068,13.551486872723348,0.7997717267689943,9.178184873949581,10.83809605648531
2016,Tyler Lockett,WR,73.4,8.3,SEA,00-0032211,14,8.864285714285714,2015,1,soph,True,34,5,12.43820922971078,-3.573923515425065,23.926078028747433,124.1,16,7.75625,14,14.0,0,0.0,1,12.715694253300988,9.431894956611652,40.308719258446466,11.407142857142857,1.0,0.8103783979057438,12.467564641138807,0.8160633773891306,9.178184873949581,10.174322908865038
2016,John Brown,WR,78.3,8.7,ARI,00-0031051,13,7.976923076923077,2014,2,vet,True,35,6,12.43820922971078,-4.461286152787702,26.414784394250514,103.7,16,6.48125,13,15.0,0,16.0,0,12.715694253300988,11.01403631329459,44.2101205358339,12.284722222222223,1.8,0.6904014072006509,12.582265918943126,0.8292019731579076,9.178184873949581,10.433239726785132
2016,Michael Crabtree,WR,78.6,8.0,LV,00-0026986,16,14.95625,2009,7,vet,True,36,6,12.43820922971078,2.51804077028922,28.966461327857633,239.29999999999998,16,14.956249999999999,16,16.0,0,15.0,0,12.663830080766404,11.01403631329459,44.2101205358339,12.951564662371748,2.953488372093023,0.5761030763637104,12.785799884732684,0.8156903370874816,9.161983874124045,10.429253417910687
2016,DeSean Jackson,WR,81.9,8.7,WAS,00-0026189,15,12.033333333333331,2008,8,vet,True,37,6,11.866666666666667,0.166666666666666,29.752224503764545,180.5,16,11.28125,15,8.0,0,15.0,0,11.7,11.01403631329459,44.2101205358339,13.900843932969916,2.953488372093023,0.5761030763637104,12.63293097258954,0.6723155856221276,9.017095588235295,8.49331638496045
2016,Sterling Shepard,WR,84.7,8.0,NYG,00-0032385,15,12.146666666666668,2016,0,rookie,True,38,6,11.063778356464836,1.0828883102018292,23.5564681724846,184.4,16,11.525,15,0.0,1,0.0,1,11.00260740024978,11.325705388785254,35.13644427262256,,0.0,1.0,11.00260740024978,0.7329884636501793,8.980704589528118,8.06478429445518
2016,DeVante Parker,WR,91.7,8.5,MIA,00-0031547,15,10.293333333333331,2015,1,soph,True,39,6,11.063778356464836,-0.7704450231315043,23.613963039014372,154.4,16,9.65,15,7.0,0,0.0,1,11.00260740024978,9.431894956611652,40.308719258446466,13.157142857142857,1.0,0.8103783979057438,11.411153865354724,0.7070834033483521,8.980704589528118,8.06863751124672
2016,Willie Snead IV,WR,92.1,9.1,NO,00-0030663,14,13.44285714285714,2014,2,vet,True,40,6,11.063778356464836,2.379078786392304,23.874058863791923,191.5,16,11.96875,14,14.0,0,0.0,1,11.00260740024978,11.01403631329459,44.2101205358339,13.1,1.0,0.8005576374233334,11.420916335594779,0.8165628148214172,8.980704589528118,9.325895590833179
2016,Kevin White,WR,97.7,8.6,CHI,00-0031545,4,9.65,2015,1,soph,True,41,7,10.82380934425052,-1.1738093442505182,24.186173853524984,38.6,16,2.4125,4,0.0,1,0.0,1,10.883882586367879,9.431894956611652,40.308719258446466,,0.0,1.0,10.883882586367879,0.7250234329913493,8.980704589528118,7.891069917043205
2016,Devin Funchess,WR,98.5,9.5,CAR,00-0032055,14,6.1499999999999995,2015,1,soph,True,42,7,10.82380934425052,-4.673809344250519,22.28336755646817,86.1,16,5.38125,14,14.0,0,0.0,1,10.883882586367879,9.431894956611652,40.308719258446466,7.464285714285714,1.0,0.8103783979057438,10.235453148967151,0.8313300986900891,8.980704589528118,8.509040276468646
2016,Stefon Diggs,WR,99.2,8.7,MIN,00-0031588,13,14.86923076923077,2015,1,soph,True,43,7,10.82380934425052,4.045421424980251,22.757015742642025,193.3,16,12.08125,13,13.0,0,0.0,1,10.883882586367879,9.431894956611652,40.308719258446466,11.484615384615383,1.0,0.8103783979057438,10.997794502002135,0.8138089287475773,8.980704589528118,8.950103362260352
2016,Travis Benjamin,WR,104.2,7.8,LAC,00-0029269,13,10.223076923076924,2012,4,vet,True,44,7,10.82380934425052,-0.6007324211735945,26.67488021902806,134.4,16,8.4,13,16.0,0,13.0,0,10.883882586367879,11.01403631329459,44.2101205358339,9.06080586080586,2.6470588235294117,0.6026057004388883,10.159402287966996,0.8314835970726346,8.980704589528118,8.447376358506752
2016,Kamar Aiken,WR,105.8,8.7,BAL,00-0028497,14,4.735714285714286,2011,5,vet,True,45,7,10.169649826735766,-5.43393554102148,27.2580424366872,67.8,16,4.2375,14,15.0,0,6.0,0,10.531423076923076,11.01403631329459,44.2101205358339,11.906666666666666,1.8,0.6904014072006509,10.957196557064016,0.7918551706662607,8.980704589528118,8.67651274971769
2016,Tavon Austin,WR,109.8,10.4,LAR,00-0030525,15,9.786666666666669,2013,3,vet,True,46,7,10.169649826735766,-0.3829831600690987,26.466803559206024,146.8,16,9.175,15,16.0,0,14.0,0,10.228867582270237,11.01403631329459,44.2101205358339,10.618877551020407,2.3333333333333335,0.6323903922277503,10.372238993909754,0.8359621307641818,8.422510504201682,8.670799010144131
2016,Corey Coleman,WR,112.2,9.8,CLE,00-0032966,10,9.33,2016,0,rookie,True,47,7,10.169649826735766,-0.8396498267357657,22.157426420260094,93.3,16,5.83125,10,0.0,1,0.0,1,10.228867582270237,11.325705388785254,35.13644427262256,,0.0,1.0,10.228867582270237,0.7501511591437406,8.422510504201682,7.67319687356785
2016,Tajae Sharpe,WR,115.1,9.1,TEN,00-0032778,14,7.371428571428572,2016,0,rookie,True,48,8,10.169649826735766,-2.798221255307194,21.691991786447637,105.3,16,6.58125,14,0.0,1,0.0,1,10.228867582270237,11.325705388785254,35.13644427262256,,0.0,1.0,10.228867582270237,0.7556949937040762,8.422510504201682,7.729904023183535
2016,Michael Thomas,WR,118.7,11.0,NO,00-0032765,15,17.046666666666667,2016,0,rookie,True,49,8,10.169649826735766,6.877016839930901,23.498973305954827,255.70000000000002,16,15.981250000000001,15,0.0,1,0.0,1,10.228867582270237,11.325705388785254,35.13644427262256,,0.0,1.0,10.228867582270237,0.7337083540410944,7.937101926977687,7.505005597491803
2016,Vincent Jackson,WR,119.9,10.6,TB,00-0023496,5,6.459999999999999,2005,11,vet,True,50,8,10.169649826735766,-3.7096498267357663,33.63175906913073,32.3,16,2.01875,5,9.0,0,16.0,0,10.228867582270237,11.01403631329459,44.2101205358339,12.502891513560805,2.953488372093023,0.5761030763637104,11.19281933101961,0.6408507354733883,7.937101926977687,7.172926500304675
2016,Markus Wheaton,WR,122.3,12.5,PIT,00-0030460,2,2.55,2013,3,vet,False,51,8,10.169649826735766,-7.619649826735766,25.56605065023956,17.099999999999998,16,1.0687499999999999,2,15.0,0,16.0,0,10.228867582270237,11.01403631329459,44.2101205358339,8.872261904761904,2.3333333333333335,0.6323903922277503,9.730166301259791,0.8367614487818448,7.937101926977687,8.141828051130426
2016,Steve Smith,WR,124.6,12.9,BAL,00-0020337,14,13.135714285714286,2001,15,vet,True,52,8,10.169649826735766,2.9660644589785203,37.308692676249144,183.9,16,11.49375,14,7.0,0,16.0,0,10.228867582270237,11.01403631329459,44.2101205358339,15.85231257368394,2.9540334141099134,0.5760580132491778,12.612882024314123,0.5409127327017325,7.937101926977687,6.822468483016311
2016,Torrey Smith,WR,127.3,13.4,SF,00-0027996,10,6.470000000000001,2011,5,vet,True,53,8,10.169649826735766,-3.699649826735765,27.59753593429158,64.7,16,4.04375,10,15.0,0,15.0,0,10.228867582270237,11.01403631329459,44.2101205358339,10.458294930875578,2.8181818181818183,0.5875124259976574,10.323503512706242,0.8153666844040458,7.876374829001366,8.41744083058881
2016,Will Fuller,WR,130.4,8.4,HOU,00-0033127,14,9.157142857142857,2016,0,rookie,True,54,8,10.169649826735766,-1.0125069695929092,22.379192334017795,128.2,16,8.0125,14,0.0,1,0.0,1,10.228867582270237,11.325705388785254,35.13644427262256,,0.0,1.0,10.228867582270237,0.747480355520423,7.876374829001366,7.6458775769666865
2016,Mohamed Sanu,WR,134.1,8.0,ATL,00-0029632,15,9.92,2012,4,vet,True,55,9,10.169649826735766,-0.2496498267357658,27.028062970568104,148.8,16,9.3,15,14.0,0,15.0,0,10.228867582270237,11.01403631329459,44.2101205358339,8.165598412698413,2.6470588235294117,0.6026057004388883,9.408936175822205,0.8072012198375589,7.876374829001366,7.594904758497421
2016,Tyler Boyd,WR,137.6,12.4,CIN,00-0033009,16,7.75625,2016,0,rookie,True,56,9,10.169649826735766,-2.413399826735766,21.796030116358658,124.1,16,7.75625,16,0.0,1,0.0,1,10.228867582270237,11.325705388785254,35.13644427262256,,0.0,1.0,10.228867582270237,0.7544630410206279,7.876374829001366,7.71730254231692
2016,Rishard Matthews,WR,138.3,17.0,TEN,00-0029580,16,13.21875,2012,4,vet,True,57,9,10.169649826735766,3.049100173264234,26.888432580424368,211.5,16,13.21875,16,10.0,0,5.0,0,10.228867582270237,11.01403631329459,44.2101205358339,9.659333333333333,2.6470588235294117,0.6026057004388883,10.002537918337893,0.7092632213281939,7.876374829001366,7.0944322654177405
2016,Chris Hogan,WR,142.6,11.1,NE,00-0028237,14,8.857142857142858,2011,5,vet,True,58,9,10.016483516483516,-1.1593406593406588,28.856947296372347,128.9,16,8.05625,14,12.0,0,11.0,0,10.228867582270237,11.01403631329459,44.2101205358339,7.517900432900433,2.3333333333333335,0.6323903922277503,9.232290011806949,0.7425525400560342,6.9974660633484165,6.855460398801204
2016,Phillip Dorsett,WR,148.9,11.7,IND,00-0032208,12,7.0249999999999995,2015,1,soph,True,59,9,9.338003994797472,-2.313003994797472,23.655030800821354,98.8,16,6.175,12,11.0,0,0.0,1,9.118612017391422,9.431894956611652,40.308719258446466,4.381818181818182,1.0,0.8103783979057438,8.220413581499827,0.7751887330499946,6.834504269449715,6.372371989389819
2016,Kenny Stills,WR,151.2,12.4,MIA,00-0030085,14,11.892857142857142,2013,3,vet,True,60,9,9.338003994797472,2.554853148059671,24.361396303901437,168.6,16,10.5375,14,13.0,0,15.0,0,9.112570395554265,11.01403631329459,44.2101205358339,8.352019884877027,2.3333333333333335,0.6323903922277503,8.83298472063322,0.8194859810013867,6.834504269449715,7.238507148958374
2016,Mike Wallace,WR,153.2,13.4,BAL,00-0026901,16,12.675,2009,7,vet,True,61,10,9.338003994797472,3.3369960052025274,30.086242299794662,202.79999999999998,16,12.674999999999999,16,15.0,0,15.0,0,9.112570395554265,11.01403631329459,44.2101205358339,10.081975065616797,2.953488372093023,0.5761030763637104,9.523498052952425,0.7901640381536454,6.834504269449715,7.5251256788692675
2016,Ted Ginn Jr,WR,153.5,20.0,CAR,00-0025396,14,11.285714285714286,2007,9,vet,True,62,10,9.338003994797472,1.947710290916815,31.38945927446954,163.0,16,10.1875,14,14.0,0,7.0,0,9.112570395554265,11.01403631329459,44.2101205358339,9.55490123322056,2.623865110246433,0.6047113030534708,9.287418775994642,0.7312140569938436,6.834504269449715,6.791091162195839
2016,Sammie Coates,WR,156.1,13.5,PIT,00-0032166,9,8.5,2015,1,soph,True,63,10,9.338003994797472,-0.8380039947974716,23.422313483915126,77.9,16,4.86875,9,1.0,0,0.0,1,9.112570395554265,9.431894956611652,40.308719258446466,2.1,1.0,0.8103783979057438,7.782835562350513,0.5877594680985293,6.775161764705882,4.5744352904254555
2016,Terrelle Pryor,WR,157.7,18.8,CLE,00-0028825,16,13.34,2011,5,vet,True,64,10,9.338003994797472,4.001996005202528,27.200547570157426,213.44,16,13.34,16,2.0,0,0.0,1,9.112570395554265,11.01403631329459,44.2101205358339,2.5500000000000003,1.0,0.8005576374233334,7.803715851289233,0.5504760468119795,6.775161764705882,4.295758652261679
2016,Dorial Green-Beckham,WR,159.3,19.8,PHI,00-0032218,14,6.228571428571429,2015,1,soph,True,65,10,8.413288726154798,-2.1847172975833695,23.38945927446954,87.2,16,5.45,14,13.0,0,0.0,1,8.49420418162085,9.431894956611652,40.308719258446466,8.684615384615384,1.0,0.8103783979057438,8.530310258989367,0.8075948004608683,6.052799019607843,6.889034211477815
2017,Antonio Brown,WR,3.7,1.0,PIT,00-0027793,14,22.164285714285715,2010,7,vet,True,1,1,19.556530987394957,2.6077547268907573,29.144421629021217,310.3,16,19.39375,14,15.0,0,16.0,0,19.183994597839135,10.580649510804284,44.37949156356496,21.433037048253585,2.953488372093023,0.5868027559207702,20.113292740167584,0.8084172022428994,17.890470588235296,16.2599318448987
2017,Julio Jones,WR,5.7,3.2,ATL,00-0027944,16,15.74375,2011,6,vet,True,2,1,18.379251629089865,-2.635501629089866,28.56125941136208,251.89999999999998,16,15.743749999999999,16,14.0,0,16.0,0,19.00776639822596,10.580649510804284,44.37949156356496,19.98487528344671,2.9076923076923076,0.5905866058315786,19.40780786339631,0.7983431102286794,16.3758605664488,15.494089692384433
2017,Odell Beckham Jr.,WR,6.4,1.6,NYG,00-0031235,4,18.5,2014,3,vet,True,3,1,18.379251629089865,0.1207483709101353,24.82135523613963,74.0,16,4.625,4,16.0,0,15.0,0,18.6548709458345,10.580649510804284,44.37949156356496,20.210476190476193,2.3333333333333335,0.6425508367446419,19.210920738887317,0.8530723343671067,16.3758605664488,16.388305000064065
2017,Mike Evans,WR,7.9,2.2,TB,00-0031408,15,13.54,2014,3,vet,True,4,1,17.943725961538462,-4.403725961538463,24.030116358658454,203.1,16,12.69375,15,16.0,0,15.0,0,18.6548709458345,10.580649510804284,44.37949156356496,17.24452380952381,2.3333333333333335,0.6425508367446419,18.150743542060653,0.858708891251015,16.3758605664488,15.586204862384424
2017,A.J. Green,WR,10.0,2.2,CIN,00-0027942,16,14.175,2011,6,vet,True,5,1,17.943725961538462,-3.768725961538461,29.086926762491444,226.8,16,14.175,16,9.0,0,16.0,0,18.6548709458345,10.580649510804284,44.37949156356496,19.079056437389767,2.9076923076923076,0.5905866058315786,18.828538167689143,0.702294179072754,16.3758605664488,13.223172755617263
2017,Jordy Nelson,WR,11.4,2.4,GB,00-0026176,14,9.8,2008,9,vet,True,6,1,16.94065359477124,-7.140653594771242,32.25462012320329,137.2,16,8.575,14,16.0,0,0.0,1,18.6548709458345,10.580649510804284,44.37949156356496,18.76453128895537,2.0553834018817962,0.6711273342551334,18.690935235203156,0.787362277784769,16.3758605664488,14.716537340717153
2017,Michael Thomas,WR,13.3,2.2,NO,00-0032765,16,16.15625,2016,1,soph,True,7,1,16.42261932202348,-0.266369322023479,24.49828884325804,258.5,16,16.15625,16,15.0,0,0.0,1,16.524089910258773,9.283551792288556,40.39949776099869,17.046666666666667,1.0,0.8131444853776228,16.62173625900706,0.8401908613492987,14.672058823529412,13.965430904576012
2017,Brandin Cooks,WR,17.1,3.2,NE,00-0031236,16,13.825,2014,3,vet,True,8,2,16.42261932202348,-2.59761932202348,23.93429158110883,221.2,16,13.825,16,15.0,0,16.0,0,16.524089910258773,10.580649510804284,44.37949156356496,15.901428571428571,2.3333333333333335,0.6425508367446419,16.301520135702457,0.8507767828790243,14.154411764705882,13.868954857090571
2017,Dez Bryant,WR,20.5,3.3,DAL,00-0027902,16,11.65,2010,7,vet,True,9,2,15.39774859415863,-3.7477485941586295,28.824093086926762,186.4,16,11.65,16,12.0,0,9.0,0,15.908792824822235,10.580649510804284,44.37949156356496,14.597230971128608,2.953488372093023,0.5868027559207702,15.366859081436584,0.7250383620782018,13.240291394335511,11.14156233869132
2017,Amari Cooper,WR,21.3,3.2,LV,00-0031544,12,12.541666666666666,2015,2,vet,True,10,2,15.39774859415863,-2.856081927491964,23.208761122518823,158.4,16,9.9,12,16.0,0,16.0,0,15.908792824822235,10.580649510804284,44.37949156356496,14.110416666666666,1.8,0.6997198106485311,15.368776091526113,0.8676210982596723,13.240291394335511,13.33427439143688
2017,Doug Baldwin,WR,22.4,3.1,SEA,00-0028434,16,13.95625,2011,6,vet,True,11,2,15.39774859415863,-1.4414985941586291,28.944558521560573,223.3,16,13.95625,16,16.0,0,16.0,0,15.908792824822235,10.580649510804284,44.37949156356496,14.779385429385428,2.9076923076923076,0.5905866058315786,15.446398309657535,0.8247367070642942,13.240291394335511,12.739211677910436
2017,Keenan Allen,WR,25.8,3.3,LAC,00-0030279,16,17.3875,2013,4,vet,True,12,2,15.39774859415863,1.9897514058413697,25.347022587268995,278.2,16,17.3875,16,1.0,0,8.0,0,15.290409544159543,10.580649510804284,44.37949156356496,14.750952380952382,2.6470588235294117,0.6130856979562983,15.081685852374768,0.5175445142850816,12.992847222222224,7.805443779067487
2017,T.Y. Hilton,WR,28.8,3.6,IND,00-0029608,16,10.975,2012,5,vet,True,13,2,14.881502854988153,-3.906502854988153,27.797399041752225,175.6,16,10.975,16,16.0,0,16.0,0,15.099033154572371,10.580649510804284,44.37949156356496,15.8066894127378,2.8181818181818183,0.5981250113272831,15.383422505306779,0.8341095638709134,12.992847222222224,12.83145983674343
2017,Terrelle Pryor,WR,30.2,4.5,WAS,00-0028825,7,7.142857142857143,2011,6,vet,True,14,2,14.881502854988153,-7.738645712131009,28.199863107460644,50.0,16,3.125,7,16.0,0,2.0,0,15.099033154572371,10.580649510804284,44.37949156356496,9.743333333333334,1.8,0.6997198106485311,13.490822598141085,0.7683978383294319,12.992847222222224,10.36631892169746
2017,DeAndre Hopkins,WR,31.7,4.5,HOU,00-0030564,15,20.653333333333332,2013,4,vet,True,15,3,14.881502854988153,5.77183047834518,25.23750855578371,309.8,16,19.3625,15,16.0,0,16.0,0,15.099033154572371,10.580649510804284,44.37949156356496,14.615833333333335,2.6470588235294117,0.6130856979562983,14.912076232990028,0.8535727429050207,12.992847222222224,12.728541812602067
2017,Demaryius Thomas,WR,34.5,4.0,DEN,00-0027874,16,12.86875,2010,7,vet,True,16,3,14.318447404719464,-1.4496974047194635,29.686516084873375,205.9,16,12.86875,16,16.0,0,16.0,0,14.682810297465965,10.580649510804284,44.37949156356496,16.10728346456693,2.953488372093023,0.5868027559207702,15.271398684376896,0.8184554298461918,12.818124953136767,12.49895917457426
2017,Kelvin Benjamin,WR,38.6,5.0,BUF,00-0031359,13,9.930769230769233,2014,3,vet,True,17,3,14.318447404719464,-4.387678173950233,26.570841889117045,132.1,16,8.25625,13,15.0,0,0.0,1,14.682810297465965,10.580649510804284,44.37949156356496,13.334500000000002,1.4705882352941178,0.7404076054659448,14.33279919877185,0.8234550925438354,12.800932093425603,11.802416490636885
2017,Alshon Jeffery,WR,39.1,4.1,PHI,00-0029137,16,12.24375,2012,5,vet,True,18,3,14.318447404719464,-2.0746974047194637,27.54551676933607,195.9,16,12.24375,16,12.0,0,9.0,0,14.682810297465965,10.580649510804284,44.37949156356496,14.341505376344085,2.8181818181818183,0.5981250113272831,14.545648386156167,0.739514423756462,12.800932093425603,10.75671678445239
2017,Martavis Bryant,WR,40.9,5.1,PIT,00-0031373,15,8.833333333333334,2014,3,vet,True,19,3,14.318447404719464,-5.48511407138613,25.700205338809035,132.5,16,8.28125,15,0.0,1,11.0,0,14.682810297465965,10.580649510804284,44.37949156356496,14.65181818181818,1.8,0.6997198106485311,14.673503979110846,0.6904715156039927,12.800932093425603,10.131636531677882
2017,Michael Crabtree,WR,43.7,4.7,LV,00-0026986,13,13.215384615384616,2009,8,vet,True,20,3,13.894337842606388,-0.6789532272217702,29.965776865160848,171.8,16,10.7375,13,16.0,0,16.0,0,13.739350788658179,10.580649510804284,44.37949156356496,13.95783808674985,2.9766536964980546,0.5849071525624826,13.83004330335198,0.8160463076713457,12.291439075630253,11.285955772635203
2017,Davante Adams,WR,44.9,4.8,GB,00-0031381,14,15.892857142857142,2014,3,vet,True,21,4,13.894337842606388,1.9985193002507555,24.687200547570157,222.5,16,13.90625,14,16.0,0,13.0,0,13.739350788658179,10.580649510804284,44.37949156356496,12.152472527472526,2.3333333333333335,0.6425508367446419,13.17212248200925,0.8469116384584608,11.468539915966387,11.155623833213982
2017,Tyreek Hill,WR,45.5,5.5,KC,00-0033040,15,16.346666666666668,2016,1,soph,True,22,4,13.894337842606388,2.452328824060281,23.50444900752909,245.20000000000002,16,15.325000000000001,15,14.0,0,0.0,1,13.739350788658179,9.283551792288556,40.39949776099869,14.142857142857142,1.0,0.8131444853776228,13.814748176125425,0.8347376234036841,11.468539915966387,11.531690060459317
2017,Golden Tate,WR,47.8,5.5,DET,00-0027891,16,14.03125,2010,7,vet,True,23,4,13.894337842606388,0.1369121573936134,29.08145106091718,224.5,16,14.03125,16,16.0,0,16.0,0,13.739350788658179,10.580649510804284,44.37949156356496,13.586695874554142,2.953488372093023,0.5868027559207702,13.67627419885524,0.8235908148604159,11.347615366871525,11.263653811689668
2017,Larry Fitzgerald,WR,48.4,5.1,ARI,00-0022921,16,16.34,2004,13,vet,True,24,4,13.894337842606388,2.4456621573936133,34.0041067761807,261.44,16,16.34,16,16.0,0,16.0,0,13.739350788658179,10.580649510804284,44.37949156356496,15.126694677871148,2.9766536964980546,0.5849071525624826,14.31522731400663,0.7784272265106204,10.986353806228372,11.143362694911259
2017,DeVante Parker,WR,51.9,4.9,MIA,00-0031547,12,10.7,2015,2,vet,True,25,4,13.173062271062271,-2.473062271062272,24.61327857631759,130.0,16,8.125,12,15.0,0,7.0,0,13.641995686756294,10.580649510804284,44.37949156356496,11.247936507936508,1.8,0.6997198106485311,12.923107143221667,0.8098695987507031,10.739674629297241,10.466031596693277
2017,Stefon Diggs,WR,54.8,5.9,MIN,00-0031588,14,14.157142857142857,2015,2,vet,True,26,4,12.853924073475545,1.3032187836673137,23.756331279945243,198.2,16,12.3875,14,13.0,0,13.0,0,12.944487065766475,10.580649510804284,44.37949156356496,13.741025641025642,1.8,0.6997198106485311,13.183671819971046,0.8133511312977442,10.247738970588236,10.72295438943164
2017,Allen Robinson II,WR,57.0,6.4,JAX,00-0031428,0,,2014,3,vet,False,27,4,12.853924073475545,,24.021902806297057,2.7,16,0.16875,0,16.0,0,16.0,0,12.944487065766475,10.580649510804284,44.37949156356496,14.215,2.3333333333333335,0.6425508367446419,13.398630851013358,0.8621327511145981,10.247738970588236,11.551398476753075
2017,Jamison Crowder,WR,61.2,5.3,WAS,00-0031941,14,11.857142857142858,2015,2,vet,True,28,5,12.853924073475545,-0.9967812163326856,24.20807665982204,166.29999999999998,16,10.393749999999999,14,16.0,0,12.0,0,12.944487065766475,10.580649510804284,44.37949156356496,11.809722222222222,1.8,0.6997198106485311,12.603739663677615,0.8468648622460374,10.086040552584668,10.673664254065262
2017,Jarvis Landry,WR,64.0,6.7,MIA,00-0031382,16,16.25,2014,3,vet,True,29,5,12.853924073475545,3.396075926524457,24.758384668035593,260.0,16,16.25,16,16.0,0,16.0,0,12.944487065766475,10.580649510804284,44.37949156356496,15.053095238095239,2.3333333333333335,0.6425508367446419,13.698207292598802,0.8569980317471096,10.086040552584668,11.739336688221076
2017,Brandon Marshall,WR,65.2,5.9,NYG,00-0024334,5,6.68,2006,11,vet,True,30,5,12.853924073475545,-6.173924073475543,33.44284736481862,33.4,16,2.0875,5,15.0,0,16.0,0,12.944487065766475,10.580649510804284,44.37949156356496,14.537019105077928,2.9766536964980546,0.5849071525624826,13.605535724599743,0.7670042028185,10.086040552584668,10.43550308236525
2017,Pierre Garcon,WR,66.4,6.1,SF,00-0026345,8,11.25,2008,9,vet,True,31,5,12.853924073475545,-1.603924073475543,31.066392881587955,90.0,16,5.625,8,16.0,0,16.0,0,12.944487065766475,10.580649510804284,44.37949156356496,12.365258325552443,2.9766536964980546,0.5849071525624826,12.704053358673386,0.8063105870005448,10.086040552584668,10.243412720918181
2017,Sammy Watkins,WR,70.0,7.1,LAR,00-0031325,15,9.753333333333334,2014,3,vet,True,32,5,12.739458663273002,-2.986125329939668,24.216290212183434,146.3,16,9.14375,15,8.0,0,13.0,0,12.93853368526898,10.580649510804284,44.37949156356496,12.50521978021978,2.3333333333333335,0.6425508367446419,12.783645992482231,0.7227221954266262,9.460214460784318,9.23902469724355
2017,Emmanuel Sanders,WR,73.9,6.7,DEN,00-0027685,12,9.541666666666666,2010,7,vet,True,33,5,12.43820922971078,-2.896542563044113,30.46132785763176,114.5,16,7.15625,12,15.0,0,15.0,0,12.623913583532962,10.580649510804284,44.37949156356496,14.437208871618322,2.953488372093023,0.5868027559207702,13.373162199271686,0.7917744805838105,9.460214460784318,10.588528554091388
2017,Chris Hogan,WR,76.5,7.6,NE,00-0028237,9,12.177777777777775,2011,6,vet,True,34,5,12.43820922971078,-0.2604314519330017,29.856262833675565,109.6,16,6.85,9,14.0,0,12.0,0,12.623913583532962,10.580649510804284,44.37949156356496,8.23216305916306,2.6470588235294117,0.6130856979562983,10.924682494646321,0.7665665946779865,9.460214460784318,8.374496657859241
2017,Jeremy Maclin,WR,83.4,8.5,BAL,00-0026995,11,8.981818181818182,2009,8,vet,True,35,6,11.063778356464836,-2.081960174646655,29.308692676249144,102.0,16,6.375,11,11.0,0,15.0,0,11.426059979332468,10.580649510804284,44.37949156356496,12.837339592067623,2.6458381583213675,0.6131951052906596,11.971949841341928,0.7334788447763014,9.23522268907563,8.781171939347303
2017,Willie Snead IV,WR,83.8,9.2,NO,00-0030663,6,2.5500000000000003,2014,3,vet,True,36,6,11.063778356464836,-8.513778356464837,24.87337440109514,17.2,16,1.075,6,14.0,0,14.0,0,11.426059979332468,10.580649510804284,44.37949156356496,13.328571428571427,1.8,0.6997198106485311,11.99734647755328,0.8224330013010336,9.23522268907563,9.867013671182528
2017,Eric Decker,WR,88.7,8.5,TEN,00-0027690,16,7.26875,2010,7,vet,True,37,6,11.063778356464836,-3.7950283564648375,30.466803559206024,116.3,16,7.26875,16,3.0,0,15.0,0,11.426059979332468,10.580649510804284,44.37949156356496,14.660300899887515,2.953488372093023,0.5868027559207702,12.762439414394084,0.5413238427857302,9.23522268907563,6.90861274711987
2017,DeSean Jackson,WR,90.4,9.8,TB,00-0026189,13,10.446153846153846,2008,9,vet,True,38,6,11.063778356464836,-0.617624510310991,30.751540041067763,138.6,16,8.6625,13,15.0,0,8.0,0,11.426059979332468,10.580649510804284,44.37949156356496,12.963426847662141,2.9766536964980546,0.5849071525624826,12.064209970263532,0.75447805487248,9.23522268907563,9.10218167193761
2017,Randall Cobb,WR,92.2,10.1,GB,00-0028002,14,11.385714285714286,2011,6,vet,True,39,6,11.063778356464836,0.3219359292494488,27.028062970568104,159.4,16,9.9625,14,12.0,0,16.0,0,11.359888392857142,10.580649510804284,44.37949156356496,13.597566137566137,2.9076923076923076,0.5905866058315786,12.27602363337359,0.7806720899085897,8.897726470588236,9.583549025633
2017,Tyrell Williams,WR,95.0,9.0,LAC,00-0032160,14,9.542857142857144,2015,2,vet,True,40,6,10.82380934425052,-1.2809522013933758,25.5523613963039,137.8,16,8.6125,14,16.0,0,1.0,0,11.01972222222222,10.580649510804284,44.37949156356496,14.704166666666666,1.8,0.6997198106485311,12.126087897654967,0.7898756401960169,8.897726470588236,9.57810144123339
2017,Corey Coleman,WR,96.4,9.2,CLE,00-0032966,9,7.277777777777778,2016,1,soph,True,41,7,10.82380934425052,-3.546031566472741,23.156741957563312,65.5,16,4.09375,9,10.0,0,0.0,1,10.820725333445923,9.283551792288556,40.39949776099869,9.33,1.0,0.8131444853776228,10.54217508410427,0.7772615937178251,8.897726470588236,8.194027807123232
2017,Adam Thielen,WR,98.6,8.7,MIN,00-0030035,16,14.98125,2013,4,vet,True,42,7,10.82380934425052,4.157440655749481,27.028062970568104,239.7,16,14.98125,16,14.0,0,3.0,0,10.820725333445923,10.580649510804284,44.37949156356496,11.155782312925169,2.3333333333333335,0.6425508367446419,10.940491170403646,0.7502720932902812,8.897726470588236,8.208345212042582
2017,Donte Moncrief,WR,105.7,8.7,IND,00-0031339,10,6.409999999999999,2014,3,vet,True,43,7,10.169649826735766,-3.7596498267357665,24.071184120465436,77.1,16,4.81875,10,9.0,0,15.0,0,10.445033884631824,10.580649510804284,44.37949156356496,11.024761904761904,2.3333333333333335,0.6425508367446419,10.652257180343007,0.7539758577610497,8.751976348860225,8.031544744640419
2017,Marvin Jones Jr.,WR,106.3,7.0,DET,00-0029293,16,14.06875,2012,5,vet,True,44,7,10.169649826735766,3.899100173264234,27.474332648870636,225.1,16,14.06875,16,15.0,0,16.0,0,10.351333167557083,10.580649510804284,44.37949156356496,11.126820987654321,2.243076923076923,0.651559695282795,10.621544379896246,0.822915444034672,8.715625,8.740632909716295
2017,John Brown,WR,108.6,7.5,ARI,00-0031051,10,6.99,2014,3,vet,True,45,7,10.169649826735766,-3.1796498267357656,27.41409993155373,69.9,16,4.36875,10,13.0,0,15.0,0,10.351333167557083,10.580649510804284,44.37949156356496,9.82312271062271,2.3333333333333335,0.6425508367446419,10.162524781703162,0.7886363336275033,8.644905462184873,8.014536284241025
2017,Corey Davis,WR,110.9,9.4,TEN,00-0033871,11,6.318181818181818,2017,0,rookie,True,46,7,10.169649826735766,-3.851468008553947,22.639288158795345,69.5,16,4.34375,11,0.0,1,0.0,1,10.351333167557083,11.39342683392414,35.131212048831614,,0.0,1.0,10.351333167557083,0.7447546562599645,8.644905462184873,7.709203575036345
2017,Rishard Matthews,WR,116.0,10.5,TEN,00-0029580,14,11.157142857142857,2012,5,vet,True,47,8,10.169649826735766,0.9874930304070908,27.887748117727583,156.2,16,9.7625,14,16.0,0,10.0,0,10.351333167557083,10.580649510804284,44.37949156356496,11.496451612903225,2.8181818181818183,0.5981250113272831,10.811527629809483,0.808702712930135,8.644905462184873,8.743311725146041
2017,Ted Ginn Jr,WR,116.9,11.6,NO,00-0025396,14,11.30714285714286,2007,10,vet,True,48,8,10.169649826735766,1.137493030407093,32.388774811772755,159.6,16,9.975,14,14.0,0,14.0,0,10.351333167557083,10.580649510804284,44.37949156356496,10.451840790788161,2.801019236949635,0.5995924526099857,10.391577178469039,0.7500376928638304,8.644905462184873,7.79407457215535
2017,Jordan Matthews,WR,117.5,9.4,BUF,00-0031299,10,5.72,2014,3,vet,True,49,8,10.169649826735766,-4.449649826735766,25.127994524298426,57.199999999999996,16,3.5749999999999997,10,14.0,0,16.0,0,10.351333167557083,10.580649510804284,44.37949156356496,13.041275510204082,2.3333333333333335,0.6425508367446419,11.31285080714141,0.8283934047117547,8.644905462184873,9.371490997123995
2017,Cooper Kupp,WR,121.3,10.1,LAR,00-0033908,15,11.793333333333331,2017,0,rookie,True,50,8,10.169649826735766,1.6236835065975672,24.213552361396303,176.9,16,11.05625,15,0.0,1,0.0,1,10.351333167557083,11.39342683392414,35.131212048831614,,0.0,1.0,10.351333167557083,0.7270877270006836,7.99912556561086,7.526327304225866
2017,Zay Jones,WR,122.0,10.4,BUF,00-0033891,13,5.430769230769231,2017,0,rookie,True,51,8,10.169649826735766,-4.738880595966535,22.425735797399042,70.60000000000001,16,4.4125000000000005,13,0.0,1,0.0,1,10.351333167557083,11.39342683392414,35.131212048831614,,0.0,1.0,10.351333167557083,0.7470924387430063,7.99912556561086,7.73340274039159
2017,Mike Wallace,WR,125.9,9.7,BAL,00-0026901,13,11.346153846153848,2009,8,vet,True,52,8,10.169649826735766,1.176504019418081,31.085557837097877,151.2,16,9.45,13,16.0,0,15.0,0,10.351333167557083,10.580649510804284,44.37949156356496,11.383571895424835,2.9766536964980546,0.5849071525624826,10.779808080342988,0.80171855032367,7.99912556561086,8.642372106939964
2017,Kevin White,WR,127.0,10.1,CHI,00-0031545,1,2.6,2015,2,vet,False,53,8,10.169649826735766,-7.569649826735766,25.1854893908282,2.6,16,0.1625,1,4.0,0,0.0,1,10.351333167557083,10.580649510804284,44.37949156356496,9.65,1.0,0.807485037265696,10.2163160389405,0.6336160797583279,7.99912556561086,6.473222118165608
2017,Danny Amendola,WR,132.2,10.8,NE,00-0026035,15,9.26,2008,9,vet,True,54,9,10.169649826735766,-0.909649826735766,31.83025325119781,138.9,16,8.68125,15,9.0,0,13.0,0,10.351333167557083,10.580649510804284,44.37949156356496,8.647687280040222,2.9766536964980546,0.5849071525624826,9.644161945082493,0.6492349906956835,7.99912556561086,6.261327390683297
2017,Kenny Britt,WR,136.2,10.2,NE,00-0027006,11,5.081818181818182,2009,8,vet,True,55,9,10.169649826735766,-5.087831644917584,28.95003422313484,57.6,16,3.6,11,15.0,0,15.0,0,10.351333167557083,10.580649510804284,44.37949156356496,10.780841772606477,2.9766536964980546,0.5849071525624826,10.529619117425952,0.8058005382584289,7.99912556561086,8.484772752478076
2017,Cole Beasley,WR,136.2,12.3,DAL,00-0029000,14,6.428571428571429,2012,5,vet,True,56,9,10.169649826735766,-3.741078398164337,28.35044490075291,91.39999999999999,16,5.7124999999999995,14,16.0,0,14.0,0,10.351333167557083,10.580649510804284,44.37949156356496,10.074704005671746,2.8181818181818183,0.5981250113272831,10.24016282625787,0.8215699114373618,7.99912556561086,8.413009666272844
2017,Robbie Chosen,WR,143.4,13.8,NYJ,00-0032688,16,12.5,2016,1,soph,True,57,9,10.016483516483516,2.4835164835164836,24.314852840520192,200.0,16,12.5,16,14.0,0,0.0,1,9.364810763731219,9.283551792288556,40.39949776099869,8.207142857142857,1.0,0.8131444853776228,9.14849413128384,0.8281784782328918,7.058355614973263,7.576585947769193
2017,Kendall Wright,WR,148.4,13.4,CHI,00-0029708,14,9.028571428571428,2012,5,vet,True,58,9,9.338003994797472,-0.3094325662260431,27.802874743326488,126.4,16,7.9,14,9.0,0,10.0,0,9.364810763731219,10.580649510804284,44.37949156356496,10.381937551695616,2.8181818181818183,0.5981250113272831,9.77356858012313,0.6822649863563318,7.058355614973263,6.66816363397038
2017,Taylor Gabriel,WR,151.4,15.2,ATL,00-0031228,13,6.007692307692308,2014,3,vet,True,59,9,9.338003994797472,-3.330311687105164,26.537987679671456,81.7,16,5.10625,13,12.0,0,11.0,0,9.364810763731219,10.580649510804284,44.37949156356496,9.002683982683982,2.3333333333333335,0.6425508367446419,9.235368848853527,0.7609173199829854,7.058355614973263,7.027352113523975
2017,Kenny Golladay,WR,151.6,12.0,DET,00-0033932,11,8.6,2017,0,rookie,True,60,9,9.338003994797472,-0.7380039947974719,23.82751540041068,94.6,16,5.9125,11,0.0,1,0.0,1,9.364810763731219,11.39342683392414,35.131212048831614,,0.0,1.0,9.364810763731219,0.7314899359366068,7.058355614973263,6.8502648256201955
2017,Sterling Shepard,WR,152.3,12.4,NYG,00-0032385,11,13.136363636363637,2016,1,soph,True,61,10,9.338003994797472,3.798359641566165,24.555783709787818,144.5,16,9.03125,11,15.0,0,0.0,1,9.364810763731219,9.283551792288556,40.39949776099869,12.146666666666667,1.0,0.8131444853776228,9.884615880079519,0.8397444424891662,7.058355614973263,8.300551251436934
2017,Tyler Lockett,WR,156.1,17.2,SEA,00-0032211,15,8.273333333333333,2015,2,vet,True,62,10,9.338003994797472,-1.064670661464138,24.92539356605065,124.3,16,7.76875,15,14.0,0,14.0,0,9.364810763731219,10.580649510804284,44.37949156356496,9.711904761904762,1.8,0.6997198106485311,9.469036215225529,0.8219937731614257,7.058355614973263,7.783488806755419
2017,Mohamed Sanu,WR,162.9,15.5,ATL,00-0029632,15,11.622666666666667,2012,5,vet,True,63,10,8.413288726154798,3.209377940511869,28.027378507871322,174.34,16,10.89625,15,15.0,0,14.0,0,8.29442287650621,10.580649510804284,44.37949156356496,9.071096006144392,2.8181818181818183,0.5981250113272831,8.606548381681957,0.8097226554726739,5.871257352941177,6.968917210069558
2018,Antonio Brown,WR,4.7,1.3,PIT,00-0027793,15,21.58,2010,8,vet,True,1,1,19.556530987394957,2.023469012605041,30.143737166324435,323.7,16,20.23125,15,14.0,0,15.0,0,19.170356321290278,10.825675041809951,44.265006264624965,21.80009520218344,2.9766536964980546,0.5787085377315087,20.278242859806063,0.7774287738756515,17.54922820396273,15.764889482851713
2018,DeAndre Hopkins,WR,8.8,2.1,HOU,00-0030564,16,20.84375,2013,5,vet,True,2,1,17.943725961538462,2.900024038461538,26.236824093086927,333.5,16,20.84375,16,15.0,0,16.0,0,17.63529990842491,10.825675041809951,44.265006264624965,17.731962365591396,2.8181818181818183,0.5919860910653766,17.67473953542063,0.8273128949720298,15.451521139705882,14.62253993292543
2018,Odell Beckham Jr.,WR,11.2,1.9,NYG,00-0031235,12,19.361666666666668,2014,4,vet,True,3,1,17.943725961538462,1.4179407051282062,25.82067077344285,232.34,16,14.52125,12,4.0,0,16.0,0,17.284875487147183,10.825675041809951,44.265006264624965,19.298222222222225,2.6470588235294117,0.6070251626048735,18.076070092983308,0.6482751348481157,15.451521139705882,11.718266777052746
2018,Julio Jones,WR,14.2,2.2,ATL,00-0027944,16,20.36875,2011,7,vet,True,4,1,16.42261932202348,3.946130677976519,29.560574948665298,325.9,16,20.36875,16,16.0,0,14.0,0,15.908137533422462,10.825675041809951,44.265006264624965,17.84761529808774,2.953488372093023,0.5806121515707121,16.721530940221875,0.8093445338934708,13.30049740484429,13.533479664799124
2018,Michael Thomas,WR,16.0,2.0,NO,00-0032765,16,19.71875,2016,2,vet,True,5,1,16.42261932202348,3.296130677976521,25.49760438056126,315.5,16,19.71875,16,16.0,0,15.0,0,15.81388071895425,10.825675041809951,44.265006264624965,16.453055555555554,1.8,0.6943397370950869,16.00925106755201,0.8430773620019522,13.30049740484429,13.497037157658685
2018,Keenan Allen,WR,17.2,2.7,LAC,00-0030279,15,17.34,2013,5,vet,True,6,2,16.42261932202348,0.9173806779765208,26.34633812457221,260.1,16,16.25625,15,16.0,0,1.0,0,15.81388071895425,10.825675041809951,44.265006264624965,16.111751152073733,2.8181818181818183,0.5919860910653766,15.935415998727379,0.8072120832250902,13.30049740484429,12.86326034539116
2018,Davante Adams,WR,18.2,2.2,GB,00-0031381,15,21.973333333333336,2014,4,vet,True,7,2,16.42261932202348,5.550714011309857,25.686516084873375,329.6,16,20.6,15,14.0,0,16.0,0,15.81388071895425,10.825675041809951,44.265006264624965,14.14734432234432,2.6470588235294117,0.6070251626048735,15.158973849483402,0.8187263997542448,12.759646358543417,12.41105208375629
2018,A.J. Green,WR,21.3,2.1,CIN,00-0027942,8,18.4625,2011,7,vet,True,8,2,15.39774859415863,3.0647514058413687,30.086242299794662,149.4,16,9.3375,8,16.0,0,9.0,0,15.195135825823543,10.825675041809951,44.265006264624965,16.607720909886265,2.953488372093023,0.5806121515707121,15.787556844951911,0.7932470430162688,12.759646358543417,12.523432783709358
2018,Tyreek Hill,WR,23.7,2.9,KC,00-0033040,16,20.875,2016,2,vet,True,9,2,15.39774859415863,5.47725140584137,24.503764544832308,334.0,16,20.875,16,15.0,0,14.0,0,14.71441195083412,10.825675041809951,44.265006264624965,15.612063492063493,1.8,0.6943397370950869,14.98878835692329,0.8364388531832907,12.655977403156385,12.537204943871977
2018,Mike Evans,WR,25.5,3.0,TB,00-0031408,16,17.775,2014,4,vet,True,10,2,15.39774859415863,2.3772514058413687,25.02943189596167,284.4,16,17.775,16,15.0,0,16.0,0,14.71441195083412,10.825675041809951,44.265006264624965,15.268777777777778,2.6470588235294117,0.6070251626048735,14.932263771534718,0.8364964907857797,12.655977403156385,12.490786244376423
2018,Stefon Diggs,WR,26.0,2.7,MIN,00-0031588,15,17.753333333333334,2015,3,vet,True,11,2,15.39774859415863,2.355584739174704,24.75564681724846,266.3,16,16.64375,15,14.0,0,13.0,0,14.71441195083412,10.825675041809951,44.265006264624965,13.978806907378337,2.3333333333333335,0.6366783254389317,14.447150694630196,0.8197797129506413,12.655977403156385,11.8434810493986
2018,T.Y. Hilton,WR,27.4,2.7,IND,00-0029608,14,17.071428571428573,2012,6,vet,True,12,2,14.881502854988153,2.1899257164404204,28.79671457905544,239.0,16,14.9375,14,16.0,0,16.0,0,14.71441195083412,10.825675041809951,44.265006264624965,13.352497964997964,2.9076923076923076,0.5844125424127434,14.148417580007944,0.8199978274663169,12.655977403156385,11.601671677692758
2018,Amari Cooper,WR,31.4,3.6,DAL,00-0031544,13,16.423076923076923,2015,3,vet,True,13,3,14.881502854988153,1.5415740680887708,24.20807665982204,215.5,16,13.46875,13,12.0,0,16.0,0,14.71441195083412,10.825675041809951,44.265006264624965,13.213988095238095,2.3333333333333335,0.6366783254389317,14.169275443067598,0.803825708687684,12.655977403156385,11.38962787461481
2018,Adam Thielen,WR,33.5,3.9,MIN,00-0030035,16,19.20625,2013,5,vet,True,14,3,14.626785714285711,4.5794642857142875,28.027378507871322,307.3,16,19.20625,16,16.0,0,14.0,0,14.318344938045692,10.825675041809951,44.265006264624965,13.196031746031744,2.6470588235294117,0.6070251626048735,13.877304093907604,0.8218845225707002,12.529288235294118,11.405541449789675
2018,Larry Fitzgerald,WR,34.9,4.5,ARI,00-0022921,16,11.605,2004,14,vet,True,15,3,14.318447404719464,-2.7134474047194637,35.00342231348392,185.68,16,11.605,16,16.0,0,16.0,0,14.318344938045692,10.825675041809951,44.265006264624965,15.734534526139223,2.9883040935672516,0.5777558744131671,14.916322672335422,0.7647080242295022,12.529288235294118,11.40663163953135
2018,Doug Baldwin,WR,37.6,4.3,SEA,00-0028434,11,12.79090909090909,2011,7,vet,True,16,3,14.318447404719464,-1.5275383138103749,29.94387405886379,141.79999999999998,16,8.862499999999999,11,16.0,0,16.0,0,14.318344938045692,10.825675041809951,44.265006264624965,14.364577024025843,2.953488372093023,0.5806121515707121,14.337734113113305,0.8106015177011706,12.529288235294118,11.622189032485492
2018,Jarvis Landry,WR,39.4,4.3,CLE,00-0031382,16,13.57,2014,4,vet,True,17,3,14.318447404719464,-0.7484474047194638,25.75770020533881,217.12,16,13.57,16,16.0,0,16.0,0,14.318344938045692,10.825675041809951,44.265006264624965,15.691444444444445,2.6470588235294117,0.6070251626048735,14.85793849330007,0.8431249342024855,12.529288235294118,12.527098414548197
2018,JuJu Smith-Schuster,WR,41.2,4.4,PIT,00-0033857,16,18.55625,2017,1,soph,True,18,3,14.318447404719464,4.2378025952805345,21.7741273100616,296.9,16,18.55625,16,13.0,0,0.0,1,14.318344938045692,9.170965921318125,40.09218403462323,15.207692307692307,1.0,0.8138372002293761,14.483908334347745,0.8186425492562367,12.529288235294118,11.857143642024091
2018,Chris Hogan,WR,42.1,4.0,NE,00-0028237,13,7.9,2011,7,vet,True,19,3,13.894337842606388,-5.994337842606386,30.855578370978783,106.2,16,6.6375,13,9.0,0,14.0,0,14.318344938045692,10.825675041809951,44.265006264624965,10.268609365544851,2.8181818181818183,0.5919860910653766,12.665996496958028,0.6798362891721487,12.529288235294118,8.61080405715938
2018,Josh Gordon,WR,44.1,4.9,NE,00-0029664,12,11.558333333333332,2012,6,vet,True,20,3,13.894337842606388,-2.336004509273055,27.38672142368241,138.7,16,8.66875,12,5.0,0,0.0,1,14.242825738460025,10.825675041809951,44.265006264624965,11.967887667887668,1.4555023923444976,0.7374821256935895,13.645613831994643,0.6202597975055768,12.529288235294118,8.463825672272295
2018,Golden Tate,WR,46.7,4.3,PHI,00-0027891,15,12.193333333333332,2010,8,vet,True,21,4,13.894337842606388,-1.7010045092730532,30.080766598220396,182.9,16,11.43125,15,16.0,0,16.0,0,14.242825738460025,10.825675041809951,44.265006264624965,13.80984461203285,2.9766536964980546,0.5787085377315087,14.060414486572864,0.8094554947637685,12.173137254901963,11.381279764812495
2018,Demaryius Thomas,WR,47.0,4.5,HOU,00-0027874,14,11.19285714285714,2010,8,vet,True,22,4,13.894337842606388,-2.7014806997492453,30.68583162217659,156.7,16,9.79375,14,16.0,0,16.0,0,14.242825738460025,10.825675041809951,44.265006264624965,14.481666666666666,2.9766536964980546,0.5787085377315087,14.343447382353766,0.8043265934030023,12.173137254901963,11.536816170703815
2018,Marquise Goodwin,WR,48.9,5.0,SF,00-0030068,9,9.522222222222222,2013,5,vet,True,23,4,13.894337842606388,-4.3721156203841645,27.783709787816566,87.4,16,5.4625,9,16.0,0,14.0,0,14.242825738460025,10.825675041809951,44.265006264624965,8.032334869431644,2.8181818181818183,0.5919860910653766,11.708859082584969,0.8238168582631337,11.626206747404844,9.645955503260906
2018,Brandin Cooks,WR,52.5,4.7,LAR,00-0031236,15,16.21333333333333,2014,4,vet,True,24,4,13.173062271062271,3.0402710622710583,24.933607118412045,243.2,16,15.2,15,16.0,0,15.0,0,12.835254375254376,10.825675041809951,44.265006264624965,14.794,2.6470588235294117,0.6070251626048735,13.604992118637202,0.8470941078900205,9.855721507352943,11.524708661587741
2018,Allen Robinson II,WR,55.2,5.3,CHI,00-0031428,13,11.792307692307691,2014,4,vet,True,25,4,12.853924073475545,-1.06161638116785,25.021218343600275,153.3,16,9.58125,13,0.0,1,16.0,0,12.755217858329772,10.825675041809951,44.265006264624965,14.215,2.3333333333333335,0.6366783254389317,13.285588350535741,0.7384079304311237,9.855721507352943,9.810183798478944
2018,Emmanuel Sanders,WR,57.6,5.2,DEN,00-0027685,12,16.518333333333334,2010,8,vet,True,26,4,12.853924073475545,3.6644092598577913,31.460643394934976,198.22,16,12.38875,12,12.0,0,15.0,0,12.755217858329772,10.825675041809951,44.265006264624965,11.979838666779843,2.9766536964980546,0.5787085377315087,12.428557224909142,0.7313151008356511,9.74923949579832,9.089191580176088
2018,Corey Davis,WR,61.1,6.3,TEN,00-0033871,16,11.475,2017,1,soph,True,27,5,12.853924073475545,-1.3789240734755437,23.638603696098563,183.6,16,11.475,16,11.0,0,0.0,1,12.755217858329772,9.170965921318125,40.09218403462323,6.318181818181818,1.0,0.8138372002293761,11.556881206871418,0.7734592540215591,9.74923949579832,8.938776717082543
2018,Marvin Jones Jr.,WR,62.3,6.3,DET,00-0029293,9,12.866666666666667,2012,6,vet,True,28,5,12.853924073475545,0.012742593191124,28.473648186173854,115.8,16,7.2375,9,16.0,0,15.0,0,12.755217858329772,10.825675041809951,44.265006264624965,12.72244350282486,2.580429948109711,0.6130895586177001,12.742537117975345,0.8204499564293185,9.74923949579832,10.454614023241845
2018,Julian Edelman,WR,65.5,6.3,NE,00-0027150,12,17.285,2009,9,vet,True,29,5,12.853924073475545,4.431075926524457,32.27926078028747,207.42000000000002,16,12.963750000000001,12,0.0,1,16.0,0,12.755217858329772,10.825675041809951,44.265006264624965,15.539859943977591,2.9766536964980546,0.5787085377315087,13.928363794486724,0.6553969910103239,9.522585534213686,9.128607720603737
2018,Michael Crabtree,WR,70.4,6.7,BAL,00-0026986,15,8.846666666666666,2009,9,vet,True,30,5,12.739458663273002,-3.892791996606336,30.965092402464066,132.7,16,8.29375,15,13.0,0,16.0,0,12.755217858329772,10.825675041809951,44.265006264624965,13.585884879960222,2.9883040935672516,0.5777558744131671,13.10596212853194,0.7561473802055202,9.522585534213686,9.91003892856219
2018,Will Fuller,WR,73.0,6.8,HOU,00-0033127,7,15.185714285714283,2016,2,vet,True,31,5,12.739458663273002,2.4462556224412833,24.37782340862423,106.3,16,6.64375,7,10.0,0,14.0,0,12.358899118253774,10.825675041809951,44.265006264624965,10.599047619047619,1.8,0.6943397370950869,11.820982446332815,0.767514428871004,9.522585534213686,9.072774590991294
2018,Cooper Kupp,WR,77.8,8.1,LAR,00-0033908,7,19.12857142857143,2017,1,soph,True,32,5,12.43820922971078,6.690362198860651,25.21286789869952,135.1,16,8.44375,7,15.0,0,0.0,1,12.227154724360606,9.170965921318125,40.09218403462323,11.793333333333333,1.0,0.8138372002293761,12.146393319606581,0.8172601775818561,9.522585534213686,9.926763561360746
2018,Jamison Crowder,WR,79.5,7.5,WAS,00-0031941,9,9.2,2015,3,vet,True,33,6,12.2,-3.0000000000000018,25.207392197125255,82.8,16,5.175,9,14.0,0,16.0,0,12.227154724360606,10.825675041809951,44.265006264624965,11.836819727891156,2.3333333333333335,0.6366783254389317,12.085337559803538,0.8225628492877379,9.522585534213686,9.940949697796116
2018,Alshon Jeffery,WR,82.8,8.2,PHI,00-0029137,13,14.253846153846156,2012,6,vet,True,34,6,11.063778356464836,3.1900677973813174,28.54483230663929,185.3,16,11.58125,13,16.0,0,12.0,0,11.06130589788363,10.825675041809951,44.265006264624965,13.275978835978837,2.9076923076923076,0.5844125424127434,11.981696193613917,0.8133607513339329,8.82157066993464,9.74544141829274
2018,Robbie Chosen,WR,84.8,8.2,NYJ,00-0032688,13,11.246153846153849,2016,2,vet,True,35,6,11.063778356464836,0.1823754896890097,25.31416837782341,156.4,16,9.775,13,16.0,0,14.0,0,11.06130589788363,10.825675041809951,44.265006264624965,11.069047619047618,1.8,0.6943397370950869,11.063672234409951,0.8424770964796433,8.82157066993464,9.320890460448144
2018,Devin Funchess,WR,87.4,8.5,CAR,00-0032055,13,9.453846153846154,2015,3,vet,True,36,6,11.063778356464836,-1.6099322026186833,24.281998631074607,122.9,16,7.68125,13,16.0,0,14.0,0,11.06130589788363,10.825675041809951,44.265006264624965,9.787755102040816,2.3333333333333335,0.6366783254389317,10.598597290099438,0.8497867049018729,8.82157066993464,9.006547067735521
2018,Randall Cobb,WR,90.9,8.9,GB,00-0028002,9,9.588888888888889,2011,7,vet,True,37,6,11.063778356464836,-1.4748894675759487,28.027378507871322,86.3,16,5.39375,9,14.0,0,12.0,0,11.06130589788363,10.825675041809951,44.265006264624965,12.482932133483313,2.953488372093023,0.5806121515707121,11.657518666102408,0.7895728788964641,8.796885114377849,9.204460573983747
2018,Nelson Agholor,WR,92.8,8.9,PHI,00-0031549,15,10.88,2015,3,vet,True,38,6,11.063778356464836,-0.1837783564648383,25.27310061601643,165.4,16,10.3375,15,16.0,0,14.0,0,11.06130589788363,10.825675041809951,44.265006264624965,9.217022263450835,2.3333333333333335,0.6366783254389317,10.391237679455934,0.842773372398299,8.79073069852941,8.757458422507352
2018,Sammy Watkins,WR,93.8,9.2,KC,00-0031325,8,14.2125,2014,4,vet,True,39,6,10.82380934425052,3.388690655749482,25.215605749486652,115.10000000000001,16,7.1937500000000005,8,15.0,0,8.0,0,10.533813676111471,10.825675041809951,44.265006264624965,11.03754700854701,2.6470588235294117,0.6070251626048735,10.731768200515834,0.8184946345658479,8.79073069852941,8.783894691526594
2018,Jordy Nelson,WR,98.2,9.9,LV,00-0026176,13,12.069230769230767,2008,10,vet,True,40,7,10.82380934425052,1.2454214249802504,33.2539356605065,156.7,16,9.79375,13,14.0,0,16.0,0,10.533813676111471,10.825675041809951,44.265006264624965,13.630482049643122,2.399099477697064,0.6302245739728065,11.678885543199074,0.7495191274299848,8.79073069852941,8.753548101693235
2018,Mike Williams,WR,102.7,8.0,LAC,00-0033536,15,12.013333333333332,2017,1,soph,True,41,7,10.82380934425052,1.189523989082813,23.90965092402464,180.2,16,11.2625,15,6.0,0,0.0,1,10.533813676111471,9.170965921318125,40.09218403462323,2.7000000000000006,1.0,0.8138372002293761,9.075448989285157,0.6832424811250805,8.79073069852941,6.200732284763294
2018,Robert Woods,WR,103.7,10.2,LAR,00-0030431,16,16.6,2013,5,vet,True,42,7,10.82380934425052,5.776190655749483,26.392881587953458,265.6,16,16.6,16,12.0,0,13.0,0,10.533813676111471,10.825675041809951,44.265006264624965,11.49926296821458,2.8181818181818183,0.5919860910653766,10.927730415660626,0.7769515586973049,8.79073069852941,8.490317179471472
2018,Sterling Shepard,WR,106.1,10.0,NYG,00-0032385,16,11.40625,2016,2,vet,True,43,7,10.169649826735766,1.2366001732642342,25.555099247091032,182.5,16,11.40625,16,11.0,0,15.0,0,10.322766236974656,10.825675041809951,44.265006264624965,12.806464646464647,1.8,0.6943397370950869,11.08193414579588,0.7744635582127899,8.635233785822022,8.582554150432893
2018,Kenny Stills,WR,108.1,8.4,MIA,00-0030085,14,9.394285714285717,2013,5,vet,True,44,7,10.169649826735766,-0.7753641124500508,26.360027378507873,134.42,16,8.40125,14,16.0,0,14.0,0,10.322766236974656,10.825675041809951,44.265006264624965,10.590548268935366,2.8181818181818183,0.5919860910653766,10.432025030577403,0.8347782137297898,8.635233785822022,8.70842722060986
2018,Pierre Garcon,WR,108.2,9.8,SF,00-0026345,7,8.157142857142857,2008,10,vet,True,45,7,10.169649826735766,-2.012506969592909,32.06570841889117,58.599999999999994,16,3.6624999999999996,7,8.0,0,16.0,0,10.322766236974656,10.825675041809951,44.265006264624965,11.806537911968439,2.9883040935672516,0.5777558744131671,10.949280110452918,0.6518783618542937,8.635233785822022,7.137598781885848
2018,Kelvin Benjamin,WR,113.1,8.9,KC,00-0031359,14,4.792857142857143,2014,4,vet,True,46,8,10.169649826735766,-5.376792683878623,27.57015742642026,69.0,16,4.3125,14,13.0,0,15.0,0,10.322766236974656,10.825675041809951,44.265006264624965,11.239896449704142,2.0864197530864197,0.6621352665862387,10.63263219180421,0.7861475979785513,8.635233785822022,8.3588182577763
2018,Keelan Cole Sr.,WR,113.9,8.5,JAX,00-0033681,13,6.8538461538461535,2017,1,soph,True,47,8,10.169649826735766,-3.3158036728896123,25.366187542778917,89.1,16,5.56875,13,15.0,0,0.0,1,10.322766236974656,9.170965921318125,40.09218403462323,8.76,1.0,0.8138372002293761,10.031837298912452,0.816011168828999,8.635233785822022,8.186091279787899
2018,Calvin Ridley,WR,119.3,9.3,ATL,00-0034837,16,12.925,2018,0,rookie,True,48,8,10.169649826735766,2.755350173264235,23.698836413415467,206.8,16,12.925,16,0.0,1,0.0,1,10.21425438194556,12.058715238258914,34.974630555381026,,0.0,1.0,10.21425438194556,0.7281265021583081,8.226332720588236,7.437269315281192
2018,John Brown,WR,123.4,9.1,BAL,00-0031051,15,9.373333333333331,2014,4,vet,True,49,8,10.169649826735766,-0.7963164934024327,28.413415468856947,143.9,16,8.99375,15,10.0,0,13.0,0,10.21425438194556,10.825675041809951,44.265006264624965,8.312123931623931,2.6470588235294117,0.6070251626048735,9.466764977526099,0.72317577098152,7.626433257918554,6.846135061323288
2018,Allen Hurns,WR,127.6,8.9,DAL,00-0030821,9,4.7444444444444445,2014,4,vet,True,50,8,10.169649826735766,-5.425205382291321,26.803559206023273,61.5,16,3.84375,9,10.0,0,11.0,0,10.091740717945662,10.825675041809951,44.265006264624965,10.388017676767676,2.6470588235294117,0.6070251626048735,10.208170107662665,0.7347449728359878,7.626433257918554,7.500401668459748
2018,Michael Gallup,WR,129.2,8.1,DAL,00-0034764,14,6.8428571428571425,2018,0,rookie,True,51,8,10.169649826735766,-3.3267926838786233,22.494182067077343,97.7,16,6.10625,14,0.0,1,0.0,1,10.091740717945662,12.058715238258914,34.974630555381026,,0.0,1.0,10.091740717945662,0.7409045330227816,7.626433257918554,7.477016444016521
2018,DJ Moore,WR,129.8,10.2,CAR,00-0034827,15,10.58,2018,0,rookie,True,52,8,10.169649826735766,0.4103501732642343,21.38261464750171,159.0,16,9.9375,15,0.0,1,0.0,1,10.091740717945662,12.058715238258914,34.974630555381026,,0.0,1.0,10.091740717945662,0.7523431117793054,7.626433257918554,7.5924516150091605
2018,Tyler Lockett,WR,131.1,8.2,SEA,00-0032211,16,13.9,2015,3,vet,True,53,9,10.169649826735766,3.7303501732642346,25.924709103353866,222.4,16,13.9,16,15.0,0,14.0,0,10.091740717945662,10.825675041809951,44.265006264624965,8.889863945578231,2.3333333333333335,0.6366783254389317,9.655072836393074,0.8255860970375865,7.626433257918554,7.971093899611378
2018,Kenny Golladay,WR,131.9,11.0,DET,00-0033932,14,14.635714285714286,2017,1,soph,True,54,9,10.169649826735766,4.46606445897852,24.826830937713893,207.1,16,12.94375,14,11.0,0,0.0,1,10.091740717945662,9.170965921318125,40.09218403462323,8.6,1.0,0.8138372002293761,9.814034089361057,0.7619326578063488,7.626433257918554,7.47763307750898
2018,Chris Godwin Jr.,WR,138.4,10.6,TB,00-0033921,16,11.575,2017,1,soph,True,55,9,10.169649826735766,1.4053501732642335,22.510609171800137,185.2,16,11.575,16,12.0,0,0.0,1,10.091740717945662,9.170965921318125,40.09218403462323,7.266666666666667,1.0,0.8138372002293761,9.565817023000225,0.7987037963153564,7.602977024297719,7.64025437112834
2018,Anthony Miller,WR,141.5,10.7,CHI,00-0034353,12,9.96,2018,0,rookie,True,56,9,10.169649826735766,-0.2096498267357667,23.89596167008898,120.22,16,7.51375,12,0.0,1,0.0,1,10.091740717945662,12.058715238258914,34.974630555381026,,0.0,1.0,10.091740717945662,0.7259983558437519,7.322816742081447,7.326587168829995
2018,Geronimo Allison,WR,142.2,11.1,GB,00-0032626,4,14.975,2016,2,vet,True,57,9,10.169649826735766,4.805350173264234,24.618754277891856,62.3,16,3.89375,4,9.0,0,4.0,0,10.091740717945662,10.825675041809951,44.265006264624965,6.971296296296296,1.8,0.6943397370950869,9.137944855644147,0.7205570950570802,7.322816742081447,6.584410999974737
2018,Cameron Meredith,WR,145.0,12.7,NO,00-0031912,2,8.15,2015,3,vet,False,58,9,9.338003994797472,-1.1880039947974712,25.94387405886379,24.4,16,1.525,2,0.0,1,14.0,0,9.402190425315425,10.825675041809951,44.265006264624965,10.188333333333333,1.8,0.6943397370950869,9.642483073261012,0.722820396187558,7.322816742081447,6.969783435246346
2018,John Ross,WR,152.0,12.6,CIN,00-0033460,12,7.074999999999999,2017,1,soph,True,59,9,9.338003994797472,-2.2630039947974723,22.76249144421629,84.89999999999999,16,5.3062499999999995,12,0.0,1,0.0,1,9.402190425315425,9.170965921318125,40.09218403462323,,0.0,1.0,9.402190425315425,0.7380925938349553,7.322816742081447,6.939687118751244
2018,Dede Westbrook,WR,152.7,12.9,JAX,00-0033839,16,11.34375,2017,1,soph,True,60,10,9.338003994797472,2.0057460052025284,24.777549623545518,181.5,16,11.34375,16,7.0,0,0.0,1,9.402190425315425,9.170965921318125,40.09218403462323,9.557142857142859,1.0,0.8138372002293761,9.431036803855687,0.6921935520300802,7.322816742081447,6.528102864587282
2018,DeVante Parker,WR,154.8,13.3,MIA,00-0031547,9,6.766666666666667,2015,3,vet,True,61,10,9.338003994797472,-2.571337328130805,25.61259411362081,60.9,16,3.80625,9,12.0,0,15.0,0,9.402190425315425,10.825675041809951,44.265006264624965,10.93482993197279,2.3333333333333335,0.6366783254389317,9.959031577372627,0.7890916417775338,7.322816742081447,7.8585885779032685
2018,Danny Amendola,WR,157.6,13.2,MIA,00-0026035,13,9.47076923076923,2008,10,vet,True,62,10,9.338003994797472,0.1327652359717586,32.82956878850103,127.42,16,7.96375,13,15.0,0,9.0,0,9.402190425315425,10.825675041809951,44.265006264624965,8.954442771840032,2.9883040935672516,0.5777558744131671,9.213131608890151,0.7514696839640421,7.322816742081447,6.923389098451809
2018,Josh Doctson,WR,162.3,11.7,WAS,00-0032760,15,7.28,2016,2,vet,True,63,10,8.413288726154798,-1.133288726154798,25.744010951403148,109.2,16,6.825,15,14.0,0,1.0,0,8.45282055124363,10.825675041809951,44.265006264624965,7.938095238095237,1.8,0.6943397370950869,8.295489476702878,0.7836336777047274,5.92035243407708,6.50062492698954
2018,Courtland Sutton,WR,163.1,13.7,DEN,00-0034348,16,8.51875,2018,0,rookie,True,64,10,8.413288726154798,0.1054612738452025,22.89390828199863,136.3,16,8.51875,16,0.0,1,0.0,1,8.45282055124363,12.058715238258914,34.974630555381026,,0.0,1.0,8.45282055124363,0.7367081556666648,5.92035243407708,6.227261838487975
2018,Christian Kirk,WR,166.8,17.5,ARI,00-0034775,12,10.291666666666666,2018,0,rookie,True,65,10,8.115833333333333,2.1758333333333333,21.78507871321013,123.5,16,7.71875,12,0.0,1,0.0,1,7.512727411477411,12.058715238258914,34.974630555381026,,0.0,1.0,7.512727411477411,0.7482409943089625,4.620098039215687,5.6213306283360565
2019,Davante Adams,WR,6.4,1.5,GB,00-0031381,12,17.725,2014,5,vet,True,1,1,18.379251629089865,-0.6542516290898632,26.68583162217659,212.70000000000002,16,13.293750000000001,12,15.0,0,14.0,0,18.48205495559105,11.03858202605585,43.85510994584784,18.18656445704833,2.8181818181818183,0.585016846740638,18.35943137674761,0.8198252500544886,15.45294526143791,15.051525419300335
2019,DeAndre Hopkins,WR,7.0,2.8,HOU,00-0030564,15,17.90266666666667,2013,6,vet,True,2,1,18.379251629089865,-0.4765849624231961,27.236139630390145,268.54,16,16.78375,15,16.0,0,15.0,0,18.48205495559105,11.03858202605585,43.85510994584784,19.31255291005291,2.9076923076923076,0.5774062818319685,18.83301817409803,0.8327388373361749,15.45294526143791,15.682985657829445
2019,Julio Jones,WR,10.2,2.2,ATL,00-0027944,15,18.273333333333333,2011,8,vet,True,3,1,17.943725961538462,0.3296073717948715,30.559890485968516,274.1,16,17.13125,15,16.0,0,16.0,0,17.52955586080586,11.03858202605585,43.85510994584784,19.113126050420167,2.9766536964980546,0.5716765934929048,18.207836038864546,0.8153352730529729,15.45294526143791,14.845490968451385
2019,Michael Thomas,WR,10.4,2.0,NO,00-0032765,16,23.4125,2016,3,vet,True,4,1,17.943725961538462,5.4687740384615395,26.496919917864478,374.6,16,23.4125,16,16.0,0,16.0,0,17.52955586080586,11.03858202605585,43.85510994584784,18.319166666666668,2.3333333333333335,0.6299953327118082,17.82171554431555,0.8411416827082961,15.45294526143791,14.99058780169418
2019,JuJu Smith-Schuster,WR,12.9,2.3,PIT,00-0033857,12,9.433333333333334,2017,2,vet,True,5,1,16.42261932202348,-6.9892859886901455,22.77344284736482,113.2,16,7.075,12,16.0,0,13.0,0,17.09614379084967,11.03858202605585,43.85510994584784,17.4400641025641,1.8,0.6881979507196829,17.203378848831356,0.8516592749489448,15.45294526143791,14.651417157067725
2019,Tyreek Hill,WR,13.9,2.6,KC,00-0033040,12,15.691666666666668,2016,3,vet,True,6,1,16.42261932202348,-0.7309526553568109,25.503080082135522,188.3,16,11.76875,12,16.0,0,15.0,0,17.09614379084967,11.03858202605585,43.85510994584784,18.61945578231293,2.3333333333333335,0.6299953327118082,17.659776337427147,0.8432568909572098,14.332066993464053,14.891728089298518
2019,Odell Beckham Jr.,WR,15.1,2.5,CLE,00-0031235,16,12.70625,2014,5,vet,True,7,1,16.42261932202348,-3.7163693220234784,26.819986310746064,203.3,16,12.70625,16,12.0,0,4.0,0,16.685096983769586,11.03858202605585,43.85510994584784,19.330967741935485,2.8181818181818183,0.585016846740638,17.78308877411001,0.7242516455000825,14.332066993464053,12.879431306723218
2019,Mike Evans,WR,20.2,2.3,TB,00-0031408,13,17.9,2014,5,vet,True,8,2,15.39774859415863,2.5022514058413687,26.028747433264886,232.7,16,14.54375,13,16.0,0,15.0,0,15.37318035775104,11.03858202605585,43.85510994584784,16.562311827956986,2.8181818181818183,0.585016846740638,15.866649884897043,0.8401247248359658,13.61347567873303,13.329964868617736
2019,Antonio Brown,WR,21.4,2.5,NE,00-0027793,1,16.1,2010,9,vet,False,9,2,15.39774859415863,0.7022514058413716,31.143052703627653,16.1,16,1.00625,1,15.0,0,14.0,0,15.37318035775104,11.03858202605585,43.85510994584784,21.689832243751034,2.9883040935672516,0.5707198243030949,18.084793789189305,0.7884893963588316,13.61347567873303,14.259668138111824
2019,Adam Thielen,WR,22.9,2.5,MIN,00-0030035,9,12.711111111111112,2013,6,vet,True,10,2,15.39774859415863,-2.6866374830475177,29.026694045174537,114.4,16,7.15,9,16.0,0,16.0,0,15.37318035775104,11.03858202605585,43.85510994584784,16.298079877112137,2.8181818181818183,0.585016846740638,15.756998076743576,0.8254359189948843,13.61347567873303,13.00639218807746
2019,Keenan Allen,WR,25.0,2.7,LAC,00-0030279,16,16.34375,2013,6,vet,True,11,2,15.39774859415863,0.9460014058413702,27.345653661875428,261.5,16,16.34375,16,15.0,0,16.0,0,15.37318035775104,11.03858202605585,43.85510994584784,16.73562358276644,2.9076923076923076,0.5774062818319685,15.948940306003143,0.8238585823860292,13.61347567873303,13.139671351063152
2019,Stefon Diggs,WR,30.8,3.8,MIN,00-0031588,15,14.273333333333332,2015,4,vet,True,12,2,14.881502854988153,-0.6081695216548191,25.754962354551676,214.1,16,13.38125,15,15.0,0,14.0,0,14.902474217803835,11.03858202605585,43.85510994584784,15.991887667887669,2.6470588235294117,0.6001392873546033,15.338087856319838,0.8258924082586386,12.83972485768501,12.667610317738571
2019,Amari Cooper,WR,33.1,4.3,DAL,00-0031544,16,15.40625,2015,4,vet,True,13,3,14.626785714285711,0.7794642857142868,25.207392197125255,246.5,16,15.40625,16,13.0,0,12.0,0,14.431919642857144,11.03858202605585,43.85510994584784,14.925502136752137,2.6470588235294117,0.6001392873546033,14.629283890615287,0.7944662755880745,12.83345588235294,11.622472687097742
2019,Julian Edelman,WR,36.1,4.2,NE,00-0027150,16,16.0175,2009,10,vet,True,14,3,14.318447404719464,1.6990525952805342,33.27857631759069,256.28,16,16.0175,16,12.0,0,0.0,1,14.269202866996984,11.03858202605585,43.85510994584784,16.70480350158316,2.071520375789203,0.6572834944342126,15.103923405436174,0.7233986754235501,12.452807093425603,10.926158185191284
2019,Brandin Cooks,WR,39.1,3.8,LAR,00-0031236,13,9.038461538461538,2014,5,vet,True,15,3,14.318447404719464,-5.279985866257926,25.932922655715263,117.5,16,7.34375,13,15.0,0,16.0,0,14.269202866996984,11.03858202605585,43.85510994584784,15.526559139784943,2.8181818181818183,0.585016846740638,14.79098453784897,0.8328395530717859,12.452807093425603,12.318516951993832
2019,Chris Godwin Jr.,WR,39.9,3.9,TB,00-0033921,14,19.72142857142857,2017,2,vet,True,16,3,14.318447404719464,5.402981166709107,23.509924709103355,276.1,16,17.25625,14,16.0,0,12.0,0,14.269202866996984,11.03858202605585,43.85510994584784,10.138888888888888,1.8,0.6881979507196829,12.981362504451742,0.8437255331948231,12.452807093425603,10.95270700066383
2019,Robert Woods,WR,42.2,3.9,LAR,00-0030431,15,15.526666666666667,2013,6,vet,True,17,3,13.894337842606388,1.632328824060281,27.392197125256672,232.9,16,14.55625,15,16.0,0,12.0,0,13.751634352330674,11.03858202605585,43.85510994584784,14.090113524042096,2.9076923076923076,0.5774062818319685,13.89467352402664,0.8194468053908747,11.81241515837104,11.385945831212796
2019,Tyler Lockett,WR,42.9,3.7,SEA,00-0032211,16,14.7,2015,4,vet,True,18,3,13.894337842606388,0.8056621573936127,26.924024640657084,235.2,16,14.7,16,16.0,0,15.0,0,13.751634352330674,11.03858202605585,43.85510994584784,11.561936507936508,2.6470588235294117,0.6001392873546033,12.876060211793133,0.834673861338039,11.81241515837104,10.747310895798464
2019,Cooper Kupp,WR,45.2,3.7,LAR,00-0033908,16,16.90625,2017,2,vet,True,19,4,13.894337842606388,3.0119121573936134,26.21218343600274,270.5,16,16.90625,16,7.0,0,15.0,0,13.751634352330674,11.03858202605585,43.85510994584784,16.683492063492064,1.8,0.6881979507196829,14.665793594869097,0.7060380934654402,11.540533088235296,10.354608948879042
2019,Kenny Golladay,WR,47.1,3.8,DET,00-0033932,16,15.5,2017,2,vet,True,20,4,13.894337842606388,1.6056621573936134,25.82614647501711,248.0,16,15.5,16,14.0,0,11.0,0,13.751634352330674,11.03858202605585,43.85510994584784,12.623809523809525,1.8,0.6881979507196829,13.399976259568557,0.7993032384752978,11.330213235294119,10.710644419765256
2019,T.Y. Hilton,WR,49.0,4.5,IND,00-0029608,10,12.51,2012,7,vet,True,21,4,13.894337842606388,-1.3843378426063868,29.796030116358658,125.1,16,7.81875,10,14.0,0,16.0,0,13.751634352330674,11.03858202605585,43.85510994584784,15.226604727293704,2.953488372093023,0.5735885692014575,14.380578580304121,0.7936474105718779,11.319032805429865,11.413108952783778
2019,Tyler Boyd,WR,51.5,4.2,CIN,00-0033009,16,13.93125,2016,3,vet,True,22,4,13.894337842606388,0.0369121573936137,24.79397672826831,222.9,16,13.93125,16,14.0,0,8.0,0,13.751634352330674,11.03858202605585,43.85510994584784,12.021811224489795,2.3333333333333335,0.6299953327118082,13.11159172144649,0.7929042802250765,11.319032805429865,10.396237196498602
2019,Josh Gordon,WR,52.1,4.8,SEA,00-0029664,8,8.15,2012,7,vet,True,23,4,13.173062271062271,-5.0230622710622725,28.386036960985628,73.7,16,4.60625,8,12.0,0,5.0,0,13.41216117216117,11.03858202605585,43.85510994584784,11.713407304669438,2.0636063022758218,0.658145217308333,12.831434037943154,0.7158860844336282,10.547426470588237,9.185845071091505
2019,Calvin Ridley,WR,53.5,5.2,ATL,00-0034837,12,16.283333333333335,2018,1,soph,True,24,4,13.173062271062271,3.110271062271062,24.698151950718685,197.0,16,12.3125,12,16.0,0,0.0,1,13.41216117216117,9.213784646063793,40.306596272946884,12.925,1.0,0.8139395441821681,13.321519742412114,0.8441469807601507,10.547426470588237,11.245320669693927
2019,Mike Williams,WR,60.3,5.9,LAC,00-0033536,15,10.753333333333334,2017,2,vet,True,25,4,12.853924073475545,-2.1005907401422093,24.908966461327857,161.3,16,10.08125,15,15.0,0,6.0,0,12.837953185454781,11.03858202605585,43.85510994584784,8.908888888888887,1.8,0.6881979507196829,11.612862886031408,0.7967990113404361,9.926781674208145,9.253117666421868
2019,Dede Westbrook,WR,62.7,6.1,JAX,00-0033839,14,11.19285714285714,2017,2,vet,True,26,5,12.853924073475545,-1.6610669306184018,25.776865160848732,156.7,16,9.79375,14,16.0,0,7.0,0,12.837953185454781,11.03858202605585,43.85510994584784,10.748214285714285,1.8,0.6881979507196829,12.1863683140549,0.8087957753442032,9.926781674208145,9.856283209196063
2019,A.J. Green,WR,63.8,6.4,CIN,00-0027942,0,,2011,8,vet,False,27,5,12.853924073475545,,31.085557837097877,0.0,16,0.0,0,8.0,0,16.0,0,12.837953185454781,11.03858202605585,43.85510994584784,17.53874727668845,2.9766536964980546,0.5716765934929048,14.851413323900411,0.6841473837011427,9.926781674208145,10.160555569810757
2019,Jarvis Landry,WR,64.8,6.9,CLE,00-0031382,16,14.8375,2014,5,vet,True,28,5,12.853924073475545,1.9835759265244572,26.757015742642025,237.4,16,14.8375,16,16.0,0,16.0,0,12.837953185454781,11.03858202605585,43.85510994584784,14.596505376344087,2.8181818181818183,0.585016846740638,13.567722718801186,0.8395813353421366,9.926781674208145,11.391206757802944
2019,DJ Moore,WR,67.2,6.6,CAR,00-0034827,15,15.366666666666667,2018,1,soph,True,29,5,12.853924073475545,2.512742593191124,22.38193018480493,230.5,16,14.40625,15,15.0,0,0.0,1,12.837953185454781,9.213784646063793,40.306596272946884,10.58,1.0,0.8139395441821681,12.417837386553739,0.8464350120491078,9.231271008403363,10.510892337911475
2019,Alshon Jeffery,WR,71.9,6.9,PHI,00-0029137,9,13.577777777777778,2012,7,vet,True,30,5,12.739458663273002,0.8383191145047757,29.544147843942504,122.2,16,7.6375,9,13.0,0,16.0,0,12.683570722306017,11.03858202605585,43.85510994584784,13.768762366242683,2.953488372093023,0.5735885692014575,13.146308843887674,0.7811251344446463,9.166811683006536,10.268912263132602
2019,Robbie Chosen,WR,75.9,6.3,NYJ,00-0032688,16,10.14375,2016,3,vet,True,31,5,12.43820922971078,-2.294459229710778,26.313483915126625,162.3,16,10.14375,16,13.0,0,16.0,0,12.367704433206162,11.03858202605585,43.85510994584784,11.170251177394034,2.3333333333333335,0.6299953327118082,11.924641139696234,0.8048214352206577,9.166811683006536,9.597206796541624
2019,Allen Robinson II,WR,76.6,7.5,CHI,00-0031428,16,15.93125,2014,5,vet,True,32,5,12.43820922971078,3.4930407702892214,26.02053388090349,254.9,16,15.93125,16,13.0,0,0.0,1,12.367704433206162,11.03858202605585,43.85510994584784,12.529648829431439,1.9097472924187726,0.6753588423369642,12.420278249473778,0.797708502905258,9.166811683006536,9.907761568054466
2019,Emmanuel Sanders,WR,80.6,7.6,SF,00-0027685,15,12.393333333333334,2010,9,vet,True,33,6,12.2,0.1933333333333333,32.459958932238195,190.3,16,11.89375,15,12.0,0,12.0,0,11.819999999999999,11.03858202605585,43.85510994584784,14.253526797186288,2.9883040935672516,0.5707198243030949,12.864664811059257,0.7194338424342379,9.023014705882353,9.25527523664889
2019,Will Fuller,WR,81.6,7.0,HOU,00-0033127,10,13.24,2016,3,vet,True,34,6,12.2,1.0399999999999991,25.377138945927445,134.0,16,8.375,10,7.0,0,10.0,0,11.819999999999999,11.03858202605585,43.85510994584784,13.219999999999999,2.3333333333333335,0.6299953327118082,12.338006534203467,0.6837211797361153,9.023014705882353,8.435756383157495
2019,Curtis Samuel,WR,88.0,7.0,CAR,00-0033282,16,10.73125,2017,2,vet,True,35,6,11.063778356464836,-0.332528356464838,23.055441478439427,171.7,16,10.73125,16,11.0,0,6.0,0,10.978070156888549,11.03858202605585,43.85510994584784,9.453030303030305,1.8,0.6881979507196829,10.502559605221393,0.7511896727976511,8.940666089965397,7.889414313384086
2019,Christian Kirk,WR,89.9,7.9,ARI,00-0034775,13,12.938461538461535,2018,1,soph,True,36,6,11.063778356464836,1.8746831819966996,22.784394250513348,168.2,16,10.5125,13,12.0,0,0.0,1,10.978070156888549,9.213784646063793,40.306596272946884,10.291666666666666,1.0,0.8139395441821681,10.850357610622915,0.8070052507377943,8.940666089965397,8.75629556415548
2019,Sterling Shepard,WR,92.2,7.8,NYG,00-0032385,10,14.18,2016,3,vet,True,37,6,11.063778356464836,3.116221643535164,26.55441478439425,141.8,16,8.8625,10,16.0,0,11.0,0,10.978070156888549,11.03858202605585,43.85510994584784,12.006341991341992,2.3333333333333335,0.6299953327118082,11.358535534877314,0.8207653506007137,8.940666089965397,9.322692400594242
2019,Sammy Watkins,WR,96.1,8.0,KC,00-0031325,13,10.653846153846152,2014,5,vet,True,38,6,10.82380934425052,-0.1699631904043652,26.21492128678987,138.5,16,8.65625,13,8.0,0,15.0,0,10.978070156888549,11.03858202605585,43.85510994584784,12.676232423490488,2.8181818181818183,0.585016846740638,11.682778889029088,0.7235576991784155,8.940666089965397,8.453164612956051
2019,Geronimo Allison,WR,98.7,8.2,GB,00-0032626,14,5.235714285714286,2016,3,vet,True,39,7,10.82380934425052,-5.588095058536233,25.61806981519507,75.4,16,4.7125,14,4.0,0,9.0,0,10.978070156888549,11.03858202605585,43.85510994584784,11.54484126984127,2.3333333333333335,0.6299953327118082,11.187778113965178,0.6161834904047856,8.940666089965397,6.893724168137333
2019,Marquez Valdes-Scantling,WR,100.6,8.6,GB,00-0034272,12,6.875,2018,1,soph,True,40,7,10.82380934425052,-3.9488093442505185,24.892539356605067,84.1,16,5.25625,12,13.0,0,0.0,1,10.978070156888549,9.213784646063793,40.306596272946884,8.438461538461539,1.0,0.8139395441821681,10.505549419745124,0.8057262408034516,8.940666089965397,8.46459684154612
2019,James Washington,WR,101.3,8.3,PIT,00-0034676,14,9.535714285714286,2018,1,soph,True,41,7,10.82380934425052,-1.288095058536232,23.41409993155373,133.5,16,8.34375,14,11.0,0,0.0,1,10.978070156888549,9.213784646063793,40.306596272946884,3.972727272727273,1.0,0.8139395441821681,9.674652866701296,0.788586489656831,8.940666089965397,7.6293005428003715
2019,Marvin Jones Jr.,WR,105.3,7.6,DET,00-0029293,13,14.915384615384616,2012,7,vet,True,42,7,10.82380934425052,4.091575271134097,29.472963723477072,193.9,16,12.11875,13,9.0,0,16.0,0,10.978070156888549,11.03858202605585,43.85510994584784,12.797486449864499,2.778512396694215,0.5884542463705412,11.726843206347052,0.7172967823159567,8.940666089965397,8.411626898636477
2019,Larry Fitzgerald,WR,106.5,9.5,ARI,00-0022921,16,11.0875,2004,15,vet,True,43,7,10.169649826735766,0.9178501732642346,36.002737850787135,177.4,16,11.0875,16,16.0,0,16.0,0,10.145848228364772,11.03858202605585,43.85510994584784,13.667748917748918,2.9941463414634146,0.5702412441880252,11.659415886727839,0.7758531126401954,8.487551319258339,9.045994107284338
2019,Dante Pettis,WR,109.8,9.5,SF,00-0034860,6,3.85,2018,1,soph,True,44,7,10.169649826735766,-6.319649826735766,23.857631759069132,34.54,16,2.15875,6,8.0,0,0.0,1,10.145848228364772,9.213784646063793,40.306596272946884,12.9375,1.0,0.8139395441821681,10.665264229479881,0.7385309787900499,8.46510862299465,7.876628030452284
2019,Corey Davis,WR,110.8,8.2,TEN,00-0033871,15,7.673333333333333,2017,2,vet,True,45,7,10.169649826735766,-2.496316493402433,24.637919233401778,115.1,16,7.19375,15,16.0,0,11.0,0,10.145848228364772,11.03858202605585,43.85510994584784,9.756060606060606,1.8,0.6881979507196829,10.024311648946231,0.8330284277810727,8.46510862299465,8.35053657250917
2019,Michael Gallup,WR,113.8,8.4,DAL,00-0034764,14,15.19285714285714,2018,1,soph,True,46,8,10.169649826735766,5.0232073161213755,23.49349760438056,212.7,16,13.29375,14,14.0,0,0.0,1,10.145848228364772,9.213784646063793,40.306596272946884,6.8428571428571425,1.0,0.8139395441821681,9.531292201432988,0.8279432664818847,8.46510862299465,7.891369199047742
2019,DeSean Jackson,WR,119.4,9.5,PHI,00-0026189,1,35.4,2008,11,vet,False,47,8,10.169649826735766,25.230350173264235,32.7501711156742,36.9,16,2.30625,1,12.0,0,13.0,0,10.118020050717634,11.03858202605585,43.85510994584784,12.155773115773115,2.9941463414634146,0.5702412441880252,10.993762272607917,0.7225616801683197,8.352315761926302,7.943671339066661
2019,Donte Moncrief,WR,119.8,10.2,CAR,00-0031339,3,1.9333333333333336,2014,5,vet,False,48,8,10.169649826735766,-8.236316493402432,26.069815195071868,5.800000000000001,16,0.36250000000000004,3,16.0,0,10.0,0,10.00693992015707,11.03858202605585,43.85510994584784,8.42752688172043,2.8181818181818183,0.585016846740638,9.351510117167683,0.8197544863191866,7.902087008443385,7.6659423724074705
2019,Golden Tate,WR,123.3,10.1,NYG,00-0027891,11,14.018181818181818,2010,9,vet,True,49,8,10.169649826735766,3.848531991446052,31.080082135523615,154.2,16,9.6375,11,15.0,0,16.0,0,9.979227838383474,11.03858202605585,43.85510994584784,13.00000725910315,2.9883040935672516,0.5707198243030949,11.275988558851612,0.7983017243419472,7.7897647058823525,9.00164111019131
2019,Courtland Sutton,WR,126.2,11.8,DEN,00-0034348,16,13.90125,2018,1,soph,True,50,8,10.169649826735766,3.7316001732642334,23.89322381930185,222.42,16,13.90125,16,16.0,0,0.0,1,9.979227838383474,9.213784646063793,40.306596272946884,8.51875,1.0,0.8139395441821681,9.707490666062004,0.8488241633595046,7.7897647058823525,8.239952642940281
2019,Jamison Crowder,WR,128.8,10.0,NYJ,00-0031941,16,12.35625,2015,4,vet,True,51,8,10.169649826735766,2.1866001732642353,26.206707734428473,197.70000000000002,16,12.356250000000001,16,9.0,0,14.0,0,9.979227838383474,11.03858202605585,43.85510994584784,10.430515873015873,2.6470588235294117,0.6001392873546033,10.159680193519925,0.7349920952947183,7.5856039915966385,7.467284632959459
2019,Tyrell Williams,WR,131.4,9.0,LV,00-0032160,13,11.007692307692308,2015,4,vet,True,52,9,10.169649826735766,0.8380424809565419,27.550992470910334,143.1,16,8.94375,13,15.0,0,14.0,0,9.979227838383474,11.03858202605585,43.85510994584784,10.385150793650793,2.6470588235294117,0.6001392873546033,10.14154048055579,0.8140396072318314,7.5856039915966385,8.255615629517354
2019,DK Metcalf,WR,131.8,14.1,SEA,00-0035640,15,12.473333333333333,2019,0,rookie,True,53,9,10.169649826735766,2.303683506597567,21.713894592744694,187.1,16,11.69375,15,0.0,1,0.0,1,9.979227838383474,11.901774085436692,34.571877923756105,,0.0,1.0,9.979227838383474,0.7573717344383508,7.5856039915966385,7.557985096311967
2019,Anthony Miller,WR,134.4,7.5,CHI,00-0034353,12,10.4,2018,1,soph,True,54,9,10.169649826735766,0.2303501732642345,24.895277207392198,127.5,16,7.96875,12,12.0,0,0.0,1,9.979227838383474,9.213784646063793,40.306596272946884,9.959999999999999,1.0,0.8139395441821681,9.975650298009453,0.7918761563426743,7.5856039915966385,7.8994796150063795
2019,John Brown,WR,136.2,8.6,BUF,00-0031051,15,14.654666666666666,2014,5,vet,True,55,9,10.169649826735766,4.4850168399309,29.412731006160165,219.82,16,13.73875,15,15.0,0,10.0,0,9.979227838383474,11.03858202605585,43.85510994584784,8.859844913151365,2.8181818181818183,0.585016846740638,9.514702782365966,0.7822987984810971,7.5856039915966385,7.443340554549646
2019,Mecole Hardman Jr.,WR,137.7,13.5,KC,00-0035140,9,9.644444444444444,2019,0,rookie,True,56,9,10.169649826735766,-0.5252053822913219,21.472963723477072,123.5,16,7.71875,9,0.0,1,0.0,1,9.979227838383474,11.901774085436692,34.571877923756105,,0.0,1.0,9.979227838383474,0.7593460801921766,7.5856039915966385,7.577687542421139
2019,Keke Coutee,WR,146.2,13.3,HOU,00-0034366,8,6.6000000000000005,2018,1,soph,True,57,9,9.338003994797472,-2.738003994797471,22.628336755646817,52.800000000000004,16,3.3000000000000003,8,6.0,0,0.0,1,9.467491258741259,9.213784646063793,40.306596272946884,10.45,1.0,0.8139395441821681,9.650297282984864,0.7152776405622611,7.23666719948849,6.902641871297813
2019,Deebo Samuel Sr.,WR,151.8,11.2,SF,00-0035719,15,12.606666666666666,2019,0,rookie,True,58,9,9.338003994797472,3.268662671869194,23.627652292950035,189.1,16,11.81875,15,0.0,1,0.0,1,9.347473914973916,11.901774085436692,34.571877923756105,,0.0,1.0,9.347473914973916,0.7413013499997493,7.23666719948849,6.929295032257605
2019,N'Keal Harry,WR,152.8,13.8,NE,00-0035624,5,7.44,2019,0,rookie,True,59,10,9.338003994797472,-1.8980039947974712,21.7056810403833,39.4,16,2.4625,5,0.0,1,0.0,1,9.347473914973916,11.901774085436692,34.571877923756105,,0.0,1.0,9.347473914973916,0.7574392225893926,7.23666719948849,7.080143375332469
2019,Cole Beasley,WR,159.6,14.8,BUF,00-0029000,15,12.32,2012,7,vet,True,60,10,8.413288726154798,3.906711273845202,30.349075975359344,184.8,16,11.55,15,16.0,0,14.0,0,8.378578190748646,11.03858202605585,43.85510994584784,8.809685904646534,2.953488372093023,0.5735885692014575,8.562407447860133,0.8080564902615639,5.921858823529411,6.918908910507334
2019,Mohamed Sanu,WR,160.7,13.9,NE,00-0029632,14,8.700000000000001,2012,7,vet,True,61,10,8.413288726154798,0.2867112738452029,30.026009582477755,124.10000000000001,16,7.7562500000000005,14,16.0,0,15.0,0,8.378578190748646,11.03858202605585,43.85510994584784,10.887632358455194,2.953488372093023,0.5735885692014575,9.448467568351441,0.8146337274615623,5.921858823529411,7.697040354005818
2019,Demaryius Thomas,WR,161.4,15.9,NYJ,00-0027874,11,7.754545454545454,2010,9,vet,True,62,10,8.413288726154798,-0.6587432716093442,31.685147159479808,85.3,16,5.33125,11,14.0,0,16.0,0,8.378578190748646,11.03858202605585,43.85510994584784,12.834043891529213,2.9883040935672516,0.5707198243030949,10.291221289591263,0.7794689821909253,5.921858823529411,8.021687784099283
2019,Kenny Stills,WR,161.5,17.7,HOU,00-0030085,13,9.238461538461538,2013,6,vet,True,63,10,8.413288726154798,0.8251728123067394,27.359342915811087,120.1,16,7.50625,13,14.0,0,16.0,0,8.378578190748646,11.03858202605585,43.85510994584784,9.982922844351416,2.9076923076923076,0.5774062818319685,9.056564163137644,0.810922874609219,5.921858823529411,7.3441750452544134
2019,Tre'Quan Smith,WR,161.6,16.2,NO,00-0034765,8,7.7875,2018,1,soph,True,64,10,8.413288726154798,-0.6257887261547976,23.64955509924709,71.4,16,4.4625,8,8.0,0,0.0,1,8.378578190748646,9.213784646063793,40.306596272946884,11.975,1.0,0.8139395441821681,9.047730071891145,0.7403237853053044,5.921858823529411,6.698249775243086
2019,Marquise Goodwin,WR,163.0,13.8,SF,00-0030068,7,5.442857142857142,2013,6,vet,True,65,10,8.413288726154798,-2.970431583297656,28.78302532511978,38.099999999999994,16,2.3812499999999996,7,9.0,0,16.0,0,8.378578190748646,11.03858202605585,43.85510994584784,8.789103048626858,2.9076923076923076,0.5774062818319685,8.552063416839802,0.723511063448792,5.921858823529411,6.1875124973992754
2019,Adam Humphries,WR,166.9,10.3,TEN,00-0032009,10,7.57,2015,4,vet,True,66,10,7.737402755974185,-0.1674027559741846,26.187542778918548,86.5,16,5.40625,10,16.0,0,16.0,0,8.100492656337261,11.03858202605585,43.85510994584784,10.054809523809524,2.6470588235294117,0.6001392873546033,8.88194719169964,0.8429816182588762,4.877042483660131,7.487318216948843
2020,Michael Thomas,WR,5.6,1.6,NO,00-0032765,7,11.985714285714286,2016,4,vet,True,1,1,18.379251629089865,-6.393537343375579,27.498973305954827,83.9,16,5.24375,7,16.0,0,16.0,0,19.6867791005291,10.724374752458422,43.90056899752233,21.035611111111113,2.6470588235294117,0.607295714196448,20.216471211913678,0.8320892256594936,17.37997329544243,16.821907876288698
2020,Davante Adams,WR,10.4,1.9,GB,00-0031381,14,25.6,2014,6,vet,True,2,1,17.943725961538462,7.6562740384615395,27.68788501026694,358.40000000000003,16,22.400000000000002,14,12.0,0,15.0,0,17.43330769230769,10.724374752458422,43.90056899752233,17.95211901854759,2.9076923076923076,0.5846880107925169,17.648776256231756,0.7720955970082147,15.46112657563025,13.626542440019662
2020,Julio Jones,WR,14.4,2.8,ATL,00-0027944,9,16.233333333333334,2011,9,vet,True,3,1,16.42261932202348,-0.1892859886901448,31.561943874058862,146.1,16,9.13125,9,15.0,0,16.0,0,16.155160430780477,10.724374752458422,43.90056899752233,18.692407976889385,2.9883040935672516,0.5780325692527993,17.225796258981692,0.7888749120710146,14.042483660130719,13.588998509157394
2020,Tyreek Hill,WR,15.8,3.1,KC,00-0033040,15,21.926666666666662,2016,4,vet,True,4,1,16.42261932202348,5.504047344643187,26.50513347022587,328.9,16,20.55625,15,12.0,0,16.0,0,16.092681923036594,10.724374752458422,43.90056899752233,17.05796825396826,2.6470588235294117,0.607295714196448,16.471754002221044,0.7855233922736199,14.042483660130719,12.93894808052125
2020,DeAndre Hopkins,WR,18.5,3.4,ARI,00-0030564,16,17.9875,2013,7,vet,True,5,2,16.42261932202348,1.5648806779765216,28.238193018480494,287.8,16,17.9875,16,15.0,0,16.0,0,15.814904998794923,10.724374752458422,43.90056899752233,18.60205905511811,2.953488372093023,0.5808883324641696,16.98303378301979,0.814202547830375,13.38338019031142,13.827629376024044
2020,Chris Godwin Jr.,WR,21.5,3.0,TB,00-0033921,12,15.916666666666666,2017,3,vet,True,6,2,15.39774859415863,0.5189180725080362,24.511978097193705,191.0,16,11.9375,12,14.0,0,16.0,0,15.451462047960211,10.724374752458422,43.90056899752233,15.614625850340136,2.3333333333333335,0.6369406720285308,15.510700188401536,0.8276043763509838,13.38338019031142,12.836723356189141
2020,Kenny Golladay,WR,25.8,3.1,DET,00-0033932,5,13.16,2017,3,vet,True,7,2,15.39774859415863,-2.2377485941586297,26.82819986310746,65.8,16,4.1125,5,16.0,0,14.0,0,15.451462047960211,10.724374752458422,43.90056899752233,14.267346938775509,2.3333333333333335,0.6369406720285308,15.021558012178751,0.8306415533811339,13.38338019031142,12.477530281440975
2020,Mike Evans,WR,27.9,3.2,TB,00-0031408,16,15.5375,2014,6,vet,True,8,2,14.881502854988153,0.6559971450118471,27.030800821355236,248.6,16,15.5375,16,13.0,0,16.0,0,14.728288093152896,10.724374752458422,43.90056899752233,17.241772486772486,2.9076923076923076,0.5846880107925169,15.772168296509012,0.7958320191108055,12.63909982174688,12.5519965411662
2020,Adam Thielen,WR,30.3,3.6,MIN,00-0030035,15,16.933333333333334,2013,7,vet,True,9,2,14.881502854988153,2.051830478345181,30.028747433264886,254.0,16,15.875,15,9.0,0,16.0,0,14.728288093152896,10.724374752458422,43.90056899752233,14.476127488032251,2.9076923076923076,0.5846880107925169,14.62356277064048,0.7040494072210103,12.63909982174688,10.295710700128664
2020,Allen Robinson II,WR,31.8,3.7,CHI,00-0031428,16,16.431250000000002,2014,6,vet,True,10,3,14.881502854988153,1.5497471450118496,27.02258726899384,262.90000000000003,16,16.431250000000002,16,16.0,0,13.0,0,14.728288093152896,10.724374752458422,43.90056899752233,14.508762237762237,2.3251345119139124,0.6377542620451389,14.648765787666735,0.8262976462070029,12.63909982174688,12.104240690186694
2020,DJ Moore,WR,32.6,3.8,CAR,00-0034827,15,14.1,2018,2,vet,True,11,3,14.626785714285711,-0.5267857142857135,23.38398357289528,211.5,16,13.21875,15,15.0,0,15.0,0,14.728288093152896,10.724374752458422,43.90056899752233,13.77111111111111,1.8,0.6945804207807101,14.435947502059305,0.8441051634267999,12.63909982174688,12.185457825446473
2020,Odell Beckham Jr.,WR,35.7,4.6,CLE,00-0031235,6,14.47,2014,6,vet,True,12,3,14.318447404719464,0.1515525952805347,27.822039698836413,86.82,16,5.42625,6,16.0,0,12.0,0,14.172094653012719,10.724374752458422,43.90056899752233,15.966031746031746,2.9076923076923076,0.5846880107925169,14.91713823562754,0.8175783580867417,12.607287581699346,12.195929386037319
2020,JuJu Smith-Schuster,WR,36.9,4.0,PIT,00-0033857,16,14.63125,2017,3,vet,True,13,3,14.318447404719464,0.3128025952805355,23.77549623545517,234.1,16,14.63125,16,12.0,0,16.0,0,14.172094653012719,10.724374752458422,43.90056899752233,12.864789377289375,2.3333333333333335,0.6369406720285308,13.697465278155045,0.8067537338685805,12.607287581699346,11.050481257686817
2020,Amari Cooper,WR,38.1,4.4,DAL,00-0031544,16,14.8,2015,5,vet,True,14,3,14.318447404719464,0.4815525952805366,26.209445585215605,236.8,16,14.8,16,16.0,0,13.0,0,14.172094653012719,10.724374752458422,43.90056899752233,15.17363006617039,2.8181818181818183,0.5922600418414529,14.580460660467931,0.8318236274106598,12.388145780051154,12.128371675908861
2020,Cooper Kupp,WR,40.3,4.3,LAR,00-0033908,15,14.046666666666663,2017,3,vet,True,15,3,14.318447404719464,-0.271780738052799,27.21423682409309,210.7,16,13.16875,15,16.0,0,7.0,0,14.172094653012719,10.724374752458422,43.90056899752233,16.81078231292517,2.3333333333333335,0.6369406720285308,15.130094821547143,0.8057987893784118,12.388145780051154,12.191812090383264
2020,Calvin Ridley,WR,40.9,4.2,ATL,00-0034837,15,18.766666666666666,2018,2,vet,True,16,3,14.318447404719464,4.448219261947202,25.700205338809035,281.5,16,17.59375,15,12.0,0,16.0,0,14.172094653012719,10.724374752458422,43.90056899752233,15.163888888888891,1.8,0.6945804207807101,14.475008031206137,0.7919551373217447,12.388145780051154,11.463556973087213
2020,Robert Woods,WR,42.4,3.6,LAR,00-0030431,16,15.31875,2013,7,vet,True,17,3,13.894337842606388,1.424412157393613,28.39425051334702,245.1,16,15.31875,16,15.0,0,16.0,0,13.650090891029695,10.724374752458422,43.90056899752233,14.814045816388337,2.953488372093023,0.5808883324641696,14.137917980733299,0.8130677364490214,11.760569852941176,11.495084970696743
2020,A.J. Brown,WR,44.4,4.0,TEN,00-0035676,14,17.678571428571427,2019,1,soph,True,18,3,13.894337842606388,3.78423358596504,23.173169062286107,247.5,16,15.46875,14,16.0,0,0.0,1,13.650090891029695,9.637593852025763,40.07883635105247,13.56875,1.0,0.8061487155723212,13.634322854827095,0.8590350988759813,11.760569852941176,11.712361881703446
2020,DK Metcalf,WR,45.3,4.4,SEA,00-0035640,16,16.95625,2019,1,soph,True,19,4,13.894337842606388,3.061912157393614,22.715947980835043,271.3,16,16.95625,16,15.0,0,0.0,1,13.650090891029695,9.637593852025763,40.07883635105247,12.473333333333333,1.0,0.8061487155723212,13.421974927010275,0.8509055240086852,11.760569852941176,11.420832608499113
2020,DJ Chark,WR,47.5,4.7,JAX,00-0034777,13,11.815384615384614,2018,2,vet,True,20,4,13.894337842606388,-2.0789532272217723,23.939767282683093,153.6,16,9.6,13,15.0,0,7.0,0,13.650090891029695,10.724374752458422,43.90056899752233,11.359365079365082,1.8,0.6945804207807101,12.950458377524324,0.8164481793237197,11.760569852941176,10.573378163737347
2020,Tyler Lockett,WR,49.9,4.3,SEA,00-0032211,16,16.5875,2015,5,vet,True,21,4,13.894337842606388,2.693162157393612,27.926078028747433,265.4,16,16.5875,16,16.0,0,16.0,0,13.634474121557455,10.724374752458422,43.90056899752233,13.1815821812596,2.8181818181818183,0.5922600418414529,13.449811980770065,0.8292079942364636,10.629485294117647,11.152691615431904
2020,Terry McLaurin,WR,50.8,3.9,WAS,00-0035659,15,14.92,2019,1,soph,True,22,4,13.894337842606388,1.025662157393613,24.9637234770705,223.8,16,13.9875,15,14.0,0,0.0,1,13.634474121557455,9.637593852025763,40.07883635105247,13.707142857142857,1.0,0.8061487155723212,13.64856104928842,0.8243962347583859,10.629485294117647,11.251822338903336
2020,Keenan Allen,WR,53.5,4.7,LAC,00-0030279,14,17.507142857142856,2013,7,vet,True,23,4,13.173062271062271,4.334080586080583,28.347707049965777,245.1,16,15.31875,14,16.0,0,15.0,0,12.768816677123336,10.724374752458422,43.90056899752233,16.538143982002246,2.953488372093023,0.5808883324641696,14.348585729359474,0.823254972099616,9.982754010695187,11.812544544292782
2020,T.Y. Hilton,WR,57.5,5.0,IND,00-0029608,15,10.946666666666667,2012,8,vet,True,24,4,12.853924073475545,-1.907257406808876,30.798083504449007,164.20000000000002,16,10.262500000000001,15,10.0,0,14.0,0,12.768816677123336,10.724374752458422,43.90056899752233,13.862975687710982,2.9766536964980546,0.5789850632095374,13.229473963804608,0.705737703881485,9.982754010695187,9.336538578775352
2020,Courtland Sutton,WR,58.1,5.5,DEN,00-0034348,1,9.6,2018,2,vet,False,25,4,12.853924073475545,-3.2539240734755435,24.895277207392198,9.6,16,0.6,1,16.0,0,16.0,0,12.768816677123336,10.724374752458422,43.90056899752233,12.107083333333334,1.8,0.6945804207807101,12.56671035770762,0.8488193360944174,9.982754010695187,10.66686674272022
2020,Hollywood Brown,WR,60.0,5.5,BAL,00-0035662,16,11.4375,2019,1,soph,True,26,4,12.853924073475545,-1.416424073475543,23.24435318275154,183.0,16,11.4375,16,14.0,0,0.0,1,12.768816677123336,9.637593852025763,40.07883635105247,10.457142857142857,1.0,0.8061487155723212,12.32069573794228,0.8360155959143354,9.982754010695187,10.300293789435027
2020,Stefon Diggs,WR,65.0,5.8,BUF,00-0031588,16,20.5375,2015,5,vet,True,27,5,12.853924073475545,7.683575926524458,26.757015742642025,328.6,16,20.5375,16,15.0,0,15.0,0,12.768816677123336,10.724374752458422,43.90056899752233,15.104891882311236,2.8181818181818183,0.5922600418414529,13.72132788354187,0.8216163519640958,9.433667647058822,11.273667359778898
2020,DeVante Parker,WR,66.7,5.8,MIA,00-0031547,14,11.87857142857143,2015,5,vet,True,28,5,12.853924073475545,-0.9753526449041132,27.613963039014372,166.3,16,10.39375,14,16.0,0,9.0,0,12.768816677123336,10.724374752458422,43.90056899752233,12.157327188940092,2.8181818181818183,0.5922600418414529,12.519487978797109,0.8094227579542873,9.433667647058822,10.133558487973502
2020,A.J. Green,WR,69.8,6.4,CIN,00-0027942,14,7.95,2011,9,vet,True,29,5,12.739458663273002,-4.789458663273002,32.087611225188226,111.3,16,6.95625,14,0.0,1,8.0,0,12.768816677123336,10.724374752458422,43.90056899752233,17.53874727668845,2.9766536964980546,0.5789850632095374,14.777028706994138,0.6102562262277695,9.369712370242217,9.01777377358966
2020,Will Fuller,WR,70.5,6.1,HOU,00-0033127,10,18.89,2016,4,vet,True,30,5,12.739458663273002,6.150541336726999,26.379192334017795,188.9,16,11.80625,10,10.0,0,7.0,0,12.768816677123336,10.724374752458422,43.90056899752233,13.230666666666666,2.6470588235294117,0.607295714196448,12.950187147415328,0.7186868914038024,9.369712370242217,9.307129744073396
2020,Michael Gallup,WR,72.2,6.7,DAL,00-0034764,16,10.83125,2018,2,vet,True,31,5,12.739458663273002,-1.908208663273001,24.49555099247091,173.3,16,10.83125,16,14.0,0,14.0,0,12.768816677123336,10.724374752458422,43.90056899752233,12.40952380952381,1.8,0.6945804207807101,12.659081600684598,0.8215723980672066,9.369712370242217,10.400352028002898
2020,Julian Edelman,WR,77.2,6.7,NE,00-0027150,6,9.37,2009,11,vet,True,32,5,12.43820922971078,-3.0682092297107797,34.280629705681044,56.22,16,3.51375,6,16.0,0,12.0,0,12.602253734827267,10.724374752458422,43.90056899752233,16.311839355507697,2.407147868959488,0.6297082775128895,13.97588258402244,0.7667938921389222,9.369712370242217,10.716621402679145
2020,Tyler Boyd,WR,78.5,7.0,CIN,00-0033009,14,13.76,2016,4,vet,True,33,6,12.43820922971078,1.3217907702892209,25.796030116358658,192.64,16,12.04,14,16.0,0,14.0,0,12.254807692307693,10.724374752458422,43.90056899752233,13.040178571428571,2.6470588235294117,0.607295714196448,12.563226202483765,0.8374913947420018,9.369712370242217,10.521593834777391
2020,Brandin Cooks,WR,81.5,7.1,HOU,00-0031236,15,15.466666666666669,2014,6,vet,True,34,6,12.2,3.2666666666666657,26.934976043805612,232.0,16,14.5,15,13.0,0,15.0,0,11.544444444444444,10.724374752458422,43.90056899752233,12.2310175010175,2.9076923076923076,0.5846880107925169,11.829586466306061,0.7931130883650997,8.7575306372549,9.382199856373987
2020,Jarvis Landry,WR,85.5,7.6,CLE,00-0031382,15,12.530666666666669,2014,6,vet,True,35,6,11.063778356464836,1.4668883102018295,27.759069130732374,187.96,16,11.7475,15,16.0,0,16.0,0,10.805397550200217,10.724374752458422,43.90056899752233,14.718915343915345,2.9076923076923076,0.5846880107925169,12.430728409906926,0.8303392769849918,8.7575306372549,10.321722040278914
2020,Deebo Samuel Sr.,WR,89.1,8.3,SF,00-0035719,6,13.3,2019,1,soph,True,36,6,11.063778356464836,2.2362216435351616,24.629705681040384,80.7,16,5.04375,6,15.0,0,0.0,1,10.805397550200217,9.637593852025763,40.07883635105247,12.606666666666666,1.0,0.8061487155723212,11.154575882027148,0.8388834860559832,8.7575306372549,9.357389501390927
2020,Diontae Johnson,WR,89.4,7.2,PIT,00-0035216,14,15.928571428571429,2019,1,soph,True,37,6,11.063778356464836,4.8647930721065915,24.15879534565366,223.8,16,13.9875,14,16.0,0,0.0,1,10.805397550200217,9.637593852025763,40.07883635105247,10.31875,1.0,0.8061487155723212,10.71106029753032,0.853213639976359,8.7575306372549,9.138822744462107
2020,CeeDee Lamb,WR,93.2,8.0,DAL,00-0036358,16,13.60625,2020,0,rookie,True,38,6,11.063778356464836,2.542471643535162,21.401779603011637,217.7,16,13.60625,16,0.0,1,0.0,1,10.70903003359944,10.907932747782512,34.93094649994292,,0.0,1.0,10.70903003359944,0.7558685814182109,8.7575306372549,8.094619339861824
2020,Marvin Jones Jr.,WR,95.1,7.7,DET,00-0029293,16,14.2375,2012,8,vet,True,39,6,10.82380934425052,3.413690655749482,30.47501711156742,227.8,16,14.2375,16,13.0,0,9.0,0,10.685002778675576,10.724374752458422,43.90056899752233,13.87753013586679,2.886114801410967,0.5864955678166185,12.005126990740841,0.7401107376442562,8.7575306372549,8.885123392630174
2020,Emmanuel Sanders,WR,100.0,7.8,NO,00-0027685,12,13.491666666666667,2010,10,vet,True,40,7,10.82380934425052,2.6678573224161486,33.46201232032854,164.8,16,10.3,12,15.0,0,12.0,0,10.685002778675576,10.724374752458422,43.90056899752233,13.322520879793608,2.9941463414634146,0.577556107215714,11.799206192600895,0.7580555920659496,8.7575306372549,8.944454236240292
2020,Jamison Crowder,WR,102.6,7.2,NYJ,00-0031941,12,14.335,2015,5,vet,True,41,7,10.82380934425052,3.5111906557494823,27.208761122518823,172.02,16,10.75125,12,16.0,0,9.0,0,10.685002778675576,10.724374752458422,43.90056899752233,11.424443164362518,2.8181818181818183,0.5922600418414529,10.98650217059631,0.8124022849487701,8.7575306372549,8.925459466987064
2020,Henry Ruggs III,WR,104.5,7.6,LV,00-0036357,12,6.783333333333334,2020,0,rookie,True,42,7,10.82380934425052,-4.040476010917184,21.60438056125941,84.10000000000001,16,5.2562500000000005,12,0.0,1,0.0,1,10.685002778675576,10.907932747782512,34.93094649994292,,0.0,1.0,10.685002778675576,0.7540712197125792,8.7575306372549,8.05725307794819
2020,Mecole Hardman Jr.,WR,106.1,9.1,KC,00-0035140,13,9.684615384615386,2019,1,soph,True,43,7,10.169649826735766,-0.48503444212038,22.47501711156742,130.1,16,8.13125,13,9.0,0,0.0,1,10.127995573991226,9.637593852025763,40.07883635105247,9.644444444444444,1.0,0.8061487155723212,10.034258566442126,0.7735117128272748,8.7575306372549,7.761616530680405
2020,Jalen Reagor,WR,109.5,6.4,PHI,00-0036387,9,8.133333333333333,2020,0,rookie,True,44,7,10.169649826735766,-2.036316493402433,21.66461327857632,87.2,16,5.45,9,0.0,1,0.0,1,10.127995573991226,10.907932747782512,34.93094649994292,,0.0,1.0,10.127995573991226,0.7535351526109165,8.373625700280114,7.631800690490166
2020,Jerry Jeudy,WR,112.3,7.7,DEN,00-0036407,15,10.506666666666666,2020,0,rookie,True,45,7,10.169649826735766,0.3370168399309001,21.357973990417523,157.6,16,9.85,15,0.0,1,0.0,1,10.127995573991226,10.907932747782512,34.93094649994292,,0.0,1.0,10.127995573991226,0.7562560287054934,8.373625700280114,7.659357711533419
2020,Darius Slayton,WR,113.2,7.5,NYG,00-0035535,14,9.77142857142857,2019,1,soph,True,46,8,10.169649826735766,-0.3982212553071953,23.63586584531143,141.0,16,8.8125,14,14.0,0,0.0,1,10.127995573991226,9.637593852025763,40.07883635105247,12.142857142857142,1.0,0.8061487155723212,10.51857907705985,0.8334253265872235,8.373625700280114,8.766450202532141
2020,Christian Kirk,WR,116.9,7.6,ARI,00-0034775,14,10.457142857142856,2018,2,vet,True,47,8,10.169649826735766,0.2874930304070915,23.786447638603697,146.4,16,9.15,14,13.0,0,12.0,0,10.127995573991226,10.724374752458422,43.90056899752233,12.05619658119658,1.8,0.6945804207807101,10.716905914262096,0.8070640353874048,8.373625700280114,8.649229334031512
2020,Sterling Shepard,WR,118.9,9.2,NYG,00-0032385,12,13.541666666666666,2016,4,vet,True,48,8,10.169649826735766,3.3720168399309003,27.5564681724846,162.5,16,10.15625,12,10.0,0,16.0,0,10.127995573991226,10.724374752458422,43.90056899752233,13.165626262626263,2.6470588235294117,0.607295714196448,11.3208861641066,0.7451142531396179,8.373625700280114,8.435353639046923
2020,Justin Jefferson,WR,121.5,10.3,MIN,00-0036322,16,17.1375,2020,0,rookie,True,49,8,10.169649826735766,6.9678501732642335,21.21286789869952,274.2,16,17.1375,16,0.0,1,0.0,1,10.127995573991226,10.907932747782512,34.93094649994292,,0.0,1.0,10.127995573991226,0.7575364689306694,7.787396390374333,7.672326004466762
2020,Anthony Miller,WR,126.9,8.4,CHI,00-0034353,15,7.093333333333334,2018,2,vet,True,50,8,10.169649826735766,-3.076316493402432,25.897330595482547,108.7,16,6.79375,15,12.0,0,12.0,0,10.127995573991226,10.724374752458422,43.90056899752233,10.253333333333332,1.8,0.6945804207807101,10.166276179709781,0.7759658068992562,7.787396390374333,7.8886826989491885
2020,DeSean Jackson,WR,127.1,9.3,PHI,00-0026189,4,7.425,2008,12,vet,True,51,8,10.169649826735766,-2.744649826735766,33.752224503764545,44.8,16,2.8,4,1.0,0,12.0,0,10.127995573991226,10.724374752458422,43.90056899752233,23.78356419024714,2.9970717423133237,0.5773178224041653,15.899961053019616,0.4757857045425155,7.787396390374333,7.564974171809495
2020,Preston Williams,WR,130.9,9.1,MIA,00-0035350,8,9.35,2019,1,soph,True,52,8,10.169649826735766,-0.8196498267357661,23.433264887063654,74.8,16,4.675,8,8.0,0,0.0,1,10.127995573991226,9.637593852025763,40.07883635105247,11.35,1.0,0.8061487155723212,10.364882701549334,0.7492824286105302,7.787396390374333,7.766224482880158
2020,Allen Lazard,WR,131.0,8.7,GB,00-0034521,10,9.78,2018,2,vet,True,53,9,10.169649826735766,-0.3896498267357664,24.725530458590008,97.8,16,6.1125,10,11.0,0,0.0,1,10.127995573991226,10.724374752458422,43.90056899752233,9.345454545454546,1.0,0.8036725712424702,9.974361305961347,0.7850480265206939,7.787396390374333,7.830352659049327
2020,Brandon Aiyuk,WR,135.9,9.4,SF,00-0036261,12,15.375,2020,0,rookie,True,54,9,10.169649826735766,5.205350173264234,22.46132785763176,184.5,16,11.53125,12,0.0,1,0.0,1,10.127995573991226,10.907932747782512,34.93094649994292,,0.0,1.0,10.127995573991226,0.7463707190483957,7.787396390374333,7.5592393390788
2020,Sammy Watkins,WR,140.5,11.6,KC,00-0031325,10,8.74,2014,6,vet,True,55,9,10.169649826735766,-1.4296498267357656,27.21697467488022,87.4,16,5.4625,10,13.0,0,8.0,0,10.127995573991226,10.724374752458422,43.90056899752233,11.648988603988604,2.9076923076923076,0.5846880107925169,10.759682214850155,0.7652247981174186,7.400365021008403,8.233575650666289
2020,Golden Tate,WR,145.3,14.2,NYG,00-0027891,11,7.674545454545455,2010,10,vet,True,56,9,9.338003994797472,-1.6634585402520168,32.082135523613964,86.52,16,5.4075,11,11.0,0,15.0,0,9.477996617203935,10.724374752458422,43.90056899752233,13.50959218016696,2.9941463414634146,0.577556107215714,11.18111954095389,0.7154382797880141,7.400365021008403,7.999400930484201
2020,John Brown,WR,149.1,14.0,BUF,00-0031051,9,10.755555555555556,2014,6,vet,True,57,9,9.338003994797472,1.417551560758083,30.414784394250514,96.8,16,6.05,9,15.0,0,15.0,0,9.477996617203935,10.724374752458422,43.90056899752233,11.803246438746438,2.9076923076923076,0.5846880107925169,10.443700745993098,0.7944439423770621,7.400365021008403,8.296934793653021
2020,Michael Pittman Jr.,WR,151.7,12.7,IND,00-0036252,12,8.108333333333333,2020,0,rookie,True,58,9,9.338003994797472,-1.229670661464139,22.90759753593429,98.9,16,6.18125,12,0.0,1,0.0,1,9.477996617203935,10.907932747782512,34.93094649994292,,0.0,1.0,9.477996617203935,0.7422980689644959,7.400365021008403,7.035498586602506
2020,Breshad Perriman,WR,153.0,13.9,NYJ,00-0032054,11,8.727272727272727,2015,5,vet,True,59,10,9.338003994797472,-0.6107312675247449,26.976043805612594,99.10000000000001,16,6.1937500000000005,11,12.0,0,7.0,0,9.477996617203935,10.724374752458422,43.90056899752233,8.908539682539681,2.6470588235294117,0.607295714196448,9.254368438380729,0.7473151279184634,7.400365021008403,6.915929533333085
2020,Parris Campbell,WR,158.4,15.6,IND,00-0035639,1,14.0,2019,1,soph,False,60,10,9.338003994797472,4.661996005202528,23.129363449691994,14.7,16,0.91875,1,4.0,0,0.0,1,9.477996617203935,9.637593852025763,40.07883635105247,7.025,1.0,0.8061487155723212,9.002480072262202,0.681211413529677,7.400365021008403,6.132592175298483
2020,N'Keal Harry,WR,159.0,14.1,NE,00-0035624,13,5.684615384615385,2019,1,soph,True,61,10,9.338003994797472,-3.6533886101820863,22.70773442847365,73.9,16,4.61875,13,5.0,0,0.0,1,9.477996617203935,9.637593852025763,40.07883635105247,7.44,1.0,0.8061487155723212,9.08292835529969,0.7041354416752098,7.400365021008403,6.395611769163233
2020,Mike Williams,WR,161.9,14.9,LAC,00-0033536,13,11.615384615384617,2017,3,vet,True,62,10,8.413288726154798,3.202095889229817,25.911019849418206,153.7,16,9.60625,13,15.0,0,15.0,0,8.259560010822511,10.724374752458422,43.90056899752233,9.962857142857143,2.3333333333333335,0.6369406720285308,8.877957922914735,0.8274851595470291,5.760731209150326,7.34637842829491
2020,Larry Fitzgerald,WR,162.8,15.1,ARI,00-0022921,13,7.761538461538462,2004,16,vet,True,63,10,8.413288726154798,-0.6517502646163358,37.00479123887748,100.9,16,6.30625,13,16.0,0,16.0,0,8.259560010822511,10.724374752458422,43.90056899752233,12.376994207551121,2.9970717423133237,0.5773178224041653,9.999926063203315,0.7585309476490731,5.760731209150326,7.585253393142276
2020,Curtis Samuel,WR,163.9,11.5,CAR,00-0033282,15,14.14,2017,3,vet,True,64,10,8.413288726154798,5.726711273845201,24.057494866529773,212.1,16,13.25625,15,16.0,0,11.0,0,7.2759330831205835,10.724374752458422,43.90056899752233,10.183441558441558,2.3333333333333335,0.6369406720285308,8.331531156241967,0.840145764356031,4.572872899159664,6.999700611516994
2020,Robbie Chosen,WR,163.9,17.8,CAR,00-0032688,16,14.00625,2016,4,vet,True,65,10,8.413288726154798,5.5929612738452015,27.315537303216974,224.1,16,14.00625,16,16.0,0,13.0,0,7.2759330831205835,10.724374752458422,43.90056899752233,10.622783882783883,2.6470588235294117,0.607295714196448,8.590255736093408,0.8242719679888361,4.572872899159664,7.0807070011171005
2020,Bryan Edwards,WR,164.2,14.0,LV,00-0036365,5,5.9399999999999995,2020,0,rookie,True,66,10,8.115833333333333,-2.1758333333333333,21.801505817932924,36.3,16,2.26875,5,0.0,1,0.0,1,7.2759330831205835,10.907932747782512,34.93094649994292,,0.0,1.0,7.2759330831205835,0.7523138968947654,4.572872899159664,5.473785571307991
2021,Davante Adams,WR,6.4,1.6,GB,00-0031381,16,21.51875,2014,7,vet,True,1,1,18.379251629089865,3.139498370910136,28.687200547570157,344.3,17,20.25294117647059,16,14.0,0,12.0,0,17.96796111360416,10.524358656173751,44.3693293070459,21.806169276917313,2.953488372093023,0.5880400776726081,19.54914905043901,0.7914581120197554,15.378736213235294,15.472332599053251
2021,Tyreek Hill,WR,10.6,2.2,KC,00-0033040,17,17.441176470588236,2016,5,vet,True,2,1,17.943725961538462,-0.5025494909502264,27.50444900752909,296.5,17,17.441176470588236,17,15.0,0,12.0,0,17.96796111360416,10.524358656173751,44.3693293070459,19.57084485407066,2.8181818181818183,0.5993515773666387,18.610153955886727,0.8156386375134541,15.378736213235294,15.179160616495068
2021,Stefon Diggs,WR,13.5,2.4,BUF,00-0031588,17,16.794117647058822,2015,6,vet,True,3,1,16.42261932202348,0.3714983250353434,27.756331279945243,285.5,17,16.794117647058822,17,16.0,0,15.0,0,16.551633562515914,10.524358656173751,44.3693293070459,17.864311878597594,2.9076923076923076,0.5918204784901577,17.08744196947048,0.835061954301636,14.806495098039216,14.269072685041815
2021,DeAndre Hopkins,WR,17.0,2.3,ARI,00-0030564,10,14.72,2013,8,vet,True,4,2,16.42261932202348,-1.7026193220234802,29.23750855578371,147.2,17,8.658823529411764,10,16.0,0,15.0,0,16.551633562515914,10.524358656173751,44.3693293070459,18.29357450980392,2.9766536964980546,0.5861461473236718,17.27254253468571,0.8239479094763583,14.806495098039216,14.231675312795769
2021,Calvin Ridley,WR,18.0,2.1,ATL,00-0034837,5,14.22,2018,3,vet,True,5,2,16.42261932202348,-2.20261932202348,26.699520876112253,71.1,17,4.18235294117647,5,15.0,0,12.0,0,16.551633562515914,10.524358656173751,44.3693293070459,17.222619047619048,2.3333333333333335,0.6437225769481915,16.790690542053625,0.8219759614847348,14.806495098039216,13.801544002297172
2021,DK Metcalf,WR,19.7,2.3,SEA,00-0035640,17,14.370588235294118,2019,2,vet,True,6,2,15.39774859415863,-1.0271603588645115,23.71526351813826,244.3,17,14.370588235294118,17,16.0,0,15.0,0,15.322989507768918,10.524358656173751,44.3693293070459,15.461944444444446,1.8,0.7007914132472959,15.364566017993914,0.8625226646145042,13.02546451914099,13.252286422485573
2021,Justin Jefferson,WR,22.4,1.9,MIN,00-0036322,17,19.435294117647057,2020,1,soph,True,7,2,15.39774859415863,4.037545523488427,22.21218343600274,330.4,17,19.435294117647057,17,16.0,0,0.0,1,15.322989507768918,9.777979312960948,40.391574494575345,17.1375,1.0,0.8051013299725195,15.676635189455666,0.8540997227074913,13.02546451914099,13.389409768300586
2021,A.J. Brown,WR,24.8,2.4,TEN,00-0035676,13,13.915384615384616,2019,2,vet,True,8,2,15.39774859415863,-1.4823639787740142,24.17248459958932,180.9,17,10.641176470588235,13,14.0,0,16.0,0,15.322989507768918,10.524358656173751,44.3693293070459,16.308630952380952,1.8,0.7007914132472959,15.617901891456178,0.8389216324489991,13.02546451914099,13.102195750208727
2021,Keenan Allen,WR,25.9,2.6,LAC,00-0030279,16,16.1125,2013,8,vet,True,9,2,15.39774859415863,0.7147514058413709,29.347022587268995,257.8,17,15.164705882352942,16,14.0,0,16.0,0,15.322989507768918,10.524358656173751,44.3693293070459,17.024543417366942,2.9766536964980546,0.5861461473236718,16.02718414879253,0.7982841738133217,13.02546451914099,12.79424745677281
2021,CeeDee Lamb,WR,29.6,2.8,DAL,00-0036358,16,14.55,2020,1,soph,True,10,2,14.881502854988153,-0.3315028549881518,22.401095140314855,232.8,17,13.694117647058825,16,16.0,0,0.0,1,15.163130959114415,9.777979312960948,40.391574494575345,13.60625,1.0,0.8051013299725195,14.859696930791909,0.852845924863121,13.02546451914099,12.673031972126907
2021,Terry McLaurin,WR,30.3,2.8,WAS,00-0035659,17,12.558823529411764,2019,2,vet,True,11,2,14.881502854988153,-2.322679325576388,25.963039014373717,213.5,17,12.558823529411764,17,15.0,0,14.0,0,15.163130959114415,10.524358656173751,44.3693293070459,14.515714285714287,1.8,0.7007914132472959,14.969418331226226,0.833039207929396,13.02546451914099,12.470112389808476
2021,Allen Robinson II,WR,32.7,3.1,CHI,00-0031428,12,7.25,2014,7,vet,True,12,3,14.626785714285711,-7.376785714285713,28.021902806297057,87.0,17,5.117647058823529,12,16.0,0,16.0,0,15.163130959114415,10.524358656173751,44.3693293070459,15.54270523594053,2.623865110246433,0.6163791407592312,15.308743569336144,0.8357669098568107,13.02546451914099,12.794541306734391
2021,Robert Woods,WR,35.1,3.1,LAR,00-0030431,9,15.244444444444444,2013,8,vet,True,13,3,14.318447404719464,0.9259970397249796,29.39356605065024,137.2,17,8.070588235294117,9,16.0,0,15.0,0,14.08715052104758,10.524358656173751,44.3693293070459,15.067387524240466,2.9766536964980546,0.5861461473236718,14.492825381354855,0.8227432815777265,12.54525,11.923874713588859
2021,Mike Evans,WR,37.8,3.3,TB,00-0031408,15,17.34,2014,7,vet,True,14,3,14.318447404719464,3.021552595280536,28.030116358658454,262.5,17,15.441176470588236,15,16.0,0,13.0,0,13.833674193453607,10.524358656173751,44.3693293070459,16.38292650918635,2.953488372093023,0.5880400776726081,14.883863979435791,0.8276357201646842,12.10793730650155,12.318417483453544
2021,Amari Cooper,WR,40.0,3.5,DAL,00-0031544,15,13.5,2015,6,vet,True,15,3,14.318447404719464,-0.8184474047194641,27.208761122518823,202.5,17,11.911764705882353,15,16.0,0,16.0,0,13.833674193453607,10.524358656173751,44.3693293070459,14.983849715099716,2.9076923076923076,0.5918204784901577,14.30315228753145,0.8416048673242088,12.10793730650155,12.03760258326586
2021,Cooper Kupp,WR,41.3,3.4,LAR,00-0033908,17,25.852941176470587,2017,4,vet,True,16,3,14.318447404719464,11.534493771751125,28.213552361396303,439.5,17,25.852941176470587,17,15.0,0,16.0,0,13.833674193453607,10.524358656173751,44.3693293070459,15.336587301587299,2.6470588235294117,0.614296047497012,14.413353719529322,0.8214681151399672,12.10793730650155,11.840110512827389
2021,Diontae Johnson,WR,44.9,4.3,PIT,00-0035216,16,17.15,2019,2,vet,True,17,4,13.894337842606388,3.255662157393612,25.15811088295688,274.4,17,16.141176470588235,16,14.0,0,16.0,0,13.803577501085906,10.524358656173751,44.3693293070459,14.058630952380952,1.8,0.7007914132472959,13.879891683794298,0.8317271154426189,12.049474789915966,11.544282272818226
2021,Julio Jones,WR,46.0,4.6,TEN,00-0027944,8,9.8375,2011,10,vet,True,18,4,13.894337842606388,-4.056837842606386,32.56125941136208,80.4,17,4.729411764705882,8,9.0,0,15.0,0,13.803577501085906,10.524358656173751,44.3693293070459,17.461668761346182,2.9941463414634146,0.5847240636859947,15.32269477431257,0.6754563337257998,12.049474789915966,10.34981123505664
2021,Chris Godwin Jr.,WR,47.2,5.0,TB,00-0033921,14,17.314285714285713,2017,4,vet,True,19,4,13.894337842606388,3.4199478716793266,25.51129363449692,242.4,17,14.258823529411766,14,12.0,0,14.0,0,13.803577501085906,10.524358656173751,44.3693293070459,15.775714285714287,2.6470588235294117,0.614296047497012,14.564238453793607,0.7956944630377792,12.049474789915966,11.58868389604548
2021,Tyler Lockett,WR,48.4,5.4,SEA,00-0032211,16,15.0875,2015,6,vet,True,20,4,13.894337842606388,1.1931621573936138,28.92539356605065,241.4,17,14.200000000000001,16,16.0,0,16.0,0,13.803577501085906,10.524358656173751,44.3693293070459,14.911572184429327,2.9076923076923076,0.5918204784901577,14.255838240768473,0.8290788976077773,11.112236159169548,11.819214653131121
2021,Adam Thielen,WR,52.3,4.9,MIN,00-0030035,13,15.36923076923077,2013,8,vet,True,21,4,13.173062271062271,2.196168498168497,31.028062970568104,199.8,17,11.75294117647059,13,15.0,0,9.0,0,13.05185347985348,10.524358656173751,44.3693293070459,15.71440444944382,2.953488372093023,0.5880400776726081,14.14871777047864,0.7759824070805634,10.10635026737968,10.979156072639558
2021,Brandon Aiyuk,WR,53.9,4.5,SF,00-0036261,15,11.226666666666668,2020,1,soph,True,22,4,12.853924073475545,-1.6272574068088763,23.460643394934976,170.3,17,10.01764705882353,15,12.0,0,0.0,1,13.05185347985348,9.777979312960948,40.391574494575345,15.375,1.0,0.8051013299725195,13.504631646909006,0.7922600772618913,10.10635026737968,10.69918051197351
2021,DJ Moore,WR,57.0,4.7,CAR,00-0034827,17,13.970588235294118,2018,3,vet,True,23,4,12.853924073475545,1.1166641618185746,24.383299110198493,237.5,17,13.970588235294118,17,15.0,0,15.0,0,12.911025892000156,10.524358656173751,44.3693293070459,13.95904761904762,2.3333333333333335,0.6437225769481915,13.284412372214932,0.8468859013804189,9.75798002219756,11.25038154615243
2021,Chase Claypool,WR,61.1,4.8,PIT,00-0036326,15,11.106666666666666,2020,1,soph,True,24,5,12.853924073475545,-1.7472574068088775,23.15400410677618,166.6,17,9.799999999999999,15,15.0,0,0.0,1,12.911025892000156,9.777979312960948,40.391574494575345,14.273333333333333,1.0,0.8051013299725195,13.176537800484532,0.8356998521211385,9.75798002219756,11.011630691333515
2021,Tee Higgins,WR,61.3,6.6,CIN,00-0036410,14,15.65,2020,1,soph,True,25,5,12.853924073475545,2.7960759265244572,22.62012320328542,219.1,17,12.888235294117647,14,14.0,0,0.0,1,12.911025892000156,9.777979312960948,40.391574494575345,13.9,1.0,0.8051013299725195,13.10377563034094,0.8269756032224715,9.75798002219756,10.83650275639312
2021,Jerry Jeudy,WR,64.1,5.2,DEN,00-0036407,10,8.5,2020,1,soph,True,26,5,12.853924073475545,-4.353924073475543,22.357289527720738,85.0,17,5.0,10,15.0,0,0.0,1,12.911025892000156,9.777979312960948,40.391574494575345,10.506666666666666,1.0,0.8051013299725195,12.442419476714354,0.8414234497243701,9.75798002219756,10.469343519014684
2021,Odell Beckham Jr.,WR,69.0,5.6,LAR,00-0031235,13,9.807692307692308,2014,7,vet,True,27,5,12.739458663273002,-2.9317663555806934,28.82135523613963,129.1,17,7.594117647058823,13,6.0,0,16.0,0,12.869228047281526,10.524358656173751,44.3693293070459,15.21212598425197,2.953488372093023,0.5880400776726081,13.834408099416876,0.6635098849866085,9.75798002219756,9.179266526901896
2021,Michael Thomas,WR,69.5,5.9,NO,00-0032765,0,,2016,5,vet,False,28,5,12.739458663273002,,28.49828884325804,0.0,17,0.0,0,7.0,0,16.0,0,12.79996716743226,10.524358656173751,44.3693293070459,16.364696620583718,2.8181818181818183,0.5993515773666387,14.228170399952077,0.6871194458148422,9.75798002219756,9.776452560174214
2021,Antonio Brown,WR,72.7,6.3,TB,00-0027793,7,17.3,2010,11,vet,True,29,5,12.739458663273002,4.560541336726999,33.14442162902122,121.1,17,7.123529411764705,7,8.0,0,1.0,0,12.379628104953182,10.524358656173751,44.3693293070459,16.763802773110296,2.9970717423133237,0.584486913255158,14.201310054147688,0.5847620990927682,9.334319852941176,8.304387877130637
2021,Robbie Chosen,WR,75.0,5.8,CAR,00-0032688,16,8.65625,2016,5,vet,True,30,5,12.43820922971078,-3.781959229710779,28.314852840520192,138.5,17,8.147058823529411,16,16.0,0,16.0,0,12.379628104953182,10.524358656173751,44.3693293070459,12.369088975540588,2.8181818181818183,0.5993515773666387,12.375405619378098,0.8336217151077698,9.334319852941176,10.316406857580303
2021,Ja'Marr Chase,WR,77.4,5.8,CIN,00-0036900,17,17.91764705882353,2021,0,rookie,True,31,5,12.43820922971078,5.479437829112751,21.503080082135522,304.6,17,17.91764705882353,17,0.0,1,0.0,1,12.379628104953182,10.674995442373307,34.25729054919187,,0.0,1.0,12.379628104953182,0.7565630077069638,9.334319852941176,9.36596867337704
2021,DeVonta Smith,WR,77.6,6.2,PHI,00-0036912,17,10.91764705882353,2021,0,rookie,True,32,5,12.43820922971078,-1.5205621708872492,22.798083504449007,185.6,17,10.91764705882353,17,0.0,1,0.0,1,12.379628104953182,10.674995442373307,34.25729054919187,,0.0,1.0,12.379628104953182,0.7436829461872838,9.334319852941176,9.206518301794484
2021,JuJu Smith-Schuster,WR,82.5,6.8,PIT,00-0033857,4,8.549999999999999,2017,4,vet,True,33,6,11.063778356464836,-2.5137783564648384,24.774811772758383,34.8,17,2.0470588235294116,4,16.0,0,12.0,0,12.373397435897438,10.524358656173751,44.3693293070459,13.806901709401707,2.6470588235294117,0.614296047497012,12.92630570011796,0.8484513607800734,9.334319852941176,10.967341661124303
2021,Kenny Golladay,WR,82.8,6.8,NYG,00-0033932,13,6.853846153846154,2017,4,vet,True,34,6,11.063778356464836,-4.209932202618683,27.82751540041068,89.10000000000001,17,5.241176470588236,13,5.0,0,16.0,0,12.373397435897438,10.524358656173751,44.3693293070459,13.676761904761905,2.6470588235294117,0.614296047497012,12.876110263090421,0.6550142269496099,9.334319852941176,8.43403541009611
2021,Courtland Sutton,WR,85.7,7.1,DEN,00-0034348,17,8.83764705882353,2018,3,vet,True,35,6,11.063778356464836,-2.2261312976413077,25.894592744695416,150.24,17,8.83764705882353,17,1.0,0,16.0,0,11.049444109560627,10.524358656173751,44.3693293070459,10.674464285714285,2.3333333333333335,0.6437225769481915,10.915847264224231,0.594228412753116,9.334319852941176,6.486506593675409
2021,Laviska Shenault Jr.,WR,85.9,6.2,JAX,00-0036268,16,7.9375,2020,1,soph,True,36,6,11.063778356464836,-3.1262783564648373,22.90759753593429,127.0,17,7.470588235294118,16,13.0,0,0.0,1,11.049444109560627,9.777979312960948,40.391574494575345,12.015384615384615,1.0,0.8051013299725195,11.237704629471393,0.8113061863973041,9.334319852941176,9.117219286795766
2021,Corey Davis,WR,89.6,7.1,NYJ,00-0033871,9,11.68888888888889,2017,4,vet,True,37,6,11.063778356464836,0.6251105324240527,26.639288158795345,105.2,17,6.188235294117647,9,14.0,0,15.0,0,11.038778759262357,10.524358656173751,44.3693293070459,11.288862914862914,2.6470588235294117,0.614296047497012,11.135237206535864,0.817587515007779,8.657093425605538,9.104030916713821
2021,Deebo Samuel Sr.,WR,89.8,6.9,SF,00-0035719,15,21.737333333333332,2019,2,vet,True,38,6,11.063778356464836,10.673554976868497,25.6290212183436,338.96000000000004,17,19.938823529411767,15,6.0,0,15.0,0,11.038778759262357,10.524358656173751,44.3693293070459,13.068888888888887,1.8,0.7007914132472959,11.64620514210026,0.6961807125630377,8.657093425605538,8.107863394482672
2021,Marquez Callaway,WR,90.5,8.9,NO,00-0036219,16,9.4875,2020,1,soph,True,39,6,11.063778356464836,-1.5762783564648384,23.433264887063654,151.79999999999998,17,8.92941176470588,16,5.0,0,0.0,1,11.038778759262357,9.777979312960948,40.391574494575345,7.94,1.0,0.8051013299725195,10.434830900372718,0.6695374971627456,8.657093425605538,6.986510564352029
2021,Tyler Boyd,WR,97.3,8.6,CIN,00-0033009,16,11.49,2016,5,vet,True,40,7,10.82380934425052,0.6661906557494817,26.795345653661876,183.84,17,10.814117647058824,16,14.0,0,16.0,0,10.538203068557738,10.524358656173751,44.3693293070459,13.41169930875576,2.8181818181818183,0.5993515773666387,11.68946480463597,0.8192132966882891,8.635216577540106,9.57616499912756
2021,Jaylen Waddle,WR,99.2,7.8,MIA,00-0036613,16,15.4875,2021,0,rookie,True,41,7,10.82380934425052,4.663690655749482,22.767967145790553,247.8,17,14.576470588235296,16,0.0,1,0.0,1,10.538203068557738,10.674995442373307,34.25729054919187,,0.0,1.0,10.538203068557738,0.7439874983049055,8.635216577540106,7.8402913376053505
2021,Mecole Hardman Jr.,WR,100.0,7.0,KC,00-0035140,15,8.826666666666666,2019,2,vet,True,42,7,10.82380934425052,-1.9971426775838523,23.474332648870636,140.9,17,8.288235294117648,15,13.0,0,9.0,0,10.538203068557738,10.524358656173751,44.3693293070459,9.671225071225072,1.8,0.7007914132472959,10.278795807230143,0.811863225194176,8.635216577540106,8.344976315170237
2021,Brandin Cooks,WR,102.9,9.9,HOU,00-0031236,16,14.4875,2014,7,vet,True,43,7,10.82380934425052,3.663690655749482,27.93429158110883,231.8,17,13.63529411764706,16,15.0,0,13.0,0,10.538203068557738,10.524358656173751,44.3693293070459,13.861580860084796,2.953488372093023,0.5880400776726081,11.907301525419804,0.8150980261333072,8.635216577540106,9.7056179699438
2021,Michael Pittman Jr.,WR,104.4,8.1,IND,00-0036252,17,14.03529411764706,2020,1,soph,True,44,7,10.82380934425052,3.21148477339654,23.906913073237508,238.6,17,14.035294117647059,17,12.0,0,0.0,1,10.538203068557738,9.777979312960948,40.391574494575345,8.108333333333333,1.0,0.8051013299725195,10.064624688822475,0.7883350348719104,8.635216577540106,7.934296255035556
2021,Darnell Mooney,WR,109.0,7.0,CHI,00-0036309,17,12.923529411764704,2020,1,soph,True,45,7,10.169649826735766,2.7538795850289386,23.84120465434634,219.7,17,12.923529411764704,17,16.0,0,0.0,1,9.980642347119742,9.777979312960948,40.391574494575345,9.50625,1.0,0.8051013299725195,9.88818390959489,0.842993185698585,8.258946078431373,8.335671654722885
2021,DJ Chark,WR,112.8,7.9,JAX,00-0034777,3,11.466666666666669,2018,3,vet,False,46,7,10.169649826735766,1.2970168399309028,24.93908281998631,34.400000000000006,17,2.0235294117647062,3,13.0,0,15.0,0,9.980642347119742,10.524358656173751,44.3693293070459,11.619947671376243,2.3333333333333335,0.6437225769481915,10.564689823640958,0.8175378199652757,8.258946078431373,8.637033487028763
2021,Jakobi Meyers,WR,116.2,9.9,NE,00-0034960,16,11.64375,2019,2,vet,True,47,8,10.169649826735766,1.474100173264235,24.810403832991103,186.3,17,10.958823529411765,16,11.0,0,10.0,0,9.980642347119742,10.524358656173751,44.3693293070459,10.49121212121212,1.8,0.7007914132472959,10.13340920766457,0.7737038300799582,8.258946078431373,7.840257515737593
2021,Mike Williams,WR,116.2,7.7,LAC,00-0033536,16,15.4125,2017,4,vet,True,48,8,10.169649826735766,5.242850173264234,26.910335386721425,246.6,17,14.505882352941176,16,13.0,0,15.0,0,9.980642347119742,10.524358656173751,44.3693293070459,10.844205128205127,2.6470588235294117,0.614296047497012,10.313721925018848,0.8014109916173244,8.258946078431373,8.265530115194695
2021,Jarvis Landry,WR,118.2,9.0,CLE,00-0031382,11,11.918181818181818,2014,7,vet,True,49,8,10.169649826735766,1.7485319914460522,28.758384668035593,133.0,17,7.823529411764706,11,15.0,0,16.0,0,9.980642347119742,10.524358656173751,44.3693293070459,13.616175853018373,2.953488372093023,0.5880400776726081,11.478336447828372,0.8171879784321154,8.258946078431373,9.379958557564537
2021,Henry Ruggs III,WR,123.9,11.0,LV,00-0036357,7,12.071428571428571,2020,1,soph,True,50,8,10.169649826735766,1.9017787446928056,22.60369609856263,84.5,17,4.970588235294118,7,12.0,0,0.0,1,9.980642347119742,9.777979312960948,40.391574494575345,6.783333333333334,1.0,0.8051013299725195,9.357491072665896,0.7996458589516003,7.936995320855616,7.482678986433853
2021,Marvin Jones Jr.,WR,126.0,11.6,JAX,00-0029293,17,10.6,2012,9,vet,True,51,8,10.169649826735766,0.4303501732642338,31.474332648870636,180.2,17,10.6,17,16.0,0,13.0,0,9.980642347119742,10.524358656173751,44.3693293070459,14.059290067263442,2.9422423167172207,0.5889639429129143,11.65711362425484,0.7999805060492075,7.936995320855616,9.325463656204498
2021,Will Fuller,WR,129.2,11.0,MIA,00-0033127,2,4.3,2016,5,vet,False,52,8,10.169649826735766,-5.869649826735766,27.378507871321013,8.6,17,0.5058823529411764,2,10.0,0,10.0,0,9.980642347119742,10.524358656173751,44.3693293070459,16.151612903225807,2.8181818181818183,0.5993515773666387,12.453031966540554,0.7315468559044825,7.936995320855616,9.109976381600758
2021,Elijah Moore,WR,132.6,10.0,NYJ,00-0036980,11,12.563636363636364,2021,0,rookie,True,53,9,10.169649826735766,2.393986536900597,21.43189596167009,138.2,17,8.129411764705882,11,0.0,1,0.0,1,9.980642347119742,10.674995442373307,34.25729054919187,,0.0,1.0,9.980642347119742,0.7572581225972786,7.936995320855616,7.5579224860947924
2021,Russell Gage Jr.,WR,133.8,10.4,ATL,00-0034411,13,12.538461538461538,2018,3,vet,True,54,9,10.169649826735766,2.3688117117257725,25.609856262833677,163.0,17,9.588235294117647,13,16.0,0,12.0,0,9.980642347119742,10.524358656173751,44.3693293070459,9.242619047619048,2.3333333333333335,0.6437225769481915,9.717701307821443,0.8426645625507604,7.936995320855616,8.188762521554308
2021,Michael Gallup,WR,135.4,11.0,DAL,00-0034764,9,10.166666666666666,2018,3,vet,True,55,9,10.169649826735766,-0.0029831600690997,25.49486652977413,91.5,17,5.382352941176471,9,16.0,0,14.0,0,9.980642347119742,10.524358656173751,44.3693293070459,11.50765306122449,2.3333333333333335,0.6437225769481915,10.524681789313483,0.8484807081882967,7.936995320855616,8.929989458053173
2021,Curtis Samuel,WR,140.2,12.9,WAS,00-0033282,2,2.95,2017,4,vet,False,56,9,10.169649826735766,-7.219649826735766,25.05681040383299,9.8,17,0.5764705882352942,2,15.0,0,16.0,0,9.980642347119742,10.524358656173751,44.3693293070459,12.29360606060606,2.6470588235294117,0.614296047497012,10.872761593407404,0.8447310598237388,7.257219887955182,9.184559424009878
2021,Hollywood Brown,WR,140.9,14.9,BAL,00-0035662,16,14.26875,2019,2,vet,True,57,9,10.169649826735766,4.099100173264235,24.243668720054757,228.3,17,13.429411764705883,16,16.0,0,14.0,0,9.980642347119742,10.524358656173751,44.3693293070459,11.110714285714286,1.8,0.7007914132472959,10.318769574795503,0.8568215105821394,7.257219887955182,8.841343734425303
2021,Gabe Davis,WR,144.3,24.2,BUF,00-0036196,12,10.0,2020,1,soph,True,58,9,10.0,0.0,22.50513347022587,125.9,17,7.405882352941177,12,13.0,0,0.0,1,9.728041663005698,9.777979312960948,40.391574494575345,9.076923076923077,1.0,0.8051013299725195,9.601139516548022,0.8145543507616061,7.257219887955182,7.8206499654733745
2021,Rondale Moore,WR,146.4,16.1,ARI,00-0036936,14,7.935714285714285,2021,0,rookie,True,59,9,9.338003994797472,-1.4022897090831865,21.229295003422312,111.1,17,6.535294117647059,14,0.0,1,0.0,1,9.644191419691419,10.674995442373307,34.25729054919187,,0.0,1.0,9.644191419691419,0.7592291350066781,7.257219887955182,7.322151109411143
2021,Bryan Edwards,WR,148.2,20.3,LV,00-0036365,14,7.635714285714286,2020,1,soph,True,60,9,9.338003994797472,-1.7022897090831854,22.80082135523614,109.1,17,6.417647058823529,14,5.0,0,0.0,1,9.644191419691419,9.777979312960948,40.391574494575345,5.9399999999999995,1.0,0.8051013299725195,8.922249438466357,0.6769212475735934,7.257219887955182,6.03966022104944
2021,Terrace Marshall Jr.,WR,149.0,16.4,CAR,00-0036955,8,3.9,2021,0,rookie,True,61,9,9.338003994797472,-5.438003994797471,21.229295003422312,32.800000000000004,17,1.9294117647058826,8,0.0,1,0.0,1,9.644191419691419,10.674995442373307,34.25729054919187,,0.0,1.0,9.644191419691419,0.7592291350066781,7.257219887955182,7.322151109411143
2021,Cole Beasley,WR,150.9,16.4,BUF,00-0029000,16,9.95625,2012,9,vet,True,62,9,9.338003994797472,0.6182460052025291,32.35044490075291,159.3,17,9.370588235294118,16,15.0,0,15.0,0,9.644191419691419,10.524358656173751,44.3693293070459,12.205721023920633,2.9883040935672516,0.585198247516701,10.706718388563548,0.7837326483595147,7.257219887955182,8.391204757908426
2021,A.J. Green,WR,156.6,20.9,ARI,00-0027942,15,10.293333333333331,2011,10,vet,True,63,10,9.338003994797472,0.9553293385358614,33.086926762491444,156.8,17,9.223529411764707,15,14.0,0,0.0,1,9.025944055944056,10.524358656173751,44.3693293070459,11.137914674779081,2.071520375789203,0.6705278010750122,9.7217796597966,0.7327953191867317,6.938611111111111,7.124074628863725
2021,Amon-Ra St. Brown,WR,158.5,14.7,DET,00-0036963,15,15.073333333333332,2021,0,rookie,True,64,10,9.338003994797472,5.735329338535861,21.856262833675565,227.3,17,13.370588235294118,15,0.0,1,0.0,1,9.025944055944056,10.674995442373307,34.25729054919187,,0.0,1.0,9.025944055944056,0.7530942417141403,6.092438330170778,6.7973864945654405
2021,Randall Cobb,WR,159.7,18.2,GB,00-0028002,9,10.144444444444444,2011,10,vet,True,65,10,8.413288726154798,1.7311557182896458,31.028062970568104,95.6,17,5.623529411764705,9,10.0,0,15.0,0,8.227986149534228,10.524358656173751,44.3693293070459,10.343555059038929,2.9941463414634146,0.5847240636859947,9.106531009265591,0.7119561811414286,6.092438330170778,6.48345104080273
2021,Tyrell Williams,WR,160.0,21.3,DET,00-0032160,1,3.4,2015,6,vet,False,66,10,8.413288726154798,-5.013288726154798,29.5523613963039,3.4,17,0.19999999999999998,1,0.0,1,13.0,0,8.227986149534228,10.524358656173751,44.3693293070459,10.70646254283351,2.8181818181818183,0.5993515773666387,9.220983807043607,0.6936723738726687,6.092438330170778,6.396341726873377
2021,DeVante Parker,WR,162.3,14.0,MIA,00-0031547,9,11.5,2015,6,vet,True,67,10,8.413288726154798,3.086711273845202,28.61327857631759,103.5,17,6.088235294117647,9,14.0,0,16.0,0,8.227986149534228,10.524358656173751,44.3693293070459,12.015736961451248,2.9076923076923076,0.5918204784901577,9.774068463541035,0.8044819428937469,6.092438330170778,7.863061587525991
2021,Nelson Agholor,WR,170.7,25.1,NE,00-0031549,13,7.907692307692307,2015,6,vet,True,68,10,7.737402755974185,0.1702895517181222,28.27378507871321,103.39999999999999,17,6.08235294117647,13,14.0,0,10.0,0,7.496031746031746,10.524358656173751,44.3693293070459,11.084158936301794,2.9076923076923076,0.5918204784901577,8.960631785672629,0.7887212989506937,4.762454044117647,7.067441141414589
2021,Marquez Valdes-Scantling,WR,170.9,23.5,GB,00-0034272,10,8.7,2018,3,vet,True,69,10,7.737402755974185,0.9625972440258144,26.89390828199863,87.0,17,5.117647058823529,10,12.0,0,12.0,0,7.496031746031746,10.524358656173751,44.3693293070459,9.550732600732601,2.3333333333333335,0.6437225769481915,8.228075271686915,0.7769150127400422,4.762454044117647,6.3925152045286655
2022,Justin Jefferson,WR,4.6,1.4,MIN,00-0036322,17,21.685882352941174,2020,2,vet,True,1,1,19.556530987394957,2.1293513655462206,23.211498973305954,368.66,17,21.685882352941178,17,17.0,0,16.0,0,19.25233793517407,11.065734550023913,44.28654846522704,18.669362745098038,1.8,0.6897692965228628,19.071481131847065,0.8661352502102497,17.661257352941174,16.518482082012415
2022,Cooper Kupp,WR,5.7,1.8,LAR,00-0033908,9,22.37777777777778,2017,5,vet,True,2,1,18.379251629089865,3.9985261486879153,29.21286789869952,201.4,17,11.847058823529412,9,17.0,0,15.0,0,18.046041116699204,11.065734550023913,44.28654846522704,20.764382849914156,2.8181818181818183,0.5867959720434914,19.1692708702259,0.8276327951100038,15.733348416289592,15.865117230545836
2022,Ja'Marr Chase,WR,8.7,1.8,CIN,00-0036900,12,20.2,2021,1,soph,True,3,1,17.943725961538462,2.2562740384615374,22.50239561943874,242.4,17,14.258823529411766,12,17.0,0,0.0,1,17.79330769230769,9.45510750327467,40.02789616832064,17.91764705882353,1.0,0.8089221186727964,17.817066195027103,0.8751708129858634,15.733348416289592,15.592976306924813
2022,Davante Adams,WR,12.0,2.5,LV,00-0031381,17,19.735294117647054,2014,8,vet,True,4,1,16.94065359477124,2.7946405228758167,29.686516084873375,335.5,17,19.735294117647058,17,16.0,0,14.0,0,16.21734992237364,11.065734550023913,44.28654846522704,21.661896071249014,2.9766536964980546,0.5734712129658783,18.539605587204754,0.8084031308406722,14.981088235294118,14.987475201247541
2022,Stefon Diggs,WR,13.6,2.0,BUF,00-0031588,16,19.7875,2015,7,vet,True,5,1,16.42261932202348,3.3648806779765223,28.75564681724846,316.6,17,18.623529411764707,16,17.0,0,16.0,0,16.21734992237364,11.065734550023913,44.28654846522704,17.325001399711912,2.953488372093023,0.5753811279479122,16.687679643307845,0.8329948522679682,14.165335317305914,13.900751239172399
2022,CeeDee Lamb,WR,17.5,2.6,DAL,00-0036358,17,17.741176470588233,2020,2,vet,True,6,2,16.42261932202348,1.3185571485647536,23.40041067761807,301.59999999999997,17,17.741176470588233,17,16.0,0,16.0,0,16.21734992237364,11.065734550023913,44.28654846522704,14.235416666666666,1.8,0.6897692965228628,15.602493374210932,0.8541964440808575,13.976403743315506,13.327594359046117
2022,Deebo Samuel Sr.,WR,19.6,2.9,SF,00-0035719,13,12.953846153846154,2019,3,vet,True,7,2,15.39774859415863,-2.443902440312476,26.628336755646817,168.4,17,9.905882352941177,13,15.0,0,6.0,0,15.465683356676005,11.065734550023913,44.28654846522704,18.02228571428571,2.3333333333333335,0.6317030229798487,16.40727227642625,0.795750925102327,13.412173202614378,13.056102092371953
2022,Tyreek Hill,WR,22.7,3.4,MIA,00-0033040,17,20.070588235294117,2016,6,vet,True,8,2,15.39774859415863,4.672839641135488,28.503764544832308,341.2,17,20.070588235294117,17,17.0,0,15.0,0,15.366946706887884,11.065734550023913,44.28654846522704,18.48910853230181,2.9076923076923076,0.5791945657102862,16.680769369753957,0.8323289093690834,12.863827540106954,13.883886576964525
2022,Michael Pittman Jr.,WR,24.9,3.2,IND,00-0036252,16,13.53125,2020,2,vet,True,9,2,15.39774859415863,-1.8664985941586296,24.906228610540726,216.5,17,12.735294117647058,16,17.0,0,12.0,0,15.366946706887884,11.065734550023913,44.28654846522704,12.059640522875817,1.8,0.6897692965228628,14.340918782807535,0.8482918388951621,12.863827540106954,12.165284365713974
2022,Mike Evans,WR,26.5,3.2,TB,00-0031408,15,15.026666666666667,2014,8,vet,True,10,2,14.881502854988153,0.1451638116785147,29.02943189596167,225.4,17,13.258823529411766,15,15.0,0,16.0,0,14.677550697793912,11.065734550023913,44.28654846522704,16.863339869281045,2.9766536964980546,0.5734712129658783,15.609852701820635,0.8042804867308749,12.863827540106954,12.554699928817564
2022,Keenan Allen,WR,29.5,3.3,LAC,00-0030279,10,16.4,2013,9,vet,True,11,2,14.881502854988153,1.518497145011846,30.34633812457221,164.0,17,9.647058823529411,10,16.0,0,14.0,0,14.677550697793912,11.065734550023913,44.28654846522704,16.56762929829466,2.9883040935672516,0.5725154548866374,15.485530088557475,0.8035607135211075,12.863827540106954,12.443563607213823
2022,A.J. Brown,WR,30.4,3.6,PHI,00-0035676,17,17.623529411764707,2019,3,vet,True,12,2,14.881502854988153,2.7420265567765547,25.17180013689254,299.6,17,17.623529411764707,17,13.0,0,14.0,0,14.677550697793912,11.065734550023913,44.28654846522704,14.941061616954475,2.3333333333333335,0.6317030229798487,14.77460097273255,0.7990277910247648,12.863827540106954,11.80531677851483
2022,Tee Higgins,WR,32.5,3.5,CIN,00-0036410,14,15.778571428571428,2020,2,vet,True,13,3,14.881502854988153,0.897068573583276,23.619438740588638,220.9,17,12.994117647058824,14,14.0,0,14.0,0,14.63687613404044,11.065734550023913,44.28654846522704,15.066666666666668,1.8,0.6897692965228628,14.770210353324888,0.8239774692444669,12.863827540106954,12.170320547141065
2022,DJ Moore,WR,35.9,3.1,CAR,00-0034827,17,11.711764705882354,2018,4,vet,True,14,3,14.318447404719464,-2.60668269883711,25.38261464750171,199.10000000000002,17,11.711764705882354,17,17.0,0,15.0,0,14.408303224553224,11.065734550023913,44.28654846522704,13.965202614379086,2.6470588235294117,0.6018976982419787,14.231903851732516,0.8517901538072861,12.601418685121107,12.122595570837747
2022,Terry McLaurin,WR,38.0,3.6,WAS,00-0035659,17,13.470588235294118,2019,3,vet,True,15,3,14.318447404719464,-0.8478591694253463,26.962354551676935,229.0,17,13.470588235294118,17,17.0,0,15.0,0,14.406315683750638,11.065734550023913,44.28654846522704,13.39749099639856,2.3333333333333335,0.6317030229798487,14.034768601055568,0.8421838709096386,12.601418685121107,11.819855747758032
2022,Mike Williams,WR,39.6,4.0,LAC,00-0033536,12,14.5,2017,5,vet,True,16,3,14.318447404719464,0.1815525952805359,27.90965092402464,176.5,17,10.382352941176471,12,16.0,0,13.0,0,14.406315683750638,11.065734550023913,44.28654846522704,13.202034739454096,2.8181818181818183,0.5867959720434914,13.90870194677604,0.8185361748910409,12.601418685121107,11.384775689213633
2022,Diontae Johnson,WR,43.4,4.3,PIT,00-0035216,17,10.629411764705882,2019,3,vet,True,17,3,13.894337842606388,-3.2649260779005047,26.157426420260094,180.7,17,10.629411764705882,17,16.0,0,14.0,0,14.099480879801314,11.065734550023913,44.28654846522704,15.825127551020406,2.3333333333333335,0.6317030229798487,14.735031332216192,0.8327579908333733,12.365558155080214,12.27071508708316
2022,Courtland Sutton,WR,45.3,5.3,DEN,00-0034348,14,11.385714285714286,2018,4,vet,True,18,4,13.894337842606388,-2.5086235568921005,26.89390828199863,159.4,17,9.376470588235295,14,17.0,0,1.0,0,14.099480879801314,11.065734550023913,44.28654846522704,9.694828431372548,2.6470588235294117,0.6018976982419787,12.345978601637718,0.8092837991732124,12.365558155080214,9.991400467244556
2022,Jaylen Waddle,WR,47.7,5.5,MIA,00-0036613,17,15.24705882352941,2021,1,soph,True,19,4,13.894337842606388,1.3527209809230245,23.76728268309377,259.2,17,15.24705882352941,17,16.0,0,0.0,1,13.941132291266563,9.45510750327467,40.02789616832064,15.4875,1.0,0.8089221186727964,14.236608956804151,0.857864212246773,11.355507352941178,12.213077327794146
2022,DK Metcalf,WR,51.4,5.4,SEA,00-0035640,17,13.341176470588236,2019,3,vet,True,20,4,13.894337842606388,-0.5531613720181507,24.71457905544148,226.8,17,13.341176470588236,17,17.0,0,16.0,0,13.941132291266563,11.065734550023913,44.28654846522704,14.838312324929973,2.3333333333333335,0.6317030229798487,14.271560985507634,0.8577425748885874,11.22137148337596,12.241325467388824
2022,Michael Thomas,WR,52.3,5.3,NO,00-0032765,3,17.033333333333335,2016,6,vet,False,21,4,13.173062271062271,3.860271062271062,29.49760438056126,51.1,17,3.0058823529411764,3,0.0,1,7.0,0,13.693402523402524,11.065734550023913,44.28654846522704,16.364696620583718,2.8181818181818183,0.5867959720434914,14.797192004214239,0.6471390288155269,11.22137148337596,9.575840462804083
2022,Allen Robinson II,WR,53.5,5.9,LAR,00-0031428,10,8.49,2014,8,vet,True,22,4,13.173062271062271,-4.683062271062273,29.021218343600275,84.9,17,4.9941176470588236,10,12.0,0,16.0,0,13.693402523402524,11.065734550023913,44.28654846522704,11.245270943631267,2.801019236949635,0.5882763053129202,12.685448744298984,0.7581052795969708,11.22137148337596,9.616905667109824
2022,Chris Godwin Jr.,WR,56.5,5.5,TB,00-0033921,15,14.853333333333332,2017,5,vet,True,23,4,12.853924073475545,1.9994092598577904,26.510609171800137,222.8,17,13.105882352941178,15,14.0,0,12.0,0,12.99539632147771,11.065734550023913,44.28654846522704,16.569815668202764,2.8181818181818183,0.5867959720434914,14.472360793150173,0.798127967584256,9.706900575447571,11.55079590598302
2022,Brandin Cooks,WR,56.7,5.6,HOU,00-0031236,13,11.2,2014,8,vet,True,24,4,12.853924073475545,-1.6539240734755438,28.933607118412045,145.6,17,8.564705882352941,13,16.0,0,15.0,0,12.99539632147771,11.065734550023913,44.28654846522704,14.175767722473605,2.9766536964980546,0.5734712129658783,13.498858703394255,0.816319123470869,9.706900575447571,11.019376504611909
2022,Jerry Jeudy,WR,61.7,6.0,DEN,00-0036407,14,14.585714285714284,2020,2,vet,True,25,5,12.853924073475545,1.7317902122387423,23.356605065023956,204.2,17,12.011764705882353,14,10.0,0,15.0,0,12.99539632147771,11.065734550023913,44.28654846522704,9.168888888888889,1.8,0.6897692965228628,11.808296228805187,0.7704215651516119,9.706900575447571,9.097366062369968
2022,Gabe Davis,WR,62.9,7.0,BUF,00-0036196,15,11.44,2020,2,vet,True,26,5,12.853924073475545,-1.4139240734755436,23.50444900752909,171.6,17,10.094117647058823,15,12.0,0,13.0,0,12.99539632147771,11.065734550023913,44.28654846522704,9.692307692307692,1.8,0.6897692965228628,11.970676812402964,0.7943648432611429,9.706900575447571,9.509084809814278
2022,Adam Thielen,WR,63.8,5.3,MIN,00-0030035,17,10.588235294117649,2013,9,vet,True,27,5,12.853924073475545,-2.2656887793578964,32.02737850787132,180.0,17,10.588235294117647,17,13.0,0,15.0,0,12.99539632147771,11.065734550023913,44.28654846522704,15.541140798199622,2.9766536964980546,0.5734712129658783,14.081229625232723,0.7455601807728388,9.706900575447571,10.498404104892362
2022,Darnell Mooney,WR,68.1,5.4,CHI,00-0036309,11,9.227272727272728,2020,2,vet,True,28,5,12.853924073475545,-3.626651346202817,24.840520191649556,101.5,17,5.970588235294118,11,17.0,0,16.0,0,12.99539632147771,11.065734550023913,44.28654846522704,11.784436274509803,1.8,0.6897692965228628,12.619719334224149,0.8570197985984885,9.569773550813778,10.815349322186231
2022,Hollywood Brown,WR,68.7,6.7,ARI,00-0035662,12,13.0,2019,3,vet,True,29,5,12.853924073475545,0.1460759265244569,25.242984257357975,156.0,17,9.176470588235293,12,16.0,0,16.0,0,12.99539632147771,11.065734550023913,44.28654846522704,12.91530612244898,2.3333333333333335,0.6317030229798487,12.965899343286488,0.8430927205938006,9.487979779411765,10.931455352276776
2022,Hunter Renfrow,WR,71.2,7.4,LV,00-0034983,10,7.9,2019,3,vet,True,30,5,12.739458663273002,-4.8394586632730014,26.69678302532512,79.0,17,4.647058823529412,10,17.0,0,16.0,0,12.99539632147771,11.065734550023913,44.28654846522704,12.526276664511958,2.3333333333333335,0.6317030229798487,12.822620969956493,0.8460086642750199,9.487979779411765,10.848048439297752
2022,Amon-Ra St. Brown,WR,73.4,7.7,DET,00-0036963,15,17.746666666666666,2021,1,soph,True,31,5,12.43820922971078,5.308457436955887,22.855578370978783,267.6,17,15.741176470588236,15,15.0,0,0.0,1,12.252288509420865,9.45510750327467,40.02789616832064,15.073333333333332,1.0,0.8089221186727964,12.791327777503135,0.8519539384822251,9.487979779411765,10.897622078460882
2022,JuJu Smith-Schuster,WR,75.9,7.3,KC,00-0033857,16,11.58125,2017,5,vet,True,32,5,12.43820922971078,-0.85695922971078,25.7741273100616,185.29999999999998,17,10.899999999999999,16,4.0,0,16.0,0,12.252288509420865,11.065734550023913,44.28654846522704,11.093662117452437,2.8181818181818183,0.5867959720434914,11.773539417362795,0.6390326518664384,9.487979779411765,7.523676115731389
2022,Rashod Bateman,WR,81.0,7.1,BAL,00-0036550,5,10.7,2021,1,soph,True,33,6,12.2,-1.5000000000000018,22.757015742642025,53.5,17,3.1470588235294117,5,11.0,0,0.0,1,12.252288509420865,9.45510750327467,40.02789616832064,9.409090909090908,1.0,0.8089221186727964,11.709016335755228,0.8010484101374142,9.487979779411765,9.379488920029738
2022,Amari Cooper,WR,84.2,7.1,CLE,00-0031544,17,14.470588235294118,2015,7,vet,True,34,6,11.063778356464836,3.4068098788292804,28.20807665982204,246.0,17,14.470588235294118,17,15.0,0,16.0,0,10.816768410944338,11.065734550023913,44.28654846522704,14.236082929537654,2.953488372093023,0.5753811279479122,12.268673885020759,0.8102775869484423,8.768543456708528,9.94103147061199
2022,DeVonta Smith,WR,86.6,6.2,PHI,00-0036912,17,15.094117647058823,2021,1,soph,True,35,6,11.063778356464836,4.030339290593988,23.797399041752225,256.6,17,15.094117647058825,17,17.0,0,0.0,1,10.816768410944338,9.45510750327467,40.02789616832064,10.91764705882353,1.0,0.8089221186727964,10.836044089252248,0.8683780390243008,8.768543456708528,9.409782717005733
2022,Elijah Moore,WR,87.9,6.4,NYJ,00-0036980,12,7.166666666666667,2021,1,soph,True,36,6,11.063778356464836,-3.8971116897981704,22.431211498973305,88.1,17,5.18235294117647,12,11.0,0,0.0,1,10.816768410944338,9.45510750327467,40.02789616832064,12.563636363636363,1.0,0.8089221186727964,11.150556238303121,0.8034741608436285,8.768543456708528,8.959183816510288
2022,Allen Lazard,WR,89.5,8.1,GB,00-0034521,15,11.653333333333334,2018,4,vet,True,37,6,11.063778356464836,0.5895549768684969,26.72416153319644,174.8,17,10.282352941176471,15,12.0,0,10.0,0,10.816768410944338,11.065734550023913,44.28654846522704,10.238874458874461,2.3333333333333335,0.6317030229798487,10.603931815358774,0.75960627570523,8.768543456708528,8.054813154096877
2022,DeAndre Hopkins,WR,90.0,8.1,ARI,00-0030564,9,16.855555555555554,2013,9,vet,True,38,6,11.063778356464836,5.791777199090717,30.236824093086927,151.7,17,8.923529411764704,9,10.0,0,16.0,0,10.816768410944338,11.065734550023913,44.28654846522704,16.503290606653618,2.9883040935672516,0.5725154548866374,13.24766876505416,0.7118485684461172,8.768543456708528,9.430334045652145
2022,Brandon Aiyuk,WR,90.0,6.1,SF,00-0036261,17,13.4,2020,2,vet,True,39,6,11.063778356464836,2.336221643535163,24.459958932238195,227.8,17,13.4,17,15.0,0,12.0,0,10.816768410944338,11.065734550023913,44.28654846522704,12.609444444444444,1.8,0.6897692965228628,11.372911557923679,0.8265432080834397,8.768543456708528,9.400202804335468
2022,Christian Kirk,WR,96.2,7.1,JAX,00-0034775,17,14.229411764705883,2018,4,vet,True,40,7,10.82380934425052,3.4056024204553648,25.78507871321013,241.9,17,14.229411764705883,17,16.0,0,14.0,0,10.816768410944338,11.065734550023913,44.28654846522704,12.07047741147741,2.6470588235294117,0.6018976982419787,11.315872849791303,0.8351777381415219,8.768543456708528,9.450765091785758
2022,Drake London,WR,102.2,9.4,ATL,00-0037238,16,11.04375,2022,0,rookie,True,41,7,10.82380934425052,0.2199406557494807,21.10609171800137,178.6,17,10.505882352941176,16,0.0,1,0.0,1,10.816768410944338,11.963998397956004,34.940045633091444,,0.0,1.0,10.816768410944338,0.7679416289760679,8.768543456708528,8.306646753757468
2022,Robert Woods,WR,102.5,8.4,TEN,00-0030431,17,6.923529411764706,2013,9,vet,True,42,7,10.82380934425052,-3.900279932485813,30.392881587953458,117.7,17,6.923529411764706,17,9.0,0,16.0,0,10.816768410944338,11.065734550023913,44.28654846522704,15.156089229861246,2.9883040935672516,0.5725154548866374,12.671760997319977,0.6913868391406585,8.768543456708528,8.761088782282936
2022,Kadarius Toney,WR,102.7,8.1,KC,00-0036913,6,9.25,2021,1,soph,True,43,7,10.82380934425052,-1.5738093442505183,23.59479808350445,59.3,17,3.488235294117647,6,8.0,0,0.0,1,10.816768410944338,9.45510750327467,40.02789616832064,10.0825,1.0,0.8089221186727964,10.676465958655601,0.7469116333043361,8.768543456708528,7.974376627097599
2022,Chris Olave,WR,110.4,7.3,NO,00-0037239,15,13.213333333333331,2022,0,rookie,True,44,7,10.169649826735766,3.043683506597567,22.17932922655715,198.2,17,11.658823529411764,15,0.0,1,0.0,1,10.25422155657642,11.963998397956004,34.940045633091444,,0.0,1.0,10.25422155657642,0.7588442574165832,8.378368673050614,7.781357142485353
2022,Tyler Lockett,WR,112.5,7.7,SEA,00-0032211,16,14.95625,2015,7,vet,True,45,7,10.169649826735766,4.786600173264235,29.924709103353866,239.3,17,14.076470588235296,16,16.0,0,16.0,0,10.25422155657642,11.065734550023913,44.28654846522704,15.000228721409822,2.953488372093023,0.5753811279479122,12.269465765659106,0.8117910875447966,8.378368673050614,9.960242957498055
2022,Skyy Moore,WR,118.1,9.4,KC,00-0038090,7,5.7,2022,0,rookie,True,46,8,10.169649826735766,-4.469649826735766,21.973990417522245,49.4,17,2.9058823529411764,7,0.0,1,0.0,1,10.25422155657642,11.963998397956004,34.940045633091444,,0.0,1.0,10.25422155657642,0.7606034858655186,8.378368673050614,7.79939666076937
2022,Michael Gallup,WR,118.2,9.7,DAL,00-0034764,14,7.528571428571429,2018,4,vet,True,47,8,10.169649826735766,-2.6410783981643364,26.494182067077343,105.4,17,6.2,14,9.0,0,16.0,0,10.25422155657642,11.065734550023913,44.28654846522704,10.792460317460318,2.6470588235294117,0.6018976982419787,10.468495646179685,0.7290073162315139,8.378368673050614,7.63160991600274
2022,Julio Jones,WR,120.9,11.5,TB,00-0027944,10,7.040000000000001,2011,11,vet,True,48,8,10.169649826735766,-3.129649826735765,33.5605749486653,70.4,17,4.141176470588236,10,8.0,0,9.0,0,10.25422155657642,11.065734550023913,44.28654846522704,13.647722102030848,2.9970717423133237,0.5717982857027339,11.707324307608713,0.6109450769922684,7.947838924632352,7.152532150485461
2022,Tyler Boyd,WR,123.0,10.8,CIN,00-0033009,15,11.141333333333334,2016,6,vet,True,49,8,10.169649826735766,0.971683506597568,27.794661190965094,167.12,17,9.830588235294117,15,16.0,0,14.0,0,10.25422155657642,11.065734550023913,44.28654846522704,12.435598072562358,2.9076923076923076,0.5791945657102862,11.172156648735266,0.8217807936854739,7.947838924632352,9.18106375797611
2022,George Pickens,WR,123.6,12.7,PIT,00-0037247,17,9.794117647058824,2022,0,rookie,True,50,8,10.169649826735766,-0.3755321796769415,21.49486652977413,166.5,17,9.794117647058824,17,0.0,1,0.0,1,10.25422155657642,11.963998397956004,34.940045633091444,,0.0,1.0,10.25422155657642,0.764674048594268,7.947838924632352,7.841137112849908
2022,Marquez Valdes-Scantling,WR,129.0,10.9,KC,00-0034272,16,7.5125,2018,4,vet,True,51,8,10.169649826735766,-2.6571498267357656,27.89322381930185,122.4,17,7.2,16,10.0,0,12.0,0,10.25422155657642,11.065734550023913,44.28654846522704,9.097008547008548,2.6470588235294117,0.6018976982419787,9.793532393843122,0.7207064273783568,7.947838924632352,7.058261742980883
2022,Treylon Burks,WR,129.3,10.4,TEN,00-0037742,10,7.859999999999999,2022,0,rookie,True,52,8,10.169649826735766,-2.3096498267357664,22.442162902121833,88.1,17,5.18235294117647,10,0.0,1,0.0,1,10.25422155657642,11.963998397956004,34.940045633091444,,0.0,1.0,10.25422155657642,0.7565796078431284,7.947838924632352,7.7581349240111415
2022,Chase Claypool,WR,133.7,10.6,CHI,00-0036326,14,7.502857142857143,2020,2,vet,True,53,9,10.169649826735766,-2.666792683878623,24.1533196440794,105.03999999999999,17,6.178823529411765,14,15.0,0,15.0,0,10.25422155657642,11.065734550023913,44.28654846522704,12.162222222222221,1.8,0.6897692965228628,10.846141945314564,0.83555487185705,7.947838924632352,9.062546743260686
2022,Romeo Doubs,WR,134.1,11.4,GB,00-0037816,12,8.233333333333333,2022,0,rookie,True,54,9,10.169649826735766,-1.9363164934024333,22.38466803559206,101.6,17,5.976470588235294,12,0.0,1,0.0,1,10.25422155657642,11.963998397956004,34.940045633091444,,0.0,1.0,10.25422155657642,0.7570762300451239,7.947838924632352,7.763227398100319
2022,DeVante Parker,WR,134.9,10.1,NE,00-0031547,11,9.354545454545455,2015,7,vet,True,55,9,10.169649826735766,-0.8151043721903104,29.61259411362081,102.9,17,6.052941176470589,11,9.0,0,14.0,0,10.25422155657642,11.065734550023913,44.28654846522704,11.755838020247468,2.953488372093023,0.5753811279479122,10.891836245635265,0.6921159790257454,7.947838924632352,7.538413906535951
2022,Rondale Moore,WR,142.5,8.1,ARI,00-0036936,7,12.642857142857142,2021,1,soph,True,56,9,10.169649826735766,2.473207316121377,22.22861054072553,87.89999999999999,17,5.170588235294117,7,14.0,0,0.0,1,10.075855449204342,9.45510750327467,40.02789616832064,7.935714285714285,1.0,0.8089221186727964,9.666921809943526,0.8440914552200568,7.229098465473146,8.159766098053735
2022,Isaiah McKenzie,WR,152.6,16.4,BUF,00-0033466,13,8.6,2017,5,vet,True,57,10,9.338003994797472,-0.7380039947974719,27.397672826830938,119.8,17,7.047058823529412,13,6.0,0,8.0,0,9.346322358197357,11.065734550023913,44.28654846522704,7.918396871945258,2.8181818181818183,0.5867959720434914,8.756297795656234,0.6325208504306515,7.229098465473146,5.53854092833252
2022,Nico Collins,WR,153.8,14.2,HOU,00-0036554,10,9.71,2021,1,soph,True,58,10,9.338003994797472,0.3719960052025275,23.45516769336071,97.1,17,5.711764705882352,10,12.0,0,0.0,1,9.346322358197357,9.45510750327467,40.02789616832064,6.616666666666667,1.0,0.8089221186727964,8.824745531906931,0.8100810119716786,7.229098465473146,7.148758790879715
2023,Justin Jefferson,WR,1.4,0.6,MIN,00-0036322,10,20.22,2020,3,vet,True,1,1,20.3425,-0.1225000000000022,24.210814510609172,202.2,17,11.894117647058822,10,17.0,0,17.0,0,22.437083333333334,10.537872073922939,44.10860372858993,20.39308823529412,2.3333333333333335,0.6420749344251453,21.705486253832966,0.8683184103860375,21.796875,18.84727332058423
2023,Ja'Marr Chase,WR,2.4,0.8,CIN,00-0036900,16,16.42,2021,2,vet,True,2,1,20.3425,-3.922499999999999,23.50171115674196,262.72,17,15.454117647058824,16,12.0,0,17.0,0,22.437083333333334,10.537872073922939,44.10860372858993,19.43921568627451,1.8,0.6992844007058577,21.53557776724352,0.8153436521361913,21.796875,17.558896627607297
2023,Tyreek Hill,WR,4.4,1.2,MIA,00-0033040,16,23.525,2016,7,vet,True,3,1,19.556530987394957,3.9684690126050417,29.503080082135522,376.4,17,22.141176470588235,16,17.0,0,17.0,0,18.989606842737093,10.537872073922939,44.10860372858993,19.286074681841242,2.953488372093023,0.5863004186044023,19.112255463671737,0.8306921927013635,17.77450630252101,15.87640139858609
2023,Cooper Kupp,WR,7.0,2.0,LAR,00-0033908,11,14.754545454545456,2017,6,vet,True,4,1,18.379251629089865,-3.624706174544409,30.21218343600274,164.4,17,9.670588235294119,11,9.0,0,17.0,0,18.681310476968566,10.537872073922939,44.10860372858993,21.583885035495683,2.9076923076923076,0.5900856552045045,19.871117425347286,0.6996976054791811,15.538333333333336,13.903773280711127
2023,Stefon Diggs,WR,8.5,1.7,BUF,00-0031588,17,16.105882352941176,2015,8,vet,True,5,1,17.943725961538462,-1.8378436085972856,29.754962354551676,273.8,17,16.105882352941176,17,16.0,0,17.0,0,17.662577569489333,10.537872073922939,44.10860372858993,18.56107912848398,2.9766536964980546,0.5844041428663883,18.035991095035598,0.8158284759412161,15.538333333333336,14.714275127152238
2023,CeeDee Lamb,WR,11.0,2.1,DAL,00-0036358,17,23.71764705882353,2020,3,vet,True,6,1,17.943725961538462,5.7739210972850685,24.399726214921287,403.20000000000005,17,23.71764705882353,17,17.0,0,16.0,0,17.662577569489333,10.537872073922939,44.10860372858993,16.238707983193276,2.3333333333333335,0.6420749344251453,17.152938954444274,0.8647546820370229,15.109323529411764,14.833084271550922
2023,A.J. Brown,WR,12.5,2.4,PHI,00-0035676,16,18.10625,2019,4,vet,True,7,1,16.461948529411764,1.6443014705882355,26.171115674195757,289.6,17,17.03529411764706,16,17.0,0,13.0,0,16.37923763781607,10.537872073922939,44.10860372858993,16.371711107519932,2.6470588235294117,0.6125942183545146,16.376321816463616,0.8449610496747776,14.473646297224136,13.837354071851058
2023,Amon-Ra St. Brown,WR,13.2,2.6,DET,00-0036963,16,20.68125,2021,2,vet,True,8,1,16.42261932202348,4.2586306779765195,23.854893908281998,330.9,17,19.46470588235294,16,15.0,0,15.0,0,16.37923763781607,10.537872073922939,44.10860372858993,16.855555555555554,1.8,0.6992844007058577,16.522473865903635,0.8441267119870712,14.14048202614379,13.947061538317548
2023,Garrett Wilson,WR,15.6,2.8,NYJ,00-0037740,17,12.541176470588235,2022,1,soph,True,9,1,16.42261932202348,-3.881442851435244,23.110198494182068,213.2,17,12.541176470588235,17,17.0,0,0.0,1,16.37923763781607,8.907048563635882,40.60049507978251,12.688235294117646,1.0,0.8200870431425656,15.715178492393564,0.866620690282905,14.14048202614379,13.619098832997173
2023,Davante Adams,WR,15.6,2.6,LV,00-0031381,17,15.61176470588235,2014,9,vet,True,10,1,16.42261932202348,-0.8108546161411283,30.68583162217659,265.4,17,15.61176470588235,17,17.0,0,16.0,0,16.37923763781607,10.537872073922939,44.10860372858993,20.69670996533492,2.9883040935672516,0.5834550885757532,18.177658766059047,0.8182012480824091,14.14048202614379,14.872983089605658
2023,Jaylen Waddle,WR,19.9,2.3,MIA,00-0036613,14,14.185714285714283,2021,2,vet,True,11,2,15.39774859415863,-1.2120343084443448,24.76659822039699,198.6,17,11.68235294117647,14,17.0,0,16.0,0,15.508615297080372,10.537872073922939,44.10860372858993,15.327205882352942,1.8,0.6992844007058577,15.454062656213011,0.8623398827456459,13.165900735294118,13.326654578902593
2023,Chris Olave,WR,20.4,2.4,NO,00-0037239,16,14.45625,2022,1,soph,True,12,2,15.39774859415863,-0.9414985941586308,23.17864476386037,231.29999999999998,17,13.605882352941176,16,15.0,0,0.0,1,15.508615297080372,8.907048563635882,40.60049507978251,13.213333333333333,1.0,0.8200870431425656,15.095664332161103,0.8443967576267128,13.165900735294118,12.746730016298054
2023,DeVonta Smith,WR,23.3,2.9,PHI,00-0036912,16,14.225,2021,2,vet,True,13,2,15.39774859415863,-1.1727485941586302,24.79671457905544,227.6,17,13.388235294117647,16,17.0,0,17.0,0,15.501242877492878,10.537872073922939,44.10860372858993,13.701960784313727,1.8,0.6992844007058577,14.960170684543291,0.8645308161683752,13.14343030690537,12.933528571926413
2023,Tee Higgins,WR,26.6,3.2,CIN,00-0036410,12,11.466666666666669,2020,3,vet,True,14,2,14.881502854988153,-3.4148361883214857,24.618754277891856,137.6,17,8.094117647058823,12,14.0,0,14.0,0,15.10984693877551,10.537872073922939,44.10860372858993,15.473469387755102,2.3333333333333335,0.6420749344251453,15.239996527671018,0.8232017415746633,12.937626378676471,12.545591683170603
2023,Calvin Ridley,WR,29.2,4.4,JAX,00-0034837,17,13.523529411764706,2018,5,vet,True,15,2,14.881502854988153,-1.3579734432234467,28.698151950718685,229.9,17,13.523529411764706,17,0.0,1,5.0,0,14.744615356263965,10.537872073922939,44.10860372858993,15.621222222222222,2.6470588235294117,0.6125942183545146,15.084217924366325,0.633975235090954,12.937626378676471,9.563020604763322
2023,Keenan Allen,WR,29.2,3.6,LAC,00-0030279,13,21.450769230769232,2013,10,vet,True,16,2,14.881502854988153,6.56926637578108,31.345653661875428,278.86,17,16.40352941176471,13,10.0,0,16.0,0,14.744615356263965,10.537872073922939,44.10860372858993,16.483732718894007,2.9941463414634146,0.5829803320666386,15.469861501325088,0.7006536098524522,12.937626378676471,10.839014304820898
2023,DK Metcalf,WR,30.8,4.0,SEA,00-0035640,16,14.0875,2019,4,vet,True,17,2,14.881502854988153,-0.7940028549881522,25.713894592744694,225.4,17,13.258823529411766,16,17.0,0,17.0,0,14.744615356263965,10.537872073922939,44.10860372858993,14.039839869281048,2.6470588235294117,0.6125942183545146,14.471581257844772,0.8584175319362266,12.937626378676471,12.422659066573663
2023,Amari Cooper,WR,35.4,4.0,CLE,00-0031544,15,15.133333333333333,2015,8,vet,True,18,3,14.318447404719464,0.8148859286138688,29.207392197125255,227.0,17,13.352941176470589,15,17.0,0,15.0,0,14.21179019090784,10.537872073922939,44.10860372858993,14.353795396740896,2.9766536964980546,0.5844041428663883,14.270806966143462,0.8272886055854112,12.446228373702422,11.806075995599397
2023,Deebo Samuel Sr.,WR,37.2,4.4,SF,00-0035719,13,18.615384615384617,2019,4,vet,True,19,3,14.318447404719464,4.296937210665153,27.627652292950035,243.7,17,14.335294117647058,13,13.0,0,15.0,0,14.21179019090784,10.537872073922939,44.10860372858993,15.319117948717947,2.6470588235294117,0.6125942183545146,14.640775366460007,0.7862120032391383,12.446228373702422,11.510753329838751
2023,DeAndre Hopkins,WR,41.4,4.9,TEN,00-0030564,17,13.152941176470588,2013,10,vet,True,20,3,14.318447404719464,-1.1655062282488764,31.236139630390145,223.6,17,13.152941176470588,17,9.0,0,10.0,0,14.21179019090784,10.537872073922939,44.10860372858993,16.67959525361138,2.9941463414634146,0.5829803320666386,15.240913438680739,0.6562925690110438,12.400538508454982,10.002498234746724
2023,Drake London,WR,44.1,4.8,ATL,00-0037238,15,11.625333333333334,2022,1,soph,True,21,3,13.894337842606388,-2.269004509273053,22.105407255304584,174.38,17,10.25764705882353,15,16.0,0,0.0,1,14.15710967912806,8.907048563635882,40.60049507978251,11.04375,1.0,0.8200870431425656,13.596975933495418,0.8628776103007433,12.218876050420167,11.732526100811244
2023,DJ Moore,WR,44.7,4.5,CHI,00-0034827,17,16.852941176470587,2018,5,vet,True,22,3,13.894337842606388,2.9586033338642004,26.38193018480493,286.5,17,16.852941176470587,17,17.0,0,17.0,0,14.15710967912806,10.537872073922939,44.10860372858993,12.80213788741303,2.8181818181818183,0.597627000243057,13.611905614709643,0.8538211883197135,12.218876050420167,11.622133427247169
2023,Jerry Jeudy,WR,44.8,4.7,DEN,00-0036407,16,8.8625,2020,3,vet,True,23,3,13.894337842606388,-5.031837842606386,24.355920602327174,141.8,17,8.341176470588236,16,14.0,0,10.0,0,14.15710967912806,10.537872073922939,44.10860372858993,12.264217687074831,2.3333333333333335,0.6420749344251453,13.47959618874629,0.8133339826007858,12.218876050420167,10.963413652043394
2023,Christian Watson,WR,48.6,5.2,GB,00-0038124,9,11.255555555555556,2022,1,soph,True,24,4,13.894337842606388,-2.638782287050832,24.306639288158795,101.3,17,5.958823529411765,9,12.0,0,0.0,1,14.15710967912806,8.907048563635882,40.60049507978251,13.425000000000002,1.0,0.8200870431425656,14.025393662012185,0.7963928889051107,11.913144796380092,11.169723776521314
2023,Chris Godwin Jr.,WR,49.3,4.8,TB,00-0033921,17,12.305882352941175,2017,6,vet,True,25,4,13.894337842606388,-1.5884554896652112,27.509924709103355,209.2,17,12.305882352941175,17,15.0,0,14.0,0,14.15710967912806,10.537872073922939,44.10860372858993,15.697951625094483,2.9076923076923076,0.5900856552045045,14.788722895842303,0.8122691604195249,11.26110294117647,12.012423530282833
2023,Terry McLaurin,WR,49.7,5.2,WAS,00-0035659,17,11.952941176470588,2019,4,vet,True,26,4,13.894337842606388,-1.9413966661357984,27.96167008898015,203.20000000000002,17,11.952941176470588,17,17.0,0,17.0,0,14.15710967912806,10.537872073922939,44.10860372858993,13.43647619047619,2.6470588235294117,0.6125942183545146,13.87793209917697,0.8424598258691413,11.26110294117647,11.691600259696397
2023,Diontae Johnson,WR,53.4,5.2,PIT,00-0035216,13,11.746153846153844,2019,4,vet,True,27,4,13.173062271062271,-1.4269084249084276,27.156741957563312,152.7,17,8.98235294117647,13,17.0,0,16.0,0,13.331607651607651,10.537872073922939,44.10860372858993,13.05407913165266,2.6470588235294117,0.6125942183545146,13.224091498405574,0.8457104697955988,10.32984068627451,11.183752633736562
2023,Tyler Lockett,WR,55.7,5.2,SEA,00-0032211,17,11.905882352941177,2015,8,vet,True,28,4,12.853924073475545,-0.9480417205343664,30.924024640657084,202.4,17,11.905882352941177,17,16.0,0,16.0,0,12.730359828214212,10.537872073922939,44.10860372858993,14.978153127917833,2.9766536964980546,0.5844041428663883,13.664533411263728,0.8026228249545634,9.701716331269347,10.96746640823451
2023,Brandon Aiyuk,WR,57.0,5.7,SF,00-0036261,16,15.575,2020,3,vet,True,29,4,12.853924073475545,2.721075926524456,25.45927446954141,249.2,17,14.658823529411764,16,17.0,0,15.0,0,12.730359828214212,10.537872073922939,44.10860372858993,13.061190476190477,2.3333333333333335,0.6420749344251453,12.848772409585289,0.8551904679887254,9.701716331269347,10.988147690033866
2023,Christian Kirk,WR,60.3,5.8,JAX,00-0034775,11,13.332727272727272,2018,5,vet,True,30,4,12.853924073475545,0.478803199251729,26.784394250513348,150.26,17,8.838823529411764,11,17.0,0,16.0,0,12.730359828214212,10.537872073922939,44.10860372858993,13.184766109917913,2.8181818181818183,0.597627000243057,12.913200646891728,0.8484050281356994,9.701716331269347,10.955624358148107
2023,Mike Williams,WR,63.3,6.4,LAC,00-0033536,3,16.733333333333334,2017,6,vet,False,31,5,12.853924073475545,3.879409259857791,28.908966461327857,50.2,17,2.9529411764705884,3,12.0,0,16.0,0,12.730359828214212,10.537872073922939,44.10860372858993,13.861318681318682,2.9076923076923076,0.5900856552045045,13.193956085475197,0.7618403280156947,9.701716331269347,10.051687831983095
2023,Michael Pittman Jr.,WR,63.8,6.0,IND,00-0036252,16,15.7625,2020,3,vet,True,32,5,12.853924073475545,2.908575926524456,25.905544147843944,252.2,17,14.835294117647058,16,16.0,0,17.0,0,12.730359828214212,10.537872073922939,44.10860372858993,12.900560224089636,2.3333333333333335,0.6420749344251453,12.79127881606879,0.8459741820611986,9.701716331269347,10.821091633940531
2023,Mike Evans,WR,67.6,6.0,TB,00-0031408,17,16.61764705882353,2014,9,vet,True,33,5,12.853924073475545,3.763722985347986,30.028747433264886,282.5,17,16.61764705882353,17,15.0,0,15.0,0,12.730359828214212,10.537872073922939,44.10860372858993,15.943206131767775,2.9883040935672516,0.5834550885757532,14.06865460714765,0.7932096589183562,9.20294567827131,11.159392722375747
2023,George Pickens,WR,70.0,7.6,PIT,00-0037247,16,13.03125,2022,1,soph,True,34,5,12.739458663273002,0.2917913367269982,22.494182067077343,208.8,17,12.282352941176471,16,17.0,0,0.0,1,12.730359828214212,8.907048563635882,40.60049507978251,9.794117647058824,1.0,0.8200870431425656,12.202091815353024,0.8705483218828189,9.20294567827131,10.622510553315655
2023,Hollywood Brown,WR,72.5,5.7,ARI,00-0035662,13,10.361538461538462,2019,4,vet,True,35,5,12.739458663273002,-2.37792020173454,26.24229979466119,134.70000000000002,17,7.923529411764707,13,12.0,0,16.0,0,12.730359828214212,10.537872073922939,44.10860372858993,12.96047619047619,2.6470588235294117,0.6125942183545146,12.819508237405728,0.7878071957638463,9.20294567827131,10.099300835582135
2023,Jahan Dotson,WR,73.1,6.8,WAS,00-0037741,14,8.757142857142856,2022,1,soph,True,36,5,12.43820922971078,-3.6810663725679222,23.444216290212182,124.8,17,7.341176470588235,14,10.0,0,0.0,1,12.730359828214212,8.907048563635882,40.60049507978251,12.819999999999999,1.0,0.8200870431425656,12.7464872565734,0.7748335451794127,9.20294567827131,9.876405909594975
2023,Jordan Addison,WR,78.4,6.4,MIN,00-0038994,16,13.83125,2023,0,rookie,True,37,6,12.43820922971078,1.3930407702892218,21.593429158110883,221.3,17,13.01764705882353,16,0.0,1,0.0,1,12.231057692307694,11.830435789535235,35.237867333027616,,0.0,1.0,12.231057692307694,0.7527059232360183,9.20294567827131,9.206389572441466
2023,Jaxon Smith-Njigba,WR,83.0,6.8,SEA,00-0038543,17,8.811764705882354,2023,0,rookie,True,38,6,11.063778356464836,-2.2520136505824837,21.544147843942504,149.8,17,8.811764705882354,17,0.0,1,0.0,1,11.350528736591762,11.830435789535235,35.237867333027616,,0.0,1.0,11.350528736591762,0.7532179905008815,9.199895606390706,8.549422446098156
2023,Brandin Cooks,WR,85.1,6.7,DAL,00-0031236,16,10.825,2014,9,vet,True,39,6,11.063778356464836,-0.238778356464838,29.932922655715263,173.2,17,10.188235294117646,16,13.0,0,16.0,0,11.350528736591762,10.537872073922939,44.10860372858993,12.684972151136533,2.9883040935672516,0.5834550885757532,11.906384350503984,0.7674075903730212,9.199895606390706,9.137049724475311
2023,Courtland Sutton,WR,87.0,6.5,DEN,00-0034348,15,12.68,2018,5,vet,True,40,6,11.063778356464836,1.6162216435351624,27.89322381930185,190.2,17,11.188235294117646,15,14.0,0,17.0,0,11.350528736591762,10.537872073922939,44.10860372858993,10.5675437110328,2.8181818181818183,0.597627000243057,11.035476703092836,0.8047211291771789,9.199895606390706,8.880481273521319
2023,Treylon Burks,WR,88.7,7.2,TEN,00-0037742,9,4.433333333333334,2022,1,soph,True,41,6,11.063778356464836,-6.630445023131504,23.44147843942505,39.9,17,2.347058823529412,9,10.0,0,0.0,1,11.350528736591762,8.907048563635882,40.60049507978251,7.859999999999999,1.0,0.8200870431425656,10.722537390595694,0.7748602267632716,9.199895606390706,8.308467753954638
2023,Gabe Davis,WR,89.5,6.7,BUF,00-0036196,15,10.76,2020,3,vet,True,42,6,11.063778356464836,-0.3037783564648375,24.503764544832308,161.4,17,9.494117647058824,15,15.0,0,12.0,0,11.350528736591762,10.537872073922939,44.10860372858993,10.69098901098901,2.3333333333333335,0.6420749344251453,11.114462937056176,0.830928592362152,9.199895606390706,9.235325043149398
2023,Michael Thomas,WR,91.0,7.7,NO,00-0032765,9,9.977777777777778,2016,7,vet,True,43,6,11.063778356464836,-1.0860005786870597,30.496919917864478,89.8,17,5.2823529411764705,9,3.0,0,0.0,1,11.350528736591762,10.537872073922939,44.10860372858993,16.815146616541355,2.03403200360604,0.672972278489106,13.137610270799371,0.5559892906818645,9.199895606390706,7.304370615716521
2023,JuJu Smith-Schuster,WR,93.3,7.5,NE,00-0033857,9,5.7555555555555555,2017,6,vet,True,44,6,10.82380934425052,-5.068253788694963,26.77344284736482,61.0,17,3.588235294117647,9,16.0,0,4.0,0,11.350528736591762,10.537872073922939,44.10860372858993,11.341325803825804,2.9076923076923076,0.5900856552045045,11.346756322436807,0.8008258142388637,9.199895606390706,9.08677537088543
2023,Quentin Johnston,WR,96.1,7.5,LAC,00-0038544,17,5.529411764705882,2023,0,rookie,True,45,6,10.82380934425052,-5.294397579544636,21.984941820670773,94.0,17,5.529411764705882,17,0.0,1,0.0,1,11.300307941263824,11.830435789535235,35.237867333027616,,0.0,1.0,11.300307941263824,0.7486125407521546,9.199895606390706,8.459552239191261
2023,Elijah Moore,WR,97.2,7.0,CLE,00-0036980,16,8.25625,2021,2,vet,True,46,7,10.82380934425052,-2.567559344250519,23.430527036276523,132.1,17,7.770588235294118,16,12.0,0,11.0,0,11.300307941263824,10.537872073922939,44.10860372858993,8.965656565656566,1.8,0.6992844007058577,10.598241853705193,0.7969774938313677,9.199895606390706,8.446560231584675
2023,Kadarius Toney,WR,100.0,9.9,KC,00-0036913,8,5.6625,2021,2,vet,True,47,7,10.82380934425052,-5.161309344250519,24.594113620807665,53.0,17,3.1176470588235294,8,6.0,0,8.0,0,11.300307941263824,10.537872073922939,44.10860372858993,9.5275,1.8,0.6992844007058577,10.767196938773258,0.6710453927416018,9.199895606390706,7.225277898505274
2023,Zay Flowers,WR,100.0,9.4,BAL,00-0039064,15,13.62,2023,0,rookie,True,48,7,10.82380934425052,2.7961906557494824,22.97056810403833,206.4,17,12.141176470588235,15,0.0,1,0.0,1,11.300307941263824,11.830435789535235,35.237867333027616,,0.0,1.0,11.300307941263824,0.7381099732619584,9.199895606390706,8.340869992378137
2023,Rashod Bateman,WR,102.0,8.1,BAL,00-0036550,15,5.1,2021,2,vet,True,49,7,10.82380934425052,-5.723809344250519,23.756331279945243,76.5,17,4.5,15,5.0,0,11.0,0,11.300307941263824,10.537872073922939,44.10860372858993,10.269696969696968,1.8,0.6992844007058577,10.99038714530998,0.6753256526664453,9.199895606390706,7.422090371963372
2023,Skyy Moore,WR,109.1,9.1,KC,00-0038090,12,4.4750000000000005,2022,1,soph,True,50,7,10.169649826735766,-5.694649826735765,22.973305954825463,53.7,17,3.158823529411765,12,7.0,0,0.0,1,10.2665670251428,8.907048563635882,40.60049507978251,5.7,1.0,0.8200870431425656,9.444982448961701,0.730608488621541,8.377712038303693,6.90058435209289
2023,Jakobi Meyers,WR,109.4,7.3,LV,00-0034960,15,14.378666666666668,2019,4,vet,True,51,7,10.169649826735766,4.209016839930902,26.809034907597535,218.58,17,12.857647058823531,15,14.0,0,16.0,0,10.2665670251428,10.537872073922939,44.10860372858993,12.14800432900433,2.6470588235294117,0.6125942183545146,10.99544671446225,0.8109764794067215,8.377712038303693,8.917048665998799
2023,Nico Collins,WR,113.1,8.2,HOU,00-0036554,14,18.435714285714287,2021,2,vet,True,52,8,10.169649826735766,8.266064458978521,24.45448323066393,260.4,17,15.317647058823528,14,10.0,0,12.0,0,10.2665670251428,10.537872073922939,44.10860372858993,8.678888888888888,1.8,0.6992844007058577,9.789127442912998,0.7602965357027672,8.377712038303693,7.442639682399641
2023,Allen Lazard,WR,115.3,10.3,NYJ,00-0034521,10,6.01,2018,5,vet,True,53,8,10.169649826735766,-4.159649826735766,27.72347707049966,60.099999999999994,17,3.5352941176470587,10,15.0,0,12.0,0,10.2665670251428,10.537872073922939,44.10860372858993,10.993252525252528,2.6470588235294117,0.6125942183545146,10.54808918932325,0.8041389571803076,8.377712038303693,8.482129440947274
2023,Odell Beckham Jr.,WR,120.1,13.0,BAL,00-0031235,13,7.938461538461539,2014,9,vet,True,54,8,10.169649826735766,-2.231188288274227,30.819986310746064,107.5,17,6.323529411764706,13,0.0,1,13.0,0,10.2665670251428,10.537872073922939,44.10860372858993,12.49931221719457,2.9766536964980546,0.5844041428663883,11.194486676994506,0.6440274985091775,7.878041130514706,7.209557251679087
2023,Jameson Williams,WR,120.3,10.3,DET,00-0037240,11,6.390909090909091,2022,1,soph,True,55,8,10.169649826735766,-3.778740735826675,22.43394934976044,80.3,17,4.723529411764706,11,2.0,0,0.0,1,10.2665670251428,8.907048563635882,40.60049507978251,7.55,1.0,0.8200870431425656,9.777821419147955,0.6427158397550591,7.878041130514706,6.2843607043826815
2023,Rondale Moore,WR,123.2,11.4,ARI,00-0036936,15,6.013333333333334,2021,2,vet,True,56,8,10.169649826735766,-4.156316493402432,23.227926078028748,105.0,17,6.176470588235294,15,7.0,0,14.0,0,10.2665670251428,10.537872073922939,44.10860372858993,11.073809523809523,1.8,0.6992844007058577,10.509317436905064,0.7308515740997219,7.878041130514706,7.680751191475721
2023,Adam Thielen,WR,126.3,10.9,CAR,00-0030035,17,13.588235294117649,2013,10,vet,True,57,8,10.169649826735766,3.418585467381881,33.02669404517454,231.0,17,13.588235294117647,17,17.0,0,13.0,0,10.2665670251428,10.537872073922939,44.10860372858993,13.059841758972643,2.9883040935672516,0.5834550885757532,11.430091401729538,0.7879571492743038,7.878041130514706,9.006422236851538
2023,Romeo Doubs,WR,127.7,10.5,GB,00-0037816,16,10.9,2022,1,soph,True,58,8,10.169649826735766,0.7303501732642346,23.38398357289528,174.4,17,10.258823529411766,16,12.0,0,0.0,1,10.2665670251428,8.907048563635882,40.60049507978251,8.233333333333333,1.0,0.8200870431425656,9.900761939667202,0.8046226852508024,7.878041130514706,7.9663776579239665
2023,Darnell Mooney,WR,127.8,11.2,CHI,00-0036309,12,6.291666666666667,2020,3,vet,True,59,8,10.169649826735766,-3.877983160069099,25.83983572895277,78.9,17,4.641176470588236,12,11.0,0,17.0,0,10.2665670251428,10.537872073922939,44.10860372858993,10.323199961802901,2.3333333333333335,0.6420749344251453,10.286837372710563,0.7801206282508126,7.878041130514706,8.024974033912903
2023,Tyler Boyd,WR,130.4,10.8,CIN,00-0033009,17,8.517647058823528,2016,7,vet,True,60,8,10.169649826735766,-1.6520027679122382,28.79397672826831,144.79999999999998,17,8.517647058823528,17,15.0,0,16.0,0,10.2665670251428,10.537872073922939,44.10860372858993,11.783370172478442,2.953488372093023,0.5863004186044023,10.89406785225508,0.8074648638334844,7.878041130514706,8.796577014913888
2023,Zay Jones,WR,131.1,11.7,JAX,00-0033891,9,8.677777777777777,2017,6,vet,True,61,9,10.169649826735766,-1.4918720489579886,28.424366872005475,78.1,17,4.594117647058823,9,16.0,0,12.0,0,10.2665670251428,10.537872073922939,44.10860372858993,9.644706087563229,2.9076923076923076,0.5900856552045045,10.011657306360958,0.8117387974478842,7.878041130514706,8.126850662325767
2023,DJ Chark,WR,143.2,13.4,CAR,00-0034777,13,8.692307692307692,2018,5,vet,True,62,9,10.016483516483516,-1.3241758241758248,26.937713894592743,115.5,17,6.794117647058823,13,10.0,0,3.0,0,10.2665670251428,10.537872073922939,44.10860372858993,10.651386033321518,2.8181818181818183,0.597627000243057,10.421407803827162,0.6970354486669833,7.38275527192009,7.264090664282267
2023,Michael Gallup,WR,144.6,12.3,DAL,00-0034764,13,6.43076923076923,2018,5,vet,True,63,9,9.338003994797472,-2.9072347640282414,27.49349760438056,87.8,17,5.164705882352941,13,14.0,0,9.0,0,9.904670863706693,10.537872073922939,44.10860372858993,9.107872503840246,2.8181818181818183,0.597627000243057,9.58406071744582,0.7818175198734725,7.38275527192009,7.492986580430264
2023,Jonathan Mingo,WR,152.1,20.6,CAR,00-0039062,14,5.921428571428572,2023,0,rookie,True,64,9,9.338003994797472,-3.4165754233689,22.365503080082135,84.8,17,4.988235294117647,14,0.0,1,0.0,1,9.683003141844605,11.830435789535235,35.237867333027616,,0.0,1.0,9.683003141844605,0.7445907616695074,7.38275527192009,7.209874684634308
2023,Marvin Mims Jr.,WR,154.2,22.4,DEN,00-0038976,10,7.1,2023,0,rookie,True,65,10,9.338003994797472,-2.238003994797472,21.453798767967147,74.7,17,4.394117647058824,10,0.0,1,0.0,1,9.683003141844605,11.830435789535235,35.237867333027616,,0.0,1.0,9.683003141844605,0.7541549272829786,7.38275527192009,7.302484530318671
2023,Donovan Peoples-Jones,WR,156.0,13.9,DET,00-0036233,6,3.7000000000000006,2020,3,vet,True,66,10,9.338003994797472,-5.6380039947974705,24.531143052703626,28.5,17,1.6764705882352942,6,16.0,0,11.0,0,9.683003141844605,10.537872073922939,44.10860372858993,10.160930735930735,2.3333333333333335,0.6420749344251453,9.854065407297917,0.8400451322383605,7.38275527192009,8.277859678159032
2023,Wan'Dale Robinson,WR,157.2,12.5,NYG,00-0038117,14,9.392857142857142,2022,1,soph,True,67,10,9.338003994797472,0.0548531480596707,22.652977412731005,133.2,17,7.8352941176470585,14,5.0,0,0.0,1,9.683003141844605,8.907048563635882,40.60049507978251,10.02,1.0,0.8200870431425656,9.743633243047007,0.6983257637205039,7.38275527192009,6.804230125863292
2023,Hunter Renfrow,WR,159.3,13.9,LV,00-0034983,10,4.369999999999999,2019,4,vet,True,68,10,8.413288726154798,-4.043288726154799,27.696098562628336,48.5,17,2.8529411764705883,10,10.0,0,17.0,0,9.564338624338625,10.537872073922939,44.10860372858993,10.058929110105582,2.6470588235294117,0.6125942183545146,9.755945838071593,0.7454599113867413,7.352328431372548,7.272666519942697
2023,Marquez Valdes-Scantling,WR,159.6,17.0,KC,00-0034272,12,4.408333333333333,2018,5,vet,True,69,10,8.413288726154798,-4.004955392821465,28.892539356605067,56.5,17,3.323529411764706,12,16.0,0,10.0,0,9.564338624338625,10.537872073922939,44.10860372858993,8.279197684036394,2.8181818181818183,0.597627000243057,9.047232609078758,0.8013365825487981,7.352328431372548,7.2498784604832185
2023,K.J. Osborn,WR,160.2,16.4,MIN,00-0036345,15,8.0,2020,3,vet,True,70,10,8.413288726154798,-0.4132887261547981,26.2258726899384,120.0,17,7.0588235294117645,15,17.0,0,16.0,0,8.965945847208348,10.537872073922939,44.10860372858993,9.404044117647059,1.8,0.6992844007058577,9.097688831153052,0.852374253597604,6.151660539215687,7.754635726917341
2023,Alec Pierce,WR,162.0,12.9,IND,00-0037664,15,5.3,2022,1,soph,True,71,10,8.413288726154798,-3.1132887261547983,23.33196440793977,95.4,17,5.611764705882353,15,16.0,0,0.0,1,8.965945847208348,8.907048563635882,40.60049507978251,7.018750000000001,1.0,0.8200870431425656,8.615620084756577,0.8545673699132642,6.151660539215687,7.3626277960023225
2023,Jalin Hyatt,WR,163.1,24.3,NYG,00-0038938,11,5.4818181818181815,2023,0,rookie,True,72,10,8.413288726154798,-2.9314705443366167,21.932922655715263,60.3,17,3.5470588235294116,11,0.0,1,0.0,1,8.965945847208348,11.830435789535235,35.237867333027616,,0.0,1.0,8.965945847208348,0.7491590004354522,6.151660539215687,6.716919028853
2023,Justyn Ross,WR,164.2,21.1,KC,00-0037216,2,4.25,2022,1,soph,False,73,10,8.115833333333333,-3.865833333333333,23.71252566735113,11.3,17,0.6647058823529413,2,0.0,1,0.0,1,8.373825396825396,8.907048563635882,40.60049507978251,,0.0,1.0,8.373825396825396,0.7300195441769048,6.034401260504201,6.113056199207465
2023,Chase Claypool,WR,169.1,10.0,MIA,00-0036326,6,3.6166666666666663,2020,3,vet,True,74,10,7.737402755974185,-4.120736089307519,25.152635181382614,21.7,17,1.276470588235294,6,14.0,0,15.0,0,8.373825396825396,10.537872073922939,44.10860372858993,9.499727891156462,2.3333333333333335,0.6420749344251453,8.776814120939735,0.8218061091440665,6.034401260504201,7.212839463410184
2024,Tyreek Hill,WR,2.6,0.9,MIA,00-0033040,17,12.835294117647058,2016,8,vet,True,1,1,19.556530987394957,-6.7212368697479,30.50513347022587,218.2,17,12.835294117647058,17,16.0,0,17.0,0,20.75711204481793,10.58181629784767,44.20002354357998,21.413848959191522,2.9766536964980546,0.5838962022873697,21.030382768986854,0.8227592238422433,18.885449346405228,17.30294140411691
2024,CeeDee Lamb,WR,3.7,1.3,DAL,00-0036358,15,17.560000000000002,2020,4,vet,True,2,1,19.556530987394957,-1.996530987394955,25.401779603011637,263.40000000000003,17,15.494117647058825,15,17.0,0,17.0,0,20.75711204481793,10.58181629784767,44.20002354357998,20.227475490196078,2.6470588235294117,0.6120978626581768,20.551664893265755,0.8693184347257819,18.885449346405228,17.86594115602259
2024,Amon-Ra St. Brown,WR,6.2,1.2,DET,00-0036963,17,18.598823529411764,2021,3,vet,True,3,1,18.379251629089865,0.219571900321899,24.856947296372347,316.18,17,18.598823529411764,17,16.0,0,15.0,0,18.293998015873015,10.58181629784767,44.20002354357998,19.041666666666664,2.3333333333333335,0.6415942515758042,18.56196675823402,0.8562547996389985,15.215765720081135,15.893773127477424
2024,Ja'Marr Chase,WR,7.2,1.8,CIN,00-0036900,17,23.705882352941178,2021,3,vet,True,4,1,18.379251629089865,5.326630723851313,24.503764544832308,403.0,17,23.705882352941178,17,16.0,0,12.0,0,17.774807375222817,10.58181629784767,44.20002354357998,17.713949579831933,2.3333333333333335,0.6415942515758042,17.7529955915183,0.8503528990311187,15.215765720081135,15.096311267734254
2024,Justin Jefferson,WR,8.0,1.6,MIN,00-0036322,17,18.67529411764706,2020,4,vet,True,5,1,17.943725961538462,0.7315681561085974,25.21286789869952,317.48,17,18.67529411764706,17,10.0,0,17.0,0,17.774807375222817,10.58181629784767,44.20002354357998,20.300774509803922,2.6470588235294117,0.6120978626581768,18.754635425582027,0.7754780433888733,15.215765720081135,14.543807984302
2024,A.J. Brown,WR,10.9,1.8,PHI,00-0035676,13,16.684615384615384,2019,5,vet,True,6,1,17.943725961538462,-1.259110576923078,27.173169062286107,216.9,17,12.758823529411766,13,16.0,0,17.0,0,17.774807375222817,10.58181629784767,44.20002354357998,17.266956987509644,2.8181818181818183,0.5971240795965984,17.570206682845647,0.8465784622087476,15.215765720081135,14.874558554253328
2024,Garrett Wilson,WR,12.1,1.9,NYJ,00-0037740,17,14.81764705882353,2022,2,vet,True,7,1,16.461948529411764,-1.6443014705882335,24.112251882272417,251.9,17,14.81764705882353,17,17.0,0,17.0,0,17.23205269607843,10.58181629784767,44.20002354357998,12.59019607843137,1.8,0.6988445122488788,15.834132102320162,0.8767325281606968,15.215765720081135,13.882298669297604
2024,Marvin Harrison Jr.,WR,14.5,2.3,ARI,00-0039849,17,11.558823529411764,2024,0,rookie,True,8,1,16.42261932202348,-4.863795792611715,22.05886379192334,196.5,17,11.558823529411764,17,0.0,1,0.0,1,16.515382171387074,10.878228997086564,34.88877033555464,,0.0,1.0,16.515382171387074,0.7423259591222326,14.374468954248364,12.25979691064513
2024,Puka Nacua,WR,15.2,2.2,LAR,00-0039075,11,18.78181818181818,2023,1,soph,True,9,1,16.42261932202348,2.3591988597947022,23.260780287474333,206.6,17,12.152941176470588,11,17.0,0,0.0,1,16.515382171387074,9.662253361752159,39.87438588194487,17.558823529411764,1.0,0.804947337783284,16.718908186136815,0.8685968605416985,14.374468954248364,14.52199116216334
2024,Cooper Kupp,WR,18.9,2.7,LAR,00-0033908,12,14.583333333333334,2017,7,vet,True,10,2,15.39774859415863,-0.8144152608252959,31.21423682409309,175.0,17,10.294117647058824,12,11.0,0,9.0,0,16.125968506385817,10.58181629784767,44.20002354357998,18.14232808131604,2.953488372093023,0.5857931529924117,16.961158448351227,0.700271301927581,13.88970210957721,11.877412508826904
2024,Davante Adams,WR,20.0,2.8,NYJ,00-0031381,14,17.235714285714284,2014,10,vet,True,11,2,15.39774859415863,1.837965691555654,31.68788501026694,241.29999999999998,17,14.194117647058823,14,17.0,0,17.0,0,15.463917558476384,10.58181629784767,44.20002354357998,18.151752025120146,2.9941463414634146,0.5824718945811225,16.586163991013713,0.8276165781907765,13.265900735294117,13.726984287553842
2024,Drake London,WR,21.5,3.1,ATL,00-0037238,17,16.51764705882353,2022,2,vet,True,12,2,15.39774859415863,1.1198984646649013,23.107460643394933,280.8,17,16.51764705882353,17,15.0,0,16.0,0,15.463917558476384,10.58181629784767,44.20002354357998,11.43147222222222,1.8,0.6988445122488788,14.249524516407027,0.8584017863862079,13.255436674669866,12.231817300037857
2024,Deebo Samuel Sr.,WR,23.0,3.2,SF,00-0035719,13,11.26923076923077,2019,5,vet,True,13,2,15.39774859415863,-4.12851782492786,28.629705681040384,155.6,17,9.152941176470588,13,13.0,0,13.0,0,15.463917558476384,10.58181629784767,44.20002354357998,17.020416873449133,2.8181818181818183,0.5971240795965984,16.090993652603295,0.779033738901829,13.255436674669866,12.535426947833143
2024,Chris Olave,WR,26.2,3.3,NO,00-0037239,6,12.483333333333334,2022,2,vet,True,14,2,14.881502854988153,-2.3981695216548182,24.18069815195072,76.7,17,4.511764705882353,6,16.0,0,15.0,0,15.435569927416777,10.58181629784767,44.20002354357998,14.041944444444445,1.8,0.6988445122488788,15.015871965349852,0.860519187274091,13.255436674669866,12.921445939834664
2024,Jaylen Waddle,WR,29.1,3.7,MIA,00-0036613,15,9.973333333333333,2021,3,vet,True,15,2,14.881502854988153,-4.90816952165482,25.76865160848734,149.6,17,8.799999999999999,15,14.0,0,17.0,0,15.351171712274656,10.58181629784767,44.20002354357998,14.674924969987996,2.3333333333333335,0.6415942515758042,15.108800992485982,0.8307300290255057,13.255436674669866,12.55133468702847
2024,Nico Collins,WR,32.1,4.0,HOU,00-0036554,12,17.55,2021,3,vet,True,16,3,14.881502854988153,2.668497145011848,25.456536618754278,210.6,17,12.388235294117647,12,14.0,0,10.0,0,14.814957229045467,10.58181629784767,44.20002354357998,14.25421768707483,2.3333333333333335,0.6415942515758042,14.61398495383444,0.8106474659535676,13.233020102224142,11.846789870309452
2024,Mike Evans,WR,33.5,4.5,TB,00-0031408,14,17.17142857142857,2014,10,vet,True,17,3,14.626785714285711,2.5446428571428577,31.030800821355236,240.4,17,14.141176470588235,14,17.0,0,15.0,0,14.17838169959126,10.58181629784767,44.20002354357998,16.28075623406743,2.9941463414634146,0.5824718945811225,15.056182155851989,0.8262480624784928,13.18860294117647,12.440141334595962
2024,DeVonta Smith,WR,38.3,4.1,PHI,00-0036912,13,15.33846153846154,2021,3,vet,True,18,3,14.318447404719464,1.020014133742075,25.79876796714579,199.4,17,11.729411764705883,13,16.0,0,17.0,0,14.17838169959126,10.58181629784767,44.20002354357998,14.000840336134454,2.3333333333333335,0.6415942515758042,14.11474985434527,0.8556124126577571,12.498304498269896,12.076755176937082
2024,Malik Nabers,WR,38.3,4.6,NYG,00-0039337,15,18.24,2024,0,rookie,True,19,3,14.318447404719464,3.921552595280538,21.097878165639973,273.6,17,16.094117647058823,15,0.0,1,0.0,1,14.17838169959126,10.878228997086564,34.88877033555464,,0.0,1.0,14.17838169959126,0.751746372769563,12.498304498269896,10.65854701441008
2024,DK Metcalf,WR,40.7,5.7,SEA,00-0035640,15,12.746666666666666,2019,5,vet,True,20,3,14.318447404719464,-1.571780738052798,26.715947980835043,191.2,17,11.24705882352941,15,16.0,0,17.0,0,14.17838169959126,10.58181629784767,44.20002354357998,14.064438646426314,2.8181818181818183,0.5971240795965984,14.132476787173857,0.8496340577856226,12.498304498269896,12.007433599247644
2024,Stefon Diggs,WR,41.8,4.8,HOU,00-0031588,8,15.24,2015,9,vet,True,21,3,14.318447404719464,0.921552595280536,30.757015742642025,121.92,17,7.171764705882353,8,17.0,0,16.0,0,14.17838169959126,10.58181629784767,44.20002354357998,17.33107839553103,2.9883040935672516,0.5829468158364717,15.493223895334776,0.8313598749044877,12.467343029240986,12.880444679492738
2024,DJ Moore,WR,43.7,4.6,CHI,00-0034827,17,14.005882352941176,2018,6,vet,True,22,3,13.894337842606388,0.1115445103347898,27.38398357289528,238.1,17,14.005882352941176,17,17.0,0,17.0,0,14.118914137186762,10.58181629784767,44.20002354357998,14.859688764394646,2.9076923076923076,0.5895797819159043,14.422943021236584,0.8571859063942063,12.459648956356736,12.363143486530674
2024,Michael Pittman Jr.,WR,45.2,5.4,IND,00-0036252,16,10.3625,2020,4,vet,True,23,4,13.894337842606388,-3.531837842606386,26.90759753593429,165.8,17,9.75294117647059,16,16.0,0,16.0,0,14.118914137186762,10.58181629784767,44.20002354357998,14.426928104575163,2.6470588235294117,0.6120978626581768,14.238393413467858,0.8455302375112829,12.459648956356736,12.038992164668564
2024,Brandon Aiyuk,WR,48.1,5.3,SF,00-0036261,7,8.914285714285715,2020,4,vet,True,24,4,13.894337842606388,-4.980052128320672,26.46132785763176,62.400000000000006,17,3.670588235294118,7,16.0,0,17.0,0,14.118914137186762,10.58181629784767,44.20002354357998,14.40188888888889,2.6470588235294117,0.6120978626581768,14.22868064818579,0.8513138619205494,12.459648956356736,12.11307307264123
2024,Amari Cooper,WR,49.2,3.7,BUF,00-0031544,13,9.43846153846154,2015,9,vet,True,25,4,13.894337842606388,-4.455876304144848,30.209445585215605,122.7,17,7.2176470588235295,13,15.0,0,17.0,0,14.118914137186762,10.58181629784767,44.20002354357998,14.744327122313624,2.9883040935672516,0.5829468158364717,14.379744614051138,0.8108373337484744,11.431928733031675,11.65963378284121
2024,Tee Higgins,WR,51.8,4.5,CIN,00-0036410,12,18.508333333333333,2020,4,vet,True,26,4,13.894337842606388,4.613995490726946,25.620807665982205,222.1,17,13.064705882352941,12,12.0,0,14.0,0,13.288514502628034,10.58181629784767,44.20002354357998,13.336507936507935,2.6470588235294117,0.6120978626581768,13.307131258208422,0.7929720869044102,10.723572448677887,10.552183644532443
2024,Christian Kirk,WR,55.6,4.3,JAX,00-0034775,8,8.8625,2018,6,vet,True,27,4,12.853924073475545,-3.9914240734755424,27.786447638603697,70.9,17,4.170588235294118,8,11.0,0,17.0,0,13.000700554644403,10.58181629784767,44.20002354357998,13.259920986265524,2.9076923076923076,0.5895797819159043,13.107089860722198,0.7687071884059038,10.488365051903115,10.07551419501929
2024,Zay Flowers,WR,56.8,4.2,BAL,00-0039064,16,12.84375,2023,1,soph,True,28,4,12.853924073475545,-0.0101740734755431,23.972621492128678,209.5,17,12.323529411764707,16,15.0,0,0.0,1,13.000700554644403,9.662253361752159,39.87438588194487,13.620000000000001,1.0,0.804947337783284,13.12149656017035,0.8404541154331239,9.871685661764705,11.028015784636748
2024,Tank Dell,WR,57.5,4.4,HOU,00-0038977,14,10.0,2023,1,soph,True,29,4,12.853924073475545,-2.853924073475543,24.843258042436688,140.0,17,8.235294117647058,14,10.0,0,0.0,1,13.000700554644403,9.662253361752159,39.87438588194487,16.5,1.0,0.804947337783284,13.68324822735449,0.7579129833106477,9.871685661764705,10.370711485374374
2024,George Pickens,WR,59.8,5.8,PIT,00-0037247,14,11.742857142857144,2022,2,vet,True,30,4,12.853924073475545,-1.1110669306183991,23.496235455167692,164.4,17,9.670588235294119,14,16.0,0,17.0,0,13.000700554644403,10.58181629784767,44.20002354357998,11.952205882352942,1.8,0.6988445122488788,12.684940630206016,0.8697521837855752,9.871685661764705,11.032754814312053
2024,Keenan Allen,WR,63.5,5.7,CHI,00-0030279,15,12.293333333333331,2013,11,vet,True,31,5,12.853924073475545,-0.5605907401422101,32.34770704996578,184.4,17,10.847058823529412,15,13.0,0,10.0,0,13.000700554644403,10.58181629784767,44.20002354357998,18.96846422263618,2.9970717423133237,0.5822343769140212,15.493827061832853,0.7313889661153031,9.871685661764705,11.332014155923234
2024,Rashee Rice,WR,64.2,9.6,KC,00-0039067,3,21.633333333333336,2023,1,soph,False,32,5,12.853924073475545,8.779409259857793,24.361396303901437,64.9,17,3.8176470588235296,3,16.0,0,0.0,1,13.000700554644403,9.662253361752159,39.87438588194487,13.28125,1.0,0.804947337783284,13.055422470844436,0.8502388816853774,9.871685661764705,11.10022780154092
2024,Jayden Reed,WR,65.1,5.9,GB,00-0039146,16,12.3125,2023,1,soph,True,33,5,12.853924073475545,-0.5414240734755431,24.344969199178646,197.0,17,11.588235294117647,16,16.0,0,0.0,1,12.981908222542211,9.662253361752159,39.87438588194487,13.575,1.0,0.804947337783284,13.097592352674196,0.8503473651135398,9.871685661764705,11.137503146427752
2024,Chris Godwin Jr.,WR,68.4,6.3,TB,00-0033921,7,19.685714285714287,2017,7,vet,True,34,5,12.853924073475545,6.831790212238744,28.511978097193705,137.8,17,8.105882352941178,7,17.0,0,15.0,0,12.426114241967184,10.58181629784767,44.20002354357998,13.988562385584155,2.953488372093023,0.5857931529924117,13.07329096114763,0.8442163386570223,9.14646560319043,11.036685829417996
2024,Terry McLaurin,WR,70.2,7.4,WAS,00-0035659,17,15.75294117647059,2019,5,vet,True,35,5,12.739458663273002,3.0134825131975873,28.9637234770705,267.8,17,15.75294117647059,17,17.0,0,17.0,0,12.426114241967184,10.58181629784767,44.20002354357998,12.670780699376524,2.8181818181818183,0.5971240795965984,12.52468446618781,0.8468564761155732,9.14646560319043,10.60661015149527
2024,Calvin Ridley,WR,74.7,5.8,TEN,00-0034837,17,11.71764705882353,2018,6,vet,True,36,5,12.43820922971078,-0.7205621708872485,29.700205338809035,199.20000000000002,17,11.71764705882353,17,17.0,0,0.0,1,12.426114241967184,10.58181629784767,44.20002354357998,14.193005840634127,1.9918845807033363,0.6771067178668537,12.996631669434237,0.8255681772181125,9.14646560319043,10.729605517310016
2024,Xavier Worthy,WR,81.9,7.1,KC,00-0039894,16,11.7,2024,0,rookie,True,37,6,11.866666666666667,-0.1666666666666678,21.349760438056126,187.2,17,11.011764705882353,16,0.0,1,0.0,1,12.033333333333331,10.878228997086564,34.88877033555464,,0.0,1.0,12.033333333333331,0.749299669155349,9.14646560319043,9.016572685502698
2024,Hollywood Brown,WR,82.2,4.8,KC,00-0035662,2,9.05,2019,5,vet,False,38,6,11.464489947612591,-2.4144899476125925,27.24435318275154,18.1,17,1.0647058823529412,2,13.0,0,12.0,0,11.568841238043486,10.58181629784767,44.20002354357998,11.619088975540588,2.8181818181818183,0.5971240795965984,11.58908484153582,0.7875281250381135,9.14646560319043,9.126730256162327
2024,Christian Watson,WR,84.2,7.7,GB,00-0038124,11,9.363636363636363,2022,2,vet,True,39,6,11.063778356464836,-1.700141992828474,25.308692676249144,105.3,17,6.194117647058824,11,9.0,0,12.0,0,11.106041285284103,10.58181629784767,44.20002354357998,11.978703703703703,1.8,0.6988445122488788,11.36884836154533,0.7369880768593281,9.14646560319043,8.378705690080617
2024,Keon Coleman,WR,88.1,6.7,BUF,00-0039901,11,9.28181818181818,2024,0,rookie,True,40,6,11.063778356464836,-1.781960174646656,21.295003422313485,111.5,17,6.5588235294117645,11,0.0,1,0.0,1,11.106041285284103,10.878228997086564,34.88877033555464,,0.0,1.0,11.106041285284103,0.7498329235524863,8.949623161764707,8.327675406039193
2024,Jaxon Smith-Njigba,WR,90.5,10.8,SEA,00-0038543,17,14.882352941176473,2023,1,soph,True,41,6,11.063778356464836,3.8185745847116337,22.546201232032853,253.0,17,14.882352941176471,17,17.0,0,0.0,1,11.106041285284103,9.662253361752159,39.87438588194487,8.811764705882354,1.0,0.804947337783284,10.658536530610332,0.8727705770942853,8.939040247678019,9.302457078801302
2024,Diontae Johnson,WR,92.1,7.7,BAL,00-0035216,10,8.91,2019,5,vet,True,42,6,11.063778356464836,-2.153778356464837,28.15879534565366,89.10000000000001,17,5.241176470588236,10,13.0,0,17.0,0,11.106041285284103,10.58181629784767,44.20002354357998,12.379020919782304,2.8181818181818183,0.5971240795965984,11.618894127187353,0.7976671446130873,8.939040247678019,9.268010101995305
2024,Rome Odunze,WR,97.7,7.0,CHI,00-0039919,17,8.523529411764706,2024,0,rookie,True,43,7,10.82380934425052,-2.3002799324858128,22.247775496235455,144.9,17,8.523529411764706,17,0.0,1,0.0,1,10.804800188985853,10.878228997086564,34.88877033555464,,0.0,1.0,10.804800188985853,0.7404468789133216,8.939040247678019,8.000380577216642
2024,Ladd McConkey,WR,98.4,6.0,LAC,00-0039915,16,15.05625,2024,0,rookie,True,44,7,10.82380934425052,4.232440655749482,22.806297056810404,240.9,17,14.170588235294119,16,0.0,1,0.0,1,10.804800188985853,10.878228997086564,34.88877033555464,,0.0,1.0,10.804800188985853,0.7348395266671574,8.939040247678019,7.939794256607576
2024,Romeo Doubs,WR,103.0,7.1,GB,00-0037816,13,10.16153846153846,2022,2,vet,True,45,7,10.82380934425052,-0.6622708827120576,24.386036960985628,132.1,17,7.770588235294118,13,16.0,0,12.0,0,10.804800188985853,10.58181629784767,44.20002354357998,10.011111111111111,1.8,0.6988445122488788,10.565776367615747,0.8511284458966408,8.939040247678019,8.992832819460245
2024,DeAndre Hopkins,WR,104.5,5.9,KC,00-0030564,14,10.314285714285717,2013,11,vet,True,46,7,10.82380934425052,-0.5095236299648036,32.238193018480494,147.0,17,8.647058823529411,14,17.0,0,9.0,0,10.804800188985853,10.58181629784767,44.20002354357998,14.915406794895127,2.9970717423133237,0.5822343769140212,12.52207031896488,0.7966803615923707,8.939040247678019,9.976087509598033
2024,Tyler Lockett,WR,106.6,7.3,SEA,00-0032211,15,7.853333333333333,2015,9,vet,True,47,7,10.169649826735766,-2.3163164934024323,31.926078028747433,121.0,17,7.117647058823529,15,17.0,0,16.0,0,10.054305415321458,10.58181629784767,44.20002354357998,13.439011604641856,2.9883040935672516,0.5829468158364717,11.465907909035533,0.8226850513062797,8.64683742927252,9.432831036417975
2024,Jameson Williams,WR,107.8,8.1,DET,00-0037240,14,15.114285714285714,2022,2,vet,True,48,7,10.169649826735766,4.944635887549948,23.43600273785079,212.2,17,12.48235294117647,14,11.0,0,2.0,0,10.054305415321458,10.58181629784767,44.20002354357998,6.777272727272727,1.8,0.6988445122488788,9.067409037775775,0.7501360471478105,8.063253228120518,6.801790373469451
2024,Courtland Sutton,WR,110.8,8.2,DEN,00-0034348,16,15.01875,2018,6,vet,True,49,7,10.169649826735766,4.849100173264235,28.895277207392198,240.3,17,14.13529411764706,16,15.0,0,14.0,0,10.054305415321458,10.58181629784767,44.20002354357998,11.640537381619314,2.9076923076923076,0.5895797819159043,10.705327084861388,0.8112512487256305,8.063253228120518,8.684709965610114
2024,Brian Thomas Jr.,WR,114.2,8.5,JAX,00-0039893,17,16.705882352941178,2024,0,rookie,True,50,8,10.169649826735766,6.536232526205412,21.900068446269678,284.0,17,16.705882352941178,17,0.0,1,0.0,1,10.054305415321458,10.878228997086564,34.88877033555464,,0.0,1.0,10.054305415321458,0.7438985888581696,8.063253228120518,7.4793836104066855
2024,Mike Williams,WR,116.1,8.1,PIT,00-0033536,10,4.0200000000000005,2017,7,vet,True,51,8,10.169649826735766,-6.149649826735765,29.911019849418206,56.8,17,3.341176470588235,10,3.0,0,12.0,0,10.054305415321458,10.58181629784767,44.20002354357998,15.308633151625278,2.953488372093023,0.5857931529924117,12.230683940120382,0.5551255050035906,8.063253228120518,6.789564598798632
2024,Khalil Shakir,WR,117.4,9.7,BUF,00-0037261,15,12.166666666666666,2022,2,vet,True,52,8,10.169649826735766,1.9970168399309003,24.577686516084874,182.5,17,10.735294117647058,15,9.0,0,7.0,0,10.054305415321458,10.58181629784767,44.20002354357998,8.53968253968254,1.8,0.6988445122488788,9.598168424449414,0.7229552065331687,8.063253228120518,6.939045835637964
2024,Curtis Samuel,WR,122.6,8.6,BUF,00-0033282,11,5.7272727272727275,2017,7,vet,True,53,8,10.169649826735766,-4.442377099463038,28.057494866529773,63.7,17,3.7470588235294118,11,16.0,0,15.0,0,10.054305415321458,10.58181629784767,44.20002354357998,9.707748747315676,2.953488372093023,0.5857931529924117,9.910759270557328,0.8345859974137142,7.75024936061381,8.271380910945302
2024,Joshua Palmer,WR,130.5,8.1,LAC,00-0036988,14,7.378571428571428,2021,3,vet,True,54,8,10.169649826735766,-2.7910783981643377,24.944558521560573,107.4,17,6.31764705882353,14,9.0,0,14.0,0,10.039066536710836,10.58181629784767,44.20002354357998,11.140816326530611,2.3333333333333335,0.6415942515758042,10.433939994707394,0.7489301538633539,7.700220588235292,7.814292285637211
2024,Jakobi Meyers,WR,131.7,13.8,LV,00-0034960,15,14.533333333333331,2019,5,vet,True,55,9,10.169649826735766,4.363683506597567,27.811088295687885,218.0,17,12.823529411764707,15,15.0,0,14.0,0,10.039066536710836,10.58181629784767,44.20002354357998,13.299313922636504,2.8181818181818183,0.5971240795965984,11.352541703058424,0.8197135123789022,7.700220588235292,9.305831833841985
2024,Jerry Jeudy,WR,132.9,8.2,CLE,00-0036407,17,14.17058823529412,2020,4,vet,True,56,9,10.169649826735766,4.000938408558353,25.357973990417523,240.9,17,14.170588235294119,17,16.0,0,14.0,0,10.039066536710836,10.58181629784767,44.20002354357998,10.449968253968255,2.6470588235294117,0.6120978626581768,10.198456191072413,0.8502683458221678,7.700220588235292,8.671424475522986
2024,Jordan Addison,WR,134.1,9.7,MIN,00-0038994,15,14.166666666666666,2023,1,soph,True,57,9,10.169649826735766,3.9970168399309,22.595482546201232,212.5,17,12.5,15,16.0,0,0.0,1,10.039066536710836,9.662253361752159,39.87438588194487,13.83125,1.0,0.804947337783284,10.778742016839594,0.8615340088042035,7.700220588235292,9.286252819634122
2024,Brandin Cooks,WR,135.1,9.4,DAL,00-0031236,10,6.959999999999999,2014,10,vet,True,58,9,10.169649826735766,-3.2096498267357667,30.934976043805612,69.6,17,4.094117647058823,10,16.0,0,13.0,0,10.039066536710836,10.58181629784767,44.20002354357998,11.754076998270545,2.9941463414634146,0.5824718945811225,10.755131605499415,0.8062073355057551,7.700220588235292,8.670865994683417
2024,Rashid Shaheed,WR,139.8,7.7,NO,00-0037545,6,13.633333333333333,2022,2,vet,True,59,9,10.169649826735766,3.463683506597567,26.0041067761807,81.8,17,4.811764705882353,6,15.0,0,8.0,0,10.039066536710836,10.58181629784767,44.20002354357998,10.154444444444444,1.8,0.6988445122488788,10.073813226790055,0.8141490384392807,7.237726715686275,8.20158535200803
2024,Xavier Legette,WR,141.3,11.9,CAR,00-0039342,14,8.807142857142857,2024,0,rookie,True,60,9,10.169649826735766,-1.3625069695929088,23.589322381930184,125.10000000000001,17,7.358823529411765,14,0.0,1,0.0,1,10.039066536710836,10.878228997086564,34.88877033555464,,0.0,1.0,10.039066536710836,0.7268490671754818,7.237726715686275,7.2968861475208655
2024,Jahan Dotson,WR,152.0,12.7,PHI,00-0037741,6,4.816666666666666,2022,2,vet,True,61,9,9.338003994797472,-4.521337328130805,24.44626967830253,41.9,17,2.4647058823529413,6,14.0,0,10.0,0,9.304283843396748,10.58181629784767,44.20002354357998,10.11142857142857,1.8,0.6988445122488788,9.547359907652918,0.8185618918059622,7.233438057040998,7.815104987760769
2024,Quentin Johnston,WR,152.2,19.5,LAC,00-0038544,15,11.646666666666668,2023,1,soph,True,62,10,9.338003994797472,2.3086626718691967,22.986995208761122,174.70000000000002,17,10.276470588235295,15,17.0,0,0.0,1,9.304283843396748,9.662253361752159,39.87438588194487,5.529411764705882,1.0,0.804947337783284,8.567984994920545,0.8702095497926803,7.233438057040998,7.455942365060247
2024,Josh Downs,WR,155.9,13.6,IND,00-0038997,14,13.107142857142858,2023,1,soph,True,63,10,9.338003994797472,3.769138862345386,23.055441478439427,183.5,17,10.794117647058824,14,16.0,0,0.0,1,9.191029304029303,9.662253361752159,39.87438588194487,9.69375,1.0,0.804947337783284,9.289086314129827,0.8586627740168681,6.833295454545453,7.9761926225728415
2024,Adam Thielen,WR,159.0,13.9,CAR,00-0030035,10,13.95,2013,11,vet,True,64,10,9.338003994797472,4.611996005202528,34.02874743326489,139.5,17,8.205882352941176,10,17.0,0,17.0,0,8.505495437432936,10.58181629784767,44.20002354357998,13.324296783404943,2.9941463414634146,0.5824718945811225,10.517480433806565,0.8095959768944666,6.044523420479304,8.514909846276064
2024,Dontayvion Wicks,WR,160.0,17.6,GB,00-0038393,16,6.90625,2023,1,soph,True,65,10,8.413288726154798,-1.5070387261547982,23.211498973305954,110.5,17,6.5,16,12.0,0,0.0,1,8.505495437432936,9.662253361752159,39.87438588194487,9.533333333333333,1.0,0.804947337783284,8.705977955355536,0.8047096515944876,6.044523420479304,7.005784487243443
2024,Adonai Mitchell,WR,160.9,14.9,IND,00-0039890,13,3.5353846153846153,2024,0,rookie,True,66,10,8.413288726154798,-4.877904110770183,21.900068446269678,53.76,17,3.1623529411764704,13,0.0,1,0.0,1,8.505495437432936,10.878228997086564,34.88877033555464,,0.0,1.0,8.505495437432936,0.7438985888581696,6.044523420479304,6.327226053445961
2024,Darnell Mooney,WR,161.8,14.4,ATL,00-0036309,15,12.88,2020,4,vet,True,67,10,8.413288726154798,4.466711273845201,26.84188911704312,193.2,17,11.36470588235294,15,12.0,0,11.0,0,8.505495437432936,10.58181629784767,44.20002354357998,8.173048871063576,2.6470588235294117,0.6120978626581768,8.376538703786311,0.7710251710059226,6.044523420479304,6.458522186524569
2024,Ricky Pearsall,WR,162.7,15.7,SF,00-0039916,9,10.38888888888889,2024,0,rookie,True,68,10,8.413288726154798,1.9756001627340911,23.978097193702943,93.5,17,5.5,9,0.0,1,0.0,1,8.505495437432936,10.878228997086564,34.88877033555464,,0.0,1.0,8.505495437432936,0.7228264023148621,6.044523420479304,6.147996666945123
2024,Ja'Lynn Polk,WR,163.4,15.0,NE,00-0039907,7,3.414285714285714,2024,0,rookie,True,69,10,8.413288726154798,-4.999003011869084,22.392881587953458,32.699999999999996,17,1.9235294117647057,7,0.0,1,0.0,1,8.505495437432936,10.878228997086564,34.88877033555464,,0.0,1.0,8.505495437432936,0.7389974979733068,6.044523420479304,6.285539847286317
2024,Rashod Bateman,WR,169.6,9.7,BAL,00-0036550,14,12.078571428571427,2021,3,vet,True,70,10,7.737402755974185,4.3411686725972425,24.758384668035593,174.60000000000002,17,10.270588235294118,14,15.0,0,5.0,0,6.7414529914529915,10.58181629784767,44.20002354357998,7.315584415584415,2.3333333333333335,0.6415942515758042,6.947224994212664,0.8140203844600127,4.076418067226891,5.655182760719202
2024,Gabe Davis,WR,169.6,9.4,JAX,00-0036196,9,5.988888888888889,2020,4,vet,True,71,10,7.737402755974185,-1.748513867085296,25.505817932922657,53.9,17,3.1705882352941175,9,15.0,0,15.0,0,6.7414529914529915,10.58181629784767,44.20002354357998,10.727794871794872,2.6470588235294117,0.6120978626581768,8.28776352701283,0.8396772449400585,4.076418067226891,6.959046445076835
2024,Michael Wilson,WR,170.2,22.3,ARI,00-0038559,15,8.3,2023,1,soph,True,72,10,7.737402755974185,0.5625972440258158,24.522929500342233,124.5,17,7.323529411764706,15,13.0,0,0.0,1,6.7414529914529915,9.662253361752159,39.87438588194487,8.807692307692308,1.0,0.804947337783284,7.1444784708623175,0.8089176577008699,4.076418067226891,5.779294790144238
