pos,gsis_id,season,mean_t,mean_t1,p25_t,p25_t1,p90_t,p90_t1,iqr_t,iqr_t1,sd_t,sd_t1,bust_t,bust_t1,boom_t,boom_t1
QB,00-0026498,2019,20.82,17.325333333333333,14.36,14.82,27.888,22.872,11.170000000000002,7.57,6.869992721975767,5.38861480566291,0.1015940519722344,0.1373090594000063,0.5251855850769206,0.3489735410140784
QB,00-0026498,2020,17.325333333333333,19.396470588235296,14.82,15.46,22.872,26.008,7.57,8.739999999999998,5.38861480566291,6.329811353010916,0.1373090594000063,0.10818012297617802,0.3489735410140784,0.4313463942909023
QB,00-0026498,2021,19.396470588235296,12.042222222222223,15.46,10.16,26.008,17.68,8.739999999999998,4.6,6.329811353010916,4.14530390254375,0.10818012297617802,0.17844713555958103,0.4313463942909023,0.13158984637026755
QB,00-0026498,2022,12.042222222222223,16.206666666666667,10.16,12.91,17.68,23.2,4.6,6.709999999999997,4.14530390254375,4.63933903338252,0.17844713555958103,0.08975193189388156,0.13158984637026755,0.2929877082828364
QB,00-0026498,2023,16.206666666666667,13.411249999999999,12.91,7.81,23.2,22.78,6.709999999999997,10.435000000000002,4.63933903338252,7.185232888825989,0.08975193189388156,0.22151555854353905,0.2929877082828364,0.1909007142366954
QB,00-0026498,2024,13.411249999999999,20.61058823529412,7.81,13.6,22.78,27.387999999999998,10.435000000000002,13.24,7.185232888825989,6.979441659785755,0.22151555854353905,0.12717192516664996,0.1909007142366954,0.3638247520247018
TE,00-0030506,2019,15.89375,20.850666666666665,11.600000000000001,16.6,22.95,27.304000000000002,9.125,8.799999999999997,5.6130168655842585,6.613055773745347,0.03552776085053291,0.04549113964333073,0.6941075037521844,0.6485556460393955
TE,00-0030506,2020,20.850666666666665,16.425,16.6,11.625,27.304000000000002,24.75,8.799999999999997,7.449999999999999,6.613055773745347,9.202064985643169,0.04549113964333073,0.07298836012973403,0.6485556460393955,0.6013514615579568
TE,00-0030506,2021,16.425,18.605882352941176,11.625,11.3,24.75,29.060000000000002,7.449999999999999,9.3,9.202064985643169,7.921921372703349,0.07298836012973403,0.06706402149680056,0.6013514615579568,0.5910776947357628
TE,00-0030506,2022,18.605882352941176,14.626666666666667,11.3,10.600000000000001,29.060000000000002,22.18,9.3,7.049999999999997,7.921921372703349,8.003433786878754,0.06706402149680056,0.0450022625233318,0.5910776947357628,0.563336656331854
TE,00-0030506,2023,14.626666666666667,12.2125,10.600000000000001,6.625,22.18,22.2,7.049999999999997,10.475000000000001,8.003433786878754,7.396744779518443,0.0450022625233318,0.11094925837336345,0.563336656331854,0.447432691995037
TE,00-0030506,2024,12.2125,11.36470588235294,6.625,8.4,22.2,20.220000000000002,10.475000000000001,5.6,7.396744779518443,6.405265526938616,0.11094925837336345,0.09362400767273553,0.447432691995037,0.43678644796496635
WR,00-0031381,2019,17.725,25.599999999999998,10.725,16.975,24.29,42.720000000000006,12.050000000000002,16.924999999999997,6.97151672554441,12.472924522895429,0.15763931759391986,0.1404322465105258,0.22857953186046168,0.391782634683433
WR,00-0031381,2020,25.599999999999998,21.518749999999997,16.975,12.775,42.720000000000006,33.75,16.924999999999997,17.975,12.472924522895429,9.684435536811977,0.1404322465105258,0.08512472609751617,0.391782634683433,0.3737451073892861
WR,00-0031381,2021,21.518749999999997,19.73529411764706,12.775,10.1,33.75,35.22,17.975,20.0,9.684435536811977,12.051086111657664,0.08512472609751617,0.20398742362052003,0.3737451073892861,0.34561392926762524
WR,00-0031381,2022,19.73529411764706,15.61176470588235,10.1,8.5,35.22,29.500000000000007,20.0,11.899999999999999,12.051086111657664,11.1086611678085,0.20398742362052003,0.25795404705216773,0.34561392926762524,0.2547491842832956
WR,00-0031381,2023,15.61176470588235,17.235714285714288,8.5,9.475,29.500000000000007,25.97,11.899999999999999,12.300000000000002,11.1086611678085,10.003200037438567,0.25795404705216773,0.16143190201291727,0.2547491842832956,0.23889768085586843
WR,00-0031381,2024,17.235714285714288,15.921428571428573,9.475,9.6,25.97,23.14,12.300000000000002,12.800000000000002,10.003200037438567,6.8393857766759885,0.16143190201291727,0.2775188026085242,0.23889768085586843,0.27809479807945325
WR,00-0031408,2019,17.9,15.537500000000001,9.3,8.35,41.440000000000005,24.299999999999997,11.3,11.424999999999999,14.43629684741439,9.266417862367312,0.1926778262304502,0.23787326610093976,0.22505831247570215,0.2143498096387994
WR,00-0031408,2020,15.537500000000001,17.339999999999996,8.35,13.5,24.299999999999997,28.34,11.424999999999999,9.3,9.266417862367312,8.551841906864276,0.23787326610093976,0.22008808045105724,0.2143498096387994,0.34691123016003744
WR,00-0031408,2021,17.339999999999996,15.026666666666669,13.5,8.7,28.34,25.619999999999997,9.3,9.500000000000004,8.551841906864276,11.348786383616195,0.22008808045105724,0.17589762056424765,0.34691123016003744,0.15709497862396488
WR,00-0031408,2022,15.026666666666669,16.61764705882353,8.7,10.0,25.619999999999997,28.200000000000003,9.500000000000004,15.0,11.348786383616195,8.635626446161684,0.17589762056424765,0.21190708724116353,0.15709497862396488,0.2934734668267239
WR,00-0031408,2023,16.61764705882353,17.171428571428574,10.0,9.85,28.200000000000003,28.530000000000005,15.0,13.499999999999998,8.635626446161684,10.022085501640754,0.21190708724116353,0.2537132945958207,0.2934734668267239,0.2629323576932279
WR,00-0031408,2024,17.171428571428574,10.6,9.85,8.925,28.530000000000005,15.629999999999999,13.499999999999998,4.574999999999999,10.022085501640754,5.799014694633169,0.2537132945958207,0.3178865702160971,0.2629323576932279,0.07924004002260938
WR,00-0031588,2019,14.273333333333332,20.5375,7.65,15.125,22.38,29.200000000000003,9.9,10.274999999999999,10.141179606412846,8.017387354992897,0.293082750955634,0.09453209117189146,0.22092583596483406,0.33706499778367693
WR,00-0031588,2020,20.5375,16.794117647058822,15.125,13.5,29.200000000000003,23.42,10.274999999999999,6.899999999999999,8.017387354992897,5.714944289780446,0.09453209117189146,0.08170042134517598,0.33706499778367693,0.28006270828142127
WR,00-0031588,2021,16.794117647058822,19.7875,13.5,13.4,23.42,28.5,6.899999999999999,10.950000000000001,5.714944289780446,10.081922766351003,0.08170042134517598,0.1679298567272651,0.28006270828142127,0.44393815767628225
WR,00-0031588,2022,19.7875,16.105882352941176,13.4,7.9,28.5,24.94,10.950000000000001,12.1,10.081922766351003,8.391772055727808,0.1679298567272651,0.30400100686317194,0.44393815767628225,0.21602490173986733
WR,00-0031588,2023,16.105882352941176,15.239999999999998,7.9,11.45,24.94,20.514,12.1,8.305,8.391772055727808,5.6594497460947055,0.30400100686317194,0.2870371667038028,0.21602490173986733,0.16681504814975842
WR,00-0031588,2024,15.239999999999998,12.370588235294118,11.45,5.8,20.514,22.380000000000003,8.305,10.3,5.6594497460947055,6.811641203289627,0.2870371667038028,0.401847664505746,0.16681504814975842,0.1680386983375193
RB,00-0032764,2019,19.639999999999997,20.81875,11.7,11.375,31.419999999999998,37.35,15.0,17.625,10.224955466197116,11.647730465631492,0.014613633942390123,0.021359258900398612,0.5766223125500303,0.6361370424909462
RB,00-0032764,2020,20.81875,24.1625,11.375,14.974999999999998,37.35,39.23,17.625,17.175,11.647730465631492,13.625494748553432,0.021359258900398612,0.05133236313070713,0.6361370424909462,0.5897417518381577
RB,00-0032764,2021,24.1625,18.9225,14.974999999999998,12.525,39.23,26.75,17.175,12.790000000000001,13.625494748553432,8.505502140771387,0.05133236313070713,0.029962838544274197,0.5897417518381577,0.6006757257878056
RB,00-0032764,2022,18.9225,14.509411764705883,12.525,5.4,26.75,22.58,12.790000000000001,15.200000000000001,8.505502140771387,7.951915233599572,0.029962838544274197,0.12006202190729234,0.6006757257878056,0.5904601772533774
RB,00-0032764,2023,14.509411764705883,19.788235294117644,5.4,14.1,22.58,30.22,15.200000000000001,11.1,7.951915233599572,8.25143035728815,0.12006202190729234,0.029098532342942064,0.5904601772533774,0.7461425875717276
RB,00-0032764,2024,19.788235294117644,16.44117647058824,14.1,10.7,30.22,25.360000000000003,11.1,9.5,8.25143035728815,10.002690814446469,0.029098532342942064,0.08109231428092765,0.7461425875717276,0.44303842134888743
QB,00-0033077,2021,20.035000000000004,16.549999999999997,11.06,13.315,29.36,24.924,15.795,7.025,9.025497216220279,6.661228387944947,0.1486942882179582,0.15053283612969245,0.4483410639115516,0.22390730609274667
QB,00-0033077,2022,16.549999999999997,20.167058823529413,13.315,14.36,24.924,29.912000000000003,7.025,13.7,6.661228387944947,9.467578732644558,0.15053283612969245,0.138520468821178,0.22390730609274667,0.3791759272410915
QB,00-0033077,2023,20.167058823529413,14.564999999999998,14.36,12.105,29.912000000000003,20.675999999999995,13.7,4.364999999999998,9.467578732644558,7.454155121234637,0.138520468821178,0.13883606024587122,0.3791759272410915,0.22621091067729437
QB,00-0033077,2024,14.564999999999998,18.457647058823532,12.105,12.04,20.675999999999995,27.548000000000002,4.364999999999998,11.220000000000002,7.454155121234637,8.280775574645594,0.13883606024587122,0.16488130360000094,0.22621091067729437,0.3635906958141333
TE,00-0033090,2019,12.516666666666666,10.37857142857143,9.3,7.3,15.67,14.650000000000002,5.949999999999999,6.224999999999999,7.075287765857794,4.427045997472385,0.14542383909906198,0.04614003031406771,0.5700120779878748,0.512178932791972
TE,00-0033090,2020,10.37857142857143,10.26875,7.3,5.699999999999999,14.650000000000002,19.6,6.224999999999999,7.6,4.427045997472385,6.658500206502963,0.04614003031406771,0.07300313318683659,0.512178932791972,0.4641537339178442
TE,00-0033090,2021,10.26875,7.991666666666667,5.699999999999999,3.3,19.6,14.790000000000003,7.6,6.8999999999999995,6.658500206502963,4.818233990569449,0.07300313318683659,0.21164790291469363,0.4641537339178442,0.276380606951863
TE,00-0033090,2022,7.991666666666667,9.223076923076924,3.3,3.7,14.790000000000003,18.64,6.8999999999999995,12.900000000000002,4.818233990569449,7.055158142115343,0.21164790291469363,0.1345294109296813,0.276380606951863,0.38706526988850976
TE,00-0033090,2023,9.223076923076924,9.0875,3.7,3.65,18.64,15.85,12.900000000000002,9.65,7.055158142115343,5.794235641278896,0.1345294109296813,0.1629016927956813,0.38706526988850976,0.41267277854500434
TE,00-0033090,2024,9.0875,10.69375,3.65,6.375,15.85,20.0,9.65,6.025,5.794235641278896,7.476582887032461,0.1629016927956813,0.11440667584034003,0.41267277854500434,0.4000655360925745
QB,00-0033106,2019,15.469999999999999,15.998666666666669,8.385,10.49,24.990000000000002,24.272,12.845,13.019999999999998,8.218152265969929,7.080131018427218,0.1549763028173548,0.1373090594000063,0.30019727548322045,0.3489735410140784
QB,00-0033106,2020,15.998666666666669,13.892857142857144,10.49,8.93,24.272,20.430000000000003,13.019999999999998,9.280000000000001,7.080131018427218,6.754073902891076,0.1373090594000063,0.2787538827476958,0.3489735410140784,0.1873066377969776
QB,00-0033106,2021,13.892857142857144,16.72470588235294,8.93,11.38,20.430000000000003,26.064,9.280000000000001,11.019999999999998,6.754073902891076,8.452010202939194,0.2787538827476958,0.20212246399650244,0.1873066377969776,0.3525674499823134
QB,00-0033106,2022,16.72470588235294,17.005882352941182,11.38,12.68,26.064,24.728,11.019999999999998,8.440000000000001,8.452010202939194,6.791987060889775,0.20212246399650244,0.12122970344796613,0.3525674499823134,0.3286852427999418
QB,00-0033106,2023,17.005882352941182,19.08588235294118,12.68,10.76,24.728,30.14,8.440000000000001,14.58,6.791987060889775,9.69832656881042,0.12122970344796613,0.17527331099421808,0.3286852427999418,0.39186017758216274
QB,00-0033106,2024,19.08588235294118,17.474117647058826,10.76,12.68,30.14,25.896,14.58,7.960000000000001,9.69832656881042,7.517977669246838,0.17527331099421808,0.12717192516664996,0.39186017758216274,0.3631225833929962
RB,00-0033280,2022,20.962352941176473,24.456249999999997,15.7,19.225,30.1,36.3,10.100000000000001,7.649999999999999,8.522299813879295,9.71026733239959,0.0285435534040114,0.023666555023204448,0.6639149211458277,0.7684325988078488
TE,00-0033288,2019,15.892857142857144,15.6375,12.125,9.075000000000001,23.67,28.759999999999998,7.524999999999999,7.249999999999998,6.65009708265911,11.274235799252331,0.03883387567064226,0.04568951893491465,0.7135979439001796,0.514377285381776
TE,00-0033288,2020,15.6375,14.142857142857142,9.075000000000001,5.775,28.759999999999998,29.900000000000016,7.249999999999998,11.050000000000002,11.274235799252331,11.131501680830386,0.04568951893491465,0.0730052902094787,0.514377285381776,0.5442885165199333
TE,00-0033288,2021,14.142857142857142,13.366666666666669,5.775,6.199999999999999,29.900000000000016,24.94,11.050000000000002,14.150000000000002,11.131501680830386,8.868134500773515,0.0730052902094787,0.10144736547168344,0.5442885165199333,0.457413849277981
TE,00-0033288,2022,13.366666666666669,13.42,6.199999999999999,5.95,24.94,23.5,14.150000000000002,14.150000000000002,8.868134500773515,8.289339108586574,0.10144736547168344,0.08445789388197025,0.457413849277981,0.4621450434614726
TE,00-0033288,2023,13.42,15.77333333333333,5.95,12.3,23.5,22.12,14.150000000000002,8.2,8.289339108586574,6.864241365497686,0.08445789388197025,0.08723918518591846,0.4621450434614726,0.5715805218130822
TE,00-0033288,2024,15.77333333333333,14.681818181818182,12.3,9.3,22.12,24.5,8.2,13.8,6.864241365497686,8.260244328325667,0.08723918518591846,0.08442118873896397,0.5715805218130822,0.4799249520051258
RB,00-0033293,2019,19.674999999999997,18.492857142857144,7.775,12.95,36.4,24.5,19.700000000000003,8.250000000000004,13.409523978625542,9.130630131234458,0.013778629486148924,0.02374653771782523,0.6528699651628551,0.596940840486618
RB,00-0033293,2020,18.492857142857144,15.266666666666667,12.95,9.9,24.5,23.0,8.250000000000004,9.4,9.130630131234458,9.640144239189627,0.02374653771782523,0.07263063028925651,0.596940840486618,0.4945757403023558
RB,00-0033293,2021,15.266666666666667,14.623529411764707,9.9,7.8,23.0,25.6,9.4,11.899999999999999,9.640144239189627,8.093865687340376,0.07263063028925651,0.0285435534040114,0.4945757403023558,0.4379515882592272
RB,00-0033293,2022,14.623529411764707,12.263636363636362,7.8,8.649999999999999,25.6,19.1,11.899999999999999,7.550000000000001,8.093865687340376,7.210169585699456,0.0285435534040114,0.16973481366657564,0.4379515882592272,0.428525393693648
RB,00-0033293,2023,12.263636363636362,14.211764705882354,8.649999999999999,11.5,19.1,20.18,7.550000000000001,7.100000000000001,7.210169585699456,5.458809663395169,0.16973481366657564,0.029098532342942064,0.428525393693648,0.40928496455079455
RB,00-0033293,2024,14.211764705882354,9.891666666666666,11.5,6.949999999999999,20.18,15.66,7.100000000000001,5.725000000000001,5.458809663395169,4.508871726100027,0.029098532342942064,0.10398678178815118,0.40928496455079455,0.27632669726053355
RB,00-0033526,2020,7.166666666666667,5.942857142857142,1.6,2.75,14.240000000000004,12.340000000000007,4.9,3.5,8.959352655186647,4.799473414338813,0.3431709995767296,0.17828824945471045,0.227251266885162,0.23686668796484603
RB,00-0033526,2021,5.942857142857142,8.88125,2.75,3.35,12.340000000000007,20.4,3.5,7.375,4.799473414338813,8.349308853631738,0.17828824945471045,0.17913331359066448,0.23686668796484603,0.26935373551021563
RB,00-0033526,2022,8.88125,7.135294117647059,3.35,4.6,20.4,12.520000000000001,7.375,4.800000000000001,8.349308853631738,3.657174656833911,0.17913331359066448,0.12006202190729234,0.26935373551021563,0.07096126470323484
RB,00-0033526,2023,7.135294117647059,5.173333333333333,4.6,3.15,12.520000000000001,7.76,4.800000000000001,3.1999999999999997,3.657174656833911,2.937313317269631,0.12006202190729234,0.23505477485789872,0.07096126470323484,0.08014046323030659
RB,00-0033526,2024,5.173333333333333,5.953846153846154,3.15,3.1,7.76,11.340000000000003,3.1999999999999997,5.1,2.937313317269631,4.642128711524378,0.23505477485789872,0.2587708270726941,0.08014046323030659,0.14775213314154034
RB,00-0033553,2019,14.55,12.661538461538461,8.4,6.8,26.939999999999998,19.6,13.374999999999998,10.399999999999999,9.69011523839285,6.918879781864795,0.10791364970093674,0.08434394274461597,0.4095147970907701,0.5170683394153262
RB,00-0033553,2020,12.661538461538461,17.18,6.8,9.85,19.6,31.02,10.399999999999999,10.9,6.918879781864795,10.398227870995271,0.08434394274461597,0.07263063028925651,0.5170683394153262,0.5392925702599998
RB,00-0033553,2021,17.18,15.399999999999999,9.85,10.7,31.02,23.560000000000002,10.9,10.3,10.398227870995271,6.368542481081,0.07263063028925651,0.03521603055078264,0.5392925702599998,0.4794248759532136
RB,00-0033553,2022,15.399999999999999,15.5,10.7,7.3,23.560000000000002,25.540000000000003,10.3,14.899999999999999,6.368542481081,8.438799282678392,0.03521603055078264,0.027968952682310637,0.4794248759532136,0.4950755599761481
RB,00-0033553,2023,15.5,15.8625,7.3,10.8,25.540000000000003,24.450000000000003,14.899999999999999,9.299999999999997,8.438799282678392,7.852377559270399,0.027968952682310637,0.07880342136301831,0.4950755599761481,0.6321979939214689
QB,00-0033873,2019,20.502857142857145,24.959999999999997,15.885,19.78,29.246000000000002,34.576,10.965000000000002,10.71,7.292089948991017,7.658660830346628,0.10670186284242773,0.058703039073835485,0.4233283670724414,0.48350784725639595
QB,00-0033873,2020,24.959999999999997,21.274117647058826,19.78,14.0,34.576,32.344,10.71,12.2,7.658660830346628,8.697978974180963,0.058703039073835485,0.14344987721569144,0.48350784725639595,0.4692520669776272
QB,00-0033873,2021,21.274117647058826,24.552941176470586,14.0,19.62,32.344,33.300000000000004,12.2,10.86,8.697978974180963,6.466389801026809,0.14344987721569144,0.03668304642688505,0.4692520669776272,0.5312333421212336
QB,00-0033873,2022,24.552941176470586,17.513749999999998,19.62,13.535,33.300000000000004,23.439999999999998,10.86,6.324999999999999,6.466389801026809,6.319116895052135,0.03668304642688505,0.10576774330835308,0.5312333421212336,0.2853995681257304
QB,00-0033873,2023,17.513749999999998,17.68875,13.535,13.934999999999999,23.439999999999998,25.27,6.324999999999999,5.625,6.319116895052135,5.163208143522139,0.10576774330835308,0.09396676552813883,0.2853995681257304,0.27812005700395814
QB,00-0033873,2024,17.68875,20.405714285714286,13.934999999999999,13.205,25.27,28.798000000000002,5.625,13.394999999999998,5.163208143522139,7.995600438592862,0.09396676552813883,0.1347965673195016,0.27812005700395814,0.3637183916368242
RB,00-0033906,2019,17.751428571428573,25.18666666666666,12.7,18.049999999999997,27.470000000000006,42.18,8.875,12.0,8.3770812404972,13.19133193029567,0.015556372119336555,0.02248972350033545,0.6112172509889188,0.7708659253007563
RB,00-0033906,2020,25.18666666666666,18.053846153846152,18.049999999999997,12.0,42.18,28.26,12.0,9.0,13.19133193029567,8.517101950841356,0.02248972350033545,0.04219231491625991,0.7708659253007563,0.5922606036698306
RB,00-0033906,2021,18.053846153846152,14.113333333333333,12.0,7.55,28.26,21.639999999999997,9.0,10.399999999999999,8.517101950841356,9.546941669356485,0.04219231491625991,0.031530652691091836,0.5922606036698306,0.332419429400727
RB,00-0033906,2022,14.113333333333333,17.923076923076923,7.55,13.5,21.639999999999997,28.52,10.399999999999999,7.899999999999999,9.546941669356485,7.252603422927273,0.031530652691091836,0.027968952682310637,0.332419429400727,0.6115289693632039
RB,00-0033906,2023,17.923076923076923,18.95,13.5,13.6,28.52,26.720000000000002,7.899999999999999,7.450000000000001,7.252603422927273,8.797180492372805,0.027968952682310637,0.03376570503076607,0.6115289693632039,0.6470681646496512
RB,00-0033906,2024,18.95,9.154545454545454,13.6,6.2,26.720000000000002,14.5,7.450000000000001,6.949999999999998,8.797180492372805,4.897828832526437,0.03376570503076607,0.11020979984844934,0.6470681646496512,0.2302455695322173
WR,00-0033908,2019,16.90625,14.046666666666669,10.625,9.45,30.0,24.099999999999998,13.224999999999998,7.050000000000001,9.827340688100723,6.538552337227764,0.1713016366675111,0.17237996532748312,0.22598135374825581,0.22113393267722498
WR,00-0033908,2020,14.046666666666669,25.85294117647059,9.45,21.3,24.099999999999998,35.54,7.050000000000001,10.0,6.538552337227764,7.468359730143128,0.17237996532748312,0.08170042134517598,0.22113393267722498,0.6352573706510871
WR,00-0033908,2021,25.85294117647059,22.37777777777778,21.3,16.7,35.54,31.8,10.0,10.100000000000001,7.468359730143128,9.163484296076708,0.08170042134517598,0.1795713496449118,0.6352573706510871,0.45031972382566515
WR,00-0033908,2022,22.37777777777778,14.754545454545452,16.7,6.85,31.8,25.5,10.100000000000001,15.600000000000003,9.163484296076708,8.587707917292441,0.1795713496449118,0.3564288315408307,0.45031972382566515,0.23096414375820024
WR,00-0033908,2023,14.754545454545452,14.583333333333334,6.85,5.2250000000000005,25.5,27.880000000000003,15.600000000000003,15.274999999999999,8.587707917292441,10.294909009561547,0.3564288315408307,0.38116954345934184,0.23096414375820024,0.22571287608812712
WR,00-0033908,2024,14.583333333333334,7.606666666666667,5.2250000000000005,5.0,27.880000000000003,11.96,15.274999999999999,5.550000000000001,10.294909009561547,3.9557312249203087,0.38116954345934184,0.5212741195735268,0.22571287608812712,0.05588811685531587
WR,00-0033921,2019,19.72142857142858,15.91666666666667,13.475,12.65,35.63,23.360000000000003,12.375000000000002,5.924999999999999,10.767628020451541,7.055988215478375,0.1450488191130452,0.19401268483126882,0.22727301747398337,0.20936303708961512
WR,00-0033921,2020,15.91666666666667,17.314285714285713,12.65,11.35,23.360000000000003,27.130000000000003,5.924999999999999,11.4,7.055988215478375,7.714806657217131,0.19401268483126882,0.13866104889373984,0.20936303708961512,0.31767484468140367
WR,00-0033921,2021,17.314285714285713,14.853333333333335,11.35,11.1,27.130000000000003,21.78,11.4,6.200000000000001,7.714806657217131,5.802446118007556,0.13866104889373984,0.12845064483126054,0.31767484468140367,0.20084733879856767
WR,00-0033921,2022,14.853333333333335,12.305882352941175,11.1,9.4,21.78,18.44,6.200000000000001,4.5,5.802446118007556,5.263966017680406,0.12845064483126054,0.21190708724116353,0.20084733879856767,0.09985205410958245
WR,00-0034348,2021,8.837647058823528,11.385714285714286,3.5,9.1,24.0,17.25,5.5,4.275,7.916460327548358,5.075560922826035,0.5241964386902621,0.234469463229197,0.20113056108816224,0.07277430591877417
WR,00-0034348,2022,11.385714285714286,12.679999999999998,9.1,11.25,17.25,18.38,4.275,4.899999999999999,5.075560922826035,5.3667228627640435,0.234469463229197,0.18268423465245015,0.07277430591877417,0.06625947264599857
WR,00-0034348,2023,12.679999999999998,15.01875,11.25,11.649999999999999,18.38,22.04,4.899999999999999,5.940000000000001,5.3667228627640435,6.606649049757878,0.18268423465245015,0.23227832710385027,0.06625947264599857,0.18207604917753872
WR,00-0034348,2024,15.01875,12.923529411764704,11.649999999999999,8.0,22.04,21.880000000000003,5.940000000000001,10.100000000000001,6.606649049757878,7.483943597108805,0.23227832710385027,0.2840913178376708,0.18207604917753872,0.1680386983375193
TE,00-0034351,2019,10.335714285714285,12.466666666666667,7.975,7.3,14.210000000000003,21.220000000000002,4.275,11.399999999999999,5.2354717872570795,6.767385019340927,0.08536248795806353,0.04566107317156771,0.41236631032749965,0.49935465547321495
TE,00-0034351,2020,12.466666666666667,11.0,7.3,4.8,21.220000000000002,18.939999999999998,11.399999999999999,8.899999999999999,6.767385019340927,7.2047603310985595,0.04566107317156771,0.0730042116822245,0.49935465547321495,0.5334073713719958
TE,00-0034351,2021,11.0,11.766666666666666,4.8,9.225000000000001,18.939999999999998,17.07,8.899999999999999,3.3749999999999982,7.2047603310985595,5.045490035365217,0.0730042116822245,0.07824702101137126,0.5334073713719958,0.4328565718902526
TE,00-0034351,2022,11.766666666666666,10.484615384615383,9.225000000000001,7.1,17.07,18.1,3.3749999999999982,7.0,5.045490035365217,6.483934781936833,0.07824702101137126,0.09169354749806952,0.4328565718902526,0.35089462142749056
TE,00-0034351,2023,10.484615384615383,11.511111111111111,7.1,7.1,18.1,15.96,7.0,5.4,6.483934781936833,6.345361385383114,0.09169354749806952,0.0721085811111714,0.35089462142749056,0.3616230185225599
TE,00-0034351,2024,11.511111111111111,12.340000000000002,7.1,6.550000000000001,15.96,22.88,5.4,10.25,6.345361385383114,7.174140067930491,0.0721085811111714,0.058508076192485776,0.3616230185225599,0.43374515027070165
TE,00-0034383,2020,9.15625,12.28235294117647,6.075,9.3,15.6,21.3,5.525000000000001,7.800000000000001,5.329286224877275,7.156835482086134,0.046702713953999817,0.07303160040103869,0.43884367654873746,0.5513459099481313
TE,00-0034383,2021,12.28235294117647,10.192857142857145,9.3,5.225,21.3,18.590000000000003,7.800000000000001,9.15,7.156835482086134,7.143093952118453,0.07303160040103869,0.13588394304376306,0.5513459099481313,0.40144808375141733
TE,00-0034383,2022,10.192857142857145,10.033333333333333,5.225,3.2,18.590000000000003,18.14,9.15,10.45,7.143093952118453,7.30876838038361,0.13588394304376306,0.2028247879578856,0.40144808375141733,0.3946839682145517
TE,00-0034383,2023,10.033333333333333,6.952941176470588,3.2,4.1,18.14,11.96,10.45,4.200000000000001,7.30876838038361,4.0594207787347605,0.2028247879578856,0.10814018542744512,0.3946839682145517,0.23084892272102495
TE,00-0034383,2024,6.952941176470588,10.45294117647059,4.1,5.8,11.96,18.5,4.200000000000001,7.8999999999999995,4.0594207787347605,5.639161911031065,0.10814018542744512,0.07497491967087758,0.23084892272102495,0.41383493794954324
TE,00-0034753,2019,13.813333333333334,12.149999999999997,6.2,5.45,25.04,20.67,14.2,12.150000000000002,8.385264853698223,6.879931797515259,0.08156727580671189,0.0455193740061067,0.5838738535897503,0.5376630272208884
TE,00-0034753,2020,12.149999999999997,17.711764705882352,5.45,10.7,20.67,31.340000000000003,12.150000000000002,7.600000000000001,6.879931797515259,9.998305003408152,0.0455193740061067,0.07298728188445099,0.5376630272208884,0.5897917350115982
TE,00-0034753,2021,17.711764705882352,12.7,10.7,6.199999999999999,31.340000000000003,24.86,7.600000000000001,14.75,9.998305003408152,9.034299719877097,0.07298728188445099,0.10144736547168344,0.5897917350115982,0.3873932700804009
TE,00-0034753,2022,12.7,13.540000000000001,6.199999999999999,8.35,24.86,22.57,14.75,8.275,9.034299719877097,6.708071423458625,0.10144736547168344,0.056062087887818614,0.3873932700804009,0.4747522035293972
TE,00-0034753,2023,13.540000000000001,12.58666666666667,8.35,9.3,22.57,18.86,8.275,6.299999999999999,6.708071423458625,5.453683770321366,0.056062087887818614,0.06057020885272933,0.4747522035293972,0.4995571694173604
TE,00-0034753,2024,12.58666666666667,8.09375,9.3,3.6999999999999997,18.86,16.15,6.299999999999999,6.4,5.453683770321366,6.811311058330352,0.06057020885272933,0.11440667584034003,0.4995571694173604,0.3295935679639955
WR,00-0034775,2019,12.938461538461537,10.457142857142857,8.3,5.25,17.72,22.03,8.599999999999998,8.9,9.221942895574161,7.454550936865994,0.23427343885620572,0.33344182505219805,0.21646004278266745,0.22836152328636816
WR,00-0034775,2020,10.457142857142857,12.8825,5.25,9.275,22.03,21.25,8.9,7.389999999999999,7.454550936865994,6.390646811291222,0.33344182505219805,0.21086354222452963,0.22836152328636816,0.1683068999934966
WR,00-0034775,2021,12.8825,14.229411764705883,9.275,8.1,21.25,23.46,7.389999999999999,11.1,6.390646811291222,8.21308138778333,0.21086354222452963,0.2473221919507857,0.1683068999934966,0.22491828715431025
WR,00-0034775,2022,14.229411764705883,13.332727272727276,8.1,10.75,23.46,19.0,11.1,5.149999999999999,8.21308138778333,5.53835551569072,0.2473221919507857,0.2291777628407949,0.22491828715431025,0.13007424499948042
WR,00-0034775,2023,13.332727272727276,8.8625,10.75,3.85,19.0,16.86,5.149999999999999,9.725000000000001,5.53835551569072,6.453113866299631,0.2291777628407949,0.47845108416826715,0.13007424499948042,0.138730328321569
WR,00-0034775,2024,8.8625,5.263636363636365,3.85,1.6,16.86,10.4,9.725000000000001,5.050000000000001,6.453113866299631,4.772477915563932,0.47845108416826715,0.628332074882978,0.138730328321569,0.06720545975552383
QB,00-0034796,2019,27.711999999999996,22.185333333333332,22.810000000000002,17.049999999999997,35.18,28.828,10.29,9.540000000000003,7.095994040905857,6.336472505229057,0.09241058054640895,0.058703039073835485,0.7206608924333385,0.5283526160038352
QB,00-0034796,2020,22.185333333333332,21.709090909090907,17.049999999999997,16.52,28.828,32.26,9.540000000000003,10.34,6.336472505229057,9.648877089636342,0.058703039073835485,0.13721799213528366,0.5283526160038352,0.3620709643216663
QB,00-0034796,2021,21.709090909090907,21.34,16.52,15.11,32.26,39.42,10.34,7.329999999999998,9.648877089636342,10.420445287990336,0.13721799213528366,0.048790971218436105,0.3620709643216663,0.35960940727002394
QB,00-0034796,2022,21.34,20.701249999999998,15.11,12.76,39.42,32.760000000000005,7.329999999999998,15.389999999999999,10.420445287990336,9.143926126123286,0.048790971218436105,0.10576774330835308,0.35960940727002394,0.4148954470071195
QB,00-0034796,2023,20.701249999999998,25.316470588235294,12.76,22.58,32.760000000000005,33.828,15.389999999999999,6.840000000000003,9.143926126123286,6.190469430076034,0.10576774330835308,0.0920107880350935,0.4148954470071195,0.6425842130875817
QB,00-0034796,2024,25.316470588235294,16.52769230769231,22.58,7.22,33.828,26.876,6.840000000000003,18.34,6.190469430076034,9.083921834617243,0.0920107880350935,0.19872346987487716,0.6425842130875817,0.3634097281059689
WR,00-0034827,2019,15.366666666666667,14.099999999999998,12.35,8.8,20.72,21.08,6.1999999999999975,10.650000000000002,6.939809246726626,6.431951492354401,0.17787978866401127,0.17237996532748312,0.22092583596483406,0.1894841586472993
WR,00-0034827,2020,14.099999999999998,13.970588235294118,8.8,9.9,21.08,21.06,10.650000000000002,6.1,6.431951492354401,6.4818751825650684,0.17237996532748312,0.2023811533483813,0.1894841586472993,0.20113056108816224
WR,00-0034827,2021,13.970588235294118,11.711764705882354,9.9,4.4,21.06,21.66,6.1,15.200000000000001,6.4818751825650684,8.453910511779533,0.2023811533483813,0.37732649694158266,0.20113056108816224,0.22491828715431025
WR,00-0034827,2022,11.711764705882354,16.852941176470587,4.4,9.5,21.66,28.62,15.200000000000001,13.100000000000001,8.453910511779533,11.69685415224211,0.37732649694158266,0.21190708724116353,0.22491828715431025,0.2934734668267239
WR,00-0034827,2023,16.852941176470587,14.005882352941176,9.5,10.0,28.62,24.98,13.100000000000001,5.199999999999999,11.69685415224211,7.100217478027988,0.21190708724116353,0.26339438931983566,0.2934734668267239,0.20041245802973243
WR,00-0034827,2024,14.005882352941176,10.128235294117646,10.0,3.1,24.98,22.932,5.199999999999999,9.700000000000001,7.100217478027988,8.190622866496568,0.26339438931983566,0.401847664505746,0.20041245802973243,0.20686899354912902
WR,00-0034837,2019,16.283333333333335,18.76666666666667,11.675,14.9,24.25,31.339999999999996,8.675,9.1,6.990361329370001,9.248371800072754,0.2444411168630481,0.17237996532748312,0.22283087590033265,0.28443348073707636
WR,00-0034837,2023,13.523529411764706,11.717647058823532,7.0,7.2,24.78,23.44,14.899999999999999,7.1000000000000005,8.95234113317326,7.445572114864448,0.3960949264851804,0.30392478375119686,0.2934734668267239,0.17799422607338053
RB,00-0034844,2021,11.430769230769233,17.75,7.9,14.35,20.82,25.15,5.5,8.350000000000003,7.859854177547297,7.520726915221249,0.07780356542960176,0.029962838544274197,0.2976077399137385,0.6480074386846041
RB,00-0034844,2022,17.75,15.942857142857141,14.35,8.925,25.15,26.150000000000002,8.350000000000003,13.25,7.520726915221249,8.020810843886458,0.029962838544274197,0.026370941257556783,0.6480074386846041,0.5228579681609126
RB,00-0034844,2023,15.942857142857141,22.20625,8.925,13.225,26.150000000000002,33.7,13.25,19.75,8.020810843886458,11.421761028843145,0.026370941257556783,0.030503975335325083,0.5228579681609126,0.6321979939214689
RB,00-0034844,2024,22.20625,14.51875,13.225,9.3,33.7,19.799999999999997,19.75,8.599999999999998,11.421761028843145,7.193721220620104,0.030503975335325083,0.03876589026081976,0.6321979939214689,0.46443676607409173
QB,00-0034855,2019,14.32375,15.53875,10.66,7.945,20.939999999999998,29.62,7.420000000000002,11.115000000000002,6.324168324768087,8.47102502652424,0.12947876546309428,0.2455665839447671,0.21368800999132137,0.29107555625820764
QB,00-0034855,2020,15.53875,12.921428571428573,7.945,9.620000000000001,29.62,17.346,11.115000000000002,6.669999999999998,8.47102502652424,4.6493173314317495,0.2455665839447671,0.23931067139578513,0.29107555625820764,0.1873066377969776
QB,00-0034855,2021,12.921428571428573,10.118333333333332,9.620000000000001,5.78,17.346,17.08,6.669999999999998,8.419999999999998,4.6493173314317495,5.0975606168464775,0.23931067139578513,0.35910477980256333,0.1873066377969776,0.10888648886835756
QB,00-0034855,2022,10.118333333333332,16.121176470588235,5.78,10.34,17.08,22.004,8.419999999999998,9.48,5.0975606168464775,6.074794114158254,0.35910477980256333,0.12122970344796613,0.10888648886835756,0.2781945583587921
QB,00-0034855,2023,16.121176470588235,21.517647058823528,10.34,18.66,22.004,29.192,9.48,8.34,6.074794114158254,7.401225852360342,0.12122970344796613,0.13364204951465578,0.2781945583587921,0.5172221953348722
QB,00-0034855,2024,21.517647058823528,15.995294117647063,18.66,12.7,29.192,22.716,8.34,6.940000000000001,7.401225852360342,6.243110320232074,0.13364204951465578,0.14602661438332545,0.5172221953348722,0.3630055552877119
QB,00-0034857,2019,19.224,24.75375,16.810000000000002,16.365,24.68,35.25,4.939999999999998,15.14,5.962311153044119,8.478036624124714,0.10532397915523878,0.0564830838550385,0.358979431711187,0.5056757059110558
QB,00-0034857,2020,24.75375,23.681176470588237,16.365,17.2,35.25,35.732,15.14,12.260000000000002,8.478036624124714,8.401855362323953,0.0564830838550385,0.10818012297617802,0.5056757059110558,0.4692520669776272
QB,00-0034857,2021,23.681176470588237,24.72,17.2,20.335,35.732,33.32,12.260000000000002,9.405000000000001,8.401855362323953,6.594247998571683,0.10818012297617802,0.03826571064748699,0.4692520669776272,0.6028259229898251
QB,00-0034857,2022,24.72,23.09647058823529,20.335,20.52,33.32,32.036,9.405000000000001,4.460000000000001,6.594247998571683,7.665491619244383,0.03826571064748699,0.10393893807475425,0.6028259229898251,0.5054026383439658
QB,00-0034857,2023,23.09647058823529,23.69,20.52,17.31,32.036,36.230000000000004,4.460000000000001,11.735000000000003,7.665491619244383,11.524688860586794,0.10393893807475425,0.1152248976973722,0.5054026383439658,0.5397780853057464
QB,00-0034857,2024,23.69,22.78875,17.31,16.39,36.230000000000004,38.3,11.735000000000003,9.46,11.524688860586794,10.404942335255877,0.1152248976973722,0.14883281077574642,0.5397780853057464,0.3637502929269954
QB,00-0034869,2019,14.55076923076923,11.168333333333331,10.46,6.435,24.676000000000005,19.736,9.16,8.375,8.725409695766404,6.671859265647475,0.12137202853288336,0.2893330718835274,0.2952562439284979,0.19595746804009714
QB,00-0034869,2020,11.168333333333331,13.106666666666664,6.435,5.18,19.736,24.640000000000004,8.375,13.759999999999998,6.671859265647475,9.527145268636191,0.2893330718835274,0.302627047975935,0.19595746804009714,0.25159715524955706
QB,00-0034869,2024,18.115294117647057,13.848235294117648,14.62,6.08,24.096,24.236000000000004,8.320000000000002,13.42,7.571973089663501,7.976384076834344,0.15445768025443693,0.2403000604667029,0.3500728383312596,0.3630055552877119
WR,00-0034960,2019,5.87,12.80181818181818,2.4,8.6,9.87,18.26,6.549999999999999,7.380000000000001,3.6123399618529817,6.9396337341128005,0.45778092320673147,0.20248283862592723,0.21544641930255118,0.1807124127261098
WR,00-0034960,2020,12.80181818181818,11.64375,8.6,9.3,18.26,17.6,7.380000000000001,5.525,6.9396337341128005,4.7180460291664525,0.20248283862592723,0.21086354222452963,0.1807124127261098,0.1272192585143387
WR,00-0034960,2021,11.64375,13.021428571428572,9.3,9.2,17.6,20.790000000000003,5.525,8.900000000000002,4.7180460291664525,5.99206893400686,0.21086354222452963,0.234469463229197,0.1272192585143387,0.21003695113458343
WR,00-0034960,2022,13.021428571428572,14.378666666666666,9.2,8.2,20.790000000000003,21.16,8.900000000000002,10.850000000000001,5.99206893400686,7.010051830526409,0.234469463229197,0.28411974831666825,0.21003695113458343,0.23416027937803346
WR,00-0034960,2023,14.378666666666666,14.533333333333333,8.2,9.65,21.16,21.740000000000002,10.850000000000001,8.200000000000001,7.010051830526409,6.101717166581255,0.28411974831666825,0.19841747772571108,0.23416027937803346,0.18634947770568255
WR,00-0034960,2024,14.533333333333333,10.9875,9.65,7.7250000000000005,21.740000000000002,16.35,8.200000000000001,5.575,6.101717166581255,4.352757746532651,0.19841747772571108,0.37740967721159246,0.18634947770568255,0.09402929312487787
RB,00-0034975,2022,3.6636363636363636,6.83125,2.7,2.9,6.8,12.7,2.0,5.999999999999998,2.209648264893183,5.543370665338313,0.5031089483654609,0.28004593563948943,0.10483759979428402,0.12404681927303372
RB,00-0034975,2023,6.83125,8.473333333333333,2.9,3.25,12.7,16.36,5.999999999999998,9.4,5.543370665338313,6.13938883261968,0.28004593563948943,0.23505477485789872,0.12404681927303372,0.23988238259783412
RB,00-0034975,2024,8.473333333333333,8.125,3.25,3.175,16.36,15.189999999999996,9.4,5.400000000000001,6.13938883261968,8.915596286444174,0.23505477485789872,0.20726501940436823,0.23988238259783412,0.20590243168288838
QB,00-0035228,2019,17.83,23.67125,12.93,17.950000000000003,26.73,35.120000000000005,10.704999999999998,12.509999999999998,6.802199644232739,9.77618049137801,0.10398122810883374,0.13211648389092995,0.3867065409751195,0.5485957358416255
QB,00-0035228,2020,23.67125,21.46285714285715,17.950000000000003,17.18,35.120000000000005,32.416000000000004,12.509999999999998,7.870000000000001,9.77618049137801,7.488361665916012,0.13211648389092995,0.12098103734005324,0.5485957358416255,0.48669150043568005
QB,00-0035228,2021,21.46285714285715,19.986,17.18,16.439999999999998,32.416000000000004,25.304,7.870000000000001,7.760000000000002,7.488361665916012,4.546647605043131,0.12098103734005324,0.05163128279689282,0.48669150043568005,0.3829786394004615
QB,00-0035228,2022,19.986,18.294999999999998,16.439999999999998,16.28,25.304,22.266,7.760000000000002,4.465,4.546647605043131,4.095764362641693,0.05163128279689282,0.10261713137907046,0.3829786394004615,0.3273186605436613
QB,00-0035228,2023,18.294999999999998,17.48470588235294,16.28,11.96,22.266,28.144,4.465,10.219999999999999,4.095764362641693,7.15805325983177,0.10261713137907046,0.11282641877487465,0.3273186605436613,0.3082854990803564
TE,00-0035229,2019,7.054545454545454,10.95625,1.65,8.55,11.7,16.450000000000003,6.549999999999999,6.475,7.041784381300472,4.795827179260459,0.2614419130433553,0.046702713953999817,0.3081650196861708,0.4873400909960899
TE,00-0035229,2020,10.95625,13.209090909090907,8.55,9.5,16.450000000000003,20.6,6.475,7.649999999999999,4.795827179260459,6.869709534682604,0.046702713953999817,0.07300852598245315,0.4873400909960899,0.536311018626353
TE,00-0035229,2021,13.209090909090907,13.424999999999999,9.5,8.175,20.6,25.95,7.649999999999999,5.924999999999999,6.869709534682604,10.250691033616548,0.07300852598245315,0.09846228573582579,0.536311018626353,0.4081153239963739
TE,00-0035229,2022,13.424999999999999,14.600000000000003,8.175,10.2,25.95,23.68,5.924999999999999,7.600000000000001,10.250691033616548,6.849713236959007,0.09846228573582579,0.0450022625233318,0.4081153239963739,0.49587558108493307
TE,00-0035229,2023,14.600000000000003,8.65,10.2,4.95,23.68,15.519999999999998,7.600000000000001,6.45,6.849713236959007,5.211365783874063,0.0450022625233318,0.1314342454217196,0.49587558108493307,0.34574060598636003
TE,00-0035229,2024,8.65,7.971428571428572,4.95,4.925,15.519999999999998,11.510000000000002,6.45,5.250000000000001,5.211365783874063,3.7791795144181495,0.1314342454217196,0.09917243402098282,0.34574060598636003,0.32119297953228415
RB,00-0035261,2019,6.892307692307693,8.020000000000001,1.9,4.0,20.960000000000004,12.48,5.6,5.300000000000001,8.196895910288392,7.187707760972399,0.4303861495436701,0.1283421414337811,0.2672777815695069,0.15756450444972908
RB,00-0035261,2020,8.020000000000001,10.84,4.0,7.25,12.48,16.4,5.300000000000001,7.600000000000001,7.187707760972399,5.227509650192638,0.1283421414337811,0.03938706933043494,0.15756450444972908,0.36042525042942375
RB,00-0035261,2021,10.84,15.55,7.25,7.875,16.4,29.150000000000002,7.600000000000001,14.024999999999999,5.227509650192638,10.43922091601348,0.03938706933043494,0.12940982190853437,0.36042525042942375,0.5060122999942084
RB,00-0035261,2022,15.55,13.094117647058823,7.875,7.7,29.150000000000002,20.82,14.024999999999999,9.600000000000001,10.43922091601348,6.100970269989366,0.12940982190853437,0.022512221159757363,0.5060122999942084,0.49600582951698785
RB,00-0035261,2023,13.094117647058823,12.54375,7.7,8.375,20.82,18.6,9.600000000000001,9.575,6.100970269989366,5.497025710933746,0.022512221159757363,0.030503975335325083,0.49600582951698785,0.4805318862671744
RB,00-0035261,2024,12.54375,10.929411764705883,8.375,7.8,18.6,16.16,9.575,4.3,5.497025710933746,5.619471139026603,0.030503975335325083,0.03705889558379811,0.4805318862671744,0.25874341037388937
RB,00-0035537,2019,4.257142857142857,7.033333333333333,2.1,1.6,6.57,17.94,3.725,7.200000000000001,2.4047114925989277,7.004641318440224,0.4026215664424847,0.3431709995767296,0.07125471542022663,0.3009636835647136
RB,00-0035537,2020,7.033333333333333,7.800000000000001,1.6,3.4,17.94,15.559999999999999,7.200000000000001,8.35,7.004641318440224,5.866612553862992,0.3431709995767296,0.10587419124807806,0.3009636835647136,0.2262747605564917
RB,00-0035537,2021,7.800000000000001,4.28,3.4,0.875,15.559999999999999,10.569999999999999,8.35,5.275,5.866612553862992,4.858852173553384,0.10587419124807806,0.4678964643589596,0.2262747605564917,0.17787271987583383
RB,00-0035537,2024,5.571428571428571,6.26875,2.3,2.55,13.57,12.5,3.5250000000000004,5.35,5.258462567274638,5.227838144650872,0.3545497660836628,0.31513591966362897,0.14088977047090678,0.17464233253416095
WR,00-0035640,2019,12.473333333333333,16.95625,9.85,11.25,18.58,27.5,4.6,9.325,5.93325575123168,9.616164776042474,0.2162807760945522,0.20203797236867768,0.21807608137284973,0.24502860667501877
WR,00-0035640,2020,16.95625,14.370588235294118,11.25,10.8,27.5,24.34,9.325,6.800000000000001,9.616164776042474,7.686332407745123,0.20203797236867768,0.2023811533483813,0.24502860667501877,0.24059663468479175
WR,00-0035640,2021,14.370588235294118,13.341176470588236,10.8,7.5,24.34,20.76,6.800000000000001,10.3,7.686332407745123,7.102117538411467,0.2023811533483813,0.29065696028105137,0.24059663468479175,0.14445452574543358
WR,00-0035640,2022,13.341176470588236,14.0875,7.5,11.5,20.76,18.799999999999997,10.3,4.4,7.102117538411467,7.7473328743940435,0.29065696028105137,0.22213576383087033,0.14445452574543358,0.14415878206064361
WR,00-0035640,2023,14.0875,12.746666666666666,11.5,7.65,18.799999999999997,20.2,4.4,7.4,7.7473328743940435,6.496797745996172,0.22213576383087033,0.3307343729244724,0.14415878206064361,0.16287890841638028
WR,00-0035640,2024,12.746666666666666,12.479999999999999,7.65,8.1,20.2,20.88,7.4,7.4,6.496797745996172,5.99930948407517,0.3307343729244724,0.2656975870622984,0.16287890841638028,0.14008769633425663
WR,00-0035659,2019,13.707142857142857,14.919999999999998,7.95,11.85,23.85,23.5,10.600000000000001,7.65,7.696499132794007,6.892977793170587,0.2648523554995817,0.20954715626416423,0.22155721966897302,0.25278370670715067
WR,00-0035659,2020,14.919999999999998,12.558823529411764,11.85,7.0,23.5,26.2,7.65,6.300000000000001,6.892977793170587,8.52460107743534,0.20954715626416423,0.3230618853515866,0.25278370670715067,0.24059663468479175
WR,00-0035659,2021,12.558823529411764,13.470588235294118,7.0,9.6,26.2,19.3,6.300000000000001,7.000000000000002,8.52460107743534,5.438837732673493,0.3230618853515866,0.16065265529025438,0.24059663468479175,0.14445452574543358
WR,00-0035659,2022,13.470588235294118,11.952941176470588,9.6,8.9,19.3,16.880000000000003,7.000000000000002,7.200000000000001,5.438837732673493,5.900542098724789,0.16065265529025438,0.21190708724116353,0.14445452574543358,0.09985205410958245
WR,00-0035659,2023,11.952941176470588,15.75294117647059,8.9,13.4,16.880000000000003,24.5,7.200000000000001,6.799999999999999,5.900542098724789,7.82656674786739,0.21190708724116353,0.22286399488847447,0.09985205410958245,0.2228306899860843
WR,00-0035659,2024,15.75294117647059,11.42,13.4,8.65,24.5,16.569999999999997,6.799999999999999,4.975,7.82656674786739,5.100501064710321,0.22286399488847447,0.2834764352948434,0.2228306899860843,0.12411371262028058
WR,00-0035676,2019,13.56875,17.678571428571427,5.3,11.125,24.9,26.85,17.374999999999996,12.725000000000001,9.644322595876464,8.26104655052192,0.3192251763997365,0.1404322465105258,0.22598135374825581,0.35909841240402
WR,00-0035676,2020,17.678571428571427,13.915384615384616,11.125,6.8,26.85,30.660000000000004,12.725000000000001,10.0,8.26104655052192,10.42575705914972,0.1404322465105258,0.3370725191493248,0.35909841240402,0.23883390734708485
WR,00-0035676,2021,13.915384615384616,17.623529411764707,6.8,12.6,30.660000000000004,29.020000000000003,10.0,7.1,10.42575705914972,9.33658994305233,0.3370725191493248,0.16065265529025438,0.23883390734708485,0.22491828715431025
WR,00-0035676,2022,17.623529411764707,18.10625,12.6,13.15,29.020000000000003,31.35,7.1,7.450000000000001,9.33658994305233,9.533622518923924,0.16065265529025438,0.17386613433015458,0.22491828715431025,0.26501156708434653
WR,00-0035676,2023,18.10625,16.684615384615384,13.15,11.6,31.35,23.68,7.450000000000001,11.299999999999999,9.533622518923924,6.63184817802777,0.17386613433015458,0.1692407898998098,0.26501156708434653,0.2447809109464201
WR,00-0035676,2024,16.684615384615384,15.607142857142858,11.6,9.925,23.68,27.170000000000005,11.299999999999999,11.874999999999996,6.63184817802777,9.419167388135445,0.1692407898998098,0.2775188026085242,0.2447809109464201,0.23414471926276723
RB,00-0035685,2019,10.649999999999999,17.65333333333333,5.975,11.3,19.950000000000003,27.759999999999998,8.55,13.599999999999998,6.644396135090081,8.161483291890606,0.07091735757616094,0.02248972350033545,0.2778931947696251,0.5153236666128282
RB,00-0035685,2020,17.65333333333333,15.0,11.3,10.0,27.759999999999998,23.400000000000002,13.599999999999998,10.100000000000001,8.161483291890606,6.811754546370561,0.02248972350033545,0.04219231491625991,0.5153236666128282,0.44493417179178457
RB,00-0035685,2021,15.0,11.106250000000001,10.0,5.55,23.400000000000002,19.65,10.100000000000001,10.325,6.811754546370561,6.7328516741917515,0.04219231491625991,0.12940982190853437,0.44493417179178457,0.36401716130381273
RB,00-0035685,2022,11.106250000000001,14.799999999999999,5.55,11.725,19.65,19.970000000000002,10.325,5.250000000000002,6.7328516741917515,6.85161407148822,0.12940982190853437,0.026370941257556783,0.36401716130381273,0.41281216335315946
RB,00-0035685,2023,14.799999999999999,15.83714285714286,11.725,13.18,19.970000000000002,21.14,5.250000000000002,5.619999999999997,6.85161407148822,4.79226207799363,0.026370941257556783,0.03376570503076607,0.41281216335315946,0.6470681646496512
RB,00-0035685,2024,15.83714285714286,9.818823529411766,13.18,6.0,21.14,15.868000000000002,5.619999999999997,6.800000000000001,4.79226207799363,6.721701684053805,0.03376570503076607,0.1251257329780572,0.6470681646496512,0.21266965763013984
RB,00-0035700,2019,14.73846153846154,15.420000000000003,10.1,9.8,24.240000000000002,26.759999999999998,9.000000000000002,10.849999999999998,7.601374706978827,8.827408615054752,0.016629131808482474,0.02248972350033545,0.39492793390958025,0.3619983114000715
RB,00-0035700,2020,15.420000000000003,15.066666666666668,9.8,11.25,26.759999999999998,21.119999999999997,10.849999999999998,6.25,8.827408615054752,4.563311245555087,0.02248972350033545,0.03938706933043494,0.3619983114000715,0.4945757403023558
RB,00-0035700,2021,15.066666666666668,19.311764705882354,11.25,9.1,21.119999999999997,35.3,6.25,13.500000000000002,4.563311245555087,12.031826666852231,0.03938706933043494,0.0285435534040114,0.4945757403023558,0.5283369214138673
RB,00-0035700,2022,19.311764705882354,13.930769230769231,9.1,9.1,35.3,22.36,13.500000000000002,10.799999999999999,12.031826666852231,7.178136319800636,0.0285435534040114,0.027968952682310637,0.5283369214138673,0.3786221505890924
RB,00-0035700,2023,13.930769230769231,17.241176470588236,9.1,12.0,22.36,24.96,10.799999999999999,9.7,7.178136319800636,6.4708054776365955,0.027968952682310637,0.029098532342942064,0.3786221505890924,0.5055299996996325
RB,00-0035700,2024,17.241176470588236,15.806666666666667,12.0,11.25,24.96,28.299999999999997,9.7,8.600000000000001,6.4708054776365955,9.019222857451798,0.029098532342942064,0.08892352817745543,0.5055299996996325,0.5387573169089331
QB,00-0035710,2019,17.983333333333334,12.858571428571427,10.465,8.66,33.848000000000006,19.684000000000005,18.25,7.234999999999999,10.802867744962517,5.31358470503505,0.1230025194549031,0.22474836708172702,0.36300363034777877,0.1775569671559257
QB,00-0035710,2020,12.858571428571427,15.22909090909091,8.66,7.89,19.684000000000005,26.78,7.234999999999999,11.559999999999999,5.31358470503505,8.496782278657555,0.22474836708172702,0.27142873418398683,0.1775569671559257,0.31300632200119544
QB,00-0035710,2021,15.22909090909091,18.0625,7.89,13.425,26.78,26.71,11.559999999999999,7.555,8.496782278657555,7.163320924450242,0.27142873418398683,0.08141000684863352,0.31300632200119544,0.27554199290906156
QB,00-0035710,2024,13.530000000000001,17.418461538461543,7.38,15.5,22.307999999999996,23.112,11.780000000000001,6.98,7.04931359936712,7.084911015853629,0.20516825786021517,0.13754543055154259,0.2585532470782031,0.3634097281059689
WR,00-0035719,2021,21.737333333333332,12.953846153846156,16.25,9.4,31.259999999999998,21.120000000000005,12.280000000000001,5.299999999999999,7.700726743688051,5.588621682283772,0.08884863342462113,0.24676069357726602,0.43260757376027453,0.17215977126378565
WR,00-0035719,2022,12.953846153846156,18.615384615384617,9.4,11.3,21.120000000000005,32.220000000000006,5.299999999999999,11.099999999999998,5.588621682283772,9.471610753003432,0.24676069357726602,0.14686366958311656,0.17215977126378565,0.34726360222519204
WR,00-0035719,2023,18.615384615384617,11.26923076923077,11.3,5.5,32.220000000000006,20.3,11.099999999999998,12.5,9.471610753003432,7.353500823347636,0.14686366958311656,0.4111040086788239,0.34726360222519204,0.1709012055912917
WR,00-0035719,2024,11.26923076923077,11.7625,5.5,6.225,20.3,21.65,12.5,11.85,7.353500823347636,6.942609979923497,0.4111040086788239,0.41826546902917416,0.1709012055912917,0.21522629408578062
TE,00-0036040,2022,9.407142857142858,7.523076923076923,4.125,3.0,18.760000000000005,14.620000000000001,9.2,8.8,6.866805806051455,6.729060588986877,0.16714878478890852,0.30587286465612834,0.40144808375141733,0.35089462142749056
TE,00-0036040,2023,7.523076923076923,8.186666666666666,3.0,4.75,14.620000000000001,13.44,8.8,6.550000000000001,6.729060588986877,3.9019897244257074,0.30587286465612834,0.11390816151910756,0.35089462142749056,0.31949878842805585
TE,00-0036040,2024,8.186666666666666,10.582352941176469,4.75,7.1,13.44,16.3,6.550000000000001,6.4,3.9019897244257074,4.824577092103209,0.11390816151910756,0.07497491967087758,0.31949878842805585,0.41383493794954324
RB,00-0036139,2023,5.71875,12.3625,2.175,8.6,13.3,20.35,8.075,6.824999999999999,4.948160432591759,5.338523516229308,0.33132181176274644,0.030503975335325083,0.12404681927303372,0.379421147830978
RB,00-0036139,2024,12.3625,12.723529411764707,8.6,5.4,20.35,29.82,6.824999999999999,9.6,5.338523516229308,9.801819308919436,0.030503975335325083,0.1251257329780572,0.379421147830978,0.3048171631176389
RB,00-0036158,2024,14.753846153846155,11.59,9.2,9.1,22.34,15.41,9.7,6.075000000000001,5.864670406285333,4.099986449842108,0.035672922523554605,0.05357142716024793,0.5068482126302412,0.4499254362322605
RB,00-0036223,2020,16.853333333333335,21.94705882352941,11.3,17.6,27.299999999999997,32.74,8.149999999999999,7.0,8.884325415879255,11.170951036452694,0.02248972350033545,0.03693159394143768,0.6175405700879995,0.6592047928337539
RB,00-0036223,2021,21.94705882352941,14.410000000000002,17.6,8.5,32.74,24.62,7.0,9.7,11.170951036452694,7.829779335616327,0.03693159394143768,0.042702846273038435,0.6592047928337539,0.44229210638168276
RB,00-0036223,2022,14.410000000000002,15.64,8.5,10.899999999999999,24.62,21.75,9.7,9.325000000000003,7.829779335616327,6.728744310790833,0.042702846273038435,0.034183194504737016,0.44229210638168276,0.5293085296205668
RB,00-0036223,2023,15.64,17.478571428571424,10.899999999999999,10.275,21.75,27.270000000000003,9.325000000000003,13.424999999999999,6.728744310790833,9.758875926081823,0.034183194504737016,0.03376570503076607,0.5293085296205668,0.590826120852013
RB,00-0036223,2024,17.478571428571424,21.31176470588235,10.275,12.8,27.270000000000003,35.480000000000004,13.424999999999999,18.8,9.758875926081823,12.441507261629376,0.03376570503076607,0.03705889558379811,0.590826120852013,0.581259679580136
WR,00-0036252,2020,8.108333333333333,14.035294117647059,4.95,9.3,15.000000000000002,20.66,4.6499999999999995,11.0,4.850203057292519,7.469014424312504,0.44500147535212103,0.2426080640161164,0.13942270158706505,0.28006270828142127
WR,00-0036252,2021,14.035294117647059,13.53125,9.3,9.325000000000001,20.66,22.75,11.0,7.500000000000002,7.469014424312504,6.837223486182092,0.2426080640161164,0.2585253271085404,0.28006270828142127,0.15050981882109032
WR,00-0036252,2022,13.53125,15.7625,9.325000000000001,11.4,22.75,22.2,7.500000000000002,8.200000000000001,6.837223486182092,5.895181648318113,0.2585253271085404,0.12559650482943882,0.15050981882109032,0.18444304373521125
WR,00-0036252,2023,15.7625,10.3625,11.4,6.6,22.2,16.45,8.200000000000001,6.975,5.895181648318113,6.127411090066233,0.12559650482943882,0.3590058259098404,0.18444304373521125,0.1362113804834497
WR,00-0036252,2024,10.3625,11.905882352941177,6.6,4.0,16.45,20.62,6.975,15.3,6.127411090066233,7.4894484600198785,0.3590058259098404,0.401847664505746,0.1362113804834497,0.1680386983375193
WR,00-0036259,2021,8.511111111111111,5.1625,3.9,1.875,14.920000000000003,9.1,6.5,4.65,8.179309941010374,4.148232555358165,0.41704710909981496,0.6662049438242794,0.17858179063157092,0.06667315057674975
WR,00-0036259,2022,5.1625,6.074999999999999,1.875,3.825,9.1,11.3,4.65,4.1,4.148232555358165,4.078427568140868,0.6662049438242794,0.5977826151908787,0.06667315057674975,0.09382887402106546
WR,00-0036259,2023,6.074999999999999,14.033333333333331,3.825,7.15,11.3,26.84,4.1,7.85,4.078427568140868,11.425889566285525,0.5977826151908787,0.28662874119155196,0.09382887402106546,0.18634947770568255
WR,00-0036259,2024,14.033333333333331,11.553333333333333,7.15,7.3,26.84,18.46,7.85,8.8,11.425889566285525,5.710124675479845,0.28662874119155196,0.3508897645660412,0.18634947770568255,0.05588811685531587
QB,00-0036264,2023,18.76823529411765,15.590666666666666,15.3,12.74,25.204,23.467999999999996,8.379999999999999,5.519999999999998,6.174937484799054,6.5598513339716416,0.12122970344796613,0.13944742158532522,0.35393058502051666,0.19960544196727267
QB,00-0036264,2024,15.590666666666666,15.675999999999997,12.74,10.07,23.467999999999996,26.072000000000003,5.519999999999998,10.0,6.5598513339716416,7.409080143407047,0.13944742158532522,0.19093607346764602,0.19960544196727267,0.3630905388833362
RB,00-0036265,2021,10.91764705882353,9.858823529411765,5.9,5.8,20.92,20.42,9.799999999999999,7.000000000000001,7.400526610832979,6.603035175539486,0.06810267915721277,0.0759117337640133,0.33083726314959794,0.2571809219499468
RB,00-0036265,2022,9.858823529411765,7.84,5.8,5.449999999999999,20.42,11.34,7.000000000000001,4.699999999999999,6.603035175539486,3.5995634655965083,0.0759117337640133,0.1330400525222826,0.2571809219499468,0.07836298979057715
RB,00-0036275,2020,14.599999999999998,16.06923076923077,11.3,8.9,25.16,24.259999999999998,4.699999999999999,13.700000000000001,7.212604707501075,7.916479080098742,0.08434394274461597,0.04219231491625991,0.5170683394153262,0.5431517930438152
RB,00-0036275,2021,16.06923076923077,13.65,8.9,8.05,24.259999999999998,24.880000000000006,13.700000000000001,8.375,7.916479080098742,7.301290718348787,0.04219231491625991,0.033271598663017654,0.5431517930438152,0.4020793721085462
RB,00-0036275,2022,13.65,12.45625,8.05,8.95,24.880000000000006,18.799999999999997,8.375,8.100000000000001,7.301290718348787,6.756623293726929,0.033271598663017654,0.07494243114646144,0.4020793721085462,0.47102377748408797
RB,00-0036275,2023,12.45625,12.617647058823529,8.95,8.2,18.799999999999997,20.76,8.100000000000001,8.2,6.756623293726929,6.760569067589433,0.07494243114646144,0.029098532342942064,0.47102377748408797,0.36116244697637556
RB,00-0036275,2024,12.617647058823529,14.2875,8.2,9.375,20.76,22.25,8.2,11.425,6.760569067589433,6.671419139383564,0.029098532342942064,0.08482756182795462,0.36116244697637556,0.5127358383307469
WR,00-0036309,2020,9.50625,12.923529411764704,6.75,7.6,17.2,21.6,4.424999999999999,10.9,5.119956868307909,6.9848523080095175,0.30954385356546393,0.3230618853515866,0.15299221556636064,0.20113056108816224
WR,00-0036309,2021,12.923529411764704,9.227272727272727,7.6,5.75,21.6,13.8,10.9,7.4,6.9848523080095175,5.357255063759968,0.3230618853515866,0.33422306703410964,0.20113056108816224,0.08435279348368807
WR,00-0036309,2022,9.227272727272727,6.291666666666667,5.75,3.2,13.8,12.790000000000001,7.4,4.625,5.357255063759968,4.5062498686588475,0.33422306703410964,0.6342048789785231,0.08435279348368807,0.07580530104615983
WR,00-0036309,2023,6.291666666666667,12.879999999999997,3.2,6.25,12.790000000000001,20.04,4.625,11.950000000000003,4.5062498686588475,7.86249687712861,0.6342048789785231,0.3307343729244724,0.07580530104615983,0.16287890841638028
WR,00-0036309,2024,12.879999999999997,5.700000000000001,6.25,3.0250000000000004,20.04,9.380000000000003,11.950000000000003,3.4499999999999993,7.86249687712861,3.8757629521861183,0.3307343729244724,0.6334487356403673,0.16287890841638028,0.058344403996023156
WR,00-0036322,2020,17.1375,19.435294117647057,8.9,14.0,28.9,30.320000000000004,14.325000000000001,8.100000000000001,10.2141650009517,8.254688151019895,0.23787326610093976,0.12192733201291107,0.30638620074745754,0.35899485547468035
WR,00-0036322,2021,19.435294117647057,21.685882352941178,14.0,10.8,30.320000000000004,34.099999999999994,8.100000000000001,20.2,8.254688151019895,12.039156458626747,0.12192733201291107,0.2473221919507857,0.35899485547468035,0.4260776906765019
WR,00-0036322,2022,21.685882352941178,20.220000000000002,10.8,12.025,34.099999999999994,28.709999999999997,20.2,14.374999999999998,12.039156458626747,10.419511611501866,0.2473221919507857,0.24475012000857127,0.4260776906765019,0.40260856034245196
WR,00-0036322,2023,20.220000000000002,18.67529411764706,12.025,15.2,28.709999999999997,26.860000000000007,14.374999999999998,6.199999999999999,10.419511611501866,7.7810427624186875,0.24475012000857127,0.1418032060257521,0.40260856034245196,0.2900853858551399
WR,00-0036322,2024,18.67529411764706,11.852941176470589,15.2,7.7,26.860000000000007,18.759999999999998,6.199999999999999,7.1000000000000005,7.7810427624186875,5.792248877493398,0.1418032060257521,0.3233434333936958,0.2900853858551399,0.09037810791429987
QB,00-0036355,2020,22.189333333333334,22.39764705882353,16.58,14.72,30.971999999999998,32.696000000000005,10.969999999999999,12.700000000000001,8.270221509096585,8.900429434451299,0.09800604923692088,0.0729103687366646,0.5283526160038352,0.4692520669776272
QB,00-0036355,2021,22.39764705882353,16.54470588235294,14.72,12.1,32.696000000000005,23.34,12.700000000000001,7.6,8.900429434451299,6.12908855137436,0.0729103687366646,0.16076260960409808,0.4692520669776272,0.2632345039128532
QB,00-0036355,2022,16.54470588235294,18.01230769230769,12.1,10.86,23.34,27.876000000000005,7.6,13.16,6.12908855137436,8.848421849729434,0.16076260960409808,0.14881281897056303,0.2632345039128532,0.3936854841156008
QB,00-0036355,2023,18.01230769230769,16.788235294117648,10.86,11.16,27.876000000000005,24.404,13.16,11.0,8.848421849729434,6.215669951113594,0.14881281897056303,0.13364204951465578,0.3936854841156008,0.3082854990803564
QB,00-0036355,2024,16.788235294117648,17.93,11.16,12.76,24.404,27.91,11.0,13.125000000000002,6.215669951113594,7.740838886494581,0.13364204951465578,0.12961579061629389,0.3082854990803564,0.36328212571713675
WR,00-0036358,2020,13.60625,14.549999999999999,9.35,7.699999999999999,21.9,26.0,8.65,11.2,6.603985539051399,9.278433775876904,0.1662026786364156,0.2527764809335341,0.2143498096387994,0.20939454147265452
WR,00-0036358,2021,14.549999999999999,17.741176470588233,7.699999999999999,10.6,26.0,27.220000000000002,11.2,10.4,9.278433775876904,8.663000261422814,0.2527764809335341,0.11731788695998871,0.20939454147265452,0.3053820485631869
WR,00-0036358,2022,17.741176470588233,23.71764705882353,10.6,16.5,27.220000000000002,39.78,10.4,16.1,8.663000261422814,10.762390260422963,0.11731788695998871,0.07376620780815084,0.3053820485631869,0.3709220319135805
WR,00-0036358,2023,23.71764705882353,17.56,16.5,12.5,39.78,25.4,16.1,7.699999999999999,10.762390260422963,8.35983595191061,0.07376620780815084,0.15431184599279066,0.3709220319135805,0.20982004699498485
WR,00-0036358,2024,17.56,16.625,12.5,13.825,25.4,21.82,7.699999999999999,4.800000000000001,8.35983595191061,4.429267331163145,0.15431184599279066,0.15811449843106629,0.20982004699498485,0.2085239264514975
QB,00-0036389,2021,20.81066666666667,25.202666666666666,16.67,20.91,28.528000000000002,33.848,9.649999999999999,9.190000000000001,6.97624486245662,7.466059839286685,0.11639023278886398,0.0850807561949249,0.46672980904012773,0.6323933787549647
QB,00-0036389,2022,25.202666666666666,20.989411764705885,20.91,19.18,33.848,27.336,9.190000000000001,6.039999999999999,7.466059839286685,7.8269314474034415,0.0850807561949249,0.12122970344796613,0.6323933787549647,0.45491195390281614
QB,00-0036389,2023,20.989411764705885,22.184285714285718,19.18,16.720000000000002,27.336,29.834,6.039999999999999,10.41,7.8269314474034415,6.812446430881226,0.12122970344796613,0.0981392811473883,0.45491195390281614,0.4958022926455287
QB,00-0036389,2024,22.184285714285718,18.816249999999997,16.720000000000002,13.879999999999999,29.834,27.2,10.41,10.220000000000002,6.812446430881226,7.5830379795963045,0.0981392811473883,0.14883281077574642,0.4958022926455287,0.36339916751960144
WR,00-0036407,2020,10.506666666666668,8.5,5.7,5.725,20.939999999999998,12.93,5.999999999999999,5.824999999999999,7.35055553456109,4.2295258468165065,0.3210487290742076,0.33770063771737435,0.1894841586472993,0.11431263687888045
WR,00-0036407,2021,8.5,14.585714285714287,5.725,8.925,12.93,23.070000000000004,5.824999999999999,9.224999999999998,4.2295258468165065,8.25030135979726,0.33770063771737435,0.18465913821395974,0.11431263687888045,0.21003695113458343
WR,00-0036407,2022,14.585714285714287,8.8625,8.925,6.25,23.070000000000004,13.05,9.224999999999998,4.85,8.25030135979726,3.811189665533148,0.18465913821395974,0.36694465233301754,0.21003695113458343,0.06359025871150831
WR,00-0036407,2023,8.8625,14.170588235294117,6.25,8.7,13.05,23.560000000000002,4.85,8.7,3.811189665533148,9.571165335650248,0.36694465233301754,0.26339438931983566,0.06359025871150831,0.20041245802973243
WR,00-0036407,2024,14.170588235294117,7.1000000000000005,8.7,3.7,23.560000000000002,13.600000000000001,8.7,5.6000000000000005,9.571165335650248,5.216679978683761,0.26339438931983566,0.5588561267298463,0.20041245802973243,0.051547812702690154
WR,00-0036410,2020,13.900000000000002,15.650000000000002,9.975,9.45,21.63,27.180000000000007,8.799999999999999,6.849999999999998,5.97301624616266,10.4983332010372,0.2176360779271947,0.2301566230994031,0.22836152328636816,0.22814219053456214
WR,00-0036410,2021,15.650000000000002,15.77857142857143,9.45,12.625,27.180000000000007,25.1,6.849999999999998,10.0,10.4983332010372,7.53006063633044,0.2301566230994031,0.18465913821395974,0.22814219053456214,0.2557911662065198
WR,00-0036410,2022,15.77857142857143,11.466666666666669,12.625,3.975,25.1,24.71,10.0,15.799999999999999,7.53006063633044,9.807449240554886,0.18465913821395974,0.4547464164974598,0.2557911662065198,0.21987267766355775
WR,00-0036410,2023,11.466666666666669,18.508333333333336,3.975,11.325,24.71,29.75,15.799999999999999,10.850000000000001,9.807449240554886,10.410873540620303,0.4547464164974598,0.2286750504046784,0.21987267766355775,0.20046452745039797
WR,00-0036410,2024,18.508333333333336,14.106666666666666,11.325,9.0,29.75,24.959999999999997,10.850000000000001,8.0,10.410873540620303,8.225870919297991,0.2286750504046784,0.2656975870622984,0.20046452745039797,0.182187486073727
QB,00-0036442,2020,17.372,19.64,13.165,15.495,25.449999999999996,30.740000000000002,6.835000000000001,6.955,7.919787875947184,8.444756953281724,0.12197621042731861,0.1486942882179582,0.2764189554430141,0.36954281802108996
QB,00-0036442,2021,19.64,21.91875,15.495,17.1,30.740000000000002,31.27,6.955,8.174999999999997,8.444756953281724,7.346445739267391,0.1486942882179582,0.03826571064748699,0.36954281802108996,0.4158065343722459
QB,00-0036442,2022,21.91875,14.716000000000003,17.1,8.305,31.27,23.804,8.174999999999997,13.405000000000001,7.346445739267391,8.429043968459425,0.03826571064748699,0.17726678262183843,0.4158065343722459,0.3379089474903003
QB,00-0036442,2023,14.716000000000003,21.930588235294117,8.305,16.28,23.804,33.744,13.405000000000001,12.759999999999998,8.429043968459425,8.375371984715242,0.17726678262183843,0.11282641877487465,0.3379089474903003,0.4336475168330659
QB,00-0036442,2024,21.930588235294117,16.807499999999997,16.28,8.375,33.744,25.04,12.759999999999998,13.32,8.375371984715242,8.579676567330496,0.11282641877487465,0.1985785321850805,0.4336475168330659,0.3633882950806138
WR,00-0036550,2023,5.1000000000000005,12.078571428571431,3.8,7.075,7.68,21.050000000000004,2.9000000000000004,9.925,2.2706198021056467,6.3824493214329046,0.7405795598056496,0.34599468717872417,0.06625947264599857,0.16679365034378987
WR,00-0036550,2024,12.078571428571431,5.1899999999999995,7.075,3.1,21.050000000000004,10.099999999999998,9.925,3.2999999999999994,6.3824493214329046,5.100424818908062,0.34599468717872417,0.6082161834810778,0.16679365034378987,0.07078916077832006
WR,00-0036554,2021,6.616666666666667,9.709999999999999,4.45,7.175,11.680000000000001,12.839999999999998,5.1000000000000005,3.8499999999999988,3.656583933209528,3.336814848524463,0.4547559260919397,0.29280913619426613,0.10307147174659359,0.08907687610836823
WR,00-0036554,2022,9.709999999999999,18.435714285714287,7.175,12.375,12.839999999999998,34.38,3.8499999999999988,14.175,3.336814848524463,10.662919728801167,0.29280913619426613,0.24587207141435966,0.08907687610836823,0.2882341684120733
WR,00-0036554,2023,18.435714285714287,17.55,12.375,12.9,34.38,26.770000000000003,14.175,7.0749999999999975,10.662919728801167,7.074088441115736,0.24587207141435966,0.12701205503490276,0.2882341684120733,0.20046452745039797
WR,00-0036554,2024,17.55,15.08,12.9,9.3,26.770000000000003,23.14,7.0749999999999975,12.649999999999999,7.074088441115736,6.499252704294988,0.12701205503490276,0.22310149831042705,0.20046452745039797,0.2663870655526678
RB,00-0036555,2021,8.6,8.127272727272727,4.05,3.5,14.95,15.3,9.475000000000001,7.6,5.668156666853872,5.7142087657156715,0.1668157631737619,0.23840494511857527,0.2593923853271537,0.2288495050691576
RB,00-0036555,2022,8.127272727272727,10.735294117647058,3.5,7.4,15.3,17.68,7.6,4.699999999999999,5.7142087657156715,5.137720941291794,0.23840494511857527,0.07128712153352486,0.2288495050691576,0.2126427863078192
RB,00-0036555,2023,10.735294117647058,16.106666666666666,7.4,10.149999999999999,17.68,26.699999999999996,4.699999999999999,11.5,5.137720941291794,8.961223343356854,0.07128712153352486,0.13355342377410245,0.2126427863078192,0.5593662213328892
RB,00-0036555,2024,16.106666666666666,8.36,10.149999999999999,3.75,26.699999999999996,18.38,11.5,6.0,8.961223343356854,6.147566301274954,0.13355342377410245,0.18549512026937864,0.5593662213328892,0.23425573968857055
WR,00-0036613,2021,15.4875,15.24705882352941,9.5,8.2,26.95,27.42,9.149999999999999,11.3,7.603233961063323,9.937436644267148,0.2527764809335341,0.2473221919507857,0.2504821829518124,0.22491828715431025
WR,00-0036613,2022,15.24705882352941,14.185714285714285,8.2,9.675,27.42,23.390000000000008,11.3,7.525000000000002,9.937436644267148,6.42672989496658,0.2473221919507857,0.1390171140038921,0.22491828715431025,0.1567912190539295
WR,00-0036613,2023,14.185714285714285,9.973333333333333,9.675,7.1,23.390000000000008,19.019999999999996,7.525000000000002,3.0500000000000007,6.42672989496658,7.125855003002062,0.1390171140038921,0.3748400046573928,0.1567912190539295,0.16287890841638028
WR,00-0036613,2024,9.973333333333333,12.894666666666664,7.1,7.4,19.019999999999996,20.299999999999997,3.0500000000000007,10.550000000000002,7.125855003002062,6.373975958835233,0.3748400046573928,0.3508897645660412,0.16287890841638028,0.14008769633425663
RB,00-0036875,2021,9.575,14.652941176470588,4.475,7.1,21.950000000000003,24.200000000000003,8.775,13.1,8.411045227448358,7.606585768846856,0.11760279866735697,0.0759117337640133,0.31297770264299885,0.48314425483654727
RB,00-0036875,2022,14.652941176470588,12.141666666666667,7.1,6.75,24.200000000000003,21.330000000000002,13.1,9.0,7.606585768846856,6.959422433367629,0.0759117337640133,0.15878583939311303,0.48314425483654727,0.4638577643470564
RB,00-0036875,2023,12.141666666666667,11.726666666666667,6.75,6.35,21.330000000000002,22.08,9.0,11.750000000000002,6.959422433367629,7.798211028056065,0.15878583939311303,0.13355342377410245,0.4638577643470564,0.34637699550951917
RB,00-0036875,2024,11.726666666666667,12.771428571428572,6.35,4.8,22.08,25.400000000000006,11.750000000000002,12.75,7.798211028056065,10.052969601177445,0.13355342377410245,0.14417072231701542,0.34637699550951917,0.40717054024935084
TE,00-0036894,2021,10.442857142857145,9.879999999999999,7.6,6.75,14.280000000000001,15.5,4.825000000000001,6.300000000000001,4.5325683474356815,4.730327684209626,0.0730052902094787,0.13176435144808687,0.5238892012274774,0.42240355967919097
TE,00-0036894,2022,9.879999999999999,8.21111111111111,6.75,4.6,15.5,14.680000000000001,6.300000000000001,2.8000000000000007,4.730327684209626,5.551676423487875,0.13176435144808687,0.058960113555090475,0.42240355967919097,0.32567246089070273
TE,00-0036894,2023,8.21111111111111,10.01764705882353,4.6,6.7,14.680000000000001,17.54,2.8000000000000007,4.499999999999999,5.551676423487875,5.473142983482806,0.058960113555090475,0.05750311065826907,0.32567246089070273,0.3652179217447242
TE,00-0036894,2024,10.01764705882353,8.353846153846154,6.7,5.8,17.54,11.540000000000001,4.499999999999999,3.500000000000001,5.473142983482806,6.5981835107115385,0.05750311065826907,0.10117099481488906,0.3652179217447242,0.32931003845560003
WR,00-0036900,2021,17.91764705882353,20.2,10.2,12.549999999999999,30.380000000000003,31.870000000000005,12.3,16.050000000000004,12.96033541686507,8.469302858505587,0.2023811533483813,0.09444739951706287,0.31952878187805084,0.3319187445252908
WR,00-0036900,2022,20.2,16.42,12.549999999999999,8.1,31.870000000000005,28.86,16.050000000000004,15.749999999999998,8.469302858505587,12.512319262763933,0.09444739951706287,0.22213576383087033,0.3319187445252908,0.26501156708434653
WR,00-0036900,2023,16.42,23.705882352941178,8.1,17.5,28.86,42.82,15.749999999999998,9.0,12.512319262763933,12.865043265970547,0.22213576383087033,0.1418032060257521,0.26501156708434653,0.3125036178114917
WR,00-0036900,2024,23.705882352941178,19.6,17.5,9.875,42.82,32.75,9.0,15.149999999999999,12.865043265970547,10.26268320989529,0.1418032060257521,0.25484230175884737,0.3125036178114917,0.3768222953669843
WR,00-0036912,2021,10.91764705882353,15.094117647058821,5.1,9.0,20.560000000000002,25.080000000000002,13.9,9.7,7.1137398123383075,8.516048862899632,0.40351570668705683,0.2473221919507857,0.1616644874915327,0.22491828715431025
WR,00-0036912,2022,15.094117647058821,14.225000000000001,9.0,9.275,25.080000000000002,23.35,9.7,9.874999999999998,8.516048862899632,7.049113419430844,0.2473221919507857,0.22213576383087033,0.22491828715431025,0.2247273054097789
WR,00-0036912,2023,14.225000000000001,15.338461538461537,9.275,11.1,23.35,26.520000000000007,9.874999999999998,9.4,7.049113419430844,8.596756991402675,0.22213576383087033,0.26598607741141544,0.2247273054097789,0.22015434249471064
WR,00-0036912,2024,15.338461538461537,11.870588235294118,11.1,7.0,26.520000000000007,19.64,9.4,9.2,8.596756991402675,7.798698986520312,0.26598607741141544,0.3625955489497209,0.22015434249471064,0.09037810791429987
RB,00-0036919,2021,9.338461538461539,5.793333333333334,3.4,2.35,19.5,11.44,10.7,6.9,6.998516326281648,4.1490905486567025,0.14902606645628547,0.34548237882698063,0.34671655053975386,0.08400288432646463
RB,00-0036919,2022,5.793333333333334,6.08625,2.35,3.25,11.44,10.3,6.9,4.775,4.1490905486567025,3.1028306968530095,0.34548237882698063,0.22877005951623244,0.08400288432646463,0.07447868238574025
RB,00-0036919,2023,6.08625,3.9124999999999996,3.25,1.975,10.3,7.949999999999999,4.775,3.475,3.1028306968530095,2.6590411805761867,0.22877005951623244,0.41689954355687103,0.07447868238574025,0.07608893252238902
RB,00-0036919,2024,3.9124999999999996,13.017647058823528,1.975,6.5,7.949999999999999,26.080000000000002,3.475,13.100000000000001,2.6590411805761867,9.377915233016722,0.41689954355687103,0.08109231428092765,0.07608893252238902,0.3969646686051379
WR,00-0036963,2021,15.07333333333333,17.746666666666666,6.949999999999999,12.100000000000001,26.060000000000002,31.919999999999998,17.2,9.149999999999999,9.716368124140292,9.539157395154133,0.307581045135348,0.12845064483126054,0.3040630583599189,0.2883520591477733
WR,00-0036963,2022,17.746666666666666,20.68125,12.100000000000001,16.75,31.919999999999998,29.5,9.149999999999999,8.25,9.539157395154133,6.860341949689292,0.12845064483126054,0.12559650482943882,0.2883520591477733,0.3858643521080495
WR,00-0036963,2023,20.68125,18.598823529411764,16.75,12.3,29.5,30.040000000000003,8.25,8.48,6.860341949689292,9.105809877732554,0.12559650482943882,0.1418032060257521,0.3858643521080495,0.24524892194243614
WR,00-0036963,2024,18.598823529411764,20.25,12.3,14.525,30.040000000000003,34.55,8.48,10.649999999999997,9.105809877732554,10.083716246173003,0.1418032060257521,0.173130718123684,0.24524892194243614,0.3364232950466834
TE,00-0036970,2021,10.38823529411765,7.56,5.9,3.9,19.040000000000003,14.229999999999997,5.799999999999999,6.1,6.53556446997323,5.294273636046151,0.07301682756217612,0.08383912780496511,0.45523134728946396,0.2998394397853635
TE,00-0036970,2022,7.56,8.076470588235294,3.9,4.7,14.229999999999997,14.46,6.1,4.8999999999999995,5.294273636046151,4.304580323876636,0.08383912780496511,0.07828066755857196,0.2998394397853635,0.3065431616716693
TE,00-0036970,2023,8.076470588235294,8.06875,4.7,2.275,14.46,15.100000000000001,4.8999999999999995,9.799999999999999,4.304580323876636,6.882607911734233,0.07828066755857196,0.18887791000684026,0.3065431616716693,0.343152951644939
TE,00-0036970,2024,8.06875,12.4,2.275,5.8,15.100000000000001,18.28,9.799999999999999,9.2,6.882607911734233,9.940636297541522,0.18887791000684026,0.056325831669019624,0.343152951644939,0.45973795798038947
QB,00-0036971,2021,11.708235294117648,17.389411764705883,7.32,10.34,18.804,25.836000000000002,9.7,14.559999999999999,5.830411901502026,8.183642580315501,0.3197986484132585,0.16076260960409808,0.1660066854838281,0.3525674499823134
QB,00-0036971,2022,17.389411764705883,16.40875,10.34,14.585,25.836000000000002,24.84,14.559999999999999,3.2349999999999994,8.183642580315501,6.90980740204337,0.16076260960409808,0.14095773596122266,0.3525674499823134,0.2853995681257304
QB,00-0036971,2023,16.40875,14.520000000000001,14.585,11.785,24.84,21.447999999999997,3.2349999999999994,7.149999999999999,6.90980740204337,6.638888795908878,0.14095773596122266,0.1564362898165086,0.2853995681257304,0.2585532470782031
QB,00-0036971,2024,14.520000000000001,19.89294117647059,11.785,15.02,21.447999999999997,28.208000000000002,7.149999999999999,8.100000000000001,6.638888795908878,8.785507786054458,0.1564362898165086,0.12717192516664996,0.2585532470782031,0.363473667708849
RB,00-0036973,2022,12.064705882352943,16.611764705882354,7.6,9.9,23.88,25.84,6.800000000000001,12.799999999999999,7.719451176773401,8.528619638674039,0.0759117337640133,0.022512221159757363,0.347566255104587,0.49600582951698785
RB,00-0036973,2023,16.611764705882354,8.68,9.9,6.0,25.84,12.5,12.799999999999999,5.949999999999999,8.528619638674039,3.9004029095906048,0.022512221159757363,0.08280274823220433,0.49600582951698785,0.1333877696861491
RB,00-0036973,2024,8.68,14.93529411764706,6.0,9.5,12.5,20.84,5.949999999999999,9.8,3.9004029095906048,6.944326927110232,0.08280274823220433,0.03705889558379811,0.1333877696861491,0.5351859268363864
RB,00-0036997,2023,11.2,9.288235294117648,7.675,4.3,19.65,17.14,6.3,7.2,5.512410241143765,6.500180992955233,0.023666555023204448,0.16732081094104778,0.27275122993491413,0.21679489425311857
RB,00-0036997,2024,9.288235294117648,15.175,4.3,11.125,17.14,22.7,7.2,7.725000000000001,6.500180992955233,6.01703138322102,0.16732081094104778,0.03876589026081976,0.21679489425311857,0.5127358383307469
RB,00-0037197,2022,8.4375,15.278571428571428,4.175,9.575,14.25,25.57,8.150000000000002,10.400000000000002,5.118967994951065,7.502428178358562,0.17913331359066448,0.026370941257556783,0.17469030971661853,0.467835065757036
RB,00-0037228,2022,6.093333333333333,11.552941176470588,3.55,8.0,11.42,19.32,6.8500000000000005,4.6,4.147368643690438,4.97758948275403,0.18850651575903624,0.022512221159757363,0.08400288432646463,0.259869960176014
RB,00-0037228,2023,11.552941176470588,8.273333333333333,8.0,4.4,19.32,14.92,4.6,6.200000000000001,4.97758948275403,4.747550746989241,0.022512221159757363,0.18430409931600059,0.259869960176014,0.23988238259783412
RB,00-0037228,2024,8.273333333333333,13.56875,4.4,9.15,14.92,18.6,6.200000000000001,6.475,4.747550746989241,5.615421474238006,0.18430409931600059,0.03876589026081976,0.23988238259783412,0.41613769381743665
WR,00-0037238,2022,11.04375,11.625333333333334,7.074999999999999,6.75,16.75,20.38,7.575000000000001,7.640000000000001,5.8050516793565246,7.214404110296751,0.39441853268045346,0.3348375051487773,0.10859148469892003,0.15020987601201602
WR,00-0037238,2023,11.625333333333334,16.51764705882353,6.75,10.9,20.38,25.000000000000004,7.640000000000001,7.4,7.214404110296751,9.032250224481553,0.3348375051487773,0.1823336004571133,0.15020987601201602,0.1555759941170287
WR,00-0037238,2024,16.51764705882353,16.825,10.9,7.625,25.000000000000004,31.120000000000005,7.4,16.924999999999997,9.032250224481553,11.453949299060762,0.1823336004571133,0.30462510051506014,0.1555759941170287,0.25670952716670936
WR,00-0037239,2022,13.213333333333333,14.45625,9.649999999999999,11.924999999999999,19.759999999999998,20.299999999999997,6.400000000000002,6.475,4.952180856763537,5.780307806106292,0.12845064483126054,0.17386613433015458,0.15709497862396488,0.14415878206064361
WR,00-0037240,2023,6.390909090909091,15.114285714285714,2.9000000000000004,10.15,12.4,24.47,6.5,11.225,4.6541281773184,7.238875512213114,0.48367990024086643,0.16143190201291727,0.0796292956201205,0.2148630040185089
WR,00-0037240,2024,15.114285714285714,13.618749999999999,10.15,6.15,24.47,25.15,11.225,12.874999999999998,7.238875512213114,8.787811160920562,0.16143190201291727,0.37740967721159246,0.2148630040185089,0.1748272937654797
WR,00-0037247,2022,9.794117647058824,13.03125,4.9,7.65,17.26,24.65,11.299999999999999,9.15,6.393304171967271,8.9440273367203,0.42066126527184833,0.36694465233301754,0.0639907643365569,0.2247273054097789
WR,00-0037247,2023,13.03125,11.742857142857144,7.65,8.075,24.65,19.42,9.15,8.3,8.9440273367203,6.150636525623154,0.36694465233301754,0.2537132945958207,0.2247273054097789,0.16679365034378987
WR,00-0037247,2024,11.742857142857144,17.170588235294115,8.075,11.8,19.42,30.48,8.3,14.2,6.150636525623154,9.650632408415158,0.2537132945958207,0.24483920228164568,0.16679365034378987,0.24569928876073874
RB,00-0037248,2022,7.678571428571429,13.688235294117646,4.175,7.9,15.120000000000005,21.98,4.8,11.299999999999999,5.059215289020555,8.317142113801859,0.19891478933674064,0.022512221159757363,0.19295620512155717,0.4015514817805983
RB,00-0037248,2023,13.688235294117646,16.668750000000003,7.9,10.775,21.98,27.950000000000003,11.299999999999999,10.575000000000001,8.317142113801859,7.943107599254422,0.022512221159757363,0.030503975335325083,0.4015514817805983,0.5310872554852726
RB,00-0037248,2024,16.668750000000003,17.776470588235295,10.775,10.7,27.950000000000003,28.340000000000003,10.575000000000001,11.8,7.943107599254422,9.20159832663358,0.030503975335325083,0.08109231428092765,0.5310872554852726,0.5351859268363864
RB,00-0037256,2022,8.81875,15.758823529411764,5.025,10.8,16.75,21.66,6.824999999999999,8.899999999999999,5.812081526154521,6.192238975476622,0.12940982190853437,0.022512221159757363,0.26935373551021563,0.5432330033851827
RB,00-0037256,2023,15.758823529411764,13.306666666666668,10.8,9.2,21.66,22.539999999999996,8.899999999999999,6.949999999999999,6.192238975476622,7.005453657856923,0.022512221159757363,0.03205207269030623,0.5432330033851827,0.39962430196536164
RB,00-0037256,2024,13.306666666666668,8.411764705882353,9.2,5.2,22.539999999999996,15.8,6.949999999999999,3.3999999999999995,7.005453657856923,5.498054468734961,0.03205207269030623,0.1251257329780572,0.39962430196536164,0.21266965763013984
WR,00-0037261,2023,10.766666666666666,12.166666666666666,7.5,8.6,17.3,19.619999999999997,7.699999999999999,6.85,5.441736855085883,5.566695180993409,0.40839790088305006,0.28662874119155196,0.14466998515521562,0.139408339127078
WR,00-0037261,2024,12.166666666666666,10.4,8.6,7.125,19.619999999999997,17.45,6.85,6.100000000000001,5.566695180993409,5.800689614175197,0.28662874119155196,0.33655388539401077,0.139408339127078,0.09402929312487787
RB,00-0037263,2022,9.9625,8.094117647058825,4.949999999999999,4.8,17.0,15.8,9.100000000000001,6.2,6.0604592785255695,6.082605382177453,0.07968633022640428,0.16883692228105984,0.26935373551021563,0.259869960176014
RB,00-0037263,2023,8.094117647058825,6.581250000000001,4.8,3.275,15.8,11.15,6.2,4.799999999999999,6.082605382177453,4.59437609112126,0.16883692228105984,0.12710286739071155,0.259869960176014,0.1266443017404872
RB,00-0037263,2024,6.581250000000001,7.23529411764706,3.275,2.3,11.15,14.100000000000001,4.799999999999999,8.5,4.59437609112126,5.3498763042324855,0.12710286739071155,0.34529282646370496,0.1266443017404872,0.16659590488639034
WR,00-0037291,2024,7.2250000000000005,8.174999999999999,2.4749999999999996,5.225,14.200000000000001,18.470000000000002,9.325000000000001,3.0,6.038079917565607,6.71851241651819,0.4828325388291175,0.5976463046830479,0.1247194815372106,0.11215272502107379
RB,00-0037525,2023,4.966666666666666,10.409090909090908,1.1,5.05,10.26,22.2,7.6,9.05,4.514975082987724,7.802237441331115,0.3568572289867124,0.23124808555468404,0.11405215071999167,0.3048019042036608
RB,00-0037525,2024,10.409090909090908,8.056249999999999,5.05,4.175,22.2,12.149999999999999,9.05,6.500000000000001,7.802237441331115,5.499693173259759,0.23124808555468404,0.17695090496222435,0.3048019042036608,0.1263432602775058
WR,00-0037545,2022,9.45,10.506666666666668,7.0249999999999995,5.6,15.28,19.959999999999997,5.075,11.299999999999999,5.087800535173749,7.027137871613639,0.40545480063662576,0.5377085324772135,0.10031267108135442,0.15020987601201602
WR,00-0037614,2023,2.38,5.966666666666666,1.6,3.6,4.05,11.520000000000001,1.6749999999999998,2.6999999999999997,1.3563021623353533,5.445869994775857,0.7883406315747093,0.5697102082196379,0.08385958830725389,0.13494056048683734
WR,00-0037614,2024,5.966666666666666,7.611111111111111,3.6,5.0,11.520000000000001,14.5,2.6999999999999997,2.4000000000000004,5.445869994775857,5.295857920215677,0.5697102082196379,0.5857982198503991,0.13494056048683734,0.07477658886797538
WR,00-0037664,2022,7.018750000000001,5.3,2.4749999999999996,2.15,15.0,7.9,7.65,4.75,5.88843145498018,4.618595952389489,0.5303117382523664,0.7405795598056496,0.06667315057674975,0.06625947264599857
WR,00-0037664,2023,5.3,10.0875,2.15,3.15,7.9,21.95,4.75,13.825000000000001,4.618595952389489,8.312871545581185,0.7405795598056496,0.44349082511383386,0.06625947264599857,0.18207604917753872
WR,00-0037664,2024,10.0875,12.907142857142857,3.15,7.325,21.95,22.740000000000006,13.825000000000001,10.400000000000002,8.312871545581185,8.161208836338503,0.44349082511383386,0.32201004423750457,0.18207604917753872,0.1462445616293952
WR,00-0037740,2022,12.688235294117648,12.541176470588237,5.7,8.4,25.08,17.880000000000003,12.2,8.6,8.567809109753581,5.458486377138975,0.37732649694158266,0.21190708724116353,0.1846864064498719,0.09985205410958245
WR,00-0037740,2023,12.541176470588237,14.817647058823528,8.4,9.1,17.880000000000003,26.46,8.6,8.500000000000002,5.458486377138975,7.237423168341551,0.21190708724116353,0.1823336004571133,0.09985205410958245,0.17799422607338053
TE,00-0037744,2022,7.475,11.919999999999998,5.2250000000000005,5.550000000000001,12.889999999999999,22.18,2.4749999999999988,11.05,5.874338868575522,7.223097871214459,0.1287760847625881,0.0450022625233318,0.28127428010979694,0.3946839682145517
TE,00-0037744,2023,11.919999999999998,15.2375,5.550000000000001,10.85,22.18,23.450000000000003,11.05,9.125000000000002,7.223097871214459,7.1266518553011045,0.0450022625233318,0.05899682395104557,0.3946839682145517,0.551712432345135
TE,00-0037744,2024,15.2375,18.58235294117647,10.85,12.2,23.450000000000003,28.38,9.125000000000002,11.400000000000002,7.1266518553011045,8.366468437617335,0.05899682395104557,0.056325831669019624,0.551712432345135,0.5744955080575049
RB,00-0037746,2022,9.391666666666666,13.206666666666667,5.775,8.350000000000001,14.45,24.699999999999996,6.5,5.249999999999998,5.428285906139053,7.075961990799419,0.16153894307856229,0.024945665897580967,0.21548796831206238,0.2348228228762093
RB,00-0037746,2023,13.206666666666667,11.414285714285713,8.350000000000001,8.675,24.699999999999996,17.9,5.249999999999998,5.824999999999999,7.075961990799419,5.771529212483417,0.024945665897580967,0.14069372538173164,0.2348228228762093,0.36585794566145985
RB,00-0037746,2024,11.414285714285713,3.90625,8.675,2.1,17.9,8.350000000000001,5.824999999999999,1.9250000000000003,5.771529212483417,3.1594237343751996,0.14069372538173164,0.4533209343650335,0.36585794566145985,0.07804418802085065
TE,00-0037809,2022,7.958333333333335,6.670588235294117,4.85,5.6,13.16,9.48,6.450000000000001,2.700000000000001,5.139058692253304,3.9429945323767495,0.14494746196303243,0.11485052526797063,0.3154995981864604,0.21174662508884903
TE,00-0037809,2023,6.670588235294117,6.942857142857144,5.6,3.65,9.48,13.000000000000004,2.700000000000001,5.725,3.9429945323767495,5.055037744014045,0.11485052526797063,0.11702921077146353,0.21174662508884903,0.25672036675324816
TE,00-0037809,2024,6.942857142857144,7.294117647058824,3.65,4.0,13.000000000000004,12.760000000000002,5.725,5.300000000000001,5.055037744014045,4.482670881884384,0.11702921077146353,0.13092218367645145,0.25672036675324816,0.32202889788785083
WR,00-0037816,2022,8.233333333333333,10.899999999999999,4.925,6.449999999999999,15.95,18.4,6.375000000000001,10.25,6.329775715304659,5.640449154692086,0.4816978124885091,0.4152142818337333,0.13046738673588495,0.06359025871150831
WR,00-0037816,2023,10.899999999999999,10.161538461538461,6.449999999999999,6.8,18.4,18.68,10.25,8.0,5.640449154692086,5.891312595896105,0.4152142818337333,0.3627313649230211,0.06359025871150831,0.12164806868787277
WR,00-0037816,2024,10.161538461538461,10.337499999999999,6.8,5.324999999999999,18.68,17.75,8.0,6.975000000000001,5.891312595896105,7.260842467188868,0.3627313649230211,0.33655388539401077,0.12164806868787277,0.09402929312487787
QB,00-0037834,2023,18.475,17.790666666666667,14.25,13.510000000000002,26.4,25.912,10.05,10.45,7.4655243173760635,8.156458848813065,0.12336273963478787,0.13944742158532522,0.3889962712308417,0.42759641008341026
QB,00-0037834,2024,17.790666666666667,19.70888888888889,13.510000000000002,16.78,25.912,32.104,10.45,9.419999999999998,8.156458848813065,10.294518498264555,0.13944742158532522,0.17196545625247997,0.42759641008341026,0.3633457285851475
TE,00-0037838,2022,6.823076923076922,10.488888888888887,1.8,8.0,16.680000000000007,18.419999999999998,7.6000000000000005,10.0,6.332476325281952,6.846430537959989,0.23709108348349606,0.16234640459265853,0.2659758981245159,0.3679616136668422
TE,00-0037838,2023,10.488888888888887,9.533333333333335,8.0,4.375,18.419999999999998,16.150000000000002,10.0,8.25,6.846430537959989,6.827129482417701,0.16234640459265853,0.06583767939345801,0.3679616136668422,0.3581965645178667
TE,00-0037838,2024,9.533333333333335,5.950000000000001,4.375,2.9749999999999996,16.150000000000002,12.5,8.25,5.200000000000001,6.827129482417701,3.993675555731142,0.06583767939345801,0.12913022175966096,0.3581965645178667,0.3563247206328638
RB,00-0037840,2022,3.8125000000000004,21.25,0.85,15.875,7.53,29.89,4.925000000000001,11.899999999999999,3.1160586368955623,9.067374081136872,0.38002693401107546,0.02977312789397858,0.12879594572603037,0.711164435639237
RB,00-0037840,2023,21.25,17.00625,15.875,12.7,29.89,23.15,11.899999999999999,7.324999999999999,9.067374081136872,5.917484685235781,0.02977312789397858,0.030503975335325083,0.711164435639237,0.6321979939214689
RB,00-0037840,2024,17.00625,15.488235294117647,12.7,11.1,23.15,22.04,7.324999999999999,6.6,5.917484685235781,6.114826484960671,0.030503975335325083,0.03705889558379811,0.6321979939214689,0.5351859268363864
TE,00-0038041,2023,10.912500000000001,7.869230769230769,7.025,4.3,17.2,13.88,6.324999999999999,7.6000000000000005,5.2348670788601055,4.518182638957213,0.08125204321763893,0.12032610987198915,0.41443537773676903,0.34429615147417086
TE,00-0038041,2024,7.869230769230769,11.75625,4.3,7.5249999999999995,13.88,21.549999999999997,7.6000000000000005,9.325000000000003,4.518182638957213,6.703627749211615,0.12032610987198915,0.07639970448309882,0.34429615147417086,0.42355619213543416
WR,00-0038117,2023,9.392857142857142,10.747058823529413,6.199999999999999,8.0,16.510000000000005,16.84,7.300000000000001,5.199999999999999,5.413723911819534,4.378800869966974,0.5130094649405285,0.26339438931983566,0.06916258614850035,0.11073953020432495
WR,00-0038117,2024,10.747058823529413,13.618749999999999,8.0,7.75,16.84,25.25,5.199999999999999,9.649999999999999,4.378800869966974,8.190011701253344,0.26339438931983566,0.33655388539401077,0.11073953020432495,0.21522629408578062
RB,00-0038120,2023,17.08823529411765,15.05625,10.0,9.1,28.64,25.25,16.6,10.1,11.291527927662246,7.9980804988863845,0.12006202190729234,0.030503975335325083,0.49600582951698785,0.4805318862671744
RB,00-0038120,2024,15.05625,12.97875,9.1,6.875,25.25,20.2,10.1,9.875,7.9980804988863845,7.62151505060947,0.030503975335325083,0.03876589026081976,0.4805318862671744,0.46443676607409173
WR,00-0038124,2022,13.424999999999999,11.255555555555553,5.675,5.7,24.07,21.84,15.349999999999998,5.8999999999999995,9.62526268826892,7.900492249080293,0.3157333497864607,0.40839790088305006,0.2815559050779394,0.20077540462466364
WR,00-0038124,2023,11.255555555555553,9.363636363636363,5.7,8.25,21.84,15.8,5.8999999999999995,3.6000000000000014,7.900492249080293,5.456055851486993,0.40839790088305006,0.2944751615838739,0.20077540462466364,0.12795000794603223
WR,00-0038124,2024,9.363636363636363,13.24,8.25,6.825,15.8,22.56,3.6000000000000014,13.200000000000003,5.456055851486993,7.669738515027021,0.2944751615838739,0.39172301802358817,0.12795000794603223,0.2307628163042016
RB,00-0038134,2022,13.5,13.293333333333331,9.1,8.55,24.339999999999996,20.0,6.9499999999999975,9.599999999999998,7.755182598937122,7.488607219986778,0.031530652691091836,0.1330400525222826,0.38210273841557946,0.44343593365705203
RB,00-0038134,2023,13.293333333333331,16.472727272727273,8.55,13.5,20.0,23.3,9.599999999999998,6.399999999999999,7.488607219986778,7.489871949384837,0.1330400525222826,0.040216036839118785,0.44343593365705203,0.5754325395290784
RB,00-0038134,2024,16.472727272727273,11.28823529411765,13.5,6.6,23.3,19.32,6.399999999999999,10.700000000000001,7.489871949384837,6.529632680417518,0.040216036839118785,0.08109231428092765,0.5754325395290784,0.3048171631176389
WR,00-0038393,2023,9.533333333333333,6.90625,6.375,2.8,15.34,12.7,5.65,7.2,6.206350608754542,6.486546975600089,0.394926929003772,0.4857333247158306,0.1238277599186258,0.1362113804834497
WR,00-0038393,2024,6.90625,6.175,2.8,2.875,12.7,8.34,7.2,2.9749999999999996,6.486546975600089,7.216159265527233,0.4857333247158306,0.6464831720443792,0.1362113804834497,0.11215272502107379
RB,00-0038542,2023,15.375,20.099999999999998,11.425,14.5,23.65,27.060000000000002,8.5,10.3,7.170913470402499,6.6365465416886815,0.07494243114646144,0.029098532342942064,0.47102377748408797,0.6980200699973086
RB,00-0038542,2024,20.099999999999998,21.811764705882354,14.5,14.7,27.060000000000002,32.5,10.3,15.100000000000001,6.6365465416886815,10.258404015302597,0.029098532342942064,0.03705889558379811,0.6980200699973086,0.673407185067635
WR,00-0038543,2023,8.811764705882354,14.882352941176473,6.1,6.9,13.84,23.82,6.200000000000001,12.799999999999999,4.181190373706568,8.798454075441155,0.3960949264851804,0.30392478375119686,0.06112777156615416,0.20041245802973243
WR,00-0038543,2024,14.882352941176473,21.170588235294115,6.9,18.3,23.82,28.94,12.799999999999999,8.0,8.798454075441155,7.481206846649339,0.30392478375119686,0.16633497116959553,0.20041245802973243,0.4398507648187873
WR,00-0038544,2023,5.529411764705881,11.646666666666668,2.9,5.0,11.020000000000001,22.060000000000002,7.1,10.65,4.065366635661898,8.700727938894921,0.6263297255402015,0.3748400046573928,0.06112777156615416,0.18634947770568255
WR,00-0038544,2024,11.646666666666668,13.169230769230772,5.0,9.2,22.060000000000002,23.12,10.65,6.700000000000001,8.700727938894921,7.442936765303577,0.3748400046573928,0.29044087788545936,0.18634947770568255,0.19893798036265212
RB,00-0038555,2023,2.2181818181818183,8.6,0.65,2.8499999999999996,7.0,19.559999999999995,2.0000000000000004,8.049999999999999,2.67873783032912,7.729997227868657,0.5834609109801698,0.23505477485789872,0.09901982312076976,0.1866350761419916
RB,00-0038555,2024,8.6,5.844444444444445,2.8499999999999996,1.9,19.559999999999995,11.840000000000002,8.049999999999999,7.799999999999999,7.729997227868657,5.680913463324167,0.23505477485789872,0.32913667426383936,0.1866350761419916,0.19087780733977594
WR,00-0038559,2023,8.807692307692308,8.300000000000002,3.9,5.25,15.5,13.94,6.699999999999999,6.4,7.314080204015351,4.044926275153673,0.42907912325038106,0.5071568998561541,0.11815372740375063,0.11593776983777573
WR,00-0038559,2024,8.300000000000002,12.976470588235294,5.25,6.6,13.94,26.480000000000004,6.4,13.299999999999999,4.044926275153673,10.602919964080927,0.5071568998561541,0.401847664505746,0.11593776983777573,0.20686899354912902
WR,00-0038563,2024,7.2125,9.511764705882355,3.675,5.0,15.3,13.92,4.825,6.1,5.944170814055284,8.93790260302586,0.6124608235218207,0.4803518956177961,0.1362113804834497,0.09037810791429987
RB,00-0038597,2024,15.9375,16.623529411764707,10.775,11.8,25.3,26.94,11.824999999999998,7.199999999999999,7.5090944860216,7.3461324358267515,0.07880342136301831,0.03705889558379811,0.5816426247033707,0.5351859268363864
WR,00-0038606,2024,8.969999999999999,12.313333333333333,4.625,6.65,13.319999999999995,19.419999999999998,6.300000000000001,11.35,6.341407134417758,6.971766190107339,0.4243057354809065,0.3508897645660412,0.15794345290281372,0.09798790659478625
WR,00-0038608,2024,8.557142857142859,10.136363636363637,4.0,3.95,18.820000000000007,16.5,5.0,10.95,6.929836748628164,7.658103254366936,0.5305574723445311,0.47429897892229717,0.16679365034378987,0.11783045634248392
RB,00-0038705,2023,6.663636363636365,5.655555555555555,2.2,2.5,12.7,12.32,9.55,3.0,5.224035361149984,4.921918099458562,0.3765978623233727,0.2649966548009485,0.16492093723534543,0.1960097015744749
RB,00-0038705,2024,5.655555555555555,5.300000000000001,2.5,2.55,12.32,10.1,3.0,5.2,4.921918099458562,4.213549572510095,0.2649966548009485,0.28974275451694076,0.1960097015744749,0.10289216972079389
TE,00-0038933,2023,9.39375,7.753846153846155,5.925,5.4,16.1,12.700000000000001,9.5,4.299999999999999,5.715647382405601,3.4197015914197793,0.1571679941602824,0.0921545185334484,0.3818054646251696,0.26668282727936304
TE,00-0038933,2024,7.753846153846155,11.463636363636365,5.4,7.050000000000001,12.700000000000001,17.6,4.299999999999999,8.75,3.4197015914197793,5.943109073081653,0.0921545185334484,0.08442118873896397,0.26668282727936304,0.42669115595506835
TE,00-0038935,2024,7.854545454545455,10.43636363636364,3.45,7.050000000000001,12.4,14.9,6.999999999999999,6.85,5.128228473140337,4.463915932737248,0.15736409517159683,0.06342245763094076,0.2891225928069308,0.42669115595506835
WR,00-0038977,2023,16.5,10.0,6.875,6.3999999999999995,28.97,18.67,17.3,6.525000000000001,9.789336602196858,6.4057666327962774,0.31269893395433856,0.34599468717872417,0.29635890299738593,0.14275897350643035
WR,00-0038994,2023,13.83125,14.166666666666668,9.275,6.55,25.25,27.279999999999998,7.475,10.95,8.27757764485883,10.38911976655431,0.2704053933315861,0.3307343729244724,0.18444304373521125,0.18634947770568255
WR,00-0038994,2024,14.166666666666668,10.216666666666667,6.55,7.925000000000001,27.279999999999998,15.370000000000001,10.95,4.549999999999999,10.38911976655431,5.322137870738743,0.3307343729244724,0.30462510051506014,0.18634947770568255,0.11215272502107379
TE,00-0038996,2023,7.849999999999999,10.20625,5.425,5.625,11.29,17.05,4.875000000000001,7.65,4.259173107019197,5.892760388816093,0.15436670409463926,0.05899682395104557,0.2718855006403656,0.3779128650949717
TE,00-0038996,2024,10.20625,14.65,5.625,8.9,17.05,27.069999999999997,7.65,9.799999999999999,5.892760388816093,9.870446508933336,0.05899682395104557,0.06768644607318643,0.3779128650949717,0.43479276173326425
WR,00-0038997,2023,9.693750000000001,13.107142857142856,6.0,5.825,14.95,21.39,7.25,13.575,5.145025915062689,7.161055389096936,0.5117535408351648,0.34599468717872417,0.10387452038607596,0.16679365034378987
WR,00-0038997,2024,13.107142857142856,8.65,5.825,5.4,21.39,14.55,13.575,6.1,7.161055389096936,4.736383993441973,0.34599468717872417,0.4591212608467558,0.16679365034378987,0.05363029280457695
RB,00-0039032,2023,9.047058823529412,10.299999999999999,4.9,4.199999999999999,17.259999999999998,21.6,6.799999999999999,8.400000000000002,5.474271372413276,7.933473388119481,0.07128712153352486,0.16757073598282896,0.2126427863078192,0.23714424537230647
RB,00-0039032,2024,10.299999999999999,8.592307692307692,4.199999999999999,6.5,21.6,15.700000000000005,8.400000000000002,2.6999999999999993,7.933473388119481,5.551645632672283,0.16757073598282896,0.1518762560733844,0.23714424537230647,0.20423548602481822
RB,00-0039040,2023,17.336363636363632,17.64117647058824,6.6499999999999995,10.2,27.0,30.1,17.85,12.8,14.642422800019997,9.233164329167534,0.16973481366657564,0.0751726252089773,0.428525393693648,0.6017750348484706
RB,00-0039040,2024,17.64117647058824,20.175,10.2,16.575000000000003,30.1,28.6,12.8,3.875,9.233164329167534,7.015364091288015,0.0751726252089773,0.03876589026081976,0.6017750348484706,0.8025302718706776
WR,00-0039064,2023,13.619999999999997,12.84375,9.4,6.875,21.32,22.25,9.249999999999998,11.75,6.195297756017404,7.800168267415774,0.18268423465245015,0.3167633263078437,0.15020987601201602,0.18207604917753872
WR,00-0039064,2024,12.84375,14.311764705882354,6.875,11.4,22.25,23.96,11.75,4.4,7.800168267415774,7.483054385822442,0.3167633263078437,0.20558708672562062,0.18207604917753872,0.20686899354912902
TE,00-0039065,2023,14.076470588235294,10.82666666666667,8.0,5.25,24.880000000000003,17.580000000000002,11.7,10.35,7.704262571116452,5.520800494062261,0.04171080984917331,0.08723918518591846,0.4961362348373098,0.42753381702163856
TE,00-0039065,2024,10.82666666666667,11.877777777777778,5.25,6.9,17.580000000000002,20.5,10.35,9.6,5.520800494062261,6.454219119649133,0.08723918518591846,0.06620280753916295,0.42753381702163856,0.42256922169477046
WR,00-0039075,2023,17.558823529411764,18.781818181818185,10.3,15.45,30.580000000000002,25.3,13.099999999999998,6.349999999999998,8.891994912808473,10.068248922411302,0.25795404705216773,0.1873677353241424,0.3321977493701522,0.23155936773503336
WR,00-0039075,2024,18.781818181818185,23.4375,15.45,16.45,25.3,35.85,6.349999999999998,11.225000000000001,10.068248922411302,10.20881155342449,0.1873677353241424,0.173130718123684,0.23155936773503336,0.45762029600758614
RB,00-0039139,2023,16.14,21.34705882352941,9.05,16.3,27.04,29.84,15.349999999999998,9.099999999999998,8.667657452523473,8.715870413149998,0.024945665897580967,0.029098532342942064,0.44343593365705203,0.7461425875717276
RB,00-0039139,2024,21.34705882352941,21.582352941176474,16.3,11.6,29.84,37.480000000000004,9.099999999999998,15.299999999999999,8.715870413149998,13.52720570249625,0.029098532342942064,0.03705889558379811,0.7461425875717276,0.6273334323238855
WR,00-0039146,2023,13.575000000000001,12.3125,8.725000000000001,6.35,20.1,23.4,10.524999999999999,8.825000000000001,6.725027880983097,8.543915964006201,0.2704053933315861,0.3590058259098404,0.14415878206064361,0.15914371483049422
QB,00-0039163,2023,18.40133333333333,12.963529411764705,13.54,9.8,27.251999999999995,18.492,7.490000000000002,6.139999999999999,8.954068402261674,4.903576425906492,0.10766205680228572,0.15445768025443693,0.3195754855767498,0.14113614207674371
QB,00-0039163,2024,12.963529411764705,14.895714285714286,9.8,10.64,18.492,22.896,6.139999999999999,7.490000000000002,4.903576425906492,6.520944615722379,0.15445768025443693,0.17476682617896855,0.14113614207674371,0.36313304560459153
RB,00-0039165,2023,6.63125,10.994117647058822,3.5,4.5,11.55,21.020000000000003,5.775,7.6,4.504918608217763,9.400762641152797,0.22877005951623244,0.16732081094104778,0.12404681927303372,0.21679489425311857
RB,00-0039165,2024,10.994117647058822,11.3375,4.5,6.425,21.020000000000003,19.1,7.6,8.649999999999999,9.400762641152797,6.698743663304833,0.16732081094104778,0.13088923339508948,0.21679489425311857,0.31953954930412637
TE,00-0039338,2024,15.452941176470588,14.683333333333335,8.2,9.4,26.3,21.6,11.100000000000001,5.375,7.893519307560065,10.123674623316765,0.05750311065826907,0.06211805724979942,0.5331791705243484,0.4674820304715317
RB,00-0039361,2024,14.376470588235295,13.85,9.6,8.925,24.68,18.84,8.6,7.175000000000001,7.597411517398927,5.608178551603602,0.12124671807501254,0.05357142716024793,0.5055299996996325,0.5179326084336779
RB,00-0039384,2024,11.38125,10.72,6.15,6.15,21.0,21.979999999999997,9.625,7.15,6.754378209724416,7.66011935751843,0.12710286739071155,0.08892352817745543,0.4299765170490762,0.28500600255863096
RB,00-0039391,2024,3.6333333333333337,9.825,2.0,2.975,5.980000000000001,20.6,1.4,15.299999999999999,3.690867106792115,8.244019871177146,0.48390810545348006,0.2733823728024391,0.11776423219889638,0.33619140982907647
WR,00-0039491,2024,10.062222222222223,8.849999999999998,5.6,5.375,18.44,16.77,8.360000000000001,7.925000000000001,6.264849913959986,5.774705379690137,0.44975465095582795,0.49996960075233293,0.16225807555785488,0.07078916077832006
QB,00-0039732,2024,18.658823529411766,17.93176470588235,13.5,13.36,29.172,27.076,8.36,6.879999999999999,7.473585051995579,8.36998822825794,0.13364204951465578,0.14602661438332545,0.3500728383312596,0.3631225833929962
RB,00-0039738,2024,2.7583333333333333,7.188235294117647,2.225,2.4,4.180000000000001,13.5,1.6249999999999996,8.0,1.4247540989322482,6.492965650700493,0.3970002129313207,0.3012594077665754,0.09537601015390877,0.16659590488639034
WR,00-0039849,2024,11.558823529411764,11.618181818181819,5.2,6.300000000000001,19.680000000000003,18.6,11.8,9.900000000000002,8.084557720086595,6.567772557240115,0.4255159670452804,0.4229546136020702,0.1555759941170287,0.11783045634248392
QB,00-0039851,2024,14.761666666666665,20.70352941176471,11.7,15.96,19.51,26.676000000000002,6.640000000000001,7.739999999999998,5.334126550861543,5.388321794836114,0.12593332693101542,0.10831723594997449,0.12558894130905726,0.363473667708849
RB,00-0039875,2024,7.25625,5.55,2.0749999999999997,1.225,15.75,11.449999999999994,10.125,4.775,6.216640974030912,7.598866874592407,0.3203006515014845,0.435493183627478,0.22775504017668352,0.1778967474265908
WR,00-0039880,2024,6.01111111111111,6.966666666666668,2.9,4.5,10.26,10.879999999999999,5.9,4.15,3.3568752004075324,3.177750027628863,0.5097324295877329,0.5638702083253981,0.13494056048683734,0.05588811685531587
WR,00-0039890,2024,3.5353846153846153,7.033333333333334,1.2,3.05,8.328000000000003,16.720000000000002,3.3,5.075,4.076143224881037,7.225501974802773,0.6529672274578381,0.5976463046830479,0.12164806868787277,0.11215272502107379
WR,00-0039893,2024,16.705882352941178,9.914285714285713,11.4,7.6,25.62,15.570000000000007,10.700000000000001,3.8249999999999993,8.070971951090781,5.013651692798702,0.22286399488847447,0.41099252749546533,0.24524892194243614,0.10229448281270917
WR,00-0039894,2024,11.700000000000001,8.453846153846154,5.300000000000001,6.0,20.65,11.34,12.2,4.6,7.332212035486518,4.080158367967144,0.3167633263078437,0.43012952408320976,0.18207604917753872,0.061026524560359376
WR,00-0039915,2024,15.05625,11.30625,9.275,4.25,24.9,20.75,8.575000000000001,10.85,7.195551287659155,6.855408448808867,0.23227832710385027,0.33655388539401077,0.18207604917753872,0.1748272937654797
WR,00-0039916,2024,10.38888888888889,9.844444444444443,2.6,3.4,20.86,16.42,14.700000000000001,11.4,9.61787976173081,6.514620309563542,0.44975465095582795,0.35691726371630805,0.16225807555785488,0.07477658886797538
QB,00-0039918,2024,14.972941176470588,18.716470588235296,9.18,11.8,26.444,26.708000000000002,13.580000000000002,11.2,7.796803643726289,8.227406138310293,0.19608894173399924,0.14602661438332545,0.3082854990803564,0.363473667708849
WR,00-0039919,2024,8.523529411764706,12.175000000000002,4.5,5.175,17.32,20.380000000000003,5.199999999999999,12.099999999999998,6.200557375325696,9.172699116994359,0.4660463614766416,0.40229883523772275,0.1555759941170287,0.16033832573628565
