year,pos,tier,scope,feature,coef,alpha
2015,WR,A,P0,h_targets_pg,0.38190999967791506,177.82794100389228
2015,WR,A,P0,h_carries_pg,0.02600031367252663,177.82794100389228
2015,WR,A,P0,h_touches_pg,0.38465157638285125,177.82794100389228
2015,WR,A,P0,h_air_yards_pg,0.15593534958642977,177.82794100389228
2015,WR,A,P0,h_target_share_full,0.38017851256530005,177.82794100389228
2015,WR,A,P0,h_air_yards_share_full,0.2788637086732491,177.82794100389228
2015,WR,A,P0,h_carry_share_full,0.06543496611551652,177.82794100389228
2015,WR,A,P0,h_wopr_full,0.35267567720102416,177.82794100389228
2015,WR,A,P0,h_u_rec,0.31882096585675856,177.82794100389228
2015,WR,A,P0,h_u_rush,0.06258443698428076,177.82794100389228
2015,WR,A,P0,h_u_tot,0.3250157162818069,177.82794100389228
2015,WR,A,P0,G_last,0.05201294052655804,177.82794100389228
2015,WR,A,P0,G_wtd,-0.13600516088467587,177.82794100389228
2015,WR,A,P0,avail_wtd,-0.06177879450975215,177.82794100389228
2015,WR,A,P0,h_adot,-0.06364013645564512,177.82794100389228
2015,WR,A,P0,h_ypr,0.08539989523835777,177.82794100389228
2015,WR,A,P0,h_catch_rate,0.01168631241119291,177.82794100389228
2015,WR,A,P0,h_racr_w,0.3486194394227482,177.82794100389228
2015,WR,A,P0,oldenv_tm_pass_att_pg,-0.043841302714634434,177.82794100389228
2015,WR,A,P0,oldenv_tm_tgt_pg,-0.05196612934358842,177.82794100389228
2015,WR,A,P0,oldenv_tm_ay_pg,-0.11835428427190205,177.82794100389228
2015,WR,A,P0,oldenv_tm_car_pg,0.018401042555086466,177.82794100389228
2015,WR,A,P0,oldenv_tm_plays_pg,-0.03312320542632685,177.82794100389228
2015,WR,A,P0,oldenv_tm_pass_rate,-0.01434061986230791,177.82794100389228
2015,WR,A,P0,oldenv_tm_td_pg,0.28007525948662626,177.82794100389228
2015,WR,A,P0,oldenv_tm_pass_yds_pg,0.33347344767571563,177.82794100389228
2015,WR,A,P0,expr,-0.13957287602962878,177.82794100389228
2015,WR,A,P0,log_draft_pick,0.020239985122645715,177.82794100389228
2015,WR,A,P0,age_s0,-0.20726776602610425,177.82794100389228
2015,WR,A,P0,age_s1,-0.12344058265243549,177.82794100389228
2015,WR,A,P0,age_s2,-0.10091215640945485,177.82794100389228
2015,WR,A,P0,age_s3,-0.08028313650418127,177.82794100389228
2015,WR,A,P1,h_targets_pg,0.26400992040474547,316.22776601683796
2015,WR,A,P1,h_carries_pg,0.03875247383520266,316.22776601683796
2015,WR,A,P1,h_touches_pg,0.2697042259297717,316.22776601683796
2015,WR,A,P1,h_air_yards_pg,0.1095924330037508,316.22776601683796
2015,WR,A,P1,h_target_share_full,0.2934583019312883,316.22776601683796
2015,WR,A,P1,h_air_yards_share_full,0.22054849339804125,316.22776601683796
2015,WR,A,P1,h_carry_share_full,0.05138334932498242,316.22776601683796
2015,WR,A,P1,h_wopr_full,0.274457959774698,316.22776601683796
2015,WR,A,P1,h_u_rec,0.24419701527969426,316.22776601683796
2015,WR,A,P1,h_u_rush,0.05250014447448754,316.22776601683796
2015,WR,A,P1,h_u_tot,0.2496105667066027,316.22776601683796
2015,WR,A,P1,G_last,0.07267881491519737,316.22776601683796
2015,WR,A,P1,G_wtd,-0.04980387891610635,316.22776601683796
2015,WR,A,P1,avail_wtd,-0.006453685198120202,316.22776601683796
2015,WR,A,P1,h_adot,-0.07546365670691679,316.22776601683796
2015,WR,A,P1,h_ypr,0.0435330103835853,316.22776601683796
2015,WR,A,P1,h_catch_rate,0.003456261677686154,316.22776601683796
2015,WR,A,P1,h_racr_w,0.23012363427309945,316.22776601683796
2015,WR,A,P1,oldenv_tm_pass_att_pg,-0.03756366297520311,316.22776601683796
2015,WR,A,P1,oldenv_tm_tgt_pg,-0.04068465828478583,316.22776601683796
2015,WR,A,P1,oldenv_tm_ay_pg,-0.07479136064130665,316.22776601683796
2015,WR,A,P1,oldenv_tm_car_pg,0.022831552223039082,316.22776601683796
2015,WR,A,P1,oldenv_tm_plays_pg,-0.02127069418776101,316.22776601683796
2015,WR,A,P1,oldenv_tm_pass_rate,-0.02220531128466814,316.22776601683796
2015,WR,A,P1,oldenv_tm_td_pg,0.19725117476680515,316.22776601683796
2015,WR,A,P1,oldenv_tm_pass_yds_pg,0.2277088885471362,316.22776601683796
2015,WR,A,P1,expr,-0.12245591586478241,316.22776601683796
2015,WR,A,P1,log_draft_pick,-0.00691055191753186,316.22776601683796
2015,WR,A,P1,mu_hat,0.5462854165547667,316.22776601683796
2015,WR,A,P1,age_s0,-0.16736476405531595,316.22776601683796
2015,WR,A,P1,age_s1,-0.12458846030283846,316.22776601683796
2015,WR,A,P1,age_s2,-0.11207295884774017,316.22776601683796
2015,WR,A,P1,age_s3,-0.09934546795693977,316.22776601683796
2015,RB,A,P0,h_targets_pg,0.36401088697510386,100.0
2015,RB,A,P0,h_carries_pg,0.4483371603096892,100.0
2015,RB,A,P0,h_touches_pg,0.5082287619303525,100.0
2015,RB,A,P0,h_air_yards_pg,0.033718023022842325,100.0
2015,RB,A,P0,h_target_share_full,0.2815492965836004,100.0
2015,RB,A,P0,h_air_yards_share_full,0.3289954962543599,100.0
2015,RB,A,P0,h_carry_share_full,0.13722108338851738,100.0
2015,RB,A,P0,h_wopr_full,0.3079326597216389,100.0
2015,RB,A,P0,h_u_rec,0.31034109239694757,100.0
2015,RB,A,P0,h_u_rush,0.17394556753250826,100.0
2015,RB,A,P0,h_u_tot,0.2408405675630638,100.0
2015,RB,A,P0,G_last,0.23435297542890335,100.0
2015,RB,A,P0,G_wtd,-0.23246335239007085,100.0
2015,RB,A,P0,avail_wtd,-0.19459239214677293,100.0
2015,RB,A,P0,h_adot,-0.295537518956004,100.0
2015,RB,A,P0,h_ypr,0.14361756841288134,100.0
2015,RB,A,P0,h_catch_rate,0.18838072173955264,100.0
2015,RB,A,P0,h_racr_w,-0.21733606664623098,100.0
2015,RB,A,P0,oldenv_tm_pass_att_pg,-0.020498569182044967,100.0
2015,RB,A,P0,oldenv_tm_tgt_pg,0.08488531331268812,100.0
2015,RB,A,P0,oldenv_tm_ay_pg,-0.13276238862562406,100.0
2015,RB,A,P0,oldenv_tm_car_pg,-0.02696041146162497,100.0
2015,RB,A,P0,oldenv_tm_plays_pg,-0.049222096912027925,100.0
2015,RB,A,P0,oldenv_tm_pass_rate,-0.05138492785292648,100.0
2015,RB,A,P0,oldenv_tm_td_pg,0.34546789620408863,100.0
2015,RB,A,P0,oldenv_tm_pass_yds_pg,0.1428198090106645,100.0
2015,RB,A,P0,expr,-0.43238393693501986,100.0
2015,RB,A,P0,log_draft_pick,-0.6585703562394013,100.0
2015,RB,A,P0,age_s0,-0.4935344858906292,100.0
2015,RB,A,P0,age_s1,-0.1722570241720252,100.0
2015,RB,A,P0,age_s2,-0.09605563312050369,100.0
2015,RB,A,P0,age_s3,-0.0024366119558619287,100.0
2015,RB,A,P1,h_targets_pg,0.059892570780017404,56.23413251903491
2015,RB,A,P1,h_carries_pg,0.2521077897328063,56.23413251903491
2015,RB,A,P1,h_touches_pg,0.24248569033481637,56.23413251903491
2015,RB,A,P1,h_air_yards_pg,-0.04069355625559595,56.23413251903491
2015,RB,A,P1,h_target_share_full,0.15326595608426025,56.23413251903491
2015,RB,A,P1,h_air_yards_share_full,0.44264404117428646,56.23413251903491
2015,RB,A,P1,h_carry_share_full,0.012102551410221922,56.23413251903491
2015,RB,A,P1,h_wopr_full,0.20449064465965122,56.23413251903491
2015,RB,A,P1,h_u_rec,0.17293176648234238,56.23413251903491
2015,RB,A,P1,h_u_rush,0.025500567611727042,56.23413251903491
2015,RB,A,P1,h_u_tot,0.07188111500052667,56.23413251903491
2015,RB,A,P1,G_last,0.42039752073925307,56.23413251903491
2015,RB,A,P1,G_wtd,-0.21895636520277315,56.23413251903491
2015,RB,A,P1,avail_wtd,-0.12974798115122113,56.23413251903491
2015,RB,A,P1,h_adot,-0.3123833614179365,56.23413251903491
2015,RB,A,P1,h_ypr,-0.0010850402964522495,56.23413251903491
2015,RB,A,P1,h_catch_rate,0.22745165620845106,56.23413251903491
2015,RB,A,P1,h_racr_w,-0.20096533138955838,56.23413251903491
2015,RB,A,P1,oldenv_tm_pass_att_pg,-0.023859321688982138,56.23413251903491
2015,RB,A,P1,oldenv_tm_tgt_pg,0.17196655069917105,56.23413251903491
2015,RB,A,P1,oldenv_tm_ay_pg,-0.06850036650526325,56.23413251903491
2015,RB,A,P1,oldenv_tm_car_pg,-0.04011195749924523,56.23413251903491
2015,RB,A,P1,oldenv_tm_plays_pg,-0.06549449520258367,56.23413251903491
2015,RB,A,P1,oldenv_tm_pass_rate,-0.09210210366802399,56.23413251903491
2015,RB,A,P1,oldenv_tm_td_pg,0.2076294683131447,56.23413251903491
2015,RB,A,P1,oldenv_tm_pass_yds_pg,0.1055984134450463,56.23413251903491
2015,RB,A,P1,expr,-0.5515992241503461,56.23413251903491
2015,RB,A,P1,log_draft_pick,-0.7297730194897212,56.23413251903491
2015,RB,A,P1,mu_hat,1.3950626321079598,56.23413251903491
2015,RB,A,P1,age_s0,-0.5522129672485756,56.23413251903491
2015,RB,A,P1,age_s1,-0.1418786500068389,56.23413251903491
2015,RB,A,P1,age_s2,-0.04128677480824382,56.23413251903491
2015,RB,A,P1,age_s3,0.08354118084861395,56.23413251903491
2016,WR,A,P0,h_targets_pg,0.44266061347432684,177.82794100389228
2016,WR,A,P0,h_carries_pg,-0.023055485685270487,177.82794100389228
2016,WR,A,P0,h_touches_pg,0.43450825707691826,177.82794100389228
2016,WR,A,P0,h_air_yards_pg,0.21727776546264646,177.82794100389228
2016,WR,A,P0,h_target_share_full,0.3552026757451515,177.82794100389228
2016,WR,A,P0,h_air_yards_share_full,0.2429087859067856,177.82794100389228
2016,WR,A,P0,h_carry_share_full,0.07021909236838056,177.82794100389228
2016,WR,A,P0,h_wopr_full,0.32253376442087967,177.82794100389228
2016,WR,A,P0,h_u_rec,0.3285003014464592,177.82794100389228
2016,WR,A,P0,h_u_rush,0.07049964752889434,177.82794100389228
2016,WR,A,P0,h_u_tot,0.3352125996751081,177.82794100389228
2016,WR,A,P0,G_last,0.09608972749829159,177.82794100389228
2016,WR,A,P0,G_wtd,-0.13677532903956371,177.82794100389228
2016,WR,A,P0,avail_wtd,-0.021707855594434805,177.82794100389228
2016,WR,A,P0,h_adot,-0.017980062159310455,177.82794100389228
2016,WR,A,P0,h_ypr,0.002613561130773236,177.82794100389228
2016,WR,A,P0,h_catch_rate,0.07908685020339565,177.82794100389228
2016,WR,A,P0,h_racr_w,0.3547209756119953,177.82794100389228
2016,WR,A,P0,oldenv_tm_pass_att_pg,-0.06602384521202774,177.82794100389228
2016,WR,A,P0,oldenv_tm_tgt_pg,-0.029748225467655393,177.82794100389228
2016,WR,A,P0,oldenv_tm_ay_pg,-0.006625937183828405,177.82794100389228
2016,WR,A,P0,oldenv_tm_car_pg,0.06439430364912363,177.82794100389228
2016,WR,A,P0,oldenv_tm_plays_pg,-0.011800200672255906,177.82794100389228
2016,WR,A,P0,oldenv_tm_pass_rate,-0.046156254013272856,177.82794100389228
2016,WR,A,P0,oldenv_tm_td_pg,0.23185111458938468,177.82794100389228
2016,WR,A,P0,oldenv_tm_pass_yds_pg,0.28979719862928094,177.82794100389228
2016,WR,A,P0,expr,-0.2176729124384349,177.82794100389228
2016,WR,A,P0,log_draft_pick,0.1142127919186636,177.82794100389228
2016,WR,A,P0,age_s0,-0.3394152633346666,177.82794100389228
2016,WR,A,P0,age_s1,-0.1343656517823282,177.82794100389228
2016,WR,A,P0,age_s2,-0.09459490590418525,177.82794100389228
2016,WR,A,P0,age_s3,-0.06061289025679993,177.82794100389228
2016,WR,A,P1,h_targets_pg,0.3049095944032544,177.82794100389228
2016,WR,A,P1,h_carries_pg,-0.036070189040335515,177.82794100389228
2016,WR,A,P1,h_touches_pg,0.295702068477923,177.82794100389228
2016,WR,A,P1,h_air_yards_pg,0.1257435138116423,177.82794100389228
2016,WR,A,P1,h_target_share_full,0.2907864238316066,177.82794100389228
2016,WR,A,P1,h_air_yards_share_full,0.2020874236440616,177.82794100389228
2016,WR,A,P1,h_carry_share_full,0.05237566235533019,177.82794100389228
2016,WR,A,P1,h_wopr_full,0.2654137901290443,177.82794100389228
2016,WR,A,P1,h_u_rec,0.24560413486245003,177.82794100389228
2016,WR,A,P1,h_u_rush,0.056247706293012664,177.82794100389228
2016,WR,A,P1,h_u_tot,0.2511259871972007,177.82794100389228
2016,WR,A,P1,G_last,0.1587730460260964,177.82794100389228
2016,WR,A,P1,G_wtd,-0.10043713854582165,177.82794100389228
2016,WR,A,P1,avail_wtd,0.02442815936110774,177.82794100389228
2016,WR,A,P1,h_adot,-0.003940880023089377,177.82794100389228
2016,WR,A,P1,h_ypr,-0.054902002784562275,177.82794100389228
2016,WR,A,P1,h_catch_rate,0.10454566356814851,177.82794100389228
2016,WR,A,P1,h_racr_w,0.25666189316224447,177.82794100389228
2016,WR,A,P1,oldenv_tm_pass_att_pg,-0.07310705323363731,177.82794100389228
2016,WR,A,P1,oldenv_tm_tgt_pg,-0.032205762267265674,177.82794100389228
2016,WR,A,P1,oldenv_tm_ay_pg,0.00909200617752793,177.82794100389228
2016,WR,A,P1,oldenv_tm_car_pg,0.07050169143057644,177.82794100389228
2016,WR,A,P1,oldenv_tm_plays_pg,-0.013859511310217421,177.82794100389228
2016,WR,A,P1,oldenv_tm_pass_rate,-0.05177541317207951,177.82794100389228
2016,WR,A,P1,oldenv_tm_td_pg,0.14474751502268818,177.82794100389228
2016,WR,A,P1,oldenv_tm_pass_yds_pg,0.2348127555019916,177.82794100389228
2016,WR,A,P1,expr,-0.23137856641211293,177.82794100389228
2016,WR,A,P1,log_draft_pick,0.10273326264458624,177.82794100389228
2016,WR,A,P1,mu_hat,0.7411710022484105,177.82794100389228
2016,WR,A,P1,age_s0,-0.3474608589262724,177.82794100389228
2016,WR,A,P1,age_s1,-0.1412374582954933,177.82794100389228
2016,WR,A,P1,age_s2,-0.10187295161639912,177.82794100389228
2016,WR,A,P1,age_s3,-0.06739227081269837,177.82794100389228
2016,RB,A,P0,h_targets_pg,0.5095519990657618,56.23413251903491
2016,RB,A,P0,h_carries_pg,0.5241841589557945,56.23413251903491
2016,RB,A,P0,h_touches_pg,0.6138316988115238,56.23413251903491
2016,RB,A,P0,h_air_yards_pg,0.10470508641092895,56.23413251903491
2016,RB,A,P0,h_target_share_full,0.22645285637507387,56.23413251903491
2016,RB,A,P0,h_air_yards_share_full,0.5673585515158085,56.23413251903491
2016,RB,A,P0,h_carry_share_full,0.11865920801637556,56.23413251903491
2016,RB,A,P0,h_wopr_full,0.2881651189053885,56.23413251903491
2016,RB,A,P0,h_u_rec,0.20668905975682955,56.23413251903491
2016,RB,A,P0,h_u_rush,0.07993494542030086,56.23413251903491
2016,RB,A,P0,h_u_tot,0.1279707467277533,56.23413251903491
2016,RB,A,P0,G_last,0.40034026074964174,56.23413251903491
2016,RB,A,P0,G_wtd,-0.26843563189484015,56.23413251903491
2016,RB,A,P0,avail_wtd,-0.30269622368113364,56.23413251903491
2016,RB,A,P0,h_adot,-0.6495938420386647,56.23413251903491
2016,RB,A,P0,h_ypr,0.1895312087582858,56.23413251903491
2016,RB,A,P0,h_catch_rate,0.23202907298298997,56.23413251903491
2016,RB,A,P0,h_racr_w,-0.09799809349327039,56.23413251903491
2016,RB,A,P0,oldenv_tm_pass_att_pg,0.04539882354150333,56.23413251903491
2016,RB,A,P0,oldenv_tm_tgt_pg,0.039850756681884515,56.23413251903491
2016,RB,A,P0,oldenv_tm_ay_pg,-0.1328930591162502,56.23413251903491
2016,RB,A,P0,oldenv_tm_car_pg,-0.009364520158116152,56.23413251903491
2016,RB,A,P0,oldenv_tm_plays_pg,0.042486456750863724,56.23413251903491
2016,RB,A,P0,oldenv_tm_pass_rate,-0.04430509512518388,56.23413251903491
2016,RB,A,P0,oldenv_tm_td_pg,0.4552858408659606,56.23413251903491
2016,RB,A,P0,oldenv_tm_pass_yds_pg,-0.1113914578687802,56.23413251903491
2016,RB,A,P0,expr,-0.3735472467004624,56.23413251903491
2016,RB,A,P0,log_draft_pick,-0.7042371061474145,56.23413251903491
2016,RB,A,P0,age_s0,-0.47335294633297387,56.23413251903491
2016,RB,A,P0,age_s1,-0.13769102617632148,56.23413251903491
2016,RB,A,P0,age_s2,-0.06946055736773957,56.23413251903491
2016,RB,A,P0,age_s3,-0.002417000796015992,56.23413251903491
2016,RB,A,P1,h_targets_pg,0.0903891244433399,17.78279410038923
2016,RB,A,P1,h_carries_pg,0.17621822639726437,17.78279410038923
2016,RB,A,P1,h_touches_pg,0.18235169511296895,17.78279410038923
2016,RB,A,P1,h_air_yards_pg,0.004914153950585351,17.78279410038923
2016,RB,A,P1,h_target_share_full,0.010983965815752785,17.78279410038923
2016,RB,A,P1,h_air_yards_share_full,0.895562992307744,17.78279410038923
2016,RB,A,P1,h_carry_share_full,0.11348388379789086,17.78279410038923
2016,RB,A,P1,h_wopr_full,0.13104000806533325,17.78279410038923
2016,RB,A,P1,h_u_rec,-0.1539966123542261,17.78279410038923
2016,RB,A,P1,h_u_rush,-0.2396729594934178,17.78279410038923
2016,RB,A,P1,h_u_tot,-0.25114159383926304,17.78279410038923
2016,RB,A,P1,G_last,0.7516948390482483,17.78279410038923
2016,RB,A,P1,G_wtd,-0.22854288970013456,17.78279410038923
2016,RB,A,P1,avail_wtd,-0.2331600576184243,17.78279410038923
2016,RB,A,P1,h_adot,-0.8372018099845321,17.78279410038923
2016,RB,A,P1,h_ypr,-0.0439432422150729,17.78279410038923
2016,RB,A,P1,h_catch_rate,0.2849486457734671,17.78279410038923
2016,RB,A,P1,h_racr_w,-0.03896402882574106,17.78279410038923
2016,RB,A,P1,oldenv_tm_pass_att_pg,0.09335260377372792,17.78279410038923
2016,RB,A,P1,oldenv_tm_tgt_pg,0.10634345194720421,17.78279410038923
2016,RB,A,P1,oldenv_tm_ay_pg,0.040761864983834724,17.78279410038923
2016,RB,A,P1,oldenv_tm_car_pg,-0.06253553766289499,17.78279410038923
2016,RB,A,P1,oldenv_tm_plays_pg,0.04606227635242849,17.78279410038923
2016,RB,A,P1,oldenv_tm_pass_rate,-0.14652664812862035,17.78279410038923
2016,RB,A,P1,oldenv_tm_td_pg,0.22103650928207091,17.78279410038923
2016,RB,A,P1,oldenv_tm_pass_yds_pg,-0.2388070951314365,17.78279410038923
2016,RB,A,P1,expr,-0.5602238017410501,17.78279410038923
2016,RB,A,P1,log_draft_pick,-0.8329927072458018,17.78279410038923
2016,RB,A,P1,mu_hat,2.2426059265260885,17.78279410038923
2016,RB,A,P1,age_s0,-0.5250361526386492,17.78279410038923
2016,RB,A,P1,age_s1,-0.052052485993784564,17.78279410038923
2016,RB,A,P1,age_s2,0.03051371529276664,17.78279410038923
2016,RB,A,P1,age_s3,0.08690235408816875,17.78279410038923
2017,WR,A,P0,h_targets_pg,0.43024623358293757,177.82794100389228
2017,WR,A,P0,h_carries_pg,0.034300768539158435,177.82794100389228
2017,WR,A,P0,h_touches_pg,0.4333504172773966,177.82794100389228
2017,WR,A,P0,h_air_yards_pg,0.2039923667037753,177.82794100389228
2017,WR,A,P0,h_target_share_full,0.3913709713837109,177.82794100389228
2017,WR,A,P0,h_air_yards_share_full,0.24481920626974887,177.82794100389228
2017,WR,A,P0,h_carry_share_full,0.01824486794319955,177.82794100389228
2017,WR,A,P0,h_wopr_full,0.34512005728059003,177.82794100389228
2017,WR,A,P0,h_u_rec,0.34129931977418576,177.82794100389228
2017,WR,A,P0,h_u_rush,0.01964187388214325,177.82794100389228
2017,WR,A,P0,h_u_tot,0.34121007455121677,177.82794100389228
2017,WR,A,P0,G_last,0.0737285667978019,177.82794100389228
2017,WR,A,P0,G_wtd,-0.19071692950837266,177.82794100389228
2017,WR,A,P0,avail_wtd,-0.06732212637414342,177.82794100389228
2017,WR,A,P0,h_adot,-0.1218931907389939,177.82794100389228
2017,WR,A,P0,h_ypr,0.16231976578372334,177.82794100389228
2017,WR,A,P0,h_catch_rate,0.06182227997510608,177.82794100389228
2017,WR,A,P0,h_racr_w,0.35143001361086895,177.82794100389228
2017,WR,A,P0,oldenv_tm_pass_att_pg,-0.052595979086811254,177.82794100389228
2017,WR,A,P0,oldenv_tm_tgt_pg,-0.0001926032575014929,177.82794100389228
2017,WR,A,P0,oldenv_tm_ay_pg,-0.036455361089255206,177.82794100389228
2017,WR,A,P0,oldenv_tm_car_pg,0.023830569750695516,177.82794100389228
2017,WR,A,P0,oldenv_tm_plays_pg,-0.03706853564677115,177.82794100389228
2017,WR,A,P0,oldenv_tm_pass_rate,-0.022992280799946717,177.82794100389228
2017,WR,A,P0,oldenv_tm_td_pg,0.2411459504455178,177.82794100389228
2017,WR,A,P0,oldenv_tm_pass_yds_pg,0.29254283786862184,177.82794100389228
2017,WR,A,P0,expr,-0.18331333712654244,177.82794100389228
2017,WR,A,P0,log_draft_pick,0.057132832304520056,177.82794100389228
2017,WR,A,P0,age_s0,-0.26317531117331977,177.82794100389228
2017,WR,A,P0,age_s1,-0.12471428568149698,177.82794100389228
2017,WR,A,P0,age_s2,-0.10271992509770336,177.82794100389228
2017,WR,A,P0,age_s3,-0.09338151539159861,177.82794100389228
2017,WR,A,P1,h_targets_pg,0.3125258523291608,177.82794100389228
2017,WR,A,P1,h_carries_pg,0.031232833035021404,177.82794100389228
2017,WR,A,P1,h_touches_pg,0.3159436794937554,177.82794100389228
2017,WR,A,P1,h_air_yards_pg,0.12003766578128108,177.82794100389228
2017,WR,A,P1,h_target_share_full,0.3435854701978678,177.82794100389228
2017,WR,A,P1,h_air_yards_share_full,0.21088451840426867,177.82794100389228
2017,WR,A,P1,h_carry_share_full,0.006437715005868769,177.82794100389228
2017,WR,A,P1,h_wopr_full,0.30127495312366953,177.82794100389228
2017,WR,A,P1,h_u_rec,0.2761207988590482,177.82794100389228
2017,WR,A,P1,h_u_rush,0.008950018548866496,177.82794100389228
2017,WR,A,P1,h_u_tot,0.2750261141828349,177.82794100389228
2017,WR,A,P1,G_last,0.11705337687480981,177.82794100389228
2017,WR,A,P1,G_wtd,-0.16676679294776012,177.82794100389228
2017,WR,A,P1,avail_wtd,-0.0376316680654841,177.82794100389228
2017,WR,A,P1,h_adot,-0.12151422220131389,177.82794100389228
2017,WR,A,P1,h_ypr,0.1302405018663327,177.82794100389228
2017,WR,A,P1,h_catch_rate,0.08194383834491198,177.82794100389228
2017,WR,A,P1,h_racr_w,0.26295518325648415,177.82794100389228
2017,WR,A,P1,oldenv_tm_pass_att_pg,-0.058036950108767686,177.82794100389228
2017,WR,A,P1,oldenv_tm_tgt_pg,-0.003174988871261231,177.82794100389228
2017,WR,A,P1,oldenv_tm_ay_pg,-0.01988282147646531,177.82794100389228
2017,WR,A,P1,oldenv_tm_car_pg,0.029490681282947007,177.82794100389228
2017,WR,A,P1,oldenv_tm_plays_pg,-0.037663946517183265,177.82794100389228
2017,WR,A,P1,oldenv_tm_pass_rate,-0.028157828810174198,177.82794100389228
2017,WR,A,P1,oldenv_tm_td_pg,0.16875029050059195,177.82794100389228
2017,WR,A,P1,oldenv_tm_pass_yds_pg,0.25071042964870793,177.82794100389228
2017,WR,A,P1,expr,-0.19684819557649658,177.82794100389228
2017,WR,A,P1,log_draft_pick,0.04572265739840858,177.82794100389228
2017,WR,A,P1,mu_hat,0.6176886288419647,177.82794100389228
2017,WR,A,P1,age_s0,-0.2692877620074749,177.82794100389228
2017,WR,A,P1,age_s1,-0.1306092143847988,177.82794100389228
2017,WR,A,P1,age_s2,-0.10854824663989641,177.82794100389228
2017,WR,A,P1,age_s3,-0.09753690171344997,177.82794100389228
2017,RB,A,P0,h_targets_pg,0.24184814186527867,100.0
2017,RB,A,P0,h_carries_pg,0.4830890064768743,100.0
2017,RB,A,P0,h_touches_pg,0.49888764276658915,100.0
2017,RB,A,P0,h_air_yards_pg,0.052633148044346365,100.0
2017,RB,A,P0,h_target_share_full,0.2898393302161685,100.0
2017,RB,A,P0,h_air_yards_share_full,0.4184638430356355,100.0
2017,RB,A,P0,h_carry_share_full,0.08014908332671411,100.0
2017,RB,A,P0,h_wopr_full,0.3281724995896442,100.0
2017,RB,A,P0,h_u_rec,0.2636259174185443,100.0
2017,RB,A,P0,h_u_rush,0.13870473014523876,100.0
2017,RB,A,P0,h_u_tot,0.196513385759773,100.0
2017,RB,A,P0,G_last,0.052019952853446995,100.0
2017,RB,A,P0,G_wtd,-0.1982519459087554,100.0
2017,RB,A,P0,avail_wtd,-0.1933487523565717,100.0
2017,RB,A,P0,h_adot,-0.43941376226470963,100.0
2017,RB,A,P0,h_ypr,0.21818848873040697,100.0
2017,RB,A,P0,h_catch_rate,0.23724952208387282,100.0
2017,RB,A,P0,h_racr_w,-0.09843642153216782,100.0
2017,RB,A,P0,oldenv_tm_pass_att_pg,0.023535963112002865,100.0
2017,RB,A,P0,oldenv_tm_tgt_pg,0.09231494016134241,100.0
2017,RB,A,P0,oldenv_tm_ay_pg,-0.03512445091143231,100.0
2017,RB,A,P0,oldenv_tm_car_pg,-0.011392573840159079,100.0
2017,RB,A,P0,oldenv_tm_plays_pg,0.016393997989237668,100.0
2017,RB,A,P0,oldenv_tm_pass_rate,-0.03762821226317737,100.0
2017,RB,A,P0,oldenv_tm_td_pg,0.24415087409844144,100.0
2017,RB,A,P0,oldenv_tm_pass_yds_pg,0.13863490475564402,100.0
2017,RB,A,P0,expr,-0.3461031075692126,100.0
2017,RB,A,P0,log_draft_pick,-0.6153417108899932,100.0
2017,RB,A,P0,age_s0,-0.40435037755790926,100.0
2017,RB,A,P0,age_s1,-0.15601298651506315,100.0
2017,RB,A,P0,age_s2,-0.0859499311427928,100.0
2017,RB,A,P0,age_s3,0.003552801273040194,100.0
2017,RB,A,P1,h_targets_pg,-0.3053644032499344,31.622776601683793
2017,RB,A,P1,h_carries_pg,0.3306165807247078,31.622776601683793
2017,RB,A,P1,h_touches_pg,0.19928878569485017,31.622776601683793
2017,RB,A,P1,h_air_yards_pg,-0.06105217143771622,31.622776601683793
2017,RB,A,P1,h_target_share_full,0.1783312876800262,31.622776601683793
2017,RB,A,P1,h_air_yards_share_full,0.7113104726452513,31.622776601683793
2017,RB,A,P1,h_carry_share_full,-0.12947158129260086,31.622776601683793
2017,RB,A,P1,h_wopr_full,0.26537905608191714,31.622776601683793
2017,RB,A,P1,h_u_rec,0.08350596197461571,31.622776601683793
2017,RB,A,P1,h_u_rush,-0.08540462498830996,31.622776601683793
2017,RB,A,P1,h_u_tot,-0.04963805988091844,31.622776601683793
2017,RB,A,P1,G_last,0.28509036557957,31.622776601683793
2017,RB,A,P1,G_wtd,-0.17733318376261453,31.622776601683793
2017,RB,A,P1,avail_wtd,-0.12628017437169553,31.622776601683793
2017,RB,A,P1,h_adot,-0.5955441916696541,31.622776601683793
2017,RB,A,P1,h_ypr,0.06468010009721928,31.622776601683793
2017,RB,A,P1,h_catch_rate,0.2943689742365007,31.622776601683793
2017,RB,A,P1,h_racr_w,-0.07255147242095927,31.622776601683793
2017,RB,A,P1,oldenv_tm_pass_att_pg,0.023782803436112915,31.622776601683793
2017,RB,A,P1,oldenv_tm_tgt_pg,0.23836650277906404,31.622776601683793
2017,RB,A,P1,oldenv_tm_ay_pg,0.08401033323424675,31.622776601683793
2017,RB,A,P1,oldenv_tm_car_pg,-0.05090133198928961,31.622776601683793
2017,RB,A,P1,oldenv_tm_plays_pg,-0.02052316949622989,31.622776601683793
2017,RB,A,P1,oldenv_tm_pass_rate,-0.13964886125176698,31.622776601683793
2017,RB,A,P1,oldenv_tm_td_pg,0.04996924826352056,31.622776601683793
2017,RB,A,P1,oldenv_tm_pass_yds_pg,0.10849351263938817,31.622776601683793
2017,RB,A,P1,expr,-0.5471059328965295,31.622776601683793
2017,RB,A,P1,log_draft_pick,-0.7412002215657076,31.622776601683793
2017,RB,A,P1,mu_hat,1.7668920709771823,31.622776601683793
2017,RB,A,P1,age_s0,-0.44064544080684537,31.622776601683793
2017,RB,A,P1,age_s1,-0.134094786927606,31.622776601683793
2017,RB,A,P1,age_s2,-0.013884733661632058,31.622776601683793
2017,RB,A,P1,age_s3,0.1343054119105729,31.622776601683793
2018,WR,A,P0,h_targets_pg,0.426549882081599,177.82794100389228
2018,WR,A,P0,h_carries_pg,0.04031672995331529,177.82794100389228
2018,WR,A,P0,h_touches_pg,0.4326855636406838,177.82794100389228
2018,WR,A,P0,h_air_yards_pg,0.127406632031645,177.82794100389228
2018,WR,A,P0,h_target_share_full,0.3898755216087041,177.82794100389228
2018,WR,A,P0,h_air_yards_share_full,0.2257934909337834,177.82794100389228
2018,WR,A,P0,h_carry_share_full,0.05667721279952323,177.82794100389228
2018,WR,A,P0,h_wopr_full,0.3360217760641781,177.82794100389228
2018,WR,A,P0,h_u_rec,0.322277389707903,177.82794100389228
2018,WR,A,P0,h_u_rush,0.04610456039538951,177.82794100389228
2018,WR,A,P0,h_u_tot,0.3274192451488696,177.82794100389228
2018,WR,A,P0,G_last,0.09029825521031065,177.82794100389228
2018,WR,A,P0,G_wtd,-0.1162834074400541,177.82794100389228
2018,WR,A,P0,avail_wtd,-0.05522315232264467,177.82794100389228
2018,WR,A,P0,h_adot,-0.10762934308154688,177.82794100389228
2018,WR,A,P0,h_ypr,0.13296630476039847,177.82794100389228
2018,WR,A,P0,h_catch_rate,0.09128652390933255,177.82794100389228
2018,WR,A,P0,h_racr_w,0.349513382423659,177.82794100389228
2018,WR,A,P0,oldenv_tm_pass_att_pg,-0.01216520221144516,177.82794100389228
2018,WR,A,P0,oldenv_tm_tgt_pg,-0.046698784047770475,177.82794100389228
2018,WR,A,P0,oldenv_tm_ay_pg,-0.1050042111129024,177.82794100389228
2018,WR,A,P0,oldenv_tm_car_pg,0.03390290242819272,177.82794100389228
2018,WR,A,P0,oldenv_tm_plays_pg,0.01922757288670248,177.82794100389228
2018,WR,A,P0,oldenv_tm_pass_rate,-0.0006440936292758605,177.82794100389228
2018,WR,A,P0,oldenv_tm_td_pg,0.22221238817207473,177.82794100389228
2018,WR,A,P0,oldenv_tm_pass_yds_pg,0.27076127137323885,177.82794100389228
2018,WR,A,P0,expr,-0.14467156518374044,177.82794100389228
2018,WR,A,P0,log_draft_pick,0.06723565297898924,177.82794100389228
2018,WR,A,P0,age_s0,-0.24268327760560002,177.82794100389228
2018,WR,A,P0,age_s1,-0.11599157194805275,177.82794100389228
2018,WR,A,P0,age_s2,-0.10147282106132423,177.82794100389228
2018,WR,A,P0,age_s3,-0.09401771458019553,177.82794100389228
2018,WR,A,P1,h_targets_pg,0.2984611996854694,177.82794100389228
2018,WR,A,P1,h_carries_pg,0.04100777479353834,177.82794100389228
2018,WR,A,P1,h_touches_pg,0.3051564626667816,177.82794100389228
2018,WR,A,P1,h_air_yards_pg,0.04070416650276479,177.82794100389228
2018,WR,A,P1,h_target_share_full,0.33827644295223386,177.82794100389228
2018,WR,A,P1,h_air_yards_share_full,0.19226435068895417,177.82794100389228
2018,WR,A,P1,h_carry_share_full,0.04309851095165538,177.82794100389228
2018,WR,A,P1,h_wopr_full,0.2900037162999904,177.82794100389228
2018,WR,A,P1,h_u_rec,0.2541595307135688,177.82794100389228
2018,WR,A,P1,h_u_rush,0.03303701138848382,177.82794100389228
2018,WR,A,P1,h_u_tot,0.25771726081392415,177.82794100389228
2018,WR,A,P1,G_last,0.13180183434181267,177.82794100389228
2018,WR,A,P1,G_wtd,-0.08701145015557872,177.82794100389228
2018,WR,A,P1,avail_wtd,-0.020653909712387158,177.82794100389228
2018,WR,A,P1,h_adot,-0.1086086794170007,177.82794100389228
2018,WR,A,P1,h_ypr,0.09809209939000482,177.82794100389228
2018,WR,A,P1,h_catch_rate,0.11512514878182682,177.82794100389228
2018,WR,A,P1,h_racr_w,0.2603071373014477,177.82794100389228
2018,WR,A,P1,oldenv_tm_pass_att_pg,-0.01719748031835174,177.82794100389228
2018,WR,A,P1,oldenv_tm_tgt_pg,-0.050493012135526684,177.82794100389228
2018,WR,A,P1,oldenv_tm_ay_pg,-0.08632944921572998,177.82794100389228
2018,WR,A,P1,oldenv_tm_car_pg,0.03689498285667749,177.82794100389228
2018,WR,A,P1,oldenv_tm_plays_pg,0.016226954761942754,177.82794100389228
2018,WR,A,P1,oldenv_tm_pass_rate,-0.003823974461866715,177.82794100389228
2018,WR,A,P1,oldenv_tm_td_pg,0.1480435612123115,177.82794100389228
2018,WR,A,P1,oldenv_tm_pass_yds_pg,0.22183806289257268,177.82794100389228
2018,WR,A,P1,expr,-0.1528629892388786,177.82794100389228
2018,WR,A,P1,log_draft_pick,0.052848144327113954,177.82794100389228
2018,WR,A,P1,mu_hat,0.653922151792223,177.82794100389228
2018,WR,A,P1,age_s0,-0.25405815633338735,177.82794100389228
2018,WR,A,P1,age_s1,-0.1233345723220089,177.82794100389228
2018,WR,A,P1,age_s2,-0.1087292050682766,177.82794100389228
2018,WR,A,P1,age_s3,-0.09927531349837229,177.82794100389228
2018,RB,A,P0,h_targets_pg,0.3784738756079667,100.0
2018,RB,A,P0,h_carries_pg,0.48324126515472743,100.0
2018,RB,A,P0,h_touches_pg,0.5391244705479923,100.0
2018,RB,A,P0,h_air_yards_pg,-0.11520715789875961,100.0
2018,RB,A,P0,h_target_share_full,0.24286099661893792,100.0
2018,RB,A,P0,h_air_yards_share_full,0.24658329161656362,100.0
2018,RB,A,P0,h_carry_share_full,0.11309983448237504,100.0
2018,RB,A,P0,h_wopr_full,0.26133685900713594,100.0
2018,RB,A,P0,h_u_rec,0.30668517192416617,100.0
2018,RB,A,P0,h_u_rush,0.13849574436782458,100.0
2018,RB,A,P0,h_u_tot,0.20668569989597843,100.0
2018,RB,A,P0,G_last,0.24124921825580134,100.0
2018,RB,A,P0,G_wtd,-0.2141678347871376,100.0
2018,RB,A,P0,avail_wtd,-0.24797656800301926,100.0
2018,RB,A,P0,h_adot,-0.09720703793845023,100.0
2018,RB,A,P0,h_ypr,0.18841627029076533,100.0
2018,RB,A,P0,h_catch_rate,0.21868894858799637,100.0
2018,RB,A,P0,h_racr_w,-0.1255061232164343,100.0
2018,RB,A,P0,oldenv_tm_pass_att_pg,0.05067848574505018,100.0
2018,RB,A,P0,oldenv_tm_tgt_pg,0.06641234534784546,100.0
2018,RB,A,P0,oldenv_tm_ay_pg,-0.1337489348835455,100.0
2018,RB,A,P0,oldenv_tm_car_pg,-0.04266483588320502,100.0
2018,RB,A,P0,oldenv_tm_plays_pg,0.018753275007305732,100.0
2018,RB,A,P0,oldenv_tm_pass_rate,0.00010148659132547521,100.0
2018,RB,A,P0,oldenv_tm_td_pg,0.3465025193644646,100.0
2018,RB,A,P0,oldenv_tm_pass_yds_pg,0.0054926848761645865,100.0
2018,RB,A,P0,expr,-0.22607922861719207,100.0
2018,RB,A,P0,log_draft_pick,-0.566270858236662,100.0
2018,RB,A,P0,age_s0,-0.2229635964273842,100.0
2018,RB,A,P0,age_s1,-0.1969551270585588,100.0
2018,RB,A,P0,age_s2,-0.1540282952499457,100.0
2018,RB,A,P0,age_s3,-0.10611805956533893,100.0
2018,RB,A,P1,h_targets_pg,-0.1789458907665958,17.78279410038923
2018,RB,A,P1,h_carries_pg,0.31604846855701224,17.78279410038923
2018,RB,A,P1,h_touches_pg,0.2255436898920922,17.78279410038923
2018,RB,A,P1,h_air_yards_pg,-0.6659059662436974,17.78279410038923
2018,RB,A,P1,h_target_share_full,0.012418202696109559,17.78279410038923
2018,RB,A,P1,h_air_yards_share_full,0.7523741442417623,17.78279410038923
2018,RB,A,P1,h_carry_share_full,-0.10699224004274946,17.78279410038923
2018,RB,A,P1,h_wopr_full,0.11306200235604638,17.78279410038923
2018,RB,A,P1,h_u_rec,0.16443768860382352,17.78279410038923
2018,RB,A,P1,h_u_rush,-0.2553853438412539,17.78279410038923
2018,RB,A,P1,h_u_tot,-0.1747275803443055,17.78279410038923
2018,RB,A,P1,G_last,0.6885645021159746,17.78279410038923
2018,RB,A,P1,G_wtd,-0.196392041591011,17.78279410038923
2018,RB,A,P1,avail_wtd,-0.24253392681622812,17.78279410038923
2018,RB,A,P1,h_adot,-0.0062316199930936055,17.78279410038923
2018,RB,A,P1,h_ypr,-0.003486133869867363,17.78279410038923
2018,RB,A,P1,h_catch_rate,0.3001559257421221,17.78279410038923
2018,RB,A,P1,h_racr_w,-0.1151638203156235,17.78279410038923
2018,RB,A,P1,oldenv_tm_pass_att_pg,0.0925288290772902,17.78279410038923
2018,RB,A,P1,oldenv_tm_tgt_pg,0.2824791671140658,17.78279410038923
2018,RB,A,P1,oldenv_tm_ay_pg,-0.012766086849537964,17.78279410038923
2018,RB,A,P1,oldenv_tm_car_pg,-0.1333095254357203,17.78279410038923
2018,RB,A,P1,oldenv_tm_plays_pg,-0.01844891925757823,17.78279410038923
2018,RB,A,P1,oldenv_tm_pass_rate,-0.14308913169042892,17.78279410038923
2018,RB,A,P1,oldenv_tm_td_pg,0.16521637048192925,17.78279410038923
2018,RB,A,P1,oldenv_tm_pass_yds_pg,-0.1426007623375557,17.78279410038923
2018,RB,A,P1,expr,-0.5484968934942069,17.78279410038923
2018,RB,A,P1,log_draft_pick,-0.7416033080600232,17.78279410038923
2018,RB,A,P1,mu_hat,2.2358209119023202,17.78279410038923
2018,RB,A,P1,age_s0,-0.1229176498107634,17.78279410038923
2018,RB,A,P1,age_s1,-0.22215024213415,17.78279410038923
2018,RB,A,P1,age_s2,-0.08121158200412625,17.78279410038923
2018,RB,A,P1,age_s3,0.055277112822268534,17.78279410038923
2019,WR,A,P0,h_targets_pg,0.4369511896924246,177.82794100389228
2019,WR,A,P0,h_carries_pg,0.026466541916542668,177.82794100389228
2019,WR,A,P0,h_touches_pg,0.44043994105884166,177.82794100389228
2019,WR,A,P0,h_air_yards_pg,0.1642745970211345,177.82794100389228
2019,WR,A,P0,h_target_share_full,0.4013913655294574,177.82794100389228
2019,WR,A,P0,h_air_yards_share_full,0.27085936259445287,177.82794100389228
2019,WR,A,P0,h_carry_share_full,0.06178148005549846,177.82794100389228
2019,WR,A,P0,h_wopr_full,0.36230880627948375,177.82794100389228
2019,WR,A,P0,h_u_rec,0.30914882743425054,177.82794100389228
2019,WR,A,P0,h_u_rush,0.05370611739343615,177.82794100389228
2019,WR,A,P0,h_u_tot,0.31528403604986005,177.82794100389228
2019,WR,A,P0,G_last,0.08632011712746235,177.82794100389228
2019,WR,A,P0,G_wtd,-0.20516684452520378,177.82794100389228
2019,WR,A,P0,avail_wtd,-0.12077742926890295,177.82794100389228
2019,WR,A,P0,h_adot,-0.13826382285357894,177.82794100389228
2019,WR,A,P0,h_ypr,0.1055853225312117,177.82794100389228
2019,WR,A,P0,h_catch_rate,0.09516603091716701,177.82794100389228
2019,WR,A,P0,h_racr_w,0.35160556803921234,177.82794100389228
2019,WR,A,P0,oldenv_tm_pass_att_pg,-0.033761830355487445,177.82794100389228
2019,WR,A,P0,oldenv_tm_tgt_pg,-0.042328683307813995,177.82794100389228
2019,WR,A,P0,oldenv_tm_ay_pg,-0.08092054071810383,177.82794100389228
2019,WR,A,P0,oldenv_tm_car_pg,0.009050048048230829,177.82794100389228
2019,WR,A,P0,oldenv_tm_plays_pg,-0.030587295355529568,177.82794100389228
2019,WR,A,P0,oldenv_tm_pass_rate,-0.008847857647756755,177.82794100389228
2019,WR,A,P0,oldenv_tm_td_pg,0.1907723620790081,177.82794100389228
2019,WR,A,P0,oldenv_tm_pass_yds_pg,0.35711173613366476,177.82794100389228
2019,WR,A,P0,expr,-0.1550542686901021,177.82794100389228
2019,WR,A,P0,log_draft_pick,0.0640168911559536,177.82794100389228
2019,WR,A,P0,age_s0,-0.3070460992636343,177.82794100389228
2019,WR,A,P0,age_s1,-0.132888461606514,177.82794100389228
2019,WR,A,P0,age_s2,-0.10624507039301308,177.82794100389228
2019,WR,A,P0,age_s3,-0.08905367286551465,177.82794100389228
2019,WR,A,P1,h_targets_pg,0.3009624355229798,177.82794100389228
2019,WR,A,P1,h_carries_pg,0.02391018939285507,177.82794100389228
2019,WR,A,P1,h_touches_pg,0.3044285827378816,177.82794100389228
2019,WR,A,P1,h_air_yards_pg,0.07266848708414558,177.82794100389228
2019,WR,A,P1,h_target_share_full,0.3438568469422422,177.82794100389228
2019,WR,A,P1,h_air_yards_share_full,0.23213217976284045,177.82794100389228
2019,WR,A,P1,h_carry_share_full,0.046816860123556694,177.82794100389228
2019,WR,A,P1,h_wopr_full,0.3104174734151012,177.82794100389228
2019,WR,A,P1,h_u_rec,0.23488520109280933,177.82794100389228
2019,WR,A,P1,h_u_rush,0.03909213676054248,177.82794100389228
2019,WR,A,P1,h_u_tot,0.23929162472808133,177.82794100389228
2019,WR,A,P1,G_last,0.13517794036361871,177.82794100389228
2019,WR,A,P1,G_wtd,-0.17853288763193567,177.82794100389228
2019,WR,A,P1,avail_wtd,-0.08627526664203111,177.82794100389228
2019,WR,A,P1,h_adot,-0.143202592600683,177.82794100389228
2019,WR,A,P1,h_ypr,0.06710512808080497,177.82794100389228
2019,WR,A,P1,h_catch_rate,0.11949791226243135,177.82794100389228
2019,WR,A,P1,h_racr_w,0.24980805290165983,177.82794100389228
2019,WR,A,P1,oldenv_tm_pass_att_pg,-0.042923207426498806,177.82794100389228
2019,WR,A,P1,oldenv_tm_tgt_pg,-0.04667585196231087,177.82794100389228
2019,WR,A,P1,oldenv_tm_ay_pg,-0.059801644941891205,177.82794100389228
2019,WR,A,P1,oldenv_tm_car_pg,0.014035044876296065,177.82794100389228
2019,WR,A,P1,oldenv_tm_plays_pg,-0.036343995395484115,177.82794100389228
2019,WR,A,P1,oldenv_tm_pass_rate,-0.014400424890575112,177.82794100389228
2019,WR,A,P1,oldenv_tm_td_pg,0.1127901218045637,177.82794100389228
2019,WR,A,P1,oldenv_tm_pass_yds_pg,0.3074853207132756,177.82794100389228
2019,WR,A,P1,expr,-0.16880846572837035,177.82794100389228
2019,WR,A,P1,log_draft_pick,0.04504888557746238,177.82794100389228
2019,WR,A,P1,mu_hat,0.704395397449739,177.82794100389228
2019,WR,A,P1,age_s0,-0.3137317046915578,177.82794100389228
2019,WR,A,P1,age_s1,-0.14149947468979948,177.82794100389228
2019,WR,A,P1,age_s2,-0.11445050739048715,177.82794100389228
2019,WR,A,P1,age_s3,-0.09354472561731643,177.82794100389228
2019,RB,A,P0,h_targets_pg,0.33239589481396353,100.0
2019,RB,A,P0,h_carries_pg,0.44951350885194413,100.0
2019,RB,A,P0,h_touches_pg,0.4983196321839417,100.0
2019,RB,A,P0,h_air_yards_pg,0.05394415171296347,100.0
2019,RB,A,P0,h_target_share_full,0.2564742480278573,100.0
2019,RB,A,P0,h_air_yards_share_full,0.42093761726680784,100.0
2019,RB,A,P0,h_carry_share_full,0.09367870446339206,100.0
2019,RB,A,P0,h_wopr_full,0.2990424180314296,100.0
2019,RB,A,P0,h_u_rec,0.31683518039731745,100.0
2019,RB,A,P0,h_u_rush,0.12840056570831224,100.0
2019,RB,A,P0,h_u_tot,0.19963063086693464,100.0
2019,RB,A,P0,G_last,0.20986126226735927,100.0
2019,RB,A,P0,G_wtd,-0.20428684154065788,100.0
2019,RB,A,P0,avail_wtd,-0.22110845925021125,100.0
2019,RB,A,P0,h_adot,-0.32757309213502955,100.0
2019,RB,A,P0,h_ypr,0.11193641827073018,100.0
2019,RB,A,P0,h_catch_rate,0.23787188680036325,100.0
2019,RB,A,P0,h_racr_w,-0.23702993933079242,100.0
2019,RB,A,P0,oldenv_tm_pass_att_pg,0.023819143278507947,100.0
2019,RB,A,P0,oldenv_tm_tgt_pg,0.08206313487282173,100.0
2019,RB,A,P0,oldenv_tm_ay_pg,-0.029258394891141116,100.0
2019,RB,A,P0,oldenv_tm_car_pg,-0.002032136289903318,100.0
2019,RB,A,P0,oldenv_tm_plays_pg,0.025449695086766325,100.0
2019,RB,A,P0,oldenv_tm_pass_rate,-0.04948616808243896,100.0
2019,RB,A,P0,oldenv_tm_td_pg,0.31992790154873574,100.0
2019,RB,A,P0,oldenv_tm_pass_yds_pg,0.08492924685903928,100.0
2019,RB,A,P0,expr,-0.31740640192153613,100.0
2019,RB,A,P0,log_draft_pick,-0.6355824955184801,100.0
2019,RB,A,P0,age_s0,-0.4753222815525343,100.0
2019,RB,A,P0,age_s1,-0.1500351800130788,100.0
2019,RB,A,P0,age_s2,-0.07560117770710363,100.0
2019,RB,A,P0,age_s3,-0.0037661013923267184,100.0
2019,RB,A,P1,h_targets_pg,-0.2778248331908,17.78279410038923
2019,RB,A,P1,h_carries_pg,0.25840710520323185,17.78279410038923
2019,RB,A,P1,h_touches_pg,0.14869813012798475,17.78279410038923
2019,RB,A,P1,h_air_yards_pg,-0.21090821959783415,17.78279410038923
2019,RB,A,P1,h_target_share_full,0.03330689188398644,17.78279410038923
2019,RB,A,P1,h_air_yards_share_full,0.907575556775595,17.78279410038923
2019,RB,A,P1,h_carry_share_full,-0.08335400947797972,17.78279410038923
2019,RB,A,P1,h_wopr_full,0.15762011493971767,17.78279410038923
2019,RB,A,P1,h_u_rec,0.24613417677161353,17.78279410038923
2019,RB,A,P1,h_u_rush,-0.2306998403724744,17.78279410038923
2019,RB,A,P1,h_u_tot,-0.13400908315792165,17.78279410038923
2019,RB,A,P1,G_last,0.6139728023176217,17.78279410038923
2019,RB,A,P1,G_wtd,-0.2063548323680302,17.78279410038923
2019,RB,A,P1,avail_wtd,-0.19604773857378666,17.78279410038923
2019,RB,A,P1,h_adot,-0.503038968325787,17.78279410038923
2019,RB,A,P1,h_ypr,-0.09720895271983727,17.78279410038923
2019,RB,A,P1,h_catch_rate,0.31615544019747494,17.78279410038923
2019,RB,A,P1,h_racr_w,-0.24638095105646846,17.78279410038923
2019,RB,A,P1,oldenv_tm_pass_att_pg,0.04031826926908041,17.78279410038923
2019,RB,A,P1,oldenv_tm_tgt_pg,0.34203286709476455,17.78279410038923
2019,RB,A,P1,oldenv_tm_ay_pg,0.1354070075063804,17.78279410038923
2019,RB,A,P1,oldenv_tm_car_pg,-0.09435154950584844,17.78279410038923
2019,RB,A,P1,oldenv_tm_plays_pg,-0.043508228010793404,17.78279410038923
2019,RB,A,P1,oldenv_tm_pass_rate,-0.26902600332569765,17.78279410038923
2019,RB,A,P1,oldenv_tm_td_pg,0.1276566348446326,17.78279410038923
2019,RB,A,P1,oldenv_tm_pass_yds_pg,0.0082062633014481,17.78279410038923
2019,RB,A,P1,expr,-0.5638684333761679,17.78279410038923
2019,RB,A,P1,log_draft_pick,-0.8232777408760857,17.78279410038923
2019,RB,A,P1,mu_hat,2.1134930070950664,17.78279410038923
2019,RB,A,P1,age_s0,-0.6205069545460754,17.78279410038923
2019,RB,A,P1,age_s1,-0.08224577374177383,17.78279410038923
2019,RB,A,P1,age_s2,0.04457231173371919,17.78279410038923
2019,RB,A,P1,age_s3,0.13791926918438543,17.78279410038923
2020,WR,A,P0,h_targets_pg,0.45807820836074625,100.0
2020,WR,A,P0,h_carries_pg,0.01620149578016108,100.0
2020,WR,A,P0,h_touches_pg,0.45865196192542335,100.0
2020,WR,A,P0,h_air_yards_pg,0.061944670038967364,100.0
2020,WR,A,P0,h_target_share_full,0.4780967708239911,100.0
2020,WR,A,P0,h_air_yards_share_full,0.2727556624487754,100.0
2020,WR,A,P0,h_carry_share_full,0.010148478502632225,100.0
2020,WR,A,P0,h_wopr_full,0.410162175990612,100.0
2020,WR,A,P0,h_u_rec,0.3286768494615779,100.0
2020,WR,A,P0,h_u_rush,0.050239716996466836,100.0
2020,WR,A,P0,h_u_tot,0.33382511522769864,100.0
2020,WR,A,P0,G_last,0.1570951004878841,100.0
2020,WR,A,P0,G_wtd,-0.27703968757225966,100.0
2020,WR,A,P0,avail_wtd,-0.14505269632418707,100.0
2020,WR,A,P0,h_adot,-0.13768621383685306,100.0
2020,WR,A,P0,h_ypr,0.1200473081055817,100.0
2020,WR,A,P0,h_catch_rate,0.06032537359815148,100.0
2020,WR,A,P0,h_racr_w,0.3790896039144426,100.0
2020,WR,A,P0,oldenv_tm_pass_att_pg,-0.04176529227510158,100.0
2020,WR,A,P0,oldenv_tm_tgt_pg,0.04304406973958962,100.0
2020,WR,A,P0,oldenv_tm_ay_pg,-0.12628652355139677,100.0
2020,WR,A,P0,oldenv_tm_car_pg,0.06055104804264057,100.0
2020,WR,A,P0,oldenv_tm_plays_pg,0.012563877209132868,100.0
2020,WR,A,P0,oldenv_tm_pass_rate,0.008141545831253507,100.0
2020,WR,A,P0,oldenv_tm_td_pg,0.2142046554444431,100.0
2020,WR,A,P0,oldenv_tm_pass_yds_pg,0.3310737320422422,100.0
2020,WR,A,P0,expr,-0.270096473225378,100.0
2020,WR,A,P0,log_draft_pick,0.015588397630045043,100.0
2020,WR,A,P0,age_s0,-0.36707791037876747,100.0
2020,WR,A,P0,age_s1,-0.061211167908683355,100.0
2020,WR,A,P0,age_s2,-0.015106281869775402,100.0
2020,WR,A,P0,age_s3,0.002589802767784311,100.0
2020,WR,A,P1,h_targets_pg,0.27749496354744446,100.0
2020,WR,A,P1,h_carries_pg,0.02165649508115883,100.0
2020,WR,A,P1,h_touches_pg,0.28002360150840205,100.0
2020,WR,A,P1,h_air_yards_pg,-0.0513509372244548,100.0
2020,WR,A,P1,h_target_share_full,0.42584341876738707,100.0
2020,WR,A,P1,h_air_yards_share_full,0.24077171948182208,100.0
2020,WR,A,P1,h_carry_share_full,-0.007531543549762612,100.0
2020,WR,A,P1,h_wopr_full,0.36441080310719004,100.0
2020,WR,A,P1,h_u_rec,0.24036237971423782,100.0
2020,WR,A,P1,h_u_rush,0.031639317391586784,100.0
2020,WR,A,P1,h_u_tot,0.243377210269542,100.0
2020,WR,A,P1,G_last,0.20350708305095955,100.0
2020,WR,A,P1,G_wtd,-0.2509843613128341,100.0
2020,WR,A,P1,avail_wtd,-0.10343912567718976,100.0
2020,WR,A,P1,h_adot,-0.13976464276663456,100.0
2020,WR,A,P1,h_ypr,0.07029567067375822,100.0
2020,WR,A,P1,h_catch_rate,0.08063448420272924,100.0
2020,WR,A,P1,h_racr_w,0.25663126632912825,100.0
2020,WR,A,P1,oldenv_tm_pass_att_pg,-0.04651087151341652,100.0
2020,WR,A,P1,oldenv_tm_tgt_pg,0.04787666229126,100.0
2020,WR,A,P1,oldenv_tm_ay_pg,-0.0897083558905311,100.0
2020,WR,A,P1,oldenv_tm_car_pg,0.07017352584840739,100.0
2020,WR,A,P1,oldenv_tm_plays_pg,0.016753950905345448,100.0
2020,WR,A,P1,oldenv_tm_pass_rate,0.0014329773627552173,100.0
2020,WR,A,P1,oldenv_tm_td_pg,0.1104683437149175,100.0
2020,WR,A,P1,oldenv_tm_pass_yds_pg,0.2688474362016585,100.0
2020,WR,A,P1,expr,-0.28040325757300455,100.0
2020,WR,A,P1,log_draft_pick,-0.0094979739869494,100.0
2020,WR,A,P1,mu_hat,0.7960242869134759,100.0
2020,WR,A,P1,age_s0,-0.36646364657830877,100.0
2020,WR,A,P1,age_s1,-0.06571223665215545,100.0
2020,WR,A,P1,age_s2,-0.020897358702115405,100.0
2020,WR,A,P1,age_s3,0.0002740213981318568,100.0
2020,RB,A,P0,h_targets_pg,0.28968415468484776,100.0
2020,RB,A,P0,h_carries_pg,0.46158564108784766,100.0
2020,RB,A,P0,h_touches_pg,0.49580819844421326,100.0
2020,RB,A,P0,h_air_yards_pg,0.003038632330618618,100.0
2020,RB,A,P0,h_target_share_full,0.2879786787361452,100.0
2020,RB,A,P0,h_air_yards_share_full,0.3901257400202267,100.0
2020,RB,A,P0,h_carry_share_full,0.10195149054721338,100.0
2020,RB,A,P0,h_wopr_full,0.32271565047575185,100.0
2020,RB,A,P0,h_u_rec,0.2992478287130732,100.0
2020,RB,A,P0,h_u_rush,0.10227562401929541,100.0
2020,RB,A,P0,h_u_tot,0.17407599860575762,100.0
2020,RB,A,P0,G_last,0.15369212031602233,100.0
2020,RB,A,P0,G_wtd,-0.21194500561429608,100.0
2020,RB,A,P0,avail_wtd,-0.18453516504079856,100.0
2020,RB,A,P0,h_adot,-0.33377422099088694,100.0
2020,RB,A,P0,h_ypr,0.12189841058509521,100.0
2020,RB,A,P0,h_catch_rate,0.18805053090118917,100.0
2020,RB,A,P0,h_racr_w,-0.13071511111727122,100.0
2020,RB,A,P0,oldenv_tm_pass_att_pg,0.01949050739917215,100.0
2020,RB,A,P0,oldenv_tm_tgt_pg,0.07296455134528451,100.0
2020,RB,A,P0,oldenv_tm_ay_pg,-0.10058459450661206,100.0
2020,RB,A,P0,oldenv_tm_car_pg,0.024249346849484352,100.0
2020,RB,A,P0,oldenv_tm_plays_pg,0.04626537655146804,100.0
2020,RB,A,P0,oldenv_tm_pass_rate,-0.03897938078843339,100.0
2020,RB,A,P0,oldenv_tm_td_pg,0.2680744941393916,100.0
2020,RB,A,P0,oldenv_tm_pass_yds_pg,0.10234659339438952,100.0
2020,RB,A,P0,expr,-0.25168478169918623,100.0
2020,RB,A,P0,log_draft_pick,-0.7374792522869692,100.0
2020,RB,A,P0,age_s0,-0.4339405950759846,100.0
2020,RB,A,P0,age_s1,-0.14641163465771867,100.0
2020,RB,A,P0,age_s2,-0.0840879270308892,100.0
2020,RB,A,P0,age_s3,-0.013217400315358648,100.0
2020,RB,A,P1,h_targets_pg,-0.38581669042422356,17.78279410038923
2020,RB,A,P1,h_carries_pg,0.2916412730269942,17.78279410038923
2020,RB,A,P1,h_touches_pg,0.14396659545942408,17.78279410038923
2020,RB,A,P1,h_air_yards_pg,-0.241762828404503,17.78279410038923
2020,RB,A,P1,h_target_share_full,0.1373092227663687,17.78279410038923
2020,RB,A,P1,h_air_yards_share_full,0.8119497751898583,17.78279410038923
2020,RB,A,P1,h_carry_share_full,0.009590680695893434,17.78279410038923
2020,RB,A,P1,h_wopr_full,0.2402459787709896,17.78279410038923
2020,RB,A,P1,h_u_rec,0.16140868864772348,17.78279410038923
2020,RB,A,P1,h_u_rush,-0.30217386337487323,17.78279410038923
2020,RB,A,P1,h_u_tot,-0.21661286970503835,17.78279410038923
2020,RB,A,P1,G_last,0.5441666000642031,17.78279410038923
2020,RB,A,P1,G_wtd,-0.2819707892710799,17.78279410038923
2020,RB,A,P1,avail_wtd,-0.1073516788040572,17.78279410038923
2020,RB,A,P1,h_adot,-0.504691446114432,17.78279410038923
2020,RB,A,P1,h_ypr,-0.054216430919371866,17.78279410038923
2020,RB,A,P1,h_catch_rate,0.24946477256909186,17.78279410038923
2020,RB,A,P1,h_racr_w,-0.11793342747892906,17.78279410038923
2020,RB,A,P1,oldenv_tm_pass_att_pg,0.007241847927897785,17.78279410038923
2020,RB,A,P1,oldenv_tm_tgt_pg,0.3155737032487848,17.78279410038923
2020,RB,A,P1,oldenv_tm_ay_pg,0.08170034500841813,17.78279410038923
2020,RB,A,P1,oldenv_tm_car_pg,0.0058426517652925775,17.78279410038923
2020,RB,A,P1,oldenv_tm_plays_pg,0.014134209473002653,17.78279410038923
2020,RB,A,P1,oldenv_tm_pass_rate,-0.18938923597633076,17.78279410038923
2020,RB,A,P1,oldenv_tm_td_pg,0.014500365963982024,17.78279410038923
2020,RB,A,P1,oldenv_tm_pass_yds_pg,0.034925720966456957,17.78279410038923
2020,RB,A,P1,expr,-0.4001928350282066,17.78279410038923
2020,RB,A,P1,log_draft_pick,-0.9256510860037056,17.78279410038923
2020,RB,A,P1,mu_hat,2.1044774052485784,17.78279410038923
2020,RB,A,P1,age_s0,-0.5498992793434345,17.78279410038923
2020,RB,A,P1,age_s1,-0.1395515902725919,17.78279410038923
2020,RB,A,P1,age_s2,-0.007564126221710914,17.78279410038923
2020,RB,A,P1,age_s3,0.15899926302073783,17.78279410038923
2021,WR,A,P0,h_targets_pg,0.41064055584364617,177.82794100389228
2021,WR,A,P0,h_carries_pg,-0.010209681331740014,177.82794100389228
2021,WR,A,P0,h_touches_pg,0.40741346745646845,177.82794100389228
2021,WR,A,P0,h_air_yards_pg,0.1675993003055345,177.82794100389228
2021,WR,A,P0,h_target_share_full,0.3981105401548708,177.82794100389228
2021,WR,A,P0,h_air_yards_share_full,0.27818320811085234,177.82794100389228
2021,WR,A,P0,h_carry_share_full,0.098235321048172,177.82794100389228
2021,WR,A,P0,h_wopr_full,0.36340141857139424,177.82794100389228
2021,WR,A,P0,h_u_rec,0.33275059271225854,177.82794100389228
2021,WR,A,P0,h_u_rush,0.07156393780873628,177.82794100389228
2021,WR,A,P0,h_u_tot,0.34122267538621726,177.82794100389228
2021,WR,A,P0,G_last,0.0596040140937542,177.82794100389228
2021,WR,A,P0,G_wtd,-0.15543274229013865,177.82794100389228
2021,WR,A,P0,avail_wtd,-0.06023147555193806,177.82794100389228
2021,WR,A,P0,h_adot,-0.10075627389566902,177.82794100389228
2021,WR,A,P0,h_ypr,0.10910153319126734,177.82794100389228
2021,WR,A,P0,h_catch_rate,0.0815080377473633,177.82794100389228
2021,WR,A,P0,h_racr_w,0.2421909284906557,177.82794100389228
2021,WR,A,P0,oldenv_tm_pass_att_pg,-0.030752753111272835,177.82794100389228
2021,WR,A,P0,oldenv_tm_tgt_pg,-0.022509122034429715,177.82794100389228
2021,WR,A,P0,oldenv_tm_ay_pg,-0.06174043873269105,177.82794100389228
2021,WR,A,P0,oldenv_tm_car_pg,0.012620915662238441,177.82794100389228
2021,WR,A,P0,oldenv_tm_plays_pg,-0.02300245513852371,177.82794100389228
2021,WR,A,P0,oldenv_tm_pass_rate,-0.0007289175831725366,177.82794100389228
2021,WR,A,P0,oldenv_tm_td_pg,0.1849346882201792,177.82794100389228
2021,WR,A,P0,oldenv_tm_pass_yds_pg,0.26172232838517595,177.82794100389228
2021,WR,A,P0,expr,-0.15129207989420757,177.82794100389228
2021,WR,A,P0,log_draft_pick,0.07221218190813172,177.82794100389228
2021,WR,A,P0,age_s0,-0.31765318745898474,177.82794100389228
2021,WR,A,P0,age_s1,-0.12995515618526685,177.82794100389228
2021,WR,A,P0,age_s2,-0.10227469849028442,177.82794100389228
2021,WR,A,P0,age_s3,-0.0865781995264277,177.82794100389228
2021,WR,A,P1,h_targets_pg,0.2851061109991619,177.82794100389228
2021,WR,A,P1,h_carries_pg,-0.010005693036445626,177.82794100389228
2021,WR,A,P1,h_touches_pg,0.28233171470635976,177.82794100389228
2021,WR,A,P1,h_air_yards_pg,0.08166747549276347,177.82794100389228
2021,WR,A,P1,h_target_share_full,0.34569574971887057,177.82794100389228
2021,WR,A,P1,h_air_yards_share_full,0.2403622740005111,177.82794100389228
2021,WR,A,P1,h_carry_share_full,0.08551972067814197,177.82794100389228
2021,WR,A,P1,h_wopr_full,0.31505054490443035,177.82794100389228
2021,WR,A,P1,h_u_rec,0.26225351113143625,177.82794100389228
2021,WR,A,P1,h_u_rush,0.058822623651847254,177.82794100389228
2021,WR,A,P1,h_u_tot,0.26928481815450717,177.82794100389228
2021,WR,A,P1,G_last,0.1105948292878357,177.82794100389228
2021,WR,A,P1,G_wtd,-0.12984892144156415,177.82794100389228
2021,WR,A,P1,avail_wtd,-0.029232755854030994,177.82794100389228
2021,WR,A,P1,h_adot,-0.1059350894757953,177.82794100389228
2021,WR,A,P1,h_ypr,0.06994295904749417,177.82794100389228
2021,WR,A,P1,h_catch_rate,0.10265264171521817,177.82794100389228
2021,WR,A,P1,h_racr_w,0.13839300050228487,177.82794100389228
2021,WR,A,P1,oldenv_tm_pass_att_pg,-0.03814892312234534,177.82794100389228
2021,WR,A,P1,oldenv_tm_tgt_pg,-0.02533795224726689,177.82794100389228
2021,WR,A,P1,oldenv_tm_ay_pg,-0.03898276046916169,177.82794100389228
2021,WR,A,P1,oldenv_tm_car_pg,0.016773152765624636,177.82794100389228
2021,WR,A,P1,oldenv_tm_plays_pg,-0.027416901723576675,177.82794100389228
2021,WR,A,P1,oldenv_tm_pass_rate,-0.005842021367082215,177.82794100389228
2021,WR,A,P1,oldenv_tm_td_pg,0.11493944119192244,177.82794100389228
2021,WR,A,P1,oldenv_tm_pass_yds_pg,0.2153041338108239,177.82794100389228
2021,WR,A,P1,expr,-0.16127339258505458,177.82794100389228
2021,WR,A,P1,log_draft_pick,0.059310118386102895,177.82794100389228
2021,WR,A,P1,mu_hat,0.6637194547358027,177.82794100389228
2021,WR,A,P1,age_s0,-0.3243310464498476,177.82794100389228
2021,WR,A,P1,age_s1,-0.1364198577009831,177.82794100389228
2021,WR,A,P1,age_s2,-0.10921868186820412,177.82794100389228
2021,WR,A,P1,age_s3,-0.09261597521921426,177.82794100389228
2021,RB,A,P0,h_targets_pg,0.30567804539811794,100.0
2021,RB,A,P0,h_carries_pg,0.41990477059514203,100.0
2021,RB,A,P0,h_touches_pg,0.4665812247789295,100.0
2021,RB,A,P0,h_air_yards_pg,0.07784828298004033,100.0
2021,RB,A,P0,h_target_share_full,0.28211027843001185,100.0
2021,RB,A,P0,h_air_yards_share_full,0.44495138505091164,100.0
2021,RB,A,P0,h_carry_share_full,0.16527181129857443,100.0
2021,RB,A,P0,h_wopr_full,0.32451034896187586,100.0
2021,RB,A,P0,h_u_rec,0.2968223538025761,100.0
2021,RB,A,P0,h_u_rush,0.12441737769095103,100.0
2021,RB,A,P0,h_u_tot,0.19342154862004896,100.0
2021,RB,A,P0,G_last,0.07891169570730851,100.0
2021,RB,A,P0,G_wtd,-0.1886243281453826,100.0
2021,RB,A,P0,avail_wtd,-0.19587516486203774,100.0
2021,RB,A,P0,h_adot,-0.2886636636996741,100.0
2021,RB,A,P0,h_ypr,0.035613082204292164,100.0
2021,RB,A,P0,h_catch_rate,0.2154958980175427,100.0
2021,RB,A,P0,h_racr_w,-0.17802112162051623,100.0
2021,RB,A,P0,oldenv_tm_pass_att_pg,0.01012330581757727,100.0
2021,RB,A,P0,oldenv_tm_tgt_pg,0.03814514523350034,100.0
2021,RB,A,P0,oldenv_tm_ay_pg,-0.08401388486322653,100.0
2021,RB,A,P0,oldenv_tm_car_pg,-0.05613085482688101,100.0
2021,RB,A,P0,oldenv_tm_plays_pg,-0.04115670270660471,100.0
2021,RB,A,P0,oldenv_tm_pass_rate,-0.013148802352332472,100.0
2021,RB,A,P0,oldenv_tm_td_pg,0.3231454451274787,100.0
2021,RB,A,P0,oldenv_tm_pass_yds_pg,0.11684859533371982,100.0
2021,RB,A,P0,expr,-0.30738405168232685,100.0
2021,RB,A,P0,log_draft_pick,-0.6741159650393167,100.0
2021,RB,A,P0,age_s0,-0.4401483522488175,100.0
2021,RB,A,P0,age_s1,-0.14701504067401985,100.0
2021,RB,A,P0,age_s2,-0.07494524643176528,100.0
2021,RB,A,P0,age_s3,-0.006924914434993487,100.0
2021,RB,A,P1,h_targets_pg,-0.10126078280832006,31.622776601683793
2021,RB,A,P1,h_carries_pg,0.25954872581123467,31.622776601683793
2021,RB,A,P1,h_touches_pg,0.20170193934349193,31.622776601683793
2021,RB,A,P1,h_air_yards_pg,-0.04605290087072522,31.622776601683793
2021,RB,A,P1,h_target_share_full,0.11885051621953514,31.622776601683793
2021,RB,A,P1,h_air_yards_share_full,0.7345449803509964,31.622776601683793
2021,RB,A,P1,h_carry_share_full,0.06253358009042219,31.622776601683793
2021,RB,A,P1,h_wopr_full,0.2125812108561295,31.622776601683793
2021,RB,A,P1,h_u_rec,0.12852992824092635,31.622776601683793
2021,RB,A,P1,h_u_rush,-0.15785031433203517,31.622776601683793
2021,RB,A,P1,h_u_tot,-0.10075805088759297,31.622776601683793
2021,RB,A,P1,G_last,0.30068008944309993,31.622776601683793
2021,RB,A,P1,G_wtd,-0.12561619966456802,31.622776601683793
2021,RB,A,P1,avail_wtd,-0.11035685448533682,31.622776601683793
2021,RB,A,P1,h_adot,-0.40425526792738875,31.622776601683793
2021,RB,A,P1,h_ypr,-0.15159802746592604,31.622776601683793
2021,RB,A,P1,h_catch_rate,0.2745809648103048,31.622776601683793
2021,RB,A,P1,h_racr_w,-0.17343948195580647,31.622776601683793
2021,RB,A,P1,oldenv_tm_pass_att_pg,0.008830929700864139,31.622776601683793
2021,RB,A,P1,oldenv_tm_tgt_pg,0.1321992163825735,31.622776601683793
2021,RB,A,P1,oldenv_tm_ay_pg,0.05354629459073593,31.622776601683793
2021,RB,A,P1,oldenv_tm_car_pg,-0.09274190960415739,31.622776601683793
2021,RB,A,P1,oldenv_tm_plays_pg,-0.0770633931466659,31.622776601683793
2021,RB,A,P1,oldenv_tm_pass_rate,-0.10065135432814855,31.622776601683793
2021,RB,A,P1,oldenv_tm_td_pg,0.12399912239886089,31.622776601683793
2021,RB,A,P1,oldenv_tm_pass_yds_pg,0.10548790197266082,31.622776601683793
2021,RB,A,P1,expr,-0.45510395611504,31.622776601683793
2021,RB,A,P1,log_draft_pick,-0.7930468570111995,31.622776601683793
2021,RB,A,P1,mu_hat,1.68452956428546,31.622776601683793
2021,RB,A,P1,age_s0,-0.5574296331431753,31.622776601683793
2021,RB,A,P1,age_s1,-0.11396482378725621,31.622776601683793
2021,RB,A,P1,age_s2,0.01445802801560915,31.622776601683793
2021,RB,A,P1,age_s3,0.11716352993205238,31.622776601683793
2022,WR,A,P0,h_targets_pg,0.428197082671013,177.82794100389228
2022,WR,A,P0,h_carries_pg,0.05474501797916464,177.82794100389228
2022,WR,A,P0,h_touches_pg,0.4362714081456979,177.82794100389228
2022,WR,A,P0,h_air_yards_pg,0.1756203051161402,177.82794100389228
2022,WR,A,P0,h_target_share_full,0.3680025824931972,177.82794100389228
2022,WR,A,P0,h_air_yards_share_full,0.264977242566629,177.82794100389228
2022,WR,A,P0,h_carry_share_full,0.08559722768248047,177.82794100389228
2022,WR,A,P0,h_wopr_full,0.33948916006275665,177.82794100389228
2022,WR,A,P0,h_u_rec,0.3117666715729158,177.82794100389228
2022,WR,A,P0,h_u_rush,0.08073000759138814,177.82794100389228
2022,WR,A,P0,h_u_tot,0.32111343493233213,177.82794100389228
2022,WR,A,P0,G_last,0.05322922510228282,177.82794100389228
2022,WR,A,P0,G_wtd,-0.18372042579624387,177.82794100389228
2022,WR,A,P0,avail_wtd,-0.07768221571029275,177.82794100389228
2022,WR,A,P0,h_adot,-0.08584491953658609,177.82794100389228
2022,WR,A,P0,h_ypr,0.07482663464346416,177.82794100389228
2022,WR,A,P0,h_catch_rate,0.081921270587538,177.82794100389228
2022,WR,A,P0,h_racr_w,0.3483199641990411,177.82794100389228
2022,WR,A,P0,oldenv_tm_pass_att_pg,-0.04984057051245258,177.82794100389228
2022,WR,A,P0,oldenv_tm_tgt_pg,-0.014511432157312558,177.82794100389228
2022,WR,A,P0,oldenv_tm_ay_pg,-0.06653319485502565,177.82794100389228
2022,WR,A,P0,oldenv_tm_car_pg,0.03640028850126293,177.82794100389228
2022,WR,A,P0,oldenv_tm_plays_pg,-0.021058923703610326,177.82794100389228
2022,WR,A,P0,oldenv_tm_pass_rate,-0.01905876939090515,177.82794100389228
2022,WR,A,P0,oldenv_tm_td_pg,0.12484233947269273,177.82794100389228
2022,WR,A,P0,oldenv_tm_pass_yds_pg,0.28559481262319086,177.82794100389228
2022,WR,A,P0,expr,-0.18156870644421494,177.82794100389228
2022,WR,A,P0,log_draft_pick,0.08124068471817178,177.82794100389228
2022,WR,A,P0,age_s0,-0.2755074440084186,177.82794100389228
2022,WR,A,P0,age_s1,-0.1301785216071934,177.82794100389228
2022,WR,A,P0,age_s2,-0.09876257115495979,177.82794100389228
2022,WR,A,P0,age_s3,-0.0651211816091958,177.82794100389228
2022,WR,A,P1,h_targets_pg,0.31198608744851614,177.82794100389228
2022,WR,A,P1,h_carries_pg,0.055150901588726944,177.82794100389228
2022,WR,A,P1,h_touches_pg,0.3205295097045363,177.82794100389228
2022,WR,A,P1,h_air_yards_pg,0.08836572360661278,177.82794100389228
2022,WR,A,P1,h_target_share_full,0.3229873306663189,177.82794100389228
2022,WR,A,P1,h_air_yards_share_full,0.22864702565033043,177.82794100389228
2022,WR,A,P1,h_carry_share_full,0.07248703972953105,177.82794100389228
2022,WR,A,P1,h_wopr_full,0.2963139543234927,177.82794100389228
2022,WR,A,P1,h_u_rec,0.247921152860902,177.82794100389228
2022,WR,A,P1,h_u_rush,0.06869277172410065,177.82794100389228
2022,WR,A,P1,h_u_tot,0.25598311231288956,177.82794100389228
2022,WR,A,P1,G_last,0.10024326590229643,177.82794100389228
2022,WR,A,P1,G_wtd,-0.1596699677443951,177.82794100389228
2022,WR,A,P1,avail_wtd,-0.04807468746691447,177.82794100389228
2022,WR,A,P1,h_adot,-0.09491799961853263,177.82794100389228
2022,WR,A,P1,h_ypr,0.04401425631716414,177.82794100389228
2022,WR,A,P1,h_catch_rate,0.09908987378952186,177.82794100389228
2022,WR,A,P1,h_racr_w,0.2449148944113412,177.82794100389228
2022,WR,A,P1,oldenv_tm_pass_att_pg,-0.056565979071880594,177.82794100389228
2022,WR,A,P1,oldenv_tm_tgt_pg,-0.018236796969211076,177.82794100389228
2022,WR,A,P1,oldenv_tm_ay_pg,-0.0480641084741899,177.82794100389228
2022,WR,A,P1,oldenv_tm_car_pg,0.03868643264099888,177.82794100389228
2022,WR,A,P1,oldenv_tm_plays_pg,-0.026606432028166684,177.82794100389228
2022,WR,A,P1,oldenv_tm_pass_rate,-0.02291735227537271,177.82794100389228
2022,WR,A,P1,oldenv_tm_td_pg,0.06066541981286844,177.82794100389228
2022,WR,A,P1,oldenv_tm_pass_yds_pg,0.24653592934795007,177.82794100389228
2022,WR,A,P1,expr,-0.19227547825233315,177.82794100389228
2022,WR,A,P1,log_draft_pick,0.06821730777764679,177.82794100389228
2022,WR,A,P1,mu_hat,0.61011336294447,177.82794100389228
2022,WR,A,P1,age_s0,-0.2788408963728733,177.82794100389228
2022,WR,A,P1,age_s1,-0.13478703779032244,177.82794100389228
2022,WR,A,P1,age_s2,-0.10406981811931866,177.82794100389228
2022,WR,A,P1,age_s3,-0.07014841691090318,177.82794100389228
2022,RB,A,P0,h_targets_pg,0.34641703378766536,100.0
2022,RB,A,P0,h_carries_pg,0.4397312692756565,100.0
2022,RB,A,P0,h_touches_pg,0.49393298937456376,100.0
2022,RB,A,P0,h_air_yards_pg,-0.0335532567995867,100.0
2022,RB,A,P0,h_target_share_full,0.32166933635986344,100.0
2022,RB,A,P0,h_air_yards_share_full,0.38055334105260713,100.0
2022,RB,A,P0,h_carry_share_full,0.10522811827614109,100.0
2022,RB,A,P0,h_wopr_full,0.35232713736294613,100.0
2022,RB,A,P0,h_u_rec,0.30139339598159104,100.0
2022,RB,A,P0,h_u_rush,0.120150275344458,100.0
2022,RB,A,P0,h_u_tot,0.19055036189603583,100.0
2022,RB,A,P0,G_last,0.19826203949044346,100.0
2022,RB,A,P0,G_wtd,-0.16049672878743887,100.0
2022,RB,A,P0,avail_wtd,-0.1972876410542556,100.0
2022,RB,A,P0,h_adot,-0.3300959673965372,100.0
2022,RB,A,P0,h_ypr,0.08826389027981733,100.0
2022,RB,A,P0,h_catch_rate,0.2577737766297256,100.0
2022,RB,A,P0,h_racr_w,-0.13232539724157116,100.0
2022,RB,A,P0,oldenv_tm_pass_att_pg,-0.0004902516596046887,100.0
2022,RB,A,P0,oldenv_tm_tgt_pg,0.06394153502506193,100.0
2022,RB,A,P0,oldenv_tm_ay_pg,-0.03859718871517024,100.0
2022,RB,A,P0,oldenv_tm_car_pg,-0.010930349165382046,100.0
2022,RB,A,P0,oldenv_tm_plays_pg,-0.010925465231806373,100.0
2022,RB,A,P0,oldenv_tm_pass_rate,-0.0542228057019094,100.0
2022,RB,A,P0,oldenv_tm_td_pg,0.348001292798657,100.0
2022,RB,A,P0,oldenv_tm_pass_yds_pg,0.04151575692623776,100.0
2022,RB,A,P0,expr,-0.414830512916647,100.0
2022,RB,A,P0,log_draft_pick,-0.6591015547575406,100.0
2022,RB,A,P0,age_s0,-0.5346839237240683,100.0
2022,RB,A,P0,age_s1,-0.16473123091396918,100.0
2022,RB,A,P0,age_s2,-0.07251113538614927,100.0
2022,RB,A,P0,age_s3,0.029086912131780898,100.0
2022,RB,A,P1,h_targets_pg,0.036550359583010554,56.23413251903491
2022,RB,A,P1,h_carries_pg,0.2783998260684045,56.23413251903491
2022,RB,A,P1,h_touches_pg,0.2580234507027913,56.23413251903491
2022,RB,A,P1,h_air_yards_pg,-0.12568195134878093,56.23413251903491
2022,RB,A,P1,h_target_share_full,0.20036588727986734,56.23413251903491
2022,RB,A,P1,h_air_yards_share_full,0.531512349860496,56.23413251903491
2022,RB,A,P1,h_carry_share_full,-0.029254378295546658,56.23413251903491
2022,RB,A,P1,h_wopr_full,0.26024934296159724,56.23413251903491
2022,RB,A,P1,h_u_rec,0.1353807483263001,56.23413251903491
2022,RB,A,P1,h_u_rush,-0.05233886354596321,56.23413251903491
2022,RB,A,P1,h_u_tot,-0.0069299591582812625,56.23413251903491
2022,RB,A,P1,G_last,0.37463512026121265,56.23413251903491
2022,RB,A,P1,G_wtd,-0.10575812298378867,56.23413251903491
2022,RB,A,P1,avail_wtd,-0.14937248967933825,56.23413251903491
2022,RB,A,P1,h_adot,-0.37802707073843245,56.23413251903491
2022,RB,A,P1,h_ypr,-0.04717048528326151,56.23413251903491
2022,RB,A,P1,h_catch_rate,0.29741858054796,56.23413251903491
2022,RB,A,P1,h_racr_w,-0.11505077390402525,56.23413251903491
2022,RB,A,P1,oldenv_tm_pass_att_pg,0.0060023481015889415,56.23413251903491
2022,RB,A,P1,oldenv_tm_tgt_pg,0.13331606680348687,56.23413251903491
2022,RB,A,P1,oldenv_tm_ay_pg,0.060443780721941176,56.23413251903491
2022,RB,A,P1,oldenv_tm_car_pg,-0.026490692709894667,56.23413251903491
2022,RB,A,P1,oldenv_tm_plays_pg,-0.018244406577655876,56.23413251903491
2022,RB,A,P1,oldenv_tm_pass_rate,-0.08807055213320353,56.23413251903491
2022,RB,A,P1,oldenv_tm_td_pg,0.2197009158121737,56.23413251903491
2022,RB,A,P1,oldenv_tm_pass_yds_pg,-0.028347783656434405,56.23413251903491
2022,RB,A,P1,expr,-0.5248946329565525,56.23413251903491
2022,RB,A,P1,log_draft_pick,-0.7356436657828502,56.23413251903491
2022,RB,A,P1,mu_hat,1.3888849546423336,56.23413251903491
2022,RB,A,P1,age_s0,-0.59936779420123,56.23413251903491
2022,RB,A,P1,age_s1,-0.1363089491370723,56.23413251903491
2022,RB,A,P1,age_s2,-0.014455858879770411,56.23413251903491
2022,RB,A,P1,age_s3,0.11613327171877055,56.23413251903491
2023,WR,A,P0,h_targets_pg,0.3899942575673998,177.82794100389228
2023,WR,A,P0,h_carries_pg,0.02723801550806278,177.82794100389228
2023,WR,A,P0,h_touches_pg,0.39454992294952057,177.82794100389228
2023,WR,A,P0,h_air_yards_pg,0.1636531315929921,177.82794100389228
2023,WR,A,P0,h_target_share_full,0.3488230943777317,177.82794100389228
2023,WR,A,P0,h_air_yards_share_full,0.24603170932484875,177.82794100389228
2023,WR,A,P0,h_carry_share_full,0.0018856874045683379,177.82794100389228
2023,WR,A,P0,h_wopr_full,0.32003006726949257,177.82794100389228
2023,WR,A,P0,h_u_rec,0.2870335865166074,177.82794100389228
2023,WR,A,P0,h_u_rush,0.008462524097160348,177.82794100389228
2023,WR,A,P0,h_u_tot,0.2870226531439127,177.82794100389228
2023,WR,A,P0,G_last,0.13803900856912382,177.82794100389228
2023,WR,A,P0,G_wtd,-0.17208878232937966,177.82794100389228
2023,WR,A,P0,avail_wtd,-0.13299572622522698,177.82794100389228
2023,WR,A,P0,h_adot,-0.12198568892552791,177.82794100389228
2023,WR,A,P0,h_ypr,0.04289758667635041,177.82794100389228
2023,WR,A,P0,h_catch_rate,0.11276968644085061,177.82794100389228
2023,WR,A,P0,h_racr_w,0.37982379522654597,177.82794100389228
2023,WR,A,P0,oldenv_tm_pass_att_pg,-0.022885291993395753,177.82794100389228
2023,WR,A,P0,oldenv_tm_tgt_pg,-0.08880360570419656,177.82794100389228
2023,WR,A,P0,oldenv_tm_ay_pg,-0.09032450817738932,177.82794100389228
2023,WR,A,P0,oldenv_tm_car_pg,0.03893956100295583,177.82794100389228
2023,WR,A,P0,oldenv_tm_plays_pg,0.013502491717648241,177.82794100389228
2023,WR,A,P0,oldenv_tm_pass_rate,-0.030431533666562746,177.82794100389228
2023,WR,A,P0,oldenv_tm_td_pg,0.1864875838151777,177.82794100389228
2023,WR,A,P0,oldenv_tm_pass_yds_pg,0.2785370163100629,177.82794100389228
2023,WR,A,P0,expr,-0.1815608608557124,177.82794100389228
2023,WR,A,P0,log_draft_pick,0.0437629480112685,177.82794100389228
2023,WR,A,P0,age_s0,-0.2956500028995092,177.82794100389228
2023,WR,A,P0,age_s1,-0.14888530214630466,177.82794100389228
2023,WR,A,P0,age_s2,-0.1259248961850806,177.82794100389228
2023,WR,A,P0,age_s3,-0.10664778063834268,177.82794100389228
2023,WR,A,P1,h_targets_pg,0.2755067892164225,177.82794100389228
2023,WR,A,P1,h_carries_pg,0.024727259831240935,177.82794100389228
2023,WR,A,P1,h_touches_pg,0.2797060277132975,177.82794100389228
2023,WR,A,P1,h_air_yards_pg,0.08225728427131036,177.82794100389228
2023,WR,A,P1,h_target_share_full,0.29856825097847073,177.82794100389228
2023,WR,A,P1,h_air_yards_share_full,0.2086276891364068,177.82794100389228
2023,WR,A,P1,h_carry_share_full,-0.009525204188790522,177.82794100389228
2023,WR,A,P1,h_wopr_full,0.27308956800188483,177.82794100389228
2023,WR,A,P1,h_u_rec,0.2225983968165313,177.82794100389228
2023,WR,A,P1,h_u_rush,-0.0047948051732102474,177.82794100389228
2023,WR,A,P1,h_u_tot,0.22093619841684922,177.82794100389228
2023,WR,A,P1,G_last,0.17874615985865586,177.82794100389228
2023,WR,A,P1,G_wtd,-0.14906556647293562,177.82794100389228
2023,WR,A,P1,avail_wtd,-0.10379159280692127,177.82794100389228
2023,WR,A,P1,h_adot,-0.1220618960306432,177.82794100389228
2023,WR,A,P1,h_ypr,0.011519381356581985,177.82794100389228
2023,WR,A,P1,h_catch_rate,0.1292650877431077,177.82794100389228
2023,WR,A,P1,h_racr_w,0.28910503871230847,177.82794100389228
2023,WR,A,P1,oldenv_tm_pass_att_pg,-0.03134774687913423,177.82794100389228
2023,WR,A,P1,oldenv_tm_tgt_pg,-0.09198376205225875,177.82794100389228
2023,WR,A,P1,oldenv_tm_ay_pg,-0.06749402853958508,177.82794100389228
2023,WR,A,P1,oldenv_tm_car_pg,0.04398285735515436,177.82794100389228
2023,WR,A,P1,oldenv_tm_plays_pg,0.00910206006769235,177.82794100389228
2023,WR,A,P1,oldenv_tm_pass_rate,-0.03613173596262857,177.82794100389228
2023,WR,A,P1,oldenv_tm_td_pg,0.11352665534900797,177.82794100389228
2023,WR,A,P1,oldenv_tm_pass_yds_pg,0.23421957907270122,177.82794100389228
2023,WR,A,P1,expr,-0.19290042670882226,177.82794100389228
2023,WR,A,P1,log_draft_pick,0.028117826897369504,177.82794100389228
2023,WR,A,P1,mu_hat,0.6169110505466712,177.82794100389228
2023,WR,A,P1,age_s0,-0.3002535623946677,177.82794100389228
2023,WR,A,P1,age_s1,-0.15209567226957793,177.82794100389228
2023,WR,A,P1,age_s2,-0.12968017584327912,177.82794100389228
2023,WR,A,P1,age_s3,-0.11114601086609897,177.82794100389228
2023,RB,A,P0,h_targets_pg,0.30907323469824827,100.0
2023,RB,A,P0,h_carries_pg,0.4758524907836537,100.0
2023,RB,A,P0,h_touches_pg,0.5172879816863614,100.0
2023,RB,A,P0,h_air_yards_pg,-0.052104679477677766,100.0
2023,RB,A,P0,h_target_share_full,0.3195131289475793,100.0
2023,RB,A,P0,h_air_yards_share_full,0.46711152154217184,100.0
2023,RB,A,P0,h_carry_share_full,0.16268772417308822,100.0
2023,RB,A,P0,h_wopr_full,0.3624281880638822,100.0
2023,RB,A,P0,h_u_rec,0.25068135665352087,100.0
2023,RB,A,P0,h_u_rush,0.12605186159696083,100.0
2023,RB,A,P0,h_u_tot,0.18140440416368883,100.0
2023,RB,A,P0,G_last,0.12356817160423532,100.0
2023,RB,A,P0,G_wtd,-0.20783863023453947,100.0
2023,RB,A,P0,avail_wtd,-0.19620116575426533,100.0
2023,RB,A,P0,h_adot,-0.3705515725093197,100.0
2023,RB,A,P0,h_ypr,0.12380724286875856,100.0
2023,RB,A,P0,h_catch_rate,0.24899491578111044,100.0
2023,RB,A,P0,h_racr_w,-0.14952910954097665,100.0
2023,RB,A,P0,oldenv_tm_pass_att_pg,-0.021064175919450673,100.0
2023,RB,A,P0,oldenv_tm_tgt_pg,0.06968025628645996,100.0
2023,RB,A,P0,oldenv_tm_ay_pg,-0.059229757500580155,100.0
2023,RB,A,P0,oldenv_tm_car_pg,-0.006535310327644674,100.0
2023,RB,A,P0,oldenv_tm_plays_pg,-0.029354405628491585,100.0
2023,RB,A,P0,oldenv_tm_pass_rate,-0.05016178695796939,100.0
2023,RB,A,P0,oldenv_tm_td_pg,0.39360848278926436,100.0
2023,RB,A,P0,oldenv_tm_pass_yds_pg,0.0897640550356511,100.0
2023,RB,A,P0,expr,-0.31374277757101543,100.0
2023,RB,A,P0,log_draft_pick,-0.6758103291371017,100.0
2023,RB,A,P0,age_s0,-0.46588086420412994,100.0
2023,RB,A,P0,age_s1,-0.1922613872586488,100.0
2023,RB,A,P0,age_s2,-0.11515716271140061,100.0
2023,RB,A,P0,age_s3,-0.0016985481857277663,100.0
2023,RB,A,P1,h_targets_pg,-0.2608164949126999,17.78279410038923
2023,RB,A,P1,h_carries_pg,0.33215031082481034,17.78279410038923
2023,RB,A,P1,h_touches_pg,0.21895610960691433,17.78279410038923
2023,RB,A,P1,h_air_yards_pg,-0.3375299271754837,17.78279410038923
2023,RB,A,P1,h_target_share_full,0.19767805423391474,17.78279410038923
2023,RB,A,P1,h_air_yards_share_full,0.98756108148874,17.78279410038923
2023,RB,A,P1,h_carry_share_full,0.10564141468961333,17.78279410038923
2023,RB,A,P1,h_wopr_full,0.3222318651386885,17.78279410038923
2023,RB,A,P1,h_u_rec,-0.058478084062293954,17.78279410038923
2023,RB,A,P1,h_u_rush,-0.2838310828691705,17.78279410038923
2023,RB,A,P1,h_u_tot,-0.26466131226290474,17.78279410038923
2023,RB,A,P1,G_last,0.48911750915961455,17.78279410038923
2023,RB,A,P1,G_wtd,-0.2136495187224086,17.78279410038923
2023,RB,A,P1,avail_wtd,-0.12877212362817653,17.78279410038923
2023,RB,A,P1,h_adot,-0.5263280881977332,17.78279410038923
2023,RB,A,P1,h_ypr,-0.07066532110547967,17.78279410038923
2023,RB,A,P1,h_catch_rate,0.3143796250457338,17.78279410038923
2023,RB,A,P1,h_racr_w,-0.14772910063124306,17.78279410038923
2023,RB,A,P1,oldenv_tm_pass_att_pg,-0.053593131332741496,17.78279410038923
2023,RB,A,P1,oldenv_tm_tgt_pg,0.3826514675779262,17.78279410038923
2023,RB,A,P1,oldenv_tm_ay_pg,0.08488090743482873,17.78279410038923
2023,RB,A,P1,oldenv_tm_car_pg,-0.05687775738309009,17.78279410038923
2023,RB,A,P1,oldenv_tm_plays_pg,-0.11265823489392751,17.78279410038923
2023,RB,A,P1,oldenv_tm_pass_rate,-0.24123885582046417,17.78279410038923
2023,RB,A,P1,oldenv_tm_td_pg,0.20256640059668887,17.78279410038923
2023,RB,A,P1,oldenv_tm_pass_yds_pg,0.001172243758854565,17.78279410038923
2023,RB,A,P1,expr,-0.47267105927149183,17.78279410038923
2023,RB,A,P1,log_draft_pick,-0.8404113751284683,17.78279410038923
2023,RB,A,P1,mu_hat,2.030265100332919,17.78279410038923
2023,RB,A,P1,age_s0,-0.5815004311779159,17.78279410038923
2023,RB,A,P1,age_s1,-0.22814234329318875,17.78279410038923
2023,RB,A,P1,age_s2,-0.043617942288743945,17.78279410038923
2023,RB,A,P1,age_s3,0.24747395239930117,17.78279410038923
2024,WR,A,P0,h_targets_pg,0.42289174440671234,177.82794100389228
2024,WR,A,P0,h_carries_pg,0.0883235703094011,177.82794100389228
2024,WR,A,P0,h_touches_pg,0.4383048869988722,177.82794100389228
2024,WR,A,P0,h_air_yards_pg,0.1930586333971328,177.82794100389228
2024,WR,A,P0,h_target_share_full,0.39660299848219954,177.82794100389228
2024,WR,A,P0,h_air_yards_share_full,0.2942292422813047,177.82794100389228
2024,WR,A,P0,h_carry_share_full,0.07937527558930614,177.82794100389228
2024,WR,A,P0,h_wopr_full,0.3695288721634684,177.82794100389228
2024,WR,A,P0,h_u_rec,0.2896266080582693,177.82794100389228
2024,WR,A,P0,h_u_rush,0.09417555563692256,177.82794100389228
2024,WR,A,P0,h_u_tot,0.3015966493590803,177.82794100389228
2024,WR,A,P0,G_last,-0.003487800445299133,177.82794100389228
2024,WR,A,P0,G_wtd,-0.150053613731317,177.82794100389228
2024,WR,A,P0,avail_wtd,-0.07125949997223294,177.82794100389228
2024,WR,A,P0,h_adot,-0.09239265216719116,177.82794100389228
2024,WR,A,P0,h_ypr,0.03999816170491523,177.82794100389228
2024,WR,A,P0,h_catch_rate,0.06973855867565469,177.82794100389228
2024,WR,A,P0,h_racr_w,0.3349346999783425,177.82794100389228
2024,WR,A,P0,oldenv_tm_pass_att_pg,-0.05806171178156287,177.82794100389228
2024,WR,A,P0,oldenv_tm_tgt_pg,-0.020101098446565675,177.82794100389228
2024,WR,A,P0,oldenv_tm_ay_pg,-0.044672669812824674,177.82794100389228
2024,WR,A,P0,oldenv_tm_car_pg,0.04155514449376976,177.82794100389228
2024,WR,A,P0,oldenv_tm_plays_pg,-0.026716415093461985,177.82794100389228
2024,WR,A,P0,oldenv_tm_pass_rate,-0.03504781293744831,177.82794100389228
2024,WR,A,P0,oldenv_tm_td_pg,0.25247676811699404,177.82794100389228
2024,WR,A,P0,oldenv_tm_pass_yds_pg,0.33121041733544404,177.82794100389228
2024,WR,A,P0,expr,-0.16300292560084928,177.82794100389228
2024,WR,A,P0,log_draft_pick,0.05399834846731982,177.82794100389228
2024,WR,A,P0,age_s0,-0.23317531664817756,177.82794100389228
2024,WR,A,P0,age_s1,-0.11722900727727603,177.82794100389228
2024,WR,A,P0,age_s2,-0.10178616032224425,177.82794100389228
2024,WR,A,P0,age_s3,-0.10144002472580517,177.82794100389228
2024,WR,A,P1,h_targets_pg,0.2890074692992195,177.82794100389228
2024,WR,A,P1,h_carries_pg,0.09133530878984555,177.82794100389228
2024,WR,A,P1,h_touches_pg,0.3050638056538752,177.82794100389228
2024,WR,A,P1,h_air_yards_pg,0.10389834473726768,177.82794100389228
2024,WR,A,P1,h_target_share_full,0.33977042647195527,177.82794100389228
2024,WR,A,P1,h_air_yards_share_full,0.2551823705393768,177.82794100389228
2024,WR,A,P1,h_carry_share_full,0.0647362030164046,177.82794100389228
2024,WR,A,P1,h_wopr_full,0.31789947511012745,177.82794100389228
2024,WR,A,P1,h_u_rec,0.21301123175784503,177.82794100389228
2024,WR,A,P1,h_u_rush,0.08017146672023501,177.82794100389228
2024,WR,A,P1,h_u_tot,0.22336699908209104,177.82794100389228
2024,WR,A,P1,G_last,0.0476009256126184,177.82794100389228
2024,WR,A,P1,G_wtd,-0.1195362428047909,177.82794100389228
2024,WR,A,P1,avail_wtd,-0.039047246815678435,177.82794100389228
2024,WR,A,P1,h_adot,-0.09334615866793229,177.82794100389228
2024,WR,A,P1,h_ypr,0.0012248885516773149,177.82794100389228
2024,WR,A,P1,h_catch_rate,0.08969073195466418,177.82794100389228
2024,WR,A,P1,h_racr_w,0.23515474693305075,177.82794100389228
2024,WR,A,P1,oldenv_tm_pass_att_pg,-0.06664073653543857,177.82794100389228
2024,WR,A,P1,oldenv_tm_tgt_pg,-0.025200920424125885,177.82794100389228
2024,WR,A,P1,oldenv_tm_ay_pg,-0.019073391650826624,177.82794100389228
2024,WR,A,P1,oldenv_tm_car_pg,0.04699051803571508,177.82794100389228
2024,WR,A,P1,oldenv_tm_plays_pg,-0.03136992601931878,177.82794100389228
2024,WR,A,P1,oldenv_tm_pass_rate,-0.041164735882535095,177.82794100389228
2024,WR,A,P1,oldenv_tm_td_pg,0.169731002215116,177.82794100389228
2024,WR,A,P1,oldenv_tm_pass_yds_pg,0.2842571093643559,177.82794100389228
2024,WR,A,P1,expr,-0.17727013116405776,177.82794100389228
2024,WR,A,P1,log_draft_pick,0.04022048193021564,177.82794100389228
2024,WR,A,P1,mu_hat,0.7025902801639611,177.82794100389228
2024,WR,A,P1,age_s0,-0.23921284384478927,177.82794100389228
2024,WR,A,P1,age_s1,-0.12263698272172141,177.82794100389228
2024,WR,A,P1,age_s2,-0.10673893488306423,177.82794100389228
2024,WR,A,P1,age_s3,-0.10397389661031461,177.82794100389228
2024,RB,A,P0,h_targets_pg,0.3361988172361783,100.0
2024,RB,A,P0,h_carries_pg,0.4502836446024145,100.0
2024,RB,A,P0,h_touches_pg,0.5028243259655559,100.0
2024,RB,A,P0,h_air_yards_pg,0.032907037140062184,100.0
2024,RB,A,P0,h_target_share_full,0.27008202053966623,100.0
2024,RB,A,P0,h_air_yards_share_full,0.3764163143096706,100.0
2024,RB,A,P0,h_carry_share_full,0.06475555586247732,100.0
2024,RB,A,P0,h_wopr_full,0.3016415907951736,100.0
2024,RB,A,P0,h_u_rec,0.3240617054826084,100.0
2024,RB,A,P0,h_u_rush,0.11591701690552572,100.0
2024,RB,A,P0,h_u_tot,0.19354386809049462,100.0
2024,RB,A,P0,G_last,0.21237249203369055,100.0
2024,RB,A,P0,G_wtd,-0.17875473077653553,100.0
2024,RB,A,P0,avail_wtd,-0.13205231228657588,100.0
2024,RB,A,P0,h_adot,-0.30963320716389114,100.0
2024,RB,A,P0,h_ypr,0.06258316521713318,100.0
2024,RB,A,P0,h_catch_rate,0.2507684130245309,100.0
2024,RB,A,P0,h_racr_w,-0.2120018897847786,100.0
2024,RB,A,P0,oldenv_tm_pass_att_pg,-0.010865140032187,100.0
2024,RB,A,P0,oldenv_tm_tgt_pg,0.08904024143993419,100.0
2024,RB,A,P0,oldenv_tm_ay_pg,-0.02262283243460863,100.0
2024,RB,A,P0,oldenv_tm_car_pg,-0.026913684141742666,100.0
2024,RB,A,P0,oldenv_tm_plays_pg,-0.03834042720775171,100.0
2024,RB,A,P0,oldenv_tm_pass_rate,-0.05014490434324987,100.0
2024,RB,A,P0,oldenv_tm_td_pg,0.27732816245228775,100.0
2024,RB,A,P0,oldenv_tm_pass_yds_pg,0.11269165878187927,100.0
2024,RB,A,P0,expr,-0.35774476568709757,100.0
2024,RB,A,P0,log_draft_pick,-0.6928672083824146,100.0
2024,RB,A,P0,age_s0,-0.37795640710331424,100.0
2024,RB,A,P0,age_s1,-0.18066758646137396,100.0
2024,RB,A,P0,age_s2,-0.11661861086037577,100.0
2024,RB,A,P0,age_s3,-0.026124453892989254,100.0
2024,RB,A,P1,h_targets_pg,-0.26271136005833823,17.78279410038923
2024,RB,A,P1,h_carries_pg,0.3062255284406659,17.78279410038923
2024,RB,A,P1,h_touches_pg,0.1951581896477065,17.78279410038923
2024,RB,A,P1,h_air_yards_pg,-0.16313264414309137,17.78279410038923
2024,RB,A,P1,h_target_share_full,0.008017715451828273,17.78279410038923
2024,RB,A,P1,h_air_yards_share_full,0.7940629240861754,17.78279410038923
2024,RB,A,P1,h_carry_share_full,-0.19581601561617398,17.78279410038923
2024,RB,A,P1,h_wopr_full,0.11516478246080303,17.78279410038923
2024,RB,A,P1,h_u_rec,0.2428803086536057,17.78279410038923
2024,RB,A,P1,h_u_rush,-0.250013123701431,17.78279410038923
2024,RB,A,P1,h_u_tot,-0.14980673541203815,17.78279410038923
2024,RB,A,P1,G_last,0.6273412962525168,17.78279410038923
2024,RB,A,P1,G_wtd,-0.29698735419844674,17.78279410038923
2024,RB,A,P1,avail_wtd,0.03880342428584468,17.78279410038923
2024,RB,A,P1,h_adot,-0.4580187560415001,17.78279410038923
2024,RB,A,P1,h_ypr,-0.1670750666348456,17.78279410038923
2024,RB,A,P1,h_catch_rate,0.3301298225090978,17.78279410038923
2024,RB,A,P1,h_racr_w,-0.1888950578933844,17.78279410038923
2024,RB,A,P1,oldenv_tm_pass_att_pg,-0.0639954579806425,17.78279410038923
2024,RB,A,P1,oldenv_tm_tgt_pg,0.45103761855178354,17.78279410038923
2024,RB,A,P1,oldenv_tm_ay_pg,0.12454283883209663,17.78279410038923
2024,RB,A,P1,oldenv_tm_car_pg,-0.08933123640683917,17.78279410038923
2024,RB,A,P1,oldenv_tm_plays_pg,-0.1600000949394791,17.78279410038923
2024,RB,A,P1,oldenv_tm_pass_rate,-0.3140307046653543,17.78279410038923
2024,RB,A,P1,oldenv_tm_td_pg,0.06601794623229307,17.78279410038923
2024,RB,A,P1,oldenv_tm_pass_yds_pg,0.08761923324210691,17.78279410038923
2024,RB,A,P1,expr,-0.6869302646416486,17.78279410038923
2024,RB,A,P1,log_draft_pick,-0.8829430252677758,17.78279410038923
2024,RB,A,P1,mu_hat,2.1462836408217276,17.78279410038923
2024,RB,A,P1,age_s0,-0.3668363353545581,17.78279410038923
2024,RB,A,P1,age_s1,-0.1767565638582563,17.78279410038923
2024,RB,A,P1,age_s2,-0.024932230702873363,17.78279410038923
2024,RB,A,P1,age_s3,0.19136128475678374,17.78279410038923
2019,WR,B,P0,h_targets_pg,0.2249782564548653,316.22776601683796
2019,WR,B,P0,h_carries_pg,0.008868506279344681,316.22776601683796
2019,WR,B,P0,h_touches_pg,0.22264401530207117,316.22776601683796
2019,WR,B,P0,h_air_yards_pg,0.11750621771341672,316.22776601683796
2019,WR,B,P0,h_target_share_full,0.21874108978883414,316.22776601683796
2019,WR,B,P0,h_air_yards_share_full,0.1403448536026836,316.22776601683796
2019,WR,B,P0,h_carry_share_full,0.026513859168309676,316.22776601683796
2019,WR,B,P0,h_wopr_full,0.194258301270506,316.22776601683796
2019,WR,B,P0,h_u_rec,0.22159366838231964,316.22776601683796
2019,WR,B,P0,h_u_rush,0.022236922063157284,316.22776601683796
2019,WR,B,P0,h_u_tot,0.2211916776736865,316.22776601683796
2019,WR,B,P0,G_last,0.08243363277256509,316.22776601683796
2019,WR,B,P0,G_wtd,0.026290260234132987,316.22776601683796
2019,WR,B,P0,avail_wtd,0.06499401403781895,316.22776601683796
2019,WR,B,P0,h_adot,-0.035442707370507115,316.22776601683796
2019,WR,B,P0,h_ypr,0.09222597252257009,316.22776601683796
2019,WR,B,P0,h_catch_rate,-0.09290318811229198,316.22776601683796
2019,WR,B,P0,h_racr_w,0.17241618642666529,316.22776601683796
2019,WR,B,P0,oldenv_tm_pass_att_pg,-0.022984374147548496,316.22776601683796
2019,WR,B,P0,oldenv_tm_tgt_pg,-0.03611219806079044,316.22776601683796
2019,WR,B,P0,oldenv_tm_ay_pg,-0.06119103246922788,316.22776601683796
2019,WR,B,P0,oldenv_tm_car_pg,0.018362589148306824,316.22776601683796
2019,WR,B,P0,oldenv_tm_plays_pg,-0.009977590082587414,316.22776601683796
2019,WR,B,P0,oldenv_tm_pass_rate,-0.01939155099812687,316.22776601683796
2019,WR,B,P0,oldenv_tm_td_pg,0.2018018802165688,316.22776601683796
2019,WR,B,P0,oldenv_tm_pass_yds_pg,0.18414849933182012,316.22776601683796
2019,WR,B,P0,expr,-0.07622407977510552,316.22776601683796
2019,WR,B,P0,log_draft_pick,0.024567899214929047,316.22776601683796
2019,WR,B,P0,snap_share,0.13597264170978846,316.22776601683796
2019,WR,B,P0,pass_snap_share,0.11663463835162867,316.22776601683796
2019,WR,B,P0,routes_proxy_pg,0.010573034407846965,316.22776601683796
2019,WR,B,P0,tprr_proxy,0.19925766525211153,316.22776601683796
2019,WR,B,P0,yprr_proxy,0.18960093289703325,316.22776601683796
2019,WR,B,P0,rz_targets_pg,0.10450123197942959,316.22776601683796
2019,WR,B,P0,i10_targets_pg,0.10821329186665819,316.22776601683796
2019,WR,B,P0,ez_targets_pg,0.10471233812756998,316.22776601683796
2019,WR,B,P0,third_down_targets_pg,0.16480967843998456,316.22776601683796
2019,WR,B,P0,deep_targets_pg,0.1169223725183195,316.22776601683796
2019,WR,B,P0,deep_target_rate,0.03693045254293042,316.22776601683796
2019,WR,B,P0,rz_target_share_of_own,-0.08163786220109674,316.22776601683796
2019,WR,B,P0,ngs_avg_separation,0.20853786233711824,316.22776601683796
2019,WR,B,P0,ngs_avg_cushion,-0.03686715709333577,316.22776601683796
2019,WR,B,P0,ngs_avg_yac_above_expectation,0.08726269335494519,316.22776601683796
2019,WR,B,P0,ngs_percent_share_of_intended_air_yards,0.06045323937768641,316.22776601683796
2019,WR,B,P0,pfr_adot,-0.025308429273299654,316.22776601683796
2019,WR,B,P0,pfr_ybc_per_rec,-0.08970258214551825,316.22776601683796
2019,WR,B,P0,pfr_yac_per_rec,0.08774250024471289,316.22776601683796
2019,WR,B,P0,pfr_drop_pct,-0.040580701388249076,316.22776601683796
2019,WR,B,P0,pfr_rec_per_broken_tackle,-0.024910260686586996,316.22776601683796
2019,WR,B,P0,target_epa,0.22539658307524454,316.22776601683796
2019,WR,B,P0,tc_neutral_proe,0.002073071473516288,316.22776601683796
2019,WR,B,P0,tc_neutral_sec_per_play,-0.08128151606888327,316.22776601683796
2019,WR,B,P0,tc_off_epa,-0.02686556132473811,316.22776601683796
2019,WR,B,P0,tc_rz_td_rate,0.06593101769269719,316.22776601683796
2019,WR,B,P0,tc_off_plays_pg,0.0922802422295475,316.22776601683796
2019,WR,B,P0,tc_pass_rate,0.044417791781617956,316.22776601683796
2019,WR,B,P0,age_s0,-0.12732735940203094,316.22776601683796
2019,WR,B,P0,age_s1,-0.10240003211306141,316.22776601683796
2019,WR,B,P0,age_s2,-0.09702627088579796,316.22776601683796
2019,WR,B,P0,age_s3,-0.09181974044100585,316.22776601683796
2019,WR,B,P1,h_targets_pg,0.19136369551641463,316.22776601683796
2019,WR,B,P1,h_carries_pg,0.0005400929979759193,316.22776601683796
2019,WR,B,P1,h_touches_pg,0.1879757584766913,316.22776601683796
2019,WR,B,P1,h_air_yards_pg,0.09467742292017414,316.22776601683796
2019,WR,B,P1,h_target_share_full,0.20062668712379814,316.22776601683796
2019,WR,B,P1,h_air_yards_share_full,0.1295409705013702,316.22776601683796
2019,WR,B,P1,h_carry_share_full,0.018471124804538858,316.22776601683796
2019,WR,B,P1,h_wopr_full,0.1785154685413686,316.22776601683796
2019,WR,B,P1,h_u_rec,0.20018412813482309,316.22776601683796
2019,WR,B,P1,h_u_rush,0.015009399225638403,316.22776601683796
2019,WR,B,P1,h_u_tot,0.19902194737859438,316.22776601683796
2019,WR,B,P1,G_last,0.09845764174756802,316.22776601683796
2019,WR,B,P1,G_wtd,0.035556494009035454,316.22776601683796
2019,WR,B,P1,avail_wtd,0.07451196013470393,316.22776601683796
2019,WR,B,P1,h_adot,-0.03182368625774876,316.22776601683796
2019,WR,B,P1,h_ypr,0.08455125494604265,316.22776601683796
2019,WR,B,P1,h_catch_rate,-0.0926920147033147,316.22776601683796
2019,WR,B,P1,h_racr_w,0.16204122544474286,316.22776601683796
2019,WR,B,P1,oldenv_tm_pass_att_pg,-0.02681609567279873,316.22776601683796
2019,WR,B,P1,oldenv_tm_tgt_pg,-0.04131887189035507,316.22776601683796
2019,WR,B,P1,oldenv_tm_ay_pg,-0.06354071548155289,316.22776601683796
2019,WR,B,P1,oldenv_tm_car_pg,0.020951305090711633,316.22776601683796
2019,WR,B,P1,oldenv_tm_plays_pg,-0.012100604857861576,316.22776601683796
2019,WR,B,P1,oldenv_tm_pass_rate,-0.022624171778027294,316.22776601683796
2019,WR,B,P1,oldenv_tm_td_pg,0.18825950038353093,316.22776601683796
2019,WR,B,P1,oldenv_tm_pass_yds_pg,0.1734983873878783,316.22776601683796
2019,WR,B,P1,expr,-0.08592542518939955,316.22776601683796
2019,WR,B,P1,log_draft_pick,0.024002694301290428,316.22776601683796
2019,WR,B,P1,snap_share,0.12592628163975517,316.22776601683796
2019,WR,B,P1,pass_snap_share,0.11793381837680536,316.22776601683796
2019,WR,B,P1,routes_proxy_pg,-0.0003945491221937462,316.22776601683796
2019,WR,B,P1,tprr_proxy,0.1722997705030409,316.22776601683796
2019,WR,B,P1,yprr_proxy,0.14922434305860927,316.22776601683796
2019,WR,B,P1,rz_targets_pg,0.08761135391857189,316.22776601683796
2019,WR,B,P1,i10_targets_pg,0.08805548425388636,316.22776601683796
2019,WR,B,P1,ez_targets_pg,0.09388174745834062,316.22776601683796
2019,WR,B,P1,third_down_targets_pg,0.14767556295548512,316.22776601683796
2019,WR,B,P1,deep_targets_pg,0.1097317470426913,316.22776601683796
2019,WR,B,P1,deep_target_rate,0.04321239114452241,316.22776601683796
2019,WR,B,P1,rz_target_share_of_own,-0.08025731143145792,316.22776601683796
2019,WR,B,P1,ngs_avg_separation,0.20123033877036725,316.22776601683796
2019,WR,B,P1,ngs_avg_cushion,-0.0369755621449171,316.22776601683796
2019,WR,B,P1,ngs_avg_yac_above_expectation,0.07568662333418516,316.22776601683796
2019,WR,B,P1,ngs_percent_share_of_intended_air_yards,0.05129091889943336,316.22776601683796
2019,WR,B,P1,pfr_adot,-0.020740563298412517,316.22776601683796
2019,WR,B,P1,pfr_ybc_per_rec,-0.09429579586461295,316.22776601683796
2019,WR,B,P1,pfr_yac_per_rec,0.08544914210207007,316.22776601683796
2019,WR,B,P1,pfr_drop_pct,-0.03825559247095204,316.22776601683796
2019,WR,B,P1,pfr_rec_per_broken_tackle,-0.019512876181933494,316.22776601683796
2019,WR,B,P1,target_epa,0.1917768287098911,316.22776601683796
2019,WR,B,P1,tc_neutral_proe,0.0003380434862973998,316.22776601683796
2019,WR,B,P1,tc_neutral_sec_per_play,-0.07423358562776966,316.22776601683796
2019,WR,B,P1,tc_off_epa,-0.03165839013953251,316.22776601683796
2019,WR,B,P1,tc_rz_td_rate,0.0580709817637759,316.22776601683796
2019,WR,B,P1,tc_off_plays_pg,0.09063587441450675,316.22776601683796
2019,WR,B,P1,tc_pass_rate,0.04269524814239518,316.22776601683796
2019,WR,B,P1,mu_hat,0.3528016367904924,316.22776601683796
2019,WR,B,P1,age_s0,-0.13724670767703417,316.22776601683796
2019,WR,B,P1,age_s1,-0.11124651523564143,316.22776601683796
2019,WR,B,P1,age_s2,-0.10545293841908618,316.22776601683796
2019,WR,B,P1,age_s3,-0.09914665457343133,316.22776601683796
2019,RB,B,P0,h_targets_pg,0.3494465980827968,100.0
2019,RB,B,P0,h_carries_pg,0.20710203054527004,100.0
2019,RB,B,P0,h_touches_pg,0.2821243758055961,100.0
2019,RB,B,P0,h_air_yards_pg,0.09956873333850731,100.0
2019,RB,B,P0,h_target_share_full,0.11558371847441187,100.0
2019,RB,B,P0,h_air_yards_share_full,0.027949817028527554,100.0
2019,RB,B,P0,h_carry_share_full,0.07052700849889355,100.0
2019,RB,B,P0,h_wopr_full,0.11345411083650062,100.0
2019,RB,B,P0,h_u_rec,0.19289248740142598,100.0
2019,RB,B,P0,h_u_rush,0.09251496086656347,100.0
2019,RB,B,P0,h_u_tot,0.13321432787915508,100.0
2019,RB,B,P0,G_last,0.15459800411728278,100.0
2019,RB,B,P0,G_wtd,-0.1445046577798228,100.0
2019,RB,B,P0,avail_wtd,-0.21018772132929905,100.0
2019,RB,B,P0,h_adot,-0.16431061653641824,100.0
2019,RB,B,P0,h_ypr,0.4264065687734838,100.0
2019,RB,B,P0,h_catch_rate,0.004103707866834241,100.0
2019,RB,B,P0,h_racr_w,-0.07101891344413795,100.0
2019,RB,B,P0,oldenv_tm_pass_att_pg,0.1667124843938679,100.0
2019,RB,B,P0,oldenv_tm_tgt_pg,0.13007191744514895,100.0
2019,RB,B,P0,oldenv_tm_ay_pg,-0.1681482817801682,100.0
2019,RB,B,P0,oldenv_tm_car_pg,-0.1828291298941412,100.0
2019,RB,B,P0,oldenv_tm_plays_pg,0.023622730352533386,100.0
2019,RB,B,P0,oldenv_tm_pass_rate,0.1542640028783803,100.0
2019,RB,B,P0,oldenv_tm_td_pg,-0.005830139987933611,100.0
2019,RB,B,P0,oldenv_tm_pass_yds_pg,-0.04414728430938631,100.0
2019,RB,B,P0,expr,-0.20973246542585286,100.0
2019,RB,B,P0,log_draft_pick,-0.36105250007766104,100.0
2019,RB,B,P0,snap_share,0.26443532218438515,100.0
2019,RB,B,P0,pass_snap_share,-0.19257758670098643,100.0
2019,RB,B,P0,run_snap_share,0.22354416909603123,100.0
2019,RB,B,P0,routes_proxy,-0.020455402700854455,100.0
2019,RB,B,P0,tprr_proxy,0.0528705981751694,100.0
2019,RB,B,P0,gl5_carries_pg,0.0487653231229367,100.0
2019,RB,B,P0,gl10_carries_pg,0.03271763122016813,100.0
2019,RB,B,P0,third_down_carries_pg,0.020237924867950237,100.0
2019,RB,B,P0,explosive_run_rate,0.10371937823882975,100.0
2019,RB,B,P0,rush_epa_per_att,0.08951632153763799,100.0
2019,RB,B,P0,ngs_ryoe_per_att,0.4728079208424567,100.0
2019,RB,B,P0,ngs_efficiency,0.03141214571806845,100.0
2019,RB,B,P0,ngs_percent_attempts_gte_eight_defenders,-0.16599230819837582,100.0
2019,RB,B,P0,pfr_ybc_per_att,0.08047391896007361,100.0
2019,RB,B,P0,pfr_yac_per_att,-0.1808870795903951,100.0
2019,RB,B,P0,pfr_att_per_broken_tackle,-0.32016467773087726,100.0
2019,RB,B,P0,opportunity_pg,0.590543284920097,100.0
2019,RB,B,P0,rz_targets_pg,0.20771587970377417,100.0
2019,RB,B,P0,tc_neutral_proe,-0.19832051939028,100.0
2019,RB,B,P0,tc_neutral_sec_per_play,0.08901186079735189,100.0
2019,RB,B,P0,tc_off_epa,0.21524658876387193,100.0
2019,RB,B,P0,tc_rz_td_rate,0.22609926387178306,100.0
2019,RB,B,P0,tc_off_plays_pg,0.2401655010914341,100.0
2019,RB,B,P0,tc_pass_rate,-0.40460797312890256,100.0
2019,RB,B,P0,age_s0,-0.11960863487521625,100.0
2019,RB,B,P0,age_s1,-0.14326031817888715,100.0
2019,RB,B,P0,age_s2,-0.15120825113418518,100.0
2019,RB,B,P0,age_s3,-0.15917909575155562,100.0
2019,RB,B,P1,h_targets_pg,0.25811836276788497,100.0
2019,RB,B,P1,h_carries_pg,0.13476509374122256,100.0
2019,RB,B,P1,h_touches_pg,0.19266257546001775,100.0
2019,RB,B,P1,h_air_yards_pg,0.07520127586140987,100.0
2019,RB,B,P1,h_target_share_full,0.06720973288972605,100.0
2019,RB,B,P1,h_air_yards_share_full,0.02862989557429771,100.0
2019,RB,B,P1,h_carry_share_full,0.038819961070560204,100.0
2019,RB,B,P1,h_wopr_full,0.06762424241227144,100.0
2019,RB,B,P1,h_u_rec,0.13625544638511786,100.0
2019,RB,B,P1,h_u_rush,0.056987398182689615,100.0
2019,RB,B,P1,h_u_tot,0.08695129219479314,100.0
2019,RB,B,P1,G_last,0.19035749284955994,100.0
2019,RB,B,P1,G_wtd,-0.11840416664984897,100.0
2019,RB,B,P1,avail_wtd,-0.18247159579413463,100.0
2019,RB,B,P1,h_adot,-0.14021050910219646,100.0
2019,RB,B,P1,h_ypr,0.37143846091388216,100.0
2019,RB,B,P1,h_catch_rate,0.015518502772313082,100.0
2019,RB,B,P1,h_racr_w,-0.06437522733621008,100.0
2019,RB,B,P1,oldenv_tm_pass_att_pg,0.16290924073441268,100.0
2019,RB,B,P1,oldenv_tm_tgt_pg,0.123043302811136,100.0
2019,RB,B,P1,oldenv_tm_ay_pg,-0.16375117357566632,100.0
2019,RB,B,P1,oldenv_tm_car_pg,-0.18154368763423667,100.0
2019,RB,B,P1,oldenv_tm_plays_pg,0.020377541287280313,100.0
2019,RB,B,P1,oldenv_tm_pass_rate,0.15099942485582424,100.0
2019,RB,B,P1,oldenv_tm_td_pg,-0.02071662592176399,100.0
2019,RB,B,P1,oldenv_tm_pass_yds_pg,-0.0431638100808121,100.0
2019,RB,B,P1,expr,-0.23300583126603258,100.0
2019,RB,B,P1,log_draft_pick,-0.3529290626378996,100.0
2019,RB,B,P1,snap_share,0.2130058116831755,100.0
2019,RB,B,P1,pass_snap_share,-0.18093584491844322,100.0
2019,RB,B,P1,run_snap_share,0.23067102101620018,100.0
2019,RB,B,P1,routes_proxy,-0.013341961006899048,100.0
2019,RB,B,P1,tprr_proxy,0.006464216489584674,100.0
2019,RB,B,P1,gl5_carries_pg,0.0001331723363970141,100.0
2019,RB,B,P1,gl10_carries_pg,-0.016158976772756666,100.0
2019,RB,B,P1,third_down_carries_pg,-0.000742793532467448,100.0
2019,RB,B,P1,explosive_run_rate,0.10108277989697162,100.0
2019,RB,B,P1,rush_epa_per_att,0.05144561895286139,100.0
2019,RB,B,P1,ngs_ryoe_per_att,0.4390069558916128,100.0
2019,RB,B,P1,ngs_efficiency,0.0286999792507496,100.0
2019,RB,B,P1,ngs_percent_attempts_gte_eight_defenders,-0.17860781047437826,100.0
2019,RB,B,P1,pfr_ybc_per_att,0.059159123635630924,100.0
2019,RB,B,P1,pfr_yac_per_att,-0.1984927309399254,100.0
2019,RB,B,P1,pfr_att_per_broken_tackle,-0.30881331546363894,100.0
2019,RB,B,P1,opportunity_pg,0.5201300562586944,100.0
2019,RB,B,P1,rz_targets_pg,0.19099379356593577,100.0
2019,RB,B,P1,tc_neutral_proe,-0.20464766795509004,100.0
2019,RB,B,P1,tc_neutral_sec_per_play,0.09469650444027772,100.0
2019,RB,B,P1,tc_off_epa,0.2028340012159672,100.0
2019,RB,B,P1,tc_rz_td_rate,0.21123743044787296,100.0
2019,RB,B,P1,tc_off_plays_pg,0.23891147690657344,100.0
2019,RB,B,P1,tc_pass_rate,-0.3892029248179736,100.0
2019,RB,B,P1,mu_hat,0.6882249062382026,100.0
2019,RB,B,P1,age_s0,-0.1341061730416442,100.0
2019,RB,B,P1,age_s1,-0.14068398328841217,100.0
2019,RB,B,P1,age_s2,-0.14496963181378097,100.0
2019,RB,B,P1,age_s3,-0.15051420776729493,100.0
2020,WR,B,P0,h_targets_pg,0.20078749468111573,316.22776601683796
2020,WR,B,P0,h_carries_pg,0.003081759688259151,316.22776601683796
2020,WR,B,P0,h_touches_pg,0.19705535318606296,316.22776601683796
2020,WR,B,P0,h_air_yards_pg,0.07696576560925228,316.22776601683796
2020,WR,B,P0,h_target_share_full,0.2196558069507096,316.22776601683796
2020,WR,B,P0,h_air_yards_share_full,0.1330625423289606,316.22776601683796
2020,WR,B,P0,h_carry_share_full,-0.005713716644762144,316.22776601683796
2020,WR,B,P0,h_wopr_full,0.19158417752397797,316.22776601683796
2020,WR,B,P0,h_u_rec,0.21677729844894097,316.22776601683796
2020,WR,B,P0,h_u_rush,0.005564400648030004,316.22776601683796
2020,WR,B,P0,h_u_tot,0.21354717262668704,316.22776601683796
2020,WR,B,P0,G_last,0.0885545004437244,316.22776601683796
2020,WR,B,P0,G_wtd,0.0652333800775605,316.22776601683796
2020,WR,B,P0,avail_wtd,0.08640124357901742,316.22776601683796
2020,WR,B,P0,h_adot,-0.03054168726444219,316.22776601683796
2020,WR,B,P0,h_ypr,0.08409254630343521,316.22776601683796
2020,WR,B,P0,h_catch_rate,-0.004730992247861697,316.22776601683796
2020,WR,B,P0,h_racr_w,0.16623787447163832,316.22776601683796
2020,WR,B,P0,oldenv_tm_pass_att_pg,-0.0033364320725014834,316.22776601683796
2020,WR,B,P0,oldenv_tm_tgt_pg,0.006353246282222241,316.22776601683796
2020,WR,B,P0,oldenv_tm_ay_pg,-0.0635511478001066,316.22776601683796
2020,WR,B,P0,oldenv_tm_car_pg,0.06857835965544376,316.22776601683796
2020,WR,B,P0,oldenv_tm_plays_pg,0.0632391969241919,316.22776601683796
2020,WR,B,P0,oldenv_tm_pass_rate,-0.027053539971102953,316.22776601683796
2020,WR,B,P0,oldenv_tm_td_pg,0.20497517049467748,316.22776601683796
2020,WR,B,P0,oldenv_tm_pass_yds_pg,0.11478458144584101,316.22776601683796
2020,WR,B,P0,expr,-0.11858162022396486,316.22776601683796
2020,WR,B,P0,log_draft_pick,-0.03675437759924151,316.22776601683796
2020,WR,B,P0,snap_share,0.10767867146503551,316.22776601683796
2020,WR,B,P0,pass_snap_share,0.15636016062100863,316.22776601683796
2020,WR,B,P0,routes_proxy_pg,0.01311130001006806,316.22776601683796
2020,WR,B,P0,tprr_proxy,0.21948028930821578,316.22776601683796
2020,WR,B,P0,yprr_proxy,0.20961532170978378,316.22776601683796
2020,WR,B,P0,rz_targets_pg,0.11260037176177999,316.22776601683796
2020,WR,B,P0,i10_targets_pg,0.1873827658482383,316.22776601683796
2020,WR,B,P0,ez_targets_pg,0.0672086027149306,316.22776601683796
2020,WR,B,P0,third_down_targets_pg,0.18367729147953266,316.22776601683796
2020,WR,B,P0,deep_targets_pg,0.03919755804763415,316.22776601683796
2020,WR,B,P0,deep_target_rate,-0.016680070581173823,316.22776601683796
2020,WR,B,P0,rz_target_share_of_own,-0.06747291809290715,316.22776601683796
2020,WR,B,P0,ngs_avg_separation,0.12239813980828354,316.22776601683796
2020,WR,B,P0,ngs_avg_cushion,-0.021650521746506415,316.22776601683796
2020,WR,B,P0,ngs_avg_yac_above_expectation,0.14887877049641712,316.22776601683796
2020,WR,B,P0,ngs_percent_share_of_intended_air_yards,0.06506696447084831,316.22776601683796
2020,WR,B,P0,pfr_adot,-0.04338734626320088,316.22776601683796
2020,WR,B,P0,pfr_ybc_per_rec,-0.07562203896524872,316.22776601683796
2020,WR,B,P0,pfr_yac_per_rec,0.06075187931222467,316.22776601683796
2020,WR,B,P0,pfr_drop_pct,-0.03226210199317125,316.22776601683796
2020,WR,B,P0,pfr_rec_per_broken_tackle,0.01085999702372958,316.22776601683796
2020,WR,B,P0,target_epa,0.20309166388125807,316.22776601683796
2020,WR,B,P0,tc_neutral_proe,0.006189939595983846,316.22776601683796
2020,WR,B,P0,tc_neutral_sec_per_play,-0.15141934372917235,316.22776601683796
2020,WR,B,P0,tc_off_epa,-0.017773439371413235,316.22776601683796
2020,WR,B,P0,tc_rz_td_rate,0.08084076464338875,316.22776601683796
2020,WR,B,P0,tc_off_plays_pg,0.08488289754137364,316.22776601683796
2020,WR,B,P0,tc_pass_rate,0.06344041163110598,316.22776601683796
2020,WR,B,P0,age_s0,-0.12252762618685596,316.22776601683796
2020,WR,B,P0,age_s1,-0.044524120673317305,316.22776601683796
2020,WR,B,P0,age_s2,-0.02584490537672522,316.22776601683796
2020,WR,B,P0,age_s3,-0.005999716679280112,316.22776601683796
2020,WR,B,P1,h_targets_pg,0.1728133526762352,316.22776601683796
2020,WR,B,P1,h_carries_pg,-0.0040176766226354,316.22776601683796
2020,WR,B,P1,h_touches_pg,0.16830277839220464,316.22776601683796
2020,WR,B,P1,h_air_yards_pg,0.05899685513277882,316.22776601683796
2020,WR,B,P1,h_target_share_full,0.2048178447466596,316.22776601683796
2020,WR,B,P1,h_air_yards_share_full,0.12411384096212771,316.22776601683796
2020,WR,B,P1,h_carry_share_full,-0.01250244086879475,316.22776601683796
2020,WR,B,P1,h_wopr_full,0.17865929052418492,316.22776601683796
2020,WR,B,P1,h_u_rec,0.19890823249072503,316.22776601683796
2020,WR,B,P1,h_u_rush,-0.00025709843411917505,316.22776601683796
2020,WR,B,P1,h_u_tot,0.19511855863471764,316.22776601683796
2020,WR,B,P1,G_last,0.0997613000381134,316.22776601683796
2020,WR,B,P1,G_wtd,0.07270230845430171,316.22776601683796
2020,WR,B,P1,avail_wtd,0.09502536662592045,316.22776601683796
2020,WR,B,P1,h_adot,-0.02456847543187322,316.22776601683796
2020,WR,B,P1,h_ypr,0.07712104815674595,316.22776601683796
2020,WR,B,P1,h_catch_rate,-0.0033774533076471134,316.22776601683796
2020,WR,B,P1,h_racr_w,0.1582496989631774,316.22776601683796
2020,WR,B,P1,oldenv_tm_pass_att_pg,-0.005367639357684518,316.22776601683796
2020,WR,B,P1,oldenv_tm_tgt_pg,0.004342359275419294,316.22776601683796
2020,WR,B,P1,oldenv_tm_ay_pg,-0.06425762452381396,316.22776601683796
2020,WR,B,P1,oldenv_tm_car_pg,0.07077350241232419,316.22776601683796
2020,WR,B,P1,oldenv_tm_plays_pg,0.06298343964178005,316.22776601683796
2020,WR,B,P1,oldenv_tm_pass_rate,-0.029458800584580294,316.22776601683796
2020,WR,B,P1,oldenv_tm_td_pg,0.19297344357578025,316.22776601683796
2020,WR,B,P1,oldenv_tm_pass_yds_pg,0.1065401994960537,316.22776601683796
2020,WR,B,P1,expr,-0.12543701176830466,316.22776601683796
2020,WR,B,P1,log_draft_pick,-0.035186454901361554,316.22776601683796
2020,WR,B,P1,snap_share,0.0946355612025724,316.22776601683796
2020,WR,B,P1,pass_snap_share,0.1572739674463114,316.22776601683796
2020,WR,B,P1,routes_proxy_pg,0.0006837746190373941,316.22776601683796
2020,WR,B,P1,tprr_proxy,0.1976801068096391,316.22776601683796
2020,WR,B,P1,yprr_proxy,0.18001403673399413,316.22776601683796
2020,WR,B,P1,rz_targets_pg,0.09524608896199091,316.22776601683796
2020,WR,B,P1,i10_targets_pg,0.16760969495767364,316.22776601683796
2020,WR,B,P1,ez_targets_pg,0.05858053157812558,316.22776601683796
2020,WR,B,P1,third_down_targets_pg,0.1732704210917933,316.22776601683796
2020,WR,B,P1,deep_targets_pg,0.0285738314010151,316.22776601683796
2020,WR,B,P1,deep_target_rate,-0.0127094126813848,316.22776601683796
2020,WR,B,P1,rz_target_share_of_own,-0.07063346392918339,316.22776601683796
2020,WR,B,P1,ngs_avg_separation,0.11595911853328057,316.22776601683796
2020,WR,B,P1,ngs_avg_cushion,-0.021512375353900808,316.22776601683796
2020,WR,B,P1,ngs_avg_yac_above_expectation,0.13906617070507596,316.22776601683796
2020,WR,B,P1,ngs_percent_share_of_intended_air_yards,0.058879681087141325,316.22776601683796
2020,WR,B,P1,pfr_adot,-0.03757722314739924,316.22776601683796
2020,WR,B,P1,pfr_ybc_per_rec,-0.07802356505175018,316.22776601683796
2020,WR,B,P1,pfr_yac_per_rec,0.05563592138066269,316.22776601683796
2020,WR,B,P1,pfr_drop_pct,-0.02856762137162422,316.22776601683796
2020,WR,B,P1,pfr_rec_per_broken_tackle,0.013909054328825795,316.22776601683796
2020,WR,B,P1,target_epa,0.18278797050086337,316.22776601683796
2020,WR,B,P1,tc_neutral_proe,0.003587289600908709,316.22776601683796
2020,WR,B,P1,tc_neutral_sec_per_play,-0.14484257733332384,316.22776601683796
2020,WR,B,P1,tc_off_epa,-0.024483743220968333,316.22776601683796
2020,WR,B,P1,tc_rz_td_rate,0.0739222182734672,316.22776601683796
2020,WR,B,P1,tc_off_plays_pg,0.08500206772459415,316.22776601683796
2020,WR,B,P1,tc_pass_rate,0.0616015414422595,316.22776601683796
2020,WR,B,P1,mu_hat,0.29657910158073075,316.22776601683796
2020,WR,B,P1,age_s0,-0.12835682898365405,316.22776601683796
2020,WR,B,P1,age_s1,-0.050039653976846836,316.22776601683796
2020,WR,B,P1,age_s2,-0.03126597140678053,316.22776601683796
2020,WR,B,P1,age_s3,-0.011137420846178154,316.22776601683796
2020,RB,B,P0,h_targets_pg,0.28291703427898374,177.82794100389228
2020,RB,B,P0,h_carries_pg,0.24441055583253357,177.82794100389228
2020,RB,B,P0,h_touches_pg,0.2948566174641187,177.82794100389228
2020,RB,B,P0,h_air_yards_pg,0.009579252401497408,177.82794100389228
2020,RB,B,P0,h_target_share_full,0.1871110000468332,177.82794100389228
2020,RB,B,P0,h_air_yards_share_full,0.015239381500109892,177.82794100389228
2020,RB,B,P0,h_carry_share_full,0.07887122180809333,177.82794100389228
2020,RB,B,P0,h_wopr_full,0.17805929626217715,177.82794100389228
2020,RB,B,P0,h_u_rec,0.1878873955746343,177.82794100389228
2020,RB,B,P0,h_u_rush,0.10714271108470869,177.82794100389228
2020,RB,B,P0,h_u_tot,0.14614434505830037,177.82794100389228
2020,RB,B,P0,G_last,0.019992674064043585,177.82794100389228
2020,RB,B,P0,G_wtd,-0.13186539285855856,177.82794100389228
2020,RB,B,P0,avail_wtd,-0.13537393408729795,177.82794100389228
2020,RB,B,P0,h_adot,-0.16762166631050107,177.82794100389228
2020,RB,B,P0,h_ypr,0.27947928460330906,177.82794100389228
2020,RB,B,P0,h_catch_rate,-0.043893911139074954,177.82794100389228
2020,RB,B,P0,h_racr_w,0.028831581058052943,177.82794100389228
2020,RB,B,P0,oldenv_tm_pass_att_pg,0.07137531723661326,177.82794100389228
2020,RB,B,P0,oldenv_tm_tgt_pg,0.0712495568219964,177.82794100389228
2020,RB,B,P0,oldenv_tm_ay_pg,-0.13096477808969675,177.82794100389228
2020,RB,B,P0,oldenv_tm_car_pg,-0.07805354419343419,177.82794100389228
2020,RB,B,P0,oldenv_tm_plays_pg,0.011491568348210593,177.82794100389228
2020,RB,B,P0,oldenv_tm_pass_rate,0.07747762476979674,177.82794100389228
2020,RB,B,P0,oldenv_tm_td_pg,-0.055930931495543186,177.82794100389228
2020,RB,B,P0,oldenv_tm_pass_yds_pg,-0.04307961859416965,177.82794100389228
2020,RB,B,P0,expr,-0.12432668284564087,177.82794100389228
2020,RB,B,P0,log_draft_pick,-0.4308987715019368,177.82794100389228
2020,RB,B,P0,snap_share,0.27934775909623233,177.82794100389228
2020,RB,B,P0,pass_snap_share,-0.05461699504262707,177.82794100389228
2020,RB,B,P0,run_snap_share,0.12717965491010116,177.82794100389228
2020,RB,B,P0,routes_proxy,-0.018416098181338176,177.82794100389228
2020,RB,B,P0,tprr_proxy,0.03676904629116094,177.82794100389228
2020,RB,B,P0,gl5_carries_pg,0.11671630075382346,177.82794100389228
2020,RB,B,P0,gl10_carries_pg,0.08284240544515419,177.82794100389228
2020,RB,B,P0,third_down_carries_pg,-0.01519336220518079,177.82794100389228
2020,RB,B,P0,explosive_run_rate,0.1378981218565588,177.82794100389228
2020,RB,B,P0,rush_epa_per_att,0.029987006573886085,177.82794100389228
2020,RB,B,P0,ngs_ryoe_per_att,0.34000486605775304,177.82794100389228
2020,RB,B,P0,ngs_efficiency,-0.0945145919822392,177.82794100389228
2020,RB,B,P0,ngs_percent_attempts_gte_eight_defenders,0.07864320524039208,177.82794100389228
2020,RB,B,P0,pfr_ybc_per_att,0.04703270845835187,177.82794100389228
2020,RB,B,P0,pfr_yac_per_att,0.03639761137417955,177.82794100389228
2020,RB,B,P0,pfr_att_per_broken_tackle,-0.06758743621110856,177.82794100389228
2020,RB,B,P0,opportunity_pg,0.3547174023224155,177.82794100389228
2020,RB,B,P0,rz_targets_pg,0.17663172806466285,177.82794100389228
2020,RB,B,P0,tc_neutral_proe,-0.14573109912524215,177.82794100389228
2020,RB,B,P0,tc_neutral_sec_per_play,0.026149724203526535,177.82794100389228
2020,RB,B,P0,tc_off_epa,0.21046720601486826,177.82794100389228
2020,RB,B,P0,tc_rz_td_rate,0.1952880454212595,177.82794100389228
2020,RB,B,P0,tc_off_plays_pg,0.34004814521995674,177.82794100389228
2020,RB,B,P0,tc_pass_rate,-0.10233795829158686,177.82794100389228
2020,RB,B,P0,age_s0,-0.12247020907548249,177.82794100389228
2020,RB,B,P0,age_s1,-0.11766746019462636,177.82794100389228
2020,RB,B,P0,age_s2,-0.1207644475431252,177.82794100389228
2020,RB,B,P0,age_s3,-0.12321860413833621,177.82794100389228
2020,RB,B,P1,h_targets_pg,0.2286145084562864,177.82794100389228
2020,RB,B,P1,h_carries_pg,0.195799012728359,177.82794100389228
2020,RB,B,P1,h_touches_pg,0.2368052902733044,177.82794100389228
2020,RB,B,P1,h_air_yards_pg,-0.0006094090822216097,177.82794100389228
2020,RB,B,P1,h_target_share_full,0.15280158362307897,177.82794100389228
2020,RB,B,P1,h_air_yards_share_full,0.013377083632817496,177.82794100389228
2020,RB,B,P1,h_carry_share_full,0.05336776796524346,177.82794100389228
2020,RB,B,P1,h_wopr_full,0.14553335762529523,177.82794100389228
2020,RB,B,P1,h_u_rec,0.15068303213942805,177.82794100389228
2020,RB,B,P1,h_u_rush,0.07951594627583002,177.82794100389228
2020,RB,B,P1,h_u_tot,0.11179786332488803,177.82794100389228
2020,RB,B,P1,G_last,0.042184784575975756,177.82794100389228
2020,RB,B,P1,G_wtd,-0.11729991392437267,177.82794100389228
2020,RB,B,P1,avail_wtd,-0.12157627011392323,177.82794100389228
2020,RB,B,P1,h_adot,-0.1577995255976118,177.82794100389228
2020,RB,B,P1,h_ypr,0.24783638916003548,177.82794100389228
2020,RB,B,P1,h_catch_rate,-0.0356847432372291,177.82794100389228
2020,RB,B,P1,h_racr_w,0.0327690588995108,177.82794100389228
2020,RB,B,P1,oldenv_tm_pass_att_pg,0.06792016709133003,177.82794100389228
2020,RB,B,P1,oldenv_tm_tgt_pg,0.06695385204227057,177.82794100389228
2020,RB,B,P1,oldenv_tm_ay_pg,-0.12520887567940062,177.82794100389228
2020,RB,B,P1,oldenv_tm_car_pg,-0.07395916542350692,177.82794100389228
2020,RB,B,P1,oldenv_tm_plays_pg,0.011240635939948668,177.82794100389228
2020,RB,B,P1,oldenv_tm_pass_rate,0.07344774862410326,177.82794100389228
2020,RB,B,P1,oldenv_tm_td_pg,-0.06728817478365826,177.82794100389228
2020,RB,B,P1,oldenv_tm_pass_yds_pg,-0.04843085246824853,177.82794100389228
2020,RB,B,P1,expr,-0.13681248629547027,177.82794100389228
2020,RB,B,P1,log_draft_pick,-0.41661594497350773,177.82794100389228
2020,RB,B,P1,snap_share,0.24992716575162963,177.82794100389228
2020,RB,B,P1,pass_snap_share,-0.05021562597143462,177.82794100389228
2020,RB,B,P1,run_snap_share,0.1268183372023171,177.82794100389228
2020,RB,B,P1,routes_proxy,-0.015650933141763964,177.82794100389228
2020,RB,B,P1,tprr_proxy,0.00953536933093074,177.82794100389228
2020,RB,B,P1,gl5_carries_pg,0.09106127033501757,177.82794100389228
2020,RB,B,P1,gl10_carries_pg,0.05013705863291474,177.82794100389228
2020,RB,B,P1,third_down_carries_pg,-0.03256345517466486,177.82794100389228
2020,RB,B,P1,explosive_run_rate,0.12884328816695273,177.82794100389228
2020,RB,B,P1,rush_epa_per_att,0.007638931687211675,177.82794100389228
2020,RB,B,P1,ngs_ryoe_per_att,0.31830252282295735,177.82794100389228
2020,RB,B,P1,ngs_efficiency,-0.09300583871650187,177.82794100389228
2020,RB,B,P1,ngs_percent_attempts_gte_eight_defenders,0.06723395744202866,177.82794100389228
2020,RB,B,P1,pfr_ybc_per_att,0.034060488884971846,177.82794100389228
2020,RB,B,P1,pfr_yac_per_att,0.024173248701121298,177.82794100389228
2020,RB,B,P1,pfr_att_per_broken_tackle,-0.06326940478444183,177.82794100389228
2020,RB,B,P1,opportunity_pg,0.31208211887640425,177.82794100389228
2020,RB,B,P1,rz_targets_pg,0.15402946315154384,177.82794100389228
2020,RB,B,P1,tc_neutral_proe,-0.14762307972225214,177.82794100389228
2020,RB,B,P1,tc_neutral_sec_per_play,0.02547135972271059,177.82794100389228
2020,RB,B,P1,tc_off_epa,0.20405867687064463,177.82794100389228
2020,RB,B,P1,tc_rz_td_rate,0.18306526399406226,177.82794100389228
2020,RB,B,P1,tc_off_plays_pg,0.34163280737884655,177.82794100389228
2020,RB,B,P1,tc_pass_rate,-0.09485640337865837,177.82794100389228
2020,RB,B,P1,mu_hat,0.49083482752406865,177.82794100389228
2020,RB,B,P1,age_s0,-0.12695573437954752,177.82794100389228
2020,RB,B,P1,age_s1,-0.1173439149024662,177.82794100389228
2020,RB,B,P1,age_s2,-0.11858227661112913,177.82794100389228
2020,RB,B,P1,age_s3,-0.11879104711617541,177.82794100389228
2021,WR,B,P0,h_targets_pg,0.20465950685560114,316.22776601683796
2021,WR,B,P0,h_carries_pg,0.0012273136485549143,316.22776601683796
2021,WR,B,P0,h_touches_pg,0.20121898062952814,316.22776601683796
2021,WR,B,P0,h_air_yards_pg,0.11711042419150132,316.22776601683796
2021,WR,B,P0,h_target_share_full,0.22726061126336267,316.22776601683796
2021,WR,B,P0,h_air_yards_share_full,0.14533086660480785,316.22776601683796
2021,WR,B,P0,h_carry_share_full,0.05720008854563528,316.22776601683796
2021,WR,B,P0,h_wopr_full,0.20164820356903418,316.22776601683796
2021,WR,B,P0,h_u_rec,0.2406735720514554,316.22776601683796
2021,WR,B,P0,h_u_rush,0.041536210209395456,316.22776601683796
2021,WR,B,P0,h_u_tot,0.24281122805875474,316.22776601683796
2021,WR,B,P0,G_last,0.09528635636866745,316.22776601683796
2021,WR,B,P0,G_wtd,0.08885816907427639,316.22776601683796
2021,WR,B,P0,avail_wtd,0.14135291356838606,316.22776601683796
2021,WR,B,P0,h_adot,-0.011585070299830455,316.22776601683796
2021,WR,B,P0,h_ypr,0.07158930060243299,316.22776601683796
2021,WR,B,P0,h_catch_rate,-0.029532449829708034,316.22776601683796
2021,WR,B,P0,h_racr_w,0.0976590486971847,316.22776601683796
2021,WR,B,P0,oldenv_tm_pass_att_pg,-0.03569811249156609,316.22776601683796
2021,WR,B,P0,oldenv_tm_tgt_pg,-0.03545258880420786,316.22776601683796
2021,WR,B,P0,oldenv_tm_ay_pg,-0.022702749073073153,316.22776601683796
2021,WR,B,P0,oldenv_tm_car_pg,0.031373204622952795,316.22776601683796
2021,WR,B,P0,oldenv_tm_plays_pg,-0.011833968469055382,316.22776601683796
2021,WR,B,P0,oldenv_tm_pass_rate,-0.029312931384480295,316.22776601683796
2021,WR,B,P0,oldenv_tm_td_pg,0.17782054114284013,316.22776601683796
2021,WR,B,P0,oldenv_tm_pass_yds_pg,0.09033534642367581,316.22776601683796
2021,WR,B,P0,expr,-0.08648456185289012,316.22776601683796
2021,WR,B,P0,log_draft_pick,0.039148809140018344,316.22776601683796
2021,WR,B,P0,snap_share,0.10942737381814267,316.22776601683796
2021,WR,B,P0,pass_snap_share,0.09606663405839347,316.22776601683796
2021,WR,B,P0,routes_proxy_pg,-0.007426578810029612,316.22776601683796
2021,WR,B,P0,tprr_proxy,0.21134548369200254,316.22776601683796
2021,WR,B,P0,yprr_proxy,0.21728033500039975,316.22776601683796
2021,WR,B,P0,rz_targets_pg,0.13636282061077468,316.22776601683796
2021,WR,B,P0,i10_targets_pg,0.12199284860020011,316.22776601683796
2021,WR,B,P0,ez_targets_pg,0.11924072417173036,316.22776601683796
2021,WR,B,P0,third_down_targets_pg,0.15893439479998603,316.22776601683796
2021,WR,B,P0,deep_targets_pg,0.08790311512511632,316.22776601683796
2021,WR,B,P0,deep_target_rate,0.02978628183816473,316.22776601683796
2021,WR,B,P0,rz_target_share_of_own,-0.01953544973494048,316.22776601683796
2021,WR,B,P0,ngs_avg_separation,0.10129017735179696,316.22776601683796
2021,WR,B,P0,ngs_avg_cushion,-0.06662603572965412,316.22776601683796
2021,WR,B,P0,ngs_avg_yac_above_expectation,0.08873457570218898,316.22776601683796
2021,WR,B,P0,ngs_percent_share_of_intended_air_yards,0.03372474207083571,316.22776601683796
2021,WR,B,P0,pfr_adot,0.01696334577791823,316.22776601683796
2021,WR,B,P0,pfr_ybc_per_rec,-0.02009334187827919,316.22776601683796
2021,WR,B,P0,pfr_yac_per_rec,-0.02298474601649751,316.22776601683796
2021,WR,B,P0,pfr_drop_pct,-0.0006105607179024214,316.22776601683796
2021,WR,B,P0,pfr_rec_per_broken_tackle,-0.014551673420552013,316.22776601683796
2021,WR,B,P0,target_epa,0.2388921752383589,316.22776601683796
2021,WR,B,P0,tc_neutral_proe,0.01920846618143675,316.22776601683796
2021,WR,B,P0,tc_neutral_sec_per_play,-0.10439157640486477,316.22776601683796
2021,WR,B,P0,tc_off_epa,-0.06553305764041854,316.22776601683796
2021,WR,B,P0,tc_rz_td_rate,0.09373606393194929,316.22776601683796
2021,WR,B,P0,tc_off_plays_pg,0.059874660119194206,316.22776601683796
2021,WR,B,P0,tc_pass_rate,0.09213346471113629,316.22776601683796
2021,WR,B,P0,age_s0,-0.14480244092042652,316.22776601683796
2021,WR,B,P0,age_s1,-0.10824380445577914,316.22776601683796
2021,WR,B,P0,age_s2,-0.10204250695170779,316.22776601683796
2021,WR,B,P0,age_s3,-0.09694043148338202,316.22776601683796
2021,WR,B,P1,h_targets_pg,0.1777829942822932,316.22776601683796
2021,WR,B,P1,h_carries_pg,-0.004341566596586536,316.22776601683796
2021,WR,B,P1,h_touches_pg,0.17375209531028896,316.22776601683796
2021,WR,B,P1,h_air_yards_pg,0.09892277246039527,316.22776601683796
2021,WR,B,P1,h_target_share_full,0.2124645881010273,316.22776601683796
2021,WR,B,P1,h_air_yards_share_full,0.1359685631022214,316.22776601683796
2021,WR,B,P1,h_carry_share_full,0.05155514463142837,316.22776601683796
2021,WR,B,P1,h_wopr_full,0.1885614875376281,316.22776601683796
2021,WR,B,P1,h_u_rec,0.22303771852620402,316.22776601683796
2021,WR,B,P1,h_u_rush,0.036731341730564686,316.22776601683796
2021,WR,B,P1,h_u_tot,0.2247495672555914,316.22776601683796
2021,WR,B,P1,G_last,0.11000964866996,316.22776601683796
2021,WR,B,P1,G_wtd,0.09631037296312485,316.22776601683796
2021,WR,B,P1,avail_wtd,0.1492205597511803,316.22776601683796
2021,WR,B,P1,h_adot,-0.007743291856309349,316.22776601683796
2021,WR,B,P1,h_ypr,0.0643305920889646,316.22776601683796
2021,WR,B,P1,h_catch_rate,-0.028258900496337832,316.22776601683796
2021,WR,B,P1,h_racr_w,0.087645179047115,316.22776601683796
2021,WR,B,P1,oldenv_tm_pass_att_pg,-0.038124043893927595,316.22776601683796
2021,WR,B,P1,oldenv_tm_tgt_pg,-0.03852014087978804,316.22776601683796
2021,WR,B,P1,oldenv_tm_ay_pg,-0.023522930984857367,316.22776601683796
2021,WR,B,P1,oldenv_tm_car_pg,0.0336295255867741,316.22776601683796
2021,WR,B,P1,oldenv_tm_plays_pg,-0.0125167372873888,316.22776601683796
2021,WR,B,P1,oldenv_tm_pass_rate,-0.03185377821965011,316.22776601683796
2021,WR,B,P1,oldenv_tm_td_pg,0.1670009265793498,316.22776601683796
2021,WR,B,P1,oldenv_tm_pass_yds_pg,0.08206805801737793,316.22776601683796
2021,WR,B,P1,expr,-0.09412302965466106,316.22776601683796
2021,WR,B,P1,log_draft_pick,0.03945845564443885,316.22776601683796
2021,WR,B,P1,snap_share,0.1010302098219855,316.22776601683796
2021,WR,B,P1,pass_snap_share,0.09818542339627097,316.22776601683796
2021,WR,B,P1,routes_proxy_pg,-0.016391848229267033,316.22776601683796
2021,WR,B,P1,tprr_proxy,0.18976112052422514,316.22776601683796
2021,WR,B,P1,yprr_proxy,0.1825425787289818,316.22776601683796
2021,WR,B,P1,rz_targets_pg,0.12206170827691555,316.22776601683796
2021,WR,B,P1,i10_targets_pg,0.1079997348103095,316.22776601683796
2021,WR,B,P1,ez_targets_pg,0.11034878429919284,316.22776601683796
2021,WR,B,P1,third_down_targets_pg,0.14628485638667732,316.22776601683796
2021,WR,B,P1,deep_targets_pg,0.0804409763923039,316.22776601683796
2021,WR,B,P1,deep_target_rate,0.034701593176618896,316.22776601683796
2021,WR,B,P1,rz_target_share_of_own,-0.019206066695114342,316.22776601683796
2021,WR,B,P1,ngs_avg_separation,0.09483531443944619,316.22776601683796
2021,WR,B,P1,ngs_avg_cushion,-0.06750107105578769,316.22776601683796
2021,WR,B,P1,ngs_avg_yac_above_expectation,0.08067343704787583,316.22776601683796
2021,WR,B,P1,ngs_percent_share_of_intended_air_yards,0.02694467566297382,316.22776601683796
2021,WR,B,P1,pfr_adot,0.02139954412300331,316.22776601683796
2021,WR,B,P1,pfr_ybc_per_rec,-0.024153531267336867,316.22776601683796
2021,WR,B,P1,pfr_yac_per_rec,-0.025921177989216265,316.22776601683796
2021,WR,B,P1,pfr_drop_pct,0.0009580010653012245,316.22776601683796
2021,WR,B,P1,pfr_rec_per_broken_tackle,-0.010417821014040084,316.22776601683796
2021,WR,B,P1,target_epa,0.2112337665641604,316.22776601683796
2021,WR,B,P1,tc_neutral_proe,0.016330430362004756,316.22776601683796
2021,WR,B,P1,tc_neutral_sec_per_play,-0.09835985487811229,316.22776601683796
2021,WR,B,P1,tc_off_epa,-0.07133381382282358,316.22776601683796
2021,WR,B,P1,tc_rz_td_rate,0.08969565311643535,316.22776601683796
2021,WR,B,P1,tc_off_plays_pg,0.05874545229537642,316.22776601683796
2021,WR,B,P1,tc_pass_rate,0.09125962949875734,316.22776601683796
2021,WR,B,P1,mu_hat,0.2903635959405081,316.22776601683796
2021,WR,B,P1,age_s0,-0.15275493833101275,316.22776601683796
2021,WR,B,P1,age_s1,-0.11504213336754496,316.22776601683796
2021,WR,B,P1,age_s2,-0.10869595333940814,316.22776601683796
2021,WR,B,P1,age_s3,-0.10346443675400083,316.22776601683796
2021,RB,B,P0,h_targets_pg,0.2925394662578167,177.82794100389228
2021,RB,B,P0,h_carries_pg,0.19889718844134818,177.82794100389228
2021,RB,B,P0,h_touches_pg,0.2615843320069863,177.82794100389228
2021,RB,B,P0,h_air_yards_pg,0.11817689829005018,177.82794100389228
2021,RB,B,P0,h_target_share_full,0.1739762344314274,177.82794100389228
2021,RB,B,P0,h_air_yards_share_full,0.11947097375330143,177.82794100389228
2021,RB,B,P0,h_carry_share_full,0.10477124800692524,177.82794100389228
2021,RB,B,P0,h_wopr_full,0.1790393382421835,177.82794100389228
2021,RB,B,P0,h_u_rec,0.1783436866559074,177.82794100389228
2021,RB,B,P0,h_u_rush,0.09933248774608863,177.82794100389228
2021,RB,B,P0,h_u_tot,0.13777605260006515,177.82794100389228
2021,RB,B,P0,G_last,-0.04567720794628361,177.82794100389228
2021,RB,B,P0,G_wtd,-0.13463328719872958,177.82794100389228
2021,RB,B,P0,avail_wtd,-0.16145282851575998,177.82794100389228
2021,RB,B,P0,h_adot,-0.09326355082221165,177.82794100389228
2021,RB,B,P0,h_ypr,0.2039271068026904,177.82794100389228
2021,RB,B,P0,h_catch_rate,-0.028181152853436958,177.82794100389228
2021,RB,B,P0,h_racr_w,-0.021484207154441295,177.82794100389228
2021,RB,B,P0,oldenv_tm_pass_att_pg,0.08773797019173524,177.82794100389228
2021,RB,B,P0,oldenv_tm_tgt_pg,0.060341293671768235,177.82794100389228
2021,RB,B,P0,oldenv_tm_ay_pg,-0.1398458439300238,177.82794100389228
2021,RB,B,P0,oldenv_tm_car_pg,-0.12620258201337864,177.82794100389228
2021,RB,B,P0,oldenv_tm_plays_pg,-0.014665044730078803,177.82794100389228
2021,RB,B,P0,oldenv_tm_pass_rate,0.10271284988341915,177.82794100389228
2021,RB,B,P0,oldenv_tm_td_pg,-0.01824146537780684,177.82794100389228
2021,RB,B,P0,oldenv_tm_pass_yds_pg,-0.0013779551730711535,177.82794100389228
2021,RB,B,P0,expr,-0.15660911275449607,177.82794100389228
2021,RB,B,P0,log_draft_pick,-0.3075698097146486,177.82794100389228
2021,RB,B,P0,snap_share,0.2950712204628244,177.82794100389228
2021,RB,B,P0,pass_snap_share,-0.026307083783067113,177.82794100389228
2021,RB,B,P0,run_snap_share,0.2244816950339243,177.82794100389228
2021,RB,B,P0,routes_proxy,0.03556923097093776,177.82794100389228
2021,RB,B,P0,tprr_proxy,0.20056188142987405,177.82794100389228
2021,RB,B,P0,gl5_carries_pg,0.21793945522988697,177.82794100389228
2021,RB,B,P0,gl10_carries_pg,0.05255238632097438,177.82794100389228
2021,RB,B,P0,third_down_carries_pg,0.05147530986526315,177.82794100389228
2021,RB,B,P0,explosive_run_rate,0.22448664833991777,177.82794100389228
2021,RB,B,P0,rush_epa_per_att,0.011800314851162827,177.82794100389228
2021,RB,B,P0,ngs_ryoe_per_att,0.35490953369365597,177.82794100389228
2021,RB,B,P0,ngs_efficiency,-0.1539091682550292,177.82794100389228
2021,RB,B,P0,ngs_percent_attempts_gte_eight_defenders,-0.038794795317730606,177.82794100389228
2021,RB,B,P0,pfr_ybc_per_att,0.01968292285612812,177.82794100389228
2021,RB,B,P0,pfr_yac_per_att,0.1302016933849958,177.82794100389228
2021,RB,B,P0,pfr_att_per_broken_tackle,-0.11159750513562475,177.82794100389228
2021,RB,B,P0,opportunity_pg,0.33460054459685146,177.82794100389228
2021,RB,B,P0,rz_targets_pg,0.019229931998124887,177.82794100389228
2021,RB,B,P0,tc_neutral_proe,-0.1148351228403264,177.82794100389228
2021,RB,B,P0,tc_neutral_sec_per_play,0.02070874216075819,177.82794100389228
2021,RB,B,P0,tc_off_epa,0.21641603755142855,177.82794100389228
2021,RB,B,P0,tc_rz_td_rate,0.12616868127159553,177.82794100389228
2021,RB,B,P0,tc_off_plays_pg,0.14674130392889295,177.82794100389228
2021,RB,B,P0,tc_pass_rate,-0.07754638686083959,177.82794100389228
2021,RB,B,P0,age_s0,-0.140313196348852,177.82794100389228
2021,RB,B,P0,age_s1,-0.13635576921385623,177.82794100389228
2021,RB,B,P0,age_s2,-0.1284234172758983,177.82794100389228
2021,RB,B,P0,age_s3,-0.12396759898304861,177.82794100389228
2021,RB,B,P1,h_targets_pg,0.24199781313659588,177.82794100389228
2021,RB,B,P1,h_carries_pg,0.1543675306104504,177.82794100389228
2021,RB,B,P1,h_touches_pg,0.20756356247794597,177.82794100389228
2021,RB,B,P1,h_air_yards_pg,0.10925793087792895,177.82794100389228
2021,RB,B,P1,h_target_share_full,0.14228078126633875,177.82794100389228
2021,RB,B,P1,h_air_yards_share_full,0.11640817794988044,177.82794100389228
2021,RB,B,P1,h_carry_share_full,0.0800657366125023,177.82794100389228
2021,RB,B,P1,h_wopr_full,0.14894058016300468,177.82794100389228
2021,RB,B,P1,h_u_rec,0.14335609859671267,177.82794100389228
2021,RB,B,P1,h_u_rush,0.07199318835794352,177.82794100389228
2021,RB,B,P1,h_u_tot,0.10408007396874687,177.82794100389228
2021,RB,B,P1,G_last,-0.024287507346560946,177.82794100389228
2021,RB,B,P1,G_wtd,-0.11419702851252778,177.82794100389228
2021,RB,B,P1,avail_wtd,-0.1420324134567657,177.82794100389228
2021,RB,B,P1,h_adot,-0.08386762741474953,177.82794100389228
2021,RB,B,P1,h_ypr,0.1693314391542479,177.82794100389228
2021,RB,B,P1,h_catch_rate,-0.021168312257657747,177.82794100389228
2021,RB,B,P1,h_racr_w,-0.016635506623909495,177.82794100389228
2021,RB,B,P1,oldenv_tm_pass_att_pg,0.08296810149805298,177.82794100389228
2021,RB,B,P1,oldenv_tm_tgt_pg,0.05389728535720573,177.82794100389228
2021,RB,B,P1,oldenv_tm_ay_pg,-0.13234893348825214,177.82794100389228
2021,RB,B,P1,oldenv_tm_car_pg,-0.12440868489650676,177.82794100389228
2021,RB,B,P1,oldenv_tm_plays_pg,-0.018628665227638855,177.82794100389228
2021,RB,B,P1,oldenv_tm_pass_rate,0.09929484180650064,177.82794100389228
2021,RB,B,P1,oldenv_tm_td_pg,-0.032818201320399934,177.82794100389228
2021,RB,B,P1,oldenv_tm_pass_yds_pg,-0.003929950304163588,177.82794100389228
2021,RB,B,P1,expr,-0.16933275650702562,177.82794100389228
2021,RB,B,P1,log_draft_pick,-0.2971139467966445,177.82794100389228
2021,RB,B,P1,snap_share,0.2625878905167839,177.82794100389228
2021,RB,B,P1,pass_snap_share,-0.03169187552782882,177.82794100389228
2021,RB,B,P1,run_snap_share,0.22089039444875622,177.82794100389228
2021,RB,B,P1,routes_proxy,0.028772861577054238,177.82794100389228
2021,RB,B,P1,tprr_proxy,0.17211512445977176,177.82794100389228
2021,RB,B,P1,gl5_carries_pg,0.19043298890808655,177.82794100389228
2021,RB,B,P1,gl10_carries_pg,0.026607023431989067,177.82794100389228
2021,RB,B,P1,third_down_carries_pg,0.038372926218833876,177.82794100389228
2021,RB,B,P1,explosive_run_rate,0.21947313205080235,177.82794100389228
2021,RB,B,P1,rush_epa_per_att,-0.01106961928153964,177.82794100389228
2021,RB,B,P1,ngs_ryoe_per_att,0.34002818778515187,177.82794100389228
2021,RB,B,P1,ngs_efficiency,-0.15279179876985505,177.82794100389228
2021,RB,B,P1,ngs_percent_attempts_gte_eight_defenders,-0.04680737067568808,177.82794100389228
2021,RB,B,P1,pfr_ybc_per_att,0.007536443304357964,177.82794100389228
2021,RB,B,P1,pfr_yac_per_att,0.11205137204303663,177.82794100389228
2021,RB,B,P1,pfr_att_per_broken_tackle,-0.11142771767752788,177.82794100389228
2021,RB,B,P1,opportunity_pg,0.29726648326469624,177.82794100389228
2021,RB,B,P1,rz_targets_pg,-0.0035940822785943778,177.82794100389228
2021,RB,B,P1,tc_neutral_proe,-0.11653652464021001,177.82794100389228
2021,RB,B,P1,tc_neutral_sec_per_play,0.02052262100717526,177.82794100389228
2021,RB,B,P1,tc_off_epa,0.2084754494289739,177.82794100389228
2021,RB,B,P1,tc_rz_td_rate,0.11747197540409485,177.82794100389228
2021,RB,B,P1,tc_off_plays_pg,0.14890633923719787,177.82794100389228
2021,RB,B,P1,tc_pass_rate,-0.068105623949293,177.82794100389228
2021,RB,B,P1,mu_hat,0.47340550273691556,177.82794100389228
2021,RB,B,P1,age_s0,-0.1486099355299781,177.82794100389228
2021,RB,B,P1,age_s1,-0.1341483142698009,177.82794100389228
2021,RB,B,P1,age_s2,-0.12395522997280256,177.82794100389228
2021,RB,B,P1,age_s3,-0.11704179385071703,177.82794100389228
2022,WR,B,P0,h_targets_pg,0.1757870684222722,562.341325190349
2022,WR,B,P0,h_carries_pg,0.05000600029081437,562.341325190349
2022,WR,B,P0,h_touches_pg,0.18155680929800092,562.341325190349
2022,WR,B,P0,h_air_yards_pg,0.10535706046017937,562.341325190349
2022,WR,B,P0,h_target_share_full,0.18145634909078834,562.341325190349
2022,WR,B,P0,h_air_yards_share_full,0.13160571954724493,562.341325190349
2022,WR,B,P0,h_carry_share_full,0.06406721439554107,562.341325190349
2022,WR,B,P0,h_wopr_full,0.1677368009647089,562.341325190349
2022,WR,B,P0,h_u_rec,0.18603290173927028,562.341325190349
2022,WR,B,P0,h_u_rush,0.06174044568828804,562.341325190349
2022,WR,B,P0,h_u_tot,0.19152343579108225,562.341325190349
2022,WR,B,P0,G_last,0.06453944575727195,562.341325190349
2022,WR,B,P0,G_wtd,0.05937593131147227,562.341325190349
2022,WR,B,P0,avail_wtd,0.08985415989856142,562.341325190349
2022,WR,B,P0,h_adot,-0.013547574339861378,562.341325190349
2022,WR,B,P0,h_ypr,0.04710430646152618,562.341325190349
2022,WR,B,P0,h_catch_rate,-0.03917060277407818,562.341325190349
2022,WR,B,P0,h_racr_w,0.12356300023675565,562.341325190349
2022,WR,B,P0,oldenv_tm_pass_att_pg,-0.034056767799705685,562.341325190349
2022,WR,B,P0,oldenv_tm_tgt_pg,-0.026098014946692855,562.341325190349
2022,WR,B,P0,oldenv_tm_ay_pg,-0.017968961043191633,562.341325190349
2022,WR,B,P0,oldenv_tm_car_pg,0.03349020249031666,562.341325190349
2022,WR,B,P0,oldenv_tm_plays_pg,-0.0071532153914464205,562.341325190349
2022,WR,B,P0,oldenv_tm_pass_rate,-0.03135464217947659,562.341325190349
2022,WR,B,P0,oldenv_tm_td_pg,0.11237066612593326,562.341325190349
2022,WR,B,P0,oldenv_tm_pass_yds_pg,0.08650081422658201,562.341325190349
2022,WR,B,P0,expr,-0.06434693059238722,562.341325190349
2022,WR,B,P0,log_draft_pick,0.03097900925833121,562.341325190349
2022,WR,B,P0,snap_share,0.12556064428699668,562.341325190349
2022,WR,B,P0,pass_snap_share,0.10090466062515988,562.341325190349
2022,WR,B,P0,routes_proxy_pg,0.040891287913956215,562.341325190349
2022,WR,B,P0,tprr_proxy,0.1900509269091944,562.341325190349
2022,WR,B,P0,yprr_proxy,0.17016030686477487,562.341325190349
2022,WR,B,P0,rz_targets_pg,0.09874892729932887,562.341325190349
2022,WR,B,P0,i10_targets_pg,0.12577291402815285,562.341325190349
2022,WR,B,P0,ez_targets_pg,0.08764273612271097,562.341325190349
2022,WR,B,P0,third_down_targets_pg,0.1932328748039481,562.341325190349
2022,WR,B,P0,deep_targets_pg,0.08651672573497851,562.341325190349
2022,WR,B,P0,deep_target_rate,0.012197421941793221,562.341325190349
2022,WR,B,P0,rz_target_share_of_own,-0.05170146805431823,562.341325190349
2022,WR,B,P0,ngs_avg_separation,0.09504539590384005,562.341325190349
2022,WR,B,P0,ngs_avg_cushion,-0.04334200576087465,562.341325190349
2022,WR,B,P0,ngs_avg_yac_above_expectation,0.08617812711295539,562.341325190349
2022,WR,B,P0,ngs_percent_share_of_intended_air_yards,0.023903928728252446,562.341325190349
2022,WR,B,P0,pfr_adot,-0.016058148553513615,562.341325190349
2022,WR,B,P0,pfr_ybc_per_rec,-0.057608900081162415,562.341325190349
2022,WR,B,P0,pfr_yac_per_rec,0.06648824957334475,562.341325190349
2022,WR,B,P0,pfr_drop_pct,-0.04679725822480002,562.341325190349
2022,WR,B,P0,pfr_rec_per_broken_tackle,-0.009616653318857755,562.341325190349
2022,WR,B,P0,target_epa,0.13321228168518492,562.341325190349
2022,WR,B,P0,tc_neutral_proe,0.0035260707529501823,562.341325190349
2022,WR,B,P0,tc_neutral_sec_per_play,-0.04786247528476643,562.341325190349
2022,WR,B,P0,tc_off_epa,-0.012474326869702578,562.341325190349
2022,WR,B,P0,tc_rz_td_rate,0.08358932139329674,562.341325190349
2022,WR,B,P0,tc_off_plays_pg,0.08874462457732636,562.341325190349
2022,WR,B,P0,tc_pass_rate,0.05420375633498421,562.341325190349
2022,WR,B,P0,age_s0,-0.06999934560066413,562.341325190349
2022,WR,B,P0,age_s1,-0.0796069057049445,562.341325190349
2022,WR,B,P0,age_s2,-0.07787420565073756,562.341325190349
2022,WR,B,P0,age_s3,-0.0722474027231441,562.341325190349
2022,WR,B,P1,h_targets_pg,0.15764062307832397,562.341325190349
2022,WR,B,P1,h_carries_pg,0.045699943592510575,562.341325190349
2022,WR,B,P1,h_touches_pg,0.1629669823245406,562.341325190349
2022,WR,B,P1,h_air_yards_pg,0.0918623472565478,562.341325190349
2022,WR,B,P1,h_target_share_full,0.1712394181109369,562.341325190349
2022,WR,B,P1,h_air_yards_share_full,0.12415636323758472,562.341325190349
2022,WR,B,P1,h_carry_share_full,0.05985192747469259,562.341325190349
2022,WR,B,P1,h_wopr_full,0.15827603770150295,562.341325190349
2022,WR,B,P1,h_u_rec,0.17402464196818115,562.341325190349
2022,WR,B,P1,h_u_rush,0.057960652601334886,562.341325190349
2022,WR,B,P1,h_u_tot,0.1791899693801303,562.341325190349
2022,WR,B,P1,G_last,0.07334761425796546,562.341325190349
2022,WR,B,P1,G_wtd,0.0640963689456973,562.341325190349
2022,WR,B,P1,avail_wtd,0.09470247851595918,562.341325190349
2022,WR,B,P1,h_adot,-0.011250937177447686,562.341325190349
2022,WR,B,P1,h_ypr,0.04334739712872609,562.341325190349
2022,WR,B,P1,h_catch_rate,-0.038944951711488894,562.341325190349
2022,WR,B,P1,h_racr_w,0.11536124491497413,562.341325190349
2022,WR,B,P1,oldenv_tm_pass_att_pg,-0.035906389204655956,562.341325190349
2022,WR,B,P1,oldenv_tm_tgt_pg,-0.028306483382898238,562.341325190349
2022,WR,B,P1,oldenv_tm_ay_pg,-0.019266037512426653,562.341325190349
2022,WR,B,P1,oldenv_tm_car_pg,0.0342715517656039,562.341325190349
2022,WR,B,P1,oldenv_tm_plays_pg,-0.008602033595602165,562.341325190349
2022,WR,B,P1,oldenv_tm_pass_rate,-0.0327500027503679,562.341325190349
2022,WR,B,P1,oldenv_tm_td_pg,0.10594514493655545,562.341325190349
2022,WR,B,P1,oldenv_tm_pass_yds_pg,0.08152503975270137,562.341325190349
2022,WR,B,P1,expr,-0.07037494068506792,562.341325190349
2022,WR,B,P1,log_draft_pick,0.03194028606606569,562.341325190349
2022,WR,B,P1,snap_share,0.1194390810139361,562.341325190349
2022,WR,B,P1,pass_snap_share,0.1021614841058106,562.341325190349
2022,WR,B,P1,routes_proxy_pg,0.034206391715037796,562.341325190349
2022,WR,B,P1,tprr_proxy,0.17369694566667962,562.341325190349
2022,WR,B,P1,yprr_proxy,0.1482698320698664,562.341325190349
2022,WR,B,P1,rz_targets_pg,0.08789168676557299,562.341325190349
2022,WR,B,P1,i10_targets_pg,0.11453367669495905,562.341325190349
2022,WR,B,P1,ez_targets_pg,0.0804287655813053,562.341325190349
2022,WR,B,P1,third_down_targets_pg,0.18300373368517012,562.341325190349
2022,WR,B,P1,deep_targets_pg,0.08038623634512644,562.341325190349
2022,WR,B,P1,deep_target_rate,0.015442265511581161,562.341325190349
2022,WR,B,P1,rz_target_share_of_own,-0.05205298172939628,562.341325190349
2022,WR,B,P1,ngs_avg_separation,0.09065204348125153,562.341325190349
2022,WR,B,P1,ngs_avg_cushion,-0.04320761218323929,562.341325190349
2022,WR,B,P1,ngs_avg_yac_above_expectation,0.08115283649268772,562.341325190349
2022,WR,B,P1,ngs_percent_share_of_intended_air_yards,0.019691795390789208,562.341325190349
2022,WR,B,P1,pfr_adot,-0.012848710492103909,562.341325190349
2022,WR,B,P1,pfr_ybc_per_rec,-0.05899363037570237,562.341325190349
2022,WR,B,P1,pfr_yac_per_rec,0.06487242600473679,562.341325190349
2022,WR,B,P1,pfr_drop_pct,-0.04444124218625127,562.341325190349
2022,WR,B,P1,pfr_rec_per_broken_tackle,-0.007689660588867714,562.341325190349
2022,WR,B,P1,target_epa,0.11761753115380331,562.341325190349
2022,WR,B,P1,tc_neutral_proe,0.0008681997075396198,562.341325190349
2022,WR,B,P1,tc_neutral_sec_per_play,-0.04392572032641558,562.341325190349
2022,WR,B,P1,tc_off_epa,-0.017294154799497315,562.341325190349
2022,WR,B,P1,tc_rz_td_rate,0.0795404890611436,562.341325190349
2022,WR,B,P1,tc_off_plays_pg,0.08604695200483149,562.341325190349
2022,WR,B,P1,tc_pass_rate,0.05316399267363146,562.341325190349
2022,WR,B,P1,mu_hat,0.22302803221957854,562.341325190349
2022,WR,B,P1,age_s0,-0.0758240903093748,562.341325190349
2022,WR,B,P1,age_s1,-0.08411331801435606,562.341325190349
2022,WR,B,P1,age_s2,-0.08209259133086846,562.341325190349
2022,WR,B,P1,age_s3,-0.0761483160439442,562.341325190349
2022,RB,B,P0,h_targets_pg,0.28692091901912714,177.82794100389228
2022,RB,B,P0,h_carries_pg,0.18949145434758868,177.82794100389228
2022,RB,B,P0,h_touches_pg,0.25002380922172573,177.82794100389228
2022,RB,B,P0,h_air_yards_pg,-0.026368717613329554,177.82794100389228
2022,RB,B,P0,h_target_share_full,0.2173904484572975,177.82794100389228
2022,RB,B,P0,h_air_yards_share_full,0.05228654252532747,177.82794100389228
2022,RB,B,P0,h_carry_share_full,0.07169690873075703,177.82794100389228
2022,RB,B,P0,h_wopr_full,0.21070590081194565,177.82794100389228
2022,RB,B,P0,h_u_rec,0.20520802021545986,177.82794100389228
2022,RB,B,P0,h_u_rush,0.10118320812669176,177.82794100389228
2022,RB,B,P0,h_u_tot,0.1467214629468655,177.82794100389228
2022,RB,B,P0,G_last,0.06635210557261739,177.82794100389228
2022,RB,B,P0,G_wtd,-0.07797599490442397,177.82794100389228
2022,RB,B,P0,avail_wtd,-0.10850456194572272,177.82794100389228
2022,RB,B,P0,h_adot,-0.19193810095575517,177.82794100389228
2022,RB,B,P0,h_ypr,0.2622389072695151,177.82794100389228
2022,RB,B,P0,h_catch_rate,0.031270454246493155,177.82794100389228
2022,RB,B,P0,h_racr_w,0.021461868223054986,177.82794100389228
2022,RB,B,P0,oldenv_tm_pass_att_pg,0.060644288832894876,177.82794100389228
2022,RB,B,P0,oldenv_tm_tgt_pg,0.05366455970121943,177.82794100389228
2022,RB,B,P0,oldenv_tm_ay_pg,-0.11350600457201653,177.82794100389228
2022,RB,B,P0,oldenv_tm_car_pg,-0.10499150721665841,177.82794100389228
2022,RB,B,P0,oldenv_tm_plays_pg,-0.02766746893892746,177.82794100389228
2022,RB,B,P0,oldenv_tm_pass_rate,0.07494421420827752,177.82794100389228
2022,RB,B,P0,oldenv_tm_td_pg,0.0013277775026155042,177.82794100389228
2022,RB,B,P0,oldenv_tm_pass_yds_pg,-0.09043459194907227,177.82794100389228
2022,RB,B,P0,expr,-0.2691083959273066,177.82794100389228
2022,RB,B,P0,log_draft_pick,-0.3285004423737018,177.82794100389228
2022,RB,B,P0,snap_share,0.3268024658281043,177.82794100389228
2022,RB,B,P0,pass_snap_share,-0.03526134703529472,177.82794100389228
2022,RB,B,P0,run_snap_share,0.14976061189853204,177.82794100389228
2022,RB,B,P0,routes_proxy,0.002714575314202043,177.82794100389228
2022,RB,B,P0,tprr_proxy,0.050756945594503854,177.82794100389228
2022,RB,B,P0,gl5_carries_pg,0.19223589857499837,177.82794100389228
2022,RB,B,P0,gl10_carries_pg,0.1080154543806435,177.82794100389228
2022,RB,B,P0,third_down_carries_pg,-0.0007808013259019004,177.82794100389228
2022,RB,B,P0,explosive_run_rate,0.07723702206271832,177.82794100389228
2022,RB,B,P0,rush_epa_per_att,0.020224802318311783,177.82794100389228
2022,RB,B,P0,ngs_ryoe_per_att,0.397673667034768,177.82794100389228
2022,RB,B,P0,ngs_efficiency,-0.08942825003455972,177.82794100389228
2022,RB,B,P0,ngs_percent_attempts_gte_eight_defenders,-0.07824151698268483,177.82794100389228
2022,RB,B,P0,pfr_ybc_per_att,0.010477607788250227,177.82794100389228
2022,RB,B,P0,pfr_yac_per_att,0.04560848996784909,177.82794100389228
2022,RB,B,P0,pfr_att_per_broken_tackle,-0.15904828363772616,177.82794100389228
2022,RB,B,P0,opportunity_pg,0.36810862879665507,177.82794100389228
2022,RB,B,P0,rz_targets_pg,0.1459725268114281,177.82794100389228
2022,RB,B,P0,tc_neutral_proe,-0.17416774488680803,177.82794100389228
2022,RB,B,P0,tc_neutral_sec_per_play,-0.005081932296615235,177.82794100389228
2022,RB,B,P0,tc_off_epa,0.21091213776168183,177.82794100389228
2022,RB,B,P0,tc_rz_td_rate,0.2522031688021179,177.82794100389228
2022,RB,B,P0,tc_off_plays_pg,0.17084490525323748,177.82794100389228
2022,RB,B,P0,tc_pass_rate,-0.1450966423302302,177.82794100389228
2022,RB,B,P0,age_s0,-0.24145714326853862,177.82794100389228
2022,RB,B,P0,age_s1,-0.18070230261850817,177.82794100389228
2022,RB,B,P0,age_s2,-0.16211396720777627,177.82794100389228
2022,RB,B,P0,age_s3,-0.14445187749941996,177.82794100389228
2022,RB,B,P1,h_targets_pg,0.23008407917105395,177.82794100389228
2022,RB,B,P1,h_carries_pg,0.14361993422248348,177.82794100389228
2022,RB,B,P1,h_touches_pg,0.19334254154435254,177.82794100389228
2022,RB,B,P1,h_air_yards_pg,-0.034960725053927444,177.82794100389228
2022,RB,B,P1,h_target_share_full,0.1816472968815026,177.82794100389228
2022,RB,B,P1,h_air_yards_share_full,0.05075228801746885,177.82794100389228
2022,RB,B,P1,h_carry_share_full,0.04437291005366434,177.82794100389228
2022,RB,B,P1,h_wopr_full,0.17700991752649053,177.82794100389228
2022,RB,B,P1,h_u_rec,0.1655061063331522,177.82794100389228
2022,RB,B,P1,h_u_rush,0.07250491163389464,177.82794100389228
2022,RB,B,P1,h_u_tot,0.11061840229046356,177.82794100389228
2022,RB,B,P1,G_last,0.09082872718801797,177.82794100389228
2022,RB,B,P1,G_wtd,-0.06084056693225308,177.82794100389228
2022,RB,B,P1,avail_wtd,-0.09212375928440046,177.82794100389228
2022,RB,B,P1,h_adot,-0.18258892396031307,177.82794100389228
2022,RB,B,P1,h_ypr,0.2275528450787878,177.82794100389228
2022,RB,B,P1,h_catch_rate,0.03943531402783571,177.82794100389228
2022,RB,B,P1,h_racr_w,0.025426901724612767,177.82794100389228
2022,RB,B,P1,oldenv_tm_pass_att_pg,0.058763443582407385,177.82794100389228
2022,RB,B,P1,oldenv_tm_tgt_pg,0.04921683805003257,177.82794100389228
2022,RB,B,P1,oldenv_tm_ay_pg,-0.11083884186520701,177.82794100389228
2022,RB,B,P1,oldenv_tm_car_pg,-0.10055370966767613,177.82794100389228
2022,RB,B,P1,oldenv_tm_plays_pg,-0.025698619708889217,177.82794100389228
2022,RB,B,P1,oldenv_tm_pass_rate,0.07167824408717316,177.82794100389228
2022,RB,B,P1,oldenv_tm_td_pg,-0.014578349178697016,177.82794100389228
2022,RB,B,P1,oldenv_tm_pass_yds_pg,-0.09598027778940588,177.82794100389228
2022,RB,B,P1,expr,-0.28119304615926843,177.82794100389228
2022,RB,B,P1,log_draft_pick,-0.31347702653951814,177.82794100389228
2022,RB,B,P1,snap_share,0.2962087985602471,177.82794100389228
2022,RB,B,P1,pass_snap_share,-0.03580163563645582,177.82794100389228
2022,RB,B,P1,run_snap_share,0.14905730032537892,177.82794100389228
2022,RB,B,P1,routes_proxy,0.0020073976334718207,177.82794100389228
2022,RB,B,P1,tprr_proxy,0.01868931413351566,177.82794100389228
2022,RB,B,P1,gl5_carries_pg,0.16187026145899935,177.82794100389228
2022,RB,B,P1,gl10_carries_pg,0.07669248911484505,177.82794100389228
2022,RB,B,P1,third_down_carries_pg,-0.01450075038509407,177.82794100389228
2022,RB,B,P1,explosive_run_rate,0.07339368372569074,177.82794100389228
2022,RB,B,P1,rush_epa_per_att,-0.008076780110318734,177.82794100389228
2022,RB,B,P1,ngs_ryoe_per_att,0.3752814887196385,177.82794100389228
2022,RB,B,P1,ngs_efficiency,-0.08963396592765917,177.82794100389228
2022,RB,B,P1,ngs_percent_attempts_gte_eight_defenders,-0.08123754303924074,177.82794100389228
2022,RB,B,P1,pfr_ybc_per_att,-0.0040757833857282,177.82794100389228
2022,RB,B,P1,pfr_yac_per_att,0.03487208960428248,177.82794100389228
2022,RB,B,P1,pfr_att_per_broken_tackle,-0.15771035911087208,177.82794100389228
2022,RB,B,P1,opportunity_pg,0.3283648841564859,177.82794100389228
2022,RB,B,P1,rz_targets_pg,0.12341214146422853,177.82794100389228
2022,RB,B,P1,tc_neutral_proe,-0.17810822625573222,177.82794100389228
2022,RB,B,P1,tc_neutral_sec_per_play,-0.00013519865403818323,177.82794100389228
2022,RB,B,P1,tc_off_epa,0.2079346020086289,177.82794100389228
2022,RB,B,P1,tc_rz_td_rate,0.2441159980142106,177.82794100389228
2022,RB,B,P1,tc_off_plays_pg,0.17473465848964365,177.82794100389228
2022,RB,B,P1,tc_pass_rate,-0.13852614173288483,177.82794100389228
2022,RB,B,P1,mu_hat,0.5034371983883699,177.82794100389228
2022,RB,B,P1,age_s0,-0.24847784493577438,177.82794100389228
2022,RB,B,P1,age_s1,-0.17852830489254634,177.82794100389228
2022,RB,B,P1,age_s2,-0.15799681859553993,177.82794100389228
2022,RB,B,P1,age_s3,-0.13884073363088736,177.82794100389228
2023,WR,B,P0,h_targets_pg,0.17859111069334793,316.22776601683796
2023,WR,B,P0,h_carries_pg,-0.020752602903470137,316.22776601683796
2023,WR,B,P0,h_touches_pg,0.17218667364210002,316.22776601683796
2023,WR,B,P0,h_air_yards_pg,0.10156301779691526,316.22776601683796
2023,WR,B,P0,h_target_share_full,0.18270073513591298,316.22776601683796
2023,WR,B,P0,h_air_yards_share_full,0.11483097142118635,316.22776601683796
2023,WR,B,P0,h_carry_share_full,-0.030055276744100905,316.22776601683796
2023,WR,B,P0,h_wopr_full,0.16181578731189517,316.22776601683796
2023,WR,B,P0,h_u_rec,0.19616228098304556,316.22776601683796
2023,WR,B,P0,h_u_rush,-0.028221537684026975,316.22776601683796
2023,WR,B,P0,h_u_tot,0.18893637832103766,316.22776601683796
2023,WR,B,P0,G_last,0.12556832757159003,316.22776601683796
2023,WR,B,P0,G_wtd,0.053170122898436034,316.22776601683796
2023,WR,B,P0,avail_wtd,0.07745681153094257,316.22776601683796
2023,WR,B,P0,h_adot,-0.020092380336277516,316.22776601683796
2023,WR,B,P0,h_ypr,0.01819400965447264,316.22776601683796
2023,WR,B,P0,h_catch_rate,-0.015536770481647921,316.22776601683796
2023,WR,B,P0,h_racr_w,0.18740351062193908,316.22776601683796
2023,WR,B,P0,oldenv_tm_pass_att_pg,-0.06442802452879977,316.22776601683796
2023,WR,B,P0,oldenv_tm_tgt_pg,-0.09101825021660036,316.22776601683796
2023,WR,B,P0,oldenv_tm_ay_pg,-0.03843530381343603,316.22776601683796
2023,WR,B,P0,oldenv_tm_car_pg,0.09709058780230888,316.22776601683796
2023,WR,B,P0,oldenv_tm_plays_pg,0.022199173362585665,316.22776601683796
2023,WR,B,P0,oldenv_tm_pass_rate,-0.09118585803101069,316.22776601683796
2023,WR,B,P0,oldenv_tm_td_pg,0.17862046025047193,316.22776601683796
2023,WR,B,P0,oldenv_tm_pass_yds_pg,0.12291753973123427,316.22776601683796
2023,WR,B,P0,expr,-0.09606946709340891,316.22776601683796
2023,WR,B,P0,log_draft_pick,0.03465767890823238,316.22776601683796
2023,WR,B,P0,snap_share,0.12926423581218247,316.22776601683796
2023,WR,B,P0,pass_snap_share,0.10016515269726449,316.22776601683796
2023,WR,B,P0,routes_proxy_pg,0.01386196343543271,316.22776601683796
2023,WR,B,P0,tprr_proxy,0.1349790821597021,316.22776601683796
2023,WR,B,P0,yprr_proxy,0.1598638504542214,316.22776601683796
2023,WR,B,P0,rz_targets_pg,0.10413500247797612,316.22776601683796
2023,WR,B,P0,i10_targets_pg,0.14395622662872767,316.22776601683796
2023,WR,B,P0,ez_targets_pg,0.11805282187878513,316.22776601683796
2023,WR,B,P0,third_down_targets_pg,0.12201954383544532,316.22776601683796
2023,WR,B,P0,deep_targets_pg,0.09300179818557346,316.22776601683796
2023,WR,B,P0,deep_target_rate,0.03632043574787845,316.22776601683796
2023,WR,B,P0,rz_target_share_of_own,-0.06760329088839921,316.22776601683796
2023,WR,B,P0,ngs_avg_separation,0.12902804221384662,316.22776601683796
2023,WR,B,P0,ngs_avg_cushion,-0.053054895465565834,316.22776601683796
2023,WR,B,P0,ngs_avg_yac_above_expectation,0.09770078814966533,316.22776601683796
2023,WR,B,P0,ngs_percent_share_of_intended_air_yards,0.01553599145578471,316.22776601683796
2023,WR,B,P0,pfr_adot,-0.01897179623509873,316.22776601683796
2023,WR,B,P0,pfr_ybc_per_rec,-0.15663207934491294,316.22776601683796
2023,WR,B,P0,pfr_yac_per_rec,0.05588080293797564,316.22776601683796
2023,WR,B,P0,pfr_drop_pct,0.04526240373777921,316.22776601683796
2023,WR,B,P0,pfr_rec_per_broken_tackle,0.010011251918905142,316.22776601683796
2023,WR,B,P0,target_epa,0.19532740326551243,316.22776601683796
2023,WR,B,P0,tc_neutral_proe,0.05573453257256011,316.22776601683796
2023,WR,B,P0,tc_neutral_sec_per_play,-0.010825401109662253,316.22776601683796
2023,WR,B,P0,tc_off_epa,-0.031788600971917096,316.22776601683796
2023,WR,B,P0,tc_rz_td_rate,0.1264010500195679,316.22776601683796
2023,WR,B,P0,tc_off_plays_pg,0.0873993167818992,316.22776601683796
2023,WR,B,P0,tc_pass_rate,0.13146628388774864,316.22776601683796
2023,WR,B,P0,age_s0,-0.11982402885470123,316.22776601683796
2023,WR,B,P0,age_s1,-0.12817793625830481,316.22776601683796
2023,WR,B,P0,age_s2,-0.1289236533174547,316.22776601683796
2023,WR,B,P0,age_s3,-0.1280769871408035,316.22776601683796
2023,WR,B,P1,h_targets_pg,0.15402223656351727,316.22776601683796
2023,WR,B,P1,h_carries_pg,-0.026766371459203776,316.22776601683796
2023,WR,B,P1,h_touches_pg,0.14684915582598645,316.22776601683796
2023,WR,B,P1,h_air_yards_pg,0.08405960819131003,316.22776601683796
2023,WR,B,P1,h_target_share_full,0.1686033499421991,316.22776601683796
2023,WR,B,P1,h_air_yards_share_full,0.10516812646920322,316.22776601683796
2023,WR,B,P1,h_carry_share_full,-0.03544261299586689,316.22776601683796
2023,WR,B,P1,h_wopr_full,0.1489896582981906,316.22776601683796
2023,WR,B,P1,h_u_rec,0.1797139435978996,316.22776601683796
2023,WR,B,P1,h_u_rush,-0.03309150889606503,316.22776601683796
2023,WR,B,P1,h_u_tot,0.1719953798554942,316.22776601683796
2023,WR,B,P1,G_last,0.13657383619436267,316.22776601683796
2023,WR,B,P1,G_wtd,0.05932938044854339,316.22776601683796
2023,WR,B,P1,avail_wtd,0.08443982181826026,316.22776601683796
2023,WR,B,P1,h_adot,-0.016197168432424254,316.22776601683796
2023,WR,B,P1,h_ypr,0.012704604940035696,316.22776601683796
2023,WR,B,P1,h_catch_rate,-0.015595939017051393,316.22776601683796
2023,WR,B,P1,h_racr_w,0.17853106432555946,316.22776601683796
2023,WR,B,P1,oldenv_tm_pass_att_pg,-0.06714775335867176,316.22776601683796
2023,WR,B,P1,oldenv_tm_tgt_pg,-0.09371853832017195,316.22776601683796
2023,WR,B,P1,oldenv_tm_ay_pg,-0.03742766100155719,316.22776601683796
2023,WR,B,P1,oldenv_tm_car_pg,0.09918123558869586,316.22776601683796
2023,WR,B,P1,oldenv_tm_plays_pg,0.021184700779656652,316.22776601683796
2023,WR,B,P1,oldenv_tm_pass_rate,-0.09368754389172736,316.22776601683796
2023,WR,B,P1,oldenv_tm_td_pg,0.1671509169572115,316.22776601683796
2023,WR,B,P1,oldenv_tm_pass_yds_pg,0.11461288634225197,316.22776601683796
2023,WR,B,P1,expr,-0.10340914481145756,316.22776601683796
2023,WR,B,P1,log_draft_pick,0.03441842656943268,316.22776601683796
2023,WR,B,P1,snap_share,0.12067012821402777,316.22776601683796
2023,WR,B,P1,pass_snap_share,0.10180914837282738,316.22776601683796
2023,WR,B,P1,routes_proxy_pg,0.006844559362563531,316.22776601683796
2023,WR,B,P1,tprr_proxy,0.11492165719610374,316.22776601683796
2023,WR,B,P1,yprr_proxy,0.1273306167693645,316.22776601683796
2023,WR,B,P1,rz_targets_pg,0.09018425584720773,316.22776601683796
2023,WR,B,P1,i10_targets_pg,0.13056459654811153,316.22776601683796
2023,WR,B,P1,ez_targets_pg,0.10881870764090293,316.22776601683796
2023,WR,B,P1,third_down_targets_pg,0.10967233261265592,316.22776601683796
2023,WR,B,P1,deep_targets_pg,0.08675176857730735,316.22776601683796
2023,WR,B,P1,deep_target_rate,0.04135728865687846,316.22776601683796
2023,WR,B,P1,rz_target_share_of_own,-0.06925262374336126,316.22776601683796
2023,WR,B,P1,ngs_avg_separation,0.12301543593292567,316.22776601683796
2023,WR,B,P1,ngs_avg_cushion,-0.053480678991997904,316.22776601683796
2023,WR,B,P1,ngs_avg_yac_above_expectation,0.09149624017514804,316.22776601683796
2023,WR,B,P1,ngs_percent_share_of_intended_air_yards,0.00978910648084353,316.22776601683796
2023,WR,B,P1,pfr_adot,-0.014111327474036364,316.22776601683796
2023,WR,B,P1,pfr_ybc_per_rec,-0.15812115436159238,316.22776601683796
2023,WR,B,P1,pfr_yac_per_rec,0.05468933842771592,316.22776601683796
2023,WR,B,P1,pfr_drop_pct,0.04720155706135434,316.22776601683796
2023,WR,B,P1,pfr_rec_per_broken_tackle,0.014899633810241786,316.22776601683796
2023,WR,B,P1,target_epa,0.16967869059054522,316.22776601683796
2023,WR,B,P1,tc_neutral_proe,0.05149345621231487,316.22776601683796
2023,WR,B,P1,tc_neutral_sec_per_play,-0.00833835537453528,316.22776601683796
2023,WR,B,P1,tc_off_epa,-0.03665500561100078,316.22776601683796
2023,WR,B,P1,tc_rz_td_rate,0.12041112922642622,316.22776601683796
2023,WR,B,P1,tc_off_plays_pg,0.08537893112562847,316.22776601683796
2023,WR,B,P1,tc_pass_rate,0.1294140699395663,316.22776601683796
2023,WR,B,P1,mu_hat,0.2707497803744834,316.22776601683796
2023,WR,B,P1,age_s0,-0.12627509163591177,316.22776601683796
2023,WR,B,P1,age_s1,-0.13323484048668824,316.22776601683796
2023,WR,B,P1,age_s2,-0.13374713725652593,316.22776601683796
2023,WR,B,P1,age_s3,-0.13277235135323134,316.22776601683796
2023,RB,B,P0,h_targets_pg,0.28572492505318536,177.82794100389228
2023,RB,B,P0,h_carries_pg,0.22014148636494013,177.82794100389228
2023,RB,B,P0,h_touches_pg,0.2774723147603858,177.82794100389228
2023,RB,B,P0,h_air_yards_pg,-0.03318444027631967,177.82794100389228
2023,RB,B,P0,h_target_share_full,0.21750788511064897,177.82794100389228
2023,RB,B,P0,h_air_yards_share_full,0.0992697240422593,177.82794100389228
2023,RB,B,P0,h_carry_share_full,0.10056147457782448,177.82794100389228
2023,RB,B,P0,h_wopr_full,0.2165018136782957,177.82794100389228
2023,RB,B,P0,h_u_rec,0.1753452526967904,177.82794100389228
2023,RB,B,P0,h_u_rush,0.10230032891381441,177.82794100389228
2023,RB,B,P0,h_u_tot,0.1390784294430813,177.82794100389228
2023,RB,B,P0,G_last,-0.03005413840211949,177.82794100389228
2023,RB,B,P0,G_wtd,-0.1515927748177365,177.82794100389228
2023,RB,B,P0,avail_wtd,-0.15944191030010627,177.82794100389228
2023,RB,B,P0,h_adot,-0.2041771971813713,177.82794100389228
2023,RB,B,P0,h_ypr,0.2995809863005552,177.82794100389228
2023,RB,B,P0,h_catch_rate,0.019548887548142945,177.82794100389228
2023,RB,B,P0,h_racr_w,3.477658485863604e-05,177.82794100389228
2023,RB,B,P0,oldenv_tm_pass_att_pg,0.06981570172852125,177.82794100389228
2023,RB,B,P0,oldenv_tm_tgt_pg,0.06321273573889874,177.82794100389228
2023,RB,B,P0,oldenv_tm_ay_pg,-0.1371968219453829,177.82794100389228
2023,RB,B,P0,oldenv_tm_car_pg,-0.11498287503343617,177.82794100389228
2023,RB,B,P0,oldenv_tm_plays_pg,-0.0298146254981395,177.82794100389228
2023,RB,B,P0,oldenv_tm_pass_rate,0.095591393474246,177.82794100389228
2023,RB,B,P0,oldenv_tm_td_pg,0.04131112457940962,177.82794100389228
2023,RB,B,P0,oldenv_tm_pass_yds_pg,-0.04760862764655331,177.82794100389228
2023,RB,B,P0,expr,-0.1475067328390731,177.82794100389228
2023,RB,B,P0,log_draft_pick,-0.3747165424685667,177.82794100389228
2023,RB,B,P0,snap_share,0.27642146116783906,177.82794100389228
2023,RB,B,P0,pass_snap_share,-0.010309170165478615,177.82794100389228
2023,RB,B,P0,run_snap_share,0.2306999339655979,177.82794100389228
2023,RB,B,P0,routes_proxy,-0.03926282636453629,177.82794100389228
2023,RB,B,P0,tprr_proxy,0.0752097582836867,177.82794100389228
2023,RB,B,P0,gl5_carries_pg,0.26608672166437947,177.82794100389228
2023,RB,B,P0,gl10_carries_pg,0.14387838094147715,177.82794100389228
2023,RB,B,P0,third_down_carries_pg,-0.05677741975129686,177.82794100389228
2023,RB,B,P0,explosive_run_rate,0.14107800027417305,177.82794100389228
2023,RB,B,P0,rush_epa_per_att,0.14526656527541087,177.82794100389228
2023,RB,B,P0,ngs_ryoe_per_att,0.39647223168976803,177.82794100389228
2023,RB,B,P0,ngs_efficiency,-0.0080685975775586,177.82794100389228
2023,RB,B,P0,ngs_percent_attempts_gte_eight_defenders,-0.02471376849589967,177.82794100389228
2023,RB,B,P0,pfr_ybc_per_att,0.07014772608309669,177.82794100389228
2023,RB,B,P0,pfr_yac_per_att,0.024729400797895342,177.82794100389228
2023,RB,B,P0,pfr_att_per_broken_tackle,-0.15847078460521205,177.82794100389228
2023,RB,B,P0,opportunity_pg,0.3929759172341736,177.82794100389228
2023,RB,B,P0,rz_targets_pg,0.11198126209614477,177.82794100389228
2023,RB,B,P0,tc_neutral_proe,-0.107059120548677,177.82794100389228
2023,RB,B,P0,tc_neutral_sec_per_play,-0.031065289098974384,177.82794100389228
2023,RB,B,P0,tc_off_epa,0.14411316692904524,177.82794100389228
2023,RB,B,P0,tc_rz_td_rate,0.2562721379414264,177.82794100389228
2023,RB,B,P0,tc_off_plays_pg,0.1263049078978242,177.82794100389228
2023,RB,B,P0,tc_pass_rate,-0.19601463128538077,177.82794100389228
2023,RB,B,P0,age_s0,-0.16863006947466472,177.82794100389228
2023,RB,B,P0,age_s1,-0.18601447396185136,177.82794100389228
2023,RB,B,P0,age_s2,-0.18156493624032502,177.82794100389228
2023,RB,B,P0,age_s3,-0.1692843477021034,177.82794100389228
2023,RB,B,P1,h_targets_pg,0.23096061233339918,177.82794100389228
2023,RB,B,P1,h_carries_pg,0.1749744522782017,177.82794100389228
2023,RB,B,P1,h_touches_pg,0.22170834248848836,177.82794100389228
2023,RB,B,P1,h_air_yards_pg,-0.03917138643873895,177.82794100389228
2023,RB,B,P1,h_target_share_full,0.18285000910835758,177.82794100389228
2023,RB,B,P1,h_air_yards_share_full,0.09707314835496783,177.82794100389228
2023,RB,B,P1,h_carry_share_full,0.07513846767314267,177.82794100389228
2023,RB,B,P1,h_wopr_full,0.1838847544546975,177.82794100389228
2023,RB,B,P1,h_u_rec,0.14046506462279523,177.82794100389228
2023,RB,B,P1,h_u_rush,0.07663615962341186,177.82794100389228
2023,RB,B,P1,h_u_tot,0.10687300127592829,177.82794100389228
2023,RB,B,P1,G_last,-0.00484896210218339,177.82794100389228
2023,RB,B,P1,G_wtd,-0.1360136842358663,177.82794100389228
2023,RB,B,P1,avail_wtd,-0.14398279757875843,177.82794100389228
2023,RB,B,P1,h_adot,-0.19098296536569867,177.82794100389228
2023,RB,B,P1,h_ypr,0.2634842746420224,177.82794100389228
2023,RB,B,P1,h_catch_rate,0.02547848080840327,177.82794100389228
2023,RB,B,P1,h_racr_w,0.0041829045164982846,177.82794100389228
2023,RB,B,P1,oldenv_tm_pass_att_pg,0.06771828750083908,177.82794100389228
2023,RB,B,P1,oldenv_tm_tgt_pg,0.059450799652069876,177.82794100389228
2023,RB,B,P1,oldenv_tm_ay_pg,-0.13621760759126034,177.82794100389228
2023,RB,B,P1,oldenv_tm_car_pg,-0.11281097134319437,177.82794100389228
2023,RB,B,P1,oldenv_tm_plays_pg,-0.030108666652769078,177.82794100389228
2023,RB,B,P1,oldenv_tm_pass_rate,0.09267475232326526,177.82794100389228
2023,RB,B,P1,oldenv_tm_td_pg,0.027972468436450883,177.82794100389228
2023,RB,B,P1,oldenv_tm_pass_yds_pg,-0.050183945147599045,177.82794100389228
2023,RB,B,P1,expr,-0.15868577404652526,177.82794100389228
2023,RB,B,P1,log_draft_pick,-0.3627219731812411,177.82794100389228
2023,RB,B,P1,snap_share,0.2431403603382575,177.82794100389228
2023,RB,B,P1,pass_snap_share,-0.01111975645733462,177.82794100389228
2023,RB,B,P1,run_snap_share,0.23064038741477721,177.82794100389228
2023,RB,B,P1,routes_proxy,-0.037218880509476505,177.82794100389228
2023,RB,B,P1,tprr_proxy,0.04621913702566498,177.82794100389228
2023,RB,B,P1,gl5_carries_pg,0.23604677039238728,177.82794100389228
2023,RB,B,P1,gl10_carries_pg,0.11111670409846194,177.82794100389228
2023,RB,B,P1,third_down_carries_pg,-0.06840193635016509,177.82794100389228
2023,RB,B,P1,explosive_run_rate,0.1361882398932238,177.82794100389228
2023,RB,B,P1,rush_epa_per_att,0.1213149419125283,177.82794100389228
2023,RB,B,P1,ngs_ryoe_per_att,0.37829895411097525,177.82794100389228
2023,RB,B,P1,ngs_efficiency,-0.0067576477140644945,177.82794100389228
2023,RB,B,P1,ngs_percent_attempts_gte_eight_defenders,-0.03167245064787482,177.82794100389228
2023,RB,B,P1,pfr_ybc_per_att,0.056300000514281495,177.82794100389228
2023,RB,B,P1,pfr_yac_per_att,0.01420727042593014,177.82794100389228
2023,RB,B,P1,pfr_att_per_broken_tackle,-0.1551670126509304,177.82794100389228
2023,RB,B,P1,opportunity_pg,0.35109142757219125,177.82794100389228
2023,RB,B,P1,rz_targets_pg,0.09263475317825105,177.82794100389228
2023,RB,B,P1,tc_neutral_proe,-0.11027033644688009,177.82794100389228
2023,RB,B,P1,tc_neutral_sec_per_play,-0.03591500535744396,177.82794100389228
2023,RB,B,P1,tc_off_epa,0.138345233220084,177.82794100389228
2023,RB,B,P1,tc_rz_td_rate,0.24360381997591965,177.82794100389228
2023,RB,B,P1,tc_off_plays_pg,0.13055344918216422,177.82794100389228
2023,RB,B,P1,tc_pass_rate,-0.18821229011859525,177.82794100389228
2023,RB,B,P1,mu_hat,0.4745128997013341,177.82794100389228
2023,RB,B,P1,age_s0,-0.17495903990677034,177.82794100389228
2023,RB,B,P1,age_s1,-0.18255963684945192,177.82794100389228
2023,RB,B,P1,age_s2,-0.17633985901923713,177.82794100389228
2023,RB,B,P1,age_s3,-0.1624826823618184,177.82794100389228
2024,WR,B,P0,h_targets_pg,0.19909779178340847,316.22776601683796
2024,WR,B,P0,h_carries_pg,0.06983678458162178,316.22776601683796
2024,WR,B,P0,h_touches_pg,0.20917939905396063,316.22776601683796
2024,WR,B,P0,h_air_yards_pg,0.11452675019220353,316.22776601683796
2024,WR,B,P0,h_target_share_full,0.20646188131379622,316.22776601683796
2024,WR,B,P0,h_air_yards_share_full,0.1430124606756353,316.22776601683796
2024,WR,B,P0,h_carry_share_full,0.0664949139302111,316.22776601683796
2024,WR,B,P0,h_wopr_full,0.18803648863445988,316.22776601683796
2024,WR,B,P0,h_u_rec,0.20239187138254955,316.22776601683796
2024,WR,B,P0,h_u_rush,0.07278917745016998,316.22776601683796
2024,WR,B,P0,h_u_tot,0.2097732783193503,316.22776601683796
2024,WR,B,P0,G_last,0.04487253221338262,316.22776601683796
2024,WR,B,P0,G_wtd,0.07818048902420412,316.22776601683796
2024,WR,B,P0,avail_wtd,0.11397893883407188,316.22776601683796
2024,WR,B,P0,h_adot,-0.025463031149723828,316.22776601683796
2024,WR,B,P0,h_ypr,0.02046222227713286,316.22776601683796
2024,WR,B,P0,h_catch_rate,-0.03165637339057917,316.22776601683796
2024,WR,B,P0,h_racr_w,0.1554088052647604,316.22776601683796
2024,WR,B,P0,oldenv_tm_pass_att_pg,-0.04118075713084485,316.22776601683796
2024,WR,B,P0,oldenv_tm_tgt_pg,-0.02460243440200698,316.22776601683796
2024,WR,B,P0,oldenv_tm_ay_pg,-0.008052794163748184,316.22776601683796
2024,WR,B,P0,oldenv_tm_car_pg,0.06100777832925747,316.22776601683796
2024,WR,B,P0,oldenv_tm_plays_pg,0.009038583587357483,316.22776601683796
2024,WR,B,P0,oldenv_tm_pass_rate,-0.05146457470999683,316.22776601683796
2024,WR,B,P0,oldenv_tm_td_pg,0.1968644161729511,316.22776601683796
2024,WR,B,P0,oldenv_tm_pass_yds_pg,0.14061275035212284,316.22776601683796
2024,WR,B,P0,expr,-0.07145547894394692,316.22776601683796
2024,WR,B,P0,log_draft_pick,0.03299640890240558,316.22776601683796
2024,WR,B,P0,snap_share,0.11337028517320316,316.22776601683796
2024,WR,B,P0,pass_snap_share,0.08010034007983417,316.22776601683796
2024,WR,B,P0,routes_proxy_pg,0.008447294399102929,316.22776601683796
2024,WR,B,P0,tprr_proxy,0.2702117365620264,316.22776601683796
2024,WR,B,P0,yprr_proxy,0.2725075609772102,316.22776601683796
2024,WR,B,P0,rz_targets_pg,0.08967253880740901,316.22776601683796
2024,WR,B,P0,i10_targets_pg,0.13354902718789438,316.22776601683796
2024,WR,B,P0,ez_targets_pg,0.17347511325986648,316.22776601683796
2024,WR,B,P0,third_down_targets_pg,0.15717255682351436,316.22776601683796
2024,WR,B,P0,deep_targets_pg,0.13917836474566264,316.22776601683796
2024,WR,B,P0,deep_target_rate,0.03220611774638958,316.22776601683796
2024,WR,B,P0,rz_target_share_of_own,-0.06713986189897081,316.22776601683796
2024,WR,B,P0,ngs_avg_separation,0.14576383150743308,316.22776601683796
2024,WR,B,P0,ngs_avg_cushion,-0.017273355309499725,316.22776601683796
2024,WR,B,P0,ngs_avg_yac_above_expectation,0.12456254196358274,316.22776601683796
2024,WR,B,P0,ngs_percent_share_of_intended_air_yards,0.02623057006633652,316.22776601683796
2024,WR,B,P0,pfr_adot,0.0024817287162116003,316.22776601683796
2024,WR,B,P0,pfr_ybc_per_rec,-0.038221536327618356,316.22776601683796
2024,WR,B,P0,pfr_yac_per_rec,0.044911200764782,316.22776601683796
2024,WR,B,P0,pfr_drop_pct,-0.12507022560292416,316.22776601683796
2024,WR,B,P0,pfr_rec_per_broken_tackle,0.018096852090514707,316.22776601683796
2024,WR,B,P0,target_epa,0.21920833120808034,316.22776601683796
2024,WR,B,P0,tc_neutral_proe,0.027739914468727634,316.22776601683796
2024,WR,B,P0,tc_neutral_sec_per_play,-0.08162087864414641,316.22776601683796
2024,WR,B,P0,tc_off_epa,0.0374261588511944,316.22776601683796
2024,WR,B,P0,tc_rz_td_rate,0.11185716702060043,316.22776601683796
2024,WR,B,P0,tc_off_plays_pg,0.07620591420444682,316.22776601683796
2024,WR,B,P0,tc_pass_rate,0.0006764917321485751,316.22776601683796
2024,WR,B,P0,age_s0,-0.07678928504354902,316.22776601683796
2024,WR,B,P0,age_s1,-0.0856775092569918,316.22776601683796
2024,WR,B,P0,age_s2,-0.08684449148228175,316.22776601683796
2024,WR,B,P0,age_s3,-0.09012003453409974,316.22776601683796
2024,WR,B,P1,h_targets_pg,0.17029066716841362,316.22776601683796
2024,WR,B,P1,h_carries_pg,0.06403144810344769,316.22776601683796
2024,WR,B,P1,h_touches_pg,0.17970954163983846,316.22776601683796
2024,WR,B,P1,h_air_yards_pg,0.09555559442103781,316.22776601683796
2024,WR,B,P1,h_target_share_full,0.19077413490414402,316.22776601683796
2024,WR,B,P1,h_air_yards_share_full,0.13280749488847304,316.22776601683796
2024,WR,B,P1,h_carry_share_full,0.05992524678285982,316.22776601683796
2024,WR,B,P1,h_wopr_full,0.17402837575517177,316.22776601683796
2024,WR,B,P1,h_u_rec,0.18352906725420634,316.22776601683796
2024,WR,B,P1,h_u_rush,0.06733591451254667,316.22776601683796
2024,WR,B,P1,h_u_tot,0.19041705419728094,316.22776601683796
2024,WR,B,P1,G_last,0.05906233198218925,316.22776601683796
2024,WR,B,P1,G_wtd,0.0860005102080275,316.22776601683796
2024,WR,B,P1,avail_wtd,0.12223541303321628,316.22776601683796
2024,WR,B,P1,h_adot,-0.021180564992198465,316.22776601683796
2024,WR,B,P1,h_ypr,0.013047224081862862,316.22776601683796
2024,WR,B,P1,h_catch_rate,-0.030719521994345998,316.22776601683796
2024,WR,B,P1,h_racr_w,0.1466162152924342,316.22776601683796
2024,WR,B,P1,oldenv_tm_pass_att_pg,-0.04429386040396723,316.22776601683796
2024,WR,B,P1,oldenv_tm_tgt_pg,-0.028254979086027407,316.22776601683796
2024,WR,B,P1,oldenv_tm_ay_pg,-0.007412510443555533,316.22776601683796
2024,WR,B,P1,oldenv_tm_car_pg,0.06391849144268837,316.22776601683796
2024,WR,B,P1,oldenv_tm_plays_pg,0.008073910137166443,316.22776601683796
2024,WR,B,P1,oldenv_tm_pass_rate,-0.05459086156376237,316.22776601683796
2024,WR,B,P1,oldenv_tm_td_pg,0.18572883757373146,316.22776601683796
2024,WR,B,P1,oldenv_tm_pass_yds_pg,0.13362271724388738,316.22776601683796
2024,WR,B,P1,expr,-0.08117922693177441,316.22776601683796
2024,WR,B,P1,log_draft_pick,0.03430190289083911,316.22776601683796
2024,WR,B,P1,snap_share,0.10546561166493283,316.22776601683796
2024,WR,B,P1,pass_snap_share,0.08215294323823562,316.22776601683796
2024,WR,B,P1,routes_proxy_pg,-0.0007320828216559595,316.22776601683796
2024,WR,B,P1,tprr_proxy,0.24719212748182134,316.22776601683796
2024,WR,B,P1,yprr_proxy,0.23566141707930593,316.22776601683796
2024,WR,B,P1,rz_targets_pg,0.07479495282586598,316.22776601683796
2024,WR,B,P1,i10_targets_pg,0.1166507469957246,316.22776601683796
2024,WR,B,P1,ez_targets_pg,0.1627386954706982,316.22776601683796
2024,WR,B,P1,third_down_targets_pg,0.1434567284851959,316.22776601683796
2024,WR,B,P1,deep_targets_pg,0.1322887410275266,316.22776601683796
2024,WR,B,P1,deep_target_rate,0.03681905920967183,316.22776601683796
2024,WR,B,P1,rz_target_share_of_own,-0.0671177036634423,316.22776601683796
2024,WR,B,P1,ngs_avg_separation,0.1380928844291138,316.22776601683796
2024,WR,B,P1,ngs_avg_cushion,-0.013976646348403536,316.22776601683796
2024,WR,B,P1,ngs_avg_yac_above_expectation,0.11504963998562338,316.22776601683796
2024,WR,B,P1,ngs_percent_share_of_intended_air_yards,0.019129895507746835,316.22776601683796
2024,WR,B,P1,pfr_adot,0.00759620741507962,316.22776601683796
2024,WR,B,P1,pfr_ybc_per_rec,-0.04024866719086585,316.22776601683796
2024,WR,B,P1,pfr_yac_per_rec,0.04204108667524618,316.22776601683796
2024,WR,B,P1,pfr_drop_pct,-0.12315153250994623,316.22776601683796
2024,WR,B,P1,pfr_rec_per_broken_tackle,0.021251068140089015,316.22776601683796
2024,WR,B,P1,target_epa,0.18897952690161093,316.22776601683796
2024,WR,B,P1,tc_neutral_proe,0.02448813252307643,316.22776601683796
2024,WR,B,P1,tc_neutral_sec_per_play,-0.07481632138532608,316.22776601683796
2024,WR,B,P1,tc_off_epa,0.031733815102983204,316.22776601683796
2024,WR,B,P1,tc_rz_td_rate,0.10480180807132158,316.22776601683796
2024,WR,B,P1,tc_off_plays_pg,0.07276659160308303,316.22776601683796
2024,WR,B,P1,tc_pass_rate,-0.001555834577267853,316.22776601683796
2024,WR,B,P1,mu_hat,0.3072953286506732,316.22776601683796
2024,WR,B,P1,age_s0,-0.08486539660207122,316.22776601683796
2024,WR,B,P1,age_s1,-0.0923816816355242,316.22776601683796
2024,WR,B,P1,age_s2,-0.09313160927326938,316.22776601683796
2024,WR,B,P1,age_s3,-0.09570404525447979,316.22776601683796
2024,RB,B,P0,h_targets_pg,0.3175745268360854,177.82794100389228
2024,RB,B,P0,h_carries_pg,0.20472900174675077,177.82794100389228
2024,RB,B,P0,h_touches_pg,0.2743223792355041,177.82794100389228
2024,RB,B,P0,h_air_yards_pg,0.04305735136100266,177.82794100389228
2024,RB,B,P0,h_target_share_full,0.18417643880418294,177.82794100389228
2024,RB,B,P0,h_air_yards_share_full,0.04337488820507851,177.82794100389228
2024,RB,B,P0,h_carry_share_full,0.05166990823329338,177.82794100389228
2024,RB,B,P0,h_wopr_full,0.17726370625959503,177.82794100389228
2024,RB,B,P0,h_u_rec,0.22012256793557344,177.82794100389228
2024,RB,B,P0,h_u_rush,0.09445955461110869,177.82794100389228
2024,RB,B,P0,h_u_tot,0.1458492326293544,177.82794100389228
2024,RB,B,P0,G_last,0.05815284399627299,177.82794100389228
2024,RB,B,P0,G_wtd,-0.10295437328836897,177.82794100389228
2024,RB,B,P0,avail_wtd,-0.09198395199590025,177.82794100389228
2024,RB,B,P0,h_adot,-0.15055124611207704,177.82794100389228
2024,RB,B,P0,h_ypr,0.19789280984844648,177.82794100389228
2024,RB,B,P0,h_catch_rate,0.016711940139645887,177.82794100389228
2024,RB,B,P0,h_racr_w,-0.033903248383354234,177.82794100389228
2024,RB,B,P0,oldenv_tm_pass_att_pg,0.09797166439732875,177.82794100389228
2024,RB,B,P0,oldenv_tm_tgt_pg,0.09650279161495784,177.82794100389228
2024,RB,B,P0,oldenv_tm_ay_pg,-0.11369003877431415,177.82794100389228
2024,RB,B,P0,oldenv_tm_car_pg,-0.10879316028711106,177.82794100389228
2024,RB,B,P0,oldenv_tm_plays_pg,0.01669103820513526,177.82794100389228
2024,RB,B,P0,oldenv_tm_pass_rate,0.09393819540901054,177.82794100389228
2024,RB,B,P0,oldenv_tm_td_pg,-0.0034224380674604854,177.82794100389228
2024,RB,B,P0,oldenv_tm_pass_yds_pg,-0.014112919034173867,177.82794100389228
2024,RB,B,P0,expr,-0.18999089001015224,177.82794100389228
2024,RB,B,P0,log_draft_pick,-0.3575646666163114,177.82794100389228
2024,RB,B,P0,snap_share,0.28729653227616064,177.82794100389228
2024,RB,B,P0,pass_snap_share,-0.00882127420888555,177.82794100389228
2024,RB,B,P0,run_snap_share,0.19226205353035136,177.82794100389228
2024,RB,B,P0,routes_proxy,0.015983824471637445,177.82794100389228
2024,RB,B,P0,tprr_proxy,0.03847843071753903,177.82794100389228
2024,RB,B,P0,gl5_carries_pg,0.1093524601416925,177.82794100389228
2024,RB,B,P0,gl10_carries_pg,0.07341487971758064,177.82794100389228
2024,RB,B,P0,third_down_carries_pg,-0.05947510701699178,177.82794100389228
2024,RB,B,P0,explosive_run_rate,0.1614973813025187,177.82794100389228
2024,RB,B,P0,rush_epa_per_att,0.0941138032165166,177.82794100389228
2024,RB,B,P0,ngs_ryoe_per_att,0.3628188176720981,177.82794100389228
2024,RB,B,P0,ngs_efficiency,-0.03564841018731973,177.82794100389228
2024,RB,B,P0,ngs_percent_attempts_gte_eight_defenders,0.05204548287819824,177.82794100389228
2024,RB,B,P0,pfr_ybc_per_att,0.07063819199736665,177.82794100389228
2024,RB,B,P0,pfr_yac_per_att,0.04600525334171932,177.82794100389228
2024,RB,B,P0,pfr_att_per_broken_tackle,-0.13361575520297897,177.82794100389228
2024,RB,B,P0,opportunity_pg,0.41634709619696614,177.82794100389228
2024,RB,B,P0,rz_targets_pg,0.10188726751092207,177.82794100389228
2024,RB,B,P0,tc_neutral_proe,-0.12585750190133796,177.82794100389228
2024,RB,B,P0,tc_neutral_sec_per_play,0.004370192176717154,177.82794100389228
2024,RB,B,P0,tc_off_epa,0.08884175497154952,177.82794100389228
2024,RB,B,P0,tc_rz_td_rate,0.23069734550344909,177.82794100389228
2024,RB,B,P0,tc_off_plays_pg,0.10691656280065386,177.82794100389228
2024,RB,B,P0,tc_pass_rate,-0.12780041016556712,177.82794100389228
2024,RB,B,P0,age_s0,-0.1126830192968135,177.82794100389228
2024,RB,B,P0,age_s1,-0.17307662240875293,177.82794100389228
2024,RB,B,P0,age_s2,-0.17304163024321054,177.82794100389228
2024,RB,B,P0,age_s3,-0.16684458672353458,177.82794100389228
2024,RB,B,P1,h_targets_pg,0.25791699631121373,177.82794100389228
2024,RB,B,P1,h_carries_pg,0.1564485549853134,177.82794100389228
2024,RB,B,P1,h_touches_pg,0.214252142122624,177.82794100389228
2024,RB,B,P1,h_air_yards_pg,0.034437875620039554,177.82794100389228
2024,RB,B,P1,h_target_share_full,0.14513066117251117,177.82794100389228
2024,RB,B,P1,h_air_yards_share_full,0.0432180305634015,177.82794100389228
2024,RB,B,P1,h_carry_share_full,0.025163676699528775,177.82794100389228
2024,RB,B,P1,h_wopr_full,0.14086227661012865,177.82794100389228
2024,RB,B,P1,h_u_rec,0.1797220064212964,177.82794100389228
2024,RB,B,P1,h_u_rush,0.06601556191200247,177.82794100389228
2024,RB,B,P1,h_u_tot,0.10956714471187631,177.82794100389228
2024,RB,B,P1,G_last,0.08382763036821883,177.82794100389228
2024,RB,B,P1,G_wtd,-0.08858806740329733,177.82794100389228
2024,RB,B,P1,avail_wtd,-0.07822627320875192,177.82794100389228
2024,RB,B,P1,h_adot,-0.13673748670729238,177.82794100389228
2024,RB,B,P1,h_ypr,0.16200773730457316,177.82794100389228
2024,RB,B,P1,h_catch_rate,0.022328523348084005,177.82794100389228
2024,RB,B,P1,h_racr_w,-0.02799793541770221,177.82794100389228
2024,RB,B,P1,oldenv_tm_pass_att_pg,0.09446701948375383,177.82794100389228
2024,RB,B,P1,oldenv_tm_tgt_pg,0.0919319916305079,177.82794100389228
2024,RB,B,P1,oldenv_tm_ay_pg,-0.11006758588032231,177.82794100389228
2024,RB,B,P1,oldenv_tm_car_pg,-0.1044883957942872,177.82794100389228
2024,RB,B,P1,oldenv_tm_plays_pg,0.01648208727654922,177.82794100389228
2024,RB,B,P1,oldenv_tm_pass_rate,0.08950053377272672,177.82794100389228
2024,RB,B,P1,oldenv_tm_td_pg,-0.014977934966114999,177.82794100389228
2024,RB,B,P1,oldenv_tm_pass_yds_pg,-0.01636174978036067,177.82794100389228
2024,RB,B,P1,expr,-0.2037877985981505,177.82794100389228
2024,RB,B,P1,log_draft_pick,-0.3466637269745685,177.82794100389228
2024,RB,B,P1,snap_share,0.2513378698278497,177.82794100389228
2024,RB,B,P1,pass_snap_share,-0.008742030704998481,177.82794100389228
2024,RB,B,P1,run_snap_share,0.1931040111872194,177.82794100389228
2024,RB,B,P1,routes_proxy,0.01476498236125189,177.82794100389228
2024,RB,B,P1,tprr_proxy,0.0077705357700711035,177.82794100389228
2024,RB,B,P1,gl5_carries_pg,0.07849063279053863,177.82794100389228
2024,RB,B,P1,gl10_carries_pg,0.03793225969231819,177.82794100389228
2024,RB,B,P1,third_down_carries_pg,-0.07625761015846075,177.82794100389228
2024,RB,B,P1,explosive_run_rate,0.15415214759520943,177.82794100389228
2024,RB,B,P1,rush_epa_per_att,0.07016339825016198,177.82794100389228
2024,RB,B,P1,ngs_ryoe_per_att,0.35174316115600995,177.82794100389228
2024,RB,B,P1,ngs_efficiency,-0.03352942455684999,177.82794100389228
2024,RB,B,P1,ngs_percent_attempts_gte_eight_defenders,0.0464292272346482,177.82794100389228
2024,RB,B,P1,pfr_ybc_per_att,0.05957556913403719,177.82794100389228
2024,RB,B,P1,pfr_yac_per_att,0.03386713153660452,177.82794100389228
2024,RB,B,P1,pfr_att_per_broken_tackle,-0.13323708040382717,177.82794100389228
2024,RB,B,P1,opportunity_pg,0.37067397518405615,177.82794100389228
2024,RB,B,P1,rz_targets_pg,0.08133571539961652,177.82794100389228
2024,RB,B,P1,tc_neutral_proe,-0.12481464424985154,177.82794100389228
2024,RB,B,P1,tc_neutral_sec_per_play,0.004795634073679654,177.82794100389228
2024,RB,B,P1,tc_off_epa,0.08135270812588488,177.82794100389228
2024,RB,B,P1,tc_rz_td_rate,0.2193410076771867,177.82794100389228
2024,RB,B,P1,tc_off_plays_pg,0.11378801577643018,177.82794100389228
2024,RB,B,P1,tc_pass_rate,-0.11749639123502867,177.82794100389228
2024,RB,B,P1,mu_hat,0.5258315230239189,177.82794100389228
2024,RB,B,P1,age_s0,-0.12109049493176996,177.82794100389228
2024,RB,B,P1,age_s1,-0.16851950762037082,177.82794100389228
2024,RB,B,P1,age_s2,-0.1661807771332376,177.82794100389228
2024,RB,B,P1,age_s3,-0.15775798828213436,177.82794100389228
