year,name,pos_adp,adp,pid,total,games,touches,pos,ppg,rank_T,rank_P,pos_eff,round12,round10,bin12,bin10,hit_pos_T,hit_pos_P,tier_T,tier_P,hit24_T,hit24_P,hit36_T,hit36_P,elig_P,hit_val_T_12,hit_val_P_12,hit_val_T_10,hit_val_P_10,hit_val_T,hit_val_P
2015,Adrian Peterson,RB,1.8,00-0025394,260.7,16,36.0,RB,16.29375,2.0,8.0,RB,1,1,R1-2,R1-2,1,1.0,1-12,1-12,1,1.0,1,1.0,True,1,1.0,1,0.0,1,1.0
2015,Antonio Brown,WR,2.5,00-0027793,390.2,16,193.0,WR,24.3875,1.0,1.0,WR,1,1,R1-2,R1-2,1,1.0,1-12,1-12,1,1.0,1,1.0,True,1,1.0,1,1.0,1,1.0
2015,LeVeon Bell,RB,3.1,00-0030496,111.2,6,26.0,RB,18.533333333333335,47.0,4.0,RB,1,1,R1-2,R1-2,0,1.0,none,1-12,0,1.0,0,1.0,True,0,1.0,0,1.0,0,1.0
2015,Eddie Lacy,RB,4.0,00-0030485,140.6,15,28.0,RB,9.373333333333333,32.0,49.0,RB,1,1,R1-2,R1-2,0,0.0,25-36,none,0,0.0,1,0.0,True,0,0.0,0,0.0,0,0.0
2015,Jamaal Charles,RB,4.5,00-0026213,101.1,5,30.0,RB,20.22,51.0,2.0,RB,1,1,R1-2,R1-2,0,1.0,none,1-12,0,1.0,0,1.0,True,0,1.0,0,1.0,0,1.0
2015,Julio Jones,WR,6.2,00-0027944,369.1,16,203.0,WR,23.06875,2.0,2.0,WR,1,1,R1-2,R1-2,1,1.0,1-12,1-12,1,1.0,1,1.0,True,1,1.0,1,1.0,1,1.0
2015,Dez Bryant,WR,7.6,00-0027902,89.1,9,72.0,WR,9.899999999999999,82.0,55.0,WR,1,1,R1-2,R1-2,0,0.0,none,none,0,0.0,0,0.0,True,0,0.0,0,0.0,0,0.0
2015,Marshawn Lynch,RB,8.6,00-0025399,82.69999999999999,7,21.0,RB,11.814285714285713,58.0,28.0,RB,1,1,R1-2,R1-2,0,0.0,none,25-36,0,0.0,0,1.0,True,0,0.0,0,0.0,0,0.0
2015,Demaryius Thomas,WR,9.1,00-0027874,267.4,16,177.0,WR,16.7125,11.0,17.0,WR,1,1,R1-2,R1-2,1,0.0,1-12,13-24,1,1.0,1,1.0,True,1,1.0,1,1.0,1,1.0
2015,Rob Gronkowski,TE,10.3,00-0027656,255.6,15,120.0,TE,17.04,1.0,2.0,TE,1,2,R1-2,R1-2,1,1.0,1-12,1-12,1,1.0,1,1.0,True,1,1.0,1,1.0,1,1.0
2015,CJ Anderson,RB,10.7,00-0029854,141.3,15,36.0,RB,9.42,31.0,48.0,RB,1,2,R1-2,R1-2,0,0.0,25-36,none,0,0.0,1,0.0,True,0,0.0,0,0.0,0,0.0
2015,Odell Beckham Jr.,WR,11.4,00-0031235,319.3,15,158.0,WR,21.28666666666667,5.0,3.0,WR,1,2,R1-2,R1-2,1,1.0,1-12,1-12,1,1.0,1,1.0,True,1,1.0,1,1.0,1,1.0
2015,Calvin Johnson,WR,13.1,00-0025389,261.4,16,149.0,WR,16.3375,12.0,18.0,WR,2,2,R1-2,R1-2,1,0.0,1-12,13-24,1,1.0,1,1.0,True,1,1.0,1,0.0,1,1.0
2015,Matt Forte,RB,13.7,00-0026184,214.7,13,58.0,RB,16.515384615384615,8.0,7.0,RB,2,2,R1-2,R1-2,1,1.0,1-12,1-12,1,1.0,1,1.0,True,1,1.0,1,1.0,1,1.0
2015,Jeremy Hill,RB,14.4,00-0031301,170.3,16,19.0,RB,10.64375,20.0,34.0,RB,2,2,R1-2,R1-2,0,0.0,13-24,25-36,1,0.0,1,1.0,True,0,0.0,0,0.0,0,0.0
2015,Randall Cobb,WR,15.9,00-0028002,202.9,16,129.0,WR,12.68125,26.0,31.0,WR,2,2,R1-2,R1-2,0,0.0,25-36,25-36,0,0.0,1,1.0,True,0,0.0,1,0.0,0,0.0
2015,A.J. Green,WR,16.7,00-0027942,273.7,16,132.0,WR,17.10625,9.0,13.0,WR,2,2,R1-2,R1-2,1,0.0,1-12,13-24,1,1.0,1,1.0,True,1,1.0,1,1.0,1,1.0
2015,Andrew Luck,QB,16.9,00-0029668,130.84,7,0.0,QB,18.69142857142857,28.0,11.0,QB,2,2,R1-2,R1-2,0,1.0,25-36,1-12,0,1.0,1,1.0,True,0,1.0,0,1.0,0,1.0
2015,DeMarco Murray,RB,17.6,00-0028009,184.4,15,55.0,RB,12.293333333333333,15.0,23.0,RB,2,2,R1-2,R1-2,0,0.0,13-24,13-24,1,1.0,1,1.0,True,0,0.0,0,0.0,0,0.0
2015,Justin Forsett,RB,19.3,00-0026373,122.4,10,41.0,RB,12.24,41.0,25.0,RB,2,2,R1-2,R1-2,0,0.0,none,25-36,0,0.0,0,1.0,True,0,0.0,0,0.0,0,0.0
2015,Brandin Cooks,WR,20.6,00-0031236,253.6,16,129.0,WR,15.85,13.0,20.0,WR,2,3,R1-2,R3-4,0,0.0,13-24,13-24,1,1.0,1,1.0,True,1,0.0,1,1.0,1,0.0
2015,Lamar Miller,RB,22.3,00-0029615,231.9,16,57.0,RB,14.49375,6.0,14.0,RB,2,3,R1-2,R3-4,1,0.0,1-12,13-24,1,1.0,1,1.0,True,1,0.0,1,0.0,1,0.0
2015,T.Y. Hilton,WR,22.8,00-0029608,211.4,16,134.0,WR,13.2125,23.0,29.0,WR,2,3,R1-2,R3-4,0,0.0,13-24,25-36,1,0.0,1,1.0,True,1,0.0,0,0.0,1,0.0
2015,Jordan Matthews,WR,24.4,00-0031299,230.7,16,128.0,TE,14.41875,17.0,25.0,WR,3,3,R3-4,R3-4,0,0.0,13-24,25-36,1,0.0,1,1.0,True,1,1.0,1,0.0,1,1.0
2015,LeSean McCoy,RB,24.4,00-0027029,178.7,12,50.0,RB,14.891666666666666,19.0,11.0,RB,3,3,R3-4,R3-4,0,1.0,13-24,1-12,1,1.0,1,1.0,True,0,1.0,0,1.0,0,1.0
2015,Alshon Jeffery,WR,26.1,00-0029137,158.7,9,94.0,WR,17.633333333333333,43.0,10.0,WR,3,3,R3-4,R3-4,0,1.0,none,1-12,0,1.0,0,1.0,True,0,1.0,0,1.0,0,1.0
2015,Aaron Rodgers,QB,27.1,00-0023459,301.24,16,0.0,QB,18.8275,7.0,9.0,QB,3,3,R3-4,R3-4,1,1.0,1-12,1-12,1,1.0,1,1.0,True,1,1.0,1,1.0,1,1.0
2015,Frank Gore,RB,27.7,00-0023500,193.4,16,58.0,RB,12.0875,14.0,27.0,RB,3,3,R3-4,R3-4,0,0.0,13-24,25-36,1,0.0,1,1.0,True,0,0.0,0,0.0,0,0.0
2015,DeAndre Hopkins,WR,28.7,00-0030564,331.09999999999997,16,192.0,WR,20.693749999999998,4.0,5.0,WR,3,3,R3-4,R3-4,1,1.0,1-12,1-12,1,1.0,1,1.0,True,1,1.0,1,1.0,1,1.0
2015,Mike Evans,WR,30.0,00-0031408,212.60000000000002,15,148.0,WR,14.173333333333336,22.0,26.0,WR,3,3,R3-4,R3-4,0,0.0,13-24,25-36,1,0.0,1,1.0,True,1,0.0,1,0.0,1,0.0
2015,Mark Ingram II,RB,31.0,00-0027966,203.4,12,60.0,RB,16.95,11.0,6.0,RB,3,4,R3-4,R3-4,1,1.0,1-12,1-12,1,1.0,1,1.0,True,1,1.0,0,1.0,1,1.0
2015,Emmanuel Sanders,WR,31.9,00-0027685,226.4,15,137.0,WR,15.093333333333334,18.0,22.0,WR,3,4,R3-4,R3-4,0,0.0,13-24,13-24,1,1.0,1,1.0,True,1,1.0,1,1.0,1,1.0
2015,Latavius Murray,RB,33.2,00-0030513,204.79999999999998,16,53.0,RB,12.799999999999999,10.0,19.0,RB,3,4,R3-4,R3-4,1,0.0,1-12,13-24,1,1.0,1,1.0,True,1,0.0,0,0.0,1,0.0
2015,Jimmy Graham,TE,33.5,00-0027696,120.5,11,74.0,TE,10.954545454545455,20.0,12.0,TE,3,4,R3-4,R3-4,0,1.0,13-24,1-12,1,1.0,1,1.0,True,0,0.0,0,0.0,0,0.0
2015,Davante Adams,WR,34.6,00-0031381,106.3,13,94.0,WR,8.176923076923076,69.0,68.0,WR,3,4,R3-4,R3-4,0,0.0,none,none,0,0.0,0,0.0,True,0,0.0,0,0.0,0,0.0
2015,Jarvis Landry,WR,36.6,00-0031382,275.36,16,166.0,WR,17.21,8.0,12.0,WR,4,4,R3-4,R3-4,1,1.0,1-12,1-12,1,1.0,1,1.0,True,1,1.0,1,1.0,1,1.0
2015,Arian Foster,RB,37.5,00-0026796,77.0,4,28.0,RB,19.25,63.0,3.0,RB,4,4,R3-4,R3-4,0,1.0,none,1-12,0,1.0,0,1.0,True,0,1.0,0,1.0,0,1.0
2015,Andre Johnson,WR,37.7,00-0022044,115.30000000000001,16,77.0,WR,7.206250000000001,58.0,80.0,WR,4,4,R3-4,R3-4,0,0.0,none,none,0,0.0,0,0.0,True,0,0.0,0,0.0,0,0.0
2015,Doug Martin,RB,38.0,00-0029613,232.3,16,44.0,RB,14.51875,5.0,13.0,RB,4,4,R3-4,R3-4,1,0.0,1-12,13-24,1,1.0,1,1.0,True,1,1.0,1,0.0,1,1.0
2015,Jeremy Maclin,WR,38.8,00-0026995,243.2,15,124.0,WR,16.21333333333333,15.0,19.0,WR,4,4,R3-4,R3-4,0,0.0,13-24,13-24,1,1.0,1,1.0,True,1,1.0,1,1.0,1,1.0
2015,Amari Cooper,WR,40.8,00-0031544,212.7,16,130.0,WR,13.29375,21.0,28.0,WR,4,5,R3-4,R5-6,0,0.0,13-24,25-36,1,0.0,1,1.0,True,1,0.0,1,1.0,1,0.0
2015,Ameer Abdullah,RB,41.5,00-0032104,117.0,16,38.0,RB,7.3125,43.0,64.0,RB,4,5,R3-4,R5-6,0,0.0,none,none,0,0.0,0,0.0,True,0,0.0,0,0.0,0,0.0
2015,Julian Edelman,WR,41.9,00-0027150,172.5,9,88.0,WR,19.166666666666668,38.0,7.0,WR,4,5,R3-4,R5-6,0,1.0,none,1-12,0,1.0,0,1.0,True,0,1.0,1,1.0,0,1.0
2015,Golden Tate,WR,43.5,00-0027891,209.4,16,128.0,WR,13.0875,24.0,30.0,WR,4,5,R3-4,R5-6,0,0.0,13-24,25-36,1,0.0,1,1.0,True,1,0.0,1,1.0,1,0.0
2015,Andre Ellington,RB,43.7,00-0030287,74.7,10,24.0,RB,7.470000000000001,64.0,63.0,RB,4,5,R3-4,R5-6,0,0.0,none,none,0,0.0,0,0.0,True,0,0.0,0,0.0,0,0.0
2015,Carlos Hyde,RB,44.7,00-0031045,81.3,7,15.0,RB,11.614285714285714,59.0,29.0,RB,4,5,R3-4,R5-6,0,0.0,none,25-36,0,0.0,0,1.0,True,0,0.0,0,0.0,0,0.0
2015,Greg Olsen,TE,45.1,00-0025418,227.4,16,124.0,TE,14.2125,5.0,6.0,TE,4,5,R3-4,R5-6,1,1.0,1-12,1-12,1,1.0,1,1.0,True,1,1.0,1,1.0,1,1.0
2015,Chris Ivory,RB,47.6,00-0027531,202.70000000000002,15,37.0,RB,13.513333333333334,12.0,17.0,RB,4,5,R3-4,R5-6,1,0.0,1-12,13-24,1,1.0,1,1.0,True,0,0.0,1,1.0,0,0.0
2015,Alfred Morris,RB,48.2,00-0029141,96.6,16,13.0,RB,6.0375,52.0,70.0,RB,5,5,R5-6,R5-6,0,0.0,none,none,0,0.0,0,0.0,True,0,0.0,0,0.0,0,0.0
2015,Keenan Allen,WR,48.7,00-0030279,163.5,8,89.0,WR,20.4375,42.0,6.0,WR,5,5,R5-6,R5-6,0,1.0,none,1-12,0,1.0,0,1.0,True,1,1.0,1,1.0,1,1.0
2015,Brandon Marshall,WR,50.5,00-0024334,339.2,16,173.0,WR,21.2,3.0,4.0,WR,5,6,R5-6,R5-6,1,1.0,1-12,1-12,1,1.0,1,1.0,True,1,1.0,1,1.0,1,1.0
2015,Travis Kelce,TE,50.6,00-0030506,189.5,16,103.0,TE,11.84375,8.0,9.0,TE,5,6,R5-6,R5-6,1,1.0,1-12,1-12,1,1.0,1,1.0,True,1,0.0,1,0.0,1,0.0
2015,Melvin Gordon III,RB,51.8,00-0032144,108.3,14,37.0,RB,7.735714285714286,48.0,60.0,RB,5,6,R5-6,R5-6,0,0.0,none,none,0,0.0,0,0.0,True,0,0.0,0,0.0,0,0.0
2015,Jonathan Stewart,RB,53.0,00-0026153,162.8,13,21.0,RB,12.523076923076925,24.0,20.0,RB,5,6,R5-6,R5-6,0,0.0,13-24,13-24,1,1.0,1,1.0,True,0,0.0,0,1.0,0,0.0
2015,Allen Robinson II,WR,53.5,00-0031428,304.0,16,151.0,WR,19.0,6.0,8.0,WR,5,6,R5-6,R5-6,1,1.0,1-12,1-12,1,1.0,1,1.0,True,1,1.0,1,1.0,1,1.0
2015,Peyton Manning,QB,54.9,00-0010346,91.36,10,0.0,QB,9.136,34.0,38.0,QB,5,6,R5-6,R5-6,0,0.0,25-36,none,0,0.0,1,0.0,True,0,0.0,0,0.0,0,0.0
2015,Joseph Randle,RB,56.6,00-0030388,74.1,6,10.0,RB,12.35,65.0,21.0,RB,5,6,R5-6,R5-6,0,0.0,none,13-24,0,1.0,0,1.0,True,0,0.0,0,0.0,0,0.0
2015,Nelson Agholor,WR,56.6,00-0031549,57.3,13,44.0,WR,4.407692307692307,102.0,118.0,WR,5,6,R5-6,R5-6,0,0.0,none,none,0,0.0,0,0.0,True,0,0.0,0,0.0,0,0.0
2015,Drew Brees,QB,56.8,00-0020531,304.2,15,0.0,QB,20.279999999999998,6.0,4.0,QB,5,6,R5-6,R5-6,1,1.0,1-12,1-12,1,1.0,1,1.0,True,1,1.0,1,1.0,1,1.0
2015,C.J. Spiller,RB,57.9,00-0027861,81.1,13,44.0,RB,6.238461538461538,60.0,69.0,RB,5,6,R5-6,R5-6,0,0.0,none,none,0,0.0,0,0.0,True,0,0.0,0,0.0,0,0.0
2015,Todd Gurley,RB,60.2,00-0032241,208.4,13,26.0,RB,16.03076923076923,9.0,9.0,RB,6,7,R5-6,R7-8,1,1.0,1-12,1-12,1,1.0,1,1.0,True,1,1.0,1,1.0,1,1.0
2015,Martellus Bennett,TE,60.3,00-0026201,114.9,11,80.0,TE,10.445454545454545,22.0,13.0,TE,6,7,R5-6,R7-8,0,0.0,13-24,13-24,1,1.0,1,1.0,True,0,0.0,0,0.0,0,0.0
2015,Charles Johnson,WR,61.6,00-0008454,0.0,0,,WR,,,,,6,7,R5-6,R7-8,0,,none,none,0,,0,,False,0,,0,,0,
2015,Sammy Watkins,WR,62.5,00-0031325,218.8,13,96.0,WR,16.83076923076923,20.0,15.0,WR,6,7,R5-6,R7-8,0,0.0,13-24,13-24,1,1.0,1,1.0,True,1,1.0,1,1.0,1,1.0
2015,TJ Yeldon,RB,63.1,00-0032209,155.9,12,46.0,RB,12.991666666666667,28.0,18.0,RB,6,7,R5-6,R7-8,0,0.0,25-36,13-24,0,1.0,1,1.0,True,0,0.0,0,0.0,0,0.0
2015,Ben Roethlisberger,QB,63.8,00-0022924,228.12,12,0.0,QB,19.01,20.0,8.0,QB,6,7,R5-6,R7-8,0,1.0,13-24,1-12,1,1.0,1,1.0,True,1,1.0,1,1.0,1,1.0
2015,John Brown,WR,64.3,00-0031051,207.5,15,101.0,WR,13.833333333333334,25.0,27.0,WR,6,7,R5-6,R7-8,0,0.0,25-36,25-36,0,0.0,1,1.0,True,1,1.0,1,1.0,1,1.0
2015,Tom Brady,QB,67.0,00-0019596,344.7,16,1.0,QB,21.54375,2.0,2.0,QB,6,7,R5-6,R7-8,1,1.0,1-12,1-12,1,1.0,1,1.0,True,1,1.0,1,1.0,1,1.0
2015,Martavis Bryant,WR,67.2,00-0031373,170.2,11,92.0,WR,15.47272727272727,39.0,21.0,WR,6,7,R5-6,R7-8,0,0.0,none,13-24,0,1.0,0,1.0,True,1,1.0,1,1.0,1,1.0
2015,LeGarrette Blount,RB,68.5,00-0027325,122.6,12,7.0,RB,10.216666666666667,39.0,40.0,RB,6,7,R5-6,R7-8,0,0.0,none,none,0,0.0,0,0.0,True,0,0.0,0,0.0,0,0.0
2015,Russell Wilson,QB,68.7,00-0029263,336.26,16,0.0,QB,21.01625,3.0,3.0,QB,6,7,R5-6,R7-8,1,1.0,1-12,1-12,1,1.0,1,1.0,True,1,1.0,1,1.0,1,1.0
2015,Danny Woodhead,RB,69.0,00-0026019,243.1,16,106.0,RB,15.19375,3.0,10.0,RB,6,7,R5-6,R7-8,1,1.0,1-12,1-12,1,1.0,1,1.0,True,1,1.0,1,1.0,1,1.0
2015,Vincent Jackson,WR,70.1,00-0023496,107.3,10,62.0,WR,10.73,65.0,50.0,WR,6,8,R5-6,R7-8,0,0.0,none,none,0,0.0,0,0.0,True,0,0.0,0,0.0,0,0.0
2015,Steve Smith,WR,72.1,00-0020337,131.0,7,73.0,WR,18.714285714285715,53.0,9.0,WR,7,8,R7-8,R7-8,0,1.0,none,1-12,0,1.0,0,1.0,True,0,1.0,0,1.0,0,1.0
2015,DeSean Jackson,WR,74.0,00-0026189,106.8,9,49.0,WR,11.866666666666667,67.0,41.0,WR,7,8,R7-8,R7-8,0,0.0,none,none,0,0.0,0,0.0,True,0,1.0,0,0.0,0,1.0
2015,Giovani Bernard,RB,75.5,00-0030456,181.2,16,66.0,RB,11.325,16.0,30.0,RB,7,8,R7-8,R7-8,0,0.0,13-24,25-36,1,0.0,1,1.0,True,1,1.0,1,0.0,1,1.0
2015,Jordan Cameron,TE,76.9,00-0028040,91.6,16,70.0,TE,5.725,27.0,36.0,TE,7,8,R7-8,R7-8,0,0.0,25-36,25-36,0,0.0,1,1.0,True,0,0.0,0,0.0,0,0.0
2015,Shane Vereen,RB,77.9,00-0027994,158.4,16,81.0,RB,9.9,27.0,44.0,RB,7,8,R7-8,R7-8,0,0.0,25-36,none,0,0.0,1,0.0,True,1,0.0,0,0.0,1,0.0
2015,Matt Ryan,QB,78.2,00-0026143,233.94,16,0.0,QB,14.62125,19.0,27.0,QB,7,8,R7-8,R7-8,0,0.0,13-24,25-36,1,0.0,1,1.0,True,1,1.0,1,1.0,1,1.0
2015,Ryan Mathews,RB,78.9,00-0027864,124.5,13,28.0,RB,9.576923076923077,37.0,47.0,RB,7,8,R7-8,R7-8,0,0.0,none,none,0,0.0,0,0.0,True,0,0.0,0,0.0,0,0.0
2015,Joique Bell,RB,80.5,00-0027218,105.7,13,27.0,RB,8.13076923076923,50.0,57.0,RB,7,9,R7-8,R9+,0,0.0,none,none,0,0.0,0,0.0,True,0,0.0,0,0.0,0,0.0
2015,Tony Romo,QB,80.8,00-0021678,40.66,4,0.0,QB,10.165,42.0,35.0,QB,7,9,R7-8,R9+,0,0.0,none,25-36,0,0.0,0,1.0,True,0,1.0,0,1.0,0,1.0
2015,Rashad Jennings,RB,81.7,00-0027155,164.9,16,40.0,RB,10.30625,22.0,38.0,RB,7,9,R7-8,R9+,0,0.0,13-24,none,1,0.0,1,0.0,True,1,1.0,1,1.0,1,1.0
2015,Sam Bradford,QB,82.1,00-0027854,194.9,14,0.0,QB,13.921428571428573,24.0,29.0,QB,7,9,R7-8,R9+,0,0.0,13-24,25-36,1,0.0,1,1.0,True,1,1.0,1,1.0,1,1.0
2015,Jason Witten,TE,83.7,00-0022127,164.3,16,104.0,TE,10.26875,10.0,14.0,TE,7,9,R7-8,R9+,1,0.0,1-12,13-24,1,1.0,1,1.0,True,1,1.0,1,1.0,1,1.0
2015,Larry Fitzgerald,WR,84.1,00-0022921,280.5,16,145.0,WR,17.53125,7.0,11.0,WR,8,9,R7-8,R9+,1,1.0,1-12,1-12,1,1.0,1,1.0,True,1,1.0,1,1.0,1,1.0
2015,Eddie Royal,WR,84.6,00-0026182,66.7,9,50.0,WR,7.411111111111111,94.0,77.0,WR,8,9,R7-8,R9+,0,0.0,none,none,0,0.0,0,0.0,True,0,0.0,0,0.0,0,0.0
2015,Darren McFadden,RB,84.6,00-0026144,195.7,16,53.0,RB,12.23125,13.0,26.0,RB,8,9,R7-8,R9+,0,0.0,13-24,25-36,1,0.0,1,1.0,True,1,1.0,1,1.0,1,1.0
2015,Alfred Blue,RB,86.4,00-0031075,111.69999999999999,14,16.0,RB,7.978571428571428,46.0,59.0,RB,8,9,R7-8,R9+,0,0.0,none,none,0,0.0,0,0.0,True,0,0.0,0,0.0,0,0.0
2015,Kendall Wright,WR,88.0,00-0029708,96.5,10,60.0,WR,9.65,75.0,56.0,WR,8,9,R7-8,R9+,0,0.0,none,none,0,0.0,0,0.0,True,0,0.0,0,0.0,0,0.0
2015,Tevin Coleman,RB,88.9,00-0032058,42.599999999999994,12,11.0,RB,3.5499999999999994,81.0,90.0,RB,8,9,R7-8,R9+,0,0.0,none,none,0,0.0,0,0.0,True,0,0.0,0,0.0,0,0.0
2015,Ryan Tannehill,QB,89.1,00-0029701,258.32,16,1.0,QB,16.145,17.0,24.0,QB,8,9,R7-8,R9+,0,0.0,13-24,13-24,1,1.0,1,1.0,True,1,1.0,1,1.0,1,1.0
2015,Owen Daniels,TE,89.7,00-0024313,115.7,16,77.0,TE,7.23125,21.0,28.0,TE,8,9,R7-8,R9+,0,0.0,13-24,25-36,1,0.0,1,1.0,True,0,0.0,0,0.0,0,0.0
2015,Mike Wallace,WR,89.9,00-0026901,98.9,15,72.0,WR,6.593333333333334,74.0,90.0,WR,8,9,R7-8,R9+,0,0.0,none,none,0,0.0,0,0.0,True,0,0.0,0,0.0,0,0.0
2015,Victor Cruz,WR,91.3,00-0027265,0.0,0,,WR,,,,,8,10,R7-8,R9+,0,,none,none,0,,0,,False,0,,0,,0,
2015,Markus Wheaton,WR,94.1,00-0030460,150.9,16,79.0,WR,9.43125,45.0,58.0,WR,8,10,R7-8,R9+,0,0.0,none,none,0,0.0,0,0.0,True,1,0.0,1,0.0,1,0.0
2015,Matthew Stafford,QB,94.6,00-0026498,290.78,16,1.0,QB,18.17375,9.0,13.0,QB,8,10,R7-8,R9+,1,0.0,1-12,13-24,1,1.0,1,1.0,True,1,1.0,1,1.0,1,1.0
2015,Isaiah Crowell,RB,95.4,00-0030656,137.79999999999998,16,22.0,RB,8.612499999999999,33.0,56.0,RB,8,10,R7-8,R9+,0,0.0,25-36,none,0,0.0,1,0.0,True,1,0.0,1,0.0,1,0.0
2015,Tyler Eifert,TE,95.5,00-0030549,191.5,13,74.0,TE,14.73076923076923,6.0,5.0,TE,8,10,R7-8,R9+,1,1.0,1-12,1-12,1,1.0,1,1.0,True,1,1.0,1,1.0,1,1.0
2015,Devin Funchess,WR,96.1,00-0032055,106.30000000000001,16,63.0,WR,6.643750000000001,68.0,88.0,WR,9,10,R9+,R9+,0,0.0,none,none,0,0.0,0,0.0,True,0,0.0,0,0.0,0,0.0
2015,Devonta Freeman,RB,96.2,00-0031285,316.4,15,97.0,RB,21.09333333333333,1.0,1.0,RB,9,10,R9+,R9+,1,1.0,1-12,1-12,1,1.0,1,1.0,True,1,1.0,1,1.0,1,1.0
2015,Anquan Boldin,WR,97.3,00-0022084,169.9,14,111.0,WR,12.135714285714286,40.0,39.0,WR,9,10,R9+,R9+,0,0.0,none,none,0,0.0,0,0.0,True,1,1.0,1,1.0,1,1.0
2015,Delanie Walker,TE,98.0,00-0024389,244.39999999999998,15,133.0,TE,16.293333333333333,2.0,3.0,TE,9,10,R9+,R9+,1,1.0,1-12,1-12,1,1.0,1,1.0,True,1,1.0,1,1.0,1,1.0
2015,Bishop Sankey,RB,100.2,00-0031413,59.2,12,22.0,RB,4.933333333333334,71.0,77.0,RB,9,11,R9+,R9+,0,0.0,none,none,0,0.0,0,0.0,True,0,0.0,0,0.0,0,0.0
2015,Steve Johnson,WR,101.3,00-0026364,112.7,9,65.0,WR,12.522222222222222,61.0,33.0,WR,9,11,R9+,R9+,0,0.0,none,25-36,0,0.0,0,1.0,True,0,1.0,0,1.0,0,1.0
2015,Duke Johnson,RB,101.8,00-0032257,164.3,16,74.0,RB,10.26875,23.0,39.0,RB,9,11,R9+,R9+,0,0.0,13-24,none,1,0.0,1,0.0,True,1,1.0,1,1.0,1,1.0
2015,Eric Decker,WR,105.3,00-0027690,252.7,15,132.0,WR,16.846666666666668,14.0,14.0,WR,9,11,R9+,R9+,0,0.0,13-24,13-24,1,1.0,1,1.0,True,1,1.0,1,1.0,1,1.0
2015,Eli Manning,QB,105.9,00-0022803,287.38,16,0.0,QB,17.96125,10.0,14.0,QB,9,11,R9+,R9+,1,0.0,1-12,13-24,1,1.0,1,1.0,True,1,1.0,1,1.0,1,1.0
2015,Darren Sproles,RB,106.4,00-0023564,161.5,16,83.0,RB,10.09375,25.0,42.0,RB,9,11,R9+,R9+,0,0.0,25-36,none,0,0.0,1,0.0,True,1,1.0,1,1.0,1,1.0
2015,Brian Quick,WR,106.8,00-0029640,20.2,9,32.0,WR,2.2444444444444445,153.0,153.0,WR,9,11,R9+,R9+,0,0.0,none,none,0,0.0,0,0.0,True,0,0.0,0,0.0,0,0.0
2015,Tre Mason,RB,109.0,00-0031391,51.5,13,21.0,RB,3.9615384615384617,73.0,85.0,RB,10,11,R9+,R9+,0,0.0,none,none,0,0.0,0,0.0,True,0,0.0,0,0.0,0,0.0
2015,Roddy White,WR,109.0,00-0023462,99.6,15,70.0,WR,6.64,72.0,89.0,WR,10,11,R9+,R9+,0,0.0,none,none,0,0.0,0,0.0,True,0,0.0,0,0.0,0,0.0
2015,DeVante Parker,WR,109.5,00-0031547,93.4,10,50.0,WR,9.34,78.0,59.0,WR,10,11,R9+,R9+,0,0.0,none,none,0,0.0,0,0.0,True,0,0.0,0,0.0,0,0.0
2015,Kyle Rudolph,TE,110.5,00-0027981,128.5,16,73.0,TE,8.03125,15.0,25.0,TE,10,12,R9+,R9+,0,0.0,13-24,25-36,1,0.0,1,1.0,True,1,0.0,1,0.0,1,0.0
2015,Terrance Williams,WR,112.4,00-0030542,154.0,16,93.0,WR,9.625,44.0,57.0,WR,10,12,R9+,R9+,0,0.0,none,none,0,0.0,0,0.0,True,1,0.0,1,0.0,1,0.0
2015,Philip Rivers,QB,113.3,00-0022942,284.48,16,0.0,QB,17.78,12.0,16.0,QB,10,12,R9+,R9+,1,0.0,1-12,13-24,1,1.0,1,1.0,True,1,1.0,1,1.0,1,1.0
2015,Ronnie Hillman,RB,114.0,00-0029683,161.4,16,35.0,RB,10.0875,26.0,43.0,RB,10,12,R9+,R9+,0,0.0,25-36,none,0,0.0,1,0.0,True,1,0.0,1,0.0,1,0.0
2015,David Johnson,RB,118.0,00-0032187,217.8,16,57.0,RB,13.6125,7.0,16.0,RB,10,12,R9+,R9+,1,0.0,1-12,13-24,1,1.0,1,1.0,True,1,1.0,1,1.0,1,1.0
2015,Marques Colston,WR,118.3,00-0024466,121.0,13,67.0,WR,9.307692307692308,56.0,60.0,WR,10,12,R9+,R9+,0,0.0,none,none,0,0.0,0,0.0,True,0,0.0,0,0.0,0,0.0
2015,Cam Newton,QB,119.1,00-0027939,389.08,16,0.0,QB,24.3175,1.0,1.0,QB,10,12,R9+,R9+,1,1.0,1-12,1-12,1,1.0,1,1.0,True,1,1.0,1,1.0,1,1.0
2015,Pierre Garcon,WR,119.3,00-0026345,185.70000000000002,16,111.0,WR,11.606250000000001,31.0,42.0,WR,10,12,R9+,R9+,0,0.0,25-36,none,0,0.0,1,0.0,True,1,1.0,1,1.0,1,1.0
2015,Knile Davis,RB,121.2,00-0030280,17.6,13,3.0,RB,1.353846153846154,110.0,119.0,RB,11,13,R9+,R9+,0,0.0,none,none,0,0.0,0,0.0,True,0,0.0,0,0.0,0,0.0
2015,Teddy Bridgewater,QB,122.5,00-0031237,200.44,16,0.0,QB,12.5275,23.0,30.0,QB,11,13,R9+,R9+,0,0.0,13-24,25-36,1,0.0,1,1.0,True,1,1.0,1,1.0,1,1.0
2015,Brandon Coleman,WR,123.6,00-0030801,87.39999999999999,16,49.0,WR,5.4624999999999995,85.0,101.0,WR,11,13,R9+,R9+,0,0.0,none,none,0,0.0,0,0.0,True,0,0.0,0,0.0,0,0.0
2015,Matt Jones,RB,124.4,00-0031939,114.4,13,25.0,RB,8.8,44.0,55.0,RB,11,13,R9+,R9+,0,0.0,none,none,0,0.0,0,0.0,True,0,0.0,0,0.0,0,0.0
2015,Michael Floyd,WR,126.2,00-0029638,172.9,15,89.0,WR,11.526666666666667,37.0,44.0,WR,11,13,R9+,R9+,0,0.0,none,none,0,0.0,0,0.0,True,1,1.0,1,1.0,1,1.0
2015,Zach Ertz,TE,126.2,00-0030061,170.3,15,112.0,TE,11.353333333333333,9.0,10.0,TE,11,13,R9+,R9+,1,1.0,1-12,1-12,1,1.0,1,1.0,True,1,1.0,1,1.0,1,1.0
2015,Carson Palmer,QB,128.4,00-0021429,309.24,16,0.0,QB,19.3275,5.0,7.0,QB,11,13,R9+,R9+,1,1.0,1-12,1-12,1,1.0,1,1.0,True,1,1.0,1,1.0,1,1.0
2015,DeAngelo Williams,RB,129.1,00-0024242,233.4,16,47.0,RB,14.5875,4.0,12.0,RB,11,13,R9+,R9+,1,1.0,1-12,1-12,1,1.0,1,1.0,True,1,1.0,1,1.0,1,1.0
2015,Reggie Bush,RB,129.5,00-0024217,8.700000000000001,5,10.0,RB,1.7400000000000002,123.0,113.0,RB,11,13,R9+,R9+,0,0.0,none,none,0,0.0,0,0.0,True,0,0.0,0,0.0,0,0.0
2015,Ty Montgomery II,WR,129.5,00-0032200,42.0,6,19.0,WR,7.0,124.0,82.0,WR,11,13,R9+,R9+,0,0.0,none,none,0,0.0,0,0.0,True,0,0.0,0,0.0,0,0.0
2015,David Cobb,RB,130.4,00-0032133,21.4,7,2.0,RB,3.057142857142857,105.0,97.0,RB,11,14,R9+,R9+,0,0.0,none,none,0,0.0,0,0.0,True,0,0.0,0,0.0,0,0.0
2015,Julius Thomas,TE,130.5,00-0028067,121.5,12,80.0,TE,10.125,19.0,15.0,TE,11,14,R9+,R9+,0,0.0,13-24,13-24,1,1.0,1,1.0,True,0,1.0,0,1.0,0,1.0
2015,Torrey Smith,WR,130.6,00-0027996,125.30000000000001,16,62.0,WR,7.831250000000001,54.0,71.0,WR,11,14,R9+,R9+,0,0.0,none,none,0,0.0,0,0.0,True,1,0.0,0,0.0,1,0.0
2015,Marvin Jones Jr.,WR,133.9,00-0029293,173.9,16,103.0,WR,10.86875,35.0,47.0,WR,12,14,R9+,R9+,0,0.0,25-36,none,0,0.0,1,0.0,True,1,1.0,1,1.0,1,1.0
2015,Michael Crabtree,WR,135.6,00-0026986,231.2,16,146.0,WR,14.45,16.0,24.0,WR,12,14,R9+,R9+,0,0.0,13-24,13-24,1,1.0,1,1.0,True,1,1.0,1,1.0,1,1.0
2015,Brandon LaFell,WR,139.6,00-0027681,89.4,11,74.0,WR,8.127272727272727,81.0,69.0,WR,12,14,R9+,R9+,0,0.0,none,none,0,0.0,0,0.0,True,0,0.0,0,0.0,0,0.0
2015,Tyler Lockett,WR,140.2,00-0032211,167.4,16,69.0,WR,10.4625,41.0,52.0,WR,12,15,R9+,R9+,0,0.0,none,none,0,0.0,0,0.0,True,1,1.0,1,1.0,1,1.0
2015,Antonio Gates,TE,140.4,00-0021547,149.0,11,85.0,TE,13.545454545454545,12.0,7.0,TE,12,15,R9+,R9+,1,1.0,1-12,1-12,1,1.0,1,1.0,True,1,1.0,1,1.0,1,1.0
2015,Roy Helu,RB,142.7,00-0028043,26.4,8,16.0,RB,3.3,97.0,93.0,RB,12,15,R9+,R9+,0,0.0,none,none,0,0.0,0,0.0,True,0,0.0,0,0.0,0,0.0
2015,Dwayne Allen,TE,145.1,00-0029689,33.0,13,29.0,TE,2.5384615384615383,58.0,70.0,TE,13,15,R9+,R9+,0,0.0,none,none,0,0.0,0,0.0,True,0,0.0,0,0.0,0,0.0
2015,Breshad Perriman,WR,145.4,00-0032054,0.0,0,,WR,,,,,13,15,R9+,R9+,0,,none,none,0,,0,,False,0,,0,,0,
2015,Cameron Artis-Payne,RB,145.8,00-0031599,35.1,6,5.0,RB,5.8500000000000005,88.0,72.0,RB,13,15,R9+,R9+,0,0.0,none,none,0,0.0,0,0.0,True,0,0.0,0,0.0,0,0.0
2015,Joe Flacco,QB,146.0,00-0026158,161.94,10,0.0,QB,16.194,26.0,23.0,QB,13,15,R9+,R9+,0,0.0,25-36,13-24,0,1.0,1,1.0,True,1,1.0,1,1.0,1,1.0
2015,Dorial Green-Beckham,WR,147.0,00-0032218,112.89999999999999,14,67.0,WR,8.064285714285713,59.0,70.0,WR,13,15,R9+,R9+,0,0.0,none,none,0,0.0,0,0.0,True,0,0.0,0,0.0,0,0.0
2015,Colin Kaepernick,QB,147.5,00-0027974,110.2,9,0.0,QB,12.244444444444445,31.0,31.0,QB,13,15,R9+,R9+,0,0.0,25-36,25-36,0,0.0,1,1.0,True,0,1.0,0,1.0,0,1.0
2015,Rueben Randle,WR,147.7,00-0029262,184.7,16,90.0,WR,11.54375,32.0,43.0,WR,13,15,R9+,R9+,0,0.0,25-36,none,0,0.0,1,0.0,True,1,1.0,1,1.0,1,1.0
2015,Doug Baldwin,WR,148.4,00-0028434,268.9,16,103.0,WR,16.80625,10.0,16.0,WR,13,15,R9+,R9+,1,0.0,1-12,13-24,1,1.0,1,1.0,True,1,1.0,1,1.0,1,1.0
2015,Christine Michael,RB,148.8,00-0030432,28.9,8,6.0,RB,3.6125,95.0,88.0,RB,13,15,R9+,R9+,0,0.0,none,none,0,0.0,0,0.0,True,0,0.0,0,0.0,0,0.0
2015,Fred Jackson,RB,149.9,00-0024204,77.7,15,41.0,RB,5.180000000000001,62.0,76.0,RB,13,15,R9+,R9+,0,0.0,none,none,0,0.0,0,0.0,True,0,0.0,0,0.0,0,0.0
2015,Vernon Davis,TE,150.3,00-0024221,77.5,13,58.0,TE,5.961538461538462,33.0,32.0,TE,13,16,R9+,R9+,0,0.0,25-36,25-36,0,0.0,1,1.0,True,0,0.0,0,0.0,0,0.0
2015,Charles Sims,RB,150.3,00-0031390,180.0,16,70.0,RB,11.25,17.0,32.0,RB,13,16,R9+,R9+,0,0.0,13-24,25-36,1,0.0,1,1.0,True,1,1.0,1,1.0,1,1.0
2015,Jonas Gray,RB,150.9,00-0029104,32.199999999999996,7,8.0,RB,4.6,91.0,80.0,RB,13,16,R9+,R9+,0,0.0,none,none,0,0.0,0,0.0,True,0,0.0,0,0.0,0,0.0
2015,Richard Rodgers,TE,151.6,00-0031384,160.1,16,85.0,TE,10.00625,11.0,16.0,TE,13,16,R9+,R9+,1,0.0,1-12,13-24,1,1.0,1,1.0,True,1,0.0,1,0.0,1,0.0
2015,James Jones,WR,153.9,00-0025465,191.0,16,99.0,WR,11.9375,30.0,40.0,WR,13,16,R9+,R9+,0,0.0,25-36,none,0,0.0,1,0.0,True,1,1.0,1,1.0,1,1.0
2015,Allen Hurns,WR,153.9,00-0030821,225.1,15,105.0,WR,15.006666666666666,19.0,23.0,WR,13,16,R9+,R9+,0,0.0,13-24,13-24,1,1.0,1,1.0,True,1,1.0,1,1.0,1,1.0
2015,Phillip Dorsett,WR,153.9,00-0032208,48.2,11,39.0,WR,4.381818181818182,111.0,119.0,WR,13,16,R9+,R9+,0,0.0,none,none,0,0.0,0,0.0,True,0,0.0,0,0.0,0,0.0
2015,Denard Robinson,RB,154.2,00-0030547,68.0,12,30.0,RB,5.666666666666667,69.0,74.0,RB,13,16,R9+,R9+,0,0.0,none,none,0,0.0,0,0.0,True,0,0.0,0,0.0,0,0.0
2015,Tyrod Taylor,QB,154.5,00-0028118,271.6,14,1.0,QB,19.400000000000002,14.0,6.0,QB,13,16,R9+,R9+,0,1.0,13-24,1-12,1,1.0,1,1.0,True,1,1.0,1,1.0,1,1.0
2015,Andre Williams,RB,154.8,00-0031055,35.4,16,3.0,RB,2.2125,85.0,108.0,RB,13,16,R9+,R9+,0,0.0,none,none,0,0.0,0,0.0,True,0,0.0,0,0.0,0,0.0
2015,Jay Cutler,QB,155.7,00-0024226,226.46,15,0.0,QB,15.097333333333333,21.0,26.0,QB,13,16,R9+,R9+,0,0.0,13-24,25-36,1,0.0,1,1.0,True,1,1.0,1,1.0,1,1.0
2015,Josh Hill,TE,156.5,00-0030216,40.0,14,30.0,TE,2.857142857142857,47.0,61.0,TE,14,16,R9+,R9+,0,0.0,none,none,0,0.0,0,0.0,True,0,0.0,0,0.0,0,0.0
2015,James Starks,RB,156.5,00-0027791,166.3,16,53.0,RB,10.39375,21.0,36.0,RB,14,16,R9+,R9+,0,0.0,13-24,25-36,1,0.0,1,1.0,True,1,1.0,1,1.0,1,1.0
2015,Khiry Robinson,RB,156.8,00-0030348,70.5,8,20.0,RB,8.8125,67.0,54.0,RB,14,16,R9+,R9+,0,0.0,none,none,0,0.0,0,0.0,True,0,0.0,0,0.0,0,0.0
2015,Jordan Reed,TE,158.4,00-0030472,244.2,14,114.0,TE,17.442857142857143,3.0,1.0,TE,14,16,R9+,R9+,1,1.0,1-12,1-12,1,1.0,1,1.0,True,1,1.0,1,1.0,1,1.0
2015,Austin Seferian-Jenkins,TE,158.8,00-0031418,78.8,7,39.0,TE,11.257142857142856,32.0,11.0,TE,14,16,R9+,R9+,0,1.0,25-36,1-12,0,1.0,1,1.0,True,0,1.0,0,1.0,0,1.0
2015,Percy Harvin,WR,160.6,00-0026998,49.9,5,30.0,WR,9.98,110.0,54.0,WR,14,17,R9+,R9+,0,0.0,none,none,0,0.0,0,0.0,True,0,0.0,0,0.0,0,0.0
2015,Cody Latimer,WR,161.0,00-0031344,18.0,8,11.0,WR,2.25,157.0,152.0,WR,14,17,R9+,R9+,0,0.0,none,none,0,0.0,0,0.0,True,0,0.0,0,0.0,0,0.0
2015,Kenny Stills,WR,162.0,00-0030085,89.0,15,63.0,WR,5.933333333333334,83.0,96.0,WR,14,17,R9+,R9+,0,0.0,none,none,0,0.0,0,0.0,True,0,0.0,0,0.0,0,0.0
2015,Marcus Mariota,QB,162.6,00-0032268,211.02,12,1.0,QB,17.585,22.0,17.0,QB,14,17,R9+,R9+,0,0.0,13-24,13-24,1,1.0,1,1.0,True,1,1.0,1,1.0,1,1.0
2015,Jeff Janis,WR,163.1,00-0031001,9.9,13,12.0,WR,0.7615384615384616,171.0,175.0,WR,14,17,R9+,R9+,0,0.0,none,none,0,0.0,0,0.0,True,0,0.0,0,0.0,0,0.0
2015,Derek Carr,QB,163.2,00-0031280,271.28,16,0.0,QB,16.955,15.0,19.0,QB,14,17,R9+,R9+,0,0.0,13-24,13-24,1,1.0,1,1.0,True,1,1.0,1,1.0,1,1.0
2016,Antonio Brown,WR,1.2,00-0027793,307.3,15,154.0,WR,20.486666666666668,1.0,1.0,WR,1,1,R1-2,R1-2,1,1.0,1-12,1-12,1,1.0,1,1.0,True,1,1.0,1,1.0,1,1.0
2016,Julio Jones,WR,2.8,00-0027944,259.9,14,129.0,WR,18.564285714285713,6.0,5.0,WR,1,1,R1-2,R1-2,1,1.0,1-12,1-12,1,1.0,1,1.0,True,1,1.0,1,1.0,1,1.0
2016,Odell Beckham Jr.,WR,3.4,00-0031235,296.6,16,169.0,WR,18.5375,4.0,6.0,WR,1,1,R1-2,R1-2,1,1.0,1-12,1-12,1,1.0,1,1.0,True,1,1.0,1,1.0,1,1.0
2016,David Johnson,RB,3.4,00-0032187,407.8,16,120.0,RB,25.4875,1.0,2.0,RB,1,1,R1-2,R1-2,1,1.0,1-12,1-12,1,1.0,1,1.0,True,1,1.0,1,1.0,1,1.0
2016,Todd Gurley,RB,6.3,00-0032241,198.2,16,58.0,RB,12.3875,15.0,23.0,RB,1,1,R1-2,R1-2,0,0.0,13-24,13-24,1,1.0,1,1.0,True,0,0.0,0,0.0,0,0.0
2016,A.J. Green,WR,6.4,00-0027942,186.4,10,100.0,WR,18.64,34.0,4.0,WR,1,1,R1-2,R1-2,0,1.0,25-36,1-12,0,1.0,1,1.0,True,0,1.0,0,1.0,0,1.0
2016,DeAndre Hopkins,WR,6.4,00-0030564,197.4,16,151.0,WR,12.3375,27.0,34.0,WR,1,1,R1-2,R1-2,0,0.0,25-36,25-36,0,0.0,1,1.0,True,0,0.0,0,0.0,0,0.0
2016,Ezekiel Elliott,RB,8.3,00-0033045,325.4,15,40.0,RB,21.69333333333333,2.0,3.0,RB,1,1,R1-2,R1-2,1,1.0,1-12,1-12,1,1.0,1,1.0,True,1,1.0,1,1.0,1,1.0
2016,Allen Robinson II,WR,9.2,00-0031428,199.3,16,151.0,WR,12.45625,25.0,32.0,WR,1,1,R1-2,R1-2,0,0.0,25-36,25-36,0,0.0,1,1.0,True,1,0.0,1,0.0,1,0.0
2016,Lamar Miller,RB,9.8,00-0029615,191.1,14,39.0,RB,13.65,19.0,18.0,RB,1,1,R1-2,R1-2,0,0.0,13-24,13-24,1,1.0,1,1.0,True,0,0.0,0,0.0,0,0.0
2016,Adrian Peterson,RB,10.7,00-0025394,9.0,3,6.0,RB,3.0,117.0,,RB,1,2,R1-2,R1-2,0,,none,none,0,,0,,False,0,,0,,0,
2016,LeVeon Bell,RB,12.3,00-0030496,317.4,12,94.0,RB,26.45,3.0,1.0,RB,2,2,R1-2,R1-2,1,1.0,1-12,1-12,1,1.0,1,1.0,True,1,1.0,1,1.0,1,1.0
2016,Brandon Marshall,WR,13.0,00-0024334,155.8,15,128.0,WR,10.386666666666667,49.0,51.0,WR,2,2,R1-2,R1-2,0,0.0,none,none,0,0.0,0,0.0,True,0,0.0,0,0.0,0,0.0
2016,Keenan Allen,WR,13.8,00-0030279,12.3,1,7.0,WR,12.3,164.0,,WR,2,2,R1-2,R1-2,0,,none,none,0,,0,,False,0,,0,,0,
2016,Rob Gronkowski,TE,14.2,00-0027656,97.0,8,38.0,TE,12.125,26.0,8.0,TE,2,2,R1-2,R1-2,0,1.0,25-36,1-12,0,1.0,1,1.0,True,0,0.0,0,0.0,0,0.0
2016,Mike Evans,WR,15.7,00-0031408,304.1,16,173.0,WR,19.00625,3.0,3.0,WR,2,2,R1-2,R1-2,1,1.0,1-12,1-12,1,1.0,1,1.0,True,1,1.0,1,1.0,1,1.0
2016,Dez Bryant,WR,16.4,00-0027902,180.0,13,96.0,WR,13.846153846153847,40.0,21.0,WR,2,2,R1-2,R1-2,0,0.0,none,13-24,0,1.0,0,1.0,True,0,0.0,0,0.0,0,0.0
2016,Jordy Nelson,WR,17.3,00-0026176,304.7,16,152.0,WR,19.04375,2.0,2.0,WR,2,2,R1-2,R1-2,1,1.0,1-12,1-12,1,1.0,1,1.0,True,1,1.0,1,1.0,1,1.0
2016,Devonta Freeman,RB,19.2,00-0031285,284.1,16,65.0,RB,17.75625,6.0,7.0,RB,2,2,R1-2,R1-2,1,1.0,1-12,1-12,1,1.0,1,1.0,True,1,1.0,1,0.0,1,1.0
2016,Jamaal Charles,RB,19.4,00-0026213,13.399999999999999,3,3.0,RB,4.466666666666666,108.0,,RB,2,2,R1-2,R1-2,0,,none,none,0,,0,,False,0,,0,,0,
2016,Amari Cooper,WR,20.1,00-0031544,232.29999999999998,16,132.0,WR,14.518749999999999,15.0,17.0,WR,2,3,R1-2,R3-4,0,0.0,13-24,13-24,1,1.0,1,1.0,True,1,0.0,1,1.0,1,0.0
2016,LeSean McCoy,RB,22.0,00-0027029,298.3,15,57.0,RB,19.886666666666667,4.0,4.0,RB,2,3,R1-2,R3-4,1,1.0,1-12,1-12,1,1.0,1,1.0,True,1,1.0,1,1.0,1,1.0
2016,Alshon Jeffery,WR,22.1,00-0029137,146.1,12,94.0,WR,12.174999999999999,55.0,38.0,WR,2,3,R1-2,R3-4,0,0.0,none,none,0,0.0,0,0.0,True,0,0.0,0,0.0,0,0.0
2016,Brandin Cooks,WR,23.3,00-0031236,246.3,15,117.0,WR,16.42,10.0,9.0,WR,2,3,R1-2,R3-4,1,1.0,1-12,1-12,1,1.0,1,1.0,True,1,0.0,1,1.0,1,0.0
2016,Eddie Lacy,RB,24.0,00-0030485,42.8,5,7.0,RB,8.559999999999999,73.0,46.0,RB,2,3,R1-2,R3-4,0,0.0,none,none,0,0.0,0,0.0,True,0,0.0,0,0.0,0,0.0
2016,Mark Ingram II,RB,25.5,00-0027966,242.2,16,58.0,RB,15.1375,8.0,10.0,RB,3,3,R3-4,R3-4,1,1.0,1-12,1-12,1,1.0,1,1.0,True,1,1.0,1,1.0,1,1.0
2016,Jarvis Landry,WR,26.9,00-0031382,233.3,16,131.0,WR,14.58125,13.0,15.0,WR,3,3,R3-4,R3-4,0,0.0,13-24,13-24,1,1.0,1,1.0,True,1,1.0,1,1.0,1,1.0
2016,Sammy Watkins,WR,28.3,00-0031325,83.0,8,52.0,WR,10.375,91.0,52.0,WR,3,3,R3-4,R3-4,0,0.0,none,none,0,0.0,0,0.0,True,0,0.0,0,0.0,0,0.0
2016,T.Y. Hilton,WR,29.4,00-0029608,273.8,16,155.0,WR,17.1125,5.0,7.0,WR,3,3,R3-4,R3-4,1,1.0,1-12,1-12,1,1.0,1,1.0,True,1,1.0,1,1.0,1,1.0
2016,Demaryius Thomas,WR,29.7,00-0027874,226.3,16,144.0,WR,14.14375,16.0,19.0,WR,3,3,R3-4,R3-4,0,0.0,13-24,13-24,1,1.0,1,1.0,True,1,1.0,1,0.0,1,1.0
2016,Doug Martin,RB,30.8,00-0029613,85.5,8,16.0,RB,10.6875,55.0,31.0,RB,3,4,R3-4,R3-4,0,0.0,none,25-36,0,0.0,0,1.0,True,0,0.0,0,0.0,0,0.0
2016,Randall Cobb,WR,31.5,00-0028002,148.3,13,84.0,WR,11.407692307692308,53.0,45.0,WR,3,4,R3-4,R3-4,0,0.0,none,none,0,0.0,0,0.0,True,0,0.0,0,0.0,0,0.0
2016,CJ Anderson,RB,33.2,00-0029854,102.5,7,24.0,RB,14.642857142857142,46.0,14.0,RB,3,4,R3-4,R3-4,0,0.0,none,13-24,0,1.0,0,1.0,True,0,1.0,0,1.0,0,1.0
2016,Cam Newton,QB,34.5,00-0027939,254.26,15,0.0,QB,16.950666666666667,17.0,14.0,QB,3,4,R3-4,R3-4,0,0.0,13-24,13-24,1,1.0,1,1.0,True,1,1.0,1,1.0,1,1.0
2016,Jordan Reed,TE,35.1,00-0030472,168.6,12,89.0,TE,14.049999999999999,9.0,1.0,TE,3,4,R3-4,R3-4,1,1.0,1-12,1-12,1,1.0,1,1.0,True,0,0.0,0,0.0,0,0.0
2016,Julian Edelman,WR,35.1,00-0027150,232.3,16,159.0,WR,14.51875,14.0,16.0,WR,3,4,R3-4,R3-4,0,0.0,13-24,13-24,1,1.0,1,1.0,True,1,1.0,1,1.0,1,1.0
2016,Latavius Murray,RB,35.8,00-0030513,208.2,14,43.0,RB,14.87142857142857,13.0,11.0,RB,3,4,R3-4,R3-4,0,1.0,13-24,1-12,1,1.0,1,1.0,True,1,1.0,1,1.0,1,1.0
2016,Jeremy Maclin,WR,37.3,00-0026995,109.5,12,76.0,WR,9.125,72.0,69.0,WR,4,4,R3-4,R3-4,0,0.0,none,none,0,0.0,0,0.0,True,0,0.0,0,0.0,0,0.0
2016,Donte Moncrief,WR,38.4,00-0031339,102.6,9,56.0,WR,11.399999999999999,75.0,46.0,WR,4,4,R3-4,R3-4,0,0.0,none,none,0,0.0,0,0.0,True,0,0.0,0,0.0,0,0.0
2016,Aaron Rodgers,QB,38.7,00-0023459,380.02,16,0.0,QB,23.75125,1.0,1.0,QB,4,4,R3-4,R3-4,1,1.0,1-12,1-12,1,1.0,1,1.0,True,1,1.0,1,1.0,1,1.0
2016,Kelvin Benjamin,WR,39.2,00-0031359,197.10000000000002,16,118.0,WR,12.318750000000001,29.0,36.0,WR,4,4,R3-4,R3-4,0,0.0,25-36,25-36,0,0.0,1,1.0,True,1,0.0,0,0.0,1,0.0
2016,DeMarco Murray,RB,40.3,00-0028009,293.8,16,67.0,RB,18.3625,5.0,6.0,RB,4,5,R3-4,R5-6,1,1.0,1-12,1-12,1,1.0,1,1.0,True,1,1.0,1,1.0,1,1.0
2016,Thomas Rawls,RB,41.0,00-0031897,75.5,9,17.0,RB,8.38888888888889,59.0,49.0,RB,4,5,R3-4,R5-6,0,0.0,none,none,0,0.0,0,0.0,True,0,0.0,0,0.0,0,0.0
2016,Matt Forte,RB,43.1,00-0026184,183.6,14,43.0,RB,13.114285714285714,21.0,20.0,RB,4,5,R3-4,R5-6,0,0.0,13-24,13-24,1,1.0,1,1.0,True,0,0.0,1,1.0,0,0.0
2016,Golden Tate,WR,43.6,00-0027891,223.1,16,135.0,WR,13.94375,17.0,20.0,WR,4,5,R3-4,R5-6,0,0.0,13-24,13-24,1,1.0,1,1.0,True,1,0.0,1,1.0,1,0.0
2016,Eric Decker,WR,44.9,00-0027690,40.4,3,21.0,WR,13.466666666666667,120.0,,WR,4,5,R3-4,R5-6,0,,none,none,0,,0,,False,0,,0,,0,
2016,Carlos Hyde,RB,45.7,00-0031045,192.1,13,33.0,RB,14.776923076923076,18.0,12.0,RB,4,5,R3-4,R5-6,0,1.0,13-24,1-12,1,1.0,1,1.0,True,1,1.0,1,1.0,1,1.0
2016,Jeremy Langford,RB,47.1,00-0031569,73.2,12,27.0,RB,6.1000000000000005,61.0,66.0,RB,4,5,R3-4,R5-6,0,0.0,none,none,0,0.0,0,0.0,True,0,0.0,0,0.0,0,0.0
2016,Greg Olsen,TE,48.4,00-0025418,207.3,16,129.0,TE,12.95625,3.0,5.0,TE,5,5,R5-6,R5-6,1,1.0,1-12,1-12,1,1.0,1,1.0,True,1,1.0,1,0.0,1,1.0
2016,Doug Baldwin,WR,48.8,00-0028434,253.6,16,125.0,WR,15.85,8.0,10.0,WR,5,5,R5-6,R5-6,1,1.0,1-12,1-12,1,1.0,1,1.0,True,1,1.0,1,1.0,1,1.0
2016,Jeremy Hill,RB,49.1,00-0031301,176.3,15,27.0,RB,11.753333333333334,22.0,26.0,RB,5,5,R5-6,R5-6,0,0.0,13-24,25-36,1,0.0,1,1.0,True,1,0.0,1,0.0,1,0.0
2016,Josh Gordon,WR,49.8,00-0029664,0.0,0,,WR,,,,,5,5,R5-6,R5-6,0,,none,none,0,,0,,False,0,,0,,0,
2016,Michael Floyd,WR,52.3,00-0029638,115.8,14,76.0,WR,8.27142857142857,68.0,74.0,WR,5,6,R5-6,R5-6,0,0.0,none,none,0,0.0,0,0.0,True,0,0.0,0,0.0,0,0.0
2016,Russell Wilson,QB,53.2,00-0029263,270.06,16,2.0,QB,16.87875,10.0,16.0,QB,5,6,R5-6,R5-6,1,0.0,1-12,13-24,1,1.0,1,1.0,True,1,1.0,1,1.0,1,1.0
2016,Melvin Gordon III,RB,53.7,00-0032144,250.6,13,57.0,RB,19.276923076923076,7.0,5.0,RB,5,6,R5-6,R5-6,1,1.0,1-12,1-12,1,1.0,1,1.0,True,1,1.0,1,1.0,1,1.0
2016,Danny Woodhead,RB,53.7,00-0026019,27.1,2,8.0,RB,13.55,92.0,,RB,5,6,R5-6,R5-6,0,,none,none,0,,0,,False,0,,0,,0,
2016,Marvin Jones Jr.,WR,56.2,00-0029293,172.29999999999998,15,103.0,WR,11.486666666666666,43.0,44.0,WR,5,6,R5-6,R5-6,0,0.0,none,none,0,0.0,0,0.0,True,0,0.0,0,0.0,0,0.0
2016,Arian Foster,RB,57.4,00-0026796,19.3,4,10.0,RB,4.825,98.0,70.0,RB,5,6,R5-6,R5-6,0,0.0,none,none,0,0.0,0,0.0,True,0,0.0,0,0.0,0,0.0
2016,Giovani Bernard,RB,57.7,00-0030456,122.3,10,51.0,RB,12.23,40.0,25.0,RB,5,6,R5-6,R5-6,0,0.0,none,25-36,0,0.0,0,1.0,True,0,0.0,0,0.0,0,0.0
2016,Andrew Luck,QB,58.3,00-0029668,307.7,15,0.0,QB,20.513333333333332,4.0,5.0,QB,5,6,R5-6,R5-6,1,1.0,1-12,1-12,1,1.0,1,1.0,True,1,1.0,1,1.0,1,1.0
2016,Larry Fitzgerald,WR,60.2,00-0022921,243.8,16,150.0,WR,15.2375,11.0,12.0,WR,6,7,R5-6,R7-8,1,1.0,1-12,1-12,1,1.0,1,1.0,True,1,1.0,1,1.0,1,1.0
2016,Ryan Mathews,RB,60.4,00-0027864,144.6,13,14.0,RB,11.123076923076923,30.0,28.0,RB,6,7,R5-6,R7-8,0,0.0,25-36,25-36,0,0.0,1,1.0,True,0,0.0,0,0.0,0,0.0
2016,Drew Brees,QB,61.1,00-0020531,332.32,16,0.0,QB,20.77,3.0,4.0,QB,6,7,R5-6,R7-8,1,1.0,1-12,1-12,1,1.0,1,1.0,True,1,1.0,1,1.0,1,1.0
2016,Jonathan Stewart,RB,62.8,00-0026153,146.4,13,21.0,RB,11.261538461538462,29.0,27.0,RB,6,7,R5-6,R7-8,0,0.0,25-36,25-36,0,0.0,1,1.0,True,0,0.0,1,0.0,0,0.0
2016,Delanie Walker,TE,64.0,00-0024389,188.1,15,102.0,TE,12.54,5.0,6.0,TE,6,7,R5-6,R7-8,1,1.0,1-12,1-12,1,1.0,1,1.0,True,1,1.0,1,1.0,1,1.0
2016,Jordan Matthews,WR,64.2,00-0031299,171.4,14,117.0,TE,12.242857142857144,44.0,37.0,WR,6,7,R5-6,R7-8,0,0.0,none,none,0,0.0,0,0.0,True,0,0.0,1,1.0,0,0.0
2016,Travis Kelce,TE,64.3,00-0030506,223.0,16,117.0,TE,13.9375,1.0,2.0,TE,6,7,R5-6,R7-8,1,1.0,1-12,1-12,1,1.0,1,1.0,True,1,1.0,1,1.0,1,1.0
2016,Allen Hurns,WR,65.5,00-0030821,100.7,11,76.0,WR,9.154545454545454,78.0,67.0,WR,6,7,R5-6,R7-8,0,0.0,none,none,0,0.0,0,0.0,True,0,0.0,0,0.0,0,0.0
2016,Duke Johnson,RB,66.9,00-0032257,144.2,16,74.0,RB,9.0125,31.0,43.0,RB,6,7,R5-6,R7-8,0,0.0,25-36,none,0,0.0,1,0.0,True,0,0.0,0,0.0,0,0.0
2016,Tom Brady,QB,68.5,00-0019596,258.56,12,0.0,QB,21.546666666666667,15.0,3.0,QB,6,7,R5-6,R7-8,0,1.0,13-24,1-12,1,1.0,1,1.0,True,1,1.0,1,1.0,1,1.0
2016,DeAngelo Williams,RB,69.1,00-0024242,100.1,8,27.0,RB,12.5125,48.0,22.0,RB,6,7,R5-6,R7-8,0,0.0,none,13-24,0,1.0,0,1.0,True,0,0.0,0,1.0,0,0.0
2016,Emmanuel Sanders,WR,70.6,00-0027685,212.6,15,137.0,WR,14.173333333333334,21.0,18.0,WR,6,8,R5-6,R7-8,0,0.0,13-24,13-24,1,1.0,1,1.0,True,1,1.0,1,1.0,1,1.0
2016,Ben Roethlisberger,QB,72.0,00-0022924,252.16,14,0.0,QB,18.01142857142857,18.0,9.0,QB,6,8,R5-6,R7-8,0,1.0,13-24,1-12,1,1.0,1,1.0,True,1,1.0,1,1.0,1,1.0
2016,Coby Fleener,TE,72.7,00-0029697,137.3,16,81.0,TE,8.58125,15.0,24.0,TE,7,8,R7-8,R7-8,0,0.0,13-24,13-24,1,1.0,1,1.0,True,0,0.0,0,0.0,0,0.0
2016,Tyler Lockett,WR,73.4,00-0032211,124.1,15,66.0,WR,8.273333333333333,65.0,73.0,WR,7,8,R7-8,R7-8,0,0.0,none,none,0,0.0,0,0.0,True,0,0.0,0,0.0,0,0.0
2016,Frank Gore,RB,73.8,00-0023500,214.20000000000002,16,47.0,RB,13.387500000000001,12.0,19.0,RB,7,8,R7-8,R7-8,1,0.0,1-12,13-24,1,1.0,1,1.0,True,1,1.0,1,1.0,1,1.0
2016,Rashad Jennings,RB,74.9,00-0027155,138.4,13,42.0,RB,10.646153846153847,33.0,33.0,RB,7,8,R7-8,R7-8,0,0.0,25-36,25-36,0,0.0,1,1.0,True,0,1.0,0,0.0,0,1.0
2016,John Brown,WR,78.3,00-0031051,103.7,15,73.0,WR,6.913333333333333,74.0,82.0,WR,7,8,R7-8,R7-8,0,0.0,none,none,0,0.0,0,0.0,True,0,0.0,0,0.0,0,0.0
2016,Matt Jones,RB,78.4,00-0031939,75.3,7,8.0,RB,10.757142857142856,60.0,30.0,RB,7,8,R7-8,R7-8,0,0.0,none,25-36,0,0.0,0,1.0,True,0,1.0,0,0.0,0,1.0
2016,Derrick Henry,RB,78.5,00-0032764,105.7,14,15.0,RB,7.55,45.0,55.0,RB,7,8,R7-8,R7-8,0,0.0,none,none,0,0.0,0,0.0,True,0,0.0,0,0.0,0,0.0
2016,Michael Crabtree,WR,78.6,00-0026986,239.29999999999998,16,145.0,WR,14.956249999999999,12.0,13.0,WR,7,8,R7-8,R7-8,1,0.0,1-12,13-24,1,1.0,1,1.0,True,1,1.0,1,1.0,1,1.0
2016,Gary Barnidge,TE,79.6,00-0026281,130.2,16,82.0,TE,8.1375,18.0,25.0,TE,7,8,R7-8,R7-8,0,0.0,13-24,25-36,1,0.0,1,1.0,True,0,0.0,0,0.0,0,0.0
2016,DeSean Jackson,WR,81.9,00-0026189,180.5,15,100.0,WR,12.033333333333333,38.0,39.0,WR,7,9,R7-8,R9+,0,0.0,none,none,0,0.0,0,0.0,True,1,1.0,1,1.0,1,1.0
2016,Ameer Abdullah,RB,82.1,00-0032104,26.8,2,5.0,RB,13.4,93.0,,RB,7,9,R7-8,R9+,0,,none,none,0,,0,,False,0,,0,,0,
2016,Carson Palmer,QB,83.8,00-0021429,243.12,15,0.0,QB,16.208000000000002,19.0,18.0,QB,7,9,R7-8,R9+,0,0.0,13-24,13-24,1,1.0,1,1.0,True,1,1.0,1,1.0,1,1.0
2016,Chris Ivory,RB,84.1,00-0027531,94.5,11,28.0,RB,8.590909090909092,49.0,45.0,RB,8,9,R7-8,R9+,0,0.0,none,none,0,0.0,0,0.0,True,0,0.0,0,0.0,0,0.0
2016,Sterling Shepard,WR,84.7,00-0032385,184.4,16,105.0,WR,11.525,36.0,43.0,WR,8,9,R7-8,R9+,0,0.0,25-36,none,0,0.0,1,0.0,True,1,1.0,1,1.0,1,1.0
2016,Blake Bortles,QB,86.1,00-0031407,271.1,16,1.0,QB,16.94375,8.0,15.0,QB,8,9,R7-8,R9+,1,0.0,1-12,13-24,1,1.0,1,1.0,True,1,1.0,1,1.0,1,1.0
2016,Charles Sims,RB,87.2,00-0031390,67.89999999999999,7,32.0,RB,9.7,63.0,37.0,RB,8,9,R7-8,R9+,0,0.0,none,none,0,0.0,0,0.0,True,0,0.0,0,0.0,0,0.0
2016,Zach Ertz,TE,88.2,00-0030061,183.6,14,106.0,TE,13.114285714285714,6.0,3.0,TE,8,9,R7-8,R9+,1,1.0,1-12,1-12,1,1.0,1,1.0,True,1,1.0,1,1.0,1,1.0
2016,Justin Forsett,RB,90.7,00-0026373,61.6,9,27.0,RB,6.844444444444445,65.0,60.0,RB,8,10,R7-8,R9+,0,0.0,none,none,0,0.0,0,0.0,True,0,0.0,0,0.0,0,0.0
2016,James White,RB,90.9,00-0031062,161.70000000000002,16,86.0,RB,10.106250000000001,26.0,35.0,RB,8,10,R7-8,R9+,0,0.0,25-36,25-36,0,0.0,1,1.0,True,1,0.0,1,0.0,1,0.0
2016,LeGarrette Blount,RB,91.6,00-0027325,232.9,16,8.0,RB,14.55625,9.0,15.0,RB,8,10,R7-8,R9+,1,0.0,1-12,13-24,1,1.0,1,1.0,True,1,1.0,1,1.0,1,1.0
2016,DeVante Parker,WR,91.7,00-0031547,154.4,15,87.0,WR,10.293333333333333,50.0,53.0,WR,8,10,R7-8,R9+,0,0.0,none,none,0,0.0,0,0.0,True,1,0.0,1,0.0,1,0.0
2016,Willie Snead IV,WR,92.1,00-0030663,191.5,15,104.0,WR,12.766666666666667,32.0,29.0,WR,8,10,R7-8,R9+,0,0.0,25-36,25-36,0,0.0,1,1.0,True,1,1.0,1,1.0,1,1.0
2016,Eli Manning,QB,93.3,00-0022803,224.18,16,0.0,QB,14.01125,22.0,25.0,QB,8,10,R7-8,R9+,0,0.0,13-24,25-36,1,0.0,1,1.0,True,1,1.0,1,1.0,1,1.0
2016,TJ Yeldon,RB,93.7,00-0032209,137.7,15,68.0,RB,9.18,34.0,40.0,RB,8,10,R7-8,R9+,0,0.0,25-36,none,0,0.0,1,0.0,True,0,0.0,0,0.0,0,0.0
2016,Philip Rivers,QB,96.8,00-0022942,258.94,16,0.0,QB,16.18375,14.0,19.0,QB,9,10,R9+,R9+,0,0.0,13-24,13-24,1,1.0,1,1.0,True,1,1.0,1,1.0,1,1.0
2016,Kevin White,WR,97.7,00-0031545,38.6,4,36.0,WR,9.65,122.0,61.0,WR,9,10,R9+,R9+,0,0.0,none,none,0,0.0,0,0.0,True,0,0.0,0,0.0,0,0.0
2016,Julius Thomas,TE,98.0,00-0028067,82.1,9,51.0,TE,9.122222222222222,32.0,18.0,TE,9,10,R9+,R9+,0,0.0,25-36,13-24,0,1.0,1,1.0,True,0,0.0,0,0.0,0,0.0
2016,Devin Funchess,WR,98.5,00-0032055,86.1,14,58.0,WR,6.1499999999999995,89.0,90.0,WR,9,10,R9+,R9+,0,0.0,none,none,0,0.0,0,0.0,True,0,0.0,0,0.0,0,0.0
2016,Stefon Diggs,WR,99.2,00-0031588,193.3,13,112.0,WR,14.86923076923077,31.0,14.0,WR,9,10,R9+,R9+,0,0.0,25-36,13-24,0,1.0,1,1.0,True,1,1.0,1,1.0,1,1.0
2016,Christine Michael,RB,99.6,00-0030432,137.0,15,29.0,RB,9.133333333333333,35.0,41.0,RB,9,10,R9+,R9+,0,0.0,25-36,none,0,0.0,1,0.0,True,0,0.0,0,0.0,0,0.0
2016,Theo Riddick,RB,99.8,00-0030107,161.8,10,67.0,RB,16.18,25.0,8.0,RB,9,10,R9+,R9+,0,1.0,25-36,1-12,0,1.0,1,1.0,True,1,1.0,1,1.0,1,1.0
2016,Antonio Gates,TE,101.7,00-0021547,147.8,13,93.0,TE,11.36923076923077,12.0,12.0,TE,9,11,R9+,R9+,1,1.0,1-12,1-12,1,1.0,1,1.0,True,0,1.0,0,1.0,0,1.0
2016,Derek Carr,QB,103.5,00-0031280,268.48,15,0.0,QB,17.898666666666667,11.0,11.0,QB,9,11,R9+,R9+,1,1.0,1-12,1-12,1,1.0,1,1.0,True,1,1.0,1,1.0,1,1.0
2016,Travis Benjamin,WR,104.2,00-0029269,134.4,14,75.0,WR,9.6,59.0,62.0,WR,9,11,R9+,R9+,0,0.0,none,none,0,0.0,0,0.0,True,0,0.0,0,0.0,0,0.0
2016,Kamar Aiken,WR,105.8,00-0028497,67.8,16,50.0,WR,4.2375,98.0,118.0,WR,9,11,R9+,R9+,0,0.0,none,none,0,0.0,0,0.0,True,0,0.0,0,0.0,0,0.0
2016,Bilal Powell,RB,105.9,00-0028064,197.0,16,74.0,RB,12.3125,16.0,24.0,RB,9,11,R9+,R9+,0,0.0,13-24,13-24,1,1.0,1,1.0,True,1,1.0,1,1.0,1,1.0
2016,Isaiah Crowell,RB,106.9,00-0030656,205.1,16,53.0,RB,12.81875,14.0,21.0,RB,9,11,R9+,R9+,0,0.0,13-24,13-24,1,1.0,1,1.0,True,1,1.0,1,1.0,1,1.0
2016,Tyler Eifert,TE,108.4,00-0030549,98.4,8,47.0,TE,12.3,25.0,7.0,TE,10,11,R9+,R9+,0,1.0,25-36,1-12,0,1.0,1,1.0,True,0,1.0,0,1.0,0,1.0
2016,Kirk Cousins,QB,109.6,00-0029604,300.28,16,0.0,QB,18.7675,5.0,6.0,QB,10,11,R9+,R9+,1,1.0,1-12,1-12,1,1.0,1,1.0,True,1,1.0,1,1.0,1,1.0
2016,Tavon Austin,WR,109.8,00-0030525,146.8,15,106.0,WR,9.786666666666667,54.0,58.0,WR,10,11,R9+,R9+,0,0.0,none,none,0,0.0,0,0.0,True,0,0.0,0,0.0,0,0.0
2016,Jay Ajayi,RB,111.3,00-0031590,215.3,15,35.0,RB,14.353333333333333,11.0,16.0,RB,10,12,R9+,R9+,1,0.0,1-12,13-24,1,1.0,1,1.0,True,1,1.0,1,1.0,1,1.0
2016,Corey Coleman,WR,112.2,00-0032966,93.3,10,73.0,WR,9.33,83.0,64.0,WR,10,12,R9+,R9+,0,0.0,none,none,0,0.0,0,0.0,True,0,0.0,0,0.0,0,0.0
2016,Tyrod Taylor,QB,114.3,00-0028118,270.92,15,0.0,QB,18.061333333333334,9.0,8.0,QB,10,12,R9+,R9+,1,1.0,1-12,1-12,1,1.0,1,1.0,True,1,1.0,1,1.0,1,1.0
2016,Tajae Sharpe,WR,115.1,00-0032778,105.3,16,83.0,WR,6.58125,73.0,85.0,WR,10,12,R9+,R9+,0,0.0,none,none,0,0.0,0,0.0,True,0,0.0,0,0.0,0,0.0
2016,Darren Sproles,RB,116.8,00-0023564,162.5,15,71.0,RB,10.833333333333334,24.0,29.0,RB,10,12,R9+,R9+,0,0.0,13-24,25-36,1,0.0,1,1.0,True,1,1.0,1,1.0,1,1.0
2016,Martellus Bennett,TE,117.3,00-0026201,168.1,16,73.0,TE,10.50625,10.0,15.0,TE,10,12,R9+,R9+,1,0.0,1-12,13-24,1,1.0,1,1.0,True,1,1.0,1,0.0,1,1.0
2016,Matthew Stafford,QB,118.6,00-0026498,279.78,16,0.0,QB,17.48625,7.0,12.0,QB,10,12,R9+,R9+,1,1.0,1-12,1-12,1,1.0,1,1.0,True,1,1.0,1,1.0,1,1.0
2016,Michael Thomas,WR,118.7,00-0032765,255.70000000000002,15,121.0,WR,17.046666666666667,7.0,8.0,WR,10,12,R9+,R9+,1,1.0,1-12,1-12,1,1.0,1,1.0,True,1,1.0,1,1.0,1,1.0
2016,Tevin Coleman,RB,119.5,00-0032058,191.1,13,40.0,RB,14.7,19.0,13.0,RB,10,12,R9+,R9+,0,0.0,13-24,13-24,1,1.0,1,1.0,True,1,1.0,1,1.0,1,1.0
2016,Vincent Jackson,WR,119.9,00-0023496,32.3,5,32.0,WR,6.459999999999999,131.0,86.0,WR,10,12,R9+,R9+,0,0.0,none,none,0,0.0,0,0.0,True,0,0.0,0,0.0,0,0.0
2016,Markus Wheaton,WR,122.3,00-0030460,17.099999999999998,3,9.0,WR,5.699999999999999,150.0,,WR,11,13,R9+,R9+,0,,none,none,0,,0,,False,0,,0,,0,
2016,Jameis Winston,QB,123.4,00-0031503,256.1,16,0.0,QB,16.00625,16.0,20.0,QB,11,13,R9+,R9+,0,0.0,13-24,13-24,1,1.0,1,1.0,True,1,1.0,1,1.0,1,1.0
2016,Steve Smith,WR,124.6,00-0020337,183.9,14,101.0,WR,13.135714285714286,37.0,26.0,WR,11,13,R9+,R9+,0,0.0,none,25-36,0,0.0,0,1.0,True,1,1.0,1,1.0,1,1.0
2016,Spencer Ware,RB,125.8,00-0030414,193.8,14,42.0,RB,13.842857142857143,17.0,17.0,RB,11,13,R9+,R9+,0,0.0,13-24,13-24,1,1.0,1,1.0,True,1,1.0,1,1.0,1,1.0
2016,DeAndre Washington,RB,126.2,00-0032940,85.2,13,23.0,RB,6.553846153846154,56.0,61.0,RB,11,13,R9+,R9+,0,0.0,none,none,0,0.0,0,0.0,True,0,0.0,0,0.0,0,0.0
2016,Torrey Smith,WR,127.3,00-0027996,64.7,12,49.0,WR,5.391666666666667,100.0,102.0,WR,11,13,R9+,R9+,0,0.0,none,none,0,0.0,0,0.0,True,0,0.0,0,0.0,0,0.0
2016,Dion Lewis,RB,130.2,00-0028087,54.7,7,24.0,RB,7.814285714285715,69.0,53.0,RB,11,14,R9+,R9+,0,0.0,none,none,0,0.0,0,0.0,True,0,0.0,0,0.0,0,0.0
2016,Alfred Morris,RB,130.2,00-0029141,40.4,14,6.0,RB,2.8857142857142857,75.0,93.0,RB,11,14,R9+,R9+,0,0.0,none,none,0,0.0,0,0.0,True,0,0.0,0,0.0,0,0.0
2016,Will Fuller,WR,130.4,00-0033127,128.2,14,92.0,WR,9.157142857142857,62.0,66.0,WR,11,14,R9+,R9+,0,0.0,none,none,0,0.0,0,0.0,True,0,0.0,0,0.0,0,0.0
2016,Dwayne Allen,TE,131.2,00-0029689,113.6,14,52.0,TE,8.114285714285714,22.0,26.0,TE,11,14,R9+,R9+,0,0.0,13-24,25-36,1,0.0,1,1.0,True,0,0.0,0,0.0,0,0.0
2016,Andy Dalton,QB,132.7,00-0027973,260.64,16,0.0,QB,16.29,12.0,17.0,QB,12,14,R9+,R9+,1,0.0,1-12,13-24,1,1.0,1,1.0,True,1,1.0,1,1.0,1,1.0
2016,Mohamed Sanu,WR,134.1,00-0029632,148.8,15,81.0,WR,9.92,51.0,57.0,WR,12,14,R9+,R9+,0,0.0,none,none,0,0.0,0,0.0,True,1,0.0,0,0.0,1,0.0
2016,Marcus Mariota,QB,136.3,00-0032268,259.94,15,1.0,QB,17.329333333333334,13.0,13.0,QB,12,14,R9+,R9+,0,0.0,13-24,13-24,1,1.0,1,1.0,True,1,1.0,1,1.0,1,1.0
2016,Jared Cook,TE,137.0,00-0027061,71.7,10,51.0,TE,7.17,36.0,29.0,TE,12,14,R9+,R9+,0,0.0,25-36,25-36,0,0.0,1,1.0,True,0,0.0,0,0.0,0,0.0
2016,Tyler Boyd,WR,137.6,00-0033009,124.1,16,81.0,WR,7.75625,65.0,78.0,WR,12,14,R9+,R9+,0,0.0,none,none,0,0.0,0,0.0,True,0,0.0,0,0.0,0,0.0
2016,Rishard Matthews,WR,138.3,00-0029580,211.5,16,108.0,WR,13.21875,22.0,25.0,WR,12,14,R9+,R9+,0,0.0,13-24,25-36,1,0.0,1,1.0,True,1,1.0,1,1.0,1,1.0
2016,Devontae Booker,RB,140.9,00-0032972,142.7,16,45.0,RB,8.91875,32.0,44.0,RB,12,15,R9+,R9+,0,0.0,25-36,none,0,0.0,1,0.0,True,0,0.0,0,0.0,0,0.0
2016,Chris Hogan,WR,142.6,00-0028237,128.9,15,58.0,WR,8.593333333333334,61.0,71.0,WR,12,15,R9+,R9+,0,0.0,none,none,0,0.0,0,0.0,True,0,0.0,0,0.0,0,0.0
2016,Jimmy Graham,TE,144.3,00-0027696,189.3,16,95.0,TE,11.83125,4.0,10.0,TE,13,15,R9+,R9+,1,1.0,1-12,1-12,1,1.0,1,1.0,True,1,1.0,1,1.0,1,1.0
2016,Dak Prescott,QB,144.8,00-0033077,286.88,16,0.0,QB,17.93,6.0,10.0,QB,13,15,R9+,R9+,1,1.0,1-12,1-12,1,1.0,1,1.0,True,1,1.0,1,1.0,1,1.0
2016,Matt Ryan,QB,146.5,00-0026143,347.46000000000004,16,0.0,QB,21.716250000000002,2.0,2.0,QB,13,15,R9+,R9+,1,1.0,1-12,1-12,1,1.0,1,1.0,True,1,1.0,1,1.0,1,1.0
2016,Jerick McKinnon,RB,148.8,00-0031376,148.4,15,53.0,RB,9.893333333333334,27.0,36.0,RB,13,15,R9+,R9+,0,0.0,25-36,25-36,0,0.0,1,1.0,True,1,0.0,0,0.0,1,0.0
2016,Phillip Dorsett,WR,148.9,00-0032208,98.8,15,59.0,WR,6.586666666666667,79.0,84.0,WR,13,15,R9+,R9+,0,0.0,none,none,0,0.0,0,0.0,True,0,0.0,0,0.0,0,0.0
2016,Shane Vereen,RB,149.9,00-0027994,38.2,5,19.0,RB,7.640000000000001,76.0,54.0,RB,13,15,R9+,R9+,0,0.0,none,none,0,0.0,0,0.0,True,0,0.0,0,0.0,0,0.0
2016,Ryan Fitzpatrick,QB,151.1,00-0023682,133.4,14,0.0,QB,9.528571428571428,29.0,36.0,QB,13,16,R9+,R9+,0,0.0,25-36,25-36,0,0.0,1,1.0,True,0,0.0,0,0.0,0,0.0
2016,Kenny Stills,WR,151.2,00-0030085,168.6,16,81.0,WR,10.5375,46.0,50.0,WR,13,16,R9+,R9+,0,0.0,none,none,0,0.0,0,0.0,True,1,1.0,1,1.0,1,1.0
2016,Jason Witten,TE,151.2,00-0022127,152.3,15,95.0,TE,10.153333333333334,11.0,16.0,TE,13,16,R9+,R9+,1,0.0,1-12,13-24,1,1.0,1,1.0,True,1,0.0,1,0.0,1,0.0
2016,Mike Wallace,WR,153.2,00-0026901,202.79999999999998,16,116.0,WR,12.674999999999999,23.0,30.0,WR,13,16,R9+,R9+,0,0.0,13-24,25-36,1,0.0,1,1.0,True,1,1.0,1,1.0,1,1.0
2016,Ted Ginn Jr,WR,153.5,00-0025396,163.0,16,95.0,WR,10.1875,47.0,54.0,WR,13,16,R9+,R9+,0,0.0,none,none,0,0.0,0,0.0,True,1,0.0,1,0.0,1,0.0
2016,James Starks,RB,154.9,00-0027791,58.900000000000006,9,25.0,RB,6.544444444444445,67.0,62.0,RB,13,16,R9+,R9+,0,0.0,none,none,0,0.0,0,0.0,True,0,0.0,0,0.0,0,0.0
2016,Chris Thompson,RB,155.2,00-0030404,147.5,16,62.0,RB,9.21875,28.0,39.0,RB,13,16,R9+,R9+,0,0.0,25-36,none,0,0.0,1,0.0,True,0,0.0,0,0.0,0,0.0
2016,Sammie Coates,WR,156.1,00-0032166,77.9,14,49.0,WR,5.564285714285715,93.0,101.0,WR,14,16,R9+,R9+,0,0.0,none,none,0,0.0,0,0.0,True,0,0.0,0,0.0,0,0.0
2016,Zach Miller,TE,157.4,00-0027125,119.6,10,64.0,TE,11.959999999999999,20.0,9.0,TE,14,16,R9+,R9+,0,1.0,13-24,1-12,1,1.0,1,1.0,True,0,1.0,0,1.0,0,1.0
2016,Ryan Tannehill,QB,157.4,00-0029701,190.2,13,0.0,QB,14.63076923076923,27.0,24.0,QB,14,16,R9+,R9+,0,0.0,25-36,13-24,0,1.0,1,1.0,True,1,1.0,1,1.0,1,1.0
2016,Terrelle Pryor,WR,157.7,00-0028825,213.44,16,140.0,WR,13.34,20.0,24.0,WR,14,16,R9+,R9+,0,0.0,13-24,13-24,1,1.0,1,1.0,True,1,1.0,1,1.0,1,1.0
2016,Terrance West,RB,158.5,00-0031375,171.0,16,45.0,RB,10.6875,23.0,31.0,RB,14,16,R9+,R9+,0,0.0,13-24,25-36,1,0.0,1,1.0,True,1,1.0,1,1.0,1,1.0
2016,Robert Griffin III,QB,159.3,00-0029665,66.44,5,0.0,QB,13.288,35.0,29.0,QB,14,16,R9+,R9+,0,0.0,25-36,25-36,0,0.0,1,1.0,True,0,1.0,0,1.0,0,1.0
2016,Dorial Green-Beckham,WR,159.3,00-0032218,87.2,14,74.0,WR,6.228571428571429,88.0,89.0,WR,14,16,R9+,R9+,0,0.0,none,none,0,0.0,0,0.0,True,0,0.0,0,0.0,0,0.0
2016,Chris Johnson,RB,159.4,00-0026164,15.5,4,1.0,RB,3.875,104.0,78.0,RB,14,16,R9+,R9+,0,0.0,none,none,0,0.0,0,0.0,True,0,0.0,0,0.0,0,0.0
2016,Brock Osweiler,QB,163.3,00-0029682,168.98000000000002,15,1.0,QB,11.265333333333334,28.0,32.0,QB,14,17,R9+,R9+,0,0.0,25-36,25-36,0,0.0,1,1.0,True,1,1.0,1,1.0,1,1.0
2017,David Johnson,RB,1.3,00-0032187,13.0,1,9.0,RB,13.0,107.0,,RB,1,1,R1-2,R1-2,0,,none,none,0,,0,,False,0,,0,,0,
2017,LeVeon Bell,RB,2.3,00-0030496,343.4,15,107.0,RB,22.89333333333333,2.0,2.0,RB,1,1,R1-2,R1-2,1,1.0,1-12,1-12,1,1.0,1,1.0,True,1,1.0,1,1.0,1,1.0
2017,Antonio Brown,WR,3.7,00-0027793,310.3,14,163.0,WR,22.164285714285715,1.0,1.0,WR,1,1,R1-2,R1-2,1,1.0,1-12,1-12,1,1.0,1,1.0,True,1,1.0,1,1.0,1,1.0
2017,Julio Jones,WR,5.7,00-0027944,251.89999999999998,16,148.0,WR,15.743749999999999,7.0,10.0,WR,1,1,R1-2,R1-2,1,1.0,1-12,1-12,1,1.0,1,1.0,True,1,1.0,1,0.0,1,1.0
2017,Ezekiel Elliott,RB,6.2,00-0033045,203.2,10,38.0,RB,20.32,12.0,3.0,RB,1,1,R1-2,R1-2,1,1.0,1-12,1-12,1,1.0,1,1.0,True,0,1.0,0,1.0,0,1.0
2017,Odell Beckham Jr.,WR,6.4,00-0031235,74.0,4,41.0,WR,18.5,82.0,3.0,WR,1,1,R1-2,R1-2,0,1.0,none,1-12,0,1.0,0,1.0,True,0,1.0,0,1.0,0,1.0
2017,Devonta Freeman,RB,7.0,00-0031285,200.2,14,47.0,RB,14.299999999999999,14.0,13.0,RB,1,1,R1-2,R1-2,0,0.0,13-24,13-24,1,1.0,1,1.0,True,0,0.0,0,0.0,0,0.0
2017,LeSean McCoy,RB,7.8,00-0027029,263.6,16,77.0,RB,16.475,7.0,9.0,RB,1,1,R1-2,R1-2,1,1.0,1-12,1-12,1,1.0,1,1.0,True,1,1.0,1,1.0,1,1.0
2017,Mike Evans,WR,7.9,00-0031408,203.1,15,136.0,WR,13.54,17.0,20.0,WR,1,1,R1-2,R1-2,0,0.0,13-24,13-24,1,1.0,1,1.0,True,0,0.0,0,0.0,0,0.0
2017,A.J. Green,WR,10.0,00-0027942,226.8,16,143.0,WR,14.175,10.0,12.0,WR,1,1,R1-2,R1-2,1,1.0,1-12,1-12,1,1.0,1,1.0,True,1,0.0,1,0.0,1,0.0
2017,Melvin Gordon III,RB,10.1,00-0032144,288.09999999999997,16,83.0,RB,18.006249999999998,5.0,6.0,RB,1,2,R1-2,R1-2,1,1.0,1-12,1-12,1,1.0,1,1.0,True,1,1.0,1,1.0,1,1.0
2017,Jordy Nelson,WR,11.4,00-0026176,137.2,14,88.0,WR,9.799999999999999,46.0,49.0,WR,1,2,R1-2,R1-2,0,0.0,none,none,0,0.0,0,0.0,True,0,0.0,0,0.0,0,0.0
2017,Michael Thomas,WR,13.3,00-0032765,258.5,16,149.0,WR,16.15625,6.0,8.0,WR,2,2,R1-2,R1-2,1,1.0,1-12,1-12,1,1.0,1,1.0,True,1,1.0,1,1.0,1,1.0
2017,Jay Ajayi,RB,13.8,00-0031590,135.1,14,34.0,RB,9.65,36.0,34.0,RB,2,2,R1-2,R1-2,0,0.0,25-36,25-36,0,0.0,1,1.0,True,0,0.0,0,0.0,0,0.0
2017,DeMarco Murray,RB,15.2,00-0028009,171.5,15,47.0,RB,11.433333333333334,20.0,21.0,RB,2,2,R1-2,R1-2,0,0.0,13-24,13-24,1,1.0,1,1.0,True,0,0.0,0,0.0,0,0.0
2017,Jordan Howard,RB,16.8,00-0032780,199.70000000000002,16,32.0,RB,12.481250000000001,15.0,18.0,RB,2,2,R1-2,R1-2,0,0.0,13-24,13-24,1,1.0,1,1.0,True,0,0.0,0,0.0,0,0.0
2017,Brandin Cooks,WR,17.1,00-0031236,221.2,16,114.0,WR,13.825,15.0,18.0,WR,2,2,R1-2,R1-2,0,0.0,13-24,13-24,1,1.0,1,1.0,True,1,0.0,0,0.0,1,0.0
2017,Rob Gronkowski,TE,18.1,00-0027656,227.4,13,105.0,TE,17.492307692307694,2.0,1.0,TE,2,2,R1-2,R1-2,1,1.0,1-12,1-12,1,1.0,1,1.0,True,1,1.0,1,1.0,1,1.0
2017,Kareem Hunt,RB,18.7,00-0033923,295.2,16,63.0,RB,18.45,4.0,5.0,RB,2,2,R1-2,R1-2,1,1.0,1-12,1-12,1,1.0,1,1.0,True,1,1.0,1,1.0,1,1.0
2017,Todd Gurley,RB,19.4,00-0032241,383.3,15,87.0,RB,25.553333333333335,1.0,1.0,RB,2,2,R1-2,R1-2,1,1.0,1-12,1-12,1,1.0,1,1.0,True,1,1.0,1,1.0,1,1.0
2017,Dez Bryant,WR,20.5,00-0027902,186.4,16,132.0,WR,11.65,24.0,30.0,WR,2,3,R1-2,R3-4,0,0.0,13-24,25-36,1,0.0,1,1.0,True,0,0.0,0,0.0,0,0.0
2017,Amari Cooper,WR,21.3,00-0031544,158.4,14,96.0,WR,11.314285714285715,36.0,36.0,WR,2,3,R1-2,R3-4,0,0.0,25-36,25-36,0,0.0,1,1.0,True,0,0.0,0,0.0,0,0.0
2017,Doug Baldwin,WR,22.4,00-0028434,223.3,16,116.0,WR,13.95625,13.0,17.0,WR,2,3,R1-2,R3-4,0,0.0,13-24,13-24,1,1.0,1,1.0,True,1,0.0,1,1.0,1,0.0
2017,Christian McCaffrey,RB,22.9,00-0033280,228.6,16,113.0,RB,14.2875,10.0,14.0,RB,2,3,R1-2,R3-4,1,0.0,1-12,13-24,1,1.0,1,1.0,True,1,0.0,1,1.0,1,0.0
2017,Aaron Rodgers,QB,23.4,00-0023459,129.6,7,0.0,QB,18.514285714285712,29.0,6.0,QB,2,3,R1-2,R3-4,0,1.0,25-36,1-12,0,1.0,1,1.0,True,0,1.0,0,1.0,0,1.0
2017,Keenan Allen,WR,25.8,00-0030279,278.2,16,159.0,WR,17.3875,3.0,4.0,WR,3,3,R3-4,R3-4,1,1.0,1-12,1-12,1,1.0,1,1.0,True,1,1.0,1,1.0,1,1.0
2017,Leonard Fournette,RB,27.0,00-0033856,230.2,13,48.0,RB,17.707692307692305,9.0,7.0,RB,3,3,R3-4,R3-4,1,1.0,1-12,1-12,1,1.0,1,1.0,True,1,1.0,1,1.0,1,1.0
2017,Dalvin Cook,RB,27.5,00-0033893,65.4,4,16.0,RB,16.35,72.0,10.0,RB,3,3,R3-4,R3-4,0,1.0,none,1-12,0,1.0,0,1.0,True,0,1.0,0,1.0,0,1.0
2017,T.Y. Hilton,WR,28.8,00-0029608,175.6,16,109.0,WR,10.975,27.0,41.0,WR,3,3,R3-4,R3-4,0,0.0,25-36,none,0,0.0,1,0.0,True,0,0.0,0,0.0,0,0.0
2017,Tom Brady,QB,29.6,00-0019596,295.88,16,0.0,QB,18.4925,3.0,7.0,QB,3,3,R3-4,R3-4,1,1.0,1-12,1-12,1,1.0,1,1.0,True,1,1.0,1,1.0,1,1.0
2017,Isaiah Crowell,RB,29.8,00-0030656,143.5,16,42.0,RB,8.96875,31.0,41.0,RB,3,3,R3-4,R3-4,0,0.0,25-36,none,0,0.0,1,0.0,True,0,0.0,0,0.0,0,0.0
2017,Terrelle Pryor,WR,30.2,00-0028825,50.0,8,37.0,WR,6.25,106.0,82.0,WR,3,4,R3-4,R3-4,0,0.0,none,none,0,0.0,0,0.0,True,0,0.0,0,0.0,0,0.0
2017,DeAndre Hopkins,WR,31.7,00-0030564,309.8,15,174.0,WR,20.653333333333332,2.0,2.0,WR,3,4,R3-4,R3-4,1,1.0,1-12,1-12,1,1.0,1,1.0,True,1,1.0,1,1.0,1,1.0
2017,Ty Montgomery II,RB,32.6,00-0032200,91.6,8,31.0,WR,11.45,52.0,20.0,RB,3,4,R3-4,R3-4,0,0.0,none,13-24,0,1.0,0,1.0,True,0,0.0,0,0.0,0,0.0
2017,Demaryius Thomas,WR,34.5,00-0027874,205.9,16,140.0,WR,12.86875,16.0,23.0,WR,3,4,R3-4,R3-4,0,0.0,13-24,13-24,1,1.0,1,1.0,True,1,0.0,1,1.0,1,0.0
2017,Carlos Hyde,RB,35.2,00-0031045,233.8,16,88.0,RB,14.6125,8.0,12.0,RB,3,4,R3-4,R3-4,1,1.0,1-12,1-12,1,1.0,1,1.0,True,1,1.0,1,1.0,1,1.0
2017,Lamar Miller,RB,35.2,00-0029615,193.5,16,45.0,RB,12.09375,16.0,19.0,RB,3,4,R3-4,R3-4,0,0.0,13-24,13-24,1,1.0,1,1.0,True,0,0.0,1,0.0,0,0.0
2017,Marshawn Lynch,RB,36.4,00-0025399,164.2,15,31.0,RB,10.946666666666665,24.0,25.0,RB,4,4,R3-4,R3-4,0,0.0,13-24,25-36,1,0.0,1,1.0,True,0,0.0,0,0.0,0,0.0
2017,Kelvin Benjamin,WR,38.6,00-0031359,132.1,14,77.0,WR,9.435714285714285,49.0,53.0,WR,4,4,R3-4,R3-4,0,0.0,none,none,0,0.0,0,0.0,True,0,0.0,0,0.0,0,0.0
2017,Travis Kelce,TE,38.9,00-0030506,233.5,15,122.0,TE,15.566666666666666,1.0,2.0,TE,4,4,R3-4,R3-4,1,1.0,1-12,1-12,1,1.0,1,1.0,True,1,1.0,1,1.0,1,1.0
2017,Alshon Jeffery,WR,39.1,00-0029137,195.9,16,120.0,WR,12.24375,21.0,25.0,WR,4,4,R3-4,R3-4,0,0.0,13-24,25-36,1,0.0,1,1.0,True,1,0.0,1,0.0,1,0.0
2017,Martavis Bryant,WR,40.9,00-0031373,132.5,15,84.0,WR,8.833333333333334,48.0,57.0,WR,4,5,R3-4,R5-6,0,0.0,none,none,0,0.0,0,0.0,True,0,0.0,0,0.0,0,0.0
2017,Drew Brees,QB,41.7,00-0020531,262.56,16,0.0,QB,16.41,9.0,13.0,QB,4,5,R3-4,R5-6,1,0.0,1-12,13-24,1,1.0,1,1.0,True,1,1.0,1,1.0,1,1.0
2017,Joe Mixon,RB,42.5,00-0033897,141.3,14,34.0,RB,10.092857142857143,34.0,29.0,RB,4,5,R3-4,R5-6,0,0.0,25-36,25-36,0,0.0,1,1.0,True,0,0.0,0,0.0,0,0.0
2017,Michael Crabtree,WR,43.7,00-0026986,171.8,13,101.0,WR,13.215384615384616,30.0,21.0,WR,4,5,R3-4,R5-6,0,0.0,25-36,13-24,0,1.0,1,1.0,True,0,1.0,1,1.0,0,1.0
2017,Davante Adams,WR,44.9,00-0031381,222.5,14,117.0,WR,15.892857142857142,14.0,9.0,WR,4,5,R3-4,R5-6,0,1.0,13-24,1-12,1,1.0,1,1.0,True,1,1.0,1,1.0,1,1.0
2017,Tyreek Hill,WR,45.5,00-0033040,245.20000000000002,15,105.0,WR,16.346666666666668,8.0,5.0,WR,4,5,R3-4,R5-6,1,1.0,1-12,1-12,1,1.0,1,1.0,True,1,1.0,1,1.0,1,1.0
2017,Golden Tate,WR,47.8,00-0027891,224.5,16,120.0,WR,14.03125,12.0,16.0,WR,4,5,R3-4,R5-6,1,0.0,1-12,13-24,1,1.0,1,1.0,True,1,1.0,1,1.0,1,1.0
2017,Larry Fitzgerald,WR,48.4,00-0022921,261.44,16,161.0,WR,16.34,4.0,6.0,WR,5,5,R5-6,R5-6,1,1.0,1-12,1-12,1,1.0,1,1.0,True,1,1.0,1,1.0,1,1.0
2017,Bilal Powell,RB,48.6,00-0028064,145.2,15,33.0,RB,9.68,30.0,33.0,RB,5,5,R5-6,R5-6,0,0.0,25-36,25-36,0,0.0,1,1.0,True,1,0.0,0,0.0,1,0.0
2017,Doug Martin,RB,49.0,00-0029613,76.0,11,18.0,RB,6.909090909090909,65.0,60.0,RB,5,5,R5-6,R5-6,0,0.0,none,none,0,0.0,0,0.0,True,0,0.0,0,0.0,0,0.0
2017,CJ Anderson,RB,51.4,00-0029854,175.1,16,40.0,RB,10.94375,18.0,26.0,RB,5,6,R5-6,R5-6,0,0.0,13-24,25-36,1,0.0,1,1.0,True,1,1.0,1,1.0,1,1.0
2017,Greg Olsen,TE,51.5,00-0025418,42.1,7,38.0,TE,6.014285714285714,50.0,30.0,TE,5,6,R5-6,R5-6,0,0.0,none,25-36,0,0.0,0,1.0,True,0,0.0,0,0.0,0,0.0
2017,DeVante Parker,WR,51.9,00-0031547,130.0,13,96.0,WR,10.0,51.0,46.0,WR,5,6,R5-6,R5-6,0,0.0,none,none,0,0.0,0,0.0,True,1,0.0,0,0.0,1,0.0
2017,Ameer Abdullah,RB,53.0,00-0032104,124.39999999999999,14,35.0,RB,8.885714285714284,40.0,43.0,RB,5,6,R5-6,R5-6,0,0.0,none,none,0,0.0,0,0.0,True,0,0.0,0,0.0,0,0.0
2017,Jordan Reed,TE,54.1,00-0030472,60.099999999999994,6,35.0,TE,10.016666666666666,36.0,9.0,TE,5,6,R5-6,R5-6,0,1.0,25-36,1-12,0,1.0,1,1.0,True,0,1.0,0,0.0,0,1.0
2017,Stefon Diggs,WR,54.8,00-0031588,198.2,14,95.0,WR,14.157142857142857,19.0,13.0,WR,5,6,R5-6,R5-6,0,0.0,13-24,13-24,1,1.0,1,1.0,True,1,1.0,1,1.0,1,1.0
2017,Matt Ryan,QB,56.4,00-0026143,228.1,16,0.0,QB,14.25625,15.0,23.0,QB,5,6,R5-6,R5-6,0,0.0,13-24,13-24,1,1.0,1,1.0,True,1,1.0,1,1.0,1,1.0
2017,Allen Robinson II,WR,57.0,00-0031428,2.7,1,1.0,WR,2.7,188.0,,WR,5,6,R5-6,R5-6,0,,none,none,0,,0,,False,0,,0,,0,
2017,Jimmy Graham,TE,57.6,00-0027696,171.0,16,96.0,TE,10.6875,6.0,7.0,TE,5,6,R5-6,R5-6,1,1.0,1-12,1-12,1,1.0,1,1.0,True,1,1.0,0,0.0,1,1.0
2017,Mark Ingram II,RB,57.6,00-0027966,278.0,16,71.0,RB,17.375,6.0,8.0,RB,5,6,R5-6,R5-6,1,1.0,1-12,1-12,1,1.0,1,1.0,True,1,1.0,1,1.0,1,1.0
2017,Jamison Crowder,WR,61.2,00-0031941,166.29999999999998,15,103.0,WR,11.086666666666666,32.0,39.0,WR,6,7,R5-6,R7-8,0,0.0,25-36,none,0,0.0,1,0.0,True,1,1.0,1,1.0,1,1.0
2017,Danny Woodhead,RB,61.7,00-0026019,58.599999999999994,8,39.0,RB,7.324999999999999,74.0,57.0,RB,6,7,R5-6,R7-8,0,0.0,none,none,0,0.0,0,0.0,True,0,0.0,0,0.0,0,0.0
2017,Jarvis Landry,WR,64.0,00-0031382,260.0,16,161.0,WR,16.25,5.0,7.0,WR,6,7,R5-6,R7-8,1,1.0,1-12,1-12,1,1.0,1,1.0,True,1,1.0,1,1.0,1,1.0
2017,Russell Wilson,QB,64.3,00-0029263,347.92,16,0.0,QB,21.745,1.0,2.0,QB,6,7,R5-6,R7-8,1,1.0,1-12,1-12,1,1.0,1,1.0,True,1,1.0,1,1.0,1,1.0
2017,Brandon Marshall,WR,65.2,00-0024334,33.4,5,33.0,WR,6.68,124.0,75.0,WR,6,7,R5-6,R7-8,0,0.0,none,none,0,0.0,0,0.0,True,0,0.0,0,0.0,0,0.0
2017,Mike Gillislee,RB,65.3,00-0030433,68.8,9,1.0,RB,7.644444444444444,69.0,54.0,RB,6,7,R5-6,R7-8,0,0.0,none,none,0,0.0,0,0.0,True,0,0.0,0,0.0,0,0.0
2017,Pierre Garcon,WR,66.4,00-0026345,90.0,8,67.0,WR,11.25,75.0,37.0,WR,6,7,R5-6,R7-8,0,0.0,none,none,0,0.0,0,0.0,True,0,1.0,0,1.0,0,1.0
2017,Rob Kelley,RB,67.0,00-0032371,43.2,7,7.0,RB,6.171428571428572,83.0,65.0,RB,6,7,R5-6,R7-8,0,0.0,none,none,0,0.0,0,0.0,True,0,0.0,0,0.0,0,0.0
2017,Adrian Peterson,RB,69.9,00-0025394,78.9,10,19.0,RB,7.890000000000001,63.0,52.0,RB,6,7,R5-6,R7-8,0,0.0,none,none,0,0.0,0,0.0,True,0,0.0,0,0.0,0,0.0
2017,Sammy Watkins,WR,70.0,00-0031325,146.3,15,70.0,WR,9.753333333333334,41.0,50.0,WR,6,7,R5-6,R7-8,0,0.0,none,none,0,0.0,0,0.0,True,1,0.0,1,0.0,1,0.0
2017,Tyler Eifert,TE,70.4,00-0030549,8.6,2,5.0,TE,4.3,90.0,,TE,6,8,R5-6,R7-8,0,,none,none,0,,0,,False,0,,0,,0,
2017,Zach Ertz,TE,72.8,00-0030061,202.4,14,110.0,TE,14.457142857142857,3.0,3.0,TE,7,8,R7-8,R7-8,1,1.0,1-12,1-12,1,1.0,1,1.0,True,1,1.0,1,1.0,1,1.0
2017,Tevin Coleman,RB,73.2,00-0032058,167.7,15,39.0,RB,11.18,22.0,23.0,RB,7,8,R7-8,R7-8,0,0.0,13-24,13-24,1,1.0,1,1.0,True,1,1.0,1,1.0,1,1.0
2017,Emmanuel Sanders,WR,73.9,00-0027685,114.5,12,92.0,WR,9.541666666666666,60.0,52.0,WR,7,8,R7-8,R7-8,0,0.0,none,none,0,0.0,0,0.0,True,0,0.0,0,0.0,0,0.0
2017,Derek Carr,QB,74.2,00-0031280,206.44,15,0.0,QB,13.762666666666666,19.0,25.0,QB,7,8,R7-8,R7-8,0,0.0,13-24,25-36,1,0.0,1,1.0,True,1,1.0,1,1.0,1,1.0
2017,Darren McFadden,RB,75.3,00-0026144,-0.2,1,0.0,RB,-0.2,143.0,,RB,7,8,R7-8,R7-8,0,,none,none,0,,0,,False,0,,0,,0,
2017,Chris Hogan,WR,76.5,00-0028237,109.6,9,59.0,WR,12.177777777777777,63.0,27.0,WR,7,8,R7-8,R7-8,0,0.0,none,25-36,0,0.0,0,1.0,True,0,1.0,0,1.0,0,1.0
2017,Marcus Mariota,QB,76.8,00-0032268,210.48,15,0.0,QB,14.032,18.0,24.0,QB,7,8,R7-8,R7-8,0,0.0,13-24,13-24,1,1.0,1,1.0,True,1,1.0,1,1.0,1,1.0
2017,Derrick Henry,RB,77.9,00-0032764,135.0,16,17.0,RB,8.4375,37.0,46.0,RB,7,8,R7-8,R7-8,0,0.0,none,none,0,0.0,0,0.0,True,0,0.0,1,0.0,0,0.0
2017,Delanie Walker,TE,79.9,00-0024389,174.5,16,111.0,TE,10.90625,4.0,6.0,TE,7,8,R7-8,R7-8,1,1.0,1-12,1-12,1,1.0,1,1.0,True,1,1.0,1,0.0,1,1.0
2017,Jameis Winston,QB,82.4,00-0031503,201.66,13,0.0,QB,15.512307692307692,22.0,18.0,QB,7,9,R7-8,R9+,0,0.0,13-24,13-24,1,1.0,1,1.0,True,1,1.0,1,1.0,1,1.0
2017,Theo Riddick,RB,83.0,00-0030107,154.0,16,71.0,RB,9.625,27.0,35.0,RB,7,9,R7-8,R9+,0,0.0,25-36,25-36,0,0.0,1,1.0,True,1,0.0,1,1.0,1,0.0
2017,Paul Perkins,RB,83.4,00-0032417,21.6,8,10.0,RB,2.7,94.0,99.0,RB,7,9,R7-8,R9+,0,0.0,none,none,0,0.0,0,0.0,True,0,0.0,0,0.0,0,0.0
2017,Jeremy Maclin,WR,83.4,00-0026995,102.0,12,72.0,WR,8.5,66.0,60.0,WR,7,9,R7-8,R9+,0,0.0,none,none,0,0.0,0,0.0,True,0,0.0,0,0.0,0,0.0
2017,Kyle Rudolph,TE,83.6,00-0027981,158.2,16,81.0,TE,9.8875,8.0,10.0,TE,7,9,R7-8,R9+,1,1.0,1-12,1-12,1,1.0,1,1.0,True,1,1.0,1,1.0,1,1.0
2017,Willie Snead IV,WR,83.8,00-0030663,17.2,8,16.0,WR,2.15,146.0,145.0,WR,7,9,R7-8,R9+,0,0.0,none,none,0,0.0,0,0.0,True,0,0.0,0,0.0,0,0.0
2017,Frank Gore,RB,86.1,00-0023500,173.6,16,38.0,RB,10.85,19.0,27.0,RB,8,9,R7-8,R9+,0,0.0,13-24,25-36,1,0.0,1,1.0,True,1,1.0,1,1.0,1,1.0
2017,Kirk Cousins,QB,86.3,00-0029604,277.62,16,0.0,QB,17.35125,6.0,9.0,QB,8,9,R7-8,R9+,1,1.0,1-12,1-12,1,1.0,1,1.0,True,1,1.0,1,1.0,1,1.0
2017,Terrance West,RB,86.8,00-0031375,28.1,5,4.0,RB,5.62,91.0,74.0,RB,8,9,R7-8,R9+,0,0.0,none,none,0,0.0,0,0.0,True,0,0.0,0,0.0,0,0.0
2017,Martellus Bennett,TE,87.6,00-0026201,58.6,9,44.0,TE,6.511111111111111,38.0,26.0,TE,8,9,R7-8,R9+,0,0.0,none,25-36,0,0.0,0,1.0,True,0,0.0,0,0.0,0,0.0
2017,Eric Decker,WR,88.7,00-0027690,116.3,16,83.0,WR,7.26875,58.0,71.0,WR,8,9,R7-8,R9+,0,0.0,none,none,0,0.0,0,0.0,True,0,0.0,0,0.0,0,0.0
2017,Cam Newton,QB,89.9,00-0027939,299.48,16,0.0,QB,18.7175,2.0,5.0,QB,8,9,R7-8,R9+,1,1.0,1-12,1-12,1,1.0,1,1.0,True,1,1.0,1,1.0,1,1.0
2017,DeSean Jackson,WR,90.4,00-0026189,138.6,14,90.0,WR,9.9,44.0,48.0,WR,8,10,R7-8,R9+,0,0.0,none,none,0,0.0,0,0.0,True,1,1.0,1,1.0,1,1.0
2017,LeGarrette Blount,RB,91.9,00-0027325,107.6,16,8.0,RB,6.725,44.0,61.0,RB,8,10,R7-8,R9+,0,0.0,none,none,0,0.0,0,0.0,True,0,0.0,0,0.0,0,0.0
2017,Randall Cobb,WR,92.2,00-0028002,159.4,14,92.0,WR,11.385714285714286,35.0,33.0,WR,8,10,R7-8,R9+,0,0.0,25-36,25-36,0,0.0,1,1.0,True,1,1.0,1,1.0,1,1.0
2017,Duke Johnson,RB,94.2,00-0032257,216.1,16,93.0,RB,13.50625,11.0,15.0,RB,8,10,R7-8,R9+,1,0.0,1-12,13-24,1,1.0,1,1.0,True,1,1.0,1,1.0,1,1.0
2017,Tyrell Williams,WR,95.0,00-0032160,137.8,16,69.0,WR,8.6125,45.0,58.0,WR,8,10,R7-8,R9+,0,0.0,none,none,0,0.0,0,0.0,True,0,0.0,1,0.0,0,0.0
2017,Thomas Rawls,RB,95.7,00-0031897,32.1,9,13.0,RB,3.566666666666667,88.0,90.0,RB,8,10,R7-8,R9+,0,0.0,none,none,0,0.0,0,0.0,True,0,0.0,0,0.0,0,0.0
2017,Jacquizz Rodgers,RB,95.9,00-0028083,46.8,16,11.0,RB,2.925,79.0,96.0,RB,8,10,R7-8,R9+,0,0.0,none,none,0,0.0,0,0.0,True,0,0.0,0,0.0,0,0.0
2017,Corey Coleman,WR,96.4,00-0032966,65.5,9,58.0,WR,7.277777777777778,90.0,70.0,WR,9,10,R9+,R9+,0,0.0,none,none,0,0.0,0,0.0,True,0,0.0,0,0.0,0,0.0
2017,Adam Thielen,WR,98.6,00-0030035,239.7,16,142.0,WR,14.98125,9.0,11.0,WR,9,10,R9+,R9+,1,1.0,1-12,1-12,1,1.0,1,1.0,True,1,1.0,1,1.0,1,1.0
2017,Andrew Luck,QB,100.3,00-0029668,0.0,0,,QB,,,,,9,11,R9+,R9+,0,,none,none,0,,0,,False,0,,0,,0,
2017,Ben Roethlisberger,QB,101.0,00-0022924,261.06,15,0.0,QB,17.404,10.0,8.0,QB,9,11,R9+,R9+,1,1.0,1-12,1-12,1,1.0,1,1.0,True,1,1.0,1,1.0,1,1.0
2017,Jonathan Stewart,RB,101.4,00-0026153,117.2,15,15.0,RB,7.8133333333333335,42.0,53.0,RB,9,11,R9+,R9+,0,0.0,none,none,0,0.0,0,0.0,True,0,0.0,0,0.0,0,0.0
2017,James White,RB,102.7,00-0031062,134.0,14,72.0,RB,9.571428571428571,38.0,36.0,RB,9,11,R9+,R9+,0,0.0,none,25-36,0,0.0,0,1.0,True,1,1.0,1,1.0,1,1.0
2017,Donte Moncrief,WR,105.7,00-0031339,77.1,12,47.0,WR,6.425,80.0,79.0,WR,9,11,R9+,R9+,0,0.0,none,none,0,0.0,0,0.0,True,0,0.0,0,0.0,0,0.0
2017,Hunter Henry,TE,106.1,00-0033090,126.9,12,62.0,TE,10.575000000000001,14.0,8.0,TE,9,11,R9+,R9+,0,1.0,13-24,1-12,1,1.0,1,1.0,True,1,1.0,1,1.0,1,1.0
2017,Marvin Jones Jr.,WR,106.3,00-0029293,225.1,16,107.0,WR,14.06875,11.0,15.0,WR,9,11,R9+,R9+,1,0.0,1-12,13-24,1,1.0,1,1.0,True,1,1.0,1,1.0,1,1.0
2017,Eddie Lacy,RB,106.6,00-0030485,28.599999999999998,9,6.0,RB,3.1777777777777776,90.0,94.0,RB,9,11,R9+,R9+,0,0.0,none,none,0,0.0,0,0.0,True,0,0.0,0,0.0,0,0.0
2017,John Brown,WR,108.6,00-0031051,69.9,10,55.0,WR,6.99,85.0,72.0,WR,10,11,R9+,R9+,0,0.0,none,none,0,0.0,0,0.0,True,0,0.0,0,0.0,0,0.0
2017,Philip Rivers,QB,108.7,00-0022942,270.4,16,0.0,QB,16.9,8.0,12.0,QB,10,11,R9+,R9+,1,1.0,1-12,1-12,1,1.0,1,1.0,True,1,1.0,1,1.0,1,1.0
2017,Corey Davis,WR,110.9,00-0033871,69.5,11,65.0,WR,6.318181818181818,86.0,81.0,WR,10,12,R9+,R9+,0,0.0,none,none,0,0.0,0,0.0,True,0,0.0,0,0.0,0,0.0
2017,Dak Prescott,QB,112.8,00-0033077,260.66,16,0.0,QB,16.29125,11.0,14.0,QB,10,12,R9+,R9+,1,0.0,1-12,13-24,1,1.0,1,1.0,True,1,1.0,1,1.0,1,1.0
2017,Rex Burkhead,RB,113.4,00-0030288,129.8,10,36.0,RB,12.98,39.0,16.0,RB,10,12,R9+,R9+,0,0.0,none,13-24,0,1.0,0,1.0,True,1,1.0,1,1.0,1,1.0
2017,Jamaal Williams,RB,114.3,00-0033948,142.8,15,34.0,RB,9.520000000000001,32.0,37.0,RB,10,12,R9+,R9+,0,0.0,25-36,none,0,0.0,1,0.0,True,1,1.0,1,1.0,1,1.0
2017,Rishard Matthews,WR,116.0,00-0029580,156.2,14,87.0,WR,11.157142857142857,37.0,38.0,WR,10,12,R9+,R9+,0,0.0,none,none,0,0.0,0,0.0,True,1,1.0,1,1.0,1,1.0
2017,Darren Sproles,RB,116.3,00-0023564,20.400000000000002,3,12.0,RB,6.800000000000001,96.0,,RB,10,12,R9+,R9+,0,,none,none,0,,0,,False,0,,0,,0,
2017,Matthew Stafford,QB,116.5,00-0026498,273.64,16,0.0,QB,17.1025,7.0,10.0,QB,10,12,R9+,R9+,1,1.0,1-12,1-12,1,1.0,1,1.0,True,1,1.0,1,1.0,1,1.0
2017,Ted Ginn Jr,WR,116.9,00-0025396,159.6,15,70.0,WR,10.639999999999999,34.0,43.0,WR,10,12,R9+,R9+,0,0.0,25-36,none,0,0.0,1,0.0,True,1,1.0,1,1.0,1,1.0
2017,Jordan Matthews,WR,117.5,00-0031299,57.199999999999996,10,36.0,TE,5.72,101.0,93.0,WR,10,12,R9+,R9+,0,0.0,none,none,0,0.0,0,0.0,True,0,0.0,0,0.0,0,0.0
2017,Cooper Kupp,WR,121.3,00-0033908,176.9,15,94.0,WR,11.793333333333333,25.0,28.0,WR,11,13,R9+,R9+,0,0.0,25-36,25-36,0,0.0,1,1.0,True,1,1.0,1,1.0,1,1.0
2017,Zay Jones,WR,122.0,00-0033891,70.60000000000001,14,74.0,WR,5.042857142857144,84.0,100.0,WR,11,13,R9+,R9+,0,0.0,none,none,0,0.0,0,0.0,True,0,0.0,0,0.0,0,0.0
2017,Jamaal Charles,RB,123.3,00-0026213,67.5,13,28.0,RB,5.1923076923076925,71.0,80.0,RB,11,13,R9+,R9+,0,0.0,none,none,0,0.0,0,0.0,True,0,0.0,0,0.0,0,0.0
2017,Eric Ebron,TE,124.0,00-0031387,132.4,16,86.0,TE,8.275,13.0,16.0,TE,11,13,R9+,R9+,0,0.0,13-24,13-24,1,1.0,1,1.0,True,1,0.0,1,0.0,1,0.0
2017,Mike Wallace,WR,125.9,00-0026901,151.2,15,92.0,WR,10.08,38.0,45.0,WR,11,13,R9+,R9+,0,0.0,none,none,0,0.0,0,0.0,True,1,1.0,1,1.0,1,1.0
2017,Andy Dalton,QB,126.5,00-0027973,210.7,16,0.0,QB,13.16875,17.0,26.0,QB,11,13,R9+,R9+,0,0.0,13-24,25-36,1,0.0,1,1.0,True,1,1.0,1,1.0,1,1.0
2017,Samaje Perine,RB,126.8,00-0033526,108.5,13,24.0,RB,8.346153846153847,43.0,47.0,RB,11,13,R9+,R9+,0,0.0,none,none,0,0.0,0,0.0,True,0,0.0,0,0.0,0,0.0
2017,Kevin White,WR,127.0,00-0031545,2.6,1,4.0,WR,2.6,189.0,,WR,11,13,R9+,R9+,0,,none,none,0,,0,,False,0,,0,,0,
2017,CJ Prosise,RB,129.4,00-0032393,17.0,4,11.0,RB,4.25,101.0,87.0,RB,11,13,R9+,R9+,0,0.0,none,none,0,0.0,0,0.0,True,0,0.0,0,0.0,0,0.0
2017,Danny Amendola,WR,132.2,00-0026035,138.9,15,86.0,WR,9.26,43.0,55.0,WR,12,14,R9+,R9+,0,0.0,none,none,0,0.0,0,0.0,True,1,0.0,1,0.0,1,0.0
2017,Carson Wentz,QB,132.3,00-0032950,281.74,13,0.0,QB,21.672307692307694,5.0,3.0,QB,12,14,R9+,R9+,1,1.0,1-12,1-12,1,1.0,1,1.0,True,1,1.0,1,1.0,1,1.0
2017,Matt Forte,RB,132.6,00-0026184,120.4,12,45.0,RB,10.033333333333333,41.0,30.0,RB,12,14,R9+,R9+,0,0.0,none,25-36,0,0.0,0,1.0,True,0,1.0,0,1.0,0,1.0
2017,Jack Doyle,TE,132.6,00-0030181,169.0,15,108.0,TE,11.266666666666667,7.0,5.0,TE,12,14,R9+,R9+,1,1.0,1-12,1-12,1,1.0,1,1.0,True,1,1.0,1,1.0,1,1.0
2017,Jeremy Hill,RB,134.5,00-0031301,17.2,7,4.0,RB,2.457142857142857,99.0,101.0,RB,12,14,R9+,R9+,0,0.0,none,none,0,0.0,0,0.0,True,0,0.0,0,0.0,0,0.0
2017,Kenny Britt,WR,136.2,00-0027006,57.6,12,43.0,WR,4.8,99.0,105.0,WR,12,14,R9+,R9+,0,0.0,none,none,0,0.0,0,0.0,True,0,0.0,0,0.0,0,0.0
2017,Cole Beasley,WR,136.2,00-0029000,91.39999999999999,15,63.0,WR,6.093333333333333,72.0,86.0,WR,12,14,R9+,R9+,0,0.0,none,none,0,0.0,0,0.0,True,0,0.0,0,0.0,0,0.0
2017,Eli Manning,QB,137.1,00-0022803,187.32,15,0.0,QB,12.488,23.0,28.0,QB,12,14,R9+,R9+,0,0.0,13-24,25-36,1,0.0,1,1.0,True,1,1.0,1,1.0,1,1.0
2017,Alvin Kamara,RB,140.0,00-0033906,320.4,16,100.0,RB,20.025,3.0,4.0,RB,12,14,R9+,R9+,1,1.0,1-12,1-12,1,1.0,1,1.0,True,1,1.0,1,1.0,1,1.0
2017,Marlon Mack,RB,141.3,00-0033951,103.30000000000001,14,33.0,RB,7.378571428571429,48.0,56.0,RB,12,15,R9+,R9+,0,0.0,none,none,0,0.0,0,0.0,True,0,0.0,0,0.0,0,0.0
2017,Carson Palmer,QB,142.3,00-0021429,102.32000000000001,7,0.0,QB,14.617142857142857,32.0,22.0,QB,12,15,R9+,R9+,0,0.0,25-36,13-24,0,1.0,1,1.0,True,0,1.0,0,1.0,0,1.0
2017,Robbie Chosen,WR,143.4,00-0032688,200.0,16,114.0,WR,12.5,18.0,24.0,WR,12,15,R9+,R9+,0,0.0,13-24,13-24,1,1.0,1,1.0,True,1,1.0,1,1.0,1,1.0
2017,Wendell Smallwood,RB,146.1,00-0032782,46.7,8,18.0,RB,5.8375,80.0,71.0,RB,13,15,R9+,R9+,0,0.0,none,none,0,0.0,0,0.0,True,0,0.0,0,0.0,0,0.0
2017,Austin Hooper,TE,146.6,00-0032392,119.6,16,65.0,TE,7.475,17.0,21.0,TE,13,15,R9+,R9+,0,0.0,13-24,13-24,1,1.0,1,1.0,True,0,0.0,0,0.0,0,0.0
2017,Kendall Wright,WR,148.4,00-0029708,126.4,15,91.0,WR,8.426666666666668,53.0,61.0,WR,13,15,R9+,R9+,0,0.0,none,none,0,0.0,0,0.0,True,1,0.0,1,0.0,1,0.0
2017,Chris Carson,RB,149.7,00-0033594,39.7,4,8.0,RB,9.925,85.0,31.0,RB,13,15,R9+,R9+,0,0.0,none,25-36,0,0.0,0,1.0,True,0,1.0,0,1.0,0,1.0
2017,Jason Witten,TE,150.5,00-0022127,149.0,16,87.0,TE,9.3125,9.0,11.0,TE,13,16,R9+,R9+,1,1.0,1-12,1-12,1,1.0,1,1.0,True,1,0.0,1,0.0,1,0.0
2017,Taylor Gabriel,WR,151.4,00-0031228,81.7,16,51.0,WR,5.10625,78.0,99.0,WR,13,16,R9+,R9+,0,0.0,none,none,0,0.0,0,0.0,True,0,0.0,0,0.0,0,0.0
2017,Kenny Golladay,WR,151.6,00-0033932,94.6,11,48.0,WR,8.6,69.0,59.0,WR,13,16,R9+,R9+,0,0.0,none,none,0,0.0,0,0.0,True,0,0.0,0,0.0,0,0.0
2017,Coby Fleener,TE,152.3,00-0029697,63.5,11,30.0,TE,5.7727272727272725,34.0,32.0,TE,13,16,R9+,R9+,0,0.0,25-36,25-36,0,0.0,1,1.0,True,0,0.0,0,0.0,0,0.0
2017,Sterling Shepard,WR,152.3,00-0032385,144.5,11,84.0,WR,13.136363636363637,42.0,22.0,WR,13,16,R9+,R9+,0,0.0,none,13-24,0,1.0,0,1.0,True,1,1.0,1,1.0,1,1.0
2017,O.J. Howard,TE,152.7,00-0033879,101.2,13,39.0,TE,7.7846153846153845,21.0,18.0,TE,13,16,R9+,R9+,0,0.0,13-24,13-24,1,1.0,1,1.0,True,0,0.0,0,0.0,0,0.0
2017,Latavius Murray,RB,154.4,00-0030513,157.5,16,17.0,RB,9.84375,25.0,32.0,RB,13,16,R9+,R9+,0,0.0,25-36,25-36,0,0.0,1,1.0,True,1,1.0,1,1.0,1,1.0
2017,DeAndre Washington,RB,155.2,00-0032940,85.0,15,45.0,RB,5.666666666666667,59.0,72.0,RB,13,16,R9+,R9+,0,0.0,none,none,0,0.0,0,0.0,True,0,0.0,0,0.0,0,0.0
2017,Dion Lewis,RB,155.9,00-0028087,203.0,16,35.0,RB,12.6875,13.0,17.0,RB,13,16,R9+,R9+,0,0.0,13-24,13-24,1,1.0,1,1.0,True,1,1.0,1,1.0,1,1.0
2017,Jay Cutler,QB,155.9,00-0024226,157.84,14,0.0,QB,11.274285714285714,27.0,36.0,QB,13,16,R9+,R9+,0,0.0,25-36,25-36,0,0.0,1,1.0,True,1,1.0,1,1.0,1,1.0
2017,Tyler Lockett,WR,156.1,00-0032211,124.3,16,71.0,WR,7.76875,56.0,68.0,WR,14,16,R9+,R9+,0,0.0,none,none,0,0.0,0,0.0,True,1,0.0,0,0.0,1,0.0
2017,Jonathan Williams,RB,156.1,00-0032975,0.0,0,,RB,,,,,14,16,R9+,R9+,0,,none,none,0,,0,,False,0,,0,,0,
2017,D'Onta Foreman,RB,157.0,00-0033925,57.0,9,8.0,RB,6.333333333333333,75.0,64.0,RB,14,16,R9+,R9+,0,0.0,none,none,0,0.0,0,0.0,True,0,0.0,0,0.0,0,0.0
2017,Giovani Bernard,RB,159.6,00-0030456,151.7,16,60.0,RB,9.48125,29.0,39.0,RB,14,16,R9+,R9+,0,0.0,25-36,none,0,0.0,1,0.0,True,1,1.0,1,1.0,1,1.0
2017,Charcandrick West,RB,160.7,00-0030668,73.2,12,34.0,RB,6.1000000000000005,67.0,68.0,RB,14,17,R9+,R9+,0,0.0,none,none,0,0.0,0,0.0,True,0,0.0,0,0.0,0,0.0
2017,Tyrod Taylor,QB,162.4,00-0028118,222.66,15,0.0,QB,14.844,16.0,19.0,QB,14,17,R9+,R9+,0,0.0,13-24,13-24,1,1.0,1,1.0,True,1,1.0,1,1.0,1,1.0
2017,Mohamed Sanu,WR,162.9,00-0029632,174.34,15,96.0,WR,11.622666666666667,29.0,31.0,WR,14,17,R9+,R9+,0,0.0,25-36,25-36,0,0.0,1,1.0,True,1,1.0,1,1.0,1,1.0
2018,Todd Gurley,RB,1.5,00-0032241,372.1,14,81.0,RB,26.57857142857143,3.0,1.0,RB,1,1,R1-2,R1-2,1,1.0,1-12,1-12,1,1.0,1,1.0,True,1,1.0,1,1.0,1,1.0
2018,David Johnson,RB,2.8,00-0032187,246.6,16,76.0,RB,15.4125,9.0,11.0,RB,1,1,R1-2,R1-2,1,1.0,1-12,1-12,1,1.0,1,1.0,True,0,0.0,0,0.0,0,0.0
2018,LeVeon Bell,RB,3.0,00-0030496,0.0,0,,RB,,,,,1,1,R1-2,R1-2,0,,none,none,0,,0,,False,0,,0,,0,
2018,Antonio Brown,WR,4.7,00-0027793,323.7,15,168.0,WR,21.58,5.0,2.0,WR,1,1,R1-2,R1-2,1,1.0,1-12,1-12,1,1.0,1,1.0,True,1,1.0,1,1.0,1,1.0
2018,Ezekiel Elliott,RB,5.3,00-0033045,329.1,15,95.0,RB,21.94,5.0,6.0,RB,1,1,R1-2,R1-2,1,1.0,1-12,1-12,1,1.0,1,1.0,True,1,1.0,1,1.0,1,1.0
2018,Alvin Kamara,RB,6.1,00-0033906,354.2,15,105.0,RB,23.613333333333333,4.0,4.0,RB,1,1,R1-2,R1-2,1,1.0,1-12,1-12,1,1.0,1,1.0,True,1,1.0,1,1.0,1,1.0
2018,Saquon Barkley,RB,6.5,00-0034844,385.8,16,121.0,RB,24.1125,1.0,2.0,RB,1,1,R1-2,R1-2,1,1.0,1-12,1-12,1,1.0,1,1.0,True,1,1.0,1,1.0,1,1.0
2018,DeAndre Hopkins,WR,8.8,00-0030564,333.5,16,163.0,WR,20.84375,2.0,4.0,WR,1,1,R1-2,R1-2,1,1.0,1-12,1-12,1,1.0,1,1.0,True,1,1.0,1,0.0,1,1.0
2018,Melvin Gordon III,RB,9.1,00-0032144,275.5,12,66.0,RB,22.958333333333332,8.0,5.0,RB,1,1,R1-2,R1-2,1,1.0,1-12,1-12,1,1.0,1,1.0,True,1,1.0,0,1.0,1,1.0
2018,Leonard Fournette,RB,9.4,00-0033856,120.4,8,26.0,RB,15.05,40.0,12.0,RB,1,1,R1-2,R1-2,0,1.0,none,1-12,0,1.0,0,1.0,True,0,0.0,0,0.0,0,0.0
2018,Odell Beckham Jr.,WR,11.2,00-0031235,232.34,12,124.0,WR,19.361666666666668,15.0,7.0,WR,1,2,R1-2,R1-2,0,1.0,13-24,1-12,1,1.0,1,1.0,True,0,0.0,0,0.0,0,0.0
2018,Kareem Hunt,RB,11.4,00-0033923,230.2,11,35.0,RB,20.927272727272726,12.0,8.0,RB,1,2,R1-2,R1-2,1,1.0,1-12,1-12,1,1.0,1,1.0,True,0,1.0,0,1.0,0,1.0
2018,Christian McCaffrey,RB,12.7,00-0033280,385.5,16,124.0,RB,24.09375,2.0,3.0,RB,2,2,R1-2,R1-2,1,1.0,1-12,1-12,1,1.0,1,1.0,True,1,1.0,1,1.0,1,1.0
2018,Julio Jones,WR,14.2,00-0027944,325.9,16,170.0,WR,20.36875,4.0,5.0,WR,2,2,R1-2,R1-2,1,1.0,1-12,1-12,1,1.0,1,1.0,True,1,0.0,1,0.0,1,0.0
2018,Dalvin Cook,RB,15.6,00-0033893,152.0,11,49.0,RB,13.818181818181818,30.0,19.0,RB,2,2,R1-2,R1-2,0,0.0,25-36,13-24,0,1.0,1,1.0,True,0,0.0,0,0.0,0,0.0
2018,Michael Thomas,WR,16.0,00-0032765,315.5,16,147.0,WR,19.71875,6.0,6.0,WR,2,2,R1-2,R1-2,1,1.0,1-12,1-12,1,1.0,1,1.0,True,1,0.0,1,0.0,1,0.0
2018,Keenan Allen,WR,17.2,00-0030279,260.1,15,136.0,WR,17.34,12.0,12.0,WR,2,2,R1-2,R1-2,1,1.0,1-12,1-12,1,1.0,1,1.0,True,0,0.0,0,0.0,0,0.0
2018,Davante Adams,WR,18.2,00-0031381,329.6,15,169.0,WR,21.973333333333336,3.0,1.0,WR,2,2,R1-2,R1-2,1,1.0,1-12,1-12,1,1.0,1,1.0,True,1,1.0,1,1.0,1,1.0
2018,Devonta Freeman,RB,19.1,00-0031285,14.1,2,7.0,RB,7.05,100.0,,RB,2,2,R1-2,R1-2,0,,none,none,0,,0,,False,0,,0,,0,
2018,Jordan Howard,RB,20.0,00-0032780,180.0,16,27.0,RB,11.25,20.0,31.0,RB,2,2,R1-2,R1-2,0,0.0,13-24,25-36,1,0.0,1,1.0,True,0,0.0,0,0.0,0,0.0
2018,Rob Gronkowski,TE,21.0,00-0027656,131.2,13,72.0,TE,10.092307692307692,11.0,9.0,TE,2,3,R1-2,R3-4,1,1.0,1-12,1-12,1,1.0,1,1.0,True,0,0.0,0,0.0,0,0.0
2018,A.J. Green,WR,21.3,00-0027942,149.4,9,77.0,WR,16.6,44.0,16.0,WR,2,3,R1-2,R3-4,0,0.0,none,13-24,0,1.0,0,1.0,True,0,0.0,0,1.0,0,0.0
2018,Joe Mixon,RB,23.3,00-0033897,243.4,14,55.0,RB,17.385714285714286,10.0,9.0,RB,2,3,R1-2,R3-4,1,1.0,1-12,1-12,1,1.0,1,1.0,True,0,0.0,1,1.0,0,0.0
2018,Tyreek Hill,WR,23.7,00-0033040,334.0,16,137.0,WR,20.875,1.0,3.0,WR,2,3,R1-2,R3-4,1,1.0,1-12,1-12,1,1.0,1,1.0,True,1,1.0,1,1.0,1,1.0
2018,Mike Evans,WR,25.5,00-0031408,284.4,16,138.0,WR,17.775,9.0,10.0,WR,3,3,R3-4,R3-4,1,1.0,1-12,1-12,1,1.0,1,1.0,True,1,1.0,1,1.0,1,1.0
2018,Stefon Diggs,WR,26.0,00-0031588,266.3,15,149.0,WR,17.753333333333334,10.0,11.0,WR,3,3,R3-4,R3-4,1,1.0,1-12,1-12,1,1.0,1,1.0,True,1,1.0,1,1.0,1,1.0
2018,T.Y. Hilton,WR,27.4,00-0029608,239.0,14,120.0,WR,17.071428571428573,14.0,14.0,WR,3,3,R3-4,R3-4,0,0.0,13-24,13-24,1,1.0,1,1.0,True,1,1.0,1,1.0,1,1.0
2018,Travis Kelce,TE,28.5,00-0030506,294.59999999999997,16,150.0,TE,18.412499999999998,1.0,1.0,TE,3,3,R3-4,R3-4,1,1.0,1-12,1-12,1,1.0,1,1.0,True,1,1.0,1,1.0,1,1.0
2018,Royce Freeman,RB,29.0,00-0034838,101.3,14,20.0,RB,7.235714285714286,47.0,62.0,RB,3,3,R3-4,R3-4,0,0.0,none,none,0,0.0,0,0.0,True,0,0.0,0,0.0,0,0.0
2018,LeSean McCoy,RB,29.9,00-0027029,127.2,14,46.0,RB,9.085714285714285,39.0,45.0,RB,3,3,R3-4,R3-4,0,0.0,none,none,0,0.0,0,0.0,True,0,0.0,0,0.0,0,0.0
2018,Aaron Rodgers,QB,31.4,00-0023459,312.58,16,0.0,QB,19.53625,6.0,9.0,QB,3,4,R3-4,R3-4,1,1.0,1-12,1-12,1,1.0,1,1.0,True,1,1.0,1,1.0,1,1.0
2018,Amari Cooper,WR,31.4,00-0031544,215.5,15,107.0,WR,14.366666666666667,19.0,22.0,WR,3,4,R3-4,R3-4,0,0.0,13-24,13-24,1,1.0,1,1.0,True,1,1.0,1,0.0,1,1.0
2018,Alex Collins,RB,31.5,00-0032426,108.6,10,21.0,RB,10.86,45.0,32.0,RB,3,4,R3-4,R3-4,0,0.0,none,25-36,0,0.0,0,1.0,True,0,0.0,0,0.0,0,0.0
2018,Kenyan Drake,RB,32.8,00-0033118,206.20000000000002,16,73.0,RB,12.887500000000001,14.0,21.0,RB,3,4,R3-4,R3-4,0,0.0,13-24,13-24,1,1.0,1,1.0,True,1,1.0,0,0.0,1,1.0
2018,Adam Thielen,WR,33.5,00-0030035,307.3,16,153.0,WR,19.20625,7.0,8.0,WR,3,4,R3-4,R3-4,1,1.0,1-12,1-12,1,1.0,1,1.0,True,1,1.0,1,1.0,1,1.0
2018,Jerick McKinnon,RB,34.3,00-0031376,0.0,0,,RB,,,,,3,4,R3-4,R3-4,0,,none,none,0,,0,,False,0,,0,,0,
2018,Larry Fitzgerald,WR,34.9,00-0022921,185.68,16,112.0,WR,11.605,25.0,35.0,WR,3,4,R3-4,R3-4,0,0.0,25-36,25-36,0,0.0,1,1.0,True,0,0.0,0,0.0,0,0.0
2018,Doug Baldwin,WR,37.6,00-0028434,141.79999999999998,13,73.0,WR,10.907692307692306,46.0,45.0,WR,4,4,R3-4,R3-4,0,0.0,none,none,0,0.0,0,0.0,True,0,0.0,0,0.0,0,0.0
2018,Lamar Miller,RB,38.0,00-0029615,172.6,14,35.0,RB,12.328571428571427,23.0,24.0,RB,4,4,R3-4,R3-4,0,0.0,13-24,13-24,1,1.0,1,1.0,True,0,0.0,0,0.0,0,0.0
2018,Zach Ertz,TE,39.1,00-0030061,280.3,16,156.0,TE,17.51875,2.0,2.0,TE,4,4,R3-4,R3-4,1,1.0,1-12,1-12,1,1.0,1,1.0,True,1,1.0,1,1.0,1,1.0
2018,Jarvis Landry,WR,39.4,00-0031382,217.12,16,149.0,WR,13.57,18.0,27.0,WR,4,4,R3-4,R3-4,0,0.0,13-24,25-36,1,0.0,1,1.0,True,1,1.0,1,0.0,1,1.0
2018,JuJu Smith-Schuster,WR,41.2,00-0033857,296.9,16,166.0,WR,18.55625,8.0,9.0,WR,4,5,R3-4,R5-6,1,1.0,1-12,1-12,1,1.0,1,1.0,True,1,1.0,1,1.0,1,1.0
2018,Chris Hogan,WR,42.1,00-0028237,106.2,15,55.0,WR,7.08,70.0,89.0,WR,4,5,R3-4,R5-6,0,0.0,none,none,0,0.0,0,0.0,True,0,0.0,0,0.0,0,0.0
2018,Derrick Henry,RB,42.1,00-0032764,201.35999999999999,16,18.0,RB,12.584999999999999,16.0,22.0,RB,4,5,R3-4,R5-6,0,0.0,13-24,13-24,1,1.0,1,1.0,True,1,1.0,1,1.0,1,1.0
2018,Josh Gordon,WR,44.1,00-0029664,138.7,12,71.0,WR,11.558333333333332,48.0,37.0,WR,4,5,R3-4,R5-6,0,0.0,none,none,0,0.0,0,0.0,True,0,0.0,0,0.0,0,0.0
2018,Mark Ingram II,RB,45.9,00-0027966,142.5,12,27.0,RB,11.875,32.0,28.0,RB,4,5,R3-4,R5-6,0,0.0,25-36,25-36,0,0.0,1,1.0,True,0,0.0,0,1.0,0,0.0
2018,Deshaun Watson,QB,46.5,00-0033537,331.7,16,0.0,QB,20.73125,4.0,4.0,QB,4,5,R3-4,R5-6,1,1.0,1-12,1-12,1,1.0,1,1.0,True,1,1.0,1,1.0,1,1.0
2018,Jay Ajayi,RB,46.6,00-0031590,43.4,4,6.0,RB,10.85,83.0,33.0,RB,4,5,R3-4,R5-6,0,0.0,none,25-36,0,0.0,0,1.0,True,0,0.0,0,0.0,0,0.0
2018,Golden Tate,WR,46.7,00-0027891,182.9,15,113.0,WR,12.193333333333333,29.0,32.0,WR,4,5,R3-4,R5-6,0,0.0,25-36,25-36,0,0.0,1,1.0,True,0,0.0,1,1.0,0,0.0
2018,Demaryius Thomas,WR,47.0,00-0027874,156.7,15,89.0,WR,10.446666666666665,37.0,49.0,WR,4,5,R3-4,R5-6,0,0.0,none,none,0,0.0,0,0.0,True,0,0.0,1,0.0,0,0.0
2018,Marquise Goodwin,WR,48.9,00-0030068,87.4,11,44.0,WR,7.945454545454546,82.0,78.0,WR,5,5,R5-6,R5-6,0,0.0,none,none,0,0.0,0,0.0,True,0,0.0,0,0.0,0,0.0
2018,Jimmy Graham,TE,49.3,00-0027696,130.6,16,89.0,TE,8.1625,12.0,19.0,TE,5,5,R5-6,R5-6,1,0.0,1-12,13-24,1,1.0,1,1.0,True,0,0.0,0,0.0,0,0.0
2018,Tom Brady,QB,50.3,00-0019596,281.3,16,1.0,QB,17.58125,14.0,18.0,QB,5,6,R5-6,R5-6,0,0.0,13-24,13-24,1,1.0,1,1.0,True,1,1.0,1,1.0,1,1.0
2018,Brandin Cooks,WR,52.5,00-0031236,243.2,15,117.0,WR,16.21333333333333,13.0,19.0,WR,5,6,R5-6,R5-6,0,0.0,13-24,13-24,1,1.0,1,1.0,True,1,1.0,1,1.0,1,1.0
2018,Marshawn Lynch,RB,52.6,00-0025399,79.0,6,20.0,RB,13.166666666666666,64.0,20.0,RB,5,6,R5-6,R5-6,0,0.0,none,13-24,0,1.0,0,1.0,True,0,1.0,0,1.0,0,1.0
2018,Carlos Hyde,RB,53.9,00-0031045,98.4,14,16.0,RB,7.028571428571429,50.0,65.0,RB,5,6,R5-6,R5-6,0,0.0,none,none,0,0.0,0,0.0,True,0,0.0,0,0.0,0,0.0
2018,Allen Robinson II,WR,55.2,00-0031428,153.3,13,94.0,WR,11.792307692307693,40.0,34.0,WR,5,6,R5-6,R5-6,0,0.0,none,25-36,0,0.0,0,1.0,True,1,1.0,1,1.0,1,1.0
2018,Dion Lewis,RB,55.5,00-0028087,160.7,16,67.0,RB,10.04375,28.0,39.0,RB,5,6,R5-6,R5-6,0,0.0,25-36,none,0,0.0,1,0.0,True,1,0.0,1,0.0,1,0.0
2018,Greg Olsen,TE,57.5,00-0025418,80.10000000000001,9,38.0,TE,8.9,25.0,16.0,TE,5,6,R5-6,R5-6,0,0.0,25-36,13-24,0,1.0,1,1.0,True,0,0.0,0,0.0,0,0.0
2018,Emmanuel Sanders,WR,57.6,00-0027685,198.22,12,98.0,WR,16.518333333333334,23.0,18.0,WR,5,6,R5-6,R5-6,0,0.0,13-24,13-24,1,1.0,1,1.0,True,1,1.0,1,1.0,1,1.0
2018,Jamaal Williams,RB,59.7,00-0033948,114.4,16,41.0,RB,7.15,44.0,64.0,RB,5,6,R5-6,R5-6,0,0.0,none,none,0,0.0,0,0.0,True,0,0.0,0,0.0,0,0.0
2018,Russell Wilson,QB,61.0,00-0029263,299.42,16,1.0,QB,18.71375,9.0,12.0,QB,6,7,R5-6,R7-8,1,1.0,1-12,1-12,1,1.0,1,1.0,True,1,1.0,1,1.0,1,1.0
2018,Corey Davis,WR,61.1,00-0033871,183.6,16,112.0,WR,11.475,28.0,39.0,WR,6,7,R5-6,R7-8,0,0.0,25-36,none,0,0.0,1,0.0,True,1,0.0,1,0.0,1,0.0
2018,Marvin Jones Jr.,WR,62.3,00-0029293,115.8,9,62.0,WR,12.866666666666667,63.0,29.0,WR,6,7,R5-6,R7-8,0,0.0,none,25-36,0,0.0,0,1.0,True,0,1.0,0,1.0,0,1.0
2018,Kerryon Johnson,RB,62.5,00-0034349,139.4,10,39.0,RB,13.940000000000001,34.0,18.0,RB,6,7,R5-6,R7-8,0,0.0,25-36,13-24,0,1.0,1,1.0,True,0,1.0,0,1.0,0,1.0
2018,Rex Burkhead,RB,64.0,00-0030288,49.7,8,20.0,RB,6.2125,79.0,70.0,RB,6,7,R5-6,R7-8,0,0.0,none,none,0,0.0,0,0.0,True,0,0.0,0,0.0,0,0.0
2018,Trey Burton,TE,64.6,00-0030710,147.1,16,76.0,TE,9.19375,8.0,15.0,TE,6,7,R5-6,R7-8,1,0.0,1-12,13-24,1,1.0,1,1.0,True,0,0.0,1,0.0,0,0.0
2018,Julian Edelman,WR,65.5,00-0027150,207.42000000000002,12,108.0,WR,17.285,20.0,13.0,WR,6,7,R5-6,R7-8,0,0.0,13-24,13-24,1,1.0,1,1.0,True,1,1.0,1,1.0,1,1.0
2018,Chris Carson,RB,66.7,00-0033594,201.4,14,24.0,RB,14.385714285714286,15.0,16.0,RB,6,7,R5-6,R7-8,0,0.0,13-24,13-24,1,1.0,1,1.0,True,1,1.0,1,1.0,1,1.0
2018,Drew Brees,QB,66.9,00-0020531,304.98,15,1.0,QB,20.332,8.0,7.0,QB,6,7,R5-6,R7-8,1,1.0,1-12,1-12,1,1.0,1,1.0,True,1,1.0,1,1.0,1,1.0
2018,Peyton Barber,RB,69.0,00-0032741,150.3,16,29.0,RB,9.39375,31.0,42.0,RB,6,7,R5-6,R7-8,0,0.0,25-36,none,0,0.0,1,0.0,True,1,0.0,1,0.0,1,0.0
2018,Michael Crabtree,WR,70.4,00-0026986,132.7,16,100.0,WR,8.29375,55.0,75.0,WR,6,8,R5-6,R7-8,0,0.0,none,none,0,0.0,0,0.0,True,0,0.0,0,0.0,0,0.0
2018,Evan Engram,TE,70.5,00-0033881,126.3,11,64.0,TE,11.481818181818182,13.0,7.0,TE,6,8,R5-6,R7-8,0,1.0,13-24,1-12,1,1.0,1,1.0,True,0,0.0,0,0.0,0,0.0
2018,Cam Newton,QB,71.0,00-0027939,282.6,14,0.0,QB,20.185714285714287,13.0,8.0,QB,6,8,R5-6,R7-8,0,1.0,13-24,1-12,1,1.0,1,1.0,True,1,1.0,1,1.0,1,1.0
2018,Will Fuller,WR,73.0,00-0033127,106.3,7,45.0,WR,15.185714285714285,69.0,21.0,WR,7,8,R7-8,R7-8,0,0.0,none,13-24,0,1.0,0,1.0,True,0,1.0,0,1.0,0,1.0
2018,Chris Thompson,RB,74.1,00-0030404,91.6,10,55.0,RB,9.16,55.0,43.0,RB,7,8,R7-8,R7-8,0,0.0,none,none,0,0.0,0,0.0,True,0,0.0,0,0.0,0,0.0
2018,Kyle Rudolph,TE,76.1,00-0027981,151.4,16,82.0,TE,9.4625,7.0,13.0,TE,7,8,R7-8,R7-8,1,0.0,1-12,13-24,1,1.0,1,1.0,True,1,0.0,1,0.0,1,0.0
2018,Tevin Coleman,RB,76.5,00-0032058,193.6,16,44.0,RB,12.1,18.0,26.0,RB,7,8,R7-8,R7-8,0,0.0,13-24,25-36,1,0.0,1,1.0,True,1,1.0,1,1.0,1,1.0
2018,Delanie Walker,TE,77.6,00-0024389,9.2,1,7.0,TE,9.2,97.0,,TE,7,8,R7-8,R7-8,0,,none,none,0,,0,,False,0,,0,,0,
2018,Cooper Kupp,WR,77.8,00-0033908,135.1,8,55.0,WR,16.8875,51.0,15.0,WR,7,8,R7-8,R7-8,0,0.0,none,13-24,0,1.0,0,1.0,True,0,1.0,0,1.0,0,1.0
2018,Jamison Crowder,WR,79.5,00-0031941,82.8,9,49.0,WR,9.2,86.0,60.0,WR,7,8,R7-8,R7-8,0,0.0,none,none,0,0.0,0,0.0,True,0,0.0,0,0.0,0,0.0
2018,Adrian Peterson,RB,81.1,00-0025394,189.0,16,26.0,RB,11.8125,19.0,29.0,RB,7,9,R7-8,R9+,0,0.0,13-24,25-36,1,0.0,1,1.0,True,1,1.0,1,1.0,1,1.0
2018,Kirk Cousins,QB,81.7,00-0029604,283.12,16,1.0,QB,17.695,12.0,16.0,QB,7,9,R7-8,R9+,1,0.0,1-12,13-24,1,1.0,1,1.0,True,1,1.0,1,1.0,1,1.0
2018,Alshon Jeffery,WR,82.8,00-0029137,185.3,13,92.0,WR,14.253846153846155,26.0,23.0,WR,7,9,R7-8,R9+,0,0.0,25-36,13-24,0,1.0,1,1.0,True,1,1.0,1,1.0,1,1.0
2018,Sony Michel,RB,83.5,00-0034845,139.1,13,11.0,RB,10.7,35.0,36.0,RB,7,9,R7-8,R9+,0,0.0,25-36,25-36,0,0.0,1,1.0,True,0,0.0,0,1.0,0,0.0
2018,Carson Wentz,QB,84.5,00-0032950,193.66,11,1.0,QB,17.605454545454545,23.0,17.0,QB,8,9,R7-8,R9+,0,0.0,13-24,13-24,1,1.0,1,1.0,True,1,1.0,1,1.0,1,1.0
2018,Robbie Chosen,WR,84.8,00-0032688,156.4,14,94.0,WR,11.171428571428573,39.0,44.0,WR,8,9,R7-8,R9+,0,0.0,none,none,0,0.0,0,0.0,True,1,1.0,1,1.0,1,1.0
2018,Tarik Cohen,RB,85.2,00-0033556,233.94,16,91.0,RB,14.62125,11.0,15.0,RB,8,9,R7-8,R9+,1,0.0,1-12,13-24,1,1.0,1,1.0,True,1,1.0,1,1.0,1,1.0
2018,Rashaad Penny,RB,87.1,00-0034750,70.4,13,12.0,RB,5.415384615384616,68.0,78.0,RB,8,9,R7-8,R9+,0,0.0,none,none,0,0.0,0,0.0,True,0,0.0,0,0.0,0,0.0
2018,Devin Funchess,WR,87.4,00-0032055,122.9,14,79.0,WR,8.778571428571428,59.0,67.0,WR,8,9,R7-8,R9+,0,0.0,none,none,0,0.0,0,0.0,True,0,0.0,0,0.0,0,0.0
2018,Andrew Luck,QB,87.6,00-0029668,327.92,16,2.0,QB,20.495,5.0,6.0,QB,8,9,R7-8,R9+,1,1.0,1-12,1-12,1,1.0,1,1.0,True,1,1.0,1,1.0,1,1.0
2018,Jordan Reed,TE,88.3,00-0030472,119.8,13,84.0,TE,9.215384615384615,15.0,14.0,TE,8,9,R7-8,R9+,0,0.0,13-24,13-24,1,1.0,1,1.0,True,0,0.0,0,0.0,0,0.0
2018,Isaiah Crowell,RB,89.6,00-0030656,140.70000000000002,13,28.0,RB,10.823076923076924,33.0,34.0,RB,8,9,R7-8,R9+,0,0.0,25-36,25-36,0,0.0,1,1.0,True,1,0.0,1,1.0,1,0.0
2018,Randall Cobb,WR,90.9,00-0028002,86.3,9,61.0,WR,9.588888888888889,84.0,55.0,WR,8,10,R7-8,R9+,0,0.0,none,none,0,0.0,0,0.0,True,0,0.0,0,0.0,0,0.0
2018,Nelson Agholor,WR,92.8,00-0031549,165.4,16,97.0,WR,10.3375,34.0,51.0,WR,8,10,R7-8,R9+,0,0.0,25-36,none,0,0.0,1,0.0,True,1,0.0,1,0.0,1,0.0
2018,Duke Johnson,RB,93.5,00-0032257,132.0,16,62.0,RB,8.25,37.0,49.0,RB,8,10,R7-8,R9+,0,0.0,none,none,0,0.0,0,0.0,True,0,0.0,0,0.0,0,0.0
2018,Sammy Watkins,WR,93.8,00-0031325,115.10000000000001,10,55.0,WR,11.510000000000002,64.0,38.0,WR,8,10,R7-8,R9+,0,0.0,none,none,0,0.0,0,0.0,True,0,1.0,0,1.0,0,1.0
2018,Marlon Mack,RB,94.3,00-0033951,178.1,12,26.0,RB,14.841666666666667,21.0,14.0,RB,8,10,R7-8,R9+,0,0.0,13-24,13-24,1,1.0,1,1.0,True,1,1.0,1,1.0,1,1.0
2018,Jimmy Garoppolo,QB,96.7,00-0031345,48.019999999999996,3,0.0,QB,16.006666666666664,40.0,,QB,9,10,R9+,R9+,0,,none,none,0,,0,,False,0,,0,,0,
2018,Aaron Jones Sr.,RB,97.7,00-0033293,171.4,12,35.0,RB,14.283333333333333,24.0,17.0,RB,9,10,R9+,R9+,0,0.0,13-24,13-24,1,1.0,1,1.0,True,1,1.0,1,1.0,1,1.0
2018,Jordy Nelson,WR,98.2,00-0026176,156.7,15,88.0,WR,10.446666666666665,37.0,49.0,WR,9,10,R9+,R9+,0,0.0,none,none,0,0.0,0,0.0,True,1,1.0,1,0.0,1,1.0
2018,David Njoku,TE,98.4,00-0033885,143.9,15,88.0,TE,9.593333333333334,9.0,12.0,TE,9,10,R9+,R9+,1,1.0,1-12,1-12,1,1.0,1,1.0,True,1,0.0,1,0.0,1,0.0
2018,James White,RB,99.5,00-0031062,276.6,16,123.0,RB,17.2875,7.0,10.0,RB,9,10,R9+,R9+,1,1.0,1-12,1-12,1,1.0,1,1.0,True,1,1.0,1,1.0,1,1.0
2018,Matthew Stafford,QB,100.3,00-0026498,212.18,16,0.0,QB,13.26125,20.0,31.0,QB,9,11,R9+,R9+,0,0.0,13-24,25-36,1,0.0,1,1.0,True,1,1.0,1,1.0,1,1.0
2018,Mike Williams,WR,102.7,00-0033536,180.2,16,66.0,WR,11.2625,33.0,43.0,WR,9,11,R9+,R9+,0,0.0,25-36,none,0,0.0,1,0.0,True,1,1.0,1,1.0,1,1.0
2018,Robert Woods,WR,103.7,00-0030431,265.6,16,130.0,WR,16.6,11.0,16.0,WR,9,11,R9+,R9+,1,0.0,1-12,13-24,1,1.0,1,1.0,True,1,1.0,1,1.0,1,1.0
2018,Sterling Shepard,WR,106.1,00-0032385,182.5,16,107.0,WR,11.40625,30.0,40.0,WR,9,11,R9+,R9+,0,0.0,25-36,none,0,0.0,1,0.0,True,1,1.0,1,1.0,1,1.0
2018,Philip Rivers,QB,107.3,00-0022942,285.02,16,0.0,QB,17.81375,11.0,14.0,QB,9,11,R9+,R9+,1,0.0,1-12,13-24,1,1.0,1,1.0,True,1,1.0,1,1.0,1,1.0
2018,Matt Ryan,QB,108.1,00-0026143,354.96,16,1.0,QB,22.185,2.0,2.0,QB,10,11,R9+,R9+,1,1.0,1-12,1-12,1,1.0,1,1.0,True,1,1.0,1,1.0,1,1.0
2018,Kenny Stills,WR,108.1,00-0030085,134.42,15,64.0,WR,8.961333333333332,52.0,65.0,WR,10,11,R9+,R9+,0,0.0,none,none,0,0.0,0,0.0,True,0,0.0,0,0.0,0,0.0
2018,Pierre Garcon,WR,108.2,00-0026345,58.599999999999994,8,46.0,WR,7.324999999999999,110.0,82.0,WR,10,11,R9+,R9+,0,0.0,none,none,0,0.0,0,0.0,True,0,0.0,0,0.0,0,0.0
2018,Ronald Jones,RB,111.4,00-0034816,20.7,7,9.0,RB,2.957142857142857,91.0,94.0,RB,10,12,R9+,R9+,0,0.0,none,none,0,0.0,0,0.0,True,0,0.0,0,0.0,0,0.0
2018,Kelvin Benjamin,WR,113.1,00-0031359,69.0,15,67.0,WR,4.6,97.0,127.0,WR,10,12,R9+,R9+,0,0.0,none,none,0,0.0,0,0.0,True,0,0.0,0,0.0,0,0.0
2018,Keelan Cole Sr.,WR,113.9,00-0033681,89.1,14,70.0,WR,6.364285714285714,80.0,98.0,WR,10,12,R9+,R9+,0,0.0,none,none,0,0.0,0,0.0,True,0,0.0,0,0.0,0,0.0
2018,Bilal Powell,RB,114.3,00-0028064,60.3,7,18.0,RB,8.614285714285714,75.0,47.0,RB,10,12,R9+,R9+,0,0.0,none,none,0,0.0,0,0.0,True,0,0.0,0,0.0,0,0.0
2018,Ben Roethlisberger,QB,114.5,00-0022924,341.86,16,1.0,QB,21.36625,3.0,3.0,QB,10,12,R9+,R9+,1,1.0,1-12,1-12,1,1.0,1,1.0,True,1,1.0,1,1.0,1,1.0
2018,Jack Doyle,TE,116.1,00-0030181,60.5,6,33.0,TE,10.083333333333334,35.0,10.0,TE,10,12,R9+,R9+,0,1.0,25-36,1-12,0,1.0,1,1.0,True,0,0.0,0,0.0,0,0.0
2018,Patrick Mahomes,QB,118.1,00-0033873,417.08000000000004,16,0.0,QB,26.067500000000003,1.0,1.0,QB,10,12,R9+,R9+,1,1.0,1-12,1-12,1,1.0,1,1.0,True,1,1.0,1,1.0,1,1.0
2018,Calvin Ridley,WR,119.3,00-0034837,206.8,16,92.0,WR,12.925,22.0,28.0,WR,10,12,R9+,R9+,0,0.0,13-24,25-36,1,0.0,1,1.0,True,1,1.0,1,1.0,1,1.0
2018,Alfred Morris,RB,119.8,00-0029141,68.1,11,13.0,RB,6.1909090909090905,69.0,71.0,RB,10,12,R9+,R9+,0,0.0,none,none,0,0.0,0,0.0,True,0,0.0,0,0.0,0,0.0
2018,Latavius Murray,RB,123.1,00-0030513,131.9,16,26.0,RB,8.24375,38.0,50.0,RB,11,13,R9+,R9+,0,0.0,none,none,0,0.0,0,0.0,True,0,0.0,0,0.0,0,0.0
2018,CJ Anderson,RB,123.3,00-0029854,67.4,9,9.0,RB,7.48888888888889,70.0,58.0,RB,11,13,R9+,R9+,0,0.0,none,none,0,0.0,0,0.0,True,0,0.0,0,0.0,0,0.0
2018,John Brown,WR,123.4,00-0031051,143.9,16,97.0,WR,8.99375,45.0,64.0,WR,11,13,R9+,R9+,0,0.0,none,none,0,0.0,0,0.0,True,1,0.0,1,0.0,1,0.0
2018,Jared Goff,QB,123.9,00-0033106,310.32,16,0.0,QB,19.395,7.0,10.0,QB,11,13,R9+,R9+,1,1.0,1-12,1-12,1,1.0,1,1.0,True,1,1.0,1,1.0,1,1.0
2018,Matt Breida,RB,125.6,00-0033308,162.5,14,31.0,RB,11.607142857142858,26.0,30.0,RB,11,13,R9+,R9+,0,0.0,25-36,25-36,0,0.0,1,1.0,True,1,1.0,1,1.0,1,1.0
2018,Nick Chubb,RB,126.4,00-0034791,194.5,16,29.0,RB,12.15625,17.0,25.0,RB,11,13,R9+,R9+,0,0.0,13-24,25-36,1,0.0,1,1.0,True,1,1.0,1,1.0,1,1.0
2018,Allen Hurns,WR,127.6,00-0030821,61.5,14,35.0,WR,4.392857142857143,103.0,128.0,WR,11,13,R9+,R9+,0,0.0,none,none,0,0.0,0,0.0,True,0,0.0,0,0.0,0,0.0
2018,Corey Clement,RB,128.4,00-0033725,81.10000000000001,11,25.0,RB,7.372727272727274,63.0,60.0,RB,11,13,R9+,R9+,0,0.0,none,none,0,0.0,0,0.0,True,0,0.0,0,0.0,0,0.0
2018,Michael Gallup,WR,129.2,00-0034764,97.7,15,68.0,WR,6.513333333333334,76.0,97.0,WR,11,13,R9+,R9+,0,0.0,none,none,0,0.0,0,0.0,True,0,0.0,0,0.0,0,0.0
2018,Ty Montgomery II,RB,129.2,00-0032200,73.3,13,40.0,WR,5.638461538461538,67.0,75.0,RB,11,13,R9+,R9+,0,0.0,none,none,0,0.0,0,0.0,True,0,0.0,0,0.0,0,0.0
2018,DJ Moore,WR,129.8,00-0034827,159.0,16,82.0,WR,9.9375,36.0,54.0,WR,11,13,R9+,R9+,0,0.0,25-36,none,0,0.0,1,0.0,True,1,0.0,1,0.0,1,0.0
2018,Tyler Lockett,WR,131.1,00-0032211,222.4,16,70.0,WR,13.9,16.0,24.0,WR,11,14,R9+,R9+,0,0.0,13-24,13-24,1,1.0,1,1.0,True,1,1.0,1,1.0,1,1.0
2018,Kenny Golladay,WR,131.9,00-0033932,207.1,15,119.0,WR,13.806666666666667,21.0,26.0,WR,11,14,R9+,R9+,0,0.0,13-24,25-36,1,0.0,1,1.0,True,1,1.0,1,1.0,1,1.0
2018,George Kittle,TE,133.0,00-0033288,258.7,16,136.0,TE,16.16875,3.0,3.0,TE,12,14,R9+,R9+,1,1.0,1-12,1-12,1,1.0,1,1.0,True,1,1.0,1,1.0,1,1.0
2018,Alex Smith,QB,134.5,00-0023436,138.0,10,0.0,QB,13.8,31.0,27.0,QB,12,14,R9+,R9+,0,0.0,25-36,25-36,0,0.0,1,1.0,True,1,1.0,0,1.0,1,1.0
2018,Marcus Mariota,QB,136.0,00-0032268,175.92000000000002,14,1.0,QB,12.565714285714288,24.0,34.0,QB,12,14,R9+,R9+,0,0.0,13-24,25-36,1,0.0,1,1.0,True,1,1.0,1,1.0,1,1.0
2018,Chris Godwin Jr.,WR,138.4,00-0033921,185.2,16,95.0,WR,11.575,27.0,36.0,WR,12,14,R9+,R9+,0,0.0,25-36,25-36,0,0.0,1,1.0,True,1,1.0,1,1.0,1,1.0
2018,Giovani Bernard,RB,140.9,00-0030456,95.9,12,48.0,RB,7.991666666666667,53.0,53.0,RB,12,15,R9+,R9+,0,0.0,none,none,0,0.0,0,0.0,True,0,0.0,0,0.0,0,0.0
2018,Derek Carr,QB,141.1,00-0031280,216.76,16,1.0,QB,13.5475,18.0,28.0,QB,12,15,R9+,R9+,0,0.0,13-24,25-36,1,0.0,1,1.0,True,1,1.0,1,1.0,1,1.0
2018,Anthony Miller,WR,141.5,00-0034353,120.22,15,54.0,WR,8.014666666666667,60.0,77.0,WR,12,15,R9+,R9+,0,0.0,none,none,0,0.0,0,0.0,True,0,0.0,0,0.0,0,0.0
2018,Geronimo Allison,WR,142.2,00-0032626,62.3,5,30.0,WR,12.459999999999999,101.0,31.0,WR,12,15,R9+,R9+,0,0.0,none,25-36,0,0.0,0,1.0,True,0,1.0,0,1.0,0,1.0
2018,Jordan Wilkins,RB,143.1,00-0034400,60.1,13,17.0,RB,4.6230769230769235,76.0,81.0,RB,12,15,R9+,R9+,0,0.0,none,none,0,0.0,0,0.0,True,0,0.0,0,0.0,0,0.0
2018,Cameron Meredith,WR,145.0,00-0031912,24.4,3,10.0,WR,8.133333333333333,148.0,,WR,13,15,R9+,R9+,0,,none,none,0,,0,,False,0,,0,,0,
2018,Tyler Eifert,TE,147.0,00-0030549,38.900000000000006,4,19.0,TE,9.725000000000001,54.0,11.0,TE,13,15,R9+,R9+,0,1.0,none,1-12,0,1.0,0,1.0,True,0,0.0,0,0.0,0,0.0
2018,O.J. Howard,TE,151.3,00-0033879,120.5,10,48.0,TE,12.05,14.0,6.0,TE,13,16,R9+,R9+,0,1.0,13-24,1-12,1,1.0,1,1.0,True,0,1.0,0,1.0,0,1.0
2018,Jameis Winston,QB,151.7,00-0031503,195.78,11,0.0,QB,17.798181818181817,22.0,15.0,QB,13,16,R9+,R9+,0,0.0,13-24,13-24,1,1.0,1,1.0,True,1,1.0,1,1.0,1,1.0
2018,John Ross,WR,152.0,00-0033460,84.89999999999999,13,58.0,WR,6.53076923076923,85.0,96.0,WR,13,16,R9+,R9+,0,0.0,none,none,0,0.0,0,0.0,True,0,0.0,0,0.0,0,0.0
2018,Dede Westbrook,WR,152.7,00-0033839,181.5,16,101.0,WR,11.34375,32.0,42.0,WR,13,16,R9+,R9+,0,0.0,25-36,none,0,0.0,1,0.0,True,1,1.0,1,1.0,1,1.0
2018,Austin Hooper,TE,152.9,00-0032392,163.0,16,88.0,TE,10.1875,6.0,8.0,TE,13,16,R9+,R9+,1,1.0,1-12,1-12,1,1.0,1,1.0,True,1,0.0,1,0.0,1,0.0
2018,LeGarrette Blount,RB,153.9,00-0027325,86.5,16,15.0,RB,5.40625,59.0,79.0,RB,13,16,R9+,R9+,0,0.0,none,none,0,0.0,0,0.0,True,0,0.0,0,0.0,0,0.0
2018,Ricky Seals-Jones,TE,154.1,00-0033611,74.3,15,69.0,TE,4.953333333333333,29.0,39.0,TE,13,16,R9+,R9+,0,0.0,25-36,none,0,0.0,1,0.0,True,0,0.0,0,0.0,0,0.0
2018,DeVante Parker,WR,154.8,00-0031547,60.9,11,47.0,WR,5.536363636363636,104.0,107.0,WR,13,16,R9+,R9+,0,0.0,none,none,0,0.0,0,0.0,True,0,0.0,0,0.0,0,0.0
2018,Devontae Booker,RB,155.6,00-0032972,87.8,16,51.0,RB,5.4875,58.0,77.0,RB,13,16,R9+,R9+,0,0.0,none,none,0,0.0,0,0.0,True,0,0.0,0,0.0,0,0.0
2018,Eric Ebron,TE,156.0,00-0031387,222.2,16,110.0,TE,13.8875,4.0,4.0,TE,13,16,R9+,R9+,1,1.0,1-12,1-12,1,1.0,1,1.0,True,1,1.0,1,1.0,1,1.0
2018,Tyrod Taylor,QB,156.8,00-0028118,41.419999999999995,4,0.0,QB,10.354999999999999,41.0,37.0,QB,14,16,R9+,R9+,0,0.0,none,none,0,0.0,0,0.0,True,0,1.0,0,0.0,0,1.0
2018,James Conner,RB,157.1,00-0033553,280.0,13,71.0,RB,21.53846153846154,6.0,7.0,RB,14,16,R9+,R9+,1,1.0,1-12,1-12,1,1.0,1,1.0,True,1,1.0,1,1.0,1,1.0
2018,Eli Manning,QB,157.2,00-0022803,239.95999999999998,16,0.0,QB,14.997499999999999,17.0,25.0,QB,14,16,R9+,R9+,0,0.0,13-24,25-36,1,0.0,1,1.0,True,1,1.0,1,1.0,1,1.0
2018,Danny Amendola,WR,157.6,00-0026035,127.42,15,79.0,WR,8.494666666666667,57.0,71.0,WR,14,16,R9+,R9+,0,0.0,none,none,0,0.0,0,0.0,True,0,0.0,0,0.0,0,0.0
2018,Dak Prescott,QB,158.6,00-0033077,285.9,16,1.0,QB,17.86875,10.0,13.0,QB,14,16,R9+,R9+,1,0.0,1-12,13-24,1,1.0,1,1.0,True,1,1.0,1,1.0,1,1.0
2018,Doug Martin,RB,158.6,00-0029613,119.89999999999999,16,24.0,RB,7.4937499999999995,41.0,57.0,RB,14,16,R9+,R9+,0,0.0,none,none,0,0.0,0,0.0,True,0,0.0,0,0.0,0,0.0
2018,Theo Riddick,RB,159.6,00-0030107,116.5,14,74.0,RB,8.321428571428571,43.0,48.0,RB,14,16,R9+,R9+,0,0.0,none,none,0,0.0,0,0.0,True,0,0.0,0,0.0,0,0.0
2018,Austin Ekeler,RB,160.8,00-0033699,168.8,14,53.0,RB,12.057142857142859,25.0,27.0,RB,14,17,R9+,R9+,0,0.0,25-36,25-36,0,0.0,1,1.0,True,1,1.0,1,1.0,1,1.0
2018,Josh Doctson,WR,162.3,00-0032760,109.2,15,78.0,WR,7.28,67.0,84.0,WR,14,17,R9+,R9+,0,0.0,none,none,0,0.0,0,0.0,True,0,0.0,0,0.0,0,0.0
2018,Courtland Sutton,WR,163.1,00-0034348,136.3,16,84.0,WR,8.51875,50.0,69.0,WR,14,17,R9+,R9+,0,0.0,none,none,0,0.0,0,0.0,True,0,0.0,0,0.0,0,0.0
2018,Spencer Ware,RB,164.3,00-0030414,79.0,12,23.0,RB,6.583333333333333,64.0,67.0,RB,14,17,R9+,R9+,0,0.0,none,none,0,0.0,0,0.0,True,0,0.0,0,0.0,0,0.0
2018,Mitchell Trubisky,QB,164.3,00-0033869,263.02,14,0.0,QB,18.787142857142857,15.0,11.0,QB,14,17,R9+,R9+,0,1.0,13-24,1-12,1,1.0,1,1.0,True,1,1.0,1,1.0,1,1.0
2018,Case Keenum,QB,165.9,00-0028986,214.9,16,0.0,QB,13.43125,19.0,29.0,QB,14,17,R9+,R9+,0,0.0,13-24,25-36,1,0.0,1,1.0,True,1,1.0,1,1.0,1,1.0
2018,Christian Kirk,WR,166.8,00-0034775,123.5,12,68.0,WR,10.291666666666666,58.0,53.0,WR,14,17,R9+,R9+,0,0.0,none,none,0,0.0,0,0.0,True,0,0.0,0,0.0,0,0.0
2019,Saquon Barkley,RB,1.4,00-0034844,244.1,13,73.0,RB,18.776923076923076,10.0,7.0,RB,1,1,R1-2,R1-2,1,1.0,1-12,1-12,1,1.0,1,1.0,True,1,1.0,0,1.0,1,1.0
2019,Alvin Kamara,RB,2.5,00-0033906,248.52,14,97.0,RB,17.751428571428573,9.0,8.0,RB,1,1,R1-2,R1-2,1,1.0,1-12,1-12,1,1.0,1,1.0,True,1,1.0,1,1.0,1,1.0
2019,Christian McCaffrey,RB,3.2,00-0033280,471.2,16,142.0,RB,29.45,1.0,1.0,RB,1,1,R1-2,R1-2,1,1.0,1-12,1-12,1,1.0,1,1.0,True,1,1.0,1,1.0,1,1.0
2019,Ezekiel Elliott,RB,3.9,00-0033045,311.7,16,71.0,RB,19.48125,3.0,5.0,RB,1,1,R1-2,R1-2,1,1.0,1-12,1-12,1,1.0,1,1.0,True,1,1.0,1,1.0,1,1.0
2019,Davante Adams,WR,6.4,00-0031381,212.70000000000002,12,127.0,WR,17.725,23.0,6.0,WR,1,1,R1-2,R1-2,0,1.0,13-24,1-12,1,1.0,1,1.0,True,0,1.0,0,1.0,0,1.0
2019,DeAndre Hopkins,WR,7.0,00-0030564,268.54,15,150.0,WR,17.90266666666667,5.0,4.0,WR,1,1,R1-2,R1-2,1,1.0,1-12,1-12,1,1.0,1,1.0,True,1,1.0,1,1.0,1,1.0
2019,James Conner,RB,7.1,00-0033553,145.5,10,38.0,RB,14.55,35.0,17.0,RB,1,1,R1-2,R1-2,0,0.0,25-36,13-24,0,1.0,1,1.0,True,0,0.0,0,0.0,0,0.0
2019,David Johnson,RB,7.1,00-0032187,141.5,12,47.0,RB,11.791666666666666,37.0,29.0,RB,1,1,R1-2,R1-2,0,0.0,none,25-36,0,0.0,0,1.0,True,0,0.0,0,0.0,0,0.0
2019,LeVeon Bell,RB,8.8,00-0030496,215.0,15,78.0,RB,14.333333333333334,16.0,18.0,RB,1,1,R1-2,R1-2,0,0.0,13-24,13-24,1,1.0,1,1.0,True,0,0.0,0,0.0,0,0.0
2019,Julio Jones,WR,10.2,00-0027944,274.1,15,157.0,WR,18.273333333333333,3.0,3.0,WR,1,2,R1-2,R1-2,1,1.0,1-12,1-12,1,1.0,1,1.0,True,1,1.0,1,1.0,1,1.0
2019,Michael Thomas,WR,10.4,00-0032765,374.6,16,185.0,WR,23.4125,1.0,1.0,WR,1,2,R1-2,R1-2,1,1.0,1-12,1-12,1,1.0,1,1.0,True,1,1.0,1,1.0,1,1.0
2019,Nick Chubb,RB,11.7,00-0034791,255.2,16,49.0,RB,15.95,8.0,11.0,RB,1,2,R1-2,R1-2,1,1.0,1-12,1-12,1,1.0,1,1.0,True,1,0.0,1,0.0,1,0.0
2019,JuJu Smith-Schuster,WR,12.9,00-0033857,113.2,12,70.0,WR,9.433333333333334,65.0,60.0,WR,2,2,R1-2,R1-2,0,0.0,none,none,0,0.0,0,0.0,True,0,0.0,0,0.0,0,0.0
2019,Tyreek Hill,WR,13.9,00-0033040,188.3,12,89.0,WR,15.691666666666668,32.0,11.0,WR,2,2,R1-2,R1-2,0,1.0,25-36,1-12,0,1.0,1,1.0,True,0,0.0,0,0.0,0,0.0
2019,Dalvin Cook,RB,14.6,00-0033893,292.4,14,63.0,RB,20.885714285714283,6.0,2.0,RB,2,2,R1-2,R1-2,1,1.0,1-12,1-12,1,1.0,1,1.0,True,1,1.0,1,1.0,1,1.0
2019,Odell Beckham Jr.,WR,15.1,00-0031235,203.3,16,133.0,WR,12.70625,25.0,33.0,WR,2,2,R1-2,R1-2,0,0.0,25-36,25-36,0,0.0,1,1.0,True,0,0.0,0,0.0,0,0.0
2019,Todd Gurley,RB,16.0,00-0032241,219.4,15,49.0,RB,14.626666666666667,14.0,16.0,RB,2,2,R1-2,R1-2,0,0.0,13-24,13-24,1,1.0,1,1.0,True,0,0.0,0,0.0,0,0.0
2019,Travis Kelce,TE,17.1,00-0030506,254.3,16,136.0,TE,15.89375,1.0,1.0,TE,2,2,R1-2,R1-2,1,1.0,1-12,1-12,1,1.0,1,1.0,True,1,0.0,1,0.0,1,0.0
2019,Joe Mixon,RB,18.4,00-0033897,225.4,16,45.0,RB,14.0875,13.0,20.0,RB,2,2,R1-2,R1-2,0,0.0,13-24,13-24,1,1.0,1,1.0,True,0,0.0,0,0.0,0,0.0
2019,Patrick Mahomes,QB,19.3,00-0033873,287.04,14,0.0,QB,20.502857142857145,7.0,6.0,QB,2,2,R1-2,R1-2,1,1.0,1-12,1-12,1,1.0,1,1.0,True,1,1.0,1,1.0,1,1.0
2019,Mike Evans,WR,20.2,00-0031408,232.7,13,118.0,WR,17.9,15.0,5.0,WR,2,3,R1-2,R3-4,0,1.0,13-24,1-12,1,1.0,1,1.0,True,0,1.0,1,1.0,0,1.0
2019,Antonio Brown,WR,21.4,00-0027793,16.1,1,8.0,WR,16.1,152.0,,WR,2,3,R1-2,R3-4,0,,none,none,0,,0,,False,0,,0,,0,
2019,Adam Thielen,WR,22.9,00-0030035,114.4,10,48.0,WR,11.440000000000001,64.0,42.0,WR,2,3,R1-2,R3-4,0,0.0,none,none,0,0.0,0,0.0,True,0,0.0,0,0.0,0,0.0
2019,Leonard Fournette,RB,23.2,00-0033856,259.4,15,100.0,RB,17.293333333333333,7.0,9.0,RB,2,3,R1-2,R3-4,1,1.0,1-12,1-12,1,1.0,1,1.0,True,1,1.0,1,1.0,1,1.0
2019,Keenan Allen,WR,25.0,00-0030279,261.5,16,149.0,WR,16.34375,6.0,8.0,WR,3,3,R3-4,R3-4,1,1.0,1-12,1-12,1,1.0,1,1.0,True,1,1.0,1,1.0,1,1.0
2019,Damien Williams,RB,25.5,00-0030874,141.1,11,37.0,RB,12.827272727272726,38.0,24.0,RB,3,3,R3-4,R3-4,0,0.0,none,13-24,0,1.0,0,1.0,True,0,0.0,0,0.0,0,0.0
2019,Chris Carson,RB,26.5,00-0033594,232.6,15,47.0,RB,15.506666666666666,12.0,12.0,RB,3,3,R3-4,R3-4,1,1.0,1-12,1-12,1,1.0,1,1.0,True,1,1.0,1,1.0,1,1.0
2019,George Kittle,TE,28.3,00-0033288,222.5,14,107.0,TE,15.892857142857142,2.0,2.0,TE,3,3,R3-4,R3-4,1,1.0,1-12,1-12,1,1.0,1,1.0,True,0,1.0,1,1.0,0,1.0
2019,Kerryon Johnson,RB,28.5,00-0034349,85.0,8,15.0,RB,10.625,54.0,33.0,RB,3,3,R3-4,R3-4,0,0.0,none,25-36,0,0.0,0,1.0,True,0,0.0,0,0.0,0,0.0
2019,Aaron Jones Sr.,RB,29.2,00-0033293,314.8,16,68.0,RB,19.675,2.0,3.0,RB,3,3,R3-4,R3-4,1,1.0,1-12,1-12,1,1.0,1,1.0,True,1,1.0,1,1.0,1,1.0
2019,Devonta Freeman,RB,30.4,00-0031285,197.6,14,70.0,RB,14.114285714285714,20.0,19.0,RB,3,4,R3-4,R3-4,0,0.0,13-24,13-24,1,1.0,1,1.0,True,0,0.0,0,0.0,0,0.0
2019,Stefon Diggs,WR,30.8,00-0031588,214.1,15,94.0,WR,14.273333333333333,22.0,24.0,WR,3,4,R3-4,R3-4,0,0.0,13-24,13-24,1,1.0,1,1.0,True,0,0.0,0,0.0,0,0.0
2019,David Montgomery,RB,31.3,00-0035685,170.4,16,35.0,RB,10.65,24.0,32.0,RB,3,4,R3-4,R3-4,0,0.0,13-24,25-36,1,0.0,1,1.0,True,0,0.0,0,0.0,0,0.0
2019,Josh Jacobs,RB,33.1,00-0035700,191.6,13,27.0,RB,14.738461538461538,21.0,15.0,RB,3,4,R3-4,R3-4,0,0.0,13-24,13-24,1,1.0,1,1.0,True,0,0.0,0,0.0,0,0.0
2019,Amari Cooper,WR,33.1,00-0031544,246.5,16,119.0,WR,15.40625,10.0,14.0,WR,3,4,R3-4,R3-4,1,0.0,1-12,13-24,1,1.0,1,1.0,True,1,1.0,1,1.0,1,1.0
2019,Zach Ertz,TE,33.5,00-0030061,215.6,15,135.0,TE,14.373333333333333,4.0,4.0,TE,3,4,R3-4,R3-4,1,1.0,1-12,1-12,1,1.0,1,1.0,True,0,0.0,1,0.0,0,0.0
2019,Julian Edelman,WR,36.1,00-0027150,256.28,16,153.0,WR,16.0175,7.0,9.0,WR,4,4,R3-4,R3-4,1,1.0,1-12,1-12,1,1.0,1,1.0,True,1,1.0,1,1.0,1,1.0
2019,Sony Michel,RB,37.4,00-0034845,152.6,16,20.0,RB,9.5375,31.0,43.0,RB,4,4,R3-4,R3-4,0,0.0,25-36,none,0,0.0,1,0.0,True,0,0.0,0,0.0,0,0.0
2019,Brandin Cooks,WR,39.1,00-0031236,117.5,14,72.0,WR,8.392857142857142,62.0,70.0,WR,4,4,R3-4,R3-4,0,0.0,none,none,0,0.0,0,0.0,True,0,0.0,0,0.0,0,0.0
2019,Mark Ingram II,RB,39.7,00-0027966,242.5,15,29.0,RB,16.166666666666668,11.0,10.0,RB,4,4,R3-4,R3-4,1,1.0,1-12,1-12,1,1.0,1,1.0,True,1,1.0,1,1.0,1,1.0
2019,Chris Godwin Jr.,WR,39.9,00-0033921,276.1,14,121.0,WR,19.72142857142857,2.0,2.0,WR,4,4,R3-4,R3-4,1,1.0,1-12,1-12,1,1.0,1,1.0,True,1,1.0,1,1.0,1,1.0
2019,Melvin Gordon III,RB,42.0,00-0032144,180.79999999999998,12,55.0,RB,15.066666666666665,23.0,14.0,RB,4,5,R3-4,R5-6,0,0.0,13-24,13-24,1,1.0,1,1.0,True,0,0.0,0,1.0,0,0.0
2019,Robert Woods,WR,42.2,00-0030431,232.9,15,139.0,WR,15.526666666666667,14.0,12.0,WR,4,5,R3-4,R5-6,0,1.0,13-24,1-12,1,1.0,1,1.0,True,1,1.0,1,1.0,1,1.0
2019,Tyler Lockett,WR,42.9,00-0032211,235.2,16,110.0,WR,14.7,13.0,22.0,WR,4,5,R3-4,R5-6,0,0.0,13-24,13-24,1,1.0,1,1.0,True,1,0.0,1,1.0,1,0.0
2019,Derrick Henry,RB,43.8,00-0032764,294.6,15,24.0,RB,19.64,5.0,4.0,RB,4,5,R3-4,R5-6,1,1.0,1-12,1-12,1,1.0,1,1.0,True,1,1.0,1,1.0,1,1.0
2019,Cooper Kupp,WR,45.2,00-0033908,270.5,16,134.0,WR,16.90625,4.0,7.0,WR,4,5,R3-4,R5-6,1,1.0,1-12,1-12,1,1.0,1,1.0,True,1,1.0,1,1.0,1,1.0
2019,Marlon Mack,RB,46.5,00-0033951,181.3,14,17.0,RB,12.950000000000001,22.0,23.0,RB,4,5,R3-4,R5-6,0,0.0,13-24,13-24,1,1.0,1,1.0,True,0,0.0,0,0.0,0,0.0
2019,Kenny Golladay,WR,47.1,00-0033932,248.0,16,116.0,WR,15.5,9.0,13.0,WR,4,5,R3-4,R5-6,1,0.0,1-12,13-24,1,1.0,1,1.0,True,1,1.0,1,1.0,1,1.0
2019,Deshaun Watson,QB,47.1,00-0033537,320.98,15,1.0,QB,21.398666666666667,4.0,2.0,QB,4,5,R3-4,R5-6,1,1.0,1-12,1-12,1,1.0,1,1.0,True,1,1.0,1,1.0,1,1.0
2019,James White,RB,48.1,00-0031062,202.2,15,95.0,RB,13.479999999999999,18.0,22.0,RB,5,5,R5-6,R5-6,0,0.0,13-24,13-24,1,1.0,1,1.0,True,1,1.0,1,0.0,1,1.0
2019,T.Y. Hilton,WR,49.0,00-0029608,125.1,10,68.0,WR,12.51,57.0,35.0,WR,5,5,R5-6,R5-6,0,0.0,none,25-36,0,0.0,0,1.0,True,0,0.0,0,0.0,0,0.0
2019,Tyler Boyd,WR,51.5,00-0033009,222.9,16,148.0,WR,13.93125,18.0,27.0,WR,5,6,R5-6,R5-6,0,0.0,13-24,25-36,1,0.0,1,1.0,True,1,1.0,1,1.0,1,1.0
2019,Duke Johnson,RB,51.7,00-0032257,154.0,16,62.0,RB,9.625,29.0,41.0,RB,5,6,R5-6,R5-6,0,0.0,25-36,none,0,0.0,1,0.0,True,0,0.0,0,0.0,0,0.0
2019,Josh Gordon,WR,52.1,00-0029664,73.7,11,47.0,WR,6.7,89.0,83.0,WR,5,6,R5-6,R5-6,0,0.0,none,none,0,0.0,0,0.0,True,0,0.0,0,0.0,0,0.0
2019,Calvin Ridley,WR,53.5,00-0034837,197.0,13,93.0,WR,15.153846153846153,27.0,18.0,WR,5,6,R5-6,R5-6,0,0.0,25-36,13-24,0,1.0,1,1.0,True,1,1.0,0,1.0,1,1.0
2019,O.J. Howard,TE,54.1,00-0033879,83.89999999999999,14,53.0,TE,5.992857142857142,30.0,37.0,TE,5,6,R5-6,R5-6,0,0.0,25-36,none,0,0.0,1,0.0,True,0,0.0,0,0.0,0,0.0
2019,Phillip Lindsay,RB,55.6,00-0034109,197.7,16,48.0,RB,12.35625,19.0,27.0,RB,5,6,R5-6,R5-6,0,0.0,13-24,25-36,1,0.0,1,1.0,True,1,0.0,0,0.0,1,0.0
2019,Aaron Rodgers,QB,55.7,00-0023459,278.38,16,0.0,QB,17.39875,9.0,13.0,QB,5,6,R5-6,R5-6,1,0.0,1-12,13-24,1,1.0,1,1.0,True,1,1.0,1,1.0,1,1.0
2019,Evan Engram,TE,57.3,00-0033881,109.4,8,68.0,TE,13.675,18.0,7.0,TE,5,6,R5-6,R5-6,0,1.0,13-24,1-12,1,1.0,1,1.0,True,0,1.0,0,0.0,0,1.0
2019,Tevin Coleman,RB,57.7,00-0032058,135.4,14,30.0,RB,9.671428571428573,39.0,40.0,RB,5,6,R5-6,R5-6,0,0.0,none,none,0,0.0,0,0.0,True,0,0.0,0,0.0,0,0.0
2019,Miles Sanders,RB,59.0,00-0035243,218.70000000000002,16,63.0,RB,13.668750000000001,15.0,21.0,RB,5,6,R5-6,R5-6,0,0.0,13-24,13-24,1,1.0,1,1.0,True,1,1.0,1,0.0,1,1.0
2019,Mike Williams,WR,60.3,00-0033536,161.3,15,90.0,WR,10.753333333333334,41.0,47.0,WR,6,7,R5-6,R7-8,0,0.0,none,none,0,0.0,0,0.0,True,0,0.0,0,0.0,0,0.0
2019,Austin Ekeler,RB,61.7,00-0033699,309.0,16,108.0,RB,19.3125,4.0,6.0,RB,6,7,R5-6,R7-8,1,1.0,1-12,1-12,1,1.0,1,1.0,True,1,1.0,1,1.0,1,1.0
2019,Dede Westbrook,WR,62.7,00-0033839,156.7,15,101.0,WR,10.446666666666665,42.0,51.0,WR,6,7,R5-6,R7-8,0,0.0,none,none,0,0.0,0,0.0,True,0,0.0,0,0.0,0,0.0
2019,Baker Mayfield,QB,63.2,00-0034855,229.18,16,0.0,QB,14.32375,20.0,27.0,QB,6,7,R5-6,R7-8,0,0.0,13-24,25-36,1,0.0,1,1.0,True,1,1.0,1,1.0,1,1.0
2019,Hunter Henry,TE,63.3,00-0033090,150.2,12,76.0,TE,12.516666666666666,9.0,8.0,TE,6,7,R5-6,R7-8,1,1.0,1-12,1-12,1,1.0,1,1.0,True,0,0.0,0,0.0,0,0.0
2019,A.J. Green,WR,63.8,00-0027942,0.0,0,,WR,,,,,6,7,R5-6,R7-8,0,,none,none,0,,0,,False,0,,0,,0,
2019,Jarvis Landry,WR,64.8,00-0031382,237.4,16,138.0,WR,14.8375,12.0,21.0,WR,6,7,R5-6,R7-8,1,0.0,1-12,13-24,1,1.0,1,1.0,True,1,1.0,1,1.0,1,1.0
2019,DJ Moore,WR,67.2,00-0034827,230.5,15,135.0,WR,15.366666666666667,16.0,16.0,WR,6,7,R5-6,R7-8,0,0.0,13-24,13-24,1,1.0,1,1.0,True,1,1.0,1,1.0,1,1.0
2019,Matt Ryan,QB,69.2,00-0026143,267.34000000000003,15,0.0,QB,17.82266666666667,11.0,12.0,QB,6,7,R5-6,R7-8,1,1.0,1-12,1-12,1,1.0,1,1.0,True,1,1.0,1,1.0,1,1.0
2019,Derrius Guice,RB,69.8,00-0034358,57.4,5,9.0,RB,11.48,69.0,30.0,RB,6,7,R5-6,R7-8,0,0.0,none,25-36,0,0.0,0,1.0,True,0,0.0,0,0.0,0,0.0
2019,Jared Cook,TE,70.6,00-0027061,167.5,14,65.0,TE,11.964285714285714,7.0,10.0,TE,6,8,R5-6,R7-8,1,1.0,1-12,1-12,1,1.0,1,1.0,True,1,0.0,1,0.0,1,0.0
2019,Tarik Cohen,RB,71.0,00-0033556,163.9,16,104.0,RB,10.24375,27.0,37.0,RB,6,8,R5-6,R7-8,0,0.0,25-36,none,0,0.0,1,0.0,True,1,0.0,1,0.0,1,0.0
2019,Alshon Jeffery,WR,71.9,00-0029137,122.2,9,73.0,WR,13.577777777777778,60.0,30.0,WR,6,8,R5-6,R7-8,0,0.0,none,25-36,0,0.0,0,1.0,True,0,1.0,0,1.0,0,1.0
2019,Drew Brees,QB,73.9,00-0020531,224.76000000000002,11,0.0,QB,20.432727272727274,21.0,7.0,QB,7,8,R7-8,R7-8,0,1.0,13-24,1-12,1,1.0,1,1.0,True,1,1.0,1,1.0,1,1.0
2019,Carson Wentz,QB,74.6,00-0032950,275.86,16,0.0,QB,17.24125,10.0,14.0,QB,7,8,R7-8,R7-8,1,0.0,1-12,13-24,1,1.0,1,1.0,True,1,1.0,1,1.0,1,1.0
2019,Vance McDonald,TE,75.1,00-0030470,83.5,14,55.0,TE,5.964285714285714,31.0,38.0,TE,7,8,R7-8,R7-8,0,0.0,25-36,none,0,0.0,1,0.0,True,0,0.0,0,0.0,0,0.0
2019,Robbie Chosen,WR,75.9,00-0032688,162.3,16,96.0,WR,10.14375,40.0,55.0,WR,7,8,R7-8,R7-8,0,0.0,none,none,0,0.0,0,0.0,True,1,0.0,0,0.0,1,0.0
2019,Latavius Murray,RB,76.4,00-0030513,157.2,16,43.0,RB,9.825,28.0,38.0,RB,7,8,R7-8,R7-8,0,0.0,25-36,none,0,0.0,1,0.0,True,1,0.0,0,0.0,1,0.0
2019,Allen Robinson II,WR,76.6,00-0031428,254.9,16,154.0,WR,15.93125,8.0,10.0,WR,7,8,R7-8,R7-8,1,1.0,1-12,1-12,1,1.0,1,1.0,True,1,1.0,1,1.0,1,1.0
2019,Emmanuel Sanders,WR,80.6,00-0027685,190.3,17,97.0,WR,11.194117647058825,30.0,44.0,WR,7,9,R7-8,R9+,0,0.0,25-36,none,0,0.0,1,0.0,True,1,0.0,1,1.0,1,0.0
2019,Jared Goff,QB,81.5,00-0033106,247.52,16,0.0,QB,15.47,13.0,21.0,QB,7,9,R7-8,R9+,0,0.0,13-24,13-24,1,1.0,1,1.0,True,1,1.0,1,1.0,1,1.0
2019,Will Fuller,WR,81.6,00-0033127,134.0,11,71.0,WR,12.181818181818182,53.0,38.0,WR,7,9,R7-8,R9+,0,0.0,none,none,0,0.0,0,0.0,True,0,1.0,1,1.0,0,1.0
2019,Kenyan Drake,RB,82.9,00-0033118,214.2,14,68.0,RB,15.299999999999999,17.0,13.0,RB,7,9,R7-8,R9+,0,0.0,13-24,13-24,1,1.0,1,1.0,True,1,1.0,1,1.0,1,1.0
2019,Tony Pollard,RB,83.3,00-0035261,89.2,14,20.0,RB,6.371428571428572,53.0,61.0,RB,7,9,R7-8,R9+,0,0.0,none,none,0,0.0,0,0.0,True,0,0.0,0,0.0,0,0.0
2019,David Njoku,TE,83.5,00-0033885,15.1,3,10.0,TE,5.033333333333333,85.0,,TE,7,9,R7-8,R9+,0,,none,none,0,,0,,False,0,,0,,0,
2019,Devin Singletary,RB,83.9,00-0035250,147.9,12,41.0,RB,12.325000000000001,32.0,28.0,RB,7,9,R7-8,R9+,0,0.0,25-36,25-36,0,0.0,1,1.0,True,0,1.0,1,1.0,0,1.0
2019,Matt Breida,RB,84.8,00-0033308,103.3,12,22.0,RB,8.608333333333333,46.0,46.0,RB,8,9,R7-8,R9+,0,0.0,none,none,0,0.0,0,0.0,True,0,0.0,0,0.0,0,0.0
2019,Darwin Thompson,RB,86.0,00-0035148,32.1,10,10.0,RB,3.21,87.0,87.0,RB,8,9,R7-8,R9+,0,0.0,none,none,0,0.0,0,0.0,True,0,0.0,0,0.0,0,0.0
2019,Curtis Samuel,WR,88.0,00-0033282,171.7,16,105.0,WR,10.73125,36.0,48.0,WR,8,9,R7-8,R9+,0,0.0,25-36,none,0,0.0,1,0.0,True,1,0.0,1,1.0,1,0.0
2019,Russell Wilson,QB,88.4,00-0029263,328.6,16,0.0,QB,20.5375,3.0,5.0,QB,8,9,R7-8,R9+,1,1.0,1-12,1-12,1,1.0,1,1.0,True,1,1.0,1,1.0,1,1.0
2019,Christian Kirk,WR,89.9,00-0034775,168.2,13,108.0,WR,12.938461538461537,38.0,32.0,WR,8,9,R7-8,R9+,0,0.0,none,25-36,0,0.0,0,1.0,True,1,1.0,1,1.0,1,1.0
2019,LeSean McCoy,RB,90.8,00-0027029,118.6,13,34.0,RB,9.123076923076923,41.0,44.0,RB,8,10,R7-8,R9+,0,0.0,none,none,0,0.0,0,0.0,True,0,0.0,0,0.0,0,0.0
2019,Sterling Shepard,WR,92.2,00-0032385,141.8,10,83.0,WR,14.180000000000001,48.0,25.0,WR,8,10,R7-8,R9+,0,0.0,none,25-36,0,0.0,0,1.0,True,0,1.0,1,1.0,0,1.0
2019,Darrell Henderson Jr.,RB,93.0,00-0035664,22.400000000000002,9,6.0,RB,2.488888888888889,96.0,96.0,RB,8,10,R7-8,R9+,0,0.0,none,none,0,0.0,0,0.0,True,0,0.0,0,0.0,0,0.0
2019,Cam Newton,QB,94.4,00-0027939,16.68,2,0.0,QB,8.34,50.0,,QB,8,10,R7-8,R9+,0,,none,none,0,,0,,False,0,,0,,0,
2019,Rashaad Penny,RB,95.3,00-0034750,75.3,9,11.0,RB,8.366666666666667,58.0,49.0,RB,8,10,R7-8,R9+,0,0.0,none,none,0,0.0,0,0.0,True,0,0.0,0,0.0,0,0.0
2019,Austin Hooper,TE,95.4,00-0032392,191.7,13,97.0,TE,14.746153846153845,6.0,3.0,TE,8,10,R7-8,R9+,1,1.0,1-12,1-12,1,1.0,1,1.0,True,1,1.0,1,1.0,1,1.0
2019,Sammy Watkins,WR,96.1,00-0031325,138.5,13,90.0,WR,10.653846153846153,50.0,49.0,WR,9,10,R9+,R9+,0,0.0,none,none,0,0.0,0,0.0,True,1,1.0,1,1.0,1,1.0
2019,Lamar Jackson,QB,97.6,00-0034796,415.68,15,0.0,QB,27.712,1.0,1.0,QB,9,10,R9+,R9+,1,1.0,1-12,1-12,1,1.0,1,1.0,True,1,1.0,1,1.0,1,1.0
2019,Geronimo Allison,WR,98.7,00-0032626,75.4,15,55.0,WR,5.026666666666667,88.0,104.0,WR,9,10,R9+,R9+,0,0.0,none,none,0,0.0,0,0.0,True,0,0.0,0,0.0,0,0.0
2019,Marquez Valdes-Scantling,WR,100.6,00-0034272,84.1,15,56.0,WR,5.6066666666666665,83.0,100.0,WR,9,11,R9+,R9+,0,0.0,none,none,0,0.0,0,0.0,True,0,0.0,0,0.0,0,0.0
2019,Kareem Hunt,RB,100.8,00-0033923,101.4,8,44.0,RB,12.675,47.0,25.0,RB,9,11,R9+,R9+,0,0.0,none,25-36,0,0.0,0,1.0,True,0,1.0,0,1.0,0,1.0
2019,James Washington,WR,101.3,00-0034676,133.5,15,80.0,WR,8.9,54.0,64.0,WR,9,11,R9+,R9+,0,0.0,none,none,0,0.0,0,0.0,True,1,0.0,1,0.0,1,0.0
2019,Jordan Howard,RB,103.7,00-0032780,111.4,9,14.0,RB,12.377777777777778,44.0,26.0,RB,9,11,R9+,R9+,0,0.0,none,25-36,0,0.0,0,1.0,True,0,1.0,0,1.0,0,1.0
2019,Jameis Winston,QB,105.1,00-0031503,305.36,16,0.0,QB,19.085,5.0,8.0,QB,9,11,R9+,R9+,1,1.0,1-12,1-12,1,1.0,1,1.0,True,1,1.0,1,1.0,1,1.0
2019,Marvin Jones Jr.,WR,105.3,00-0029293,193.9,13,91.0,WR,14.915384615384616,28.0,20.0,WR,9,11,R9+,R9+,0,0.0,25-36,13-24,0,1.0,1,1.0,True,1,1.0,1,1.0,1,1.0
2019,Larry Fitzgerald,WR,106.5,00-0022921,177.4,16,109.0,WR,11.0875,35.0,45.0,WR,9,11,R9+,R9+,0,0.0,25-36,none,0,0.0,1,0.0,True,1,1.0,1,1.0,1,1.0
2019,Ben Roethlisberger,QB,106.8,00-0022924,12.74,2,0.0,QB,6.37,52.0,,QB,9,11,R9+,R9+,0,,none,none,0,,0,,False,0,,0,,0,
2019,Royce Freeman,RB,108.1,00-0034838,142.2,16,50.0,RB,8.8875,36.0,45.0,RB,10,11,R9+,R9+,0,0.0,25-36,none,0,0.0,1,0.0,True,1,0.0,1,0.0,1,0.0
2019,Dante Pettis,WR,109.8,00-0034860,34.54,9,24.0,WR,3.8377777777777777,133.0,128.0,WR,10,11,R9+,R9+,0,0.0,none,none,0,0.0,0,0.0,True,0,0.0,0,0.0,0,0.0
2019,Corey Davis,WR,110.8,00-0033871,115.1,15,69.0,WR,7.673333333333333,63.0,75.0,WR,10,12,R9+,R9+,0,0.0,none,none,0,0.0,0,0.0,True,0,0.0,0,0.0,0,0.0
2019,Kyler Murray,QB,110.9,00-0035228,285.28000000000003,16,0.0,QB,17.830000000000002,8.0,11.0,QB,10,12,R9+,R9+,1,1.0,1-12,1-12,1,1.0,1,1.0,True,1,1.0,1,1.0,1,1.0
2019,Kalen Ballage,RB,113.5,00-0034799,51.8,12,24.0,RB,4.316666666666666,71.0,78.0,RB,10,12,R9+,R9+,0,0.0,none,none,0,0.0,0,0.0,True,0,0.0,0,0.0,0,0.0
2019,Michael Gallup,WR,113.8,00-0034764,212.7,14,113.0,WR,15.192857142857141,24.0,17.0,WR,10,12,R9+,R9+,0,0.0,13-24,13-24,1,1.0,1,1.0,True,1,1.0,1,1.0,1,1.0
2019,Tom Brady,QB,114.6,00-0019596,263.68,16,0.0,QB,16.48,12.0,16.0,QB,10,12,R9+,R9+,1,0.0,1-12,13-24,1,1.0,1,1.0,True,1,1.0,1,1.0,1,1.0
2019,Delanie Walker,TE,115.4,00-0024389,54.5,6,31.0,TE,9.083333333333334,44.0,15.0,TE,10,12,R9+,R9+,0,0.0,none,13-24,0,1.0,0,1.0,True,0,1.0,0,0.0,0,1.0
2019,Philip Rivers,QB,116.1,00-0022942,235.5,16,0.0,QB,14.71875,18.0,24.0,QB,10,12,R9+,R9+,0,0.0,13-24,13-24,1,1.0,1,1.0,True,1,1.0,1,1.0,1,1.0
2019,Eric Ebron,TE,117.5,00-0031387,86.5,11,52.0,TE,7.863636363636363,28.0,20.0,TE,10,12,R9+,R9+,0,0.0,25-36,13-24,0,1.0,1,1.0,True,0,0.0,0,0.0,0,0.0
2019,Jaylen Samuels,RB,119.0,00-0034331,104.4,13,57.0,RB,8.03076923076923,45.0,51.0,RB,10,12,R9+,R9+,0,0.0,none,none,0,0.0,0,0.0,True,0,0.0,0,0.0,0,0.0
2019,DeSean Jackson,WR,119.4,00-0026189,36.9,2,10.0,WR,18.45,129.0,,WR,10,12,R9+,R9+,0,,none,none,0,,0,,False,0,,0,,0,
2019,Donte Moncrief,WR,119.8,00-0031339,5.800000000000001,4,15.0,WR,1.4500000000000002,183.0,155.0,WR,10,12,R9+,R9+,0,0.0,none,none,0,0.0,0,0.0,True,0,0.0,0,0.0,0,0.0
2019,Justin Jackson,RB,119.9,00-0034440,31.2,7,11.0,RB,4.457142857142857,89.0,76.0,RB,10,12,R9+,R9+,0,0.0,none,none,0,0.0,0,0.0,True,0,0.0,0,0.0,0,0.0
2019,Justice Hill,RB,120.7,00-0034975,49.5,16,15.0,RB,3.09375,75.0,88.0,RB,11,13,R9+,R9+,0,0.0,none,none,0,0.0,0,0.0,True,0,0.0,0,0.0,0,0.0
2019,Golden Tate,WR,123.3,00-0027891,154.2,11,85.0,WR,14.018181818181818,45.0,26.0,WR,11,13,R9+,R9+,0,0.0,none,25-36,0,0.0,0,1.0,True,1,1.0,1,1.0,1,1.0
2019,T.J. Hockenson,TE,126.1,00-0035229,80.7,12,59.0,TE,6.7250000000000005,32.0,29.0,TE,11,13,R9+,R9+,0,0.0,25-36,25-36,0,0.0,1,1.0,True,0,0.0,0,0.0,0,0.0
2019,Courtland Sutton,WR,126.2,00-0034348,222.42,16,124.0,WR,13.90125,19.0,28.0,WR,11,13,R9+,R9+,0,0.0,13-24,25-36,1,0.0,1,1.0,True,1,1.0,1,1.0,1,1.0
2019,Dak Prescott,QB,127.2,00-0033077,337.78,16,0.0,QB,21.11125,2.0,3.0,QB,11,13,R9+,R9+,1,1.0,1-12,1-12,1,1.0,1,1.0,True,1,1.0,1,1.0,1,1.0
2019,Alexander Mattison,RB,127.3,00-0034972,68.4,13,12.0,RB,5.261538461538462,60.0,70.0,RB,11,13,R9+,R9+,0,0.0,none,none,0,0.0,0,0.0,True,0,0.0,0,0.0,0,0.0
2019,Jamison Crowder,WR,128.8,00-0031941,197.70000000000002,16,122.0,WR,12.356250000000001,26.0,36.0,WR,11,13,R9+,R9+,0,0.0,25-36,25-36,0,0.0,1,1.0,True,1,1.0,1,1.0,1,1.0
2019,Kirk Cousins,QB,130.7,00-0029604,244.42,15,1.0,QB,16.294666666666664,15.0,18.0,QB,11,14,R9+,R9+,0,0.0,13-24,13-24,1,1.0,1,1.0,True,1,1.0,1,1.0,1,1.0
2019,Peyton Barber,RB,131.3,00-0032741,116.5,16,24.0,RB,7.28125,43.0,57.0,RB,11,14,R9+,R9+,0,0.0,none,none,0,0.0,0,0.0,True,0,0.0,0,0.0,0,0.0
2019,Tyrell Williams,WR,131.4,00-0032160,143.1,13,64.0,WR,11.007692307692308,47.0,46.0,WR,11,14,R9+,R9+,0,0.0,none,none,0,0.0,0,0.0,True,1,1.0,1,1.0,1,1.0
2019,DK Metcalf,WR,131.8,00-0035640,187.1,16,100.0,WR,11.69375,33.0,41.0,WR,11,14,R9+,R9+,0,0.0,25-36,none,0,0.0,1,0.0,True,1,1.0,1,1.0,1,1.0
2019,Adrian Peterson,RB,133.1,00-0025394,147.0,15,23.0,RB,9.8,33.0,39.0,RB,12,14,R9+,R9+,0,0.0,25-36,none,0,0.0,1,0.0,True,1,1.0,1,1.0,1,1.0
2019,Anthony Miller,WR,134.4,00-0034353,127.5,16,85.0,WR,7.96875,56.0,72.0,WR,12,14,R9+,R9+,0,0.0,none,none,0,0.0,0,0.0,True,1,0.0,1,0.0,1,0.0
2019,John Brown,WR,136.2,00-0031051,219.82,15,115.0,WR,14.654666666666666,20.0,23.0,WR,12,14,R9+,R9+,0,0.0,13-24,13-24,1,1.0,1,1.0,True,1,1.0,1,1.0,1,1.0
2019,Mecole Hardman Jr.,WR,137.7,00-0035140,123.5,16,41.0,WR,7.71875,59.0,74.0,WR,12,14,R9+,R9+,0,0.0,none,none,0,0.0,0,0.0,True,1,0.0,0,0.0,1,0.0
2019,Mitchell Trubisky,QB,139.2,00-0033869,202.82,15,0.0,QB,13.521333333333333,26.0,31.0,QB,12,14,R9+,R9+,0,0.0,25-36,25-36,0,0.0,1,1.0,True,1,1.0,1,1.0,1,1.0
2019,Mark Andrews,TE,142.1,00-0034753,207.2,15,98.0,TE,13.813333333333333,5.0,5.0,TE,12,15,R9+,R9+,1,1.0,1-12,1-12,1,1.0,1,1.0,True,1,1.0,1,1.0,1,1.0
2019,Dion Lewis,RB,142.9,00-0028087,66.3,15,32.0,RB,4.42,65.0,77.0,RB,12,15,R9+,R9+,0,0.0,none,none,0,0.0,0,0.0,True,0,0.0,0,0.0,0,0.0
2019,Josh Allen,QB,145.8,00-0034857,288.56,16,0.0,QB,18.035,6.0,10.0,QB,13,15,R9+,R9+,1,1.0,1-12,1-12,1,1.0,1,1.0,True,1,1.0,1,1.0,1,1.0
2019,Keke Coutee,WR,146.2,00-0034366,52.800000000000004,8,36.0,WR,6.6000000000000005,105.0,84.0,WR,13,15,R9+,R9+,0,0.0,none,none,0,0.0,0,0.0,True,0,0.0,0,0.0,0,0.0
2019,Jimmy Garoppolo,QB,147.5,00-0031345,247.32,16,0.0,QB,15.4575,14.0,22.0,QB,13,15,R9+,R9+,0,0.0,13-24,13-24,1,1.0,1,1.0,True,1,1.0,1,1.0,1,1.0
2019,Greg Olsen,TE,148.9,00-0025418,123.7,14,82.0,TE,8.835714285714285,13.0,17.0,TE,13,15,R9+,R9+,0,0.0,13-24,13-24,1,1.0,1,1.0,True,1,0.0,1,0.0,1,0.0
2019,Damien Harris,RB,151.4,00-0035657,1.2,1,0.0,RB,1.2,130.0,,RB,13,16,R9+,R9+,0,,none,none,0,,0,,False,0,,0,,0,
2019,Deebo Samuel Sr.,WR,151.8,00-0035719,189.1,15,81.0,WR,12.606666666666666,31.0,34.0,WR,13,16,R9+,R9+,0,0.0,25-36,25-36,0,0.0,1,1.0,True,1,1.0,1,1.0,1,1.0
2019,Carlos Hyde,RB,151.9,00-0031045,153.2,16,16.0,RB,9.575,30.0,42.0,RB,13,16,R9+,R9+,0,0.0,25-36,none,0,0.0,1,0.0,True,1,1.0,1,1.0,1,1.0
2019,Frank Gore,RB,152.3,00-0023500,94.9,15,16.0,RB,6.326666666666667,50.0,62.0,RB,13,16,R9+,R9+,0,0.0,none,none,0,0.0,0,0.0,True,0,0.0,0,0.0,0,0.0
2019,Trey Burton,TE,152.4,00-0030710,22.4,8,24.0,TE,2.8,72.0,70.0,TE,13,16,R9+,R9+,0,0.0,none,none,0,0.0,0,0.0,True,0,0.0,0,0.0,0,0.0
2019,N'Keal Harry,WR,152.8,00-0035624,39.4,7,24.0,TE,5.628571428571428,123.0,98.0,WR,13,16,R9+,R9+,0,0.0,none,none,0,0.0,0,0.0,True,0,0.0,0,0.0,0,0.0
2019,Ito Smith,RB,154.2,00-0034378,36.3,7,14.0,RB,5.185714285714285,83.0,71.0,RB,13,16,R9+,R9+,0,0.0,none,none,0,0.0,0,0.0,True,0,0.0,0,0.0,0,0.0
2019,Kyle Rudolph,TE,154.9,00-0027981,113.7,15,48.0,TE,7.58,14.0,21.0,TE,13,16,R9+,R9+,0,0.0,13-24,13-24,1,1.0,1,1.0,True,0,0.0,0,0.0,0,0.0
2019,Darren Waller,TE,155.8,00-0031610,221.0,16,117.0,TE,13.8125,3.0,6.0,TE,13,16,R9+,R9+,1,1.0,1-12,1-12,1,1.0,1,1.0,True,1,1.0,1,1.0,1,1.0
2019,Ty Montgomery II,RB,157.1,00-0032200,32.3,15,17.0,WR,2.1533333333333333,86.0,99.0,RB,14,16,R9+,R9+,0,0.0,none,none,0,0.0,0,0.0,True,0,0.0,0,0.0,0,0.0
2019,Derek Carr,QB,157.4,00-0031280,244.36,16,0.0,QB,15.2725,16.0,23.0,QB,14,16,R9+,R9+,0,0.0,13-24,13-24,1,1.0,1,1.0,True,1,1.0,1,1.0,1,1.0
2019,Malcolm Brown,RB,157.6,00-0031806,59.1,14,6.0,RB,4.2214285714285715,67.0,80.0,RB,14,16,R9+,R9+,0,0.0,none,none,0,0.0,0,0.0,True,0,0.0,0,0.0,0,0.0
2019,Dare Ogunbowale,RB,157.9,00-0033854,75.3,16,46.0,RB,4.70625,58.0,74.0,RB,14,16,R9+,R9+,0,0.0,none,none,0,0.0,0,0.0,True,0,0.0,0,0.0,0,0.0
2019,Jordan Reed,TE,158.0,00-0030472,0.0,0,,TE,,,,,14,16,R9+,R9+,0,,none,none,0,,0,,False,0,,0,,0,
2019,Ronald Jones,RB,158.1,00-0034816,166.3,16,40.0,RB,10.39375,26.0,36.0,RB,14,16,R9+,R9+,0,0.0,25-36,25-36,0,0.0,1,1.0,True,1,1.0,1,1.0,1,1.0
2019,Nyheim Hines,RB,159.2,00-0034367,117.89999999999999,16,58.0,RB,7.3687499999999995,42.0,56.0,RB,14,16,R9+,R9+,0,0.0,none,none,0,0.0,0,0.0,True,0,0.0,0,0.0,0,0.0
2019,Cole Beasley,WR,159.6,00-0029000,184.8,15,106.0,WR,12.32,34.0,37.0,WR,14,16,R9+,R9+,0,0.0,25-36,none,0,0.0,1,0.0,True,1,1.0,1,1.0,1,1.0
2019,Mohamed Sanu,WR,160.7,00-0029632,124.10000000000001,15,89.0,WR,8.273333333333333,58.0,71.0,WR,14,17,R9+,R9+,0,0.0,none,none,0,0.0,0,0.0,True,1,0.0,1,0.0,1,0.0
2019,Matthew Stafford,QB,160.8,00-0026498,166.56,8,0.0,QB,20.82,29.0,4.0,QB,14,17,R9+,R9+,0,1.0,25-36,1-12,0,1.0,1,1.0,True,1,1.0,1,1.0,1,1.0
2019,Demaryius Thomas,WR,161.4,00-0027874,85.3,11,58.0,WR,7.754545454545454,82.0,73.0,WR,14,17,R9+,R9+,0,0.0,none,none,0,0.0,0,0.0,True,0,0.0,0,0.0,0,0.0
2019,Kenny Stills,WR,161.5,00-0030085,120.1,13,55.0,WR,9.238461538461538,61.0,62.0,WR,14,17,R9+,R9+,0,0.0,none,none,0,0.0,0,0.0,True,0,1.0,0,0.0,0,1.0
2019,Tre'Quan Smith,WR,161.6,00-0034765,71.4,10,25.0,WR,7.140000000000001,91.0,78.0,WR,14,17,R9+,R9+,0,0.0,none,none,0,0.0,0,0.0,True,0,0.0,0,0.0,0,0.0
2019,Marquise Goodwin,WR,163.0,00-0030068,38.099999999999994,8,21.0,WR,4.762499999999999,126.0,109.0,WR,14,17,R9+,R9+,0,0.0,none,none,0,0.0,0,0.0,True,0,0.0,0,0.0,0,0.0
2019,Sam Darnold,QB,164.2,00-0034869,189.16,13,0.0,QB,14.55076923076923,27.0,25.0,QB,14,17,R9+,R9+,0,0.0,25-36,25-36,0,0.0,1,1.0,True,1,1.0,1,1.0,1,1.0
2019,Adam Humphries,WR,166.9,00-0032009,86.5,12,47.0,WR,7.208333333333333,80.0,76.0,WR,14,17,R9+,R9+,0,0.0,none,none,0,0.0,0,0.0,True,0,0.0,0,0.0,0,0.0
2020,Christian McCaffrey,RB,1.2,00-0033280,90.4,3,19.0,RB,30.133333333333336,54.0,,RB,1,1,R1-2,R1-2,0,,none,none,0,,0,,False,0,,0,,0,
2020,Saquon Barkley,RB,2.5,00-0034844,15.399999999999999,2,9.0,RB,7.699999999999999,116.0,,RB,1,1,R1-2,R1-2,0,,none,none,0,,0,,False,0,,0,,0,
2020,Ezekiel Elliott,RB,3.4,00-0033045,223.7,15,71.0,RB,14.913333333333332,9.0,15.0,RB,1,1,R1-2,R1-2,1,0.0,1-12,13-24,1,1.0,1,1.0,True,1,0.0,1,0.0,1,0.0
2020,Alvin Kamara,RB,4.9,00-0033906,377.8,15,107.0,RB,25.186666666666667,1.0,1.0,RB,1,1,R1-2,R1-2,1,1.0,1-12,1-12,1,1.0,1,1.0,True,1,1.0,1,1.0,1,1.0
2020,Michael Thomas,WR,5.6,00-0032765,83.9,7,55.0,WR,11.985714285714286,95.0,41.0,WR,1,1,R1-2,R1-2,0,0.0,none,none,0,0.0,0,0.0,True,0,0.0,0,0.0,0,0.0
2020,Clyde Edwards-Helaire,RB,6.2,00-0036360,176.0,13,54.0,RB,13.538461538461538,22.0,21.0,RB,1,1,R1-2,R1-2,0,0.0,13-24,13-24,1,1.0,1,1.0,True,0,0.0,0,0.0,0,0.0
2020,Dalvin Cook,RB,6.2,00-0033893,337.8,14,54.0,RB,24.12857142857143,2.0,2.0,RB,1,1,R1-2,R1-2,1,1.0,1-12,1-12,1,1.0,1,1.0,True,1,1.0,1,1.0,1,1.0
2020,Derrick Henry,RB,7.4,00-0032764,333.1,16,31.0,RB,20.81875,3.0,3.0,RB,1,1,R1-2,R1-2,1,1.0,1-12,1-12,1,1.0,1,1.0,True,1,1.0,1,1.0,1,1.0
2020,Josh Jacobs,RB,9.1,00-0035700,231.3,15,45.0,RB,15.42,8.0,13.0,RB,1,1,R1-2,R1-2,1,0.0,1-12,13-24,1,1.0,1,1.0,True,1,0.0,1,0.0,1,0.0
2020,Davante Adams,WR,10.4,00-0031381,358.40000000000003,14,149.0,WR,25.6,1.0,1.0,WR,1,2,R1-2,R1-2,1,1.0,1-12,1-12,1,1.0,1,1.0,True,1,1.0,1,1.0,1,1.0
2020,Austin Ekeler,RB,11.5,00-0033699,165.3,10,65.0,RB,16.53,26.0,10.0,RB,1,2,R1-2,R1-2,0,1.0,25-36,1-12,0,1.0,1,1.0,True,0,0.0,0,0.0,0,0.0
2020,Miles Sanders,RB,12.0,00-0035243,170.4,12,52.0,RB,14.200000000000001,23.0,18.0,RB,1,2,R1-2,R1-2,0,0.0,13-24,13-24,1,1.0,1,1.0,True,0,0.0,0,0.0,0,0.0
2020,Joe Mixon,RB,13.1,00-0033897,99.60000000000001,6,26.0,RB,16.6,49.0,9.0,RB,2,2,R1-2,R1-2,0,1.0,none,1-12,0,1.0,0,1.0,True,0,0.0,0,0.0,0,0.0
2020,Julio Jones,WR,14.4,00-0027944,146.1,9,68.0,WR,16.233333333333334,52.0,14.0,WR,2,2,R1-2,R1-2,0,0.0,none,13-24,0,1.0,0,1.0,True,0,0.0,0,0.0,0,0.0
2020,Kenyan Drake,RB,14.8,00-0033118,192.2,15,31.0,RB,12.813333333333333,16.0,25.0,RB,2,2,R1-2,R1-2,0,0.0,13-24,25-36,1,0.0,1,1.0,True,0,0.0,0,0.0,0,0.0
2020,Tyreek Hill,WR,15.8,00-0033040,328.9,15,135.0,WR,21.926666666666666,2.0,2.0,WR,2,2,R1-2,R1-2,1,1.0,1-12,1-12,1,1.0,1,1.0,True,1,1.0,1,1.0,1,1.0
2020,Nick Chubb,RB,16.3,00-0034791,207.70000000000002,12,18.0,RB,17.308333333333334,11.0,7.0,RB,2,2,R1-2,R1-2,1,1.0,1-12,1-12,1,1.0,1,1.0,True,0,1.0,0,1.0,0,1.0
2020,Aaron Jones Sr.,RB,17.5,00-0033293,258.90000000000003,14,63.0,RB,18.492857142857144,5.0,4.0,RB,2,2,R1-2,R1-2,1,1.0,1-12,1-12,1,1.0,1,1.0,True,1,1.0,1,1.0,1,1.0
2020,DeAndre Hopkins,WR,18.5,00-0030564,287.8,16,160.0,WR,17.9875,4.0,5.0,WR,2,2,R1-2,R1-2,1,1.0,1-12,1-12,1,1.0,1,1.0,True,1,1.0,1,1.0,1,1.0
2020,Patrick Mahomes,QB,18.7,00-0033873,374.4,15,2.0,QB,24.959999999999997,4.0,2.0,QB,2,2,R1-2,R1-2,1,1.0,1-12,1-12,1,1.0,1,1.0,True,1,1.0,1,1.0,1,1.0
2020,Travis Kelce,TE,19.9,00-0030506,312.76,15,145.0,TE,20.850666666666665,1.0,1.0,TE,2,2,R1-2,R1-2,1,1.0,1-12,1-12,1,1.0,1,1.0,True,1,1.0,1,1.0,1,1.0
2020,Chris Godwin Jr.,WR,21.5,00-0033921,191.0,12,84.0,WR,15.916666666666666,31.0,15.0,WR,2,3,R1-2,R3-4,0,0.0,25-36,13-24,0,1.0,1,1.0,True,0,0.0,1,1.0,0,0.0
2020,James Conner,RB,22.4,00-0033553,164.6,13,43.0,RB,12.661538461538461,27.0,26.0,RB,2,3,R1-2,R3-4,0,0.0,25-36,25-36,0,0.0,1,1.0,True,0,0.0,0,0.0,0,0.0
2020,Lamar Jackson,QB,22.7,00-0034796,332.78,15,0.0,QB,22.185333333333332,10.0,9.0,QB,2,3,R1-2,R3-4,1,1.0,1-12,1-12,1,1.0,1,1.0,True,1,1.0,1,1.0,1,1.0
2020,George Kittle,TE,24.4,00-0033288,125.1,8,63.0,TE,15.6375,20.0,3.0,TE,3,3,R3-4,R3-4,0,1.0,13-24,1-12,1,1.0,1,1.0,True,0,1.0,0,1.0,0,1.0
2020,Kenny Golladay,WR,25.8,00-0033932,65.8,5,32.0,WR,13.16,103.0,36.0,WR,3,3,R3-4,R3-4,0,0.0,none,25-36,0,0.0,0,1.0,True,0,0.0,0,0.0,0,0.0
2020,Chris Carson,RB,26.4,00-0033594,187.8,12,46.0,RB,15.65,19.0,12.0,RB,3,3,R3-4,R3-4,0,1.0,13-24,1-12,1,1.0,1,1.0,True,0,1.0,0,1.0,0,1.0
2020,Mike Evans,WR,27.9,00-0031408,248.6,16,109.0,WR,15.5375,11.0,16.0,WR,3,3,R3-4,R3-4,1,0.0,1-12,13-24,1,1.0,1,1.0,True,1,1.0,1,1.0,1,1.0
2020,David Johnson,RB,28.5,00-0032187,179.5,12,46.0,RB,14.958333333333334,21.0,14.0,RB,3,3,R3-4,R3-4,0,0.0,13-24,13-24,1,1.0,1,1.0,True,0,1.0,0,1.0,0,1.0
2020,Todd Gurley,RB,29.1,00-0032241,163.2,15,35.0,RB,10.879999999999999,29.0,33.0,RB,3,3,R3-4,R3-4,0,0.0,25-36,25-36,0,0.0,1,1.0,True,0,0.0,0,0.0,0,0.0
2020,Adam Thielen,WR,30.3,00-0030035,254.0,15,108.0,WR,16.933333333333334,10.0,11.0,WR,3,4,R3-4,R3-4,1,1.0,1-12,1-12,1,1.0,1,1.0,True,1,1.0,1,1.0,1,1.0
2020,Allen Robinson II,WR,31.8,00-0031428,262.90000000000003,16,151.0,WR,16.431250000000002,9.0,13.0,WR,3,4,R3-4,R3-4,1,0.0,1-12,13-24,1,1.0,1,1.0,True,1,1.0,1,1.0,1,1.0
2020,Jonathan Taylor,RB,32.6,00-0036223,252.8,15,39.0,RB,16.853333333333335,6.0,8.0,RB,3,4,R3-4,R3-4,1,1.0,1-12,1-12,1,1.0,1,1.0,True,1,1.0,1,1.0,1,1.0
2020,DJ Moore,WR,32.6,00-0034827,211.5,15,118.0,WR,14.1,25.0,28.0,WR,3,4,R3-4,R3-4,0,0.0,25-36,25-36,0,0.0,1,1.0,True,1,0.0,1,0.0,1,0.0
2020,LeVeon Bell,RB,34.5,00-0030496,74.6,11,20.0,RB,6.781818181818181,62.0,58.0,RB,3,4,R3-4,R3-4,0,0.0,none,none,0,0.0,0,0.0,True,0,0.0,0,0.0,0,0.0
2020,Leonard Fournette,RB,35.4,00-0033856,132.0,12,47.0,RB,11.0,35.0,32.0,RB,3,4,R3-4,R3-4,0,0.0,25-36,25-36,0,0.0,1,1.0,True,0,0.0,0,0.0,0,0.0
2020,Odell Beckham Jr.,WR,35.7,00-0031235,86.82,7,43.0,WR,12.402857142857142,91.0,40.0,WR,3,4,R3-4,R3-4,0,0.0,none,none,0,0.0,0,0.0,True,0,0.0,0,0.0,0,0.0
2020,JuJu Smith-Schuster,WR,36.9,00-0033857,234.1,16,128.0,WR,14.63125,16.0,24.0,WR,4,4,R3-4,R3-4,0,0.0,13-24,13-24,1,1.0,1,1.0,True,1,1.0,1,0.0,1,1.0
2020,Amari Cooper,WR,38.1,00-0031544,236.8,16,130.0,WR,14.8,15.0,22.0,WR,4,4,R3-4,R3-4,0,0.0,13-24,13-24,1,1.0,1,1.0,True,1,1.0,1,1.0,1,1.0
2020,Melvin Gordon III,RB,39.4,00-0032144,198.4,15,44.0,RB,13.226666666666667,14.0,23.0,RB,4,4,R3-4,R3-4,0,0.0,13-24,13-24,1,1.0,1,1.0,True,1,0.0,1,0.0,1,0.0
2020,Cooper Kupp,WR,40.3,00-0033908,210.7,15,124.0,WR,14.046666666666665,26.0,29.0,WR,4,5,R3-4,R5-6,0,0.0,25-36,25-36,0,0.0,1,1.0,True,1,0.0,1,1.0,1,0.0
2020,Calvin Ridley,WR,40.9,00-0034837,281.5,15,143.0,WR,18.766666666666666,5.0,4.0,WR,4,5,R3-4,R5-6,1,1.0,1-12,1-12,1,1.0,1,1.0,True,1,1.0,1,1.0,1,1.0
2020,Mark Andrews,TE,42.4,00-0034753,170.1,14,88.0,TE,12.15,6.0,4.0,TE,4,5,R3-4,R5-6,1,1.0,1-12,1-12,1,1.0,1,1.0,True,0,0.0,0,0.0,0,0.0
2020,Robert Woods,WR,42.4,00-0030431,245.1,16,129.0,WR,15.31875,13.0,19.0,WR,4,5,R3-4,R5-6,0,0.0,13-24,13-24,1,1.0,1,1.0,True,1,1.0,1,1.0,1,1.0
2020,Mark Ingram II,RB,42.5,00-0027966,52.9,10,8.0,RB,5.29,76.0,70.0,RB,4,5,R3-4,R5-6,0,0.0,none,none,0,0.0,0,0.0,True,0,0.0,0,0.0,0,0.0
2020,A.J. Brown,WR,44.4,00-0035676,247.5,14,106.0,WR,17.678571428571427,12.0,6.0,WR,4,5,R3-4,R5-6,1,1.0,1-12,1-12,1,1.0,1,1.0,True,1,1.0,1,1.0,1,1.0
2020,DK Metcalf,WR,45.3,00-0035640,271.3,16,129.0,WR,16.95625,7.0,10.0,WR,4,5,R3-4,R5-6,1,1.0,1-12,1-12,1,1.0,1,1.0,True,1,1.0,1,1.0,1,1.0
2020,Devin Singletary,RB,46.4,00-0035250,143.6,16,50.0,RB,8.975,31.0,44.0,RB,4,5,R3-4,R5-6,0,0.0,25-36,none,0,0.0,1,0.0,True,0,0.0,0,0.0,0,0.0
2020,DJ Chark,WR,47.5,00-0034777,153.6,13,93.0,WR,11.815384615384614,49.0,44.0,WR,4,5,R3-4,R5-6,0,0.0,none,none,0,0.0,0,0.0,True,0,0.0,0,0.0,0,0.0
2020,Raheem Mostert,RB,49.4,00-0031687,99.7,8,19.0,RB,12.4625,48.0,27.0,RB,5,5,R5-6,R5-6,0,0.0,none,25-36,0,0.0,0,1.0,True,0,0.0,0,0.0,0,0.0
2020,Tyler Lockett,WR,49.9,00-0032211,265.4,16,132.0,WR,16.5875,8.0,12.0,WR,5,5,R5-6,R5-6,1,1.0,1-12,1-12,1,1.0,1,1.0,True,1,1.0,1,1.0,1,1.0
2020,Zach Ertz,TE,50.6,00-0030061,77.5,11,72.0,TE,7.045454545454546,32.0,28.0,TE,5,6,R5-6,R5-6,0,0.0,25-36,25-36,0,0.0,1,1.0,True,0,0.0,0,0.0,0,0.0
2020,Terry McLaurin,WR,50.8,00-0035659,223.8,15,134.0,WR,14.92,20.0,20.0,WR,5,6,R5-6,R5-6,0,0.0,13-24,13-24,1,1.0,1,1.0,True,1,1.0,1,1.0,1,1.0
2020,Cam Akers,RB,52.8,00-0036414,101.8,11,14.0,RB,9.254545454545454,45.0,39.0,RB,5,6,R5-6,R5-6,0,0.0,none,none,0,0.0,0,0.0,True,0,0.0,0,0.0,0,0.0
2020,Kareem Hunt,RB,53.1,00-0033923,218.5,16,51.0,RB,13.65625,10.0,20.0,RB,5,6,R5-6,R5-6,1,0.0,1-12,13-24,1,1.0,1,1.0,True,1,0.0,1,1.0,1,0.0
2020,Keenan Allen,WR,53.5,00-0030279,245.1,14,147.0,WR,17.507142857142856,13.0,7.0,WR,5,6,R5-6,R5-6,0,1.0,13-24,1-12,1,1.0,1,1.0,True,1,1.0,1,1.0,1,1.0
2020,Dak Prescott,QB,54.7,00-0033077,135.64000000000001,5,1.0,QB,27.128000000000004,30.0,1.0,QB,5,6,R5-6,R5-6,0,1.0,25-36,1-12,0,1.0,1,1.0,True,0,1.0,0,1.0,0,1.0
2020,Ronald Jones,RB,56.5,00-0034816,186.3,14,42.0,RB,13.307142857142859,20.0,22.0,RB,5,6,R5-6,R5-6,0,0.0,13-24,13-24,1,1.0,1,1.0,True,0,0.0,1,0.0,0,0.0
2020,T.Y. Hilton,WR,57.5,00-0029608,164.20000000000002,15,93.0,WR,10.946666666666667,42.0,53.0,WR,5,6,R5-6,R5-6,0,0.0,none,none,0,0.0,0,0.0,True,0,0.0,0,0.0,0,0.0
2020,Courtland Sutton,WR,58.1,00-0034348,9.6,1,6.0,WR,9.6,180.0,,WR,5,6,R5-6,R5-6,0,,none,none,0,,0,,False,0,,0,,0,
2020,David Montgomery,RB,59.7,00-0035685,264.8,15,68.0,RB,17.653333333333332,4.0,6.0,RB,5,6,R5-6,R5-6,1,1.0,1-12,1-12,1,1.0,1,1.0,True,1,1.0,1,1.0,1,1.0
2020,Hollywood Brown,WR,60.0,00-0035662,183.0,16,100.0,WR,11.4375,36.0,48.0,WR,5,6,R5-6,R5-6,0,0.0,25-36,none,0,0.0,1,0.0,True,0,0.0,0,0.0,0,0.0
2020,D'Andre Swift,RB,61.4,00-0036275,189.8,13,57.0,RB,14.600000000000001,18.0,16.0,RB,6,7,R5-6,R7-8,0,0.0,13-24,13-24,1,1.0,1,1.0,True,1,1.0,1,1.0,1,1.0
2020,Darren Waller,TE,61.6,00-0031610,278.6,16,145.0,TE,17.4125,2.0,2.0,TE,6,7,R5-6,R7-8,1,1.0,1-12,1-12,1,1.0,1,1.0,True,1,1.0,1,1.0,1,1.0
2020,Russell Wilson,QB,62.0,00-0029263,359.78,16,0.0,QB,22.48625,6.0,7.0,QB,6,7,R5-6,R7-8,1,1.0,1-12,1-12,1,1.0,1,1.0,True,1,1.0,1,1.0,1,1.0
2020,Kyler Murray,QB,62.6,00-0035228,378.74,16,0.0,QB,23.67125,3.0,5.0,QB,6,7,R5-6,R7-8,1,1.0,1-12,1-12,1,1.0,1,1.0,True,1,1.0,1,1.0,1,1.0
2020,Stefon Diggs,WR,65.0,00-0031588,328.6,16,166.0,WR,20.5375,3.0,3.0,WR,6,7,R5-6,R7-8,1,1.0,1-12,1-12,1,1.0,1,1.0,True,1,1.0,1,1.0,1,1.0
2020,DeVante Parker,WR,66.7,00-0031547,166.3,14,103.0,WR,11.87857142857143,40.0,42.0,WR,6,7,R5-6,R7-8,0,0.0,none,none,0,0.0,0,0.0,True,0,0.0,0,1.0,0,0.0
2020,J.K. Dobbins,RB,67.0,00-0036158,168.5,15,24.0,RB,11.233333333333333,24.0,31.0,RB,6,7,R5-6,R7-8,0,0.0,13-24,25-36,1,0.0,1,1.0,True,0,0.0,0,0.0,0,0.0
2020,Deshaun Watson,QB,69.3,00-0033537,369.32,16,0.0,QB,23.0825,5.0,6.0,QB,6,7,R5-6,R7-8,1,1.0,1-12,1-12,1,1.0,1,1.0,True,1,1.0,1,1.0,1,1.0
2020,A.J. Green,WR,69.8,00-0027942,111.3,16,104.0,WR,6.95625,68.0,94.0,WR,6,7,R5-6,R7-8,0,0.0,none,none,0,0.0,0,0.0,True,0,0.0,0,0.0,0,0.0
2020,Rob Gronkowski,TE,70.4,00-0027656,149.3,16,77.0,TE,9.33125,9.0,16.0,TE,6,8,R5-6,R7-8,1,0.0,1-12,13-24,1,1.0,1,1.0,True,0,0.0,0,0.0,0,0.0
2020,Will Fuller,WR,70.5,00-0033127,188.9,11,75.0,WR,17.172727272727272,32.0,8.0,WR,6,8,R5-6,R7-8,0,1.0,25-36,1-12,0,1.0,1,1.0,True,1,1.0,1,1.0,1,1.0
2020,Michael Gallup,WR,72.2,00-0034764,173.3,16,105.0,WR,10.83125,38.0,54.0,WR,7,8,R7-8,R7-8,0,0.0,none,none,0,0.0,0,0.0,True,1,0.0,1,0.0,1,0.0
2020,James White,RB,72.7,00-0031062,116.6,14,62.0,RB,8.328571428571427,42.0,48.0,RB,7,8,R7-8,R7-8,0,0.0,none,none,0,0.0,0,0.0,True,0,0.0,0,0.0,0,0.0
2020,Marlon Mack,RB,74.6,00-0033951,8.6,1,3.0,RB,8.6,126.0,,RB,7,8,R7-8,R7-8,0,,none,none,0,,0,,False,0,,0,,0,
2020,Evan Engram,TE,74.8,00-0033881,141.0,16,109.0,TE,8.8125,16.0,20.0,TE,7,8,R7-8,R7-8,0,0.0,13-24,13-24,1,1.0,1,1.0,True,0,0.0,0,0.0,0,0.0
2020,Julian Edelman,WR,77.2,00-0027150,56.22,6,39.0,WR,9.37,111.0,66.0,WR,7,8,R7-8,R7-8,0,0.0,none,none,0,0.0,0,0.0,True,0,0.0,0,0.0,0,0.0
2020,Tyler Boyd,WR,78.5,00-0033009,192.64,15,110.0,WR,12.842666666666666,29.0,38.0,WR,7,8,R7-8,R7-8,0,0.0,25-36,none,0,0.0,1,0.0,True,1,1.0,1,1.0,1,1.0
2020,Antonio Gibson,RB,79.0,00-0036328,202.2,14,44.0,RB,14.442857142857141,13.0,17.0,RB,7,8,R7-8,R7-8,0,0.0,13-24,13-24,1,1.0,1,1.0,True,1,1.0,1,1.0,1,1.0
2020,Hayden Hurst,TE,79.4,00-0034830,149.1,16,88.0,TE,9.31875,11.0,17.0,TE,7,8,R7-8,R7-8,1,0.0,1-12,13-24,1,1.0,1,1.0,True,1,0.0,0,0.0,1,0.0
2020,Jordan Howard,RB,80.0,00-0032780,30.7,7,1.0,RB,4.385714285714285,91.0,81.0,RB,7,8,R7-8,R7-8,0,0.0,none,none,0,0.0,0,0.0,True,0,0.0,0,0.0,0,0.0
2020,Drew Brees,QB,80.1,00-0020531,209.48,12,0.0,QB,17.456666666666667,21.0,16.0,QB,7,9,R7-8,R9+,0,0.0,13-24,13-24,1,1.0,1,1.0,True,1,1.0,1,1.0,1,1.0
2020,Brandin Cooks,WR,81.5,00-0031236,232.0,15,119.0,WR,15.466666666666667,17.0,17.0,WR,7,9,R7-8,R9+,0,0.0,13-24,13-24,1,1.0,1,1.0,True,1,1.0,1,1.0,1,1.0
2020,Zack Moss,RB,83.7,00-0036251,101.6,13,18.0,RB,7.815384615384615,46.0,51.0,RB,7,9,R7-8,R9+,0,0.0,none,none,0,0.0,0,0.0,True,0,0.0,0,0.0,0,0.0
2020,Phillip Lindsay,RB,83.8,00-0034109,66.0,11,14.0,RB,6.0,66.0,64.0,RB,7,9,R7-8,R9+,0,0.0,none,none,0,0.0,0,0.0,True,0,0.0,0,0.0,0,0.0
2020,Tarik Cohen,RB,84.6,00-0033556,17.5,3,9.0,RB,5.833333333333333,107.0,,RB,8,9,R7-8,R9+,0,,none,none,0,,0,,False,0,,0,,0,
2020,Matt Ryan,QB,84.8,00-0026143,282.44,16,0.0,QB,17.6525,12.0,15.0,QB,8,9,R7-8,R9+,1,0.0,1-12,13-24,1,1.0,1,1.0,True,1,1.0,1,1.0,1,1.0
2020,Jarvis Landry,WR,85.5,00-0031382,187.96,15,101.0,WR,12.530666666666667,33.0,39.0,WR,8,9,R7-8,R9+,0,0.0,25-36,none,0,0.0,1,0.0,True,1,1.0,1,1.0,1,1.0
2020,Tom Brady,QB,88.0,00-0019596,337.92,16,0.0,QB,21.12,8.0,11.0,QB,8,9,R7-8,R9+,1,1.0,1-12,1-12,1,1.0,1,1.0,True,1,1.0,1,1.0,1,1.0
2020,Deebo Samuel Sr.,WR,89.1,00-0035719,80.7,7,44.0,WR,11.528571428571428,96.0,47.0,WR,8,9,R7-8,R9+,0,0.0,none,none,0,0.0,0,0.0,True,0,1.0,0,1.0,0,1.0
2020,Diontae Johnson,WR,89.4,00-0035216,223.8,15,144.0,WR,14.92,20.0,20.0,WR,8,9,R7-8,R9+,0,0.0,13-24,13-24,1,1.0,1,1.0,True,1,1.0,1,1.0,1,1.0
2020,Tyler Higbee,TE,89.7,00-0033110,128.2,15,60.0,TE,8.546666666666665,18.0,23.0,TE,8,9,R7-8,R9+,0,0.0,13-24,13-24,1,1.0,1,1.0,True,0,0.0,1,0.0,0,0.0
2020,Matt Breida,RB,90.5,00-0033308,42.0,10,10.0,RB,4.2,81.0,84.0,RB,8,10,R7-8,R9+,0,0.0,none,none,0,0.0,0,0.0,True,0,0.0,0,0.0,0,0.0
2020,CeeDee Lamb,WR,93.2,00-0036358,217.7,16,111.0,WR,13.60625,22.0,33.0,WR,8,10,R7-8,R9+,0,0.0,13-24,25-36,1,0.0,1,1.0,True,1,1.0,1,1.0,1,1.0
2020,Aaron Rodgers,QB,94.3,00-0023459,383.26,16,1.0,QB,23.95375,2.0,4.0,QB,8,10,R7-8,R9+,1,1.0,1-12,1-12,1,1.0,1,1.0,True,1,1.0,1,1.0,1,1.0
2020,Latavius Murray,RB,94.9,00-0030513,136.2,15,26.0,RB,9.08,34.0,41.0,RB,8,10,R7-8,R9+,0,0.0,25-36,none,0,0.0,1,0.0,True,0,0.0,1,0.0,0,0.0
2020,Marvin Jones Jr.,WR,95.1,00-0029293,227.8,16,115.0,WR,14.2375,18.0,26.0,WR,8,10,R7-8,R9+,0,0.0,13-24,25-36,1,0.0,1,1.0,True,1,1.0,1,1.0,1,1.0
2020,Tevin Coleman,RB,96.4,00-0032058,12.700000000000001,6,5.0,RB,2.1166666666666667,120.0,110.0,RB,9,10,R9+,R9+,0,0.0,none,none,0,0.0,0,0.0,True,0,0.0,0,0.0,0,0.0
2020,Alexander Mattison,RB,96.7,00-0034972,86.9,13,15.0,RB,6.684615384615385,55.0,59.0,RB,9,10,R9+,R9+,0,0.0,none,none,0,0.0,0,0.0,True,0,0.0,0,0.0,0,0.0
2020,Kerryon Johnson,RB,97.2,00-0034349,71.8,14,26.0,RB,5.128571428571428,63.0,74.0,RB,9,10,R9+,R9+,0,0.0,none,none,0,0.0,0,0.0,True,0,0.0,0,0.0,0,0.0
2020,Hunter Henry,TE,98.0,00-0033090,145.3,14,93.0,TE,10.37857142857143,13.0,11.0,TE,9,10,R9+,R9+,0,1.0,13-24,1-12,1,1.0,1,1.0,True,1,1.0,1,1.0,1,1.0
2020,Emmanuel Sanders,WR,100.0,00-0027685,164.8,14,82.0,WR,11.771428571428572,41.0,45.0,WR,9,10,R9+,R9+,0,0.0,none,none,0,0.0,0,0.0,True,1,1.0,1,1.0,1,1.0
2020,Chase Edmonds,RB,101.1,00-0034681,168.0,16,67.0,RB,10.5,25.0,35.0,RB,9,11,R9+,R9+,0,0.0,25-36,25-36,0,0.0,1,1.0,True,1,1.0,1,1.0,1,1.0
2020,Damien Harris,RB,101.1,00-0035657,91.3,10,7.0,RB,9.129999999999999,53.0,40.0,RB,9,11,R9+,R9+,0,0.0,none,none,0,0.0,0,0.0,True,0,1.0,0,0.0,0,1.0
2020,Josh Allen,QB,101.5,00-0034857,396.06,16,1.0,QB,24.75375,1.0,3.0,QB,9,11,R9+,R9+,1,1.0,1-12,1-12,1,1.0,1,1.0,True,1,1.0,1,1.0,1,1.0
2020,Jamison Crowder,WR,102.6,00-0031941,172.02,12,89.0,WR,14.335,39.0,25.0,WR,9,11,R9+,R9+,0,0.0,none,25-36,0,0.0,0,1.0,True,1,1.0,1,1.0,1,1.0
2020,Henry Ruggs III,WR,104.5,00-0036357,84.10000000000001,13,43.0,WR,6.46923076923077,94.0,102.0,WR,9,11,R9+,R9+,0,0.0,none,none,0,0.0,0,0.0,True,0,0.0,0,0.0,0,0.0
2020,Mecole Hardman Jr.,WR,106.1,00-0035140,130.1,16,62.0,WR,8.13125,60.0,79.0,WR,9,11,R9+,R9+,0,0.0,none,none,0,0.0,0,0.0,True,1,0.0,1,0.0,1,0.0
2020,Sony Michel,RB,107.4,00-0034845,75.30000000000001,8,9.0,RB,9.412500000000001,60.0,38.0,RB,9,11,R9+,R9+,0,0.0,none,none,0,0.0,0,0.0,True,0,1.0,0,1.0,0,1.0
2020,Carson Wentz,QB,107.9,00-0032950,198.4,12,0.0,QB,16.533333333333335,22.0,21.0,QB,9,11,R9+,R9+,0,0.0,13-24,13-24,1,1.0,1,1.0,True,1,1.0,1,1.0,1,1.0
2020,Jalen Reagor,WR,109.5,00-0036387,87.2,11,54.0,WR,7.927272727272728,90.0,81.0,WR,10,11,R9+,R9+,0,0.0,none,none,0,0.0,0,0.0,True,0,0.0,0,0.0,0,0.0
2020,Matthew Stafford,QB,111.3,00-0026498,260.56,16,1.0,QB,16.285,16.0,22.0,QB,10,12,R9+,R9+,0,0.0,13-24,13-24,1,1.0,1,1.0,True,1,1.0,1,1.0,1,1.0
2020,AJ Dillon,RB,111.9,00-0036265,40.3,9,2.0,RB,4.477777777777778,83.0,80.0,RB,10,12,R9+,R9+,0,0.0,none,none,0,0.0,0,0.0,True,0,0.0,0,0.0,0,0.0
2020,Jerry Jeudy,WR,112.3,00-0036407,157.6,16,113.0,WR,9.85,45.0,60.0,WR,10,12,R9+,R9+,0,0.0,none,none,0,0.0,0,0.0,True,1,1.0,1,1.0,1,1.0
2020,Darius Slayton,WR,113.2,00-0035535,141.0,16,96.0,WR,8.8125,54.0,70.0,WR,10,12,R9+,R9+,0,0.0,none,none,0,0.0,0,0.0,True,1,0.0,1,0.0,1,0.0
2020,Darrell Henderson Jr.,RB,114.1,00-0035664,130.3,15,24.0,RB,8.686666666666667,36.0,45.0,RB,10,12,R9+,R9+,0,0.0,25-36,none,0,0.0,1,0.0,True,1,0.0,1,0.0,1,0.0
2020,Jared Cook,TE,115.2,00-0027061,127.4,15,60.0,TE,8.493333333333334,19.0,24.0,TE,10,12,R9+,R9+,0,0.0,13-24,13-24,1,1.0,1,1.0,True,1,0.0,1,0.0,1,0.0
2020,Christian Kirk,WR,116.9,00-0034775,146.4,14,79.0,WR,10.457142857142857,51.0,57.0,WR,10,12,R9+,R9+,0,0.0,none,none,0,0.0,0,0.0,True,1,1.0,1,1.0,1,1.0
2020,Adrian Peterson,RB,118.4,00-0025394,124.5,16,18.0,RB,7.78125,40.0,52.0,RB,10,12,R9+,R9+,0,0.0,none,none,0,0.0,0,0.0,True,1,0.0,0,0.0,1,0.0
2020,Sterling Shepard,WR,118.9,00-0032385,162.5,12,90.0,WR,13.541666666666666,43.0,34.0,WR,10,12,R9+,R9+,0,0.0,none,25-36,0,0.0,0,1.0,True,1,1.0,1,1.0,1,1.0
2020,Tony Pollard,RB,119.4,00-0035261,120.8,16,40.0,RB,7.55,41.0,54.0,RB,10,12,R9+,R9+,0,0.0,none,none,0,0.0,0,0.0,True,1,0.0,0,0.0,1,0.0
2020,Noah Fant,TE,119.6,00-0035644,149.3,14,93.0,TE,10.664285714285715,9.0,8.0,TE,10,12,R9+,R9+,1,1.0,1-12,1-12,1,1.0,1,1.0,True,1,1.0,1,1.0,1,1.0
2020,Boston Scott,RB,120.1,00-0034414,95.6,16,36.0,RB,5.975,50.0,65.0,RB,11,13,R9+,R9+,0,0.0,none,none,0,0.0,0,0.0,True,0,0.0,0,0.0,0,0.0
2020,Cam Newton,QB,120.7,00-0027939,260.98,15,2.0,QB,17.398666666666667,15.0,17.0,QB,11,13,R9+,R9+,0,0.0,13-24,13-24,1,1.0,1,1.0,True,1,1.0,1,1.0,1,1.0
2020,Justin Jefferson,WR,121.5,00-0036322,274.2,16,125.0,WR,17.1375,6.0,9.0,WR,11,13,R9+,R9+,1,1.0,1-12,1-12,1,1.0,1,1.0,True,1,1.0,1,1.0,1,1.0
2020,Daniel Jones,QB,125.4,00-0035710,180.02,14,0.0,QB,12.858571428571429,24.0,30.0,QB,11,13,R9+,R9+,0,0.0,13-24,25-36,1,0.0,1,1.0,True,1,1.0,1,1.0,1,1.0
2020,Bryce Love,RB,126.8,00-0035256,0.0,0,,RB,,,,,11,13,R9+,R9+,0,,none,none,0,,0,,False,0,,0,,0,
2020,Anthony Miller,WR,126.9,00-0034353,108.7,16,76.0,WR,6.79375,69.0,97.0,WR,11,13,R9+,R9+,0,0.0,none,none,0,0.0,0,0.0,True,0,0.0,0,0.0,0,0.0
2020,DeSean Jackson,WR,127.1,00-0026189,44.8,5,26.0,WR,8.959999999999999,124.0,69.0,WR,11,13,R9+,R9+,0,0.0,none,none,0,0.0,0,0.0,True,0,0.0,0,0.0,0,0.0
2020,Ben Roethlisberger,QB,129.5,00-0022924,267.21999999999997,15,0.0,QB,17.814666666666664,14.0,14.0,QB,11,13,R9+,R9+,0,0.0,13-24,13-24,1,1.0,1,1.0,True,1,1.0,1,1.0,1,1.0
2020,Preston Williams,WR,130.9,00-0035350,74.8,8,35.0,WR,9.35,98.0,67.0,WR,11,14,R9+,R9+,0,0.0,none,none,0,0.0,0,0.0,True,0,1.0,0,0.0,0,1.0
2020,Duke Johnson,RB,131.0,00-0032257,84.4,11,35.0,RB,7.672727272727273,58.0,53.0,RB,11,14,R9+,R9+,0,0.0,none,none,0,0.0,0,0.0,True,0,0.0,0,0.0,0,0.0
2020,Allen Lazard,WR,131.0,00-0034521,97.8,10,46.0,WR,9.78,80.0,62.0,WR,11,14,R9+,R9+,0,0.0,none,none,0,0.0,0,0.0,True,0,1.0,0,1.0,0,1.0
2020,Ke'Shawn Vaughn,RB,134.4,00-0036450,23.3,6,10.0,RB,3.8833333333333333,97.0,89.0,RB,12,14,R9+,R9+,0,0.0,none,none,0,0.0,0,0.0,True,0,0.0,0,0.0,0,0.0
2020,Ryquell Armstead,RB,135.3,00-0035268,0.0,0,,RB,,,,,12,14,R9+,R9+,0,,none,none,0,,0,,False,0,,0,,0,
2020,Joe Burrow,QB,135.7,00-0036442,173.72,10,0.0,QB,17.372,25.0,18.0,QB,12,14,R9+,R9+,0,0.0,25-36,13-24,0,1.0,1,1.0,True,1,1.0,1,1.0,1,1.0
2020,Brandon Aiyuk,WR,135.9,00-0036261,184.5,12,96.0,WR,15.375,35.0,18.0,WR,12,14,R9+,R9+,0,0.0,25-36,13-24,0,1.0,1,1.0,True,1,1.0,1,1.0,1,1.0
2020,Austin Hooper,TE,136.7,00-0032392,113.5,13,70.0,TE,8.73076923076923,22.0,22.0,TE,12,14,R9+,R9+,0,0.0,13-24,13-24,1,1.0,1,1.0,True,1,0.0,0,0.0,1,0.0
2020,Justin Jackson,RB,137.6,00-0034440,65.3,8,24.0,RB,8.1625,68.0,49.0,RB,12,14,R9+,R9+,0,0.0,none,none,0,0.0,0,0.0,True,0,0.0,0,0.0,0,0.0
2020,Nyheim Hines,RB,139.9,00-0034367,193.2,16,76.0,RB,12.075,15.0,28.0,RB,12,14,R9+,R9+,0,0.0,13-24,25-36,1,0.0,1,1.0,True,1,1.0,1,1.0,1,1.0
2020,Sammy Watkins,WR,140.5,00-0031325,87.4,10,55.0,WR,8.74,88.0,71.0,WR,12,15,R9+,R9+,0,0.0,none,none,0,0.0,0,0.0,True,0,0.0,0,0.0,0,0.0
2020,T.J. Hockenson,TE,143.1,00-0035229,175.3,16,101.0,TE,10.95625,5.0,7.0,TE,12,15,R9+,R9+,1,1.0,1-12,1-12,1,1.0,1,1.0,True,1,1.0,1,1.0,1,1.0
2020,Baker Mayfield,QB,144.7,00-0034855,248.62,16,1.0,QB,15.53875,17.0,25.0,QB,13,15,R9+,R9+,0,0.0,13-24,25-36,1,0.0,1,1.0,True,1,1.0,1,1.0,1,1.0
2020,Golden Tate,WR,145.3,00-0027891,86.52,12,52.0,WR,7.21,92.0,92.0,WR,13,15,R9+,R9+,0,0.0,none,none,0,0.0,0,0.0,True,0,0.0,0,0.0,0,0.0
2020,Mike Gesicki,TE,146.5,00-0034829,159.3,15,85.0,TE,10.620000000000001,7.0,9.0,TE,13,15,R9+,R9+,1,1.0,1-12,1-12,1,1.0,1,1.0,True,1,1.0,1,1.0,1,1.0
2020,Jared Goff,QB,147.2,00-0033106,239.98,15,0.0,QB,15.998666666666667,19.0,24.0,QB,13,15,R9+,R9+,0,0.0,13-24,13-24,1,1.0,1,1.0,True,1,1.0,1,1.0,1,1.0
2020,John Brown,WR,149.1,00-0031051,96.8,9,52.0,WR,10.755555555555555,84.0,55.0,WR,13,15,R9+,R9+,0,0.0,none,none,0,0.0,0,0.0,True,0,1.0,0,1.0,0,1.0
2020,Chris Thompson,RB,149.6,00-0030404,42.6,6,23.0,RB,7.1000000000000005,80.0,56.0,RB,13,15,R9+,R9+,0,0.0,none,none,0,0.0,0,0.0,True,0,0.0,0,0.0,0,0.0
2020,Michael Pittman Jr.,WR,151.7,00-0036252,98.9,13,61.0,WR,7.607692307692308,79.0,85.0,WR,13,16,R9+,R9+,0,0.0,none,none,0,0.0,0,0.0,True,0,0.0,0,0.0,0,0.0
2020,Darrel Williams,RB,152.3,00-0034301,54.5,13,26.0,RB,4.1923076923076925,75.0,85.0,RB,13,16,R9+,R9+,0,0.0,none,none,0,0.0,0,0.0,True,0,0.0,0,0.0,0,0.0
2020,Jerick McKinnon,RB,152.3,00-0031376,126.2,14,46.0,RB,9.014285714285714,39.0,43.0,RB,13,16,R9+,R9+,0,0.0,none,none,0,0.0,0,0.0,True,1,0.0,1,0.0,1,0.0
2020,Benny Snell Jr.,RB,152.9,00-0035217,74.9,15,14.0,RB,4.993333333333334,61.0,75.0,RB,13,16,R9+,R9+,0,0.0,none,none,0,0.0,0,0.0,True,0,0.0,0,0.0,0,0.0
2020,Breshad Perriman,WR,153.0,00-0032054,99.10000000000001,12,60.0,WR,8.258333333333335,78.0,76.0,WR,13,16,R9+,R9+,0,0.0,none,none,0,0.0,0,0.0,True,0,0.0,0,0.0,0,0.0
2020,Jonnu Smith,TE,153.6,00-0033858,140.2,14,65.0,TE,10.014285714285714,17.0,12.0,TE,13,16,R9+,R9+,0,1.0,13-24,1-12,1,1.0,1,1.0,True,1,1.0,1,1.0,1,1.0
2020,Jack Doyle,TE,153.7,00-0030181,64.1,13,33.0,TE,4.93076923076923,41.0,46.0,TE,13,16,R9+,R9+,0,0.0,none,none,0,0.0,0,0.0,True,0,0.0,0,0.0,0,0.0
2020,Chris Herndon,TE,153.9,00-0034766,73.7,12,45.0,TE,6.141666666666667,34.0,34.0,TE,13,16,R9+,R9+,0,0.0,25-36,25-36,0,0.0,1,1.0,True,0,0.0,0,0.0,0,0.0
2020,Blake Jarwin,TE,154.4,00-0033658,2.2,1,1.0,TE,2.2,108.0,,TE,13,16,R9+,R9+,0,,none,none,0,,0,,False,0,,0,,0,
2020,Joshua Kelley,RB,154.5,00-0036370,81.2,13,23.0,RB,6.246153846153846,59.0,63.0,RB,13,16,R9+,R9+,0,0.0,none,none,0,0.0,0,0.0,True,0,0.0,0,0.0,0,0.0
2020,LeSean McCoy,RB,156.0,00-0027029,28.2,8,19.0,RB,3.525,94.0,93.0,RB,13,16,R9+,R9+,0,0.0,none,none,0,0.0,0,0.0,True,0,0.0,0,0.0,0,0.0
2020,Ryan Tannehill,QB,156.4,00-0029701,344.36,16,1.0,QB,21.5225,7.0,10.0,QB,14,16,R9+,R9+,1,1.0,1-12,1-12,1,1.0,1,1.0,True,1,1.0,1,1.0,1,1.0
2020,Carlos Hyde,RB,156.5,00-0031045,84.9,10,20.0,RB,8.49,57.0,47.0,RB,14,16,R9+,R9+,0,0.0,none,none,0,0.0,0,0.0,True,0,0.0,0,0.0,0,0.0
2020,Jimmy Garoppolo,QB,157.2,00-0031345,64.34,6,0.0,QB,10.723333333333334,38.0,38.0,QB,14,16,R9+,R9+,0,0.0,none,none,0,0.0,0,0.0,True,0,1.0,0,1.0,0,1.0
2020,Parris Campbell,WR,158.4,00-0035639,14.7,2,9.0,WR,7.35,166.0,,WR,14,16,R9+,R9+,0,,none,none,0,,0,,False,0,,0,,0,
2020,N'Keal Harry,WR,159.0,00-0035624,73.9,13,57.0,TE,5.684615384615385,99.0,113.0,WR,14,16,R9+,R9+,0,0.0,none,none,0,0.0,0,0.0,True,0,0.0,0,0.0,0,0.0
2020,Gardner Minshew II,QB,159.2,00-0035289,160.66,9,1.0,QB,17.85111111111111,26.0,13.0,QB,14,16,R9+,R9+,0,0.0,25-36,13-24,0,1.0,1,1.0,True,1,1.0,1,1.0,1,1.0
2020,Philip Rivers,QB,159.6,00-0022942,239.96,16,0.0,QB,14.9975,20.0,27.0,QB,14,16,R9+,R9+,0,0.0,13-24,25-36,1,0.0,1,1.0,True,1,1.0,1,1.0,1,1.0
2020,DeAndre Washington,RB,161.4,00-0032940,17.1,4,10.0,RB,4.275,110.0,83.0,RB,14,17,R9+,R9+,0,0.0,none,none,0,0.0,0,0.0,True,0,0.0,0,0.0,0,0.0
2020,Mike Williams,WR,161.9,00-0033536,153.7,14,85.0,WR,10.978571428571428,48.0,52.0,WR,14,17,R9+,R9+,0,0.0,none,none,0,0.0,0,0.0,True,1,1.0,1,1.0,1,1.0
2020,Drew Lock,QB,162.4,00-0035704,181.32,13,0.0,QB,13.947692307692307,23.0,28.0,QB,14,17,R9+,R9+,0,0.0,13-24,25-36,1,0.0,1,1.0,True,1,1.0,1,1.0,1,1.0
2020,Larry Fitzgerald,WR,162.8,00-0022921,100.9,13,72.0,WR,7.761538461538462,74.0,83.0,WR,14,17,R9+,R9+,0,0.0,none,none,0,0.0,0,0.0,True,0,0.0,0,0.0,0,0.0
2020,Curtis Samuel,WR,163.9,00-0033282,212.1,15,97.0,WR,14.139999999999999,24.0,27.0,WR,14,17,R9+,R9+,0,0.0,13-24,25-36,1,0.0,1,1.0,True,1,1.0,1,1.0,1,1.0
2020,Robbie Chosen,WR,163.9,00-0032688,224.1,16,136.0,WR,14.00625,19.0,30.0,WR,14,17,R9+,R9+,0,0.0,13-24,25-36,1,0.0,1,1.0,True,1,1.0,1,1.0,1,1.0
2020,Bryan Edwards,WR,164.2,00-0036365,36.3,9,15.0,WR,4.033333333333333,133.0,134.0,WR,14,17,R9+,R9+,0,0.0,none,none,0,0.0,0,0.0,True,0,0.0,0,0.0,0,0.0
2021,Christian McCaffrey,RB,1.2,00-0033280,127.5,7,41.0,RB,18.214285714285715,38.0,5.0,RB,1,1,R1-2,R1-2,0,1.0,none,1-12,0,1.0,0,1.0,True,0,1.0,0,1.0,0,1.0
2021,Dalvin Cook,RB,2.5,00-0033893,206.3,13,49.0,RB,15.86923076923077,16.0,11.0,RB,1,1,R1-2,R1-2,0,1.0,13-24,1-12,1,1.0,1,1.0,True,0,0.0,0,0.0,0,0.0
2021,Alvin Kamara,RB,3.8,00-0033906,234.7,13,67.0,RB,18.053846153846152,8.0,6.0,RB,1,1,R1-2,R1-2,1,1.0,1-12,1-12,1,1.0,1,1.0,True,0,1.0,0,1.0,0,1.0
2021,Derrick Henry,RB,4.0,00-0032764,193.3,8,20.0,RB,24.1625,22.0,1.0,RB,1,1,R1-2,R1-2,0,1.0,13-24,1-12,1,1.0,1,1.0,True,0,1.0,0,1.0,0,1.0
2021,Ezekiel Elliott,RB,5.3,00-0033045,252.06,17,65.0,RB,14.827058823529413,7.0,17.0,RB,1,1,R1-2,R1-2,1,0.0,1-12,13-24,1,1.0,1,1.0,True,1,0.0,1,0.0,1,0.0
2021,Davante Adams,WR,6.4,00-0031381,344.3,16,169.0,WR,21.51875,2.0,2.0,WR,1,1,R1-2,R1-2,1,1.0,1-12,1-12,1,1.0,1,1.0,True,1,1.0,1,1.0,1,1.0
2021,Aaron Jones Sr.,RB,7.5,00-0033293,229.0,15,65.0,RB,15.266666666666667,11.0,13.0,RB,1,1,R1-2,R1-2,1,0.0,1-12,13-24,1,1.0,1,1.0,True,0,0.0,0,0.0,0,0.0
2021,Travis Kelce,TE,8.2,00-0030506,262.8,16,134.0,TE,16.425,2.0,2.0,TE,1,1,R1-2,R1-2,1,1.0,1-12,1-12,1,1.0,1,1.0,True,1,0.0,1,0.0,1,0.0
2021,Austin Ekeler,RB,8.5,00-0033699,343.8,16,94.0,RB,21.4875,2.0,3.0,RB,1,1,R1-2,R1-2,1,1.0,1-12,1-12,1,1.0,1,1.0,True,1,1.0,1,1.0,1,1.0
2021,Nick Chubb,RB,9.9,00-0034791,215.3,14,25.0,RB,15.37857142857143,13.0,12.0,RB,1,1,R1-2,R1-2,0,1.0,13-24,1-12,1,1.0,1,1.0,True,0,0.0,0,0.0,0,0.0
2021,Tyreek Hill,WR,10.6,00-0033040,296.5,17,159.0,WR,17.441176470588236,6.0,6.0,WR,1,2,R1-2,R1-2,1,1.0,1-12,1-12,1,1.0,1,1.0,True,1,1.0,1,1.0,1,1.0
2021,Saquon Barkley,RB,12.0,00-0034844,148.6,13,57.0,RB,11.430769230769231,30.0,34.0,RB,1,2,R1-2,R1-2,0,0.0,25-36,25-36,0,0.0,1,1.0,True,0,0.0,0,0.0,0,0.0
2021,Najee Harris,RB,12.9,00-0036893,300.7,17,94.0,RB,17.688235294117646,3.0,8.0,RB,2,2,R1-2,R1-2,1,1.0,1-12,1-12,1,1.0,1,1.0,True,1,1.0,1,1.0,1,1.0
2021,Stefon Diggs,WR,13.5,00-0031588,285.5,17,164.0,WR,16.794117647058822,7.0,10.0,WR,2,2,R1-2,R1-2,1,1.0,1-12,1-12,1,1.0,1,1.0,True,1,1.0,1,1.0,1,1.0
2021,Jonathan Taylor,RB,13.8,00-0036223,373.1,17,51.0,RB,21.947058823529414,1.0,2.0,RB,2,2,R1-2,R1-2,1,1.0,1-12,1-12,1,1.0,1,1.0,True,1,1.0,1,1.0,1,1.0
2021,Antonio Gibson,RB,15.6,00-0036328,229.1,16,52.0,RB,14.31875,10.0,19.0,RB,2,2,R1-2,R1-2,1,0.0,1-12,13-24,1,1.0,1,1.0,True,0,0.0,0,0.0,0,0.0
2021,DeAndre Hopkins,WR,17.0,00-0030564,147.2,10,64.0,WR,14.719999999999999,46.0,20.0,WR,2,2,R1-2,R1-2,0,0.0,none,13-24,0,1.0,0,1.0,True,0,0.0,0,0.0,0,0.0
2021,Calvin Ridley,WR,18.0,00-0034837,71.1,5,52.0,WR,14.219999999999999,102.0,25.0,WR,2,2,R1-2,R1-2,0,0.0,none,25-36,0,0.0,0,1.0,True,0,0.0,0,0.0,0,0.0
2021,Joe Mixon,RB,19.2,00-0033897,287.9,16,48.0,RB,17.99375,4.0,7.0,RB,2,2,R1-2,R1-2,1,1.0,1-12,1-12,1,1.0,1,1.0,True,1,1.0,1,1.0,1,1.0
2021,DK Metcalf,WR,19.7,00-0035640,244.3,17,129.0,WR,14.370588235294118,14.0,23.0,WR,2,2,R1-2,R1-2,0,0.0,13-24,13-24,1,1.0,1,1.0,True,1,0.0,1,0.0,1,0.0
2021,Clyde Edwards-Helaire,RB,20.4,00-0036360,117.6,10,23.0,RB,11.76,44.0,30.0,RB,2,3,R1-2,R3-4,0,0.0,none,25-36,0,0.0,0,1.0,True,0,0.0,0,0.0,0,0.0
2021,Darren Waller,TE,21.5,00-0031610,133.5,11,93.0,TE,12.136363636363637,17.0,6.0,TE,2,3,R1-2,R3-4,0,1.0,13-24,1-12,1,1.0,1,1.0,True,0,0.0,0,0.0,0,0.0
2021,Justin Jefferson,WR,22.4,00-0036322,330.4,17,167.0,WR,19.435294117647057,4.0,4.0,WR,2,3,R1-2,R3-4,1,1.0,1-12,1-12,1,1.0,1,1.0,True,1,1.0,1,1.0,1,1.0
2021,Patrick Mahomes,QB,22.9,00-0033873,361.66,17,0.0,QB,21.274117647058826,4.0,5.0,QB,2,3,R1-2,R3-4,1,1.0,1-12,1-12,1,1.0,1,1.0,True,1,1.0,1,1.0,1,1.0
2021,A.J. Brown,WR,24.8,00-0035676,180.9,13,105.0,WR,13.915384615384616,32.0,29.0,WR,3,3,R3-4,R3-4,0,0.0,25-36,25-36,0,0.0,1,1.0,True,0,0.0,0,0.0,0,0.0
2021,David Montgomery,RB,25.9,00-0035685,195.0,13,51.0,RB,15.0,21.0,15.0,RB,3,3,R3-4,R3-4,0,0.0,13-24,13-24,1,1.0,1,1.0,True,0,1.0,0,1.0,0,1.0
2021,Keenan Allen,WR,25.9,00-0030279,257.8,16,157.0,WR,16.1125,11.0,12.0,WR,3,3,R3-4,R3-4,1,1.0,1-12,1-12,1,1.0,1,1.0,True,1,1.0,1,1.0,1,1.0
2021,Chris Carson,RB,28.0,00-0033594,48.1,4,6.0,RB,12.025,82.0,27.0,RB,3,3,R3-4,R3-4,0,0.0,none,25-36,0,0.0,0,1.0,True,0,0.0,0,0.0,0,0.0
2021,George Kittle,TE,28.5,00-0033288,198.0,14,94.0,TE,14.142857142857142,4.0,4.0,TE,3,3,R3-4,R3-4,1,1.0,1-12,1-12,1,1.0,1,1.0,True,1,1.0,0,0.0,1,1.0
2021,James Robinson,RB,29.1,00-0035831,173.9,14,46.0,RB,12.421428571428573,24.0,23.0,RB,3,3,R3-4,R3-4,0,0.0,13-24,13-24,1,1.0,1,1.0,True,0,0.0,0,0.0,0,0.0
2021,CeeDee Lamb,WR,29.6,00-0036358,232.8,16,120.0,WR,14.55,19.0,21.0,WR,3,3,R3-4,R3-4,0,0.0,13-24,13-24,1,1.0,1,1.0,True,1,1.0,1,1.0,1,1.0
2021,Terry McLaurin,WR,30.3,00-0035659,213.5,17,130.0,WR,12.558823529411764,25.0,33.0,WR,3,4,R3-4,R3-4,0,0.0,25-36,25-36,0,0.0,1,1.0,True,1,0.0,1,0.0,1,0.0
2021,Allen Robinson II,WR,32.7,00-0031428,87.0,12,66.0,WR,7.25,81.0,84.0,WR,3,4,R3-4,R3-4,0,0.0,none,none,0,0.0,0,0.0,True,0,0.0,0,0.0,0,0.0
2021,D'Andre Swift,RB,34.0,00-0036275,208.9,13,78.0,RB,16.06923076923077,15.0,10.0,RB,3,4,R3-4,R3-4,0,1.0,13-24,1-12,1,1.0,1,1.0,True,1,1.0,1,1.0,1,1.0
2021,Josh Allen,QB,34.4,00-0034857,402.58,17,0.0,QB,23.681176470588234,1.0,1.0,QB,3,4,R3-4,R3-4,1,1.0,1-12,1-12,1,1.0,1,1.0,True,1,1.0,1,1.0,1,1.0
2021,Robert Woods,WR,35.1,00-0030431,137.2,9,69.0,WR,15.244444444444444,51.0,17.0,WR,3,4,R3-4,R3-4,0,0.0,none,13-24,0,1.0,0,1.0,True,0,1.0,0,1.0,0,1.0
2021,Josh Jacobs,RB,35.4,00-0035700,226.0,15,64.0,RB,15.066666666666666,12.0,14.0,RB,3,4,R3-4,R3-4,1,0.0,1-12,13-24,1,1.0,1,1.0,True,1,1.0,1,1.0,1,1.0
2021,Mike Evans,WR,37.8,00-0031408,262.5,16,114.0,WR,16.40625,9.0,11.0,WR,4,4,R3-4,R3-4,1,1.0,1-12,1-12,1,1.0,1,1.0,True,1,1.0,1,1.0,1,1.0
2021,Miles Sanders,RB,38.7,00-0035243,117.2,12,34.0,RB,9.766666666666667,45.0,40.0,RB,4,4,R3-4,R3-4,0,0.0,none,none,0,0.0,0,0.0,True,0,0.0,0,0.0,0,0.0
2021,Amari Cooper,WR,40.0,00-0031544,202.5,15,104.0,WR,13.5,27.0,30.0,WR,4,4,R3-4,R3-4,0,0.0,25-36,25-36,0,0.0,1,1.0,True,1,0.0,1,0.0,1,0.0
2021,Kyle Pitts Sr.,TE,40.3,00-0036970,176.6,17,110.0,TE,10.388235294117647,6.0,12.0,TE,4,5,R3-4,R5-6,1,1.0,1-12,1-12,1,1.0,1,1.0,True,0,0.0,0,0.0,0,0.0
2021,Kyler Murray,QB,41.3,00-0035228,300.48,14,0.0,QB,21.462857142857143,10.0,4.0,QB,4,5,R3-4,R5-6,1,1.0,1-12,1-12,1,1.0,1,1.0,True,1,1.0,1,1.0,1,1.0
2021,Cooper Kupp,WR,41.3,00-0033908,439.5,17,191.0,WR,25.852941176470587,1.0,1.0,WR,4,5,R3-4,R5-6,1,1.0,1-12,1-12,1,1.0,1,1.0,True,1,1.0,1,1.0,1,1.0
2021,Mike Davis,RB,43.1,00-0032063,138.2,17,58.0,RB,8.129411764705882,35.0,51.0,RB,4,5,R3-4,R5-6,0,0.0,25-36,none,0,0.0,1,0.0,True,0,0.0,0,0.0,0,0.0
2021,Darrell Henderson Jr.,RB,43.8,00-0035664,163.4,12,40.0,RB,13.616666666666667,27.0,22.0,RB,4,5,R3-4,R5-6,0,0.0,25-36,13-24,0,1.0,1,1.0,True,0,0.0,0,0.0,0,0.0
2021,Diontae Johnson,WR,44.9,00-0035216,274.4,16,169.0,WR,17.15,8.0,9.0,WR,4,5,R3-4,R5-6,1,1.0,1-12,1-12,1,1.0,1,1.0,True,1,1.0,1,1.0,1,1.0
2021,Myles Gaskin,RB,45.7,00-0035311,173.6,17,63.0,RB,10.211764705882352,25.0,39.0,RB,4,5,R3-4,R5-6,0,0.0,25-36,none,0,0.0,1,0.0,True,0,0.0,0,0.0,0,0.0
2021,Julio Jones,WR,46.0,00-0027944,80.4,10,48.0,WR,8.040000000000001,93.0,76.0,WR,4,5,R3-4,R5-6,0,0.0,none,none,0,0.0,0,0.0,True,0,0.0,0,0.0,0,0.0
2021,Chris Godwin Jr.,WR,47.2,00-0033921,242.4,14,127.0,WR,17.314285714285713,15.0,7.0,WR,4,5,R3-4,R5-6,0,1.0,13-24,1-12,1,1.0,1,1.0,True,1,1.0,1,1.0,1,1.0
2021,Tyler Lockett,WR,48.4,00-0032211,241.4,16,107.0,WR,15.0875,16.0,19.0,WR,5,5,R5-6,R5-6,0,0.0,13-24,13-24,1,1.0,1,1.0,True,1,1.0,1,1.0,1,1.0
2021,Lamar Jackson,QB,50.9,00-0034796,239.98,12,0.0,QB,19.99833333333333,16.0,9.0,QB,5,6,R5-6,R5-6,0,1.0,13-24,1-12,1,1.0,1,1.0,True,1,1.0,1,1.0,1,1.0
2021,Adam Thielen,WR,52.3,00-0030035,199.8,13,95.0,WR,15.36923076923077,28.0,16.0,WR,5,6,R5-6,R5-6,0,0.0,25-36,13-24,0,1.0,1,1.0,True,1,1.0,0,1.0,1,1.0
2021,Javonte Williams,RB,52.7,00-0036997,204.9,17,53.0,RB,12.052941176470588,17.0,26.0,RB,5,6,R5-6,R5-6,0,0.0,13-24,25-36,1,0.0,1,1.0,True,1,0.0,1,0.0,1,0.0
2021,Mark Andrews,TE,52.8,00-0034753,301.1,17,153.0,TE,17.711764705882356,1.0,1.0,TE,5,6,R5-6,R5-6,1,1.0,1-12,1-12,1,1.0,1,1.0,True,1,1.0,1,1.0,1,1.0
2021,Kareem Hunt,RB,53.2,00-0033923,110.0,8,27.0,RB,13.75,49.0,21.0,RB,5,6,R5-6,R5-6,0,0.0,none,13-24,0,1.0,0,1.0,True,0,0.0,0,0.0,0,0.0
2021,Brandon Aiyuk,WR,53.9,00-0036261,170.3,17,84.0,WR,10.01764705882353,35.0,50.0,WR,5,6,R5-6,R5-6,0,0.0,25-36,none,0,0.0,1,0.0,True,0,0.0,0,0.0,0,0.0
2021,T.J. Hockenson,TE,55.4,00-0035229,145.3,12,84.0,TE,12.108333333333334,15.0,7.0,TE,5,6,R5-6,R5-6,0,1.0,13-24,1-12,1,1.0,1,1.0,True,0,0.0,0,0.0,0,0.0
2021,Damien Harris,RB,55.5,00-0035657,210.1,15,21.0,RB,14.006666666666666,14.0,20.0,RB,5,6,R5-6,R5-6,0,0.0,13-24,13-24,1,1.0,1,1.0,True,1,1.0,1,1.0,1,1.0
2021,Gus Edwards,RB,56.6,00-0034184,0.0,0,,RB,,,,,5,6,R5-6,R5-6,0,,none,none,0,,0,,False,0,,0,,0,
2021,DJ Moore,WR,57.0,00-0034827,237.5,17,163.0,WR,13.970588235294118,18.0,28.0,WR,5,6,R5-6,R5-6,0,0.0,13-24,25-36,1,0.0,1,1.0,True,1,0.0,1,0.0,1,0.0
2021,Aaron Rodgers,QB,59.0,00-0023459,333.3,16,1.0,QB,20.83125,5.0,6.0,QB,5,6,R5-6,R5-6,1,1.0,1-12,1-12,1,1.0,1,1.0,True,1,1.0,1,1.0,1,1.0
2021,Chase Edmonds,RB,60.4,00-0034681,143.3,12,53.0,RB,11.941666666666668,34.0,28.0,RB,6,7,R5-6,R7-8,0,0.0,25-36,25-36,0,0.0,1,1.0,True,0,0.0,0,1.0,0,0.0
2021,Chase Claypool,WR,61.1,00-0036326,166.6,15,105.0,WR,11.106666666666666,37.0,41.0,WR,6,7,R5-6,R7-8,0,0.0,none,none,0,0.0,0,0.0,True,0,0.0,1,1.0,0,0.0
2021,Tee Higgins,WR,61.3,00-0036410,219.1,14,110.0,WR,15.65,24.0,13.0,WR,6,7,R5-6,R7-8,0,0.0,13-24,13-24,1,1.0,1,1.0,True,1,1.0,1,1.0,1,1.0
2021,Raheem Mostert,RB,63.0,00-0031687,2.0,1,0.0,RB,2.0,142.0,,RB,6,7,R5-6,R7-8,0,,none,none,0,,0,,False,0,,0,,0,
2021,Jerry Jeudy,WR,64.1,00-0036407,85.0,10,56.0,WR,8.5,85.0,68.0,WR,6,7,R5-6,R7-8,0,0.0,none,none,0,0.0,0,0.0,True,0,0.0,0,0.0,0,0.0
2021,Dak Prescott,QB,66.7,00-0033077,320.56,16,0.0,QB,20.035,7.0,8.0,QB,6,7,R5-6,R7-8,1,1.0,1-12,1-12,1,1.0,1,1.0,True,1,1.0,1,1.0,1,1.0
2021,Trey Sermon,RB,67.7,00-0036984,28.3,6,4.0,RB,4.716666666666667,95.0,84.0,RB,6,7,R5-6,R7-8,0,0.0,none,none,0,0.0,0,0.0,True,0,0.0,0,0.0,0,0.0
2021,Odell Beckham Jr.,WR,69.0,00-0031235,129.1,14,82.0,WR,9.221428571428572,55.0,58.0,WR,6,7,R5-6,R7-8,0,0.0,none,none,0,0.0,0,0.0,True,0,0.0,0,0.0,0,0.0
2021,Justin Herbert,QB,69.3,00-0036355,380.76,17,0.0,QB,22.39764705882353,2.0,2.0,QB,6,7,R5-6,R7-8,1,1.0,1-12,1-12,1,1.0,1,1.0,True,1,1.0,1,1.0,1,1.0
2021,Russell Wilson,QB,69.4,00-0029263,242.82,14,0.0,QB,17.344285714285714,15.0,13.0,QB,6,7,R5-6,R7-8,0,0.0,13-24,13-24,1,1.0,1,1.0,True,1,1.0,1,1.0,1,1.0
2021,Michael Thomas,WR,69.5,00-0032765,0.0,0,,WR,,,,,6,7,R5-6,R7-8,0,,none,none,0,,0,,False,0,,0,,0,
2021,Logan Thomas,TE,72.2,00-0031260,53.6,5,25.0,TE,10.72,45.0,10.0,TE,7,8,R7-8,R7-8,0,1.0,none,1-12,0,1.0,0,1.0,True,0,1.0,0,0.0,0,1.0
2021,Antonio Brown,WR,72.7,00-0027793,121.1,7,62.0,WR,17.3,59.0,8.0,WR,7,8,R7-8,R7-8,0,1.0,none,1-12,0,1.0,0,1.0,True,0,1.0,0,1.0,0,1.0
2021,Robbie Chosen,WR,75.0,00-0032688,138.5,17,110.0,WR,8.147058823529411,49.0,74.0,WR,7,8,R7-8,R7-8,0,0.0,none,none,0,0.0,0,0.0,True,0,0.0,0,0.0,0,0.0
2021,Melvin Gordon III,RB,75.2,00-0032144,195.1,16,38.0,RB,12.19375,20.0,24.0,RB,7,8,R7-8,R7-8,0,0.0,13-24,13-24,1,1.0,1,1.0,True,1,1.0,1,1.0,1,1.0
2021,Michael Carter,RB,76.1,00-0036924,154.4,14,55.0,RB,11.028571428571428,29.0,35.0,RB,7,8,R7-8,R7-8,0,0.0,25-36,25-36,0,0.0,1,1.0,True,1,1.0,0,0.0,1,1.0
2021,Ja'Marr Chase,WR,77.4,00-0036900,304.6,17,128.0,WR,17.91764705882353,5.0,5.0,WR,7,8,R7-8,R7-8,1,1.0,1-12,1-12,1,1.0,1,1.0,True,1,1.0,1,1.0,1,1.0
2021,DeVonta Smith,WR,77.6,00-0036912,185.6,17,104.0,WR,10.91764705882353,30.0,44.0,WR,7,8,R7-8,R7-8,0,0.0,25-36,none,0,0.0,1,0.0,True,1,1.0,1,0.0,1,1.0
2021,Tom Brady,QB,77.8,00-0019596,374.74,17,0.0,QB,22.043529411764705,3.0,3.0,QB,7,8,R7-8,R7-8,1,1.0,1-12,1-12,1,1.0,1,1.0,True,1,1.0,1,1.0,1,1.0
2021,AJ Dillon,RB,79.1,00-0036265,185.6,17,37.0,RB,10.91764705882353,23.0,36.0,RB,7,8,R7-8,R7-8,0,0.0,13-24,25-36,1,0.0,1,1.0,True,1,1.0,1,0.0,1,1.0
2021,Noah Fant,TE,79.2,00-0035644,159.0,16,90.0,TE,9.9375,12.0,15.0,TE,7,8,R7-8,R7-8,1,0.0,1-12,13-24,1,1.0,1,1.0,True,1,0.0,1,0.0,1,0.0
2021,Ronald Jones,RB,79.8,00-0034816,79.2,15,13.0,RB,5.28,62.0,78.0,RB,7,8,R7-8,R7-8,0,0.0,none,none,0,0.0,0,0.0,True,0,0.0,0,0.0,0,0.0
2021,JuJu Smith-Schuster,WR,82.5,00-0033857,34.8,5,28.0,WR,6.959999999999999,133.0,88.0,WR,7,9,R7-8,R9+,0,0.0,none,none,0,0.0,0,0.0,True,0,0.0,0,0.0,0,0.0
2021,Kenny Golladay,WR,82.8,00-0033932,89.10000000000001,14,76.0,WR,6.364285714285715,79.0,95.0,WR,7,9,R7-8,R9+,0,0.0,none,none,0,0.0,0,0.0,True,0,0.0,0,0.0,0,0.0
2021,Zack Moss,RB,83.8,00-0036251,105.2,13,32.0,RB,8.092307692307692,51.0,52.0,RB,7,9,R7-8,R9+,0,0.0,none,none,0,0.0,0,0.0,True,0,0.0,0,0.0,0,0.0
2021,Matthew Stafford,QB,85.0,00-0026498,329.74,17,0.0,QB,19.396470588235296,6.0,11.0,QB,8,9,R7-8,R9+,1,1.0,1-12,1-12,1,1.0,1,1.0,True,1,1.0,1,1.0,1,1.0
2021,Courtland Sutton,WR,85.7,00-0034348,150.24,17,98.0,WR,8.83764705882353,44.0,63.0,WR,8,9,R7-8,R9+,0,0.0,none,none,0,0.0,0,0.0,True,1,0.0,1,0.0,1,0.0
2021,Laviska Shenault Jr.,WR,85.9,00-0036268,127.0,16,100.0,WR,7.9375,57.0,77.0,WR,8,9,R7-8,R9+,0,0.0,none,none,0,0.0,0,0.0,True,0,0.0,1,0.0,0,0.0
2021,Robert Tonyan,TE,87.2,00-0033757,50.4,8,29.0,TE,6.3,50.0,30.0,TE,8,9,R7-8,R9+,0,0.0,none,25-36,0,0.0,0,1.0,True,0,0.0,0,0.0,0,0.0
2021,Corey Davis,WR,89.6,00-0033871,105.2,9,59.0,WR,11.68888888888889,69.0,37.0,WR,8,9,R7-8,R9+,0,0.0,none,none,0,0.0,0,0.0,True,0,1.0,0,1.0,0,1.0
2021,Deebo Samuel Sr.,WR,89.8,00-0035719,338.96000000000004,16,121.0,WR,21.185000000000002,3.0,3.0,WR,8,9,R7-8,R9+,1,1.0,1-12,1-12,1,1.0,1,1.0,True,1,1.0,1,1.0,1,1.0
2021,Leonard Fournette,RB,90.1,00-0033856,255.6,14,84.0,RB,18.257142857142856,6.0,4.0,RB,8,10,R7-8,R9+,1,1.0,1-12,1-12,1,1.0,1,1.0,True,1,1.0,1,1.0,1,1.0
2021,Marquez Callaway,WR,90.5,00-0036219,151.79999999999998,17,84.0,WR,8.92941176470588,43.0,61.0,WR,8,10,R7-8,R9+,0,0.0,none,none,0,0.0,0,0.0,True,1,0.0,1,0.0,1,0.0
2021,Devin Singletary,RB,91.2,00-0035250,197.8,17,50.0,RB,11.63529411764706,18.0,31.0,RB,8,10,R7-8,R9+,0,0.0,13-24,25-36,1,0.0,1,1.0,True,1,1.0,1,1.0,1,1.0
2021,Jamaal Williams,RB,92.0,00-0033948,119.8,13,28.0,RB,9.215384615384615,43.0,42.0,RB,8,10,R7-8,R9+,0,0.0,none,none,0,0.0,0,0.0,True,0,0.0,0,0.0,0,0.0
2021,Sony Michel,RB,93.4,00-0034845,146.3,17,33.0,RB,8.605882352941178,32.0,48.0,RB,8,10,R7-8,R9+,0,0.0,25-36,none,0,0.0,1,0.0,True,0,0.0,1,0.0,0,0.0
2021,Dallas Goedert,TE,93.9,00-0034351,165.0,15,76.0,TE,11.0,8.0,8.0,TE,8,10,R7-8,R9+,1,1.0,1-12,1-12,1,1.0,1,1.0,True,1,1.0,1,1.0,1,1.0
2021,Tyler Higbee,TE,95.8,00-0033110,147.0,15,85.0,TE,9.8,14.0,16.0,TE,8,10,R7-8,R9+,0,0.0,13-24,13-24,1,1.0,1,1.0,True,0,0.0,1,1.0,0,0.0
2021,Ryan Tannehill,QB,96.1,00-0029701,268.36,17,0.0,QB,15.785882352941178,12.0,15.0,QB,9,10,R9+,R9+,1,0.0,1-12,13-24,1,1.0,1,1.0,True,1,1.0,1,1.0,1,1.0
2021,James Conner,RB,96.2,00-0033553,257.7,15,39.0,RB,17.18,5.0,9.0,RB,9,10,R9+,R9+,1,1.0,1-12,1-12,1,1.0,1,1.0,True,1,1.0,1,1.0,1,1.0
2021,Tyler Boyd,WR,97.3,00-0033009,183.84,16,94.0,WR,11.49,31.0,40.0,WR,9,10,R9+,R9+,0,0.0,25-36,none,0,0.0,1,0.0,True,1,1.0,1,1.0,1,1.0
2021,Jaylen Waddle,WR,99.2,00-0036613,247.8,16,140.0,WR,15.4875,12.0,14.0,WR,9,10,R9+,R9+,1,0.0,1-12,13-24,1,1.0,1,1.0,True,1,1.0,1,1.0,1,1.0
2021,Mecole Hardman Jr.,WR,100.0,00-0035140,140.9,17,83.0,WR,8.288235294117648,48.0,71.0,WR,9,10,R9+,R9+,0,0.0,none,none,0,0.0,0,0.0,True,1,0.0,1,0.0,1,0.0
2021,Jalen Hurts,QB,100.2,00-0036389,312.16,15,1.0,QB,20.81066666666667,9.0,7.0,QB,9,11,R9+,R9+,1,1.0,1-12,1-12,1,1.0,1,1.0,True,1,1.0,1,1.0,1,1.0
2021,Tony Pollard,RB,102.7,00-0035261,162.6,15,46.0,RB,10.84,28.0,37.0,RB,9,11,R9+,R9+,0,0.0,25-36,none,0,0.0,1,0.0,True,1,1.0,1,1.0,1,1.0
2021,Brandin Cooks,WR,102.9,00-0031236,231.8,16,134.0,WR,14.4875,20.0,22.0,WR,9,11,R9+,R9+,0,0.0,13-24,13-24,1,1.0,1,1.0,True,1,1.0,1,1.0,1,1.0
2021,Kenyan Drake,RB,102.9,00-0033118,102.5,12,40.0,RB,8.541666666666666,55.0,50.0,RB,9,11,R9+,R9+,0,0.0,none,none,0,0.0,0,0.0,True,0,0.0,0,0.0,0,0.0
2021,Michael Pittman Jr.,WR,104.4,00-0036252,238.6,17,129.0,WR,14.035294117647059,17.0,27.0,WR,9,11,R9+,R9+,0,0.0,13-24,25-36,1,0.0,1,1.0,True,1,1.0,1,1.0,1,1.0
2021,Alexander Mattison,RB,106.5,00-0034972,125.9,16,39.0,RB,7.86875,39.0,54.0,RB,9,11,R9+,R9+,0,0.0,none,none,0,0.0,0,0.0,True,1,0.0,0,0.0,1,0.0
2021,Phillip Lindsay,RB,107.5,00-0034109,45.4,14,5.0,RB,3.242857142857143,84.0,101.0,RB,9,11,R9+,R9+,0,0.0,none,none,0,0.0,0,0.0,True,0,0.0,0,0.0,0,0.0
2021,Darnell Mooney,WR,109.0,00-0036309,219.7,17,140.0,WR,12.923529411764704,23.0,31.0,WR,10,11,R9+,R9+,0,0.0,13-24,25-36,1,0.0,1,1.0,True,1,1.0,1,1.0,1,1.0
2021,Joe Burrow,QB,112.4,00-0036442,314.24,16,0.0,QB,19.64,8.0,10.0,QB,10,12,R9+,R9+,1,1.0,1-12,1-12,1,1.0,1,1.0,True,1,1.0,1,1.0,1,1.0
2021,DJ Chark,WR,112.8,00-0034777,34.400000000000006,3,22.0,WR,11.466666666666669,135.0,,WR,10,12,R9+,R9+,0,,none,none,0,,0,,False,0,,0,,0,
2021,Mike Gesicki,TE,114.3,00-0034829,165.0,17,112.0,TE,9.705882352941176,8.0,17.0,TE,10,12,R9+,R9+,1,0.0,1-12,13-24,1,1.0,1,1.0,True,1,0.0,1,0.0,1,0.0
2021,David Johnson,RB,115.0,00-0032187,81.3,13,42.0,RB,6.253846153846154,61.0,68.0,RB,10,12,R9+,R9+,0,0.0,none,none,0,0.0,0,0.0,True,0,0.0,0,0.0,0,0.0
2021,Jakobi Meyers,WR,116.2,00-0034960,186.3,16,126.0,WR,11.64375,29.0,38.0,WR,10,12,R9+,R9+,0,0.0,25-36,none,0,0.0,1,0.0,True,1,1.0,1,1.0,1,1.0
2021,Mike Williams,WR,116.2,00-0033536,246.6,16,129.0,WR,15.4125,13.0,15.0,WR,10,12,R9+,R9+,0,0.0,13-24,13-24,1,1.0,1,1.0,True,1,1.0,1,1.0,1,1.0
2021,J.D. McKissic,RB,116.8,00-0032602,127.9,11,53.0,RB,11.627272727272727,37.0,32.0,RB,10,12,R9+,R9+,0,0.0,none,25-36,0,0.0,0,1.0,True,1,1.0,1,1.0,1,1.0
2021,Jarvis Landry,WR,118.2,00-0031382,133.0,12,87.0,WR,11.083333333333334,52.0,43.0,WR,10,12,R9+,R9+,0,0.0,none,none,0,0.0,0,0.0,True,1,1.0,1,1.0,1,1.0
2021,Trey Lance,QB,118.2,00-0037012,64.92,6,0.0,QB,10.82,39.0,39.0,QB,10,12,R9+,R9+,0,0.0,none,none,0,0.0,0,0.0,True,0,1.0,0,1.0,0,1.0
2021,Irv Smith Jr.,TE,120.3,00-0034970,0.0,0,,TE,,,,,11,13,R9+,R9+,0,,none,none,0,,0,,False,0,,0,,0,
2021,Nyheim Hines,RB,120.6,00-0034367,116.6,17,57.0,RB,6.858823529411764,47.0,63.0,RB,11,13,R9+,R9+,0,0.0,none,none,0,0.0,0,0.0,True,0,0.0,0,0.0,0,0.0
2021,Giovani Bernard,RB,120.9,00-0030456,59.1,10,29.0,RB,5.91,71.0,73.0,RB,11,13,R9+,R9+,0,0.0,none,none,0,0.0,0,0.0,True,0,0.0,0,0.0,0,0.0
2021,Rhamondre Stevenson,RB,121.3,00-0036875,114.89999999999999,12,18.0,RB,9.575,48.0,41.0,RB,11,13,R9+,R9+,0,0.0,none,none,0,0.0,0,0.0,True,0,0.0,0,0.0,0,0.0
2021,Henry Ruggs III,WR,123.9,00-0036357,84.5,7,36.0,WR,12.071428571428571,86.0,36.0,WR,11,13,R9+,R9+,0,0.0,none,25-36,0,0.0,0,1.0,True,0,1.0,0,1.0,0,1.0
2021,Justin Fields,QB,125.6,00-0036945,126.8,12,0.0,QB,10.566666666666666,31.0,40.0,QB,11,13,R9+,R9+,0,0.0,25-36,none,0,0.0,1,0.0,True,1,1.0,0,1.0,1,1.0
2021,Marvin Jones Jr.,WR,126.0,00-0029293,180.2,17,120.0,WR,10.6,34.0,46.0,WR,11,13,R9+,R9+,0,0.0,25-36,none,0,0.0,1,0.0,True,1,1.0,1,1.0,1,1.0
2021,Chuba Hubbard,RB,127.6,00-0036555,137.6,16,37.0,RB,8.6,36.0,49.0,RB,11,13,R9+,R9+,0,0.0,25-36,none,0,0.0,1,0.0,True,1,0.0,1,0.0,1,0.0
2021,James White,RB,128.8,00-0031062,31.200000000000003,3,14.0,RB,10.4,93.0,,RB,11,13,R9+,R9+,0,,none,none,0,,0,,False,0,,0,,0,
2021,Will Fuller,WR,129.2,00-0033127,8.6,2,8.0,WR,4.3,182.0,,WR,11,13,R9+,R9+,0,,none,none,0,,0,,False,0,,0,,0,
2021,Matt Ryan,QB,129.8,00-0026143,222.92,17,0.0,QB,13.112941176470587,19.0,29.0,QB,11,13,R9+,R9+,0,0.0,13-24,25-36,1,0.0,1,1.0,True,1,1.0,1,1.0,1,1.0
2021,Latavius Murray,RB,130.6,00-0030513,103.6,14,13.0,RB,7.3999999999999995,54.0,59.0,RB,11,14,R9+,R9+,0,0.0,none,none,0,0.0,0,0.0,True,0,0.0,0,0.0,0,0.0
2021,Jonnu Smith,TE,130.7,00-0033858,67.4,16,45.0,TE,4.2125,36.0,52.0,TE,11,14,R9+,R9+,0,0.0,25-36,none,0,0.0,1,0.0,True,0,0.0,0,0.0,0,0.0
2021,Elijah Moore,WR,132.6,00-0036980,138.2,11,77.0,WR,12.563636363636363,50.0,32.0,WR,12,14,R9+,R9+,0,0.0,none,25-36,0,0.0,0,1.0,True,1,1.0,1,1.0,1,1.0
2021,Russell Gage Jr.,WR,133.8,00-0034411,163.0,13,94.0,WR,12.538461538461538,38.0,34.0,WR,12,14,R9+,R9+,0,0.0,none,25-36,0,0.0,0,1.0,True,1,1.0,1,1.0,1,1.0
2021,Baker Mayfield,QB,134.3,00-0034855,180.9,14,0.0,QB,12.921428571428573,26.0,31.0,QB,12,14,R9+,R9+,0,0.0,25-36,25-36,0,0.0,1,1.0,True,1,1.0,1,1.0,1,1.0
2021,Michael Gallup,WR,135.4,00-0034764,91.5,9,62.0,WR,10.166666666666666,77.0,49.0,WR,12,14,R9+,R9+,0,0.0,none,none,0,0.0,0,0.0,True,0,1.0,0,1.0,0,1.0
2021,Jameis Winston,QB,137.3,00-0031503,117.4,7,0.0,QB,16.771428571428572,32.0,14.0,QB,12,14,R9+,R9+,0,0.0,25-36,13-24,0,1.0,1,1.0,True,0,1.0,0,1.0,0,1.0
2021,Rashaad Penny,RB,137.9,00-0034750,121.7,10,8.0,RB,12.17,42.0,25.0,RB,12,14,R9+,R9+,0,0.0,none,25-36,0,0.0,0,1.0,True,0,1.0,0,1.0,0,1.0
2021,Tevin Coleman,RB,139.0,00-0032058,51.5,11,16.0,RB,4.681818181818182,75.0,85.0,RB,12,14,R9+,R9+,0,0.0,none,none,0,0.0,0,0.0,True,0,0.0,0,0.0,0,0.0
2021,Curtis Samuel,WR,140.2,00-0033282,9.8,5,9.0,WR,1.9600000000000002,179.0,164.0,WR,12,15,R9+,R9+,0,0.0,none,none,0,0.0,0,0.0,True,0,0.0,0,0.0,0,0.0
2021,Hollywood Brown,WR,140.9,00-0035662,228.3,16,146.0,WR,14.26875,21.0,24.0,WR,12,15,R9+,R9+,0,0.0,13-24,13-24,1,1.0,1,1.0,True,1,1.0,1,1.0,1,1.0
2021,Rob Gronkowski,TE,142.8,00-0027656,171.2,12,89.0,TE,14.266666666666666,7.0,3.0,TE,12,15,R9+,R9+,1,1.0,1-12,1-12,1,1.0,1,1.0,True,1,1.0,1,1.0,1,1.0
2021,Ben Roethlisberger,QB,143.2,00-0022924,218.1,16,0.0,QB,13.63125,21.0,25.0,QB,12,15,R9+,R9+,0,0.0,13-24,25-36,1,0.0,1,1.0,True,1,1.0,1,1.0,1,1.0
2021,Gabe Davis,WR,144.3,00-0036196,125.9,15,63.0,WR,8.393333333333334,58.0,70.0,WR,13,15,R9+,R9+,0,0.0,none,none,0,0.0,0,0.0,True,1,0.0,0,0.0,1,0.0
2021,Trevor Lawrence,QB,144.7,00-0036971,199.04,17,0.0,QB,11.708235294117646,23.0,35.0,QB,13,15,R9+,R9+,0,0.0,13-24,25-36,1,0.0,1,1.0,True,1,1.0,1,1.0,1,1.0
2021,Damien Williams,RB,146.0,00-0030874,60.699999999999996,12,23.0,RB,5.058333333333333,69.0,80.0,RB,13,15,R9+,R9+,0,0.0,none,none,0,0.0,0,0.0,True,0,0.0,0,0.0,0,0.0
2021,Rondale Moore,WR,146.4,00-0036936,111.1,14,64.0,WR,7.935714285714285,63.0,78.0,WR,13,15,R9+,R9+,0,0.0,none,none,0,0.0,0,0.0,True,0,0.0,0,0.0,0,0.0
2021,Bryan Edwards,WR,148.2,00-0036365,109.1,16,59.0,WR,6.81875,66.0,91.0,WR,13,15,R9+,R9+,0,0.0,none,none,0,0.0,0,0.0,True,0,0.0,0,0.0,0,0.0
2021,Terrace Marshall Jr.,WR,149.0,00-0036955,32.800000000000004,12,30.0,WR,2.733333333333334,139.0,150.0,WR,13,15,R9+,R9+,0,0.0,none,none,0,0.0,0,0.0,True,0,0.0,0,0.0,0,0.0
2021,Zach Wilson,QB,149.1,00-0037013,151.85999999999999,13,1.0,QB,11.68153846153846,30.0,36.0,QB,13,15,R9+,R9+,0,0.0,25-36,25-36,0,0.0,1,1.0,True,1,1.0,1,1.0,1,1.0
2021,Hunter Henry,TE,149.7,00-0033090,164.3,16,75.0,TE,10.26875,10.0,13.0,TE,13,15,R9+,R9+,1,0.0,1-12,13-24,1,1.0,1,1.0,True,1,1.0,1,1.0,1,1.0
2021,Darrel Williams,RB,150.3,00-0034301,196.0,17,57.0,RB,11.529411764705882,19.0,33.0,RB,13,16,R9+,R9+,0,0.0,13-24,25-36,1,0.0,1,1.0,True,1,1.0,1,1.0,1,1.0
2021,Evan Engram,TE,150.9,00-0033881,102.5,15,73.0,TE,6.833333333333333,24.0,29.0,TE,13,16,R9+,R9+,0,0.0,13-24,25-36,1,0.0,1,1.0,True,0,0.0,0,0.0,0,0.0
2021,Cole Beasley,WR,150.9,00-0029000,159.3,16,112.0,WR,9.95625,39.0,51.0,WR,13,16,R9+,R9+,0,0.0,none,none,0,0.0,0,0.0,True,1,0.0,1,1.0,1,0.0
2021,Adam Trautman,TE,151.9,00-0036422,63.3,11,43.0,TE,5.754545454545454,39.0,33.0,TE,13,16,R9+,R9+,0,0.0,none,25-36,0,0.0,0,1.0,True,0,0.0,0,0.0,0,0.0
2021,Mark Ingram II,RB,154.2,00-0027966,108.60000000000001,14,35.0,RB,7.757142857142858,50.0,56.0,RB,13,16,R9+,R9+,0,0.0,none,none,0,0.0,0,0.0,True,0,0.0,0,0.0,0,0.0
2021,Justin Jackson,RB,154.6,00-0034440,86.2,14,25.0,RB,6.1571428571428575,59.0,69.0,RB,13,16,R9+,R9+,0,0.0,none,none,0,0.0,0,0.0,True,0,0.0,0,0.0,0,0.0
2021,Kenny Gainwell,RB,154.8,00-0036919,123.4,16,50.0,RB,7.7125,41.0,58.0,RB,13,16,R9+,R9+,0,0.0,none,none,0,0.0,0,0.0,True,0,0.0,0,0.0,0,0.0
2021,Jared Cook,TE,155.0,00-0027061,132.4,16,83.0,TE,8.275,18.0,19.0,TE,13,16,R9+,R9+,0,0.0,13-24,13-24,1,1.0,1,1.0,True,1,0.0,1,0.0,1,0.0
2021,Devontae Booker,RB,155.5,00-0032972,144.1,16,45.0,RB,9.00625,33.0,45.0,RB,13,16,R9+,R9+,0,0.0,25-36,none,0,0.0,1,0.0,True,1,0.0,1,0.0,1,0.0
2021,A.J. Green,WR,156.6,00-0027942,156.8,16,92.0,WR,9.8,41.0,54.0,WR,14,16,R9+,R9+,0,0.0,none,none,0,0.0,0,0.0,True,1,0.0,1,1.0,1,0.0
2021,Gerald Everett,TE,156.6,00-0033895,117.8,15,63.0,TE,7.8533333333333335,22.0,23.0,TE,14,16,R9+,R9+,0,0.0,13-24,13-24,1,1.0,1,1.0,True,0,0.0,0,0.0,0,0.0
2021,Zach Ertz,TE,157.1,00-0030061,180.7,17,112.0,TE,10.629411764705882,5.0,11.0,TE,14,16,R9+,R9+,1,1.0,1-12,1-12,1,1.0,1,1.0,True,1,1.0,1,1.0,1,1.0
2021,Pat Freiermuth,TE,157.3,00-0036894,151.7,16,79.0,TE,9.48125,13.0,18.0,TE,14,16,R9+,R9+,0,0.0,13-24,13-24,1,1.0,1,1.0,True,1,0.0,1,0.0,1,0.0
2021,Mac Jones,QB,157.4,00-0036972,224.94,17,0.0,QB,13.231764705882354,18.0,28.0,QB,14,16,R9+,R9+,0,0.0,13-24,25-36,1,0.0,1,1.0,True,1,1.0,1,1.0,1,1.0
2021,Amon-Ra St. Brown,WR,158.5,00-0036963,227.3,16,119.0,WR,14.20625,22.0,26.0,WR,14,16,R9+,R9+,0,0.0,13-24,25-36,1,0.0,1,1.0,True,1,1.0,1,1.0,1,1.0
2021,Tony Jones,RB,158.8,00-0035860,22.1,10,8.0,RB,2.21,103.0,108.0,RB,14,16,R9+,R9+,0,0.0,none,none,0,0.0,0,0.0,True,0,0.0,0,0.0,0,0.0
2021,Marlon Mack,RB,158.8,00-0033951,12.9,5,5.0,RB,2.58,114.0,105.0,RB,14,16,R9+,R9+,0,0.0,none,none,0,0.0,0,0.0,True,0,0.0,0,0.0,0,0.0
2021,Randall Cobb,WR,159.7,00-0028002,95.6,11,39.0,WR,8.69090909090909,74.0,65.0,WR,14,16,R9+,R9+,0,0.0,none,none,0,0.0,0,0.0,True,0,0.0,0,0.0,0,0.0
2021,Jerick McKinnon,RB,159.7,00-0031376,35.9,9,20.0,RB,3.988888888888889,90.0,90.0,RB,14,16,R9+,R9+,0,0.0,none,none,0,0.0,0,0.0,True,0,0.0,0,0.0,0,0.0
2021,Tyrell Williams,WR,160.0,00-0032160,3.4,1,3.0,WR,3.4,209.0,,WR,14,16,R9+,R9+,0,,none,none,0,,0,,False,0,,0,,0,
2021,Tua Tagovailoa,QB,160.6,00-0036212,180.92,13,0.0,QB,13.916923076923077,25.0,23.0,QB,14,17,R9+,R9+,0,0.0,25-36,13-24,0,1.0,1,1.0,True,1,1.0,1,1.0,1,1.0
2021,Kirk Cousins,QB,160.9,00-0029604,300.34,16,0.0,QB,18.77125,11.0,12.0,QB,14,17,R9+,R9+,1,1.0,1-12,1-12,1,1.0,1,1.0,True,1,1.0,1,1.0,1,1.0
2021,Malcolm Brown,RB,161.7,00-0031806,22.5,6,5.0,RB,3.75,102.0,92.0,RB,14,17,R9+,R9+,0,0.0,none,none,0,0.0,0,0.0,True,0,0.0,0,0.0,0,0.0
2021,DeVante Parker,WR,162.3,00-0031547,103.5,9,73.0,WR,11.5,70.0,39.0,WR,14,17,R9+,R9+,0,0.0,none,none,0,0.0,0,0.0,True,0,1.0,0,1.0,0,1.0
2021,Ryan Fitzpatrick,QB,163.3,00-0023682,0.72,1,0.0,QB,0.72,70.0,,QB,14,17,R9+,R9+,0,,none,none,0,,0,,False,0,,0,,0,
2021,Deshaun Watson,QB,163.6,00-0033537,0.0,0,,QB,,,,,14,17,R9+,R9+,0,,none,none,0,,0,,False,0,,0,,0,
2021,Carson Wentz,QB,167.1,00-0032950,258.02,17,0.0,QB,15.177647058823528,13.0,17.0,QB,14,17,R9+,R9+,0,0.0,13-24,13-24,1,1.0,1,1.0,True,1,1.0,1,1.0,1,1.0
2021,Nelson Agholor,WR,170.7,00-0031549,103.39999999999999,14,64.0,WR,7.385714285714285,72.0,82.0,WR,15,18,R9+,R9+,0,0.0,none,none,0,0.0,0,0.0,True,0,0.0,0,0.0,0,0.0
2021,Marquez Valdes-Scantling,WR,170.9,00-0034272,87.0,11,55.0,WR,7.909090909090909,81.0,79.0,WR,15,18,R9+,R9+,0,0.0,none,none,0,0.0,0,0.0,True,0,0.0,0,0.0,0,0.0
2021,Carlos Hyde,RB,172.7,00-0031045,45.8,11,21.0,RB,4.163636363636363,83.0,88.0,RB,15,18,R9+,R9+,0,0.0,none,none,0,0.0,0,0.0,True,0,0.0,0,0.0,0,0.0
2022,Jonathan Taylor,RB,1.3,00-0036223,146.4,11,40.0,RB,13.30909090909091,33.0,18.0,RB,1,1,R1-2,R1-2,0,0.0,25-36,13-24,0,1.0,1,1.0,True,0,0.0,0,0.0,0,0.0
2022,Christian McCaffrey,RB,2.4,00-0033280,356.36,17,108.0,RB,20.962352941176473,2.0,2.0,RB,1,1,R1-2,R1-2,1,1.0,1-12,1-12,1,1.0,1,1.0,True,1,1.0,1,1.0,1,1.0
2022,Austin Ekeler,RB,2.7,00-0033699,372.7,17,127.0,RB,21.923529411764704,1.0,1.0,RB,1,1,R1-2,R1-2,1,1.0,1-12,1-12,1,1.0,1,1.0,True,1,1.0,1,1.0,1,1.0
2022,Derrick Henry,RB,4.3,00-0032764,302.76,16,41.0,RB,18.9225,4.0,4.0,RB,1,1,R1-2,R1-2,1,1.0,1-12,1-12,1,1.0,1,1.0,True,1,1.0,1,1.0,1,1.0
2022,Justin Jefferson,WR,4.6,00-0036322,368.66,17,184.0,WR,21.685882352941178,1.0,2.0,WR,1,1,R1-2,R1-2,1,1.0,1-12,1-12,1,1.0,1,1.0,True,1,1.0,1,1.0,1,1.0
2022,Cooper Kupp,WR,5.7,00-0033908,201.4,9,98.0,WR,22.37777777777778,23.0,1.0,WR,1,1,R1-2,R1-2,0,1.0,13-24,1-12,1,1.0,1,1.0,True,0,1.0,0,1.0,0,1.0
2022,Najee Harris,RB,7.1,00-0036893,225.46,17,53.0,RB,13.262352941176472,14.0,20.0,RB,1,1,R1-2,R1-2,0,0.0,13-24,13-24,1,1.0,1,1.0,True,0,0.0,0,0.0,0,0.0
2022,Dalvin Cook,RB,7.5,00-0033893,237.8,17,56.0,RB,13.988235294117647,11.0,15.0,RB,1,1,R1-2,R1-2,1,0.0,1-12,13-24,1,1.0,1,1.0,True,0,0.0,0,0.0,0,0.0
2022,Ja'Marr Chase,WR,8.7,00-0036900,242.4,12,134.0,WR,20.2,11.0,3.0,WR,1,1,R1-2,R1-2,1,1.0,1-12,1-12,1,1.0,1,1.0,True,0,1.0,0,1.0,0,1.0
2022,Joe Mixon,RB,10.1,00-0033897,239.5,14,75.0,RB,17.107142857142858,10.0,6.0,RB,1,2,R1-2,R1-2,1,1.0,1-12,1-12,1,1.0,1,1.0,True,0,0.0,0,0.0,0,0.0
2022,Alvin Kamara,RB,10.9,00-0033906,211.7,15,77.0,RB,14.113333333333333,16.0,14.0,RB,1,2,R1-2,R1-2,0,0.0,13-24,13-24,1,1.0,1,1.0,True,0,0.0,0,0.0,0,0.0
2022,Davante Adams,WR,12.0,00-0031381,335.5,17,180.0,WR,19.735294117647058,3.0,6.0,WR,1,2,R1-2,R1-2,1,1.0,1-12,1-12,1,1.0,1,1.0,True,1,1.0,1,1.0,1,1.0
2022,D'Andre Swift,RB,12.8,00-0036275,191.1,14,70.0,RB,13.65,21.0,16.0,RB,2,2,R1-2,R1-2,0,0.0,13-24,13-24,1,1.0,1,1.0,True,0,0.0,0,0.0,0,0.0
2022,Stefon Diggs,WR,13.6,00-0031588,316.6,16,154.0,WR,19.7875,4.0,5.0,WR,2,2,R1-2,R1-2,1,1.0,1-12,1-12,1,1.0,1,1.0,True,1,1.0,1,1.0,1,1.0
2022,Aaron Jones Sr.,RB,14.9,00-0033293,248.6,17,72.0,RB,14.623529411764705,9.0,12.0,RB,2,2,R1-2,R1-2,1,1.0,1-12,1-12,1,1.0,1,1.0,True,0,0.0,0,0.0,0,0.0
2022,Saquon Barkley,RB,15.5,00-0034844,284.0,16,76.0,RB,17.75,5.0,5.0,RB,2,2,R1-2,R1-2,1,1.0,1-12,1-12,1,1.0,1,1.0,True,1,1.0,1,1.0,1,1.0
2022,Travis Kelce,TE,16.5,00-0030506,316.3,17,152.0,TE,18.605882352941176,1.0,1.0,TE,2,2,R1-2,R1-2,1,1.0,1-12,1-12,1,1.0,1,1.0,True,1,1.0,1,1.0,1,1.0
2022,CeeDee Lamb,WR,17.5,00-0036358,301.59999999999997,17,156.0,WR,17.741176470588233,5.0,7.0,WR,2,2,R1-2,R1-2,1,1.0,1-12,1-12,1,1.0,1,1.0,True,1,0.0,1,0.0,1,0.0
2022,Nick Chubb,RB,18.8,00-0034791,281.4,17,37.0,RB,16.552941176470586,6.0,7.0,RB,2,2,R1-2,R1-2,1,1.0,1-12,1-12,1,1.0,1,1.0,True,1,0.0,1,0.0,1,0.0
2022,Deebo Samuel Sr.,WR,19.6,00-0035719,168.4,13,94.0,WR,12.953846153846154,37.0,29.0,WR,2,2,R1-2,R1-2,0,0.0,none,25-36,0,0.0,0,1.0,True,0,0.0,0,0.0,0,0.0
2022,Javonte Williams,RB,20.2,00-0036997,42.0,4,22.0,RB,10.5,81.0,32.0,RB,2,3,R1-2,R3-4,0,0.0,none,25-36,0,0.0,0,1.0,True,0,0.0,0,0.0,0,0.0
2022,Josh Allen,QB,20.4,00-0034857,395.52,16,0.0,QB,24.72,2.0,2.0,QB,2,3,R1-2,R3-4,1,1.0,1-12,1-12,1,1.0,1,1.0,True,1,1.0,1,1.0,1,1.0
2022,Leonard Fournette,RB,21.9,00-0033856,226.1,16,83.0,RB,14.13125,12.0,13.0,RB,2,3,R1-2,R3-4,1,0.0,1-12,13-24,1,1.0,1,1.0,True,0,0.0,1,1.0,0,0.0
2022,Tyreek Hill,WR,22.7,00-0033040,341.2,17,170.0,WR,20.070588235294117,2.0,4.0,WR,2,3,R1-2,R3-4,1,1.0,1-12,1-12,1,1.0,1,1.0,True,1,1.0,1,1.0,1,1.0
2022,Michael Pittman Jr.,WR,24.9,00-0036252,216.5,16,141.0,WR,13.53125,20.0,22.0,WR,3,3,R3-4,R3-4,0,0.0,13-24,13-24,1,1.0,1,1.0,True,1,1.0,1,0.0,1,1.0
2022,Mark Andrews,TE,25.5,00-0034753,190.5,15,113.0,TE,12.7,4.0,4.0,TE,3,3,R3-4,R3-4,1,1.0,1-12,1-12,1,1.0,1,1.0,True,0,0.0,0,0.0,0,0.0
2022,Mike Evans,WR,26.5,00-0031408,225.4,15,127.0,WR,15.026666666666667,17.0,15.0,WR,3,3,R3-4,R3-4,0,0.0,13-24,13-24,1,1.0,1,1.0,True,1,1.0,1,1.0,1,1.0
2022,Ezekiel Elliott,RB,27.7,00-0033045,185.8,15,23.0,RB,12.386666666666667,22.0,23.0,RB,3,3,R3-4,R3-4,0,0.0,13-24,13-24,1,1.0,1,1.0,True,0,0.0,0,0.0,0,0.0
2022,James Conner,RB,28.4,00-0033553,200.2,13,58.0,RB,15.399999999999999,19.0,10.0,RB,3,3,R3-4,R3-4,0,1.0,13-24,1-12,1,1.0,1,1.0,True,1,1.0,0,1.0,1,1.0
2022,Keenan Allen,WR,29.5,00-0030279,164.0,10,89.0,WR,16.4,42.0,11.0,WR,3,3,R3-4,R3-4,0,1.0,none,1-12,0,1.0,0,1.0,True,0,1.0,0,1.0,0,1.0
2022,A.J. Brown,WR,30.4,00-0035676,299.6,17,145.0,WR,17.623529411764707,6.0,8.0,WR,3,4,R3-4,R3-4,1,1.0,1-12,1-12,1,1.0,1,1.0,True,1,1.0,1,1.0,1,1.0
2022,Kyle Pitts Sr.,TE,31.2,00-0036970,75.6,10,59.0,TE,7.56,33.0,22.0,TE,3,4,R3-4,R3-4,0,0.0,25-36,13-24,0,1.0,1,1.0,True,0,0.0,0,0.0,0,0.0
2022,Tee Higgins,WR,32.5,00-0036410,220.9,14,109.0,WR,15.778571428571428,19.0,12.0,WR,3,4,R3-4,R3-4,0,1.0,13-24,1-12,1,1.0,1,1.0,True,1,1.0,1,1.0,1,1.0
2022,Cam Akers,RB,33.1,00-0036414,141.3,15,18.0,RB,9.42,35.0,39.0,RB,3,4,R3-4,R3-4,0,0.0,25-36,none,0,0.0,1,0.0,True,0,0.0,0,0.0,0,0.0
2022,Justin Herbert,QB,33.2,00-0036355,281.26,17,2.0,QB,16.54470588235294,11.0,15.0,QB,3,4,R3-4,R3-4,1,0.0,1-12,13-24,1,1.0,1,1.0,True,1,1.0,1,1.0,1,1.0
2022,Travis Etienne Jr.,RB,33.6,00-0036973,205.1,17,45.0,RB,12.064705882352941,17.0,24.0,RB,3,4,R3-4,R3-4,0,0.0,13-24,13-24,1,1.0,1,1.0,True,1,0.0,1,0.0,1,0.0
2022,DJ Moore,WR,35.9,00-0034827,199.10000000000002,17,118.0,WR,11.711764705882354,24.0,34.0,WR,3,4,R3-4,R3-4,0,0.0,13-24,25-36,1,0.0,1,1.0,True,0,0.0,0,0.0,0,0.0
2022,Terry McLaurin,WR,38.0,00-0035659,229.0,17,120.0,WR,13.470588235294118,14.0,23.0,WR,4,4,R3-4,R3-4,0,0.0,13-24,13-24,1,1.0,1,1.0,True,1,0.0,1,0.0,1,0.0
2022,Patrick Mahomes,QB,38.3,00-0033873,417.4,17,1.0,QB,24.552941176470586,1.0,3.0,QB,4,4,R3-4,R3-4,1,1.0,1-12,1-12,1,1.0,1,1.0,True,1,1.0,1,1.0,1,1.0
2022,J.K. Dobbins,RB,38.8,00-0036158,81.2,8,8.0,RB,10.15,57.0,34.0,RB,4,4,R3-4,R3-4,0,0.0,none,25-36,0,0.0,0,1.0,True,0,0.0,0,0.0,0,0.0
2022,David Montgomery,RB,39.3,00-0035685,177.7,16,40.0,RB,11.10625,24.0,29.0,RB,4,4,R3-4,R3-4,0,0.0,13-24,25-36,1,0.0,1,1.0,True,0,0.0,0,0.0,0,0.0
2022,Mike Williams,WR,39.6,00-0033536,176.5,13,93.0,WR,13.576923076923077,32.0,21.0,WR,4,4,R3-4,R3-4,0,0.0,25-36,13-24,0,1.0,1,1.0,True,0,1.0,0,1.0,0,1.0
2022,Elijah Mitchell,RB,42.4,00-0036567,43.6,5,4.0,RB,8.72,78.0,43.0,RB,4,5,R3-4,R5-6,0,0.0,none,none,0,0.0,0,0.0,True,0,0.0,0,0.0,0,0.0
2022,Diontae Johnson,WR,43.4,00-0035216,180.7,17,147.0,WR,10.629411764705882,29.0,42.0,WR,4,5,R3-4,R5-6,0,0.0,25-36,none,0,0.0,1,0.0,True,0,0.0,1,0.0,0,0.0
2022,George Kittle,TE,44.2,00-0033288,200.5,15,86.0,TE,13.366666666666667,3.0,2.0,TE,4,5,R3-4,R5-6,1,1.0,1-12,1-12,1,1.0,1,1.0,True,1,0.0,1,1.0,1,0.0
2022,Breece Hall,RB,44.4,00-0038120,115.1,7,31.0,RB,16.442857142857143,42.0,8.0,RB,4,5,R3-4,R5-6,0,1.0,none,1-12,0,1.0,0,1.0,True,0,1.0,0,1.0,0,1.0
2022,Courtland Sutton,WR,45.3,00-0034348,159.4,15,109.0,WR,10.626666666666667,43.0,43.0,WR,4,5,R3-4,R5-6,0,0.0,none,none,0,0.0,0,0.0,True,0,0.0,0,0.0,0,0.0
2022,Joe Burrow,QB,46.1,00-0036442,350.7,16,0.0,QB,21.91875,4.0,4.0,QB,4,5,R3-4,R5-6,1,1.0,1-12,1-12,1,1.0,1,1.0,True,1,1.0,1,1.0,1,1.0
2022,Josh Jacobs,RB,46.8,00-0035700,328.3,17,64.0,RB,19.311764705882354,3.0,3.0,RB,4,5,R3-4,R5-6,1,1.0,1-12,1-12,1,1.0,1,1.0,True,1,1.0,1,1.0,1,1.0
2022,Jaylen Waddle,WR,47.7,00-0036613,259.2,17,117.0,WR,15.24705882352941,8.0,13.0,WR,4,5,R3-4,R5-6,1,0.0,1-12,13-24,1,1.0,1,1.0,True,1,1.0,1,1.0,1,1.0
2022,AJ Dillon,RB,48.7,00-0036265,167.6,17,43.0,RB,9.858823529411765,26.0,37.0,RB,5,5,R5-6,R5-6,0,0.0,25-36,none,0,0.0,1,0.0,True,1,0.0,1,0.0,1,0.0
2022,Darren Waller,TE,50.4,00-0031610,84.8,8,43.0,TE,10.6,31.0,7.0,TE,5,6,R5-6,R5-6,0,1.0,25-36,1-12,0,1.0,1,1.0,True,0,0.0,0,0.0,0,0.0
2022,Lamar Jackson,QB,51.3,00-0034796,236.08,12,0.0,QB,19.673333333333336,14.0,6.0,QB,5,6,R5-6,R5-6,0,1.0,13-24,1-12,1,1.0,1,1.0,True,1,1.0,1,1.0,1,1.0
2022,DK Metcalf,WR,51.4,00-0035640,226.8,17,141.0,WR,13.341176470588236,16.0,25.0,WR,5,6,R5-6,R5-6,0,0.0,13-24,25-36,1,0.0,1,1.0,True,1,1.0,1,1.0,1,1.0
2022,Michael Thomas,WR,52.3,00-0032765,51.1,3,22.0,WR,17.033333333333335,117.0,,WR,5,6,R5-6,R5-6,0,,none,none,0,,0,,False,0,,0,,0,
2022,Allen Robinson II,WR,53.5,00-0031428,84.9,10,52.0,WR,8.49,84.0,64.0,WR,5,6,R5-6,R5-6,0,0.0,none,none,0,0.0,0,0.0,True,0,0.0,0,0.0,0,0.0
2022,Clyde Edwards-Helaire,RB,54.3,00-0036360,98.3,10,23.0,RB,9.83,46.0,38.0,RB,5,6,R5-6,R5-6,0,0.0,none,none,0,0.0,0,0.0,True,0,0.0,0,0.0,0,0.0
2022,Jalen Hurts,QB,56.3,00-0036389,378.04,15,0.0,QB,25.20266666666667,3.0,1.0,QB,5,6,R5-6,R5-6,1,1.0,1-12,1-12,1,1.0,1,1.0,True,1,1.0,1,1.0,1,1.0
2022,Chris Godwin Jr.,WR,56.5,00-0033921,222.8,15,142.0,WR,14.853333333333333,18.0,17.0,WR,5,6,R5-6,R5-6,0,0.0,13-24,13-24,1,1.0,1,1.0,True,1,1.0,1,1.0,1,1.0
2022,Brandin Cooks,WR,56.7,00-0031236,145.6,13,93.0,WR,11.2,49.0,38.0,WR,5,6,R5-6,R5-6,0,0.0,none,none,0,0.0,0,0.0,True,0,1.0,0,0.0,0,1.0
2022,Damien Harris,RB,59.8,00-0035657,90.9,11,23.0,RB,8.263636363636364,48.0,48.0,RB,5,6,R5-6,R5-6,0,0.0,none,none,0,0.0,0,0.0,True,0,0.0,0,0.0,0,0.0
2022,Kyler Murray,QB,61.6,00-0035228,200.51999999999998,11,0.0,QB,18.229090909090907,18.0,7.0,QB,6,7,R5-6,R7-8,0,1.0,13-24,1-12,1,1.0,1,1.0,True,1,1.0,1,1.0,1,1.0
2022,Jerry Jeudy,WR,61.7,00-0036407,204.2,15,100.0,WR,13.613333333333333,22.0,20.0,WR,6,7,R5-6,R7-8,0,0.0,13-24,13-24,1,1.0,1,1.0,True,1,1.0,1,1.0,1,1.0
2022,Miles Sanders,RB,61.7,00-0035243,216.70000000000002,17,26.0,RB,12.747058823529413,15.0,22.0,RB,6,7,R5-6,R7-8,0,0.0,13-24,13-24,1,1.0,1,1.0,True,1,1.0,1,1.0,1,1.0
2022,Dalton Schultz,TE,62.6,00-0034383,142.7,15,89.0,TE,9.513333333333332,10.0,11.0,TE,6,7,R5-6,R7-8,1,1.0,1-12,1-12,1,1.0,1,1.0,True,0,0.0,0,0.0,0,0.0
2022,Gabe Davis,WR,62.9,00-0036196,171.6,15,93.0,WR,11.44,35.0,37.0,WR,6,7,R5-6,R7-8,0,0.0,25-36,none,0,0.0,1,0.0,True,1,1.0,0,0.0,1,1.0
2022,Rashaad Penny,RB,63.3,00-0034750,52.199999999999996,5,5.0,RB,10.44,70.0,33.0,RB,6,7,R5-6,R7-8,0,0.0,none,25-36,0,0.0,0,1.0,True,0,0.0,0,0.0,0,0.0
2022,Adam Thielen,WR,63.8,00-0030035,180.0,17,107.0,WR,10.588235294117647,30.0,44.0,WR,6,7,R5-6,R7-8,0,0.0,25-36,none,0,0.0,1,0.0,True,1,0.0,1,0.0,1,0.0
2022,Darnell Mooney,WR,68.1,00-0036309,101.5,11,61.0,WR,9.227272727272727,72.0,54.0,WR,6,7,R5-6,R7-8,0,0.0,none,none,0,0.0,0,0.0,True,0,0.0,0,0.0,0,0.0
2022,Hollywood Brown,WR,68.7,00-0035662,156.0,12,107.0,WR,13.0,44.0,28.0,WR,6,7,R5-6,R7-8,0,0.0,none,25-36,0,0.0,0,1.0,True,1,1.0,0,1.0,1,1.0
2022,Kareem Hunt,RB,68.9,00-0033923,126.8,17,44.0,RB,7.458823529411765,39.0,53.0,RB,6,7,R5-6,R7-8,0,0.0,none,none,0,0.0,0,0.0,True,0,0.0,0,0.0,0,0.0
2022,Chase Edmonds,RB,69.6,00-0034681,74.2,13,24.0,RB,5.707692307692308,59.0,64.0,RB,6,7,R5-6,R7-8,0,0.0,none,none,0,0.0,0,0.0,True,0,0.0,0,0.0,0,0.0
2022,Dameon Pierce,RB,70.5,00-0037258,166.4,13,39.0,RB,12.8,27.0,21.0,RB,6,8,R5-6,R7-8,0,0.0,25-36,13-24,0,1.0,1,1.0,True,1,1.0,0,1.0,1,1.0
2022,Tony Pollard,RB,70.8,00-0035261,248.8,16,55.0,RB,15.55,8.0,9.0,RB,6,8,R5-6,R7-8,1,1.0,1-12,1-12,1,1.0,1,1.0,True,1,1.0,1,1.0,1,1.0
2022,Hunter Renfrow,WR,71.2,00-0034983,79.0,10,50.0,WR,7.9,92.0,69.0,WR,6,8,R5-6,R7-8,0,0.0,none,none,0,0.0,0,0.0,True,0,0.0,0,0.0,0,0.0
2022,Russell Wilson,QB,72.5,00-0029263,225.76,15,1.0,QB,15.050666666666666,16.0,18.0,QB,7,8,R7-8,R7-8,0,0.0,13-24,13-24,1,1.0,1,1.0,True,1,1.0,1,1.0,1,1.0
2022,Amon-Ra St. Brown,WR,73.4,00-0036963,267.6,16,146.0,WR,16.725,7.0,10.0,WR,7,8,R7-8,R7-8,1,1.0,1-12,1-12,1,1.0,1,1.0,True,1,1.0,1,1.0,1,1.0
2022,Devin Singletary,RB,74.4,00-0035250,177.9,16,52.0,RB,11.11875,23.0,28.0,RB,7,8,R7-8,R7-8,0,0.0,13-24,25-36,1,0.0,1,1.0,True,1,0.0,1,0.0,1,0.0
2022,Dallas Goedert,TE,75.2,00-0034351,141.2,12,69.0,TE,11.766666666666666,12.0,5.0,TE,7,8,R7-8,R7-8,1,1.0,1-12,1-12,1,1.0,1,1.0,True,0,0.0,0,1.0,0,0.0
2022,JuJu Smith-Schuster,WR,75.9,00-0033857,185.29999999999998,16,101.0,WR,11.581249999999999,27.0,36.0,WR,7,8,R7-8,R7-8,0,0.0,25-36,25-36,0,0.0,1,1.0,True,1,0.0,1,0.0,1,0.0
2022,Rhamondre Stevenson,RB,76.0,00-0036875,249.1,17,88.0,RB,14.652941176470588,7.0,11.0,RB,7,8,R7-8,R7-8,1,1.0,1-12,1-12,1,1.0,1,1.0,True,1,1.0,1,1.0,1,1.0
2022,Aaron Rodgers,QB,80.2,00-0023459,239.2,17,0.0,QB,14.070588235294117,13.0,25.0,QB,7,9,R7-8,R9+,0,0.0,13-24,25-36,1,0.0,1,1.0,True,1,1.0,1,1.0,1,1.0
2022,Rashod Bateman,WR,81.0,00-0036550,53.5,6,28.0,WR,8.916666666666666,111.0,58.0,WR,7,9,R7-8,R9+,0,0.0,none,none,0,0.0,0,0.0,True,0,0.0,0,0.0,0,0.0
2022,Dak Prescott,QB,83.6,00-0033077,198.6,12,0.0,QB,16.55,19.0,14.0,QB,7,9,R7-8,R9+,0,0.0,13-24,13-24,1,1.0,1,1.0,True,1,1.0,1,1.0,1,1.0
2022,Amari Cooper,WR,84.2,00-0031544,246.0,17,132.0,WR,14.470588235294118,10.0,18.0,WR,8,9,R7-8,R9+,1,0.0,1-12,13-24,1,1.0,1,1.0,True,1,1.0,1,1.0,1,1.0
2022,Melvin Gordon III,RB,85.4,00-0032144,87.1,10,32.0,RB,8.709999999999999,54.0,44.0,RB,8,9,R7-8,R9+,0,0.0,none,none,0,0.0,0,0.0,True,0,0.0,0,0.0,0,0.0
2022,DeVonta Smith,WR,86.6,00-0036912,256.6,17,136.0,WR,15.094117647058825,9.0,14.0,WR,8,9,R7-8,R9+,1,0.0,1-12,13-24,1,1.0,1,1.0,True,1,1.0,1,1.0,1,1.0
2022,Tom Brady,QB,86.8,00-0019596,271.66,17,1.0,QB,15.980000000000002,12.0,16.0,QB,8,9,R7-8,R9+,1,0.0,1-12,13-24,1,1.0,1,1.0,True,1,1.0,1,1.0,1,1.0
2022,Elijah Moore,WR,87.9,00-0036980,88.1,14,65.0,WR,6.292857142857143,81.0,92.0,WR,8,9,R7-8,R9+,0,0.0,none,none,0,0.0,0,0.0,True,0,0.0,0,0.0,0,0.0
2022,Zach Ertz,TE,89.0,00-0030061,115.60000000000001,10,69.0,TE,11.56,19.0,6.0,TE,8,9,R7-8,R9+,0,1.0,13-24,1-12,1,1.0,1,1.0,True,0,0.0,0,1.0,0,0.0
2022,Allen Lazard,WR,89.5,00-0034521,174.8,15,100.0,WR,11.653333333333334,34.0,35.0,WR,8,9,R7-8,R9+,0,0.0,25-36,25-36,0,0.0,1,1.0,True,0,0.0,1,1.0,0,0.0
2022,DeAndre Hopkins,WR,90.0,00-0030564,151.7,9,96.0,WR,16.855555555555554,47.0,9.0,WR,8,9,R7-8,R9+,0,1.0,none,1-12,0,1.0,0,1.0,True,0,1.0,1,1.0,0,1.0
2022,Brandon Aiyuk,WR,90.0,00-0036261,227.8,17,114.0,WR,13.4,15.0,24.0,WR,8,9,R7-8,R9+,0,0.0,13-24,13-24,1,1.0,1,1.0,True,1,1.0,1,1.0,1,1.0
2022,Matthew Stafford,QB,90.3,00-0026498,108.38,9,0.0,QB,12.042222222222222,32.0,33.0,QB,8,10,R7-8,R9+,0,0.0,25-36,25-36,0,0.0,1,1.0,True,0,1.0,0,1.0,0,1.0
2022,Cordarrelle Patterson,RB,91.4,00-0030578,154.7,13,31.0,RB,11.899999999999999,31.0,25.0,RB,8,10,R7-8,R9+,0,0.0,25-36,25-36,0,0.0,1,1.0,True,0,0.0,1,1.0,0,0.0
2022,James Cook III,RB,92.0,00-0037248,105.7,16,32.0,RB,6.60625,44.0,58.0,RB,8,10,R7-8,R9+,0,0.0,none,none,0,0.0,0,0.0,True,0,0.0,0,0.0,0,0.0
2022,Kenneth Walker III,RB,92.9,00-0038134,202.5,15,35.0,RB,13.5,18.0,17.0,RB,8,10,R7-8,R9+,0,0.0,13-24,13-24,1,1.0,1,1.0,True,1,1.0,1,1.0,1,1.0
2022,Nyheim Hines,RB,93.9,00-0034367,81.4,16,37.0,RB,5.0875,56.0,70.0,RB,8,10,R7-8,R9+,0,0.0,none,none,0,0.0,0,0.0,True,0,0.0,0,0.0,0,0.0
2022,Christian Kirk,WR,96.2,00-0034775,241.9,17,133.0,WR,14.229411764705883,12.0,19.0,WR,9,10,R9+,R9+,1,0.0,1-12,13-24,1,1.0,1,1.0,True,1,1.0,1,1.0,1,1.0
2022,Trey Lance,QB,97.7,00-0037012,12.46,2,0.0,QB,6.23,62.0,,QB,9,10,R9+,R9+,0,,none,none,0,,0,,False,0,,0,,0,
2022,Pat Freiermuth,TE,100.0,00-0036894,148.2,15,98.0,TE,9.879999999999999,7.0,10.0,TE,9,10,R9+,R9+,1,1.0,1-12,1-12,1,1.0,1,1.0,True,1,1.0,1,1.0,1,1.0
2022,James Robinson,RB,101.5,00-0035831,88.6,11,14.0,RB,8.054545454545455,51.0,50.0,RB,9,11,R9+,R9+,0,0.0,none,none,0,0.0,0,0.0,True,0,0.0,0,0.0,0,0.0
2022,Raheem Mostert,RB,101.9,00-0031687,168.3,16,42.0,RB,10.51875,25.0,31.0,RB,9,11,R9+,R9+,0,0.0,25-36,25-36,0,0.0,1,1.0,True,1,1.0,1,1.0,1,1.0
2022,Drake London,WR,102.2,00-0037238,178.6,17,117.0,WR,10.505882352941176,31.0,46.0,WR,9,11,R9+,R9+,0,0.0,25-36,none,0,0.0,1,0.0,True,1,1.0,1,1.0,1,1.0
2022,Robert Woods,WR,102.5,00-0030431,117.7,17,91.0,WR,6.923529411764706,56.0,84.0,WR,9,11,R9+,R9+,0,0.0,none,none,0,0.0,0,0.0,True,0,0.0,0,0.0,0,0.0
2022,Kadarius Toney,WR,102.7,00-0036913,59.3,9,20.0,WR,6.588888888888889,106.0,89.0,WR,9,11,R9+,R9+,0,0.0,none,none,0,0.0,0,0.0,True,0,0.0,0,0.0,0,0.0
2022,Derek Carr,QB,103.1,00-0031280,219.08,15,0.0,QB,14.605333333333334,17.0,20.0,QB,9,11,R9+,R9+,0,0.0,13-24,13-24,1,1.0,1,1.0,True,1,1.0,1,1.0,1,1.0
2022,Cole Kmet,TE,103.6,00-0036290,147.29999999999998,17,69.0,TE,8.66470588235294,8.0,16.0,TE,9,11,R9+,R9+,1,0.0,1-12,13-24,1,1.0,1,1.0,True,1,1.0,1,0.0,1,1.0
2022,Kenny Gainwell,RB,105.8,00-0036919,87.9,17,29.0,RB,5.170588235294118,53.0,68.0,RB,9,11,R9+,R9+,0,0.0,none,none,0,0.0,0,0.0,True,0,0.0,0,0.0,0,0.0
2022,Tyler Allgeier,RB,107.6,00-0037263,159.4,16,17.0,RB,9.9625,29.0,35.0,RB,9,11,R9+,R9+,0,0.0,25-36,25-36,0,0.0,1,1.0,True,1,1.0,1,1.0,1,1.0
2022,Kirk Cousins,QB,108.6,00-0029604,291.58,17,0.0,QB,17.151764705882353,8.0,12.0,QB,10,11,R9+,R9+,1,1.0,1-12,1-12,1,1.0,1,1.0,True,1,1.0,1,1.0,1,1.0
2022,J.D. McKissic,RB,110.2,00-0032602,55.8,8,40.0,RB,6.975,68.0,56.0,RB,10,12,R9+,R9+,0,0.0,none,none,0,0.0,0,0.0,True,0,0.0,0,0.0,0,0.0
2022,Chris Olave,WR,110.4,00-0037239,198.2,15,119.0,WR,13.213333333333333,25.0,26.0,WR,10,12,R9+,R9+,0,0.0,25-36,25-36,0,0.0,1,1.0,True,1,1.0,1,1.0,1,1.0
2022,Dawson Knox,TE,111.5,00-0035689,135.7,15,65.0,TE,9.046666666666665,14.0,15.0,TE,10,12,R9+,R9+,0,0.0,13-24,13-24,1,1.0,1,1.0,True,1,1.0,1,0.0,1,1.0
2022,Darrell Henderson Jr.,RB,111.9,00-0035664,73.5,10,22.0,RB,7.35,60.0,54.0,RB,10,12,R9+,R9+,0,0.0,none,none,0,0.0,0,0.0,True,0,0.0,0,0.0,0,0.0
2022,Tyler Lockett,WR,112.5,00-0032211,239.3,16,117.0,WR,14.95625,13.0,16.0,WR,10,12,R9+,R9+,0,0.0,13-24,13-24,1,1.0,1,1.0,True,1,1.0,1,1.0,1,1.0
2022,Brian Robinson Jr.,RB,112.7,00-0037746,112.69999999999999,12,12.0,RB,9.391666666666666,43.0,40.0,RB,10,12,R9+,R9+,0,0.0,none,none,0,0.0,0,0.0,True,0,1.0,0,0.0,0,1.0
2022,Michael Carter,RB,113.3,00-0036924,126.0,16,54.0,RB,7.875,40.0,52.0,RB,10,12,R9+,R9+,0,0.0,none,none,0,0.0,0,0.0,True,1,0.0,1,0.0,1,0.0
2022,Antonio Gibson,RB,114.7,00-0036328,165.9,15,58.0,RB,11.06,28.0,30.0,RB,10,12,R9+,R9+,0,0.0,25-36,25-36,0,0.0,1,1.0,True,1,1.0,1,1.0,1,1.0
2022,Isiah Pacheco,RB,118.0,00-0037197,135.0,17,14.0,RB,7.9411764705882355,37.0,51.0,RB,10,12,R9+,R9+,0,0.0,none,none,0,0.0,0,0.0,True,1,0.0,1,0.0,1,0.0
2022,Skyy Moore,WR,118.1,00-0038090,49.4,16,33.0,WR,3.0875,118.0,136.0,WR,10,12,R9+,R9+,0,0.0,none,none,0,0.0,0,0.0,True,0,0.0,0,0.0,0,0.0
2022,Michael Gallup,WR,118.2,00-0034764,105.4,14,74.0,WR,7.528571428571429,66.0,73.0,WR,10,12,R9+,R9+,0,0.0,none,none,0,0.0,0,0.0,True,0,0.0,0,0.0,0,0.0
2022,T.J. Hockenson,TE,120.2,00-0035229,217.4,17,129.0,TE,12.788235294117648,2.0,3.0,TE,11,13,R9+,R9+,1,1.0,1-12,1-12,1,1.0,1,1.0,True,1,1.0,1,1.0,1,1.0
2022,Julio Jones,WR,120.9,00-0027944,70.4,10,43.0,WR,7.040000000000001,96.0,79.0,WR,11,13,R9+,R9+,0,0.0,none,none,0,0.0,0,0.0,True,0,0.0,0,0.0,0,0.0
2022,Tua Tagovailoa,QB,121.2,00-0036212,230.92,13,0.0,QB,17.763076923076923,15.0,10.0,QB,11,13,R9+,R9+,0,1.0,13-24,1-12,1,1.0,1,1.0,True,1,1.0,1,1.0,1,1.0
2022,Jamaal Williams,RB,121.7,00-0033948,225.9,17,16.0,RB,13.288235294117648,13.0,19.0,RB,11,13,R9+,R9+,0,0.0,13-24,13-24,1,1.0,1,1.0,True,1,1.0,1,1.0,1,1.0
2022,Tyler Boyd,WR,123.0,00-0033009,167.12,16,82.0,WR,10.445,38.0,47.0,WR,11,13,R9+,R9+,0,0.0,none,none,0,0.0,0,0.0,True,1,1.0,1,1.0,1,1.0
2022,Rachaad White,RB,123.3,00-0037256,141.1,17,58.0,RB,8.299999999999999,36.0,47.0,RB,11,13,R9+,R9+,0,0.0,25-36,none,0,0.0,1,0.0,True,1,0.0,1,0.0,1,0.0
2022,George Pickens,WR,123.6,00-0037247,166.5,17,84.0,WR,9.794117647058824,40.0,51.0,WR,11,13,R9+,R9+,0,0.0,none,none,0,0.0,0,0.0,True,1,1.0,1,1.0,1,1.0
2022,Alexander Mattison,RB,128.9,00-0034972,88.4,17,18.0,RB,5.2,52.0,67.0,RB,11,13,R9+,R9+,0,0.0,none,none,0,0.0,0,0.0,True,0,0.0,0,0.0,0,0.0
2022,Marquez Valdes-Scantling,WR,129.0,00-0034272,122.4,17,81.0,WR,7.2,54.0,76.0,WR,11,13,R9+,R9+,0,0.0,none,none,0,0.0,0,0.0,True,1,0.0,0,0.0,1,0.0
2022,Treylon Burks,WR,129.3,00-0037742,88.1,11,54.0,WR,8.009090909090908,81.0,67.0,WR,11,13,R9+,R9+,0,0.0,none,none,0,0.0,0,0.0,True,0,0.0,0,0.0,0,0.0
2022,Zamir White,RB,130.5,00-0038040,7.0,11,0.0,RB,0.6363636363636364,127.0,123.0,RB,11,14,R9+,R9+,0,0.0,none,none,0,0.0,0,0.0,True,0,0.0,0,0.0,0,0.0
2022,Matt Ryan,QB,132.9,00-0026143,155.28,12,0.0,QB,12.94,27.0,27.0,QB,12,14,R9+,R9+,0,0.0,25-36,25-36,0,0.0,1,1.0,True,1,1.0,1,1.0,1,1.0
2022,Chase Claypool,WR,133.7,00-0036326,105.03999999999999,15,79.0,WR,7.002666666666666,67.0,82.0,WR,12,14,R9+,R9+,0,0.0,none,none,0,0.0,0,0.0,True,0,0.0,0,0.0,0,0.0
2022,Romeo Doubs,WR,134.1,00-0037816,101.6,13,67.0,WR,7.815384615384615,71.0,71.0,WR,12,14,R9+,R9+,0,0.0,none,none,0,0.0,0,0.0,True,0,0.0,0,0.0,0,0.0
2022,Hunter Henry,TE,134.1,00-0033090,103.9,16,59.0,TE,6.49375,22.0,28.0,TE,12,14,R9+,R9+,0,0.0,13-24,25-36,1,0.0,1,1.0,True,0,0.0,0,0.0,0,0.0
2022,DeVante Parker,WR,134.9,00-0031547,102.9,12,47.0,WR,8.575000000000001,70.0,63.0,WR,12,14,R9+,R9+,0,0.0,none,none,0,0.0,0,0.0,True,0,0.0,0,0.0,0,0.0
2022,Justin Fields,QB,138.0,00-0036945,295.98,15,0.0,QB,19.732000000000003,6.0,5.0,QB,12,14,R9+,R9+,1,1.0,1-12,1-12,1,1.0,1,1.0,True,1,1.0,1,1.0,1,1.0
2022,Rondale Moore,WR,142.5,00-0036936,87.89999999999999,8,56.0,WR,10.987499999999999,83.0,40.0,WR,12,15,R9+,R9+,0,0.0,none,none,0,0.0,0,0.0,True,0,1.0,0,1.0,0,1.0
2022,Trevor Lawrence,QB,142.9,00-0036971,295.62,17,0.0,QB,17.389411764705883,7.0,11.0,QB,12,15,R9+,R9+,1,1.0,1-12,1-12,1,1.0,1,1.0,True,1,1.0,1,1.0,1,1.0
2022,Irv Smith Jr.,TE,146.0,00-0034970,55.199999999999996,8,36.0,TE,6.8999999999999995,43.0,24.0,TE,13,15,R9+,R9+,0,0.0,none,13-24,0,1.0,0,1.0,True,0,0.0,0,0.0,0,0.0
2022,Robert Tonyan,TE,147.9,00-0033757,112.0,17,67.0,TE,6.588235294117647,20.0,26.0,TE,13,15,R9+,R9+,0,0.0,13-24,25-36,1,0.0,1,1.0,True,0,0.0,0,0.0,0,0.0
2022,Jameis Winston,QB,150.1,00-0031503,43.92,3,0.0,QB,14.64,42.0,,QB,13,16,R9+,R9+,0,,none,none,0,,0,,False,0,,0,,0,
2022,Isaiah McKenzie,WR,152.6,00-0033466,119.8,15,65.0,WR,7.986666666666666,55.0,68.0,WR,13,16,R9+,R9+,0,0.0,none,none,0,0.0,0,0.0,True,0,0.0,0,0.0,0,0.0
2022,Nico Collins,WR,153.8,00-0036554,97.1,10,66.0,WR,9.709999999999999,77.0,52.0,WR,13,16,R9+,R9+,0,0.0,none,none,0,0.0,0,0.0,True,0,1.0,0,1.0,0,1.0
2023,Justin Jefferson,WR,1.4,00-0036322,202.2,10,100.0,WR,20.22,33.0,5.0,WR,1,1,R1-2,R1-2,0,1.0,25-36,1-12,0,1.0,1,1.0,True,0,1.0,0,1.0,0,1.0
2023,Christian McCaffrey,RB,2.4,00-0033280,391.3,16,83.0,RB,24.45625,1.0,1.0,RB,1,1,R1-2,R1-2,1,1.0,1-12,1-12,1,1.0,1,1.0,True,1,1.0,1,1.0,1,1.0
2023,Ja'Marr Chase,WR,2.4,00-0036900,262.72,16,145.0,WR,16.42,11.0,12.0,WR,1,1,R1-2,R1-2,1,1.0,1-12,1-12,1,1.0,1,1.0,True,1,1.0,1,1.0,1,1.0
2023,Tyreek Hill,WR,4.4,00-0033040,376.4,16,171.0,WR,23.525,2.0,2.0,WR,1,1,R1-2,R1-2,1,1.0,1-12,1-12,1,1.0,1,1.0,True,1,1.0,1,1.0,1,1.0
2023,Austin Ekeler,RB,5.0,00-0033699,185.4,14,74.0,RB,13.242857142857144,26.0,21.0,RB,1,1,R1-2,R1-2,0,0.0,25-36,13-24,0,1.0,1,1.0,True,0,0.0,0,0.0,0,0.0
2023,Travis Kelce,TE,5.9,00-0030506,219.4,15,121.0,TE,14.626666666666667,3.0,1.0,TE,1,1,R1-2,R1-2,1,1.0,1-12,1-12,1,1.0,1,1.0,True,0,1.0,0,0.0,0,1.0
2023,Cooper Kupp,WR,7.0,00-0033908,164.4,12,95.0,WR,13.700000000000001,40.0,23.0,WR,1,1,R1-2,R1-2,0,0.0,none,13-24,0,1.0,0,1.0,True,0,0.0,0,0.0,0,0.0
2023,Stefon Diggs,WR,8.5,00-0031588,273.8,17,160.0,WR,16.105882352941176,9.0,14.0,WR,1,1,R1-2,R1-2,1,0.0,1-12,13-24,1,1.0,1,1.0,True,1,1.0,1,1.0,1,1.0
2023,Bijan Robinson,RB,8.8,00-0038542,246.3,17,86.0,RB,14.488235294117647,9.0,17.0,RB,1,1,R1-2,R1-2,1,0.0,1-12,13-24,1,1.0,1,1.0,True,1,0.0,0,0.0,1,0.0
2023,Saquon Barkley,RB,9.0,00-0034844,223.2,14,60.0,RB,15.942857142857141,13.0,9.0,RB,1,1,R1-2,R1-2,0,1.0,13-24,1-12,1,1.0,1,1.0,True,0,1.0,0,1.0,0,1.0
2023,CeeDee Lamb,WR,11.0,00-0036358,403.20000000000005,17,181.0,WR,23.71764705882353,1.0,1.0,WR,1,2,R1-2,R1-2,1,1.0,1-12,1-12,1,1.0,1,1.0,True,1,1.0,1,1.0,1,1.0
2023,A.J. Brown,WR,12.5,00-0035676,289.6,17,158.0,WR,17.03529411764706,5.0,8.0,WR,2,2,R1-2,R1-2,1,1.0,1-12,1-12,1,1.0,1,1.0,True,1,1.0,1,1.0,1,1.0
2023,Nick Chubb,RB,12.5,00-0034791,23.1,2,4.0,RB,11.55,86.0,,RB,2,2,R1-2,R1-2,0,,none,none,0,,0,,False,0,,0,,0,
2023,Amon-Ra St. Brown,WR,13.2,00-0036963,330.9,16,164.0,WR,20.68125,3.0,4.0,WR,2,2,R1-2,R1-2,1,1.0,1-12,1-12,1,1.0,1,1.0,True,1,1.0,1,1.0,1,1.0
2023,Tony Pollard,RB,15.2,00-0035261,222.6,17,67.0,RB,13.094117647058823,14.0,23.0,RB,2,2,R1-2,R1-2,0,0.0,13-24,13-24,1,1.0,1,1.0,True,0,0.0,0,0.0,0,0.0
2023,Garrett Wilson,WR,15.6,00-0037740,213.2,17,168.0,WR,12.541176470588235,26.0,32.0,WR,2,2,R1-2,R1-2,0,0.0,25-36,25-36,0,0.0,1,1.0,True,0,0.0,0,0.0,0,0.0
2023,Davante Adams,WR,15.6,00-0031381,265.4,17,175.0,WR,15.61176470588235,10.0,16.0,WR,2,2,R1-2,R1-2,1,0.0,1-12,13-24,1,1.0,1,1.0,True,1,1.0,1,0.0,1,1.0
2023,Derrick Henry,RB,17.9,00-0032764,246.66,17,36.0,RB,14.509411764705883,8.0,16.0,RB,2,2,R1-2,R1-2,1,0.0,1-12,13-24,1,1.0,1,1.0,True,1,0.0,1,0.0,1,0.0
2023,Patrick Mahomes,QB,19.6,00-0033873,280.22,16,0.0,QB,17.51375,8.0,14.0,QB,2,2,R1-2,R1-2,1,0.0,1-12,13-24,1,1.0,1,1.0,True,1,1.0,1,1.0,1,1.0
2023,Jaylen Waddle,WR,19.9,00-0036613,198.6,14,104.0,WR,14.185714285714285,34.0,21.0,WR,2,2,R1-2,R1-2,0,0.0,25-36,13-24,0,1.0,1,1.0,True,0,0.0,0,0.0,0,0.0
2023,Chris Olave,WR,20.4,00-0037239,231.29999999999998,16,138.0,WR,14.456249999999999,16.0,19.0,WR,2,3,R1-2,R3-4,0,0.0,13-24,13-24,1,1.0,1,1.0,True,1,0.0,1,0.0,1,0.0
2023,Josh Jacobs,RB,21.9,00-0035700,181.1,13,54.0,RB,13.930769230769231,28.0,18.0,RB,2,3,R1-2,R3-4,0,0.0,25-36,13-24,0,1.0,1,1.0,True,0,0.0,0,0.0,0,0.0
2023,DeVonta Smith,WR,23.3,00-0036912,227.6,16,112.0,WR,14.225,19.0,20.0,WR,2,3,R1-2,R3-4,0,0.0,13-24,13-24,1,1.0,1,1.0,True,0,0.0,0,0.0,0,0.0
2023,Rhamondre Stevenson,RB,23.4,00-0036875,145.7,12,51.0,RB,12.141666666666666,35.0,27.0,RB,2,3,R1-2,R3-4,0,0.0,25-36,25-36,0,0.0,1,1.0,True,0,0.0,0,0.0,0,0.0
2023,Jonathan Taylor,RB,25.9,00-0036223,156.4,10,23.0,RB,15.64,33.0,12.0,RB,3,3,R3-4,R3-4,0,1.0,25-36,1-12,0,1.0,1,1.0,True,0,1.0,0,1.0,0,1.0
2023,Josh Allen,QB,26.6,00-0034857,392.64,17,0.0,QB,23.09647058823529,1.0,1.0,QB,3,3,R3-4,R3-4,1,1.0,1-12,1-12,1,1.0,1,1.0,True,1,1.0,1,1.0,1,1.0
2023,Tee Higgins,WR,26.6,00-0036410,137.6,12,76.0,WR,11.466666666666667,51.0,41.0,WR,3,3,R3-4,R3-4,0,0.0,none,none,0,0.0,0,0.0,True,0,0.0,0,0.0,0,0.0
2023,Jalen Hurts,QB,26.9,00-0036389,356.82,17,0.0,QB,20.98941176470588,2.0,2.0,QB,3,3,R3-4,R3-4,1,1.0,1-12,1-12,1,1.0,1,1.0,True,1,1.0,1,1.0,1,1.0
2023,Mark Andrews,TE,28.9,00-0034753,135.4,10,61.0,TE,13.540000000000001,15.0,5.0,TE,3,3,R3-4,R3-4,0,1.0,13-24,1-12,1,1.0,1,1.0,True,0,0.0,0,0.0,0,0.0
2023,Calvin Ridley,WR,29.2,00-0034837,229.9,17,136.0,WR,13.523529411764706,18.0,27.0,WR,3,3,R3-4,R3-4,0,0.0,13-24,25-36,1,0.0,1,1.0,True,1,0.0,1,0.0,1,0.0
2023,Keenan Allen,WR,29.2,00-0030279,278.86,13,150.0,WR,21.450769230769232,8.0,3.0,WR,3,3,R3-4,R3-4,1,1.0,1-12,1-12,1,1.0,1,1.0,True,1,1.0,1,1.0,1,1.0
2023,Najee Harris,RB,30.4,00-0036893,195.5,17,38.0,RB,11.5,23.0,30.0,RB,3,4,R3-4,R3-4,0,0.0,13-24,25-36,1,0.0,1,1.0,True,0,0.0,0,0.0,0,0.0
2023,DK Metcalf,WR,30.8,00-0035640,225.4,16,119.0,WR,14.0875,21.0,22.0,WR,3,4,R3-4,R3-4,0,0.0,13-24,13-24,1,1.0,1,1.0,True,0,0.0,0,0.0,0,0.0
2023,Joe Mixon,RB,31.4,00-0033897,267.0,17,64.0,RB,15.705882352941176,6.0,11.0,RB,3,4,R3-4,R3-4,1,1.0,1-12,1-12,1,1.0,1,1.0,True,1,1.0,1,1.0,1,1.0
2023,Travis Etienne Jr.,RB,34.7,00-0036973,282.4,17,73.0,RB,16.61176470588235,3.0,7.0,RB,3,4,R3-4,R3-4,1,1.0,1-12,1-12,1,1.0,1,1.0,True,1,1.0,1,1.0,1,1.0
2023,Amari Cooper,WR,35.4,00-0031544,227.0,15,128.0,WR,15.133333333333333,20.0,18.0,WR,3,4,R3-4,R3-4,0,0.0,13-24,13-24,1,1.0,1,1.0,True,1,1.0,0,1.0,1,1.0
2023,Breece Hall,RB,36.6,00-0038120,290.5,17,95.0,RB,17.08823529411765,2.0,6.0,RB,4,4,R3-4,R3-4,1,1.0,1-12,1-12,1,1.0,1,1.0,True,1,1.0,1,1.0,1,1.0
2023,Jahmyr Gibbs,RB,36.7,00-0039139,242.1,15,71.0,RB,16.14,10.0,8.0,RB,4,4,R3-4,R3-4,1,1.0,1-12,1-12,1,1.0,1,1.0,True,1,1.0,1,1.0,1,1.0
2023,Lamar Jackson,QB,36.9,00-0034796,331.22,16,0.0,QB,20.70125,4.0,3.0,QB,4,4,R3-4,R3-4,1,1.0,1-12,1-12,1,1.0,1,1.0,True,1,1.0,1,1.0,1,1.0
2023,Deebo Samuel Sr.,WR,37.2,00-0035719,243.7,15,89.0,WR,16.246666666666666,15.0,13.0,WR,4,4,R3-4,R3-4,0,0.0,13-24,13-24,1,1.0,1,1.0,True,1,1.0,1,1.0,1,1.0
2023,Aaron Jones Sr.,RB,38.9,00-0033293,134.9,11,43.0,RB,12.263636363636364,37.0,26.0,RB,4,4,R3-4,R3-4,0,0.0,none,25-36,0,0.0,0,1.0,True,0,0.0,0,0.0,0,0.0
2023,DeAndre Hopkins,WR,41.4,00-0030564,223.6,17,137.0,WR,13.152941176470588,22.0,29.0,WR,4,5,R3-4,R5-6,0,0.0,13-24,25-36,1,0.0,1,1.0,True,0,0.0,1,1.0,0,0.0
2023,Joe Burrow,QB,43.2,00-0036442,147.16,10,0.0,QB,14.716,25.0,25.0,QB,4,5,R3-4,R5-6,0,0.0,25-36,25-36,0,0.0,1,1.0,True,0,0.0,0,1.0,0,0.0
2023,Drake London,WR,44.1,00-0037238,174.38,16,110.0,WR,10.89875,37.0,44.0,WR,4,5,R3-4,R5-6,0,0.0,none,none,0,0.0,0,0.0,True,0,0.0,0,0.0,0,0.0
2023,T.J. Hockenson,TE,44.2,00-0035229,219.0,15,127.0,TE,14.6,4.0,2.0,TE,4,5,R3-4,R5-6,1,1.0,1-12,1-12,1,1.0,1,1.0,True,0,0.0,1,1.0,0,0.0
2023,DJ Moore,WR,44.7,00-0034827,286.5,17,136.0,WR,16.852941176470587,6.0,9.0,WR,4,5,R3-4,R5-6,1,1.0,1-12,1-12,1,1.0,1,1.0,True,1,1.0,1,1.0,1,1.0
2023,Jerry Jeudy,WR,44.8,00-0036407,141.8,16,87.0,WR,8.8625,50.0,57.0,WR,4,5,R3-4,R5-6,0,0.0,none,none,0,0.0,0,0.0,True,0,0.0,0,0.0,0,0.0
2023,Kenneth Walker III,RB,47.9,00-0038134,199.4,15,37.0,RB,13.293333333333333,19.0,20.0,RB,4,5,R3-4,R5-6,0,0.0,13-24,13-24,1,1.0,1,1.0,True,0,0.0,0,1.0,0,0.0
2023,Christian Watson,WR,48.6,00-0038124,101.3,9,53.0,WR,11.255555555555555,68.0,42.0,WR,5,5,R5-6,R5-6,0,0.0,none,none,0,0.0,0,0.0,True,0,0.0,0,0.0,0,0.0
2023,Justin Fields,QB,48.8,00-0036945,230.17999999999998,13,0.0,QB,17.706153846153846,18.0,13.0,QB,5,5,R5-6,R5-6,0,0.0,13-24,13-24,1,1.0,1,1.0,True,1,1.0,1,1.0,1,1.0
2023,Chris Godwin Jr.,WR,49.3,00-0033921,209.2,17,130.0,WR,12.305882352941175,28.0,35.0,WR,5,5,R5-6,R5-6,0,0.0,25-36,25-36,0,0.0,1,1.0,True,1,1.0,1,0.0,1,1.0
2023,Terry McLaurin,WR,49.7,00-0035659,203.20000000000002,17,132.0,WR,11.952941176470588,31.0,37.0,WR,5,5,R5-6,R5-6,0,0.0,25-36,none,0,0.0,1,0.0,True,1,0.0,1,0.0,1,0.0
2023,Justin Herbert,QB,50.3,00-0036355,234.16,13,1.0,QB,18.012307692307694,17.0,12.0,QB,5,6,R5-6,R5-6,0,1.0,13-24,1-12,1,1.0,1,1.0,True,1,1.0,1,1.0,1,1.0
2023,Miles Sanders,RB,52.9,00-0035243,87.6,16,41.0,RB,5.475,52.0,62.0,RB,5,6,R5-6,R5-6,0,0.0,none,none,0,0.0,0,0.0,True,0,0.0,0,0.0,0,0.0
2023,Diontae Johnson,WR,53.4,00-0035216,152.7,13,87.0,WR,11.746153846153845,45.0,40.0,WR,5,6,R5-6,R5-6,0,0.0,none,none,0,0.0,0,0.0,True,0,0.0,0,0.0,0,0.0
2023,J.K. Dobbins,RB,55.1,00-0036158,11.7,1,3.0,RB,11.7,107.0,,RB,5,6,R5-6,R5-6,0,,none,none,0,,0,,False,0,,0,,0,
2023,George Kittle,TE,55.7,00-0033288,203.20000000000002,16,90.0,TE,12.700000000000001,5.0,6.0,TE,5,6,R5-6,R5-6,1,1.0,1-12,1-12,1,1.0,1,1.0,True,1,1.0,1,1.0,1,1.0
2023,Tyler Lockett,WR,55.7,00-0032211,202.4,17,122.0,WR,11.905882352941177,32.0,38.0,WR,5,6,R5-6,R5-6,0,0.0,25-36,none,0,0.0,1,0.0,True,1,0.0,1,0.0,1,0.0
2023,Alexander Mattison,RB,56.9,00-0034972,133.20000000000002,16,44.0,RB,8.325000000000001,38.0,41.0,RB,5,6,R5-6,R5-6,0,0.0,none,none,0,0.0,0,0.0,True,0,0.0,0,0.0,0,0.0
2023,Dameon Pierce,RB,57.0,00-0037258,82.7,14,17.0,RB,5.9071428571428575,55.0,58.0,RB,5,6,R5-6,R5-6,0,0.0,none,none,0,0.0,0,0.0,True,0,0.0,0,0.0,0,0.0
2023,Brandon Aiyuk,WR,57.0,00-0036261,249.2,16,105.0,WR,15.575,14.0,17.0,WR,5,6,R5-6,R5-6,0,0.0,13-24,13-24,1,1.0,1,1.0,True,1,1.0,1,1.0,1,1.0
2023,Trevor Lawrence,QB,58.4,00-0036971,262.54,16,0.0,QB,16.40875,12.0,17.0,QB,5,6,R5-6,R5-6,1,0.0,1-12,13-24,1,1.0,1,1.0,True,1,1.0,1,1.0,1,1.0
2023,Christian Kirk,WR,60.3,00-0034775,150.26,12,85.0,WR,12.521666666666667,47.0,33.0,WR,6,7,R5-6,R7-8,0,0.0,none,25-36,0,0.0,0,1.0,True,0,1.0,0,0.0,0,1.0
2023,Darren Waller,TE,60.3,00-0031610,113.2,12,74.0,TE,9.433333333333334,22.0,13.0,TE,6,7,R5-6,R7-8,0,0.0,13-24,13-24,1,1.0,1,1.0,True,0,0.0,0,0.0,0,0.0
2023,Cam Akers,RB,63.1,00-0036414,46.699999999999996,7,12.0,RB,6.671428571428571,66.0,50.0,RB,6,7,R5-6,R7-8,0,0.0,none,none,0,0.0,0,0.0,True,0,0.0,0,0.0,0,0.0
2023,Mike Williams,WR,63.3,00-0033536,50.2,3,26.0,WR,16.733333333333334,112.0,,WR,6,7,R5-6,R7-8,0,,none,none,0,,0,,False,0,,0,,0,
2023,Michael Pittman Jr.,WR,63.8,00-0036252,252.2,16,156.0,WR,15.7625,13.0,15.0,WR,6,7,R5-6,R7-8,0,0.0,13-24,13-24,1,1.0,1,1.0,True,1,1.0,1,1.0,1,1.0
2023,James Conner,RB,66.2,00-0033553,201.5,13,33.0,RB,15.5,18.0,13.0,RB,6,7,R5-6,R7-8,0,0.0,13-24,13-24,1,1.0,1,1.0,True,0,1.0,1,1.0,0,1.0
2023,Mike Evans,WR,67.6,00-0031408,282.5,17,136.0,WR,16.61764705882353,7.0,10.0,WR,6,7,R5-6,R7-8,1,1.0,1-12,1-12,1,1.0,1,1.0,True,1,1.0,1,1.0,1,1.0
2023,Rachaad White,RB,68.1,00-0037256,267.9,17,70.0,RB,15.758823529411764,4.0,10.0,RB,6,7,R5-6,R7-8,1,1.0,1-12,1-12,1,1.0,1,1.0,True,1,1.0,1,1.0,1,1.0
2023,Alvin Kamara,RB,69.2,00-0033906,233.0,13,86.0,RB,17.923076923076923,11.0,3.0,RB,6,7,R5-6,R7-8,1,1.0,1-12,1-12,1,1.0,1,1.0,True,1,1.0,1,1.0,1,1.0
2023,Dallas Goedert,TE,69.7,00-0034351,136.29999999999998,14,83.0,TE,9.735714285714284,14.0,12.0,TE,6,7,R5-6,R7-8,0,1.0,13-24,1-12,1,1.0,1,1.0,True,0,0.0,0,0.0,0,0.0
2023,George Pickens,WR,70.0,00-0037247,208.8,17,106.0,WR,12.282352941176471,29.0,36.0,WR,6,7,R5-6,R7-8,0,0.0,25-36,25-36,0,0.0,1,1.0,True,1,0.0,1,0.0,1,0.0
2023,Hollywood Brown,WR,72.5,00-0035662,134.70000000000002,13,101.0,WR,10.361538461538462,52.0,48.0,WR,7,8,R7-8,R7-8,0,0.0,none,none,0,0.0,0,0.0,True,0,0.0,0,0.0,0,0.0
2023,Javonte Williams,RB,72.8,00-0036997,179.2,16,58.0,RB,11.2,29.0,31.0,RB,7,8,R7-8,R7-8,0,0.0,25-36,25-36,0,0.0,1,1.0,True,1,1.0,0,0.0,1,1.0
2023,Jahan Dotson,WR,73.1,00-0037741,124.8,17,83.0,WR,7.341176470588235,56.0,71.0,WR,7,8,R7-8,R7-8,0,0.0,none,none,0,0.0,0,0.0,True,0,0.0,0,0.0,0,0.0
2023,Kyle Pitts Sr.,TE,74.6,00-0036970,137.3,17,90.0,TE,8.076470588235296,13.0,17.0,TE,7,8,R7-8,R7-8,0,0.0,13-24,13-24,1,1.0,1,1.0,True,0,0.0,0,0.0,0,0.0
2023,D'Andre Swift,RB,75.9,00-0036275,199.3,16,49.0,RB,12.45625,20.0,24.0,RB,7,8,R7-8,R7-8,0,0.0,13-24,13-24,1,1.0,1,1.0,True,1,1.0,1,0.0,1,1.0
2023,Deshaun Watson,QB,76.2,00-0033537,86.8,6,0.0,QB,14.466666666666667,36.0,26.0,QB,7,8,R7-8,R7-8,0,0.0,25-36,25-36,0,0.0,1,1.0,True,0,1.0,0,1.0,0,1.0
2023,David Montgomery,RB,76.8,00-0035685,207.2,14,24.0,RB,14.799999999999999,17.0,15.0,RB,7,8,R7-8,R7-8,0,0.0,13-24,13-24,1,1.0,1,1.0,True,1,1.0,1,1.0,1,1.0
2023,James Cook III,RB,77.6,00-0037248,232.7,17,54.0,RB,13.688235294117646,12.0,19.0,RB,7,8,R7-8,R7-8,1,0.0,1-12,13-24,1,1.0,1,1.0,True,1,1.0,1,1.0,1,1.0
2023,Jordan Addison,WR,78.4,00-0038994,221.3,17,108.0,WR,13.01764705882353,23.0,30.0,WR,7,8,R7-8,R7-8,0,0.0,13-24,25-36,1,0.0,1,1.0,True,1,1.0,1,1.0,1,1.0
2023,Isiah Pacheco,RB,79.2,00-0037197,213.9,14,49.0,RB,15.278571428571428,15.0,14.0,RB,7,8,R7-8,R7-8,0,0.0,13-24,13-24,1,1.0,1,1.0,True,1,1.0,1,1.0,1,1.0
2023,Dak Prescott,QB,82.2,00-0033077,342.84000000000003,17,0.0,QB,20.167058823529413,3.0,5.0,QB,7,9,R7-8,R9+,1,1.0,1-12,1-12,1,1.0,1,1.0,True,1,1.0,1,1.0,1,1.0
2023,Jaxon Smith-Njigba,WR,83.0,00-0038543,149.8,17,93.0,WR,8.811764705882354,48.0,58.0,WR,7,9,R7-8,R9+,0,0.0,none,none,0,0.0,0,0.0,True,0,0.0,1,1.0,0,0.0
2023,Tua Tagovailoa,QB,84.9,00-0036212,270.36,17,0.0,QB,15.903529411764707,11.0,21.0,QB,8,9,R7-8,R9+,1,0.0,1-12,13-24,1,1.0,1,1.0,True,1,1.0,1,1.0,1,1.0
2023,Brandin Cooks,WR,85.1,00-0031236,173.2,16,81.0,WR,10.825,38.0,45.0,WR,8,9,R7-8,R9+,0,0.0,none,none,0,0.0,0,0.0,True,1,0.0,1,1.0,1,0.0
2023,Courtland Sutton,WR,87.0,00-0034348,190.2,16,90.0,WR,11.8875,35.0,39.0,WR,8,9,R7-8,R9+,0,0.0,25-36,none,0,0.0,1,0.0,True,1,1.0,1,1.0,1,1.0
2023,Evan Engram,TE,87.9,00-0033881,230.29999999999998,17,143.0,TE,13.547058823529412,2.0,4.0,TE,8,9,R7-8,R9+,1,1.0,1-12,1-12,1,1.0,1,1.0,True,1,1.0,1,1.0,1,1.0
2023,Treylon Burks,WR,88.7,00-0037742,39.9,9,30.0,WR,4.433333333333334,122.0,103.0,WR,8,9,R7-8,R9+,0,0.0,none,none,0,0.0,0,0.0,True,0,0.0,0,0.0,0,0.0
2023,Antonio Gibson,RB,88.9,00-0036328,127.4,16,59.0,RB,7.9625,39.0,43.0,RB,8,9,R7-8,R9+,0,0.0,none,none,0,0.0,0,0.0,True,0,0.0,1,0.0,0,0.0
2023,Gabe Davis,WR,89.5,00-0036196,161.4,16,81.0,WR,10.0875,41.0,51.0,WR,8,9,R7-8,R9+,0,0.0,none,none,0,0.0,0,0.0,True,0,0.0,1,1.0,0,0.0
2023,Michael Thomas,WR,91.0,00-0032765,89.8,10,64.0,WR,8.98,75.0,54.0,WR,8,10,R7-8,R9+,0,0.0,none,none,0,0.0,0,0.0,True,0,0.0,0,1.0,0,0.0
2023,AJ Dillon,RB,91.7,00-0036265,117.6,15,28.0,RB,7.84,42.0,45.0,RB,8,10,R7-8,R9+,0,0.0,none,none,0,0.0,0,0.0,True,0,0.0,1,0.0,0,0.0
2023,JuJu Smith-Schuster,WR,93.3,00-0033857,61.0,11,47.0,WR,5.545454545454546,97.0,89.0,WR,8,10,R7-8,R9+,0,0.0,none,none,0,0.0,0,0.0,True,0,0.0,0,0.0,0,0.0
2023,Brian Robinson Jr.,RB,94.2,00-0037746,198.1,15,43.0,RB,13.206666666666667,21.0,22.0,RB,8,10,R7-8,R9+,0,0.0,13-24,13-24,1,1.0,1,1.0,True,1,1.0,1,1.0,1,1.0
2023,Khalil Herbert,RB,94.4,00-0036906,112.5,12,31.0,RB,9.375,43.0,39.0,RB,8,10,R7-8,R9+,0,0.0,none,none,0,0.0,0,0.0,True,0,0.0,0,1.0,0,0.0
2023,Quentin Johnston,WR,96.1,00-0038544,94.0,17,67.0,WR,5.529411764705882,74.0,90.0,WR,9,10,R9+,R9+,0,0.0,none,none,0,0.0,0,0.0,True,0,0.0,0,0.0,0,0.0
2023,Pat Freiermuth,TE,96.1,00-0036894,76.8,11,47.0,TE,6.9818181818181815,30.0,26.0,TE,9,10,R9+,R9+,0,0.0,25-36,25-36,0,0.0,1,1.0,True,0,0.0,0,0.0,0,0.0
2023,Elijah Moore,WR,97.2,00-0036980,132.1,16,104.0,WR,8.25625,54.0,62.0,WR,9,10,R9+,R9+,0,0.0,none,none,0,0.0,0,0.0,True,1,1.0,1,0.0,1,1.0
2023,Rashaad Penny,RB,97.3,00-0034750,4.8,3,1.0,RB,1.5999999999999999,116.0,,RB,9,10,R9+,R9+,0,,none,none,0,,0,,False,0,,0,,0,
2023,Samaje Perine,RB,99.3,00-0033526,121.3,17,56.0,RB,7.135294117647058,40.0,46.0,RB,9,10,R9+,R9+,0,0.0,none,none,0,0.0,0,0.0,True,1,0.0,1,0.0,1,0.0
2023,Kirk Cousins,QB,99.4,00-0029604,149.74,8,0.0,QB,18.7175,24.0,7.0,QB,9,10,R9+,R9+,0,1.0,13-24,1-12,1,1.0,1,1.0,True,1,1.0,1,1.0,1,1.0
2023,Kadarius Toney,WR,100.0,00-0036913,53.0,13,38.0,WR,4.076923076923077,108.0,113.0,WR,9,10,R9+,R9+,0,0.0,none,none,0,0.0,0,0.0,True,0,0.0,0,0.0,0,0.0
2023,Zay Flowers,WR,100.0,00-0039064,206.4,16,108.0,WR,12.9,30.0,31.0,WR,9,10,R9+,R9+,0,0.0,25-36,25-36,0,0.0,1,1.0,True,1,1.0,1,1.0,1,1.0
2023,Rashod Bateman,WR,102.0,00-0036550,76.5,15,56.0,WR,5.1,85.0,95.0,WR,9,11,R9+,R9+,0,0.0,none,none,0,0.0,0,0.0,True,0,0.0,0,0.0,0,0.0
2023,Aaron Rodgers,QB,103.6,00-0023459,0.0,1,0.0,QB,0.0,75.0,,QB,9,11,R9+,R9+,0,,none,none,0,,0,,False,0,,0,,0,
2023,David Njoku,TE,103.8,00-0033885,201.2,16,123.0,TE,12.575,6.0,7.0,TE,9,11,R9+,R9+,1,1.0,1-12,1-12,1,1.0,1,1.0,True,1,1.0,1,1.0,1,1.0
2023,Daniel Jones,QB,103.9,00-0035710,56.96,6,0.0,QB,9.493333333333334,44.0,42.0,QB,9,11,R9+,R9+,0,0.0,none,none,0,0.0,0,0.0,True,0,1.0,0,1.0,0,1.0
2023,Jamaal Williams,RB,104.2,00-0033948,60.8,13,20.0,RB,4.676923076923076,61.0,67.0,RB,9,11,R9+,R9+,0,0.0,none,none,0,0.0,0,0.0,True,0,0.0,0,0.0,0,0.0
2023,Zach Charbonnet,RB,107.2,00-0039165,106.1,16,40.0,RB,6.63125,45.0,52.0,RB,9,11,R9+,R9+,0,0.0,none,none,0,0.0,0,0.0,True,0,0.0,0,0.0,0,0.0
2023,Skyy Moore,WR,109.1,00-0038090,53.7,13,38.0,WR,4.130769230769231,107.0,111.0,WR,10,11,R9+,R9+,0,0.0,none,none,0,0.0,0,0.0,True,0,0.0,0,0.0,0,0.0
2023,Jakobi Meyers,WR,109.4,00-0034960,218.58,16,106.0,WR,13.66125,24.0,24.0,WR,10,11,R9+,R9+,0,0.0,13-24,13-24,1,1.0,1,1.0,True,1,1.0,1,1.0,1,1.0
2023,Geno Smith,QB,109.9,00-0030565,227.26,15,1.0,QB,15.150666666666666,19.0,23.0,QB,10,11,R9+,R9+,0,0.0,13-24,13-24,1,1.0,1,1.0,True,1,1.0,1,1.0,1,1.0
2023,Damien Harris,RB,110.6,00-0035657,19.0,6,2.0,RB,3.1666666666666665,91.0,77.0,RB,10,12,R9+,R9+,0,0.0,none,none,0,0.0,0,0.0,True,0,0.0,0,0.0,0,0.0
2023,Jerick McKinnon,RB,111.3,00-0031376,84.36,12,32.0,RB,7.03,53.0,47.0,RB,10,12,R9+,R9+,0,0.0,none,none,0,0.0,0,0.0,True,0,0.0,0,0.0,0,0.0
2023,Nico Collins,WR,113.1,00-0036554,260.4,15,109.0,WR,17.36,12.0,7.0,WR,10,12,R9+,R9+,1,1.0,1-12,1-12,1,1.0,1,1.0,True,1,1.0,1,1.0,1,1.0
2023,Elijah Mitchell,RB,115.1,00-0036567,47.5,11,8.0,RB,4.318181818181818,64.0,71.0,RB,10,12,R9+,R9+,0,0.0,none,none,0,0.0,0,0.0,True,0,0.0,0,0.0,0,0.0
2023,Allen Lazard,WR,115.3,00-0034521,60.099999999999994,14,49.0,WR,4.292857142857143,101.0,105.0,WR,10,12,R9+,R9+,0,0.0,none,none,0,0.0,0,0.0,True,0,0.0,0,0.0,0,0.0
2023,Dalton Schultz,TE,117.4,00-0034383,150.5,15,88.0,TE,10.033333333333333,10.0,11.0,TE,10,12,R9+,R9+,1,1.0,1-12,1-12,1,1.0,1,1.0,True,1,1.0,1,1.0,1,1.0
2023,De'Von Achane,RB,117.8,00-0039040,190.7,11,37.0,RB,17.336363636363636,24.0,5.0,RB,10,12,R9+,R9+,0,1.0,13-24,1-12,1,1.0,1,1.0,True,1,1.0,1,1.0,1,1.0
2023,Jaylen Warren,RB,119.8,00-0037228,196.4,17,74.0,RB,11.552941176470588,22.0,29.0,RB,10,12,R9+,R9+,0,0.0,13-24,25-36,1,0.0,1,1.0,True,1,1.0,1,1.0,1,1.0
2023,Odell Beckham Jr.,WR,120.1,00-0031235,107.5,14,64.0,WR,7.678571428571429,63.0,68.0,WR,11,13,R9+,R9+,0,0.0,none,none,0,0.0,0,0.0,True,0,0.0,0,0.0,0,0.0
2023,Jameson Williams,WR,120.3,00-0037240,80.3,12,42.0,WR,6.691666666666666,82.0,75.0,WR,11,13,R9+,R9+,0,0.0,none,none,0,0.0,0,0.0,True,0,0.0,0,0.0,0,0.0
2023,Jared Goff,QB,122.6,00-0033106,289.1,17,0.0,QB,17.00588235294118,7.0,16.0,QB,11,13,R9+,R9+,1,0.0,1-12,13-24,1,1.0,1,1.0,True,1,1.0,1,1.0,1,1.0
2023,Raheem Mostert,RB,122.8,00-0031687,267.7,15,32.0,RB,17.846666666666668,5.0,4.0,RB,11,13,R9+,R9+,1,1.0,1-12,1-12,1,1.0,1,1.0,True,1,1.0,1,1.0,1,1.0
2023,Rondale Moore,WR,123.2,00-0036936,105.0,17,62.0,WR,6.176470588235294,66.0,79.0,WR,11,13,R9+,R9+,0,0.0,none,none,0,0.0,0,0.0,True,0,0.0,0,0.0,0,0.0
2023,Tyler Allgeier,RB,125.0,00-0037263,137.6,17,23.0,RB,8.094117647058823,36.0,42.0,RB,11,13,R9+,R9+,0,0.0,25-36,none,0,0.0,1,0.0,True,1,1.0,1,0.0,1,1.0
2023,Anthony Richardson Sr.,QB,125.5,00-0039164,72.68,4,0.0,QB,18.17,38.0,11.0,QB,11,13,R9+,R9+,0,1.0,none,1-12,0,1.0,0,1.0,True,0,1.0,0,1.0,0,1.0
2023,Adam Thielen,WR,126.3,00-0030035,231.0,17,137.0,WR,13.588235294117647,17.0,25.0,WR,11,13,R9+,R9+,0,0.0,13-24,25-36,1,0.0,1,1.0,True,1,1.0,1,1.0,1,1.0
2023,Romeo Doubs,WR,127.7,00-0037816,174.4,17,96.0,WR,10.258823529411766,36.0,49.0,WR,11,13,R9+,R9+,0,0.0,25-36,none,0,0.0,1,0.0,True,1,1.0,1,1.0,1,1.0
2023,Darnell Mooney,WR,127.8,00-0036309,78.9,14,61.0,WR,5.635714285714286,83.0,85.0,WR,11,13,R9+,R9+,0,0.0,none,none,0,0.0,0,0.0,True,0,0.0,0,0.0,0,0.0
2023,Russell Wilson,QB,129.9,00-0029263,256.9,15,0.0,QB,17.126666666666665,14.0,15.0,QB,11,13,R9+,R9+,0,0.0,13-24,13-24,1,1.0,1,1.0,True,1,1.0,1,1.0,1,1.0
2023,Tyler Boyd,WR,130.4,00-0033009,144.79999999999998,17,98.0,WR,8.517647058823528,49.0,61.0,WR,11,14,R9+,R9+,0,0.0,none,none,0,0.0,0,0.0,True,1,1.0,1,1.0,1,1.0
2023,Devin Singletary,RB,130.7,00-0035250,167.34,17,38.0,RB,9.843529411764706,32.0,38.0,RB,11,14,R9+,R9+,0,0.0,25-36,none,0,0.0,1,0.0,True,1,1.0,1,1.0,1,1.0
2023,Kenny Gainwell,RB,131.1,00-0036919,97.38,16,37.0,RB,6.08625,49.0,57.0,RB,11,14,R9+,R9+,0,0.0,none,none,0,0.0,0,0.0,True,0,0.0,0,0.0,0,0.0
2023,Zay Jones,WR,131.1,00-0033891,78.1,9,64.0,WR,8.677777777777777,84.0,60.0,WR,11,14,R9+,R9+,0,0.0,none,none,0,0.0,0,0.0,True,0,1.0,0,1.0,0,1.0
2023,Greg Dulcich,TE,131.4,00-0037252,5.5,2,4.0,TE,2.75,96.0,,TE,11,14,R9+,R9+,0,,none,none,0,,0,,False,0,,0,,0,
2023,Tyler Higbee,TE,131.6,00-0033110,108.5,15,70.0,TE,7.233333333333333,24.0,24.0,TE,11,14,R9+,R9+,0,0.0,13-24,13-24,1,1.0,1,1.0,True,1,0.0,0,0.0,1,0.0
2023,Cordarrelle Patterson,RB,132.4,00-0030578,36.9,12,12.0,RB,3.0749999999999997,78.0,79.0,RB,12,14,R9+,R9+,0,0.0,none,none,0,0.0,0,0.0,True,0,0.0,0,0.0,0,0.0
2023,Jeff Wilson Jr.,RB,133.2,00-0034115,41.300000000000004,9,17.0,RB,4.5888888888888895,73.0,69.0,RB,12,14,R9+,R9+,0,0.0,none,none,0,0.0,0,0.0,True,0,0.0,0,0.0,0,0.0
2023,D'Onta Foreman,RB,137.1,00-0033925,91.2,9,16.0,RB,10.133333333333333,51.0,36.0,RB,12,14,R9+,R9+,0,0.0,none,25-36,0,0.0,0,1.0,True,0,1.0,0,1.0,0,1.0
2023,Tank Bigsby,RB,137.7,00-0038555,24.8,13,4.0,RB,1.9076923076923078,85.0,100.0,RB,12,14,R9+,R9+,0,0.0,none,none,0,0.0,0,0.0,True,0,0.0,0,0.0,0,0.0
2023,Chig Okonkwo,TE,140.4,00-0037809,113.4,17,77.0,TE,6.670588235294118,21.0,30.0,TE,12,15,R9+,R9+,0,0.0,13-24,25-36,1,0.0,1,1.0,True,1,0.0,1,0.0,1,0.0
2023,DJ Chark,WR,143.2,00-0034777,115.5,14,66.0,WR,8.25,59.0,63.0,WR,12,15,R9+,R9+,0,0.0,none,none,0,0.0,0,0.0,True,1,1.0,1,0.0,1,1.0
2023,Michael Gallup,WR,144.6,00-0034764,87.8,16,57.0,WR,5.4875,78.0,92.0,WR,13,15,R9+,R9+,0,0.0,none,none,0,0.0,0,0.0,True,0,0.0,0,0.0,0,0.0
2023,Derek Carr,QB,145.3,00-0031280,241.12,17,0.0,QB,14.183529411764706,16.0,27.0,QB,13,15,R9+,R9+,0,0.0,13-24,25-36,1,0.0,1,1.0,True,1,1.0,1,1.0,1,1.0
2023,Cole Kmet,TE,146.0,00-0036290,181.1,16,90.0,TE,11.31875,8.0,8.0,TE,13,15,R9+,R9+,1,1.0,1-12,1-12,1,1.0,1,1.0,True,1,1.0,1,1.0,1,1.0
2023,Dalton Kincaid,TE,146.9,00-0038933,150.3,16,91.0,TE,9.39375,11.0,14.0,TE,13,15,R9+,R9+,1,0.0,1-12,13-24,1,1.0,1,1.0,True,1,1.0,1,1.0,1,1.0
2023,Tyjae Spears,RB,150.9,00-0039032,153.8,17,70.0,RB,9.047058823529412,34.0,40.0,RB,13,16,R9+,R9+,0,0.0,25-36,none,0,0.0,1,0.0,True,1,1.0,1,1.0,1,1.0
2023,Matthew Stafford,QB,151.0,00-0026498,243.1,15,0.0,QB,16.206666666666667,15.0,18.0,QB,13,16,R9+,R9+,0,0.0,13-24,13-24,1,1.0,1,1.0,True,1,1.0,1,1.0,1,1.0
2023,Jonathan Mingo,WR,152.1,00-0039062,84.8,15,85.0,WR,5.653333333333333,81.0,83.0,WR,13,16,R9+,R9+,0,0.0,none,none,0,0.0,0,0.0,True,0,0.0,0,0.0,0,0.0
2023,Kenny Pickett,QB,152.3,00-0038102,110.2,12,0.0,QB,9.183333333333334,30.0,43.0,QB,13,16,R9+,R9+,0,0.0,25-36,none,0,0.0,1,0.0,True,1,1.0,0,1.0,1,1.0
2023,Brock Purdy,QB,152.5,00-0037834,295.6,16,0.0,QB,18.475,6.0,8.0,QB,13,16,R9+,R9+,1,1.0,1-12,1-12,1,1.0,1,1.0,True,1,1.0,1,1.0,1,1.0
2023,Dawson Knox,TE,152.7,00-0035689,54.599999999999994,10,36.0,TE,5.459999999999999,41.0,36.0,TE,13,16,R9+,R9+,0,0.0,none,25-36,0,0.0,0,1.0,True,0,0.0,0,0.0,0,0.0
2023,Sam LaPorta,TE,152.9,00-0039065,239.3,17,120.0,TE,14.076470588235296,1.0,3.0,TE,13,16,R9+,R9+,1,1.0,1-12,1-12,1,1.0,1,1.0,True,1,1.0,1,1.0,1,1.0
2023,Zamir White,RB,153.7,00-0038040,73.9,13,19.0,RB,5.684615384615385,56.0,60.0,RB,13,16,R9+,R9+,0,0.0,none,none,0,0.0,0,0.0,True,0,0.0,0,0.0,0,0.0
2023,Marvin Mims Jr.,WR,154.2,00-0038976,74.7,16,33.0,WR,4.66875,86.0,97.0,WR,13,16,R9+,R9+,0,0.0,none,none,0,0.0,0,0.0,True,0,0.0,0,0.0,0,0.0
2023,Gerald Everett,TE,154.9,00-0033895,111.10000000000001,15,70.0,TE,7.406666666666667,23.0,20.0,TE,13,16,R9+,R9+,0,0.0,13-24,13-24,1,1.0,1,1.0,True,1,0.0,0,0.0,1,0.0
2023,Jordan Love,QB,155.5,00-0036264,319.06,17,0.0,QB,18.76823529411765,5.0,6.0,QB,13,16,R9+,R9+,1,1.0,1-12,1-12,1,1.0,1,1.0,True,1,1.0,1,1.0,1,1.0
2023,Donovan Peoples-Jones,WR,156.0,00-0036233,28.5,14,25.0,WR,2.0357142857142856,142.0,157.0,WR,13,16,R9+,R9+,0,0.0,none,none,0,0.0,0,0.0,True,0,0.0,0,0.0,0,0.0
2023,Wan'Dale Robinson,WR,157.2,00-0038117,133.2,15,78.0,WR,8.879999999999999,53.0,56.0,WR,14,16,R9+,R9+,0,0.0,none,none,0,0.0,0,0.0,True,1,1.0,1,1.0,1,1.0
2023,Kyler Murray,QB,157.3,00-0035228,146.36,8,0.0,QB,18.295,26.0,10.0,QB,14,16,R9+,R9+,0,1.0,25-36,1-12,0,1.0,1,1.0,True,1,1.0,1,1.0,1,1.0
2023,Jerome Ford,RB,157.4,00-0037267,211.20000000000002,17,63.0,RB,12.423529411764706,16.0,25.0,RB,14,16,R9+,R9+,0,0.0,13-24,25-36,1,0.0,1,1.0,True,1,1.0,1,1.0,1,1.0
2023,Roschon Johnson,RB,157.7,00-0039021,102.1,15,40.0,RB,6.806666666666667,47.0,49.0,RB,14,16,R9+,R9+,0,0.0,none,none,0,0.0,0,0.0,True,0,0.0,0,0.0,0,0.0
2023,Clyde Edwards-Helaire,RB,157.9,00-0036360,70.1,15,22.0,RB,4.673333333333333,58.0,68.0,RB,14,16,R9+,R9+,0,0.0,none,none,0,0.0,0,0.0,True,0,0.0,0,0.0,0,0.0
2023,Hunter Renfrow,WR,159.3,00-0034983,48.5,14,37.0,WR,3.4642857142857144,114.0,130.0,WR,14,16,R9+,R9+,0,0.0,none,none,0,0.0,0,0.0,True,0,0.0,0,0.0,0,0.0
2023,Marquez Valdes-Scantling,WR,159.6,00-0034272,56.5,16,42.0,WR,3.53125,106.0,128.0,WR,14,16,R9+,R9+,0,0.0,none,none,0,0.0,0,0.0,True,0,0.0,0,0.0,0,0.0
2023,K.J. Osborn,WR,160.2,00-0036345,120.0,15,75.0,WR,8.0,57.0,66.0,WR,14,17,R9+,R9+,0,0.0,none,none,0,0.0,0,0.0,True,1,0.0,1,0.0,1,0.0
2023,Gus Edwards,RB,160.6,00-0034184,187.0,17,13.0,RB,11.0,25.0,32.0,RB,14,17,R9+,R9+,0,0.0,25-36,25-36,0,0.0,1,1.0,True,1,1.0,1,1.0,1,1.0
2023,Chuba Hubbard,RB,160.7,00-0036555,182.5,17,44.0,RB,10.735294117647058,27.0,34.0,RB,14,17,R9+,R9+,0,0.0,25-36,25-36,0,0.0,1,1.0,True,1,1.0,1,1.0,1,1.0
2023,Jake Ferguson,TE,161.9,00-0038041,177.1,17,102.0,TE,10.41764705882353,9.0,10.0,TE,14,17,R9+,R9+,1,1.0,1-12,1-12,1,1.0,1,1.0,True,1,1.0,1,1.0,1,1.0
2023,Alec Pierce,WR,162.0,00-0037664,95.4,17,65.0,WR,5.611764705882353,73.0,87.0,WR,14,17,R9+,R9+,0,0.0,none,none,0,0.0,0,0.0,True,0,0.0,0,0.0,0,0.0
2023,Zack Moss,RB,163.0,00-0036251,169.6,14,37.0,RB,12.114285714285714,31.0,28.0,RB,14,17,R9+,R9+,0,0.0,25-36,25-36,0,0.0,1,1.0,True,1,1.0,1,1.0,1,1.0
2023,Jalin Hyatt,WR,163.1,00-0038938,60.3,13,40.0,WR,4.638461538461538,100.0,98.0,WR,14,17,R9+,R9+,0,0.0,none,none,0,0.0,0,0.0,True,0,0.0,0,0.0,0,0.0
2023,Justyn Ross,WR,164.2,00-0037216,11.3,6,11.0,WR,1.8833333333333335,169.0,161.0,WR,14,17,R9+,R9+,0,0.0,none,none,0,0.0,0,0.0,True,0,0.0,0,0.0,0,0.0
2023,Chase Claypool,WR,169.1,00-0036326,21.7,11,21.0,WR,1.9727272727272727,154.0,158.0,WR,15,17,R9+,R9+,0,0.0,none,none,0,0.0,0,0.0,True,0,0.0,0,0.0,0,0.0
2024,Christian McCaffrey,RB,1.4,00-0033280,47.8,4,19.0,RB,11.95,68.0,27.0,RB,1,1,R1-2,R1-2,0,0.0,none,25-36,0,0.0,0,1.0,True,0,0.0,0,0.0,0,0.0
2024,Breece Hall,RB,2.2,00-0038120,240.9,16,76.0,RB,15.05625,16.0,17.0,RB,1,1,R1-2,R1-2,0,0.0,13-24,13-24,1,1.0,1,1.0,True,0,0.0,0,0.0,0,0.0
2024,Tyreek Hill,WR,2.6,00-0033040,218.2,17,122.0,WR,12.835294117647058,18.0,33.0,WR,1,1,R1-2,R1-2,0,0.0,13-24,25-36,1,0.0,1,1.0,True,0,0.0,0,0.0,0,0.0
2024,CeeDee Lamb,WR,3.7,00-0036358,263.40000000000003,15,152.0,WR,17.560000000000002,8.0,8.0,WR,1,1,R1-2,R1-2,1,1.0,1-12,1-12,1,1.0,1,1.0,True,1,1.0,1,1.0,1,1.0
2024,Bijan Robinson,RB,4.9,00-0038542,341.7,17,72.0,RB,20.099999999999998,3.0,3.0,RB,1,1,R1-2,R1-2,1,1.0,1-12,1-12,1,1.0,1,1.0,True,1,1.0,1,1.0,1,1.0
2024,Amon-Ra St. Brown,WR,6.2,00-0036963,316.18,17,141.0,WR,18.598823529411764,3.0,5.0,WR,1,1,R1-2,R1-2,1,1.0,1-12,1-12,1,1.0,1,1.0,True,1,1.0,1,1.0,1,1.0
2024,Ja'Marr Chase,WR,7.2,00-0036900,403.0,17,175.0,WR,23.705882352941178,1.0,1.0,WR,1,1,R1-2,R1-2,1,1.0,1-12,1-12,1,1.0,1,1.0,True,1,1.0,1,1.0,1,1.0
2024,Justin Jefferson,WR,8.0,00-0036322,317.48,17,154.0,WR,18.67529411764706,2.0,4.0,WR,1,1,R1-2,R1-2,1,1.0,1-12,1-12,1,1.0,1,1.0,True,1,1.0,1,1.0,1,1.0
2024,Jahmyr Gibbs,RB,9.4,00-0039139,362.9,17,63.0,RB,21.34705882352941,1.0,2.0,RB,1,1,R1-2,R1-2,1,1.0,1-12,1-12,1,1.0,1,1.0,True,1,1.0,1,1.0,1,1.0
2024,Jonathan Taylor,RB,9.8,00-0036223,244.7,14,31.0,RB,17.478571428571428,12.0,7.0,RB,1,1,R1-2,R1-2,1,1.0,1-12,1-12,1,1.0,1,1.0,True,0,1.0,1,1.0,0,1.0
2024,A.J. Brown,WR,10.9,00-0035676,216.9,13,97.0,WR,16.684615384615384,20.0,13.0,WR,1,2,R1-2,R1-2,0,0.0,13-24,13-24,1,1.0,1,1.0,True,0,0.0,0,0.0,0,0.0
2024,Saquon Barkley,RB,11.3,00-0034844,355.3,16,43.0,RB,22.20625,2.0,1.0,RB,1,2,R1-2,R1-2,1,1.0,1-12,1-12,1,1.0,1,1.0,True,1,1.0,1,1.0,1,1.0
2024,Garrett Wilson,WR,12.1,00-0037740,251.9,17,153.0,WR,14.81764705882353,10.0,22.0,WR,2,2,R1-2,R1-2,1,0.0,1-12,13-24,1,1.0,1,1.0,True,1,0.0,1,0.0,1,0.0
2024,Marvin Harrison Jr.,WR,14.5,00-0039849,196.5,17,116.0,WR,11.558823529411764,30.0,44.0,WR,2,2,R1-2,R1-2,0,0.0,25-36,none,0,0.0,1,0.0,True,0,0.0,0,0.0,0,0.0
2024,Puka Nacua,WR,15.2,00-0039075,206.6,11,106.0,WR,18.78181818181818,26.0,3.0,WR,2,2,R1-2,R1-2,0,1.0,25-36,1-12,0,1.0,1,1.0,True,0,1.0,0,1.0,0,1.0
2024,Kyren Williams,RB,15.9,00-0037840,272.1,16,40.0,RB,17.00625,7.0,10.0,RB,2,2,R1-2,R1-2,1,1.0,1-12,1-12,1,1.0,1,1.0,True,1,0.0,1,0.0,1,0.0
2024,Derrick Henry,RB,15.9,00-0032764,336.4,17,22.0,RB,19.788235294117644,4.0,4.0,RB,2,2,R1-2,R1-2,1,1.0,1-12,1-12,1,1.0,1,1.0,True,1,1.0,1,1.0,1,1.0
2024,Travis Etienne Jr.,RB,17.6,00-0036973,130.2,15,52.0,RB,8.68,35.0,39.0,RB,2,2,R1-2,R1-2,0,0.0,25-36,none,0,0.0,1,0.0,True,0,0.0,0,0.0,0,0.0
2024,Cooper Kupp,WR,18.9,00-0033908,175.0,12,100.0,WR,14.583333333333334,38.0,23.0,WR,2,2,R1-2,R1-2,0,0.0,none,13-24,0,1.0,0,1.0,True,0,0.0,0,0.0,0,0.0
2024,Isiah Pacheco,RB,19.8,00-0037197,56.900000000000006,7,16.0,RB,8.12857142857143,63.0,43.0,RB,2,2,R1-2,R1-2,0,0.0,none,none,0,0.0,0,0.0,True,0,0.0,0,0.0,0,0.0
2024,Davante Adams,WR,20.0,00-0031381,241.29999999999998,14,141.0,WR,17.235714285714284,11.0,10.0,WR,2,2,R1-2,R1-2,1,1.0,1-12,1-12,1,1.0,1,1.0,True,0,1.0,0,1.0,0,1.0
2024,De'Von Achane,RB,21.4,00-0039040,299.9,17,87.0,RB,17.641176470588235,5.0,6.0,RB,2,3,R1-2,R3-4,1,1.0,1-12,1-12,1,1.0,1,1.0,True,1,1.0,1,1.0,1,1.0
2024,Drake London,WR,21.5,00-0037238,280.8,17,158.0,WR,16.51764705882353,5.0,14.0,WR,2,3,R1-2,R3-4,1,0.0,1-12,13-24,1,1.0,1,1.0,True,1,0.0,1,0.0,1,0.0
2024,Deebo Samuel Sr.,WR,23.0,00-0035719,155.6,15,81.0,WR,10.373333333333333,44.0,49.0,WR,2,3,R1-2,R3-4,0,0.0,none,none,0,0.0,0,0.0,True,0,0.0,0,0.0,0,0.0
2024,Josh Jacobs,RB,23.6,00-0035700,293.1,17,43.0,RB,17.241176470588236,6.0,8.0,RB,2,3,R1-2,R3-4,1,1.0,1-12,1-12,1,1.0,1,1.0,True,1,1.0,1,1.0,1,1.0
2024,Travis Kelce,TE,24.4,00-0030506,195.4,16,133.0,TE,12.2125,5.0,7.0,TE,3,3,R3-4,R3-4,1,1.0,1-12,1-12,1,1.0,1,1.0,True,0,0.0,0,0.0,0,0.0
2024,Josh Allen,QB,25.1,00-0034857,379.04,16,0.0,QB,23.69,2.0,2.0,QB,3,3,R3-4,R3-4,1,1.0,1-12,1-12,1,1.0,1,1.0,True,1,1.0,1,1.0,1,1.0
2024,Chris Olave,WR,26.2,00-0037239,76.7,8,44.0,WR,9.5875,94.0,56.0,WR,3,3,R3-4,R3-4,0,0.0,none,none,0,0.0,0,0.0,True,0,0.0,0,0.0,0,0.0
2024,Rachaad White,RB,29.0,00-0037256,199.6,15,57.0,RB,13.306666666666667,22.0,21.0,RB,3,3,R3-4,R3-4,0,0.0,13-24,13-24,1,1.0,1,1.0,True,0,0.0,0,0.0,0,0.0
2024,Jaylen Waddle,WR,29.1,00-0036613,149.6,15,83.0,WR,9.973333333333333,46.0,54.0,WR,3,3,R3-4,R3-4,0,0.0,none,none,0,0.0,0,0.0,True,0,0.0,0,0.0,0,0.0
2024,Sam LaPorta,TE,29.4,00-0039065,174.6,16,83.0,TE,10.9125,8.0,9.0,TE,3,3,R3-4,R3-4,1,1.0,1-12,1-12,1,1.0,1,1.0,True,0,0.0,0,0.0,0,0.0
2024,James Cook III,RB,30.3,00-0037248,266.7,16,38.0,RB,16.66875,8.0,11.0,RB,3,4,R3-4,R3-4,1,1.0,1-12,1-12,1,1.0,1,1.0,True,1,1.0,1,0.0,1,1.0
2024,Patrick Mahomes,QB,30.8,00-0033873,283.02,16,1.0,QB,17.68875,12.0,11.0,QB,3,4,R3-4,R3-4,1,1.0,1-12,1-12,1,1.0,1,1.0,True,1,1.0,1,1.0,1,1.0
2024,Nico Collins,WR,32.1,00-0036554,210.6,12,99.0,WR,17.55,23.0,9.0,WR,3,4,R3-4,R3-4,0,1.0,13-24,1-12,1,1.0,1,1.0,True,0,1.0,0,1.0,0,1.0
2024,Alvin Kamara,RB,32.3,00-0033906,265.3,14,89.0,RB,18.95,9.0,5.0,RB,3,4,R3-4,R3-4,1,1.0,1-12,1-12,1,1.0,1,1.0,True,1,1.0,1,1.0,1,1.0
2024,Mike Evans,WR,33.5,00-0031408,240.4,14,110.0,WR,17.17142857142857,14.0,11.0,WR,3,4,R3-4,R3-4,0,1.0,13-24,1-12,1,1.0,1,1.0,True,1,1.0,0,1.0,1,1.0
2024,Joe Mixon,RB,35.0,00-0033897,240.5,14,52.0,RB,17.178571428571427,17.0,9.0,RB,3,4,R3-4,R3-4,0,1.0,13-24,1-12,1,1.0,1,1.0,True,1,1.0,1,1.0,1,1.0
2024,Kenneth Walker III,RB,35.6,00-0038134,181.2,11,53.0,RB,16.472727272727273,27.0,12.0,RB,3,4,R3-4,R3-4,0,1.0,25-36,1-12,0,1.0,1,1.0,True,0,1.0,0,0.0,0,1.0
2024,Jalen Hurts,QB,37.3,00-0036389,315.12,15,0.0,QB,21.008,8.0,5.0,QB,4,4,R3-4,R3-4,1,1.0,1-12,1-12,1,1.0,1,1.0,True,1,1.0,1,1.0,1,1.0
2024,DeVonta Smith,WR,38.3,00-0036912,199.4,13,89.0,WR,15.338461538461539,27.0,17.0,WR,4,4,R3-4,R3-4,0,0.0,25-36,13-24,0,1.0,1,1.0,True,0,0.0,0,0.0,0,0.0
2024,Malik Nabers,WR,38.3,00-0039337,273.6,15,170.0,WR,18.240000000000002,6.0,7.0,WR,4,4,R3-4,R3-4,1,1.0,1-12,1-12,1,1.0,1,1.0,True,1,1.0,1,1.0,1,1.0
2024,DK Metcalf,WR,40.7,00-0035640,191.2,15,108.0,WR,12.746666666666666,32.0,34.0,WR,4,5,R3-4,R5-6,0,0.0,25-36,25-36,0,0.0,1,1.0,True,0,0.0,0,0.0,0,0.0
2024,Mark Andrews,TE,41.2,00-0034753,188.8,17,69.0,TE,11.105882352941178,6.0,8.0,TE,4,5,R3-4,R5-6,1,1.0,1-12,1-12,1,1.0,1,1.0,True,0,0.0,0,0.0,0,0.0
2024,Stefon Diggs,WR,41.8,00-0031588,121.92,8,64.0,WR,15.24,64.0,18.0,WR,4,5,R3-4,R5-6,0,0.0,none,13-24,0,1.0,0,1.0,True,0,0.0,0,1.0,0,0.0
2024,DJ Moore,WR,43.7,00-0034827,238.1,17,140.0,WR,14.005882352941176,16.0,29.0,WR,4,5,R3-4,R5-6,0,0.0,13-24,25-36,1,0.0,1,1.0,True,1,0.0,1,1.0,1,0.0
2024,Lamar Jackson,QB,44.2,00-0034796,430.38,17,0.0,QB,25.316470588235294,1.0,1.0,QB,4,5,R3-4,R5-6,1,1.0,1-12,1-12,1,1.0,1,1.0,True,1,1.0,1,1.0,1,1.0
2024,Michael Pittman Jr.,WR,45.2,00-0036252,165.8,16,111.0,WR,10.3625,41.0,50.0,WR,4,5,R3-4,R5-6,0,0.0,none,none,0,0.0,0,0.0,True,0,0.0,0,0.0,0,0.0
2024,Aaron Jones Sr.,RB,46.0,00-0033293,241.6,17,62.0,RB,14.211764705882352,14.0,20.0,RB,4,5,R3-4,R5-6,0,0.0,13-24,13-24,1,1.0,1,1.0,True,1,0.0,1,1.0,1,0.0
2024,James Conner,RB,47.6,00-0033553,253.8,16,55.0,RB,15.8625,11.0,15.0,RB,4,5,R3-4,R5-6,1,0.0,1-12,13-24,1,1.0,1,1.0,True,1,1.0,1,1.0,1,1.0
2024,Brandon Aiyuk,WR,48.1,00-0036261,62.400000000000006,7,47.0,WR,8.914285714285715,105.0,62.0,WR,5,5,R5-6,R5-6,0,0.0,none,none,0,0.0,0,0.0,True,0,0.0,0,0.0,0,0.0
2024,Amari Cooper,WR,49.2,00-0031544,122.7,13,85.0,WR,9.438461538461539,63.0,57.0,WR,5,5,R5-6,R5-6,0,0.0,none,none,0,0.0,0,0.0,True,0,0.0,0,0.0,0,0.0
2024,C.J. Stroud,QB,49.9,00-0039163,220.38,17,1.0,QB,12.963529411764705,18.0,29.0,QB,5,5,R5-6,R5-6,0,0.0,13-24,25-36,1,0.0,1,1.0,True,1,1.0,1,1.0,1,1.0
2024,Trey McBride,TE,50.4,00-0037744,243.8,16,147.0,TE,15.2375,2.0,3.0,TE,5,6,R5-6,R5-6,1,1.0,1-12,1-12,1,1.0,1,1.0,True,1,1.0,1,1.0,1,1.0
2024,Tee Higgins,WR,51.8,00-0036410,222.1,12,109.0,WR,18.508333333333333,17.0,6.0,WR,5,6,R5-6,R5-6,0,1.0,13-24,1-12,1,1.0,1,1.0,True,1,1.0,1,1.0,1,1.0
2024,David Montgomery,RB,54.6,00-0035685,221.72,14,38.0,RB,15.837142857142856,18.0,16.0,RB,5,6,R5-6,R5-6,0,0.0,13-24,13-24,1,1.0,1,1.0,True,1,1.0,1,1.0,1,1.0
2024,Anthony Richardson Sr.,QB,55.2,00-0039164,163.35999999999999,11,1.0,QB,14.85090909090909,25.0,21.0,QB,5,6,R5-6,R5-6,0,0.0,25-36,13-24,0,1.0,1,1.0,True,0,1.0,0,1.0,0,1.0
2024,Christian Kirk,WR,55.6,00-0034775,70.9,8,47.0,WR,8.8625,95.0,63.0,WR,5,6,R5-6,R5-6,0,0.0,none,none,0,0.0,0,0.0,True,0,0.0,0,0.0,0,0.0
2024,D'Andre Swift,RB,56.5,00-0036275,214.5,17,52.0,RB,12.617647058823529,19.0,22.0,RB,5,6,R5-6,R5-6,0,0.0,13-24,13-24,1,1.0,1,1.0,True,1,1.0,1,0.0,1,1.0
2024,Zay Flowers,WR,56.8,00-0039064,209.5,17,116.0,WR,12.323529411764707,25.0,35.0,WR,5,6,R5-6,R5-6,0,0.0,25-36,25-36,0,0.0,1,1.0,True,1,1.0,1,0.0,1,1.0
2024,Tank Dell,WR,57.5,00-0038977,140.0,14,81.0,WR,10.0,51.0,53.0,WR,5,6,R5-6,R5-6,0,0.0,none,none,0,0.0,0,0.0,True,0,0.0,0,0.0,0,0.0
2024,Dalton Kincaid,TE,59.1,00-0038933,100.8,13,75.0,TE,7.753846153846154,30.0,21.0,TE,5,6,R5-6,R5-6,0,0.0,25-36,13-24,0,1.0,1,1.0,True,0,0.0,0,0.0,0,0.0
2024,Joe Burrow,QB,59.7,00-0036442,372.82,17,0.0,QB,21.930588235294117,3.0,3.0,QB,5,6,R5-6,R5-6,1,1.0,1-12,1-12,1,1.0,1,1.0,True,1,1.0,1,1.0,1,1.0
2024,George Pickens,WR,59.8,00-0037247,164.4,14,103.0,WR,11.742857142857144,42.0,39.0,WR,5,6,R5-6,R5-6,0,0.0,none,none,0,0.0,0,0.0,True,0,0.0,0,0.0,0,0.0
2024,Rhamondre Stevenson,RB,62.0,00-0036875,175.9,15,41.0,RB,11.726666666666667,28.0,28.0,RB,6,7,R5-6,R7-8,0,0.0,25-36,25-36,0,0.0,1,1.0,True,1,0.0,1,1.0,1,0.0
2024,Keenan Allen,WR,63.5,00-0030279,184.4,15,121.0,WR,12.293333333333333,34.0,36.0,WR,6,7,R5-6,R7-8,0,0.0,25-36,25-36,0,0.0,1,1.0,True,1,0.0,1,1.0,1,0.0
2024,Raheem Mostert,RB,64.1,00-0031687,70.9,13,23.0,RB,5.453846153846154,56.0,58.0,RB,6,7,R5-6,R7-8,0,0.0,none,none,0,0.0,0,0.0,True,0,0.0,0,0.0,0,0.0
2024,Rashee Rice,WR,64.2,00-0039067,64.9,4,29.0,WR,16.225,100.0,15.0,WR,6,7,R5-6,R7-8,0,0.0,none,13-24,0,1.0,0,1.0,True,0,1.0,0,1.0,0,1.0
2024,Nick Chubb,RB,65.0,00-0034791,63.3,8,11.0,RB,7.9125,60.0,45.0,RB,6,7,R5-6,R7-8,0,0.0,none,none,0,0.0,0,0.0,True,0,0.0,0,0.0,0,0.0
2024,Jayden Reed,WR,65.1,00-0039146,197.0,17,75.0,WR,11.588235294117647,29.0,43.0,WR,6,7,R5-6,R7-8,0,0.0,25-36,none,0,0.0,1,0.0,True,1,0.0,1,0.0,1,0.0
2024,George Kittle,TE,66.7,00-0033288,236.6,15,94.0,TE,15.773333333333333,3.0,1.0,TE,6,7,R5-6,R7-8,1,1.0,1-12,1-12,1,1.0,1,1.0,True,1,1.0,1,1.0,1,1.0
2024,Najee Harris,RB,67.1,00-0036893,204.6,17,48.0,RB,12.035294117647059,20.0,25.0,RB,6,7,R5-6,R7-8,0,0.0,13-24,25-36,1,0.0,1,1.0,True,1,0.0,1,1.0,1,0.0
2024,Zamir White,RB,67.8,00-0038040,29.3,8,8.0,RB,3.6625,86.0,74.0,RB,6,7,R5-6,R7-8,0,0.0,none,none,0,0.0,0,0.0,True,0,0.0,0,0.0,0,0.0
2024,Chris Godwin Jr.,WR,68.4,00-0033921,137.8,7,62.0,WR,19.685714285714287,53.0,2.0,WR,6,7,R5-6,R7-8,0,1.0,none,1-12,0,1.0,0,1.0,True,0,1.0,0,1.0,0,1.0
2024,Dak Prescott,QB,69.8,00-0033077,116.52,8,0.0,QB,14.565,32.0,22.0,QB,6,7,R5-6,R7-8,0,0.0,25-36,13-24,0,1.0,1,1.0,True,0,1.0,0,1.0,0,1.0
2024,Terry McLaurin,WR,70.2,00-0035659,267.8,17,117.0,WR,15.75294117647059,7.0,16.0,WR,6,8,R5-6,R7-8,1,0.0,1-12,13-24,1,1.0,1,1.0,True,1,1.0,1,1.0,1,1.0
2024,Kyle Pitts Sr.,TE,72.8,00-0036970,131.2,17,74.0,TE,7.717647058823529,15.0,22.0,TE,7,8,R7-8,R7-8,0,0.0,13-24,13-24,1,1.0,1,1.0,True,1,0.0,0,0.0,1,0.0
2024,Jordan Love,QB,73.2,00-0036264,233.86,15,0.0,QB,15.590666666666667,17.0,17.0,QB,7,8,R7-8,R7-8,0,0.0,13-24,13-24,1,1.0,1,1.0,True,1,1.0,1,1.0,1,1.0
2024,Zack Moss,RB,74.4,00-0036251,81.9,8,27.0,RB,10.2375,52.0,33.0,RB,7,8,R7-8,R7-8,0,0.0,none,25-36,0,0.0,0,1.0,True,0,1.0,0,0.0,0,1.0
2024,Calvin Ridley,WR,74.7,00-0034837,199.20000000000002,17,120.0,WR,11.71764705882353,28.0,40.0,WR,7,8,R7-8,R7-8,0,0.0,25-36,none,0,0.0,1,0.0,True,1,1.0,1,0.0,1,1.0
2024,Kyler Murray,QB,76.1,00-0035228,297.24,17,0.0,QB,17.48470588235294,10.0,12.0,QB,7,8,R7-8,R7-8,1,1.0,1-12,1-12,1,1.0,1,1.0,True,1,1.0,1,1.0,1,1.0
2024,Javonte Williams,RB,77.5,00-0036997,157.9,17,70.0,RB,9.288235294117648,30.0,38.0,RB,7,8,R7-8,R7-8,0,0.0,25-36,none,0,0.0,1,0.0,True,1,0.0,1,0.0,1,0.0
2024,Evan Engram,TE,79.5,00-0033881,89.5,9,64.0,TE,9.944444444444445,33.0,14.0,TE,7,8,R7-8,R7-8,0,0.0,25-36,13-24,0,1.0,1,1.0,True,0,0.0,0,0.0,0,0.0
2024,Jaylen Warren,RB,79.6,00-0037228,124.1,15,47.0,RB,8.273333333333333,39.0,42.0,RB,7,8,R7-8,R7-8,0,0.0,none,none,0,0.0,0,0.0,True,0,0.0,0,0.0,0,0.0
2024,Tony Pollard,RB,81.7,00-0035261,200.7,16,57.0,RB,12.54375,21.0,23.0,RB,7,9,R7-8,R9+,0,0.0,13-24,13-24,1,1.0,1,1.0,True,1,1.0,1,1.0,1,1.0
2024,Xavier Worthy,WR,81.9,00-0039894,187.2,16,98.0,WR,11.7,33.0,41.0,WR,7,9,R7-8,R9+,0,0.0,25-36,none,0,0.0,1,0.0,True,1,1.0,1,1.0,1,1.0
2024,Hollywood Brown,WR,82.2,00-0035662,18.1,2,15.0,WR,9.05,145.0,,WR,7,9,R7-8,R9+,0,,none,none,0,,0,,False,0,,0,,0,
2024,Christian Watson,WR,84.2,00-0038124,105.3,14,53.0,WR,7.521428571428571,76.0,77.0,WR,8,9,R7-8,R9+,0,0.0,none,none,0,0.0,0,0.0,True,0,0.0,0,0.0,0,0.0
2024,Jonathon Brooks,RB,85.4,00-0039344,7.5,3,3.0,RB,2.5,110.0,,RB,8,9,R7-8,R9+,0,,none,none,0,,0,,False,0,,0,,0,
2024,Devin Singletary,RB,87.9,00-0035250,96.6,15,24.0,RB,6.4399999999999995,46.0,49.0,RB,8,9,R7-8,R9+,0,0.0,none,none,0,0.0,0,0.0,True,0,0.0,0,0.0,0,0.0
2024,Austin Ekeler,RB,88.0,00-0033699,132.3,12,41.0,RB,11.025,34.0,30.0,RB,8,9,R7-8,R9+,0,0.0,25-36,25-36,0,0.0,1,1.0,True,1,1.0,1,1.0,1,1.0
2024,Keon Coleman,WR,88.1,00-0039901,111.5,13,57.0,WR,8.576923076923077,71.0,64.0,WR,8,9,R7-8,R9+,0,0.0,none,none,0,0.0,0,0.0,True,0,0.0,0,0.0,0,0.0
2024,Tua Tagovailoa,QB,88.6,00-0036212,181.57999999999998,11,0.0,QB,16.507272727272724,21.0,14.0,QB,8,9,R7-8,R9+,0,0.0,13-24,13-24,1,1.0,1,1.0,True,1,1.0,1,1.0,1,1.0
2024,Jake Ferguson,TE,89.2,00-0038041,104.4,14,86.0,TE,7.457142857142857,25.0,25.0,TE,8,9,R7-8,R9+,0,0.0,25-36,25-36,0,0.0,1,1.0,True,0,0.0,0,0.0,0,0.0
2024,Jaxon Smith-Njigba,WR,90.5,00-0038543,253.0,17,137.0,WR,14.882352941176471,9.0,21.0,WR,8,10,R7-8,R9+,1,0.0,1-12,13-24,1,1.0,1,1.0,True,1,1.0,1,1.0,1,1.0
2024,Tyjae Spears,RB,91.4,00-0039032,113.6,12,35.0,RB,9.466666666666667,42.0,37.0,RB,8,10,R7-8,R9+,0,0.0,none,none,0,0.0,0,0.0,True,0,0.0,0,0.0,0,0.0
2024,Chase Brown,RB,91.9,00-0038597,255.0,16,65.0,RB,15.9375,10.0,14.0,RB,8,10,R7-8,R9+,1,0.0,1-12,13-24,1,1.0,1,1.0,True,1,1.0,1,1.0,1,1.0
2024,Diontae Johnson,WR,92.1,00-0035216,89.10000000000001,11,67.0,WR,8.100000000000001,86.0,72.0,WR,8,10,R7-8,R9+,0,0.0,none,none,0,0.0,0,0.0,True,0,0.0,0,0.0,0,0.0
2024,Jared Goff,QB,94.3,00-0033106,324.46,17,1.0,QB,19.085882352941177,6.0,7.0,QB,8,10,R7-8,R9+,1,1.0,1-12,1-12,1,1.0,1,1.0,True,1,1.0,1,1.0,1,1.0
2024,Ezekiel Elliott,RB,96.2,00-0033045,57.5,15,15.0,RB,3.8333333333333335,62.0,71.0,RB,9,10,R9+,R9+,0,0.0,none,none,0,0.0,0,0.0,True,0,0.0,0,0.0,0,0.0
2024,Rome Odunze,WR,97.7,00-0039919,144.9,17,101.0,WR,8.523529411764706,49.0,65.0,WR,9,10,R9+,R9+,0,0.0,none,none,0,0.0,0,0.0,True,1,0.0,1,0.0,1,0.0
2024,Brian Robinson Jr.,RB,97.9,00-0037746,159.79999999999998,14,25.0,RB,11.414285714285713,29.0,29.0,RB,9,10,R9+,R9+,0,0.0,25-36,25-36,0,0.0,1,1.0,True,1,1.0,1,1.0,1,1.0
2024,Ladd McConkey,WR,98.4,00-0039915,240.9,16,112.0,WR,15.05625,12.0,19.0,WR,9,10,R9+,R9+,1,0.0,1-12,13-24,1,1.0,1,1.0,True,1,1.0,1,1.0,1,1.0
2024,Jerome Ford,RB,98.5,00-0037267,134.0,14,43.0,RB,9.571428571428571,33.0,36.0,RB,9,10,R9+,R9+,0,0.0,25-36,25-36,0,0.0,1,1.0,True,1,0.0,1,0.0,1,0.0
2024,Jayden Daniels,QB,99.2,00-0039910,355.82,17,0.0,QB,20.930588235294117,5.0,6.0,QB,9,10,R9+,R9+,1,1.0,1-12,1-12,1,1.0,1,1.0,True,1,1.0,1,1.0,1,1.0
2024,Gus Edwards,RB,100.6,00-0034184,64.1,11,5.0,RB,5.827272727272727,58.0,55.0,RB,9,11,R9+,R9+,0,0.0,none,none,0,0.0,0,0.0,True,0,0.0,0,0.0,0,0.0
2024,David Njoku,TE,101.1,00-0033885,148.5,11,97.0,TE,13.5,11.0,4.0,TE,9,11,R9+,R9+,1,1.0,1-12,1-12,1,1.0,1,1.0,True,1,1.0,1,1.0,1,1.0
2024,Romeo Doubs,WR,103.0,00-0037816,132.1,13,72.0,WR,10.161538461538461,56.0,51.0,WR,9,11,R9+,R9+,0,0.0,none,none,0,0.0,0,0.0,True,1,1.0,1,1.0,1,1.0
2024,DeAndre Hopkins,WR,104.5,00-0030564,147.0,16,80.0,WR,9.1875,48.0,59.0,WR,9,11,R9+,R9+,0,0.0,none,none,0,0.0,0,0.0,True,1,0.0,1,0.0,1,0.0
2024,Dallas Goedert,TE,105.5,00-0034351,103.6,10,52.0,TE,10.36,27.0,11.0,TE,9,11,R9+,R9+,0,1.0,25-36,1-12,0,1.0,1,1.0,True,0,1.0,0,1.0,0,1.0
2024,Brock Purdy,QB,105.7,00-0037834,266.86,15,0.0,QB,17.790666666666667,13.0,10.0,QB,9,11,R9+,R9+,0,1.0,13-24,1-12,1,1.0,1,1.0,True,1,1.0,1,1.0,1,1.0
2024,Tyler Lockett,WR,106.6,00-0032211,121.0,17,74.0,WR,7.117647058823529,66.0,81.0,WR,9,11,R9+,R9+,0,0.0,none,none,0,0.0,0,0.0,True,0,0.0,0,0.0,0,0.0
2024,Jameson Williams,WR,107.8,00-0037240,212.2,15,91.0,WR,14.146666666666667,22.0,27.0,WR,9,11,R9+,R9+,0,0.0,13-24,25-36,1,0.0,1,1.0,True,1,1.0,1,1.0,1,1.0
2024,Trey Benson,RB,108.5,00-0039921,47.0,12,6.0,RB,3.9166666666666665,69.0,69.0,RB,10,11,R9+,R9+,0,0.0,none,none,0,0.0,0,0.0,True,0,0.0,0,0.0,0,0.0
2024,Chuba Hubbard,RB,108.8,00-0036555,241.6,15,54.0,RB,16.106666666666666,14.0,13.0,RB,10,11,R9+,R9+,0,0.0,13-24,13-24,1,1.0,1,1.0,True,1,1.0,1,1.0,1,1.0
2024,Blake Corum,RB,110.3,00-0039738,33.5,15,8.0,RB,2.2333333333333334,79.0,92.0,RB,10,12,R9+,R9+,0,0.0,none,none,0,0.0,0,0.0,True,0,0.0,0,0.0,0,0.0
2024,Courtland Sutton,WR,110.8,00-0034348,240.3,16,135.0,WR,15.01875,15.0,20.0,WR,10,12,R9+,R9+,0,0.0,13-24,13-24,1,1.0,1,1.0,True,1,1.0,1,1.0,1,1.0
2024,Brian Thomas Jr.,WR,114.2,00-0039893,284.0,17,133.0,WR,16.705882352941178,4.0,12.0,WR,10,12,R9+,R9+,1,1.0,1-12,1-12,1,1.0,1,1.0,True,1,1.0,1,1.0,1,1.0
2024,Justin Herbert,QB,114.6,00-0036355,285.4,17,0.0,QB,16.788235294117644,11.0,13.0,QB,10,12,R9+,R9+,1,0.0,1-12,13-24,1,1.0,1,1.0,True,1,1.0,1,1.0,1,1.0
2024,Mike Williams,WR,116.1,00-0033536,56.8,14,34.0,WR,4.057142857142857,107.0,116.0,WR,10,12,R9+,R9+,0,0.0,none,none,0,0.0,0,0.0,True,0,0.0,0,0.0,0,0.0
2024,J.K. Dobbins,RB,116.2,00-0036158,191.79999999999998,13,38.0,RB,14.753846153846153,24.0,18.0,RB,10,12,R9+,R9+,0,0.0,13-24,13-24,1,1.0,1,1.0,True,1,1.0,1,1.0,1,1.0
2024,Caleb Williams,QB,116.7,00-0039918,254.54,17,0.0,QB,14.972941176470588,16.0,20.0,QB,10,12,R9+,R9+,0,0.0,13-24,13-24,1,1.0,1,1.0,True,1,1.0,1,1.0,1,1.0
2024,Khalil Shakir,WR,117.4,00-0037261,182.5,15,100.0,WR,12.166666666666666,37.0,37.0,WR,10,12,R9+,R9+,0,0.0,none,none,0,0.0,0,0.0,True,1,1.0,1,1.0,1,1.0
2024,Dalton Schultz,TE,117.9,00-0034383,118.2,17,85.0,TE,6.952941176470588,20.0,30.0,TE,10,12,R9+,R9+,0,0.0,13-24,25-36,1,0.0,1,1.0,True,0,0.0,0,0.0,0,0.0
2024,T.J. Hockenson,TE,118.7,00-0035229,86.5,10,62.0,TE,8.65,34.0,18.0,TE,10,12,R9+,R9+,0,0.0,25-36,13-24,0,1.0,1,1.0,True,0,0.0,0,0.0,0,0.0
2024,Rico Dowdle,RB,118.9,00-0036139,197.8,16,49.0,RB,12.3625,23.0,24.0,RB,10,12,R9+,R9+,0,0.0,13-24,13-24,1,1.0,1,1.0,True,1,1.0,1,1.0,1,1.0
2024,Brock Bowers,TE,121.7,00-0039338,262.7,17,153.0,TE,15.452941176470588,1.0,2.0,TE,11,13,R9+,R9+,1,1.0,1-12,1-12,1,1.0,1,1.0,True,1,1.0,1,1.0,1,1.0
2024,Curtis Samuel,WR,122.6,00-0033282,63.7,14,46.0,WR,4.55,102.0,110.0,WR,11,13,R9+,R9+,0,0.0,none,none,0,0.0,0,0.0,True,0,0.0,0,0.0,0,0.0
2024,Matthew Stafford,QB,123.1,00-0026498,214.58,16,0.0,QB,13.41125,19.0,28.0,QB,11,13,R9+,R9+,0,0.0,13-24,25-36,1,0.0,1,1.0,True,1,1.0,1,1.0,1,1.0
2024,Tyler Allgeier,RB,125.1,00-0037263,106.2,17,13.0,RB,6.247058823529412,43.0,50.0,RB,11,13,R9+,R9+,0,0.0,none,none,0,0.0,0,0.0,True,0,0.0,0,0.0,0,0.0
2024,Jaleel McLaughlin,RB,126.6,00-0038794,97.2,16,27.0,RB,6.075,45.0,52.0,RB,11,13,R9+,R9+,0,0.0,none,none,0,0.0,0,0.0,True,0,0.0,0,0.0,0,0.0
2024,Trevor Lawrence,QB,126.7,00-0036971,145.2,10,0.0,QB,14.52,27.0,23.0,QB,11,13,R9+,R9+,0,0.0,25-36,13-24,0,1.0,1,1.0,True,1,1.0,1,1.0,1,1.0
2024,Elijah Mitchell,RB,129.8,00-0036567,0.0,0,,RB,,,,,11,13,R9+,R9+,0,,none,none,0,,0,,False,0,,0,,0,
2024,Kirk Cousins,QB,130.1,00-0029604,176.32,14,0.0,QB,12.594285714285714,23.0,30.0,QB,11,14,R9+,R9+,0,0.0,13-24,25-36,1,0.0,1,1.0,True,1,1.0,1,1.0,1,1.0
2024,Ty Chandler,RB,130.3,00-0037276,28.4,14,6.0,RB,2.0285714285714285,89.0,95.0,RB,11,14,R9+,R9+,0,0.0,none,none,0,0.0,0,0.0,True,0,0.0,0,0.0,0,0.0
2024,Aaron Rodgers,QB,130.4,00-0023459,256.58,17,0.0,QB,15.092941176470587,15.0,18.0,QB,11,14,R9+,R9+,0,0.0,13-24,13-24,1,1.0,1,1.0,True,1,1.0,1,1.0,1,1.0
2024,Joshua Palmer,WR,130.5,00-0036988,107.4,15,65.0,WR,7.16,74.0,79.0,WR,11,14,R9+,R9+,0,0.0,none,none,0,0.0,0,0.0,True,0,0.0,0,0.0,0,0.0
2024,Zach Charbonnet,RB,130.7,00-0039165,186.9,17,52.0,RB,10.994117647058824,25.0,31.0,RB,11,14,R9+,R9+,0,0.0,25-36,25-36,0,0.0,1,1.0,True,1,1.0,1,1.0,1,1.0
2024,Jakobi Meyers,WR,131.7,00-0034960,218.0,15,129.0,WR,14.533333333333333,19.0,24.0,WR,11,14,R9+,R9+,0,0.0,13-24,13-24,1,1.0,1,1.0,True,1,1.0,1,1.0,1,1.0
2024,Jerry Jeudy,WR,132.9,00-0036407,240.9,17,145.0,WR,14.170588235294119,12.0,25.0,WR,12,14,R9+,R9+,1,0.0,1-12,25-36,1,0.0,1,1.0,True,1,1.0,1,1.0,1,1.0
2024,Jordan Addison,WR,134.1,00-0038994,212.5,15,99.0,WR,14.166666666666666,21.0,26.0,WR,12,14,R9+,R9+,0,0.0,13-24,25-36,1,0.0,1,1.0,True,1,1.0,1,1.0,1,1.0
2024,Justin Fields,QB,134.7,00-0036945,119.14,10,0.0,QB,11.914,31.0,34.0,QB,12,14,R9+,R9+,0,0.0,25-36,25-36,0,0.0,1,1.0,True,0,1.0,0,1.0,0,1.0
2024,Brandin Cooks,WR,135.1,00-0031236,69.6,10,54.0,WR,6.959999999999999,96.0,86.0,WR,12,14,R9+,R9+,0,0.0,none,none,0,0.0,0,0.0,True,0,0.0,0,0.0,0,0.0
2024,Pat Freiermuth,TE,135.5,00-0036894,170.3,17,78.0,TE,10.01764705882353,9.0,13.0,TE,12,14,R9+,R9+,1,0.0,1-12,13-24,1,1.0,1,1.0,True,1,0.0,1,0.0,1,0.0
2024,Khalil Herbert,RB,136.4,00-0036906,31.5,11,11.0,RB,2.8636363636363638,83.0,85.0,RB,12,14,R9+,R9+,0,0.0,none,none,0,0.0,0,0.0,True,0,0.0,0,0.0,0,0.0
2024,Cole Kmet,TE,137.1,00-0036290,120.4,16,55.0,TE,7.525,19.0,24.0,TE,12,14,R9+,R9+,0,0.0,13-24,13-24,1,1.0,1,1.0,True,0,0.0,0,0.0,0,0.0
2024,Rashid Shaheed,WR,139.8,00-0037545,81.8,6,41.0,WR,13.633333333333333,90.0,31.0,WR,12,14,R9+,R9+,0,0.0,none,25-36,0,0.0,0,1.0,True,0,1.0,0,1.0,0,1.0
2024,Xavier Legette,WR,141.3,00-0039342,125.10000000000001,15,84.0,WR,8.34,60.0,69.0,WR,12,15,R9+,R9+,0,0.0,none,none,0,0.0,0,0.0,True,1,0.0,1,0.0,1,0.0
2024,Kimani Vidal,RB,143.9,00-0039391,32.7,9,9.0,RB,3.6333333333333337,81.0,75.0,RB,12,15,R9+,R9+,0,0.0,none,none,0,0.0,0,0.0,True,0,0.0,0,0.0,0,0.0
2024,Ray Davis,RB,147.7,00-0039875,116.1,17,19.0,RB,6.829411764705882,40.0,47.0,RB,13,15,R9+,R9+,0,0.0,none,none,0,0.0,0,0.0,True,0,0.0,0,0.0,0,0.0
2024,Jordan Mason,RB,149.1,00-0037525,115.0,12,14.0,RB,9.583333333333334,41.0,35.0,RB,13,15,R9+,R9+,0,0.0,none,25-36,0,0.0,0,1.0,True,0,0.0,0,0.0,0,0.0
2024,Deshaun Watson,QB,149.3,00-0033537,76.72,7,0.0,QB,10.959999999999999,40.0,36.0,QB,13,15,R9+,R9+,0,0.0,none,25-36,0,0.0,0,1.0,True,0,1.0,0,1.0,0,1.0
2024,Dameon Pierce,RB,151.4,00-0037258,43.5,10,4.0,RB,4.35,72.0,64.0,RB,13,16,R9+,R9+,0,0.0,none,none,0,0.0,0,0.0,True,0,0.0,0,0.0,0,0.0
2024,Luke Musgrave,TE,151.7,00-0039144,11.5,7,10.0,TE,1.6428571428571428,86.0,78.0,TE,13,16,R9+,R9+,0,0.0,none,none,0,0.0,0,0.0,True,0,0.0,0,0.0,0,0.0
2024,Isaiah Likely,TE,152.0,00-0037838,123.7,15,58.0,TE,8.246666666666666,16.0,19.0,TE,13,16,R9+,R9+,0,0.0,13-24,13-24,1,1.0,1,1.0,True,0,0.0,0,0.0,0,0.0
2024,Jahan Dotson,WR,152.0,00-0037741,41.9,14,33.0,WR,2.992857142857143,118.0,128.0,WR,13,16,R9+,R9+,0,0.0,none,none,0,0.0,0,0.0,True,0,0.0,0,0.0,0,0.0
2024,Quentin Johnston,WR,152.2,00-0038544,174.70000000000002,15,91.0,WR,11.646666666666668,39.0,42.0,WR,13,16,R9+,R9+,0,0.0,none,none,0,0.0,0,0.0,True,1,1.0,1,1.0,1,1.0
2024,Bucky Irving,RB,152.9,00-0039361,244.4,17,52.0,RB,14.376470588235295,13.0,19.0,RB,13,16,R9+,R9+,0,0.0,13-24,13-24,1,1.0,1,1.0,True,1,1.0,1,1.0,1,1.0
2024,Josh Downs,WR,155.9,00-0038997,183.5,14,107.0,WR,13.107142857142858,35.0,32.0,WR,13,16,R9+,R9+,0,0.0,25-36,25-36,0,0.0,1,1.0,True,1,1.0,1,1.0,1,1.0
2024,Taysom Hill,TE,155.9,00-0033357,102.34,8,31.0,TE,12.7925,29.0,6.0,TE,13,16,R9+,R9+,0,1.0,25-36,1-12,0,1.0,1,1.0,True,0,1.0,0,1.0,0,1.0
2024,Baker Mayfield,QB,156.0,00-0034855,365.8,17,0.0,QB,21.51764705882353,4.0,4.0,QB,13,16,R9+,R9+,1,1.0,1-12,1-12,1,1.0,1,1.0,True,1,1.0,1,1.0,1,1.0
2024,Jaylen Wright,RB,156.6,00-0039874,26.7,13,6.0,RB,2.0538461538461537,92.0,93.0,RB,14,16,R9+,R9+,0,0.0,none,none,0,0.0,0,0.0,True,0,0.0,0,0.0,0,0.0
2024,Antonio Gibson,RB,158.6,00-0036328,103.4,17,29.0,RB,6.082352941176471,44.0,51.0,RB,14,16,R9+,R9+,0,0.0,none,none,0,0.0,0,0.0,True,0,0.0,0,0.0,0,0.0
2024,Adam Thielen,WR,159.0,00-0030035,139.5,10,62.0,WR,13.95,52.0,30.0,WR,14,16,R9+,R9+,0,0.0,none,25-36,0,0.0,0,1.0,True,1,1.0,1,1.0,1,1.0
2024,MarShawn Lloyd,RB,159.1,00-0039811,2.8,1,1.0,RB,2.8,123.0,,RB,14,16,R9+,R9+,0,,none,none,0,,0,,False,0,,0,,0,
2024,Geno Smith,QB,159.8,00-0030565,266.0,17,0.0,QB,15.647058823529411,14.0,16.0,QB,14,16,R9+,R9+,0,0.0,13-24,13-24,1,1.0,1,1.0,True,1,1.0,1,1.0,1,1.0
2024,Dontayvion Wicks,WR,160.0,00-0038393,110.5,17,76.0,WR,6.5,72.0,91.0,WR,14,16,R9+,R9+,0,0.0,none,none,0,0.0,0,0.0,True,0,0.0,0,0.0,0,0.0
2024,Will Levis,QB,160.0,00-0039152,119.94,12,0.0,QB,9.995,30.0,38.0,QB,14,16,R9+,R9+,0,0.0,25-36,none,0,0.0,1,0.0,True,0,0.0,0,0.0,0,0.0
2024,Alexander Mattison,RB,160.7,00-0034972,137.4,14,48.0,RB,9.814285714285715,32.0,34.0,RB,14,17,R9+,R9+,0,0.0,25-36,25-36,0,0.0,1,1.0,True,1,0.0,1,0.0,1,0.0
2024,Adonai Mitchell,WR,160.9,00-0039890,53.76,17,55.0,WR,3.1623529411764704,112.0,126.0,WR,14,17,R9+,R9+,0,0.0,none,none,0,0.0,0,0.0,True,0,0.0,0,0.0,0,0.0
2024,Darnell Mooney,WR,161.8,00-0036309,193.2,16,106.0,WR,12.075,31.0,38.0,WR,14,17,R9+,R9+,0,0.0,25-36,none,0,0.0,1,0.0,True,1,1.0,1,1.0,1,1.0
2024,Ricky Pearsall,WR,162.7,00-0039916,93.5,11,46.0,WR,8.5,82.0,66.0,WR,14,17,R9+,R9+,0,0.0,none,none,0,0.0,0,0.0,True,0,0.0,0,0.0,0,0.0
2024,Ja'Lynn Polk,WR,163.4,00-0039907,32.699999999999996,14,33.0,WR,2.3357142857142854,128.0,144.0,WR,14,17,R9+,R9+,0,0.0,none,none,0,0.0,0,0.0,True,0,0.0,0,0.0,0,0.0
2024,Dawson Knox,TE,165.9,00-0035689,59.1,14,33.0,TE,4.2214285714285715,42.0,44.0,TE,14,17,R9+,R9+,0,0.0,none,none,0,0.0,0,0.0,True,0,0.0,0,0.0,0,0.0
2024,Rashod Bateman,WR,169.6,00-0036550,174.60000000000002,16,72.0,WR,10.912500000000001,40.0,45.0,WR,15,17,R9+,R9+,0,0.0,none,none,0,0.0,0,0.0,True,1,1.0,1,1.0,1,1.0
2024,Gabe Davis,WR,169.6,00-0036196,53.9,10,42.0,WR,5.39,111.0,103.0,WR,15,17,R9+,R9+,0,0.0,none,none,0,0.0,0,0.0,True,0,0.0,0,0.0,0,0.0
2024,Michael Wilson,WR,170.2,00-0038559,124.5,16,71.0,WR,7.78125,61.0,74.0,WR,15,18,R9+,R9+,0,0.0,none,none,0,0.0,0,0.0,True,0,0.0,1,0.0,0,0.0
2024,Tyrone Tracy Jr.,RB,174.0,00-0039384,182.3,17,53.0,RB,10.723529411764707,26.0,32.0,RB,15,18,R9+,R9+,0,0.0,25-36,25-36,0,0.0,1,1.0,True,1,1.0,1,1.0,1,1.0
2024,Bo Nix,QB,177.5,00-0039732,317.2,17,1.0,QB,18.658823529411762,7.0,8.0,QB,15,18,R9+,R9+,1,1.0,1-12,1-12,1,1.0,1,1.0,True,1,1.0,1,1.0,1,1.0
