year,pid,name,pos,adp,ffc_stdev,sim_mean,sim_sd,n
2015,00-0025394,Adrian Peterson,0,1.8,1.0,1.6958333333333333,0.9391437240641569,240
2015,00-0027793,Antonio Brown,1,2.5,1.4,2.4791666666666665,1.1386989443718338,240
2015,00-0030496,LeVeon Bell,2,3.1,1.7,2.870833333333333,1.2658961357470457,240
2015,00-0026213,Jamaal Charles,4,4.5,1.6,4.6,1.36237547893622,240
2015,00-0027944,Julio Jones,5,6.2,1.9,6.241666666666666,1.5142051691503795,240
2015,00-0030485,Eddie Lacy,3,4.0,1.6,4.208333333333333,1.407664812074246,240
2015,00-0031235,Odell Beckham Jr.,11,11.4,2.8,11.675,2.378996307471355,240
2015,00-0027656,Rob Gronkowski,9,10.3,3.3,9.941666666666666,2.696024760986989,240
2015,00-0025389,Calvin Johnson,12,13.1,2.4,14.025,2.1549301263317995,240
2015,00-0025399,Marshawn Lynch,7,8.6,2.3,8.495833333333334,2.0166626324060295,240
2015,00-0027902,Dez Bryant,6,7.6,1.7,7.966666666666667,1.5385334174818914,240
2015,00-0029668,Andrew Luck,17,16.9,5.3,14.7875,3.9015941919289507,240
2015,00-0029854,CJ Anderson,10,10.7,3.0,10.845833333333333,2.423124157653311,240
2015,00-0026184,Matt Forte,13,13.7,3.1,14.295833333333333,2.481728909882753,240
2015,00-0027874,Demaryius Thomas,8,9.1,1.9,9.979166666666666,1.8801938755785004,240
2015,00-0031236,Brandin Cooks,20,20.6,2.9,21.558333333333334,2.113102513253965,240
2015,00-0031301,Jeremy Hill,14,14.4,2.8,15.029166666666667,2.265620656586997,240
2015,00-0027942,A.J. Green,16,16.7,2.5,17.683333333333334,2.1452812217103734,240
2015,00-0028002,Randall Cobb,15,15.9,2.4,17.2625,2.1242399576059054,240
2015,00-0028009,DeMarco Murray,18,17.6,3.4,17.820833333333333,2.395337026393978,240
2015,00-0026373,Justin Forsett,19,19.3,3.2,19.804166666666667,2.326665357886082,240
2015,00-0029608,T.Y. Hilton,22,22.8,2.7,23.7,2.1300794571385944,240
2015,00-0023459,Aaron Rodgers,26,27.1,5.4,25.7375,3.5831208785255244,240
2015,00-0029615,Lamar Miller,21,22.3,3.0,22.966666666666665,2.2085165445960624,240
2015,00-0031299,Jordan Matthews,23,24.4,2.8,25.158333333333335,2.0779609950122233,240
2015,00-0029137,Alshon Jeffery,25,26.1,3.1,26.358333333333334,2.4091729629504472,240
2015,00-0027029,LeSean McCoy,24,24.4,4.2,23.975,2.8970118785168597,240
2015,00-0023500,Frank Gore,27,27.7,3.4,28.266666666666666,2.4417338422126225,240
2015,00-0027966,Mark Ingram II,30,31.0,3.2,31.883333333333333,2.6863464894993996,240
2015,00-0030513,Latavius Murray,32,33.2,4.1,33.7625,3.4782422940426314,240
2015,00-0030564,DeAndre Hopkins,28,28.7,3.3,29.4625,2.4797611742205232,240
2015,00-0031408,Mike Evans,29,30.0,3.4,30.816666666666666,2.707446212397672,240
2015,00-0027696,Jimmy Graham,33,33.5,5.1,33.225,4.1919678126459194,240
2015,00-0031381,Davante Adams,34,34.6,4.3,35.208333333333336,3.3608522363431534,240
2015,00-0027685,Emmanuel Sanders,31,31.9,3.7,32.641666666666666,3.100265431566235,240
2015,00-0026796,Arian Foster,36,37.5,4.8,37.525,3.7871451806402754,240
2015,00-0032104,Ameer Abdullah,41,41.5,6.0,41.59166666666667,4.482407887976957,240
2015,00-0026995,Jeremy Maclin,39,38.8,4.8,40.19583333333333,3.77161598903689,240
2015,00-0031428,Allen Robinson II,54,53.5,6.0,55.0125,4.623463218615588,240
2015,00-0027150,Julian Edelman,42,41.9,4.5,44.24166666666667,3.8311557698396252,240
2015,00-0022044,Andre Johnson,37,37.7,4.2,39.02916666666667,3.7643982073260243,240
2015,00-0027891,Golden Tate,43,43.5,4.3,46.13333333333333,3.7156985373737683,240
2015,00-0031382,Jarvis Landry,35,36.6,4.4,37.375,3.3437946024085026,240
2015,00-0030287,Andre Ellington,44,43.7,5.7,44.28333333333333,4.9460407788787935,240
2015,00-0029613,Doug Martin,38,38.0,4.8,38.6625,4.096974340262564,240
2015,00-0029141,Alfred Morris,48,48.2,6.9,47.84166666666667,5.308075214478997,240
2015,00-0032144,Melvin Gordon III,52,51.8,7.1,51.59583333333333,4.846512714841316,240
2015,00-0031544,Amari Cooper,40,40.8,4.4,42.37916666666667,3.746404599052903,240
2015,00-0031045,Carlos Hyde,45,44.7,5.6,45.63333333333333,4.575600805753521,240
2015,00-0025418,Greg Olsen,46,45.1,6.3,46.06666666666667,5.015012330496792,240
2015,00-0027531,Chris Ivory,47,47.6,6.3,47.55833333333333,5.06740479465171,240
2015,00-0010346,Peyton Manning,55,54.9,9.9,52.9,6.6173349121011045,240
2015,00-0020531,Drew Brees,58,56.8,8.7,56.958333333333336,6.492217205230307,240
2015,00-0024334,Brandon Marshall,50,50.5,5.6,52.38333333333333,3.808564085126577,240
2015,00-0026153,Jonathan Stewart,53,53.0,6.1,54.670833333333334,4.42368853143528,240
2015,00-0019596,Tom Brady,67,67.0,9.2,69.17083333333333,6.981144908959306,240
2015,00-0030279,Keenan Allen,49,48.7,5.4,51.05,4.15766670966051,240
2015,00-0030506,Travis Kelce,51,50.6,5.5,53.80416666666667,4.481386811527519,240
2015,00-0031549,Nelson Agholor,57,56.6,5.7,59.40833333333333,3.856192831280914,240
2015,00-0026201,Martellus Bennett,61,60.3,6.2,64.47083333333333,4.766425392065956,240
2015,00-0031325,Sammy Watkins,63,62.5,6.4,65.0,4.610339480507158,240
2015,00-0031373,Martavis Bryant,68,67.2,7.2,68.2875,5.288798655024515,240
2015,00-0027861,C.J. Spiller,59,57.9,6.4,59.68333333333333,4.470233177173029,240
2015,00-0032241,Todd Gurley,60,60.2,6.3,61.858333333333334,4.72117252533171,240
2015,00-0008454,Charles Johnson,62,61.6,6.8,63.12083333333333,4.961566020720045,240
2015,00-0030388,Joseph Randle,56,56.6,5.9,58.954166666666666,4.504064103108363,240
2015,00-0023496,Vincent Jackson,72,70.1,7.4,72.25,5.011701787987338,240
2015,00-0031051,John Brown,66,64.3,7.0,66.725,5.027060663263762,240
2015,00-0032209,TJ Yeldon,64,63.1,6.1,65.6625,4.698287099958896,240
2015,00-0032058,Tevin Coleman,90,88.9,8.3,91.09583333333333,7.11201347751279,240
2015,00-0027325,LeGarrette Blount,69,68.5,7.9,69.26666666666667,5.613393030157262,240
2015,00-0022924,Ben Roethlisberger,65,63.8,7.2,67.32083333333334,6.199708399585292,240
2015,00-0026019,Danny Woodhead,71,69.0,6.8,71.65833333333333,4.95924112384216,240
2015,00-0020337,Steve Smith,73,72.1,8.3,72.10416666666667,5.645895251761524,240
2015,00-0026189,DeSean Jackson,74,74.0,8.5,74.5,5.651674317770112,240
2015,00-0024313,Owen Daniels,92,89.7,13.1,90.13333333333334,9.72460394549784,240
2015,00-0028040,Jordan Cameron,76,76.9,8.1,82.07083333333334,6.577442061510265,240
2015,00-0029263,Russell Wilson,70,68.7,8.0,72.9125,6.697642906432983,240
2015,00-0026182,Eddie Royal,86,84.6,8.8,85.62916666666666,6.150822591289059,240
2015,00-0030456,Giovani Bernard,75,75.5,8.4,75.75833333333334,5.937605610893674,240
2015,00-0027854,Sam Bradford,83,82.1,8.1,91.32916666666667,7.337356652768779,240
2015,00-0027155,Rashad Jennings,82,81.7,8.6,82.06666666666666,5.735061852246534,240
2015,00-0021678,Tony Romo,81,80.8,7.4,89.81666666666666,6.990709116177084,240
2015,00-0022921,Larry Fitzgerald,85,84.1,8.0,85.82916666666667,6.341731292636545,240
2015,00-0027994,Shane Vereen,77,77.9,8.3,78.72916666666667,5.000165617898634,240
2015,00-0031285,Devonta Freeman,100,96.2,10.0,97.6125,7.921413830316512,240
2015,00-0026901,Mike Wallace,93,89.9,9.5,90.57916666666667,8.03301134501733,240
2015,00-0026144,Darren McFadden,87,84.6,9.1,85.3,5.7004734443324745,240
2015,00-0027864,Ryan Mathews,79,78.9,9.0,79.14583333333333,6.305969753556978,240
2015,00-0031075,Alfred Blue,88,86.4,7.9,88.34166666666667,5.955196504854944,240
2015,00-0022127,Jason Witten,84,83.7,11.9,84.5,9.518095516405277,240
2015,00-0023564,Darren Sproles,108,106.4,10.3,108.08333333333333,7.11187742849102,240
2015,00-0027218,Joique Bell,80,80.5,8.7,81.10833333333333,5.780932202241928,240
2015,00-0030656,Isaiah Crowell,97,95.4,9.5,97.98333333333333,6.8541082977933785,240
2015,00-0030460,Markus Wheaton,95,94.1,9.5,96.00416666666666,6.901881325395748,240
2015,00-0029708,Kendall Wright,89,88.0,8.2,90.69166666666666,6.261786654461905,240
2015,00-0027265,Victor Cruz,94,91.3,10.0,91.5375,7.491044164722584,240
2015,00-0029701,Ryan Tannehill,91,89.1,8.6,97.375,7.4075190794309735,240
2015,00-0027690,Eric Decker,106,105.3,10.0,107.35416666666667,7.357828447987487,240
2015,00-0031413,Bishop Sankey,103,100.2,9.8,102.28333333333333,7.336711533291574,240
2015,00-0024389,Delanie Walker,102,98.0,11.5,101.96666666666667,7.442311843694845,240
2015,00-0026143,Matt Ryan,78,78.2,7.9,84.59166666666667,7.646473011255251,240
2015,00-0032055,Devin Funchess,99,96.1,10.1,97.39166666666667,8.266275522756976,240
2015,00-0022084,Anquan Boldin,101,97.3,10.2,98.10833333333333,7.407217822616504,240
2015,00-0026498,Matthew Stafford,96,94.6,9.2,102.175,6.668055991913765,240
2015,00-0026364,Steve Johnson,104,101.3,9.1,105.125,6.245416729532387,240
2015,00-0030549,Tyler Eifert,98,95.5,12.3,97.27916666666667,8.630076780890915,240
2015,00-0029640,Brian Quick,109,106.8,9.7,110.07083333333334,6.426213261001512,240
2015,00-0022803,Eli Manning,107,105.9,9.4,112.49583333333334,6.786645708456129,240
2015,00-0031391,Tre Mason,110,109.0,11.0,110.65416666666667,6.757700034989788,240
2015,00-0032257,Duke Johnson,105,101.8,9.1,105.03333333333333,7.373403900282996,240
2015,00-0027981,Kyle Rudolph,113,110.5,13.9,110.46666666666667,8.632364258519868,240
2015,00-0031547,DeVante Parker,112,109.5,9.2,114.20416666666667,5.687465419760923,240
2015,00-0029683,Ronnie Hillman,116,114.0,9.6,117.12916666666666,5.533842564492719,240
2015,00-0023462,Roddy White,111,109.0,9.8,111.46666666666667,6.32049642313541,240
2015,00-0031237,Teddy Bridgewater,122,122.5,9.3,130.93478260869566,6.554448384162997,230
2015,00-0032187,David Johnson,117,118.0,10.1,119.65833333333333,6.341067361723382,240
2015,00-0022942,Philip Rivers,115,113.3,11.7,117.46666666666667,7.507244293072637,240
2015,00-0028434,Doug Baldwin,147,148.4,20.8,129.26875,11.536500387681203,160
2015,00-0030542,Terrance Williams,114,112.4,9.1,115.35416666666667,6.20395872851846,240
2015,00-0024466,Marques Colston,118,118.3,9.9,120.86666666666666,6.198843640758029,240
2015,00-0029689,Dwayne Allen,140,145.1,20.2,132.73170731707316,9.638119757656904,205
2015,00-0030280,Knile Davis,121,121.2,10.6,123.34309623430963,7.369556418240138,239
2015,00-0030801,Brandon Coleman,123,123.6,9.1,127.83544303797468,6.824240902244637,237
2015,00-0027681,Brandon LaFell,136,139.6,13.4,134.29710144927537,8.463239030935048,138
2015,00-0032133,David Cobb,131,130.4,10.3,133.58095238095237,6.9952560170542055,210
2015,00-0028067,Julius Thomas,132,130.5,16.9,127.0253164556962,9.884041259299414,237
2015,00-0026345,Pierre Garcon,120,119.3,9.0,122.77083333333333,6.259518553723381,240
2015,00-0024204,Fred Jackson,149,149.9,19.3,130.77272727272728,8.996083848199534,110
2015,00-0027939,Cam Newton,119,119.1,11.2,124.88333333333334,8.318133976988786,240
2015,00-0031055,Andre Williams,159,154.8,16.5,134.11764705882354,8.315400312248423,51
2015,00-0030061,Zach Ertz,126,126.2,15.1,124.8,9.590005257392724,240
2015,00-0032200,Ty Montgomery II,130,129.5,11.7,129.8071748878924,8.497670194797319,223
2015,00-0031939,Matt Jones,124,124.4,12.8,123.65,9.127777275527258,240
2015,00-0029293,Marvin Jones Jr.,134,133.9,9.8,135.0121212121212,6.244009693969794,165
2015,00-0032211,Tyler Lockett,137,140.2,13.8,134.48760330578511,7.282531270649579,121
2015,00-0024221,Vernon Davis,151,150.3,20.2,135.66071428571428,8.706684304748231,168
2015,00-0021429,Carson Palmer,127,128.4,10.5,133.99019607843138,6.433433451215305,204
2015,00-0024242,DeAngelo Williams,128,129.1,12.2,130.63090128755366,7.352063254486626,233
2015,00-0031390,Charles Sims,150,150.3,17.2,133.7578947368421,7.869569440591471,95
2015,00-0027996,Torrey Smith,133,130.6,10.9,132.1044776119403,7.399596600541564,201
2015,00-0021547,Antonio Gates,138,140.4,16.8,134.06422018348624,8.314415031458985,218
2015,00-0024217,Reggie Bush,129,129.5,11.3,130.90434782608696,7.888938597358911,230
2015,00-0031384,Richard Rodgers,153,151.6,16.6,138.44137931034481,5.828421577433396,145
2015,00-0029104,Jonas Gray,152,150.9,16.7,134.14285714285714,8.886354582306431,84
2015,00-0032218,Dorial Green-Beckham,144,147.0,13.8,135.4262295081967,7.645170624634967,61
2015,00-0029638,Michael Floyd,125,126.2,10.3,129.84913793103448,7.5069145117941884,232
2015,00-0026158,Joe Flacco,143,146.0,10.1,139.38095238095238,3.53348015385358,42
2015,00-0029262,Rueben Randle,146,147.7,16.1,135.16091954022988,7.677926020861562,87
2015,00-0027974,Colin Kaepernick,145,147.5,12.2,138.10204081632654,5.343395058228365,49
2015,00-0030432,Christine Michael,148,148.8,17.4,132.76344086021504,8.911884894881476,93
2015,00-0026986,Michael Crabtree,135,135.6,10.0,135.82442748091603,6.2258529425299,131
2015,00-0025465,James Jones,154,153.9,19.3,133.77333333333334,8.952688458258258,75
2015,00-0031599,Cameron Artis-Payne,142,145.8,15.5,134.63366336633663,7.53090004219579,101
2015,00-0030821,Allen Hurns,155,153.9,15.3,138.13793103448276,4.778853254039647,29
2015,00-0028043,Roy Helu,139,142.7,13.3,134.45794392523365,7.8958794769048435,107
2015,00-0030547,Denard Robinson,157,154.2,17.2,134.88888888888889,7.562735520528211,54
2015,00-0032054,Breshad Perriman,141,145.4,10.9,138.54285714285714,4.661121154847627,35
2015,00-0032208,Phillip Dorsett,156,153.9,13.4,139.30769230769232,5.764613536983137,13
2015,00-0028118,Tyrod Taylor,158,154.5,13.0,139.1851851851852,3.5952643749696525,27
2016,00-0027793,Antonio Brown,0,1.2,0.5,1.1875,0.4318031668427149,240
2016,00-0032187,David Johnson,3,3.4,1.5,3.2125,1.1428557419298049,240
2016,00-0027944,Julio Jones,1,2.8,0.9,2.783333333333333,0.9210084824938707,240
2016,00-0031235,Odell Beckham Jr.,2,3.4,1.2,3.2291666666666665,1.0675820906249562,240
2016,00-0032241,Todd Gurley,4,6.3,1.8,5.929166666666666,1.5413353897907742,240
2016,00-0030564,DeAndre Hopkins,6,6.4,1.5,6.554166666666666,1.4511513728188492,240
2016,00-0027942,A.J. Green,5,6.4,1.5,6.516666666666667,1.303252020848839,240
2016,00-0033045,Ezekiel Elliott,7,8.3,2.0,8.375,1.9364916731037085,240
2016,00-0029615,Lamar Miller,9,9.8,2.2,10.1375,1.9388804300873566,240
2016,00-0030496,LeVeon Bell,11,12.3,2.9,12.158333333333333,2.566262715228204,240
2016,00-0024334,Brandon Marshall,12,13.0,2.5,13.3625,1.9677977623406329,240
2016,00-0031428,Allen Robinson II,8,9.2,1.9,9.725,1.764183407765278,240
2016,00-0025394,Adrian Peterson,10,10.7,2.6,10.804166666666667,2.176131296545487,240
2016,00-0027656,Rob Gronkowski,14,14.2,3.6,13.875,2.9573325649276563,240
2016,00-0026176,Jordy Nelson,17,17.3,2.9,18.166666666666668,2.227005544662018,240
2016,00-0030279,Keenan Allen,13,13.8,2.3,14.5625,2.0445483179097974,240
2016,00-0031408,Mike Evans,15,15.7,2.4,16.708333333333332,1.991176491795336,240
2016,00-0027902,Dez Bryant,16,16.4,2.9,16.720833333333335,2.571403596766102,240
2016,00-0031544,Amari Cooper,20,20.1,2.9,21.104166666666668,2.5238575718997502,240
2016,00-0031285,Devonta Freeman,18,19.2,3.4,19.704166666666666,2.3872007322642,240
2016,00-0026213,Jamaal Charles,19,19.4,3.7,19.8125,2.8035859434409023,240
2016,00-0027029,LeSean McCoy,21,22.0,3.3,22.983333333333334,2.5694807880626684,240
2016,00-0029137,Alshon Jeffery,22,22.1,3.5,22.541666666666668,2.484751263687954,240
2016,00-0031236,Brandin Cooks,23,23.3,3.5,23.9,2.595135455708007,240
2016,00-0030485,Eddie Lacy,24,24.0,3.8,24.129166666666666,3.0139118392243094,240
2016,00-0031382,Jarvis Landry,26,26.9,3.8,27.295833333333334,2.4340642470396863,240
2016,00-0029608,T.Y. Hilton,28,29.4,3.3,30.716666666666665,2.7018770271820194,240
2016,00-0027966,Mark Ingram II,25,25.5,3.8,26.316666666666666,2.6162777651638853,240
2016,00-0030472,Jordan Reed,34,35.1,5.4,35.325,4.86067388616178,240
2016,00-0029613,Doug Martin,30,30.8,3.9,31.433333333333334,2.959230176195208,240
2016,00-0031325,Sammy Watkins,27,28.3,3.4,29.354166666666668,2.4621790476085543,240
2016,00-0027939,Cam Newton,33,34.5,7.9,30.516666666666666,5.025430447782073,240
2016,00-0028002,Randall Cobb,31,31.5,3.3,33.425,2.933467253187431,240
2016,00-0029854,CJ Anderson,32,33.2,3.5,34.829166666666666,3.3172528795174276,240
2016,00-0030513,Latavius Murray,36,35.8,3.9,37.770833333333336,2.9460958019382275,240
2016,00-0027874,Demaryius Thomas,29,29.7,3.9,30.370833333333334,2.9684504455051637,240
2016,00-0027690,Eric Decker,45,44.9,5.3,46.87083333333333,4.041104613753849,240
2016,00-0027150,Julian Edelman,35,35.1,3.9,36.52916666666667,3.1275505630456637,240
2016,00-0026995,Jeremy Maclin,37,37.3,3.7,39.833333333333336,3.241553771074465,240
2016,00-0023459,Aaron Rodgers,39,38.7,7.4,36.3375,5.151131207770316,240
2016,00-0028009,DeMarco Murray,41,40.3,4.7,41.829166666666666,4.050928832657078,240
2016,00-0031897,Thomas Rawls,42,41.0,5.1,42.56666666666667,3.948906597956747,240
2016,00-0029638,Michael Floyd,52,52.3,6.4,52.641666666666666,4.551510546689398,240
2016,00-0027891,Golden Tate,44,43.6,5.3,44.979166666666664,3.699426526480241,240
2016,00-0025418,Greg Olsen,48,48.4,6.7,49.24583333333333,4.5732054958935375,240
2016,00-0031359,Kelvin Benjamin,40,39.2,5.2,40.7,3.852076546987271,240
2016,00-0031339,Donte Moncrief,38,38.4,4.3,40.05,3.721137181653774,240
2016,00-0026184,Matt Forte,43,43.1,5.2,44.166666666666664,3.8742435262869432,240
2016,00-0031045,Carlos Hyde,46,45.7,5.4,47.61666666666667,3.857684464568473,240
2016,00-0029664,Josh Gordon,51,49.8,6.1,50.7875,4.317020173674929,240
2016,00-0029668,Andrew Luck,59,58.3,7.7,59.395833333333336,5.871495512533068,240
2016,00-0032144,Melvin Gordon III,54,53.7,5.2,56.25,3.692693226304932,240
2016,00-0029293,Marvin Jones Jr.,56,56.2,5.7,57.958333333333336,4.390739271792295,240
2016,00-0024389,Delanie Walker,64,64.0,6.3,67.4625,4.920991880491788,240
2016,00-0031569,Jeremy Langford,47,47.1,5.0,49.25,3.6836174688617933,240
2016,00-0022921,Larry Fitzgerald,60,60.2,7.2,60.68333333333333,4.982787667843904,240
2016,00-0026019,Danny Woodhead,55,53.7,5.6,55.520833333333336,3.8431027351859672,240
2016,00-0028434,Doug Baldwin,49,48.8,6.6,49.1375,5.070409068029405,240
2016,00-0031301,Jeremy Hill,50,49.1,5.0,51.083333333333336,3.905972967861207,240
2016,00-0026796,Arian Foster,57,57.4,6.1,58.49166666666667,4.7971327442805105,240
2016,00-0027864,Ryan Mathews,61,60.4,5.4,63.079166666666666,4.306993356306598,240
2016,00-0026153,Jonathan Stewart,63,62.8,6.6,63.99166666666667,4.613053760040793,240
2016,00-0029263,Russell Wilson,53,53.2,6.4,55.24166666666667,4.783157048734563,240
2016,00-0032257,Duke Johnson,68,66.9,6.0,69.95,4.409669861170882,240
2016,00-0030456,Giovani Bernard,58,57.7,5.8,60.05833333333333,4.019400303597276,240
2016,00-0024242,DeAngelo Williams,70,69.1,7.9,70.275,5.390930707328132,240
2016,00-0030821,Allen Hurns,67,65.5,7.5,66.0625,5.16427318925149,240
2016,00-0031299,Jordan Matthews,65,64.2,7.1,65.06666666666666,5.0233485528482955,240
2016,00-0020531,Drew Brees,62,61.1,6.8,64.02083333333333,5.088709231794067,240
2016,00-0031051,John Brown,77,78.3,8.7,77.69166666666666,5.850717272958014,240
2016,00-0030506,Travis Kelce,66,64.3,7.1,67.0375,5.801695935863717,240
2016,00-0019596,Tom Brady,69,68.5,7.4,72.275,5.306445910478766,240
2016,00-0027685,Emmanuel Sanders,71,70.6,8.6,70.69166666666666,5.671326740842455,240
2016,00-0027155,Rashad Jennings,76,74.9,7.0,77.4625,4.791756563343249,240
2016,00-0029697,Coby Fleener,73,72.7,7.0,77.20416666666667,5.5421533484554875,240
2016,00-0032211,Tyler Lockett,74,73.4,8.3,73.64166666666667,5.867142509547225,240
2016,00-0028497,Kamar Aiken,107,105.8,8.7,110.02916666666667,7.239130022782458,240
2016,00-0023500,Frank Gore,75,73.8,7.6,75.4375,5.102736364936154,240
2016,00-0032104,Ameer Abdullah,83,82.1,7.7,83.60416666666667,4.984241205089902,240
2016,00-0031939,Matt Jones,78,78.4,8.0,79.24583333333334,5.566823359439584,240
2016,00-0026281,Gary Barnidge,81,79.6,8.4,84.24166666666666,6.574956713774288,240
2016,00-0026189,DeSean Jackson,82,81.9,8.7,82.3375,5.675928213769631,240
2016,00-0022924,Ben Roethlisberger,72,72.0,8.2,75.30416666666666,6.7037726945584035,240
2016,00-0026986,Michael Crabtree,80,78.6,8.0,79.78333333333333,5.8031636636985215,240
2016,00-0031407,Blake Bortles,87,86.1,9.7,90.325,7.847567114936384,240
2016,00-0032764,Derrick Henry,79,78.5,7.7,80.48333333333333,5.393290940488813,240
2016,00-0027531,Chris Ivory,85,84.1,7.8,85.9625,4.839111272532364,240
2016,00-0032385,Sterling Shepard,86,84.7,8.0,86.35,6.129222137982634,240
2016,00-0030549,Tyler Eifert,110,108.4,16.8,104.85833333333333,10.16334856798513,240
2016,00-0026373,Justin Forsett,90,90.7,7.3,92.92916666666666,5.461081717809335,240
2016,00-0021429,Carson Palmer,84,83.8,9.2,89.15833333333333,7.40970282503756,240
2016,00-0031390,Charles Sims,88,87.2,7.5,88.90416666666667,5.356260105260221,240
2016,00-0030663,Willie Snead IV,94,92.1,9.1,93.15,6.825561113844667,240
2016,00-0031590,Jay Ajayi,113,111.3,10.6,114.24166666666666,6.999098367914098,240
2016,00-0031547,DeVante Parker,93,91.7,8.5,93.1625,6.475787701880956,240
2016,00-0030061,Zach Ertz,89,88.2,11.5,90.62916666666666,9.062312374819163,240
2016,00-0031062,James White,91,90.9,6.8,94.19583333333334,5.482492421519825,240
2016,00-0031545,Kevin White,98,97.7,8.6,99.52916666666667,6.87296438736692,240
2016,00-0022803,Eli Manning,95,93.3,9.5,98.58333333333333,6.72668243823251,240
2016,00-0028067,Julius Thomas,99,98.0,14.6,96.07083333333334,10.653106847071355,240
2016,00-0027325,LeGarrette Blount,92,91.6,7.2,94.77083333333333,5.633282682383103,240
2016,00-0022942,Philip Rivers,97,96.8,9.4,102.67916666666666,6.302784080766112,240
2016,00-0032055,Devin Funchess,100,98.5,9.5,100.02083333333333,6.886678618817945,240
2016,00-0032209,TJ Yeldon,96,93.7,8.3,95.96666666666667,6.250601086855679,240
2016,00-0021547,Antonio Gates,104,101.7,14.8,99.96666666666667,10.40512694140089,240
2016,00-0031588,Stefon Diggs,101,99.2,8.7,102.125,7.334862589375545,240
2016,00-0030432,Christine Michael,102,99.6,8.4,103.06666666666666,6.508100306198188,240
2016,00-0030414,Spencer Ware,126,125.8,15.7,120.12083333333334,11.029343864477733,240
2016,00-0030525,Tavon Austin,112,109.8,10.4,111.375,8.238660268062539,240
2016,00-0029604,Kirk Cousins,111,109.6,9.1,116.79583333333333,7.013733042075035,240
2016,00-0030107,Theo Riddick,103,99.8,8.3,103.38333333333334,6.395190836077262,240
2016,00-0031280,Derek Carr,105,103.5,10.5,108.275,7.301587492889337,240
2016,00-0030656,Isaiah Crowell,109,106.9,8.7,110.99583333333334,7.123241420891673,240
2016,00-0032966,Corey Coleman,114,112.2,9.8,115.4625,6.518612714027515,240
2016,00-0023564,Darren Sproles,117,116.8,11.3,118.9875,7.186389535828785,240
2016,00-0032778,Tajae Sharpe,116,115.1,9.1,119.5125,6.330494206913524,240
2016,00-0028118,Tyrod Taylor,115,114.3,9.9,121.875,7.351386741920785,240
2016,00-0023496,Vincent Jackson,122,119.9,10.6,124.025,7.00443672904634,240
2016,00-0029269,Travis Benjamin,106,104.2,7.8,109.17083333333333,6.107816458996799,240
2016,00-0028064,Bilal Powell,108,105.9,7.8,111.57083333333334,5.733552365995472,240
2016,00-0026201,Martellus Bennett,118,117.3,15.4,116.9125,9.22366487486668,240
2016,00-0027996,Torrey Smith,128,127.3,13.4,127.52100840336135,8.906309089340308,238
2016,00-0032940,DeAndre Washington,127,126.2,11.4,128.5732217573222,7.916175499232611,239
2016,00-0033127,Will Fuller,131,130.4,8.4,135.92056074766356,5.095173787832685,214
2016,00-0033077,Dak Prescott,142,144.8,17.9,136.096,7.190298122941371,125
2016,00-0027061,Jared Cook,136,137.0,18.9,129.07792207792207,10.735272500661871,231
2016,00-0026498,Matthew Stafford,119,118.6,9.5,127.50416666666666,6.230575113764109,240
2016,00-0030460,Markus Wheaton,123,122.3,12.5,123.35,8.155035408289791,240
2016,00-0028087,Dion Lewis,129,130.2,14.9,126.94957983193277,9.562451832808437,238
2016,00-0027696,Jimmy Graham,141,144.3,17.8,134.03960396039605,7.525638819619722,202
2016,00-0020337,Steve Smith,125,124.6,12.9,124.9125,9.103579345717028,240
2016,00-0022127,Jason Witten,149,151.2,21.3,134.23333333333332,9.221725622880305,180
2016,00-0030404,Chris Thompson,153,155.2,15.0,139.4561403508772,4.272295198797031,57
2016,00-0026901,Mike Wallace,150,153.2,13.4,137.27586206896552,4.689628006296279,29
2016,00-0032058,Tevin Coleman,121,119.5,11.8,119.97916666666667,8.968773310778877,240
2016,00-0032765,Michael Thomas,120,118.7,11.0,121.4125,7.679828084939528,240
2016,00-0029141,Alfred Morris,130,130.2,11.6,131.57205240174673,7.473949241224475,229
2016,00-0029689,Dwayne Allen,132,131.2,17.0,128.0468085106383,9.862838200929032,235
2016,00-0029580,Rishard Matthews,138,138.3,17.0,130.4878048780488,9.516554078571101,205
2016,00-0031503,Jameis Winston,124,123.4,10.0,131.48510638297873,7.1553870305533005,235
2016,00-0031376,Jerick McKinnon,144,148.8,14.0,137.04166666666666,5.72476089666142,72
2016,00-0025396,Ted Ginn Jr,151,153.5,20.0,132.5137614678899,8.987248867247132,109
2016,00-0023682,Ryan Fitzpatrick,147,151.1,15.5,138.5,5.293355064903285,52
2016,00-0027973,Andy Dalton,133,132.7,11.2,136.26704545454547,5.905178774909052,176
2016,00-0033009,Tyler Boyd,137,137.6,12.4,136.10526315789474,5.93692887220325,152
2016,00-0032268,Marcus Mariota,135,136.3,12.1,136.39864864864865,6.461544922638631,148
2016,00-0032972,Devontae Booker,139,140.9,13.4,135.70700636942675,6.548890243134774,157
2016,00-0029632,Mohamed Sanu,134,134.1,8.0,137.82248520710058,4.853002602840093,169
2016,00-0028237,Chris Hogan,140,142.6,11.1,137.9493670886076,5.320253353754286,79
2016,00-0032208,Phillip Dorsett,145,148.9,11.7,139.0,4.170288281141495,47
2016,00-0026143,Matt Ryan,143,146.5,12.3,138.75,4.241129506060795,40
2016,00-0030085,Kenny Stills,148,151.2,12.4,138.9,4.217180976033087,40
2016,00-0027994,Shane Vereen,146,149.9,17.4,134.12871287128712,8.50136855610511,101
2016,00-0027125,Zach Miller,155,157.4,19.9,138.59259259259258,6.108834190629293,135
2016,00-0027791,James Starks,152,154.9,15.0,138.53125,7.849324503502854,32
2016,00-0032166,Sammie Coates,154,156.1,13.5,137.9,4.9086390009966365,20
2016,00-0028825,Terrelle Pryor,157,157.7,18.8,137.0625,6.457933497899397,80
2016,00-0031375,Terrance West,158,158.5,14.8,139.6060606060606,3.239785814095142,33
2016,00-0029701,Ryan Tannehill,156,157.4,12.9,141.5,3.1091263510296048,4
2016,00-0029665,Robert Griffin III,159,159.3,15.4,136.64705882352942,9.571710769701701,17
2017,00-0032187,David Johnson,0,1.3,0.6,1.3041666666666667,0.5814274503803445,240
2017,00-0027793,Antonio Brown,2,3.7,1.0,3.745833333333333,1.0697354956639529,240
2017,00-0030496,LeVeon Bell,1,2.3,0.8,2.3666666666666667,0.8767888667609047,240
2017,00-0031235,Odell Beckham Jr.,5,6.4,1.6,6.516666666666667,1.5278904062284404,240
2017,00-0027944,Julio Jones,3,5.7,3.2,4.225,1.863377506630788,240
2017,00-0031285,Devonta Freeman,6,7.0,1.9,7.275,1.9273955371135827,240
2017,00-0032144,Melvin Gordon III,10,10.1,2.6,10.4,2.1016032931249513,240
2017,00-0031408,Mike Evans,8,7.9,2.2,8.095833333333333,2.1500178391138225,240
2017,00-0033045,Ezekiel Elliott,4,6.2,2.8,5.125,2.125999641812634,240
2017,00-0027029,LeSean McCoy,7,7.8,2.0,8.1125,1.8924674513431679,240
2017,00-0027942,A.J. Green,9,10.0,2.2,10.3375,1.6888292842867318,240
2017,00-0032780,Jordan Howard,15,16.8,2.7,17.425,2.231994436189283,240
2017,00-0031590,Jay Ajayi,13,13.8,2.6,13.820833333333333,2.0406904989958106,240
2017,00-0028009,DeMarco Murray,14,15.2,2.4,15.841666666666667,1.9810644758466711,240
2017,00-0026176,Jordy Nelson,11,11.4,2.4,11.866666666666667,1.9098219301133763,240
2017,00-0032765,Michael Thomas,12,13.3,2.2,13.670833333333333,1.642780367585008,240
2017,00-0023459,Aaron Rodgers,24,23.4,6.1,21.120833333333334,4.768926544885761,240
2017,00-0027656,Rob Gronkowski,17,18.1,3.3,18.066666666666666,2.760247800813686,240
2017,00-0032241,Todd Gurley,19,19.4,2.9,20.466666666666665,2.5676889413055175,240
2017,00-0033923,Kareem Hunt,18,18.7,3.0,19.4375,2.5573444156489846,240
2017,00-0031236,Brandin Cooks,16,17.1,3.2,17.325,2.3789963074713554,240
2017,00-0019596,Tom Brady,29,29.6,5.8,29.329166666666666,4.053510196033123,240
2017,00-0033856,Leonard Fournette,26,27.0,4.0,28.245833333333334,2.9842654551554277,240
2017,00-0027902,Dez Bryant,20,20.5,3.3,21.65,2.8392054990980817,240
2017,00-0031544,Amari Cooper,21,21.3,3.2,22.691666666666666,2.8115000934471404,240
2017,00-0028825,Terrelle Pryor,31,30.2,4.5,31.091666666666665,3.596827596468432,240
2017,00-0032200,Ty Montgomery II,33,32.6,4.9,33.4875,3.974796381722041,240
2017,00-0033280,Christian McCaffrey,23,22.9,3.7,23.741666666666667,3.3285774999153643,240
2017,00-0028434,Doug Baldwin,22,22.4,3.1,23.7125,2.6204558196865047,240
2017,00-0020531,Drew Brees,42,41.7,8.7,38.90416666666667,6.231515203337642,240
2017,00-0030656,Isaiah Crowell,30,29.8,3.8,31.841666666666665,3.149007503424663,240
2017,00-0029615,Lamar Miller,36,35.2,4.7,36.7375,3.318808136620546,240
2017,00-0030279,Keenan Allen,25,25.8,3.3,27.45,2.5576204945500143,240
2017,00-0029608,T.Y. Hilton,28,28.8,3.6,30.1875,3.1467340444409206,240
2017,00-0030564,DeAndre Hopkins,32,31.7,4.5,32.8125,3.5112267641269397,240
2017,00-0033893,Dalvin Cook,27,27.5,3.9,28.65,3.087699987594183,240
2017,00-0027874,Demaryius Thomas,34,34.5,4.0,36.704166666666666,2.9215659191270595,240
2017,00-0031359,Kelvin Benjamin,38,38.6,5.0,39.92916666666667,3.4494531937863333,240
2017,00-0031373,Martavis Bryant,41,40.9,5.1,42.4875,3.5546907544584854,240
2017,00-0031045,Carlos Hyde,35,35.2,4.5,37.1375,3.457126833285495,240
2017,00-0033897,Joe Mixon,43,42.5,4.9,44.1625,3.793113392059473,240
2017,00-0025399,Marshawn Lynch,37,36.4,6.0,36.7,4.261533697633628,240
2017,00-0030506,Travis Kelce,39,38.9,5.3,40.5125,3.8778215533982476,240
2017,00-0029137,Alshon Jeffery,40,39.1,4.1,41.704166666666666,3.1662418051625045,240
2017,00-0029854,CJ Anderson,51,51.4,6.1,52.329166666666666,4.5431431773899655,240
2017,00-0022921,Larry Fitzgerald,48,48.4,5.1,51.02916666666667,3.584482965659317,240
2017,00-0027891,Golden Tate,47,47.8,5.5,48.9125,3.883859153559278,240
2017,00-0026986,Michael Crabtree,44,43.7,4.7,45.90416666666667,3.633178025675078,240
2017,00-0031381,Davante Adams,45,44.9,4.8,47.30833333333333,3.2671711391417384,240
2017,00-0026143,Matt Ryan,57,56.4,7.8,56.8875,5.656100679390129,240
2017,00-0031588,Stefon Diggs,56,54.8,5.9,56.175,4.3596907878530065,240
2017,00-0032104,Ameer Abdullah,54,53.0,6.3,54.40416666666667,4.233654678718281,240
2017,00-0033040,Tyreek Hill,46,45.5,5.5,47.0125,3.51979607863104,240
2017,00-0029613,Doug Martin,50,49.0,6.3,49.57083333333333,4.525518455854725,240
2017,00-0028064,Bilal Powell,49,48.6,6.4,49.21666666666667,4.615207413542099,240
2017,00-0030472,Jordan Reed,55,54.1,5.8,56.80416666666667,4.377479373164717,240
2017,00-0027696,Jimmy Graham,60,57.6,5.1,61.62916666666667,4.583943157097772,240
2017,00-0025418,Greg Olsen,52,51.5,5.6,53.483333333333334,4.622997512135454,240
2017,00-0027966,Mark Ingram II,59,57.6,5.9,59.5375,3.707767770641007,240
2017,00-0031547,DeVante Parker,53,51.9,4.9,54.17916666666667,3.5330453357536946,240
2017,00-0031428,Allen Robinson II,58,57.0,6.4,58.45,4.308889322859515,240
2017,00-0029263,Russell Wilson,64,64.3,7.5,66.33333333333333,5.51124120660473,240
2017,00-0032371,Rob Kelley,68,67.0,7.1,67.7625,5.022735964495611,240
2017,00-0032764,Derrick Henry,79,77.9,8.4,78.0,5.962925905597732,240
2017,00-0026019,Danny Woodhead,62,61.7,6.1,63.42916666666667,4.188445869359885,240
2017,00-0030433,Mike Gillislee,66,65.3,7.2,65.9,4.635500631947601,240
2017,00-0031941,Jamison Crowder,61,61.2,5.3,63.354166666666664,3.9605247915933646,240
2017,00-0031382,Jarvis Landry,63,64.0,6.7,65.39583333333333,3.9011830805760632,240
2017,00-0032268,Marcus Mariota,78,76.8,6.9,82.5125,6.324542915992769,240
2017,00-0031325,Sammy Watkins,70,70.0,7.1,70.7625,5.111093235167738,240
2017,00-0025394,Adrian Peterson,69,69.9,7.4,71.21666666666667,4.822685814546687,240
2017,00-0024334,Brandon Marshall,65,65.2,5.9,67.85833333333333,4.428503781884415,240
2017,00-0026345,Pierre Garcon,67,66.4,6.1,68.55833333333334,4.58631005149281,240
2017,00-0024389,Delanie Walker,80,79.9,9.8,83.8625,8.520824232824813,240
2017,00-0023500,Frank Gore,87,86.1,8.7,86.77916666666667,6.409099125766831,240
2017,00-0027685,Emmanuel Sanders,74,73.9,6.7,75.92916666666666,4.90572026850891,240
2017,00-0026144,Darren McFadden,76,75.3,7.7,75.86666666666666,5.51518760168042,240
2017,00-0032058,Tevin Coleman,73,73.2,7.6,74.45,4.8385654362808355,240
2017,00-0031375,Terrance West,89,86.8,7.6,89.05833333333334,5.70809574580137,240
2017,00-0032417,Paul Perkins,83,83.4,8.4,83.8875,5.712777464581711,240
2017,00-0030663,Willie Snead IV,86,83.8,9.2,83.2125,6.055587170808756,240
2017,00-0027939,Cam Newton,92,89.9,9.2,95.62916666666666,6.964943848825651,240
2017,00-0028237,Chris Hogan,77,76.5,7.6,77.8375,5.357770136616546,240
2017,00-0030549,Tyler Eifert,71,70.4,7.6,73.2875,6.677622187224567,240
2017,00-0031280,Derek Carr,75,74.2,7.9,77.84583333333333,7.575366330077213,240
2017,00-0030061,Zach Ertz,72,72.8,7.8,76.82916666666667,7.211681549200927,240
2017,00-0028002,Randall Cobb,95,92.2,10.1,92.19583333333334,6.716555401205416,240
2017,00-0026995,Jeremy Maclin,84,83.4,8.5,83.44166666666666,6.793173823752861,240
2017,00-0033908,Cooper Kupp,121,121.3,10.1,123.92083333333333,6.408511545058808,240
2017,00-0026189,DeSean Jackson,93,90.4,9.8,90.07083333333334,6.797672452176927,240
2017,00-0030107,Theo Riddick,82,83.0,7.7,84.22083333333333,5.456291073005658,240
2017,00-0031503,Jameis Winston,81,82.4,8.0,87.6625,6.7469697211718715,240
2017,00-0027325,LeGarrette Blount,94,91.9,7.7,94.90416666666667,6.039201031050789,240
2017,00-0026201,Martellus Bennett,90,87.6,12.2,89.84583333333333,9.79097352067537,240
2017,00-0027690,Eric Decker,91,88.7,8.5,89.975,6.200907613416405,240
2017,00-0027981,Kyle Rudolph,85,83.6,8.4,91.20833333333333,7.347781190535605,240
2017,00-0029604,Kirk Cousins,88,86.3,8.7,92.33333333333333,7.133905528478829,240
2017,00-0028083,Jacquizz Rodgers,99,95.9,7.7,100.31666666666666,5.545526046759307,240
2017,00-0031897,Thomas Rawls,98,95.7,9.1,97.42916666666666,7.013673385994777,240
2017,00-0030035,Adam Thielen,101,98.6,8.7,101.0125,6.663760262555975,240
2017,00-0032160,Tyrell Williams,97,95.0,9.0,95.87916666666666,6.610975985945671,240
2017,00-0032966,Corey Coleman,100,96.4,9.2,97.43333333333334,7.504234044281459,240
2017,00-0032257,Duke Johnson,96,94.2,8.1,97.47916666666667,6.319888191285402,240
2017,00-0033090,Hunter Henry,107,106.1,13.5,106.74583333333334,8.565156580731069,240
2017,00-0022942,Philip Rivers,111,108.7,9.2,114.50833333333334,7.365526205920228,240
2017,00-0022924,Ben Roethlisberger,103,101.0,11.0,103.97916666666667,7.481328455112604,240
2017,00-0029668,Andrew Luck,102,100.3,9.8,105.16666666666667,5.763589846779245,240
2017,00-0031062,James White,105,102.7,8.0,106.86666666666666,5.967041042305463,240
2017,00-0026153,Jonathan Stewart,104,101.4,7.0,106.37916666666666,5.1303085919130265,240
2017,00-0031051,John Brown,110,108.6,7.5,113.17083333333333,5.1804249487788425,240
2017,00-0033891,Zay Jones,122,122.0,10.4,124.35,6.9621210638075635,240
2017,00-0033871,Corey Davis,112,110.9,9.4,113.76666666666667,6.4668233888038475,240
2017,00-0033077,Dak Prescott,113,112.8,9.8,118.08333333333333,7.0272432602134085,240
2017,00-0030485,Eddie Lacy,109,106.6,10.6,106.9375,7.807319412043652,240
2017,00-0033526,Samaje Perine,127,126.8,11.7,127.95798319327731,8.418279245261061,238
2017,00-0029293,Marvin Jones Jr.,108,106.3,7.0,111.59166666666667,5.40725660467879,240
2017,00-0023564,Darren Sproles,117,116.3,10.2,117.44583333333334,7.423612625080355,240
2017,00-0031339,Donte Moncrief,106,105.7,8.7,109.05416666666666,6.276173924875402,240
2017,00-0031387,Eric Ebron,124,124.0,15.4,122.41004184100419,9.509353179759476,239
2017,00-0030288,Rex Burkhead,114,113.4,9.6,116.0625,6.667871665854199,240
2017,00-0033948,Jamaal Williams,115,114.3,10.6,116.1875,7.078331156884876,240
2017,00-0026498,Matthew Stafford,118,116.5,9.5,123.30416666666666,7.462260931834521,240
2017,00-0026901,Mike Wallace,125,125.9,9.7,129.02941176470588,7.529069996431765,238
2017,00-0033951,Marlon Mack,139,141.3,11.4,137.78703703703704,5.204331276542512,108
2017,00-0026213,Jamaal Charles,123,123.3,12.6,122.58333333333333,8.18313740544382,240
2017,00-0031299,Jordan Matthews,120,117.5,9.4,121.175,6.13742548889998,240
2017,00-0026035,Danny Amendola,130,132.2,10.8,134.78703703703704,6.43688632792454,216
2017,00-0029580,Rishard Matthews,116,116.0,10.5,117.75416666666666,7.225158229169873,240
2017,00-0030181,Jack Doyle,132,132.6,19.7,124.32340425531915,10.962527719579363,235
2017,00-0025396,Ted Ginn Jr,119,116.9,11.6,117.30416666666666,7.766141466490636,240
2017,00-0022127,Jason Witten,146,150.5,21.3,133.08938547486034,9.076630640140682,179
2017,00-0031545,Kevin White,128,127.0,10.1,129.94142259414227,7.23587581485882,239
2017,00-0026184,Matt Forte,133,132.6,14.6,128.26754385964912,9.715032138259094,228
2017,00-0027006,Kenny Britt,135,136.2,10.2,137.5379746835443,5.493059982730689,158
2017,00-0032393,CJ Prosise,129,129.4,11.9,129.67088607594937,7.61085562628046,237
2017,00-0033594,Chris Carson,145,149.7,17.1,136.20454545454547,6.626590619563686,88
2017,00-0031301,Jeremy Hill,134,134.5,15.2,130.50934579439252,8.374867754098819,214
2017,00-0027973,Andy Dalton,126,126.5,7.7,134.56331877729258,5.286664735457349,229
2017,00-0032211,Tyler Lockett,156,156.1,17.2,132.68,8.274475135953349,50
2017,00-0032392,Austin Hooper,143,146.6,17.5,135.70491803278688,7.32527821688589,183
2017,00-0033879,O.J. Howard,151,152.7,21.2,135.3986928104575,9.309969097467683,153
2017,00-0022803,Eli Manning,137,137.1,10.4,137.69230769230768,4.750921826252793,130
2017,00-0032975,Jonathan Williams,157,156.1,16.3,137.53488372093022,6.048804829642765,43
2017,00-0032950,Carson Wentz,131,132.3,9.8,136.15656565656565,5.325995278712262,198
2017,00-0029697,Coby Fleener,149,152.3,19.0,137.46206896551723,6.05761766710035,145
2017,00-0032782,Wendell Smallwood,142,146.1,14.4,135.5049504950495,7.661101438274052,101
2017,00-0032385,Sterling Shepard,150,152.3,12.4,139.3913043478261,3.627409925387317,23
2017,00-0029000,Cole Beasley,136,136.2,12.3,134.11891891891892,7.436464134581157,185
2017,00-0031228,Taylor Gabriel,147,151.4,15.2,136.03030303030303,5.822951133811781,66
2017,00-0033906,Alvin Kamara,138,140.0,13.7,135.0193548387097,6.901412398020974,155
2017,00-0032940,DeAndre Washington,153,155.2,15.4,135.78571428571428,7.931215618344327,42
2017,00-0032688,Robbie Chosen,141,143.4,13.8,137.23387096774192,5.899026888150092,124
2017,00-0033925,D'Onta Foreman,158,157.0,18.9,133.91525423728814,8.937113889597038,59
2017,00-0029708,Kendall Wright,144,148.4,13.4,137.45901639344262,5.530442328577957,61
2017,00-0033932,Kenny Golladay,148,151.6,12.0,138.4,3.5894582496967127,20
2017,00-0028087,Dion Lewis,154,155.9,17.2,134.68627450980392,6.90069618539588,51
2017,00-0030513,Latavius Murray,152,154.4,17.1,135.27868852459017,6.6134487915181435,61
2017,00-0021429,Carson Palmer,140,142.3,10.6,139.54666666666665,3.4141728978738874,75
2017,00-0030456,Giovani Bernard,159,159.6,15.6,138.58333333333334,4.577037837108062,24
2017,00-0024226,Jay Cutler,155,155.9,10.4,138.8,2.588435821108957,5
2018,00-0032241,Todd Gurley,0,1.5,0.7,1.4166666666666667,0.673258899181997,240
2018,00-0030496,LeVeon Bell,2,3.0,1.5,2.8583333333333334,1.3462847270352052,240
2018,00-0032187,David Johnson,1,2.8,0.9,2.9375,1.066928685566042,240
2018,00-0033045,Ezekiel Elliott,4,5.3,2.3,4.9625,1.7816621687856562,240
2018,00-0033906,Alvin Kamara,5,6.1,1.4,6.745833333333334,1.4281916958949004,240
2018,00-0027793,Antonio Brown,3,4.7,1.3,4.9,1.309124719566762,240
2018,00-0034844,Saquon Barkley,6,6.5,1.7,6.9375,1.7856500287303227,240
2018,00-0030564,DeAndre Hopkins,7,8.8,2.1,9.204166666666667,1.8624182701826626,240
2018,00-0032144,Melvin Gordon III,8,9.1,1.8,9.933333333333334,1.5319926222734037,240
2018,00-0033856,Leonard Fournette,9,9.4,2.0,10.158333333333333,1.7925733977530567,240
2018,00-0031376,Jerick McKinnon,35,34.3,24.9,9.791666666666666,7.7393693680288855,240
2018,00-0033923,Kareem Hunt,11,11.4,2.0,12.420833333333333,1.7217484464031823,240
2018,00-0031235,Odell Beckham Jr.,10,11.2,1.9,12.204166666666667,1.6880032438314492,240
2018,00-0033280,Christian McCaffrey,12,12.7,2.3,13.429166666666667,1.862193597085571,240
2018,00-0027944,Julio Jones,13,14.2,2.2,15.004166666666666,1.5936535132277505,240
2018,00-0032765,Michael Thomas,15,16.0,2.0,16.958333333333332,1.7059866693614731,240
2018,00-0030279,Keenan Allen,16,17.2,2.7,17.816666666666666,2.0738795264184535,240
2018,00-0027656,Rob Gronkowski,20,21.0,3.2,21.55,2.6571132919062945,240
2018,00-0033893,Dalvin Cook,14,15.6,2.3,16.129166666666666,1.8146265719251882,240
2018,00-0031285,Devonta Freeman,18,19.1,2.5,20.0875,2.007478174039972,240
2018,00-0031381,Davante Adams,17,18.2,2.2,19.354166666666668,1.9176517994643454,240
2018,00-0033897,Joe Mixon,22,23.3,3.2,24.245833333333334,2.4085758855335615,240
2018,00-0032780,Jordan Howard,19,20.0,2.6,21.120833333333334,2.0306190013371177,240
2018,00-0027942,A.J. Green,21,21.3,2.1,23.466666666666665,1.9054352266787606,240
2018,00-0033040,Tyreek Hill,23,23.7,2.9,25.3125,2.378039785570738,240
2018,00-0031408,Mike Evans,24,25.5,3.0,26.9,2.5594193902255964,240
2018,00-0031588,Stefon Diggs,25,26.0,2.7,27.795833333333334,2.458863085015261,240
2018,00-0030506,Travis Kelce,27,28.5,3.6,30.833333333333332,2.970801656551014,240
2018,00-0034838,Royce Freeman,28,29.0,4.2,29.675,3.4366045809818013,240
2018,00-0027029,LeSean McCoy,29,29.9,4.2,31.154166666666665,3.8220324903175844,240
2018,00-0029608,T.Y. Hilton,26,27.4,2.7,29.566666666666666,2.5060039481225043,240
2018,00-0031544,Amari Cooper,30,31.4,3.6,33.6125,2.960664363416318,240
2018,00-0023459,Aaron Rodgers,31,31.4,7.0,28.870833333333334,5.010030037463857,240
2018,00-0033537,Deshaun Watson,46,46.5,7.1,46.525,5.2501643728003975,240
2018,00-0033118,Kenyan Drake,33,32.8,4.5,34.40833333333333,3.7203406361640385,240
2018,00-0029664,Josh Gordon,44,44.1,4.9,45.920833333333334,3.515355337945556,240
2018,00-0030035,Adam Thielen,34,33.5,3.9,35.78333333333333,3.114773364176166,240
2018,00-0022921,Larry Fitzgerald,36,34.9,4.5,36.5875,3.283126953704693,240
2018,00-0032426,Alex Collins,32,31.5,3.8,33.57083333333333,3.033147303750389,240
2018,00-0033857,JuJu Smith-Schuster,41,41.2,4.4,43.175,3.5184213367544355,240
2018,00-0029615,Lamar Miller,38,38.0,4.3,39.5875,3.2044441550909006,240
2018,00-0028434,Doug Baldwin,37,37.6,4.3,39.395833333333336,3.3231757718483266,240
2018,00-0019596,Tom Brady,52,50.3,10.0,46.69166666666667,7.250792290667199,240
2018,00-0030061,Zach Ertz,39,39.1,4.9,40.6375,3.705397228266743,240
2018,00-0031590,Jay Ajayi,47,46.6,5.9,47.49166666666667,4.6966485573066645,240
2018,00-0031382,Jarvis Landry,40,39.4,4.3,41.45,3.103109521581356,240
2018,00-0027966,Mark Ingram II,45,45.9,5.8,47.420833333333334,4.071790819062056,240
2018,00-0028237,Chris Hogan,42,42.1,4.0,44.95,3.258333377920933,240
2018,00-0032764,Derrick Henry,43,42.1,5.2,43.3375,3.7212847581240034,240
2018,00-0027891,Golden Tate,48,46.7,4.3,50.083333333333336,3.162498173934567,240
2018,00-0025399,Marshawn Lynch,54,52.6,5.8,54.74583333333333,4.2933712813538145,240
2018,00-0028087,Dion Lewis,57,55.5,6.2,57.15,4.445203328980944,240
2018,00-0027874,Demaryius Thomas,49,47.0,4.5,50.65416666666667,3.458236081037511,240
2018,00-0031045,Carlos Hyde,55,53.9,5.8,56.325,4.030557962558007,240
2018,00-0031428,Allen Robinson II,56,55.2,5.3,57.770833333333336,3.9017193041774996,240
2018,00-0030068,Marquise Goodwin,50,48.9,5.0,51.833333333333336,3.694014911255045,240
2018,00-0030710,Trey Burton,66,64.6,7.0,69.12916666666666,6.0565659357798705,240
2018,00-0027696,Jimmy Graham,51,49.3,6.5,51.516666666666666,5.130079209112786,240
2018,00-0031236,Brandin Cooks,53,52.5,4.7,55.90833333333333,3.1156128186448844,240
2018,00-0025418,Greg Olsen,58,57.5,6.3,60.97083333333333,4.78088760921428,240
2018,00-0033871,Corey Davis,62,61.1,6.3,62.97083333333333,4.497696217973945,240
2018,00-0034349,Kerryon Johnson,64,62.5,6.6,64.62083333333334,4.8104209722502445,240
2018,00-0027685,Emmanuel Sanders,59,57.6,5.2,60.8875,3.807041757796556,240
2018,00-0033948,Jamaal Williams,60,59.7,6.7,61.55,4.760102667575326,240
2018,00-0020531,Drew Brees,69,66.9,7.1,70.99583333333334,6.229567717506681,240
2018,00-0033908,Cooper Kupp,79,77.8,8.1,79.16666666666667,5.458605479390993,240
2018,00-0029293,Marvin Jones Jr.,63,62.3,6.3,64.4875,4.294573056845787,240
2018,00-0029263,Russell Wilson,61,61.0,7.6,62.4875,5.869559262961964,240
2018,00-0030288,Rex Burkhead,65,64.0,6.6,65.86666666666666,5.139775703445572,240
2018,00-0033127,Will Fuller,74,73.0,6.8,75.11666666666666,4.979763791567301,240
2018,00-0026986,Michael Crabtree,71,70.4,6.7,72.63333333333334,4.4888207644047435,240
2018,00-0027150,Julian Edelman,67,65.5,6.3,68.59166666666667,4.20001162248508,240
2018,00-0033594,Chris Carson,68,66.7,7.3,68.55416666666666,4.875562764785336,240
2018,00-0033881,Evan Engram,72,70.5,7.7,74.38333333333334,6.933857667117072,240
2018,00-0032741,Peyton Barber,70,69.0,7.3,70.70416666666667,5.017957640737902,240
2018,00-0027939,Cam Newton,73,71.0,8.7,72.88333333333334,7.550868866664423,240
2018,00-0030404,Chris Thompson,75,74.1,8.0,74.72083333333333,5.359188657655215,240
2018,00-0027981,Kyle Rudolph,76,76.1,7.8,82.48333333333333,6.494263105044738,240
2018,00-0033308,Matt Breida,124,125.6,24.4,105.84166666666667,15.971992135468051,240
2018,00-0032058,Tevin Coleman,77,76.5,7.5,78.45416666666667,5.342454826241617,240
2018,00-0029137,Alshon Jeffery,83,82.8,8.2,83.59583333333333,6.38047355744809,240
2018,00-0031941,Jamison Crowder,80,79.5,7.5,81.20833333333333,5.1437834004602845,240
2018,00-0033556,Tarik Cohen,87,85.2,9.3,85.59583333333333,6.566618967040684,240
2018,00-0029604,Kirk Cousins,82,81.7,9.4,84.90416666666667,7.488567530183216,240
2018,00-0034750,Rashaad Penny,88,87.1,8.2,89.50416666666666,6.638292564578849,240
2018,00-0029668,Andrew Luck,90,87.6,8.8,93.9125,6.810391549271841,240
2018,00-0034845,Sony Michel,84,83.5,7.8,85.14166666666667,6.026851816437358,240
2018,00-0025394,Adrian Peterson,81,81.1,8.5,82.4,6.093964364323128,240
2018,00-0024389,Delanie Walker,78,77.6,6.9,85.3,6.340544965557065,240
2018,00-0032688,Robbie Chosen,86,84.8,8.2,86.55,6.491513610397416,240
2018,00-0032055,Devin Funchess,89,87.4,8.5,88.85416666666667,6.9745190243228645,240
2018,00-0033951,Marlon Mack,97,94.3,7.5,98.57916666666667,5.986210036385381,240
2018,00-0030656,Isaiah Crowell,92,89.6,7.9,92.5875,6.563549178932674,240
2018,00-0031345,Jimmy Garoppolo,98,96.7,10.9,100.5625,7.972510957179243,240
2018,00-0032950,Carson Wentz,85,84.5,9.8,88.90833333333333,7.881439276979079,240
2018,00-0030472,Jordan Reed,91,88.3,10.6,93.45,8.34090590386147,240
2018,00-0028002,Randall Cobb,93,90.9,8.9,93.09583333333333,6.876311843904148,240
2018,00-0031549,Nelson Agholor,94,92.8,8.9,94.7375,6.547688755085478,240
2018,00-0033293,Aaron Jones Sr.,99,97.7,8.1,102.39583333333333,5.666976876405328,240
2018,00-0031325,Sammy Watkins,96,93.8,9.2,96.20833333333333,6.795144504894571,240
2018,00-0031062,James White,102,99.5,8.2,103.1625,6.25425796380548,240
2018,00-0032257,Duke Johnson,95,93.5,8.2,96.5375,6.771112187155521,240
2018,00-0026498,Matthew Stafford,103,100.3,11.2,103.35833333333333,7.082060349965812,240
2018,00-0026176,Jordy Nelson,100,98.2,9.9,99.84166666666667,6.931820790385016,240
2018,00-0033885,David Njoku,101,98.4,14.0,100.20416666666667,8.898543868783156,240
2018,00-0034816,Ronald Jones,111,111.4,11.0,112.9625,6.573899990710697,240
2018,00-0033536,Mike Williams,104,102.7,8.0,107.44166666666666,5.492171428624083,240
2018,00-0030181,Jack Doyle,116,116.1,15.9,115.25833333333334,8.733617858173558,240
2018,00-0030085,Kenny Stills,109,108.1,8.4,112.03333333333333,5.020349107421765,240
2018,00-0034837,Calvin Ridley,118,119.3,9.3,122.10833333333333,6.124640996509325,240
2018,00-0033288,George Kittle,133,133.0,17.0,127.7719298245614,9.801586752526369,228
2018,00-0022942,Philip Rivers,107,107.3,9.3,112.94583333333334,5.91016988666661,240
2018,00-0029141,Alfred Morris,119,119.8,23.5,101.475,15.174831894045889,240
2018,00-0033681,Keelan Cole Sr.,113,113.9,8.5,118.025,5.375385555890571,240
2018,00-0030431,Robert Woods,105,103.7,10.2,106.09583333333333,6.901214444496423,240
2018,00-0032385,Sterling Shepard,106,106.1,10.0,108.5,7.230224797861755,240
2018,00-0022924,Ben Roethlisberger,115,114.5,11.3,119.17916666666666,7.605683801006495,240
2018,00-0026345,Pierre Garcon,110,108.2,9.8,111.19583333333334,6.158232858428884,240
2018,00-0031359,Kelvin Benjamin,112,113.1,8.9,116.175,5.766970590422234,240
2018,00-0026143,Matt Ryan,108,108.1,11.6,111.59583333333333,8.181465897984811,240
2018,00-0028064,Bilal Powell,114,114.3,10.9,115.0375,7.383874350123385,240
2018,00-0029854,CJ Anderson,121,123.3,12.4,122.64583333333333,7.194516692061882,240
2018,00-0032211,Tyler Lockett,131,131.1,8.2,135.4318181818182,6.274532591053901,220
2018,00-0034791,Nick Chubb,125,126.4,12.2,126.60833333333333,8.007105456803586,240
2018,00-0032200,Ty Montgomery II,129,129.2,12.6,127.91063829787234,8.156881475343411,235
2018,00-0030513,Latavius Murray,120,123.1,11.0,122.62916666666666,7.077572519971327,240
2018,00-0034400,Jordan Wilkins,141,143.1,13.0,137.70992366412213,5.4043978524877465,131
2018,00-0033873,Patrick Mahomes,117,118.1,11.1,122.3625,7.7387960585058995,240
2018,00-0030456,Giovani Bernard,137,140.9,13.5,135.14457831325302,6.760191014192966,166
2018,00-0031051,John Brown,122,123.4,9.1,126.69166666666666,5.629860367232279,240
2018,00-0033932,Kenny Golladay,132,131.9,11.0,132.23555555555555,7.208785424853988,225
2018,00-0034827,DJ Moore,130,129.8,10.2,132.292576419214,6.849701421304468,229
2018,00-0030821,Allen Hurns,126,127.6,8.9,131.03361344537817,6.619154882648808,238
2018,00-0033879,O.J. Howard,144,151.3,21.1,133.87898089171975,8.910056489555407,157
2018,00-0033106,Jared Goff,123,123.9,11.8,127.56962025316456,7.80050554256505,237
2018,00-0034353,Anthony Miller,139,141.5,10.7,138.37864077669903,4.931126635882034,103
2018,00-0032626,Geronimo Allison,140,142.2,11.1,137.14406779661016,6.1509160234056415,118
2018,00-0033839,Dede Westbrook,147,152.7,12.9,138.675,4.548245646569506,40
2018,00-0031503,Jameis Winston,145,151.7,12.2,138.44827586206895,3.6113531980661024,29
2018,00-0023436,Alex Smith,134,134.5,10.3,136.65822784810126,4.717189263372913,158
2018,00-0033460,John Ross,146,152.0,12.6,138.97142857142856,5.238352425567965,35
2018,00-0032392,Austin Hooper,148,152.9,21.3,133.84827586206896,8.419002179661758,145
2018,00-0028118,Tyrod Taylor,154,156.8,30.1,125.7593984962406,13.103984113064708,133
2018,00-0033725,Corey Clement,127,128.4,11.5,128.50416666666666,8.320966067116103,240
2018,00-0034764,Michael Gallup,128,129.2,8.1,133.79828326180257,5.758621465076307,233
2018,00-0033921,Chris Godwin Jr.,136,138.4,10.6,137.635838150289,5.884576708941759,173
2018,00-0031280,Derek Carr,138,141.1,11.8,137.1529411764706,5.0202112513721335,85
2018,00-0033611,Ricky Seals-Jones,150,154.1,21.8,134.01333333333332,8.833270440027674,150
2018,00-0032268,Marcus Mariota,135,136.0,11.2,136.8,6.446459069316589,140
2018,00-0027325,LeGarrette Blount,149,153.9,16.9,135.9277108433735,6.950667861453807,83
2018,00-0030549,Tyler Eifert,143,147.0,20.8,131.21134020618555,8.798355667012192,194
2018,00-0033077,Dak Prescott,158,158.6,14.4,138.31578947368422,5.323455765435617,19
2018,00-0031387,Eric Ebron,153,156.0,19.9,135.0,7.4934144756714,120
2018,00-0031912,Cameron Meredith,142,145.0,12.7,137.57142857142858,6.247473716235351,98
2018,00-0029613,Doug Martin,159,158.6,17.7,135.45652173913044,6.365554952639437,46
2018,00-0031547,DeVante Parker,151,154.8,13.3,135.34285714285716,7.9222057873937555,35
2018,00-0032972,Devontae Booker,152,155.6,14.9,137.06666666666666,6.480385968354861,30
2018,00-0033553,James Conner,155,157.1,16.6,136.07692307692307,6.606135454335284,52
2018,00-0026035,Danny Amendola,157,157.6,13.2,140.71428571428572,4.076062525806702,21
2018,00-0022803,Eli Manning,156,157.2,13.9,137.64285714285714,5.596800498872176,14
2019,00-0034844,Saquon Barkley,0,1.4,0.6,1.3041666666666667,0.5594222712274939,240
2019,00-0033906,Alvin Kamara,1,2.5,0.9,2.3958333333333335,0.8995485463101803,240
2019,00-0033280,Christian McCaffrey,2,3.2,1.2,3.1416666666666666,1.1664474789119192,240
2019,00-0030564,DeAndre Hopkins,5,7.0,2.8,5.929166666666666,2.18189184477948,240
2019,00-0033045,Ezekiel Elliott,3,3.9,1.2,4.145833333333333,1.1386989443718338,240
2019,00-0030496,LeVeon Bell,8,8.8,2.2,8.825,2.1903649798081313,240
2019,00-0033553,James Conner,6,7.1,1.9,7.408333333333333,1.7690781152803112,240
2019,00-0031381,Davante Adams,4,6.4,1.5,6.395833333333333,1.4397173033372181,240
2019,00-0032187,David Johnson,7,7.1,2.0,7.241666666666666,1.8386634828234176,240
2019,00-0034791,Nick Chubb,11,11.7,2.4,12.216666666666667,1.9712720584920167,240
2019,00-0033893,Dalvin Cook,14,14.6,2.8,15.445833333333333,2.4075333592437898,240
2019,00-0033873,Patrick Mahomes,19,19.3,5.7,16.883333333333333,4.286171855762076,240
2019,00-0027944,Julio Jones,9,10.2,2.2,10.616666666666667,2.0462572562404944,240
2019,00-0031235,Odell Beckham Jr.,15,15.1,2.5,16.316666666666666,2.3032933791673256,240
2019,00-0032765,Michael Thomas,10,10.4,2.0,11.1625,2.0523101586864736,240
2019,00-0032241,Todd Gurley,16,16.0,3.1,16.745833333333334,2.5511469512917277,240
2019,00-0033040,Tyreek Hill,13,13.9,2.6,14.85,2.2036485531061194,240
2019,00-0033857,JuJu Smith-Schuster,12,12.9,2.3,13.725,2.2517775405333023,240
2019,00-0030506,Travis Kelce,17,17.1,3.3,17.525,2.7487920511718915,240
2019,00-0027793,Antonio Brown,21,21.4,2.5,22.704166666666666,1.903526603068986,240
2019,00-0033897,Joe Mixon,18,18.4,3.3,19.020833333333332,2.2247145774650496,240
2019,00-0031408,Mike Evans,20,20.2,2.3,21.479166666666668,1.6234369158685353,240
2019,00-0033856,Leonard Fournette,23,23.2,3.5,23.879166666666666,2.708653290831122,240
2019,00-0030035,Adam Thielen,22,22.9,2.5,24.05,1.9203817612096326,240
2019,00-0030279,Keenan Allen,24,25.0,2.7,26.2,2.096420539752916,240
2019,00-0030874,Damien Williams,25,25.5,4.2,25.145833333333332,2.8519213470212565,240
2019,00-0033288,George Kittle,27,28.3,4.0,28.975,3.1582064185905865,240
2019,00-0027150,Julian Edelman,36,36.1,4.2,37.2625,2.749258173051787,240
2019,00-0033594,Chris Carson,26,26.5,3.7,26.9625,2.8006742314356403,240
2019,00-0034349,Kerryon Johnson,28,28.5,3.5,29.154166666666665,2.8011472794004617,240
2019,00-0035685,David Montgomery,32,31.3,3.9,32.458333333333336,3.0031944870283893,240
2019,00-0031285,Devonta Freeman,30,30.4,3.5,31.6875,2.7455269822097614,240
2019,00-0033293,Aaron Jones Sr.,29,29.2,3.4,30.166666666666668,2.789200132289495,240
2019,00-0031588,Stefon Diggs,31,30.8,3.8,32.02916666666667,3.0878326702917462,240
2019,00-0034845,Sony Michel,37,37.4,3.9,38.541666666666664,2.5708238535367465,240
2019,00-0035700,Josh Jacobs,33,33.1,3.6,34.791666666666664,2.7071757530459775,240
2019,00-0031236,Brandin Cooks,38,39.1,3.8,40.72083333333333,2.546879157892919,240
2019,00-0031544,Amari Cooper,34,33.1,4.3,33.62916666666667,3.299547219688057,240
2019,00-0030061,Zach Ertz,35,33.5,4.6,34.3,3.638704077555186,240
2019,00-0032144,Melvin Gordon III,41,42.0,5.2,42.19583333333333,3.6164407438964576,240
2019,00-0027966,Mark Ingram II,39,39.7,3.9,41.020833333333336,2.770810066386515,240
2019,00-0031062,James White,49,48.1,6.2,48.49166666666667,4.700210684022371,240
2019,00-0033921,Chris Godwin Jr.,40,39.9,3.9,41.11666666666667,3.162762770159475,240
2019,00-0032211,Tyler Lockett,43,42.9,3.7,45.05833333333333,3.0015221614896546,240
2019,00-0030431,Robert Woods,42,42.2,3.9,44.325,3.1521062892258898,240
2019,00-0033009,Tyler Boyd,51,51.5,4.2,54.3,3.3935700952878225,240
2019,00-0033537,Deshaun Watson,48,47.1,7.1,45.61666666666667,4.962087786630898,240
2019,00-0032764,Derrick Henry,44,43.8,5.1,44.50833333333333,4.002082791080998,240
2019,00-0033908,Cooper Kupp,45,45.2,3.7,48.0,2.993717270590914,240
2019,00-0033951,Marlon Mack,46,46.5,5.7,46.891666666666666,4.461449627133907,240
2019,00-0034109,Phillip Lindsay,56,55.6,6.2,57.17916666666667,4.271779456041706,240
2019,00-0029664,Josh Gordon,53,52.1,4.8,54.8875,3.64075173855034,240
2019,00-0035243,Miles Sanders,60,59.0,5.0,62.016666666666666,3.737144398685288,240
2019,00-0032257,Duke Johnson,52,51.7,5.8,53.00416666666667,4.258879885610274,240
2019,00-0033932,Kenny Golladay,47,47.1,3.8,50.166666666666664,2.9834504001403523,240
2019,00-0034837,Calvin Ridley,54,53.5,5.2,55.56666666666667,3.9805664602529793,240
2019,00-0023459,Aaron Rodgers,57,55.7,7.6,55.1875,6.083299898649068,240
2019,00-0029608,T.Y. Hilton,50,49.0,4.5,51.65416666666667,3.6979559169543648,240
2019,00-0032058,Tevin Coleman,59,57.7,5.8,59.69583333333333,4.426430616826474,240
2019,00-0033839,Dede Westbrook,63,62.7,6.1,64.5,4.488945044780873,240
2019,00-0033699,Austin Ekeler,62,61.7,6.7,63.166666666666664,4.60367932412612,240
2019,00-0033536,Mike Williams,61,60.3,5.9,62.25833333333333,4.129688071807888,240
2019,00-0034855,Baker Mayfield,64,63.2,9.3,61.90416666666667,7.475145940650971,240
2019,00-0033879,O.J. Howard,55,54.1,5.5,57.09583333333333,5.289444700918285,240
2019,00-0033090,Hunter Henry,65,63.3,5.6,68.375,4.668173197749212,240
2019,00-0033881,Evan Engram,58,57.3,5.8,61.1625,5.01573361354133,240
2019,00-0033556,Tarik Cohen,72,71.0,7.6,70.825,5.166941100373414,240
2019,00-0027061,Jared Cook,71,70.6,6.2,76.16666666666667,5.677281059023943,240
2019,00-0031382,Jarvis Landry,67,64.8,6.9,66.2375,5.106998438847746,240
2019,00-0027942,A.J. Green,66,63.8,6.4,65.5125,4.510314770672212,240
2019,00-0034827,DJ Moore,68,67.2,6.6,68.94583333333334,4.5409783811749715,240
2019,00-0026143,Matt Ryan,69,69.2,6.9,72.87916666666666,5.168902764417761,240
2019,00-0034358,Derrius Guice,70,69.8,7.4,70.62083333333334,4.958613583960225,240
2019,00-0030470,Vance McDonald,76,75.1,6.9,81.17083333333333,7.277521945173548,240
2019,00-0030513,Latavius Murray,78,76.4,7.9,76.79583333333333,5.66239737854245,240
2019,00-0031428,Allen Robinson II,79,76.6,7.5,77.62916666666666,5.187688932218435,240
2019,00-0029137,Alshon Jeffery,73,71.9,6.9,73.32083333333334,4.672673087177978,240
2019,00-0033106,Jared Goff,81,81.5,6.7,87.77083333333333,6.2004169900714805,240
2019,00-0020531,Drew Brees,74,73.9,8.0,77.1375,5.6562856138641635,240
2019,00-0032688,Robbie Chosen,77,75.9,6.3,77.825,5.229722745997153,240
2019,00-0035250,Devin Singletary,86,83.9,8.6,84.40416666666667,6.34166531503531,240
2019,00-0027029,LeSean McCoy,92,90.8,8.9,91.2375,6.090483179161448,240
2019,00-0033885,David Njoku,85,83.5,8.1,90.04166666666667,6.623017847736524,240
2019,00-0033127,Will Fuller,82,81.6,7.0,83.775,5.185209896777581,240
2019,00-0033308,Matt Breida,87,84.8,8.1,86.24583333333334,5.499522928466181,240
2019,00-0033282,Curtis Samuel,89,88.0,7.0,90.70416666666667,4.822365881159503,240
2019,00-0035148,Darwin Thompson,88,86.0,9.3,85.24166666666666,6.746449037564685,240
2019,00-0033118,Kenyan Drake,83,82.9,8.0,84.3625,5.149425161890203,240
2019,00-0032950,Carson Wentz,75,74.6,6.4,80.04166666666667,5.537088087698664,240
2019,00-0033923,Kareem Hunt,102,100.8,11.9,98.525,7.642605198879595,240
2019,00-0035261,Tony Pollard,84,83.3,8.3,84.3125,5.9325224125773195,240
2019,00-0027939,Cam Newton,95,94.4,9.9,98.4,6.704647735357177,240
2019,00-0027685,Emmanuel Sanders,80,80.6,7.6,81.9375,5.067767740778674,240
2019,00-0034775,Christian Kirk,91,89.9,7.9,91.79166666666667,5.644111729103148,240
2019,00-0034750,Rashaad Penny,96,95.3,7.8,97.7,5.835399116186337,240
2019,00-0032385,Sterling Shepard,93,92.2,7.8,94.3875,5.633493123265038,240
2019,00-0035664,Darrell Henderson Jr.,94,93.0,9.2,93.84166666666667,7.060403858840531,240
2019,00-0032626,Geronimo Allison,100,98.7,8.2,101.90833333333333,5.605579756568668,240
2019,00-0029263,Russell Wilson,90,88.4,11.0,91.69583333333334,7.812337585480536,240
2019,00-0034796,Lamar Jackson,99,97.6,10.3,101.10416666666667,6.732297671570471,240
2019,00-0032392,Austin Hooper,97,95.4,13.3,96.15416666666667,9.469902959595531,240
2019,00-0034676,James Washington,103,101.3,8.3,103.7375,6.263550164998766,240
2019,00-0029293,Marvin Jones Jr.,106,105.3,7.6,109.69166666666666,5.804046825594703,240
2019,00-0035228,Kyler Murray,112,110.9,8.1,117.85833333333333,7.361889689797177,240
2019,00-0034799,Kalen Ballage,113,113.5,10.7,114.87916666666666,7.213856910157225,240
2019,00-0034860,Dante Pettis,110,109.8,9.5,111.69583333333334,7.173520529850714,240
2019,00-0031503,Jameis Winston,105,105.1,8.4,110.92916666666666,6.319855088552809,240
2019,00-0031325,Sammy Watkins,98,96.1,8.0,98.97916666666667,5.816185695028281,240
2019,00-0034764,Michael Gallup,114,113.8,8.4,117.75416666666666,6.553448047479901,240
2019,00-0034272,Marquez Valdes-Scantling,101,100.6,8.6,103.025,5.922035299797716,240
2019,00-0031387,Eric Ebron,118,117.5,18.8,110.9625,12.198611365514598,240
2019,00-0022921,Larry Fitzgerald,107,106.5,9.5,108.52083333333333,6.174551576329954,240
2019,00-0035229,T.J. Hockenson,125,126.1,15.2,124.22594142259415,9.518182326646036,239
2019,00-0032780,Jordan Howard,104,103.7,9.0,105.77916666666667,5.88498402372969,240
2019,00-0034440,Justin Jackson,122,119.9,10.3,123.075,7.88427012989608,240
2019,00-0022924,Ben Roethlisberger,108,106.8,9.1,112.48333333333333,7.663949551870254,240
2019,00-0033871,Corey Davis,111,110.8,8.2,115.04583333333333,5.997382913664108,240
2019,00-0034348,Courtland Sutton,126,126.2,11.8,127.05042016806723,8.163775848811243,238
2019,00-0022942,Philip Rivers,117,116.1,9.1,123.4375,7.667532620429837,240
2019,00-0034838,Royce Freeman,109,108.1,8.3,112.125,5.85181372305821,240
2019,00-0024389,Delanie Walker,116,115.4,16.0,111.29583333333333,10.437299509929382,240
2019,00-0034972,Alexander Mattison,128,127.3,12.1,127.92796610169492,8.450047317940992,236
2019,00-0032200,Ty Montgomery II,154,157.1,19.1,136.89473684210526,6.848024430190887,76
2019,00-0034331,Jaylen Samuels,119,119.0,10.4,120.63333333333334,6.886933031690134,240
2019,00-0026189,DeSean Jackson,120,119.4,9.5,123.16666666666667,6.542213530606883,240
2019,00-0023500,Frank Gore,148,152.3,27.6,125.03333333333333,14.159072342810406,180
2019,00-0019596,Tom Brady,115,114.6,13.0,116.44166666666666,9.773840787418035,240
2019,00-0032741,Peyton Barber,131,131.3,13.8,129.34934497816593,8.843684534627632,229
2019,00-0034975,Justice Hill,123,120.7,9.2,125.4625,7.259004651848961,240
2019,00-0031339,Donte Moncrief,121,119.8,10.2,122.225,8.150223961807127,240
2019,00-0035640,DK Metcalf,133,131.8,14.1,130.1353711790393,9.242067127857943,229
2019,00-0028087,Dion Lewis,140,142.9,14.9,134.3021582733813,7.396292330325889,139
2019,00-0030710,Trey Burton,149,152.4,24.4,131.86470588235295,11.096640633314912,170
2019,00-0034753,Mark Andrews,139,142.1,19.1,131.35263157894738,10.104578480355533,190
2019,00-0027891,Golden Tate,124,123.3,10.1,126.33333333333333,8.649699086195394,240
2019,00-0035140,Mecole Hardman Jr.,137,137.7,13.5,134.9217877094972,7.515117732873465,179
2019,00-0031941,Jamison Crowder,129,128.8,10.0,131.90086206896552,6.698426457201549,232
2019,00-0034378,Ito Smith,151,154.2,17.5,136.3783783783784,7.185797832182976,74
2019,00-0032160,Tyrell Williams,132,131.4,9.0,135.4433962264151,6.3201778556161505,212
2019,00-0031051,John Brown,136,136.2,8.6,139.0300751879699,4.095340755467713,133
2019,00-0027981,Kyle Rudolph,152,154.9,24.7,131.7175572519084,12.004021639664899,131
2019,00-0034857,Josh Allen,141,145.8,12.3,137.41304347826087,5.331566736404441,46
2019,00-0025394,Adrian Peterson,134,133.1,12.1,133.07943925233644,7.918496067169319,214
2019,00-0033077,Dak Prescott,127,127.2,10.2,133.55502392344496,6.930151938366719,209
2019,00-0031806,Malcolm Brown,156,157.6,16.7,137.44444444444446,7.291656462577893,36
2019,00-0033854,Dare Ogunbowale,157,157.9,17.9,135.11111111111111,7.2986601682481655,54
2019,00-0025418,Greg Olsen,144,148.9,19.4,133.6225165562914,9.300710884553792,151
2019,00-0029604,Kirk Cousins,130,130.7,10.0,134.9889502762431,6.204826929519596,181
2019,00-0034353,Anthony Miller,135,134.4,7.5,138.46153846153845,4.985569642349965,143
2019,00-0034366,Keke Coutee,142,146.2,13.3,138.54320987654322,4.502914008495081,81
2019,00-0033869,Mitchell Trubisky,138,139.2,11.2,137.6888888888889,4.6967462905561215,90
2019,00-0031045,Carlos Hyde,147,151.9,17.8,133.62886597938143,9.569177502565275,97
2019,00-0031345,Jimmy Garoppolo,143,147.5,17.1,134.01136363636363,8.263608515977095,88
2019,00-0035719,Deebo Samuel Sr.,146,151.8,11.2,140.33333333333334,3.8924947208076146,12
2019,00-0034816,Ronald Jones,159,158.1,17.1,136.625,5.798706752371601,40
2019,00-0031610,Darren Waller,153,155.8,15.0,138.69620253164558,4.9233989467870956,79
2019,00-0030472,Jordan Reed,158,158.0,18.0,137.33333333333334,6.652332006654551,72
2019,00-0035657,Damien Harris,145,151.4,13.7,137.57142857142858,4.654445782928241,35
2019,00-0031280,Derek Carr,155,157.4,14.5,139.27272727272728,3.133397807202561,11
2019,00-0035624,N'Keal Harry,150,152.8,13.8,138.05882352941177,5.128300424179702,34
2020,00-0033280,Christian McCaffrey,0,1.2,0.5,1.2083333333333333,0.4554795777487335,240
2020,00-0033906,Alvin Kamara,3,4.9,1.3,4.670833333333333,1.2625865616513121,240
2020,00-0033045,Ezekiel Elliott,2,3.4,1.6,2.933333333333333,1.1873343678072703,240
2020,00-0034844,Saquon Barkley,1,2.5,0.7,2.4375,0.7348540400998324,240
2020,00-0036360,Clyde Edwards-Helaire,5,6.2,1.7,6.254166666666666,1.5245492280261188,240
2020,00-0032765,Michael Thomas,4,5.6,1.6,5.533333333333333,1.466121364332157,240
2020,00-0033893,Dalvin Cook,6,6.2,1.5,6.154166666666667,1.6174982404565563,240
2020,00-0035700,Josh Jacobs,8,9.1,1.7,9.358333333333333,1.4823696586013828,240
2020,00-0032764,Derrick Henry,7,7.4,1.7,7.541666666666667,1.6887312131246082,240
2020,00-0035243,Miles Sanders,11,12.0,2.3,12.420833333333333,2.114401537863465,240
2020,00-0027944,Julio Jones,13,14.4,2.8,14.654166666666667,2.675079346833464,240
2020,00-0033118,Kenyan Drake,14,14.8,2.7,15.65,2.4414482292416,240
2020,00-0031381,Davante Adams,9,10.4,1.9,10.816666666666666,1.6591742329502088,240
2020,00-0033699,Austin Ekeler,10,11.5,2.1,11.970833333333333,1.8666819211371122,240
2020,00-0033873,Patrick Mahomes,19,18.7,5.4,16.595833333333335,4.260255081708998,240
2020,00-0033897,Joe Mixon,12,13.1,2.5,13.370833333333334,2.30335014637206,240
2020,00-0033040,Tyreek Hill,15,15.8,3.1,16.920833333333334,2.751565422329847,240
2020,00-0034791,Nick Chubb,16,16.3,3.1,17.220833333333335,2.477763731710776,240
2020,00-0033288,George Kittle,24,24.4,3.9,25.216666666666665,2.799232809819582,240
2020,00-0033293,Aaron Jones Sr.,17,17.5,2.9,18.758333333333333,2.491813653930311,240
2020,00-0030506,Travis Kelce,20,19.9,3.9,20.629166666666666,2.6873295087175277,240
2020,00-0033932,Kenny Golladay,25,25.8,3.1,27.266666666666666,2.215326353106261,240
2020,00-0034796,Lamar Jackson,23,22.7,5.6,21.5875,4.130791863867525,240
2020,00-0030564,DeAndre Hopkins,18,18.5,3.4,19.595833333333335,2.8371385146279864,240
2020,00-0033921,Chris Godwin Jr.,21,21.5,3.0,23.0875,2.2343481634430145,240
2020,00-0032187,David Johnson,28,28.5,3.9,29.283333333333335,3.1053559706293847,240
2020,00-0033553,James Conner,22,22.4,3.4,23.75,2.287861364556638,240
2020,00-0032241,Todd Gurley,29,29.1,5.0,28.491666666666667,3.3859068816842175,240
2020,00-0033594,Chris Carson,26,26.4,4.0,26.945833333333333,2.910301881804653,240
2020,00-0031408,Mike Evans,27,27.9,3.2,29.066666666666666,2.4054795652079846,240
2020,00-0031428,Allen Robinson II,31,31.8,3.7,33.020833333333336,2.846781808756454,240
2020,00-0030035,Adam Thielen,30,30.3,3.6,31.616666666666667,2.712695500027913,240
2020,00-0036223,Jonathan Taylor,33,32.6,4.6,33.25416666666667,3.7110576785392206,240
2020,00-0034753,Mark Andrews,43,42.4,6.3,42.82083333333333,5.314894140155566,240
2020,00-0033856,Leonard Fournette,35,35.4,4.9,36.36666666666667,3.7258192962317622,240
2020,00-0031235,Odell Beckham Jr.,36,35.7,4.6,36.40833333333333,3.343627757837983,240
2020,00-0027966,Mark Ingram II,44,42.5,5.1,43.1875,3.888919190291725,240
2020,00-0035250,Devin Singletary,47,46.4,6.4,46.65416666666667,4.326765890170198,240
2020,00-0034827,DJ Moore,32,32.6,3.8,33.954166666666666,3.0781289712644915,240
2020,00-0033857,JuJu Smith-Schuster,37,36.9,4.0,38.325,3.1772267584289584,240
2020,00-0032144,Melvin Gordon III,39,39.4,4.9,40.45,3.489014439253896,240
2020,00-0030496,LeVeon Bell,34,34.5,5.0,34.50833333333333,3.8125444415179626,240
2020,00-0033908,Cooper Kupp,40,40.3,4.3,42.166666666666664,3.141924185458452,240
2020,00-0030431,Robert Woods,42,42.4,3.6,45.1875,3.166616200141062,240
2020,00-0035640,DK Metcalf,46,45.3,4.4,47.1875,3.6582928661550143,240
2020,00-0031544,Amari Cooper,38,38.1,4.4,39.47083333333333,3.122194696212901,240
2020,00-0030061,Zach Ertz,51,50.6,6.9,51.7125,5.243510633696701,240
2020,00-0034837,Calvin Ridley,41,40.9,4.2,42.5,3.1938748911132513,240
2020,00-0035676,A.J. Brown,45,44.4,4.0,47.016666666666666,3.1463157263584125,240
2020,00-0030279,Keenan Allen,55,53.5,4.7,56.45,4.0163890191486775,240
2020,00-0035228,Kyler Murray,65,62.6,8.1,63.3375,6.7177596696428115,240
2020,00-0034777,DJ Chark,48,47.5,4.7,49.81666666666667,3.26508942083994,240
2020,00-0031687,Raheem Mostert,49,49.4,6.1,50.05833333333333,3.932050118081128,240
2020,00-0033923,Kareem Hunt,54,53.1,6.0,54.275,4.687671893640465,240
2020,00-0032211,Tyler Lockett,50,49.9,4.3,52.791666666666664,3.2378406806637705,240
2020,00-0035659,Terry McLaurin,52,50.8,3.9,54.00416666666667,3.433160853340452,240
2020,00-0033077,Dak Prescott,56,54.7,7.6,54.9,5.512101559144784,240
2020,00-0034816,Ronald Jones,57,56.5,5.5,58.6875,4.2836472650316795,240
2020,00-0036414,Cam Akers,53,52.8,5.7,54.7875,4.23284749405761,240
2020,00-0035685,David Montgomery,60,59.7,6.4,61.1,4.609250295277837,240
2020,00-0029608,T.Y. Hilton,58,57.5,5.0,60.65,3.7397558822171004,240
2020,00-0034348,Courtland Sutton,59,58.1,5.5,60.65833333333333,4.244604418160385,240
2020,00-0033127,Will Fuller,72,70.5,6.1,72.4625,4.686695537664198,240
2020,00-0031588,Stefon Diggs,66,65.0,5.8,67.09583333333333,3.88689237785705,240
2020,00-0029263,Russell Wilson,64,62.0,8.1,62.020833333333336,6.571427894652459,240
2020,00-0035662,Hollywood Brown,61,60.0,5.5,62.8875,3.856181528826619,240
2020,00-0031547,DeVante Parker,67,66.7,5.8,69.24166666666666,3.692117201305092,240
2020,00-0031610,Darren Waller,63,61.6,6.4,64.44583333333334,5.009320114105187,240
2020,00-0036275,D'Andre Swift,62,61.4,5.5,64.3625,3.839599057258725,240
2020,00-0036158,J.K. Dobbins,68,67.0,5.2,69.81666666666666,3.6407349787501855,240
2020,00-0034764,Michael Gallup,73,72.2,6.7,73.71666666666667,4.198392466486421,240
2020,00-0033537,Deshaun Watson,69,69.3,6.4,72.8375,4.900970145614115,240
2020,00-0027942,A.J. Green,70,69.8,6.4,71.25833333333334,4.504754964954445,240
2020,00-0033009,Tyler Boyd,78,78.5,7.0,80.0625,4.850079799196855,240
2020,00-0031062,James White,74,72.7,6.8,73.9625,4.543910587914594,240
2020,00-0033951,Marlon Mack,75,74.6,8.3,74.575,5.123842863552372,240
2020,00-0027150,Julian Edelman,77,77.2,6.7,78.375,4.700329375087413,240
2020,00-0032780,Jordan Howard,81,80.0,7.2,81.54166666666667,5.382282779815345,240
2020,00-0036328,Antonio Gibson,79,79.0,6.5,81.06666666666666,4.499620315610896,240
2020,00-0033881,Evan Engram,76,74.8,6.8,80.02083333333333,5.1524442074629135,240
2020,00-0027656,Rob Gronkowski,71,70.4,9.3,72.32916666666667,7.571968740012142,240
2020,00-0036251,Zack Moss,84,83.7,7.4,85.775,4.94228192514501,240
2020,00-0031236,Brandin Cooks,83,81.5,7.1,83.09583333333333,5.683712261955958,240
2020,00-0035719,Deebo Samuel Sr.,90,89.1,8.3,89.87916666666666,6.2014628566221495,240
2020,00-0026143,Matt Ryan,87,84.8,8.7,89.0,7.16686938184321,240
2020,00-0020531,Drew Brees,82,80.1,9.2,83.34166666666667,7.241206854420586,240
2020,00-0030513,Latavius Murray,96,94.9,7.2,97.3625,5.340875180974066,240
2020,00-0033556,Tarik Cohen,86,84.6,6.8,87.23333333333333,5.132117807870677,240
2020,00-0035216,Diontae Johnson,91,89.4,7.2,91.65416666666667,5.25034202246474,240
2020,00-0034830,Hayden Hurst,80,79.4,6.9,85.23333333333333,5.359437510817441,240
2020,00-0033308,Matt Breida,93,90.5,7.5,92.3375,5.568764689530706,240
2020,00-0029293,Marvin Jones Jr.,97,95.1,7.7,97.32083333333334,5.7806110176863115,240
2020,00-0019596,Tom Brady,89,88.0,9.5,92.80833333333334,7.249060921242726,240
2020,00-0034109,Phillip Lindsay,85,83.8,7.6,85.12916666666666,5.5315738199974245,240
2020,00-0031382,Jarvis Landry,88,85.5,7.6,86.90833333333333,5.88451742522312,240
2020,00-0033110,Tyler Higbee,92,89.7,9.7,93.8125,6.965114055601055,240
2020,00-0036358,CeeDee Lamb,94,93.2,8.0,94.94166666666666,6.001109846214442,240
2020,00-0032950,Carson Wentz,110,107.9,9.4,112.92916666666666,6.79520992786373,240
2020,00-0027685,Emmanuel Sanders,102,100.0,7.8,103.2625,6.046701960780808,240
2020,00-0034349,Kerryon Johnson,100,97.2,7.7,100.10833333333333,5.699292818691971,240
2020,00-0034972,Alexander Mattison,99,96.7,7.4,99.91666666666667,5.971456980153993,240
2020,00-0023459,Aaron Rodgers,95,94.3,9.1,99.07916666666667,5.96906103832244,240
2020,00-0035657,Damien Harris,104,101.1,6.7,106.13333333333334,4.911660335613684,240
2020,00-0036357,Henry Ruggs III,107,104.5,7.6,108.20416666666667,5.606703934555748,240
2020,00-0031941,Jamison Crowder,106,102.6,7.2,107.1375,5.3058988646134475,240
2020,00-0032058,Tevin Coleman,98,96.4,7.2,100.45416666666667,5.597928424866672,240
2020,00-0027061,Jared Cook,117,115.2,15.3,112.8875,10.36690148711343,240
2020,00-0035644,Noah Fant,122,119.6,13.7,119.54166666666667,9.98400045037191,240
2020,00-0034857,Josh Allen,105,101.5,10.0,105.3625,6.674582556329289,240
2020,00-0034845,Sony Michel,109,107.4,9.4,110.27916666666667,6.105178484169847,240
2020,00-0036387,Jalen Reagor,111,109.5,6.4,115.02083333333333,4.719272262055143,240
2020,00-0034681,Chase Edmonds,103,101.1,7.4,104.94583333333334,5.932781010288434,240
2020,00-0036407,Jerry Jeudy,114,112.3,7.7,117.50833333333334,5.650187294016159,240
2020,00-0036265,AJ Dillon,113,111.9,8.0,116.45833333333333,5.730189936512373,240
2020,00-0025394,Adrian Peterson,119,118.4,8.7,122.0875,6.355955432196402,240
2020,00-0035664,Darrell Henderson Jr.,116,114.1,7.3,119.53333333333333,5.736812541045926,240
2020,00-0033090,Hunter Henry,101,98.0,10.9,101.775,7.364352110563985,240
2020,00-0035261,Tony Pollard,121,119.4,8.7,123.75833333333334,6.350298425871733,240
2020,00-0035140,Mecole Hardman Jr.,108,106.1,9.1,107.75833333333334,6.101643695595932,240
2020,00-0035535,Darius Slayton,115,113.2,7.5,118.1125,5.752191687089446,240
2020,00-0034775,Christian Kirk,118,116.9,7.6,122.6875,5.945907667600617,240
2020,00-0034414,Boston Scott,123,120.1,9.1,124.80833333333334,6.7095084385333585,240
2020,00-0035229,T.J. Hockenson,142,143.1,17.4,132.49180327868854,8.925127420803111,183
2020,00-0032385,Sterling Shepard,120,118.9,9.2,123.18333333333334,6.865087630390658,240
2020,00-0026498,Matthew Stafford,112,111.3,8.1,118.46666666666667,6.518635446875428,240
2020,00-0031325,Sammy Watkins,141,140.5,11.6,136.20212765957447,7.387259865986429,94
2020,00-0035268,Ryquell Armstead,135,135.3,26.8,110.76315789473684,18.24372567617828,228
2020,00-0027939,Cam Newton,124,120.7,8.9,127.89958158995816,7.0232476980068705,239
2020,00-0036322,Justin Jefferson,125,121.5,10.3,124.82083333333334,8.376420340019463,240
2020,00-0031376,Jerick McKinnon,151,152.3,15.4,136.0612244897959,6.908352924978169,49
2020,00-0034367,Nyheim Hines,140,139.9,14.6,133.5241379310345,7.784495593647001,145
2020,00-0030404,Chris Thompson,148,149.6,21.4,128.0359712230216,11.53282025662542,139
2020,00-0032392,Austin Hooper,138,136.7,18.8,128.27570093457945,10.506589402269721,214
2020,00-0034301,Darrel Williams,150,152.3,19.6,132.47368421052633,9.877808897858896,95
2020,00-0035350,Preston Williams,131,130.9,9.1,135.6031746031746,6.185620806508007,189
2020,00-0034521,Allen Lazard,133,131.0,8.7,136.22651933701658,6.13356553327776,181
2020,00-0035256,Bryce Love,127,126.8,8.9,132.92672413793105,6.466615670240577,232
2020,00-0035710,Daniel Jones,126,125.4,9.3,131.99141630901286,6.376811045194312,233
2020,00-0032257,Duke Johnson,132,131.0,11.0,133.12254901960785,7.910190557297445,204
2020,00-0022924,Ben Roethlisberger,130,129.5,10.6,134.16129032258064,6.742401360430674,217
2020,00-0026189,DeSean Jackson,129,127.1,9.3,131.85589519650654,7.848970359752054,229
2020,00-0033858,Jonnu Smith,154,153.6,16.5,136.76543209876544,5.906080775222837,81
2020,00-0034829,Mike Gesicki,145,146.5,19.5,132.75,9.008641914243947,152
2020,00-0036450,Ke'Shawn Vaughn,134,134.4,10.6,136.3726708074534,6.1945741134645385,161
2020,00-0034353,Anthony Miller,128,126.9,8.4,133.17256637168143,6.4719119316575044,226
2020,00-0036442,Joe Burrow,136,135.7,9.2,138.66141732283464,4.368393828619365,127
2020,00-0034855,Baker Mayfield,143,144.7,11.6,138.9264705882353,4.3719464447245855,68
2020,00-0030181,Jack Doyle,155,153.7,19.2,137.16,6.6982046808041,75
2020,00-0031051,John Brown,147,149.1,14.0,138.13333333333333,5.272570530585628,45
2020,00-0027891,Golden Tate,144,145.3,14.2,135.93827160493828,6.475619041860681,81
2020,00-0036370,Joshua Kelley,158,154.5,16.1,137.77142857142857,5.504467246143403,35
2020,00-0034766,Chris Herndon,156,153.9,17.6,136.9277108433735,4.933170781976768,83
2020,00-0027029,LeSean McCoy,159,156.0,18.3,134.53333333333333,7.476022277314929,45
2020,00-0036261,Brandon Aiyuk,137,135.9,9.4,138.75,4.858993011325716,108
2020,00-0034440,Justin Jackson,139,137.6,12.9,135.2406015037594,7.815243822113846,133
2020,00-0033658,Blake Jarwin,157,154.4,19.5,135.4516129032258,7.225432331028122,93
2020,00-0035217,Benny Snell Jr.,152,152.9,19.0,133.07407407407408,8.948153130364078,81
2020,00-0033106,Jared Goff,146,147.2,14.1,136.64285714285714,5.832288094357515,56
2020,00-0032054,Breshad Perriman,153,153.0,13.9,138.48,4.063249930782009,25
2020,00-0036252,Michael Pittman Jr.,149,151.7,12.7,138.35714285714286,3.564939159199103,14
2021,00-0033280,Christian McCaffrey,0,1.2,0.5,1.0583333333333333,0.23486249278256213,240
2021,00-0033893,Dalvin Cook,1,2.5,0.7,2.25,0.5749295026821926,240
2021,00-0033906,Alvin Kamara,2,3.8,1.0,3.6083333333333334,0.9663443891191938,240
2021,00-0032764,Derrick Henry,3,4.0,1.3,3.675,1.075886323341429,240
2021,00-0033045,Ezekiel Elliott,4,5.3,1.1,5.333333333333333,1.1559077530721356,240
2021,00-0033293,Aaron Jones Sr.,6,7.5,1.7,7.570833333333334,1.6168514179326592,240
2021,00-0031381,Davante Adams,5,6.4,1.6,6.3625,1.5190044361315895,240
2021,00-0034844,Saquon Barkley,11,12.0,2.8,12.2375,2.026459389404033,240
2021,00-0033699,Austin Ekeler,8,8.5,2.0,8.691666666666666,1.9949552834549096,240
2021,00-0030506,Travis Kelce,7,8.2,2.1,8.283333333333333,1.7652305944561195,240
2021,00-0033040,Tyreek Hill,10,10.6,2.2,10.8875,1.7452415881008623,240
2021,00-0034791,Nick Chubb,9,9.9,2.2,10.033333333333333,1.9076298393307756,240
2021,00-0036893,Najee Harris,12,12.9,2.5,13.379166666666666,1.7908365466897176,240
2021,00-0036328,Antonio Gibson,15,15.6,2.3,16.216666666666665,1.7887764141927032,240
2021,00-0031588,Stefon Diggs,13,13.5,2.4,14.0875,1.9353164575321986,240
2021,00-0030564,DeAndre Hopkins,16,17.0,2.3,17.666666666666668,1.8515325929665116,240
2021,00-0036223,Jonathan Taylor,14,13.8,2.6,14.045833333333333,1.9921349886767665,240
2021,00-0031610,Darren Waller,21,21.5,3.3,21.791666666666668,2.4129907598771365,240
2021,00-0035640,DK Metcalf,19,19.7,2.3,20.645833333333332,2.1009022103917663,240
2021,00-0034837,Calvin Ridley,17,18.0,2.1,18.6875,1.7662130019340354,240
2021,00-0033897,Joe Mixon,18,19.2,2.6,19.608333333333334,2.0364701322928997,240
2021,00-0036360,Clyde Edwards-Helaire,20,20.4,2.3,21.425,2.0624659246582886,240
2021,00-0036322,Justin Jefferson,22,22.4,1.9,24.0,1.555123802737584,240
2021,00-0033873,Patrick Mahomes,23,22.9,6.2,20.091666666666665,3.9884683847045856,240
2021,00-0035676,A.J. Brown,24,24.8,2.4,25.9875,1.640188911458667,240
2021,00-0035831,James Robinson,29,29.1,3.3,29.545833333333334,2.666619813047245,240
2021,00-0035685,David Montgomery,25,25.9,3.4,26.15,2.6343403261490144,240
2021,00-0034857,Josh Allen,34,34.4,4.6,34.2,3.191515949917438,240
2021,00-0030279,Keenan Allen,26,25.9,2.6,27.125,1.9876712052257743,240
2021,00-0033594,Chris Carson,27,28.0,3.2,28.708333333333332,2.301157916035485,240
2021,00-0035659,Terry McLaurin,31,30.3,2.8,31.754166666666666,2.2928813187734933,240
2021,00-0033288,George Kittle,28,28.5,3.6,29.2,2.9089387560057824,240
2021,00-0031428,Allen Robinson II,32,32.7,3.1,34.083333333333336,2.4274694826631307,240
2021,00-0036275,D'Andre Swift,33,34.0,4.1,34.4375,3.0028316482862953,240
2021,00-0036358,CeeDee Lamb,30,29.6,2.8,31.220833333333335,2.550982937418711,240
2021,00-0035243,Miles Sanders,38,38.7,4.4,39.40416666666667,3.1898084525152597,240
2021,00-0035700,Josh Jacobs,36,35.4,4.1,35.858333333333334,3.058141841089643,240
2021,00-0031544,Amari Cooper,39,40.0,3.5,41.983333333333334,2.6114755870925683,240
2021,00-0030431,Robert Woods,35,35.1,3.1,36.541666666666664,2.479694384372482,240
2021,00-0031408,Mike Evans,37,37.8,3.3,39.25833333333333,2.466497977570877,240
2021,00-0035664,Darrell Henderson Jr.,44,43.8,4.9,44.775,4.309107801139466,240
2021,00-0034796,Lamar Jackson,50,50.9,6.7,51.65833333333333,4.837087946765283,240
2021,00-0036970,Kyle Pitts Sr.,40,40.3,5.3,41.3625,4.335058260914495,240
2021,00-0035216,Diontae Johnson,45,44.9,4.3,47.00416666666667,3.3976338267449537,240
2021,00-0035311,Myles Gaskin,46,45.7,4.8,47.425,4.175366092735845,240
2021,00-0033908,Cooper Kupp,42,41.3,3.4,43.1375,3.32006862105824,240
2021,00-0035228,Kyler Murray,41,41.3,4.3,43.108333333333334,3.7108815074135895,240
2021,00-0032063,Mike Davis,43,43.1,5.2,43.9125,4.106919612425944,240
2021,00-0027944,Julio Jones,47,46.0,4.6,48.354166666666664,3.6320838062265683,240
2021,00-0036997,Javonte Williams,52,52.7,6.5,52.525,4.876658606379979,240
2021,00-0032211,Tyler Lockett,49,48.4,5.4,49.44583333333333,4.132378443935788,240
2021,00-0031687,Raheem Mostert,64,63.0,7.9,62.829166666666666,5.292291636624448,240
2021,00-0034184,Gus Edwards,58,56.6,8.7,53.358333333333334,6.151906645065052,240
2021,00-0033921,Chris Godwin Jr.,48,47.2,5.0,48.77916666666667,4.1465294422710475,240
2021,00-0036261,Brandon Aiyuk,55,53.9,4.5,56.95,3.7019727862938496,240
2021,00-0033923,Kareem Hunt,54,53.2,5.8,54.06666666666667,4.07920193469125,240
2021,00-0035657,Damien Harris,57,55.5,6.1,57.09583333333333,4.360720370287255,240
2021,00-0036410,Tee Higgins,63,61.3,6.6,61.96666666666667,4.764641970828586,240
2021,00-0030035,Adam Thielen,51,52.3,4.9,54.35,3.8194612864680866,240
2021,00-0034681,Chase Edmonds,61,60.4,6.2,61.891666666666666,4.255040492819893,240
2021,00-0034753,Mark Andrews,53,52.8,5.9,56.02916666666667,4.704131467033557,240
2021,00-0035229,T.J. Hockenson,56,55.4,4.8,59.708333333333336,4.211750514795985,240
2021,00-0036355,Justin Herbert,69,69.3,7.4,71.90833333333333,5.836683636422963,240
2021,00-0036407,Jerry Jeudy,65,64.1,5.2,66.25833333333334,3.151663792078473,240
2021,00-0023459,Aaron Rodgers,60,59.0,6.6,61.420833333333334,5.383414726209137,240
2021,00-0036326,Chase Claypool,62,61.1,4.8,64.09583333333333,2.7479896290551573,240
2021,00-0034827,DJ Moore,59,57.0,4.7,60.42916666666667,3.22308347472986,240
2021,00-0019596,Tom Brady,79,77.8,7.9,82.66666666666667,8.765502306394257,240
2021,00-0031260,Logan Thomas,72,72.2,6.8,75.625,5.341966948480783,240
2021,00-0033077,Dak Prescott,66,66.7,8.6,67.03333333333333,6.858319119409224,240
2021,00-0031235,Odell Beckham Jr.,68,69.0,5.6,70.29583333333333,3.8918409629496176,240
2021,00-0036984,Trey Sermon,67,67.7,5.9,68.71666666666667,3.9147469998103848,240
2021,00-0032765,Michael Thomas,71,69.5,5.9,71.0,3.660258124743247,240
2021,00-0027793,Antonio Brown,73,72.7,6.3,73.32916666666667,4.091523963061543,240
2021,00-0032688,Robbie Chosen,74,75.0,5.8,76.65833333333333,4.5066122193900116,240
2021,00-0036912,DeVonta Smith,78,77.6,6.2,79.25833333333334,5.0045934270023915,240
2021,00-0036900,Ja'Marr Chase,77,77.4,5.8,79.675,5.096824017244612,240
2021,00-0029263,Russell Wilson,70,69.4,7.0,73.09583333333333,6.022550313061837,240
2021,00-0035250,Devin Singletary,94,91.2,9.2,91.57916666666667,6.749708139772118,240
2021,00-0033857,JuJu Smith-Schuster,83,82.5,6.8,83.9125,5.795382125010861,240
2021,00-0033932,Kenny Golladay,84,82.8,6.8,85.2125,5.566698089088607,240
2021,00-0032144,Melvin Gordon III,75,75.2,6.6,76.24583333333334,5.2056036082361175,240
2021,00-0034348,Courtland Sutton,87,85.7,7.1,87.9625,6.1299260781716916,240
2021,00-0036265,AJ Dillon,80,79.1,5.7,82.37916666666666,4.797356242526991,240
2021,00-0036268,Laviska Shenault Jr.,88,85.9,6.2,89.90416666666667,5.075495248969819,240
2021,00-0026498,Matthew Stafford,86,85.0,10.7,87.7625,10.48079784324468,240
2021,00-0036924,Michael Carter,76,76.1,5.0,78.26666666666667,4.320300108383595,240
2021,00-0033757,Robert Tonyan,89,87.2,11.5,89.39583333333333,9.401191910842526,240
2021,00-0033871,Corey Davis,90,89.6,7.1,92.95833333333333,5.444886793100405,240
2021,00-0034816,Ronald Jones,82,79.8,5.8,83.19166666666666,5.191392672497023,240
2021,00-0035719,Deebo Samuel Sr.,91,89.8,6.9,93.09166666666667,6.003479929938729,240
2021,00-0035644,Noah Fant,81,79.2,7.8,84.16666666666667,7.96995753765491,240
2021,00-0033856,Leonard Fournette,92,90.1,7.3,93.63333333333334,5.825830999439538,240
2021,00-0034972,Alexander Mattison,109,106.5,9.5,110.27083333333333,6.490223040739779,240
2021,00-0034351,Dallas Goedert,97,93.9,10.1,98.82083333333334,7.2968428529495934,240
2021,00-0036251,Zack Moss,85,83.8,7.1,85.46666666666667,5.682584910863816,240
2021,00-0036219,Marquez Callaway,93,90.5,8.9,91.54166666666667,6.63942306478461,240
2021,00-0034845,Sony Michel,96,93.4,9.9,92.9875,8.007570293688854,240
2021,00-0033553,James Conner,100,96.2,8.2,98.725,6.436640018521579,240
2021,00-0036357,Henry Ruggs III,125,123.9,11.0,128.33620689655172,8.735600610010428,232
2021,00-0029701,Ryan Tannehill,99,96.1,9.6,101.875,6.789805920285678,240
2021,00-0033110,Tyler Higbee,98,95.8,9.7,101.26666666666667,6.3519289506967995,240
2021,00-0036389,Jalen Hurts,104,100.2,10.2,105.8875,6.86814321439129,240
2021,00-0031062,James White,129,128.8,18.9,121.54741379310344,12.801426876685126,232
2021,00-0031236,Brandin Cooks,106,102.9,9.9,105.25416666666666,7.482614671035937,240
2021,00-0033948,Jamaal Williams,95,92.0,7.5,95.8875,6.045144841162006,240
2021,00-0033009,Tyler Boyd,101,97.3,8.6,99.84166666666667,6.696649800423482,240
2021,00-0035140,Mecole Hardman Jr.,103,100.0,7.0,106.18333333333334,5.393290940488813,240
2021,00-0036613,Jaylen Waddle,102,99.2,7.8,103.925,5.839072689603803,240
2021,00-0034960,Jakobi Meyers,116,116.2,9.9,121.325,7.5375350842595426,240
2021,00-0036252,Michael Pittman Jr.,108,104.4,8.1,109.75833333333334,6.032680640007689,240
2021,00-0034367,Nyheim Hines,122,120.6,11.9,122.72916666666667,9.143531411148903,240
2021,00-0036196,Gabe Davis,145,144.3,24.2,123.94318181818181,14.333862368168965,176
2021,00-0036875,Rhamondre Stevenson,124,121.3,12.2,124.92857142857143,8.99830872863835,238
2021,00-0033118,Kenyan Drake,107,102.9,8.2,107.35833333333333,6.2195478495850125,240
2021,00-0034109,Phillip Lindsay,110,107.5,7.1,114.24583333333334,5.170116835165411,240
2021,00-0035261,Tony Pollard,105,102.7,7.4,108.83333333333333,5.238788919635047,240
2021,00-0034970,Irv Smith Jr.,121,120.3,16.2,119.30962343096235,11.080509018528922,239
2021,00-0031382,Jarvis Landry,119,118.2,9.0,124.90416666666667,7.627520046788222,240
2021,00-0036309,Darnell Mooney,111,109.0,7.0,116.66666666666667,5.7235231174401395,240
2021,00-0034777,DJ Chark,113,112.8,7.9,119.84166666666667,6.163050694527783,240
2021,00-0032187,David Johnson,115,115.0,9.6,120.075,7.850765493151091,240
2021,00-0036442,Joe Burrow,112,112.4,8.7,120.18333333333334,7.6135568728830565,240
2021,00-0032602,J.D. McKissic,118,116.8,10.4,121.94583333333334,8.362672550666995,240
2021,00-0034829,Mike Gesicki,114,114.3,16.4,112.20833333333333,11.198771475757878,240
2021,00-0036945,Justin Fields,126,125.6,12.0,130.9658536585366,9.016531923065301,205
2021,00-0035662,Hollywood Brown,142,140.9,14.9,132.95192307692307,8.980431593507959,104
2021,00-0026143,Matt Ryan,131,129.8,14.2,132.42857142857142,8.55420526888165,182
2021,00-0030874,Damien Williams,147,146.0,23.8,123.5688622754491,14.82609188238809,167
2021,00-0032058,Tevin Coleman,140,139.0,17.2,130.17177914110428,10.955349948501423,163
2021,00-0033536,Mike Williams,117,116.2,7.7,124.84166666666667,6.14401206378116,240
2021,00-0030456,Giovani Bernard,123,120.9,10.3,126.625,8.168274683008104,240
2021,00-0037012,Trey Lance,120,118.2,9.8,127.0,8.801863629214004,240
2021,00-0034750,Rashaad Penny,139,137.9,12.0,136.8,7.380016698127888,100
2021,00-0037013,Zach Wilson,151,149.1,24.8,128.5151515151515,11.883329042704037,132
2021,00-0031503,Jameis Winston,138,137.3,11.8,137.29333333333332,5.926973005591388,75
2021,00-0033858,Jonnu Smith,133,130.7,15.6,131.01333333333332,8.601017381682238,225
2021,00-0033881,Evan Engram,154,150.9,24.2,132.38125,11.060082838294525,160
2021,00-0033127,Will Fuller,130,129.2,11.0,133.31958762886597,8.119631926817645,194
2021,00-0036555,Chuba Hubbard,128,127.6,10.5,133.34761904761905,8.023179281755784,210
2021,00-0027656,Rob Gronkowski,143,142.8,22.8,128.69101123595505,13.510407291651637,178
2021,00-0036980,Elijah Moore,134,132.6,10.0,137.2520325203252,5.7625038614331645,123
2021,00-0029000,Cole Beasley,155,150.9,16.4,135.10256410256412,8.299634969128626,39
2021,00-0033090,Hunter Henry,152,149.7,22.3,131.0212765957447,12.06794341877118,141
2021,00-0034440,Justin Jackson,158,154.6,26.7,124.90322580645162,13.637835554634893,124
2021,00-0034764,Michael Gallup,137,135.4,11.0,136.98969072164948,6.187175657089739,97
2021,00-0033282,Curtis Samuel,141,140.2,12.9,136.14634146341464,8.030992360954926,82
2021,00-0036936,Rondale Moore,148,146.4,16.1,134.76623376623377,9.039236262416876,77
2021,00-0034301,Darrel Williams,153,150.3,15.6,137.5,5.806566646152976,38
2021,00-0034855,Baker Mayfield,136,134.3,13.7,135.327868852459,6.836270094803486,122
2021,00-0036971,Trevor Lawrence,146,144.7,14.7,133.2941176470588,9.60061272554426,51
2021,00-0036422,Adam Trautman,156,151.9,20.2,137.15652173913043,7.439335124446371,115
2021,00-0029293,Marvin Jones Jr.,127,126.0,11.6,129.79646017699116,8.796119641483736,226
2021,00-0036955,Terrace Marshall Jr.,150,149.0,16.4,133.58,9.09830663769195,50
2021,00-0030513,Latavius Murray,132,130.6,14.0,129.85294117647058,9.512135944314702,204
2021,00-0034411,Russell Gage Jr.,135,133.8,10.4,137.62727272727273,6.653769147625395,110
2021,00-0022924,Ben Roethlisberger,144,143.2,15.3,133.87142857142857,8.491976483497425,70
2021,00-0036365,Bryan Edwards,149,148.2,20.3,131.15740740740742,10.207347579930582,108
2021,00-0027966,Mark Ingram II,157,154.2,17.2,138.6578947368421,5.220936624003728,38
2021,00-0036919,Kenny Gainwell,159,154.8,14.0,138.53846153846155,8.34281511856544,13
2022,00-0036223,Jonathan Taylor,0,1.3,0.6,1.2666666666666666,0.5370511975988871,240
2022,00-0033280,Christian McCaffrey,1,2.4,0.9,2.475,1.0142293073393753,240
2022,00-0033699,Austin Ekeler,2,2.7,0.9,2.9791666666666665,0.9526352644120386,240
2022,00-0033908,Cooper Kupp,5,5.7,1.8,5.854166666666667,1.549592784048048,240
2022,00-0036322,Justin Jefferson,4,4.6,1.4,4.933333333333334,1.3613513673287125,240
2022,00-0032764,Derrick Henry,3,4.3,1.4,4.583333333333333,1.3787589673679839,240
2022,00-0033893,Dalvin Cook,7,7.5,1.7,8.016666666666667,1.3962492094720003,240
2022,00-0036893,Najee Harris,6,7.1,2.1,6.9375,1.587164124518632,240
2022,00-0036900,Ja'Marr Chase,8,8.7,1.8,9.108333333333333,1.5158622017795094,240
2022,00-0030506,Travis Kelce,16,16.5,3.2,16.65,2.8641486135210803,240
2022,00-0033897,Joe Mixon,9,10.1,1.8,10.491666666666667,1.5817782130255276,240
2022,00-0033906,Alvin Kamara,10,10.9,2.0,11.420833333333333,1.7838135929656702,240
2022,00-0036275,D'Andre Swift,12,12.8,2.4,13.0125,1.9394198545918153,240
2022,00-0031588,Stefon Diggs,13,13.6,2.0,14.495833333333334,1.8747338258304007,240
2022,00-0031381,Davante Adams,11,12.0,2.5,12.4,2.077575026715473,240
2022,00-0034857,Josh Allen,21,20.4,5.3,18.483333333333334,3.911111375258856,240
2022,00-0036997,Javonte Williams,20,20.2,3.3,20.8875,2.5711323881360477,240
2022,00-0033293,Aaron Jones Sr.,14,14.9,2.4,15.558333333333334,2.2287427580879378,240
2022,00-0036358,CeeDee Lamb,17,17.5,2.6,18.75,2.307890775716213,240
2022,00-0034844,Saquon Barkley,15,15.5,2.3,16.491666666666667,2.115872801633352,240
2022,00-0033040,Tyreek Hill,23,22.7,3.4,23.783333333333335,2.3489812029412387,240
2022,00-0033856,Leonard Fournette,22,21.9,3.0,22.966666666666665,2.349871654407891,240
2022,00-0035719,Deebo Samuel Sr.,19,19.6,2.9,20.808333333333334,2.3635865001421283,240
2022,00-0034791,Nick Chubb,18,18.8,2.9,19.775,2.561257863043896,240
2022,00-0036252,Michael Pittman Jr.,24,24.9,3.2,25.9125,2.2230840088625192,240
2022,00-0033045,Ezekiel Elliott,27,27.7,3.7,28.316666666666666,2.9471873928529475,240
2022,00-0031408,Mike Evans,26,26.5,3.2,27.620833333333334,2.2280973301657565,240
2022,00-0034753,Mark Andrews,25,25.5,3.8,26.266666666666666,2.424537512153238,240
2022,00-0030279,Keenan Allen,29,29.5,3.3,30.55,2.8309408226634822,240
2022,00-0033873,Patrick Mahomes,38,38.3,7.7,36.25,5.381278565156788,240
2022,00-0036355,Justin Herbert,34,33.2,4.3,34.65833333333333,3.594500293092662,240
2022,00-0036410,Tee Higgins,32,32.5,3.5,34.50833333333333,2.767098485902409,240
2022,00-0036970,Kyle Pitts Sr.,31,31.2,4.1,32.2875,3.262031158700776,240
2022,00-0033553,James Conner,28,28.4,3.3,29.433333333333334,2.5881394533229045,240
2022,00-0036414,Cam Akers,33,33.1,4.6,33.645833333333336,3.634387042834997,240
2022,00-0036973,Travis Etienne Jr.,35,33.6,4.1,34.93333333333333,3.3579564749393596,240
2022,00-0034827,DJ Moore,36,35.9,3.1,38.516666666666666,2.5234741720081444,240
2022,00-0035676,A.J. Brown,30,30.4,3.6,31.55,3.005852032870987,240
2022,00-0035685,David Montgomery,40,39.3,4.7,40.6125,3.6767746120910316,240
2022,00-0035659,Terry McLaurin,37,38.0,3.6,39.8625,2.9546520301461663,240
2022,00-0036567,Elijah Mitchell,42,42.4,5.2,43.420833333333334,3.885654246852246,240
2022,00-0036158,J.K. Dobbins,39,38.8,3.9,40.74166666666667,3.2108493729783354,240
2022,00-0036265,AJ Dillon,50,48.7,5.6,50.645833333333336,4.108820919009605,240
2022,00-0035700,Josh Jacobs,48,46.8,5.9,48.125,4.702109381541785,240
2022,00-0035216,Diontae Johnson,43,43.4,4.3,45.88333333333333,3.294939274958263,240
2022,00-0033536,Mike Williams,41,39.6,4.0,41.733333333333334,3.2950662581723855,240
2022,00-0038120,Breece Hall,45,44.4,4.7,46.25416666666667,3.8580979516780003,240
2022,00-0033288,George Kittle,44,44.2,5.4,46.9,4.2167230331236265,240
2022,00-0034348,Courtland Sutton,46,45.3,5.3,47.025,4.116427951452316,240
2022,00-0032765,Michael Thomas,54,52.3,5.3,55.166666666666664,3.5847966588185596,240
2022,00-0036613,Jaylen Waddle,49,47.7,5.5,49.25416666666667,4.3408615274571805,240
2022,00-0036442,Joe Burrow,47,46.1,6.3,47.541666666666664,4.208769154559772,240
2022,00-0031610,Darren Waller,51,50.4,6.4,52.920833333333334,4.843792487553793,240
2022,00-0030035,Adam Thielen,67,63.8,5.3,68.2375,4.4248549133484705,240
2022,00-0031428,Allen Robinson II,55,53.5,5.9,54.9875,4.433121108373454,240
2022,00-0035243,Miles Sanders,62,61.7,5.6,64.5375,4.1436862795418765,240
2022,00-0035640,DK Metcalf,53,51.4,5.4,53.375,4.432784857170282,240
2022,00-0036389,Jalen Hurts,57,56.3,6.3,59.82083333333333,5.719121503088134,240
2022,00-0033921,Chris Godwin Jr.,58,56.5,5.5,58.975,4.39753163932091,240
2022,00-0031236,Brandin Cooks,59,56.7,5.6,59.483333333333334,4.280897206498667,240
2022,00-0034796,Lamar Jackson,52,51.3,6.3,54.12916666666667,4.598979254281435,240
2022,00-0034351,Dallas Goedert,78,75.2,8.0,79.73333333333333,5.198540724326643,240
2022,00-0033857,JuJu Smith-Schuster,79,75.9,7.3,78.16666666666667,4.602770374301711,240
2022,00-0035657,Damien Harris,60,59.8,6.3,61.608333333333334,4.9139811354665435,240
2022,00-0033923,Kareem Hunt,70,68.9,7.0,71.11666666666666,5.03906634995204,240
2022,00-0036196,Gabe Davis,65,62.9,7.0,64.36666666666666,4.797023716966975,240
2022,00-0034750,Rashaad Penny,66,63.3,6.4,65.9625,5.250488122357059,240
2022,00-0036360,Clyde Edwards-Helaire,56,54.3,4.8,57.5625,3.827374696986135,240
2022,00-0036875,Rhamondre Stevenson,80,76.0,7.9,77.85833333333333,4.736214672940084,240
2022,00-0035228,Kyler Murray,61,61.6,5.9,67.09583333333333,4.916369988448733,240
2022,00-0035261,Tony Pollard,73,70.8,6.7,73.775,4.774343040087834,240
2022,00-0036407,Jerry Jeudy,63,61.7,6.0,64.425,4.458384982560351,240
2022,00-0036309,Darnell Mooney,68,68.1,5.4,71.94166666666666,4.082406037082042,240
2022,00-0037258,Dameon Pierce,72,70.5,10.7,67.25,7.862042704105057,240
2022,00-0035662,Hollywood Brown,69,68.7,6.7,71.23333333333333,5.016680683151809,240
2022,00-0034681,Chase Edmonds,71,69.6,7.9,71.0125,5.614894455727015,240
2022,00-0036963,Amon-Ra St. Brown,76,73.4,7.7,74.76666666666667,5.3500609363179406,240
2022,00-0034983,Hunter Renfrow,74,71.2,7.4,72.875,5.65324729875852,240
2022,00-0035250,Devin Singletary,77,74.4,7.2,76.97916666666667,4.633377105639939,240
2022,00-0029263,Russell Wilson,75,72.5,8.0,79.25416666666666,7.103978446117428,240
2022,00-0036550,Rashod Bateman,82,81.0,7.1,82.30416666666666,4.045140601087464,240
2022,00-0031544,Amari Cooper,84,84.2,7.1,84.925,4.273421801228307,240
2022,00-0036912,DeVonta Smith,86,86.6,6.2,88.4875,4.305276756468833,240
2022,00-0034383,Dalton Schultz,64,62.6,7.4,66.31666666666666,6.681621998018689,240
2022,00-0030564,DeAndre Hopkins,91,90.0,8.1,90.36666666666666,5.656015915735351,240
2022,00-0037248,James Cook III,95,92.0,7.8,92.61666666666666,6.406956644531735,240
2022,00-0036980,Elijah Moore,88,87.9,6.4,89.82916666666667,4.593972690026411,240
2022,00-0036261,Brandon Aiyuk,92,90.0,6.1,93.09166666666667,5.344994660605078,240
2022,00-0032144,Melvin Gordon III,85,85.4,6.2,86.8375,4.0564337553712715,240
2022,00-0030578,Cordarrelle Patterson,94,91.4,7.2,93.3625,5.837930545526668,240
2022,00-0034775,Christian Kirk,98,96.2,7.1,99.22083333333333,6.17705832187579,240
2022,00-0019596,Tom Brady,87,86.8,8.6,95.1875,6.123745708818758,240
2022,00-0034367,Nyheim Hines,97,93.9,8.3,94.67916666666666,6.574419755274948,240
2022,00-0030061,Zach Ertz,89,89.0,9.9,91.44583333333334,6.992313721901723,240
2022,00-0035689,Dawson Knox,113,111.5,15.2,108.825,9.252535556588876,240
2022,00-0023459,Aaron Rodgers,81,80.2,9.6,85.9125,7.545444606490955,240
2022,00-0033077,Dak Prescott,83,83.6,7.6,92.57916666666667,5.983413557190726,240
2022,00-0037012,Trey Lance,99,97.7,10.3,103.62916666666666,6.821696813829001,240
2022,00-0026498,Matthew Stafford,93,90.3,7.8,97.87916666666666,5.527979736947847,240
2022,00-0034521,Allen Lazard,90,89.5,8.1,89.17083333333333,5.270108266786757,240
2022,00-0037263,Tyler Allgeier,109,107.6,8.0,111.7,6.227352271872182,240
2022,00-0031687,Raheem Mostert,102,101.9,8.6,104.25,6.939366809405681,240
2022,00-0035831,James Robinson,101,101.5,9.3,102.85416666666667,7.002658142446489,240
2022,00-0038134,Kenneth Walker III,96,92.9,8.3,93.5875,6.469161638207476,240
2022,00-0037238,Drake London,103,102.2,9.4,103.35833333333333,7.188200272114176,240
2022,00-0036894,Pat Freiermuth,100,100.0,10.6,102.4625,7.280300266234024,240
2022,00-0031280,Derek Carr,106,103.1,8.6,111.10416666666667,7.484543580478991,240
2022,00-0035664,Darrell Henderson Jr.,114,111.9,8.8,116.55833333333334,6.604544946247349,240
2022,00-0037746,Brian Robinson Jr.,116,112.7,7.9,118.71666666666667,5.763372056500061,240
2022,00-0036290,Cole Kmet,107,103.6,11.4,105.05833333333334,7.309987245446557,240
2022,00-0036328,Antonio Gibson,118,114.7,14.3,109.3375,10.155622244841343,240
2022,00-0036919,Kenny Gainwell,108,105.8,8.2,110.025,5.962171545649199,240
2022,00-0035229,T.J. Hockenson,122,120.2,17.2,115.9125,10.999270135542828,240
2022,00-0036913,Kadarius Toney,105,102.7,8.1,105.375,6.670440006062343,240
2022,00-0030431,Robert Woods,104,102.5,8.4,105.20416666666667,6.931522752674969,240
2022,00-0029604,Kirk Cousins,110,108.6,10.1,116.64166666666667,7.76031728779516,240
2022,00-0032602,J.D. McKissic,111,110.2,7.9,114.8125,6.061250302546952,240
2022,00-0032211,Tyler Lockett,115,112.5,7.7,117.68333333333334,6.615543170181957,240
2022,00-0036212,Tua Tagovailoa,124,121.2,10.6,128.11666666666667,7.084880871232325,240
2022,00-0037239,Chris Olave,112,110.4,7.3,116.29583333333333,6.070711577039706,240
2022,00-0036924,Michael Carter,117,113.3,7.9,118.925,6.089517022984808,240
2022,00-0031547,DeVante Parker,137,134.9,10.1,137.24894514767934,4.963558829655699,237
2022,00-0033009,Tyler Boyd,126,123.0,10.8,125.07083333333334,7.060940895655381,240
2022,00-0037247,George Pickens,128,123.6,12.7,123.75,7.653861114376129,240
2022,00-0036326,Chase Claypool,134,133.7,10.6,135.63025210084032,5.430598643238213,238
2022,00-0037197,Isiah Pacheco,119,118.0,9.0,122.11666666666666,6.335373671196985,240
2022,00-0038090,Skyy Moore,120,118.1,9.4,122.19166666666666,7.039988390696653,240
2022,00-0034272,Marquez Valdes-Scantling,130,129.0,10.9,131.1596638655462,6.582784340654524,238
2022,00-0027944,Julio Jones,123,120.9,11.5,121.775,7.980061450461274,240
2022,00-0034764,Michael Gallup,121,118.2,9.7,122.34583333333333,6.757080846198613,240
2022,00-0036945,Justin Fields,138,138.0,15.7,136.4142857142857,7.342267078429599,210
2022,00-0037256,Rachaad White,127,123.3,9.6,127.5375,6.388294243949659,240
2022,00-0033948,Jamaal Williams,125,121.7,10.1,124.63333333333334,7.497763497313431,240
2022,00-0038040,Zamir White,132,130.5,7.5,135.39583333333334,4.263004143039322,240
2022,00-0034972,Alexander Mattison,129,128.9,11.3,130.47916666666666,6.5045512979120055,240
2022,00-0034970,Irv Smith Jr.,141,146.0,18.1,134.41101694915255,7.806470681001019,236
2022,00-0026143,Matt Ryan,133,132.9,12.0,136.36486486486487,6.347923715831647,222
2022,00-0033090,Hunter Henry,135,134.1,16.7,129.45,8.418797457334097,240
2022,00-0033757,Robert Tonyan,142,147.9,17.9,136.27391304347827,5.243312845843976,230
2022,00-0037816,Romeo Doubs,136,134.1,11.4,135.1772151898734,6.008664986819958,237
2022,00-0037742,Treylon Burks,131,129.3,10.4,132.4,6.05953724568132,240
2022,00-0036554,Nico Collins,145,153.8,14.2,141.2462686567164,4.299740448827219,134
2022,00-0036936,Rondale Moore,139,142.5,8.1,141.34259259259258,2.6577207827062264,216
2022,00-0033466,Isaiah McKenzie,144,152.6,16.4,139.99415204678363,5.128349208105392,171
2022,00-0036971,Trevor Lawrence,140,142.9,13.4,139.7948717948718,4.289097880512719,156
2022,00-0031503,Jameis Winston,143,150.1,17.4,138.73043478260868,6.191847695113416,115
2023,00-0036322,Justin Jefferson,0,1.4,0.6,1.2916666666666667,0.5395772920670082,240
2023,00-0033280,Christian McCaffrey,1,2.4,1.0,2.425,0.9388188074053881,240
2023,00-0036900,Ja'Marr Chase,2,2.4,0.8,2.720833333333333,0.849060108791072,240
2023,00-0033040,Tyreek Hill,3,4.4,1.2,4.6875,1.22655843998342,240
2023,00-0033699,Austin Ekeler,4,5.0,1.5,5.270833333333333,1.2364678965243239,240
2023,00-0031588,Stefon Diggs,7,8.5,1.7,9.025,1.5495309048562413,240
2023,00-0030506,Travis Kelce,5,5.9,1.9,6.033333333333333,1.591995318286115,240
2023,00-0034844,Saquon Barkley,9,9.0,2.1,9.370833333333334,1.8702648251087468,240
2023,00-0033908,Cooper Kupp,6,7.0,2.0,6.9375,1.7691717325479914,240
2023,00-0038542,Bijan Robinson,8,8.8,2.7,8.633333333333333,2.0977506715660437,240
2023,00-0036358,CeeDee Lamb,10,11.0,2.1,11.745833333333334,1.671188079043457,240
2023,00-0036963,Amon-Ra St. Brown,13,13.2,2.6,13.745833333333334,2.2384018444627594,240
2023,00-0035676,A.J. Brown,11,12.5,2.4,13.020833333333334,2.0092837181374126,240
2023,00-0034791,Nick Chubb,12,12.5,2.9,13.058333333333334,2.3829795116322625,240
2023,00-0035261,Tony Pollard,14,15.2,2.7,15.483333333333333,2.0839427281673863,240
2023,00-0037740,Garrett Wilson,15,15.6,2.8,16.225,2.1295392080198297,240
2023,00-0031381,Davante Adams,16,15.6,2.6,16.358333333333334,2.1503948584899018,240
2023,00-0033873,Patrick Mahomes,18,19.6,5.2,17.35,3.6867965253383406,240
2023,00-0032764,Derrick Henry,17,17.9,2.8,18.5125,2.107927356572274,240
2023,00-0036613,Jaylen Waddle,19,19.9,2.3,20.816666666666666,1.9597768352729668,240
2023,00-0037239,Chris Olave,20,20.4,2.4,21.275,2.02479401297492,240
2023,00-0035700,Josh Jacobs,21,21.9,3.3,22.3,2.599002061461509,240
2023,00-0036875,Rhamondre Stevenson,23,23.4,3.3,24.120833333333334,2.4336344648503956,240
2023,00-0036912,DeVonta Smith,22,23.3,2.9,24.279166666666665,2.3468093120237516,240
2023,00-0036223,Jonathan Taylor,24,25.9,4.3,25.504166666666666,3.629260349355371,240
2023,00-0034857,Josh Allen,25,26.6,4.3,26.766666666666666,3.6066728796508456,240
2023,00-0036389,Jalen Hurts,27,26.9,4.1,27.8625,3.50400995632983,240
2023,00-0034837,Calvin Ridley,29,29.2,4.4,30.283333333333335,3.1785982366994223,240
2023,00-0035640,DK Metcalf,32,30.8,4.0,32.07083333333333,3.473627981355967,240
2023,00-0036410,Tee Higgins,26,26.6,3.2,27.825,2.8466011444025328,240
2023,00-0030279,Keenan Allen,30,29.2,3.6,30.9875,3.3467416865240724,240
2023,00-0035719,Deebo Samuel Sr.,39,37.2,4.4,39.30833333333333,3.140492281676422,240
2023,00-0034753,Mark Andrews,28,28.9,4.2,30.3625,3.490250917116869,240
2023,00-0036893,Najee Harris,31,30.4,4.7,30.983333333333334,3.804827001017372,240
2023,00-0031544,Amari Cooper,35,35.4,4.0,36.9625,2.87876549843489,240
2023,00-0039139,Jahmyr Gibbs,37,36.7,5.5,37.3375,3.8320725899606902,240
2023,00-0033897,Joe Mixon,33,31.4,4.4,32.62083333333333,3.753099602305495,240
2023,00-0033293,Aaron Jones Sr.,40,38.9,4.3,40.395833333333336,2.936849871675214,240
2023,00-0034796,Lamar Jackson,38,36.9,4.7,39.104166666666664,3.9422588905842444,240
2023,00-0037238,Drake London,43,44.1,4.8,45.475,3.365994105460025,240
2023,00-0036973,Travis Etienne Jr.,34,34.7,5.4,34.916666666666664,3.9917977270203595,240
2023,00-0038120,Breece Hall,36,36.6,4.5,38.079166666666666,3.2300212010997225,240
2023,00-0036442,Joe Burrow,42,43.2,6.1,44.333333333333336,4.771486673638365,240
2023,00-0030564,DeAndre Hopkins,41,41.4,4.9,42.458333333333336,3.0638828247401686,240
2023,00-0034827,DJ Moore,45,44.7,4.5,46.67916666666667,3.7462929142982215,240
2023,00-0036407,Jerry Jeudy,46,44.8,4.7,46.25833333333333,3.5781667855660046,240
2023,00-0033921,Chris Godwin Jr.,50,49.3,4.8,51.9375,3.9643086002258032,240
2023,00-0035229,T.J. Hockenson,44,44.2,5.4,45.71666666666667,4.230163321838552,240
2023,00-0038134,Kenneth Walker III,47,47.9,5.8,48.4625,4.283696102812994,240
2023,00-0038124,Christian Watson,48,48.6,5.2,50.59583333333333,4.1092791381053075,240
2023,00-0031610,Darren Waller,63,60.3,8.5,61.88333333333333,6.58600434843049,240
2023,00-0036945,Justin Fields,49,48.8,6.3,51.9,4.963296245785754,240
2023,00-0035659,Terry McLaurin,51,49.7,5.2,51.7625,3.986096390599009,240
2023,00-0032211,Tyler Lockett,57,55.7,5.2,59.1125,4.076651807324118,240
2023,00-0035216,Diontae Johnson,54,53.4,5.2,56.5,4.13070956450295,240
2023,00-0036158,J.K. Dobbins,55,55.1,7.0,55.69166666666667,5.24112452932943,240
2023,00-0034972,Alexander Mattison,58,56.9,7.4,57.520833333333336,5.586106432633423,240
2023,00-0035243,Miles Sanders,53,52.9,5.8,53.84583333333333,4.915731655887226,240
2023,00-0037258,Dameon Pierce,59,57.0,8.3,55.61666666666667,6.433676218090165,240
2023,00-0033288,George Kittle,56,55.7,6.5,58.266666666666666,5.501210720044447,240
2023,00-0036355,Justin Herbert,52,50.3,5.9,54.525,5.674522817384816,240
2023,00-0034775,Christian Kirk,62,60.3,5.8,62.9875,4.294085891102711,240
2023,00-0036414,Cam Akers,64,63.1,7.3,64.25833333333334,5.144759422155224,240
2023,00-0036261,Brandon Aiyuk,60,57.0,5.7,59.28333333333333,4.6558252230588355,240
2023,00-0036971,Trevor Lawrence,61,58.4,5.8,63.87083333333333,5.498191347094134,240
2023,00-0036997,Javonte Williams,74,72.8,7.2,74.325,4.682670803904603,240
2023,00-0033906,Alvin Kamara,70,69.2,7.5,70.10416666666667,5.125372048270629,240
2023,00-0037256,Rachaad White,69,68.1,6.3,70.17916666666666,4.031931041312189,240
2023,00-0033536,Mike Williams,65,63.3,6.4,65.59583333333333,4.271044786750936,240
2023,00-0031408,Mike Evans,68,67.6,6.0,70.6125,3.551746874108653,240
2023,00-0036252,Michael Pittman Jr.,66,63.8,6.0,66.95416666666667,3.569100207348854,240
2023,00-0033553,James Conner,67,66.2,6.0,68.65,4.018055484245705,240
2023,00-0037247,George Pickens,72,70.0,7.6,71.06666666666666,4.840957292053582,240
2023,00-0037741,Jahan Dotson,75,73.1,6.8,74.92083333333333,4.28849576837492,240
2023,00-0038543,Jaxon Smith-Njigba,84,83.0,6.8,84.3375,4.3390136838864635,240
2023,00-0037248,James Cook III,80,77.6,7.2,79.13333333333334,4.360210607429836,240
2023,00-0034351,Dallas Goedert,71,69.7,6.8,73.71666666666667,5.469096646714319,240
2023,00-0035662,Hollywood Brown,73,72.5,5.7,75.56666666666666,3.6971850274117624,240
2023,00-0037197,Isiah Pacheco,82,79.2,6.9,80.6875,4.511056848590293,240
2023,00-0036275,D'Andre Swift,77,75.9,6.8,77.975,4.0374035734693114,240
2023,00-0036212,Tua Tagovailoa,85,84.9,10.5,92.14583333333333,8.347548893202557,240
2023,00-0036970,Kyle Pitts Sr.,76,74.6,7.7,79.29583333333333,5.7025267222636575,240
2023,00-0035685,David Montgomery,79,76.8,6.0,79.75,4.214440209108515,240
2023,00-0038994,Jordan Addison,81,78.4,6.4,81.05833333333334,4.244210101577435,240
2023,00-0036196,Gabe Davis,91,89.5,6.7,91.975,5.084988984325463,240
2023,00-0037834,Brock Purdy,153,152.5,33.6,118.4609375,17.019628475524424,128
2023,00-0032765,Michael Thomas,92,91.0,7.7,92.0625,5.86317580701219,240
2023,00-0031236,Brandin Cooks,86,85.1,6.7,87.22916666666667,4.569498582370032,240
2023,00-0033857,JuJu Smith-Schuster,94,93.3,7.5,94.97083333333333,6.002369069716844,240
2023,00-0034348,Courtland Sutton,87,87.0,6.5,88.79583333333333,4.172532133759121,240
2023,00-0033881,Evan Engram,88,87.9,8.8,91.74166666666666,6.552645935705429,240
2023,00-0033077,Dak Prescott,83,82.2,9.1,89.13333333333334,8.411422133932064,240
2023,00-0036906,Khalil Herbert,96,94.4,7.6,97.60416666666667,6.407825966134955,240
2023,00-0036265,AJ Dillon,93,91.7,7.3,93.69166666666666,6.128055836911641,240
2023,00-0034750,Rashaad Penny,100,97.3,6.5,102.3625,6.633710820262059,240
2023,00-0033537,Deshaun Watson,78,76.2,8.0,83.57083333333334,7.647242463416584,240
2023,00-0037742,Treylon Burks,89,88.7,7.2,89.70416666666667,5.182040047279054,240
2023,00-0036913,Kadarius Toney,103,100.0,9.9,100.79583333333333,8.061737676544148,240
2023,00-0037746,Brian Robinson Jr.,95,94.2,8.0,95.83333333333333,6.526846180198528,240
2023,00-0036328,Antonio Gibson,90,88.9,5.3,92.42916666666666,4.5504130270642325,240
2023,00-0036980,Elijah Moore,99,97.2,7.0,102.22083333333333,6.378997912322236,240
2023,00-0029604,Kirk Cousins,102,99.4,12.7,104.45416666666667,8.637636781963392,240
2023,00-0033948,Jamaal Williams,109,104.2,8.8,108.21666666666667,7.438656617519135,240
2023,00-0038544,Quentin Johnston,97,96.1,7.5,99.45833333333333,6.167665492632505,240
2023,00-0038090,Skyy Moore,111,109.1,9.1,113.27083333333333,7.247967781354556,240
2023,00-0039064,Zay Flowers,104,100.0,9.4,100.95416666666667,8.91064330765217,240
2023,00-0036894,Pat Freiermuth,98,96.1,9.3,100.20416666666667,6.819549744438842,240
2023,00-0029263,Russell Wilson,132,129.9,20.7,123.50837988826815,13.970019550340528,179
2023,00-0039165,Zach Charbonnet,110,107.2,7.3,114.16666666666667,6.077371890335896,240
2023,00-0034521,Allen Lazard,118,115.3,10.3,119.93723849372385,8.124053552479452,239
2023,00-0039164,Anthony Richardson Sr.,128,125.5,12.9,132.1235294117647,9.083571842087915,170
2023,00-0031376,Jerick McKinnon,115,111.3,8.3,117.075,6.538796352585525,240
2023,00-0033885,David Njoku,107,103.8,10.5,107.10833333333333,7.542677274960002,240
2023,00-0033526,Samaje Perine,101,99.3,7.1,105.07916666666667,6.496054751626,240
2023,00-0034960,Jakobi Meyers,112,109.4,7.3,117.20833333333333,5.697971206639043,240
2023,00-0023459,Aaron Rodgers,106,103.6,14.2,106.5,11.301497660592817,240
2023,00-0036554,Nico Collins,116,113.1,8.2,120.3125,7.050790780303657,240
2023,00-0035657,Damien Harris,114,110.6,8.5,117.02083333333333,6.651798710190546,240
2023,00-0036550,Rashod Bateman,105,102.0,8.1,107.31666666666666,6.262037222926019,240
2023,00-0035710,Daniel Jones,108,103.9,12.3,110.28333333333333,9.331804018958854,240
2023,00-0036567,Elijah Mitchell,117,115.1,8.7,121.725,6.862623892838705,240
2023,00-0037816,Romeo Doubs,130,127.7,10.5,133.5897435897436,8.170597111007844,195
2023,00-0030565,Geno Smith,113,109.9,13.4,114.9163179916318,10.487352599064833,239
2023,00-0031235,Odell Beckham Jr.,122,120.1,13.0,120.09205020920503,10.77539503758242,239
2023,00-0034383,Dalton Schultz,119,117.4,12.3,120.125,9.546681168810036,240
2023,00-0031687,Raheem Mostert,125,122.8,11.9,125.76923076923077,9.222462422783302,234
2023,00-0036936,Rondale Moore,126,123.2,11.4,127.62608695652175,9.000204626072835,230
2023,00-0035689,Dawson Knox,154,152.7,23.8,131.3230769230769,10.65615910604106,130
2023,00-0037263,Tyler Allgeier,127,125.0,9.9,131.98214285714286,7.552485580052399,224
2023,00-0030035,Adam Thielen,129,126.3,10.9,132.33014354066987,8.384457947622545,209
2023,00-0037228,Jaylen Warren,121,119.8,11.0,125.24166666666666,8.002610278476462,240
2023,00-0036309,Darnell Mooney,131,127.8,11.2,132.6898395721925,7.6474785693552745,187
2023,00-0036919,Kenny Gainwell,135,131.1,10.4,135.7434210526316,6.429955465766406,152
2023,00-0037240,Jameson Williams,123,120.3,10.3,126.73640167364017,8.283423079984143,239
2023,00-0039040,De'Von Achane,120,117.8,8.5,124.68333333333334,6.802022014574074,240
2023,00-0033009,Tyler Boyd,133,130.4,10.8,134.49685534591194,7.995943761110473,159
2023,00-0034777,DJ Chark,144,143.2,13.4,136.30357142857142,6.547503737670197,56
2023,00-0033891,Zay Jones,136,131.1,11.7,133.22289156626505,8.283884688210284,166
2023,00-0036290,Cole Kmet,147,146.0,16.7,137.20967741935485,5.921264138744933,124
2023,00-0030578,Cordarrelle Patterson,139,132.4,13.3,133.1193181818182,8.959749460203136,176
2023,00-0037809,Chig Okonkwo,143,140.4,17.3,133.0677966101695,9.730220741877867,177
2023,00-0034115,Jeff Wilson Jr.,140,133.2,10.2,137.34653465346534,5.32998244568283,101
2023,00-0037252,Greg Dulcich,137,131.4,14.3,131.2941176470588,9.134321478741885,221
2023,00-0035250,Devin Singletary,134,130.7,11.7,133.9090909090909,8.289251372210177,176
2023,00-0038933,Dalton Kincaid,148,146.9,21.2,131.42253521126761,11.320804888096704,142
2023,00-0033925,D'Onta Foreman,141,137.1,16.2,131.87662337662337,10.508837191246693,154
2023,00-0039065,Sam LaPorta,155,152.9,20.3,134.50467289719626,9.520953884128021,107
2023,00-0033110,Tyler Higbee,138,131.6,15.2,130.45794392523365,8.658118254860621,214
2023,00-0033106,Jared Goff,124,122.6,11.6,131.79807692307693,9.15975213015296,208
2023,00-0036264,Jordan Love,159,155.5,23.1,127.625,10.757592967370206,32
2023,00-0039062,Jonathan Mingo,151,152.1,20.6,131.2469135802469,9.330770150686291,81
2023,00-0033895,Gerald Everett,158,154.9,17.4,137.328125,6.112840213533352,64
2023,00-0038976,Marvin Mims Jr.,157,154.2,22.4,131.5529411764706,10.178766276576217,85
2023,00-0039032,Tyjae Spears,149,150.9,15.2,136.86206896551724,5.53381899860843,29
2023,00-0026498,Matthew Stafford,150,151.0,18.1,132.625,10.742589343656938,32
2023,00-0034764,Michael Gallup,145,144.6,12.3,137.175,6.698210629789544,40
2023,00-0038555,Tank Bigsby,142,137.7,12.9,135.61320754716982,7.776118207406671,106
2023,00-0038102,Kenny Pickett,152,152.3,25.1,126.65714285714286,14.657328101695255,70
2023,00-0038040,Zamir White,156,153.7,14.1,138.375,6.186101934405635,8
2023,00-0031280,Derek Carr,146,145.3,17.2,131.97368421052633,9.047881167837668,38
2024,00-0033280,Christian McCaffrey,0,1.4,0.7,1.3708333333333333,0.6468327512497036,240
2024,00-0033040,Tyreek Hill,2,2.6,0.9,2.8291666666666666,0.9418130679445819,240
2024,00-0038120,Breece Hall,1,2.2,0.9,2.3583333333333334,0.8896977375244957,240
2024,00-0036358,CeeDee Lamb,3,3.7,1.3,3.8875,1.0308271448261634,240
2024,00-0036963,Amon-Ra St. Brown,5,6.2,1.2,6.525,1.1640536587726926,240
2024,00-0038542,Bijan Robinson,4,4.9,1.3,5.170833333333333,1.086231505821797,240
2024,00-0036900,Ja'Marr Chase,6,7.2,1.8,7.0375,1.3392411827623487,240
2024,00-0036223,Jonathan Taylor,9,9.8,2.0,10.058333333333334,1.7030410080308895,240
2024,00-0036322,Justin Jefferson,7,8.0,1.6,8.245833333333334,1.4471091270745557,240
2024,00-0034844,Saquon Barkley,11,11.3,2.3,11.766666666666667,1.7819801563275972,240
2024,00-0039139,Jahmyr Gibbs,8,9.4,2.2,9.341666666666667,1.8769504035254319,240
2024,00-0035676,A.J. Brown,10,10.9,1.8,11.4625,1.5026649966144183,240
2024,00-0039040,De'Von Achane,21,21.4,4.5,21.241666666666667,3.995804982934696,240
2024,00-0037740,Garrett Wilson,12,12.1,1.9,12.929166666666667,1.6740648214747544,240
2024,00-0032764,Derrick Henry,16,15.9,2.8,16.579166666666666,2.2983492651228916,240
2024,00-0036973,Travis Etienne Jr.,17,17.6,2.5,18.470833333333335,2.242417099714824,240
2024,00-0039849,Marvin Harrison Jr.,13,14.5,2.3,14.975,2.0371548787463363,240
2024,00-0039075,Puka Nacua,14,15.2,2.2,16.245833333333334,2.0582478567676015,240
2024,00-0033908,Cooper Kupp,18,18.9,2.7,20.395833333333332,2.5901291815519394,240
2024,00-0037840,Kyren Williams,15,15.9,2.9,16.233333333333334,2.5043337611366336,240
2024,00-0030506,Travis Kelce,25,24.4,4.6,25.120833333333334,3.6312773282782334,240
2024,00-0031381,Davante Adams,20,20.0,2.8,21.5625,2.7557945797338337,240
2024,00-0037197,Isiah Pacheco,19,19.8,2.9,21.3625,2.690026908764014,240
2024,00-0037238,Drake London,22,21.5,3.1,23.275,2.9300420549054658,240
2024,00-0035719,Deebo Samuel Sr.,23,23.0,3.2,25.025,2.4408054778603594,240
2024,00-0035700,Josh Jacobs,24,23.6,3.6,25.216666666666665,2.9392263614606415,240
2024,00-0036613,Jaylen Waddle,29,29.1,3.7,31.008333333333333,2.9472228849566626,240
2024,00-0031408,Mike Evans,35,33.5,4.5,35.67916666666667,3.5689829741838146,240
2024,00-0034857,Josh Allen,26,25.1,5.2,25.033333333333335,4.209837718044885,240
2024,00-0037256,Rachaad White,28,29.0,3.3,31.366666666666667,2.6113153623981904,240
2024,00-0037239,Chris Olave,27,26.2,3.3,28.504166666666666,2.7941928972426715,240
2024,00-0033873,Patrick Mahomes,32,30.8,6.2,31.0375,4.225179801081183,240
2024,00-0033906,Alvin Kamara,34,32.3,3.8,35.45,3.0651230121314725,240
2024,00-0037248,James Cook III,31,30.3,4.1,32.625,3.3612671947959916,240
2024,00-0039065,Sam LaPorta,30,29.4,4.0,31.508333333333333,3.3373650652574045,240
2024,00-0036554,Nico Collins,33,32.1,4.0,35.075,3.085022530993315,240
2024,00-0034827,DJ Moore,44,43.7,4.6,46.25833333333333,3.3611012175625032,240
2024,00-0031588,Stefon Diggs,43,41.8,4.8,43.95,3.7813681082214776,240
2024,00-0036912,DeVonta Smith,39,38.3,4.1,41.12083333333333,3.1935446350603485,240
2024,00-0036389,Jalen Hurts,38,37.3,5.4,38.92916666666667,4.551792066662437,240
2024,00-0038134,Kenneth Walker III,37,35.6,4.1,38.520833333333336,3.1168967464057147,240
2024,00-0039337,Malik Nabers,40,38.3,4.6,40.5,3.5227889293859467,240
2024,00-0033897,Joe Mixon,36,35.0,4.3,37.40833333333333,3.4447117515989496,240
2024,00-0035640,DK Metcalf,41,40.7,5.7,41.65416666666667,3.8606998700689426,240
2024,00-0034796,Lamar Jackson,45,44.2,4.9,47.291666666666664,4.002919088282465,240
2024,00-0033293,Aaron Jones Sr.,47,46.0,5.7,47.4625,3.7925618128914538,240
2024,00-0034753,Mark Andrews,42,41.2,4.9,43.71666666666667,3.8954610070518805,240
2024,00-0036252,Michael Pittman Jr.,46,45.2,5.4,47.045833333333334,3.4992502683753908,240
2024,00-0033553,James Conner,48,47.6,5.0,49.479166666666664,3.6659098052379124,240
2024,00-0036261,Brandon Aiyuk,49,48.1,5.3,49.8,3.7575029543411995,240
2024,00-0036442,Joe Burrow,61,59.7,7.5,63.37916666666667,7.478419673228167,240
2024,00-0036275,D'Andre Swift,57,56.5,6.5,57.8125,4.642248454283449,240
2024,00-0031544,Amari Cooper,50,49.2,3.7,52.67916666666667,2.807860926872679,240
2024,00-0037744,Trey McBride,52,50.4,5.5,53.020833333333336,4.5688117868494125,240
2024,00-0035685,David Montgomery,54,54.6,5.7,55.9625,3.8781991787803896,240
2024,00-0036410,Tee Higgins,53,51.8,4.5,54.204166666666666,3.0866129039722363,240
2024,00-0038933,Dalton Kincaid,60,59.1,6.0,62.7,5.043078026688026,240
2024,00-0039163,C.J. Stroud,51,49.9,6.6,52.0875,5.257854256324831,240
2024,00-0039064,Zay Flowers,58,56.8,4.2,60.983333333333334,3.665931205560895,240
2024,00-0031687,Raheem Mostert,65,64.1,6.2,67.38333333333334,4.6133938774334355,240
2024,00-0030279,Keenan Allen,64,63.5,5.7,66.95833333333333,4.79870246293251,240
2024,00-0034775,Christian Kirk,56,55.6,4.3,59.291666666666664,4.006053647899212,240
2024,00-0039067,Rashee Rice,66,64.2,9.6,61.87916666666667,7.233550328066781,240
2024,00-0038977,Tank Dell,59,57.5,4.4,61.670833333333334,4.2628078403093745,240
2024,00-0038040,Zamir White,71,67.8,6.1,71.79166666666667,4.440957779264581,240
2024,00-0037247,George Pickens,62,59.8,5.8,62.99583333333333,4.550504976039424,240
2024,00-0039164,Anthony Richardson Sr.,55,55.2,4.3,60.075,4.543904832818037,240
2024,00-0033288,George Kittle,69,66.7,8.1,70.97083333333333,6.903639157160037,240
2024,00-0036251,Zack Moss,77,74.4,8.0,75.42083333333333,4.872644086172931,240
2024,00-0034791,Nick Chubb,67,65.0,7.1,67.20833333333333,5.449495517449312,240
2024,00-0036875,Rhamondre Stevenson,63,62.0,5.8,64.79583333333333,5.1272493108019,240
2024,00-0039146,Jayden Reed,68,65.1,5.9,69.45416666666667,4.386884138055762,240
2024,00-0036893,Najee Harris,70,67.1,5.7,71.55833333333334,4.590869295962159,240
2024,00-0036264,Jordan Love,76,73.2,8.3,80.94166666666666,8.229750941424658,240
2024,00-0036970,Kyle Pitts Sr.,75,72.8,7.8,77.96666666666667,5.475595660584772,240
2024,00-0033921,Chris Godwin Jr.,72,68.4,6.3,71.92916666666666,4.666176627986818,240
2024,00-0035659,Terry McLaurin,74,70.2,7.4,72.6375,5.678802432831214,240
2024,00-0036997,Javonte Williams,80,77.5,6.3,80.93333333333334,3.899862315632772,240
2024,00-0035228,Kyler Murray,79,76.1,8.2,84.7875,7.552372926443959,240
2024,00-0038543,Jaxon Smith-Njigba,93,90.5,10.8,89.18333333333334,6.639533347181886,240
2024,00-0039894,Xavier Worthy,84,81.9,7.1,84.5125,4.98279991361077,240
2024,00-0035261,Tony Pollard,83,81.7,7.4,84.00833333333334,4.813676181687738,240
2024,00-0033077,Dak Prescott,73,69.8,7.2,78.20833333333333,7.372226329947563,240
2024,00-0034837,Calvin Ridley,78,74.7,5.8,78.45,3.78910572242742,240
2024,00-0035216,Diontae Johnson,96,92.1,7.7,95.16666666666667,5.309395372259249,240
2024,00-0037228,Jaylen Warren,82,79.6,5.7,83.27083333333333,4.2512099352453285,240
2024,00-0038041,Jake Ferguson,92,89.2,9.1,95.45833333333333,6.37843625769239,240
2024,00-0039901,Keon Coleman,90,88.1,6.7,90.71666666666667,5.230556077117584,240
2024,00-0033881,Evan Engram,81,79.5,9.1,83.91666666666667,6.632723912488944,240
2024,00-0037267,Jerome Ford,102,98.5,8.9,101.1125,7.152833215765087,240
2024,00-0035662,Hollywood Brown,85,82.2,4.8,87.425,3.7150885380012526,240
2024,00-0037746,Brian Robinson Jr.,100,97.9,7.9,102.0625,6.188821918297672,240
2024,00-0039344,Jonathon Brooks,87,85.4,5.8,89.825,4.075978204843572,240
2024,00-0038124,Christian Watson,86,84.2,7.7,86.0875,4.918227773817155,240
2024,00-0033699,Austin Ekeler,89,88.0,6.7,91.84583333333333,4.7863543106594975,240
2024,00-0035250,Devin Singletary,88,87.9,6.1,90.91666666666667,5.152215810166804,240
2024,00-0036212,Tua Tagovailoa,91,88.6,8.9,97.61666666666666,5.618533785320881,240
2024,00-0034348,Courtland Sutton,115,110.8,8.2,116.56666666666666,6.296353907175744,240
2024,00-0033106,Jared Goff,97,94.3,13.1,98.3875,8.94730330332406,240
2024,00-0038597,Chase Brown,95,91.9,7.4,95.64583333333333,5.6520059139005765,240
2024,00-0039032,Tyjae Spears,94,91.4,5.6,96.1125,5.359058533753931,240
2024,00-0032211,Tyler Lockett,110,106.6,7.3,112.70833333333333,5.669998610219268,240
2024,00-0033045,Ezekiel Elliott,98,96.2,8.3,98.90416666666667,6.568211717080268,240
2024,00-0039915,Ladd McConkey,101,98.4,6.0,105.20833333333333,5.1389005113769075,240
2024,00-0039919,Rome Odunze,99,97.7,7.0,102.40833333333333,5.5425260970932335,240
2024,00-0036355,Justin Herbert,117,114.6,12.7,120.68487394957984,9.543452821499992,238
2024,00-0039910,Jayden Daniels,103,99.2,12.1,104.20416666666667,7.865234087580657,240
2024,00-0037834,Brock Purdy,109,105.7,10.4,112.37083333333334,7.990055491068174,240
2024,00-0037240,Jameson Williams,111,107.8,8.1,113.16666666666667,6.340193011242224,240
2024,00-0030564,DeAndre Hopkins,107,104.5,5.9,112.37916666666666,4.6655937449617815,240
2024,00-0033536,Mike Williams,118,116.1,8.1,122.37916666666666,6.298201853147028,240
2024,00-0034184,Gus Edwards,104,100.6,6.5,107.27083333333333,4.931071256613148,240
2024,00-0037816,Romeo Doubs,106,103.0,7.1,108.3,5.90312306535161,240
2024,00-0039893,Brian Thomas Jr.,116,114.2,8.5,118.92083333333333,6.363302158896075,240
2024,00-0039338,Brock Bowers,125,121.7,10.0,128.3,6.910182893025536,240
2024,00-0033885,David Njoku,105,101.1,9.4,105.32083333333334,7.086523196753899,240
2024,00-0036158,J.K. Dobbins,119,116.2,7.6,123.94166666666666,5.982954635008912,240
2024,00-0036555,Chuba Hubbard,113,108.8,6.6,116.82083333333334,5.355674202616755,240
2024,00-0034351,Dallas Goedert,108,105.5,11.5,107.99583333333334,7.002986760692352,240
2024,00-0039921,Trey Benson,112,108.5,5.7,117.00833333333334,5.1317305364239285,240
2024,00-0039738,Blake Corum,114,110.3,7.2,117.61666666666666,5.822598211302665,240
2024,00-0037261,Khalil Shakir,121,117.4,9.7,122.19583333333334,7.217423082747027,240
2024,00-0034383,Dalton Schultz,122,117.9,16.1,114.71666666666667,10.852517077513063,240
2024,00-0037263,Tyler Allgeier,128,125.1,10.4,129.79324894514767,6.1791301285367695,237
2024,00-0039918,Caleb Williams,120,116.7,13.3,121.0468085106383,10.30941920702869,235
2024,00-0036139,Rico Dowdle,124,118.9,9.5,124.25416666666666,6.424161972057967,240
2024,00-0035229,T.J. Hockenson,123,118.7,9.9,125.17083333333333,6.847409134479347,240
2024,00-0026498,Matthew Stafford,127,123.1,11.3,131.02830188679246,8.051325341630013,212
2024,00-0038794,Jaleel McLaughlin,129,126.6,8.6,133.82127659574468,5.687929045344821,235
2024,00-0036988,Joshua Palmer,135,130.5,8.1,136.73033707865167,5.963664070961139,178
2024,00-0036567,Elijah Mitchell,131,129.8,14.5,128.75,9.386713461611023,232
2024,00-0033282,Curtis Samuel,126,122.6,8.6,129.0875,6.219540841936713,240
2024,00-0037838,Isaiah Likely,153,152.0,22.8,132.54263565891472,10.190381304153,129
2024,00-0039165,Zach Charbonnet,136,130.7,6.7,138.32515337423314,4.056519574287551,163
2024,00-0039391,Kimani Vidal,147,143.9,14.2,136.19266055045873,6.260512735214359,109
2024,00-0033357,Taysom Hill,158,155.9,15.0,138.40384615384616,5.39156790969815,52
2024,00-0038544,Quentin Johnston,155,152.2,19.5,134.54901960784315,8.344829965201603,102
2024,00-0023459,Aaron Rodgers,134,130.4,13.6,132.13513513513513,8.41738454430165,148
2024,00-0029604,Kirk Cousins,132,130.1,10.8,135.3828125,6.396506297578439,128
2024,00-0034960,Jakobi Meyers,137,131.7,13.8,129.46445497630333,10.106217655323515,211
2024,00-0036971,Trevor Lawrence,130,126.7,11.0,134.50588235294117,7.486672228110834,170
2024,00-0038994,Jordan Addison,139,134.1,9.7,136.35766423357666,6.167678114785856,137
2024,00-0037276,Ty Chandler,133,130.3,7.1,138.58522727272728,4.06428457307176,176
2024,00-0036894,Pat Freiermuth,142,135.5,11.6,136.03225806451613,5.544808359037138,186
2024,00-0036945,Justin Fields,140,134.7,55.4,73.50438596491227,38.51797427061876,228
2024,00-0039144,Luke Musgrave,152,151.7,19.6,134.2962962962963,9.015313305972565,108
2024,00-0036290,Cole Kmet,144,137.1,13.8,134.96067415730337,7.142110624718198,178
2024,00-0036407,Jerry Jeudy,138,132.9,8.2,138.29577464788733,5.127852926596035,142
2024,00-0037525,Jordan Mason,149,149.1,18.1,134.96428571428572,7.290532638419922,112
2024,00-0037258,Dameon Pierce,151,151.4,16.3,136.0,8.188008198632287,70
2024,00-0031236,Brandin Cooks,141,135.1,9.4,136.88983050847457,6.0309513619329955,118
2024,00-0039342,Xavier Legette,146,141.3,11.9,135.7945205479452,5.854625199384361,73
2024,00-0037741,Jahan Dotson,154,152.0,12.7,139.66666666666666,4.287728464422086,27
2024,00-0036906,Khalil Herbert,143,136.4,9.8,137.2,4.722473333536667,115
2024,00-0037545,Rashid Shaheed,145,139.8,7.7,138.9090909090909,2.7064137386355624,22
2024,00-0039875,Ray Davis,148,147.7,13.2,139.9814814814815,4.371825492990316,54
2024,00-0038997,Josh Downs,157,155.9,13.6,139.28571428571428,3.903600291794133,7
2024,00-0033537,Deshaun Watson,150,149.3,13.2,138.42857142857142,6.051367417290708,7
2024,00-0039361,Bucky Irving,156,152.9,13.2,138.73333333333332,6.649024274998836,15
2024,00-0034855,Baker Mayfield,159,156.0,14.3,138.5,5.0099900199501395,6
