season,week,team,season_type,game_id,opponent_team,completions,attempts,passing_yards,passing_tds,passing_interceptions,sacks_suffered,sack_yards_lost,sack_fumbles,sack_fumbles_lost,passing_air_yards,passing_yards_after_catch,passing_first_downs,passing_epa,passing_cpoe,passing_2pt_conversions,passing_10,passing_16,passing_20,passing_40,carries,rushing_yards,rushing_tds,rushing_fumbles,rushing_fumbles_lost,rushing_first_downs,rushing_epa,rushing_2pt_conversions,rushing_10,rushing_12,rushing_20,rushing_40,receptions,targets,receiving_yards,receiving_tds,receiving_fumbles,receiving_fumbles_lost,receiving_air_yards,receiving_yards_after_catch,receiving_first_downs,receiving_epa,receiving_2pt_conversions,receiving_10,receiving_16,receiving_20,receiving_40,special_teams_tds,def_tackles_solo,def_tackles_with_assist,def_tackle_assists,def_tackles_for_loss,def_tackles_for_loss_yards,def_fumbles_forced,def_sacks,def_sack_yards,def_qb_hits,def_interceptions,def_interception_yards,def_pass_defended,def_tds,def_fumbles,def_safeties,misc_yards,fumble_recovery_own,fumble_recovery_yards_own,fumble_recovery_opp,fumble_recovery_yards_opp,fumble_recovery_tds,penalties,penalty_yards,timeouts,fumbles_forced_by_opp,fumbles_not_forced,fumbles_out_of_bounds,fumbles_total,fumbles_lost_total,punt_returns,punt_return_yards,kickoff_returns,kickoff_return_yards,fg_made,fg_att,fg_missed,fg_blocked,fg_long,fg_pct,fg_made_0_19,fg_made_20_29,fg_made_30_39,fg_made_40_49,fg_made_50_59,fg_made_60_,fg_missed_0_19,fg_missed_20_29,fg_missed_30_39,fg_missed_40_49,fg_missed_50_59,fg_missed_60_,fg_made_list,fg_missed_list,fg_blocked_list,fg_made_distance,fg_missed_distance,fg_blocked_distance,pat_made,pat_att,pat_missed,pat_blocked,pat_pct,gwfg_made,gwfg_att,gwfg_missed,gwfg_blocked,gwfg_distance,pt_att,pt_blocked,pt_long,pt_yards,pt_inside_20,pt_out_of_bounds,pt_downed,pt_touchback,pt_fair_caught,pt_returned,pt_return_yards,pt_return_tds,pt_net_yards
2001,1,ATL,REG,2001_01_ATL_SF,SF,11,22,121,0,0,2,-14,0,0,0,121,6,-5.49222725200928,,0,6,2,2,0,31,134,1,0,0,6,3.21724930140772,0,4,4,1,0,11,22,121,0,0,0,0,0,6,-2.70018807648364,0,6,2,2,0,0,43,16,16,2,11,0,2,11,2,1,-6,8,0,1,0,0,0,0,0,0,0,3,25,2,1,0,1,1,0,1,9,4,58,2,2,0,0,28.0,1.0,0,2,0,0,0,0,0,0,0,0,0,0,28;24,,,52,0,0,1,1,0,0,1.0,0,0,0,0,0,6,0,46.0,224,3,2,1,1,2,0,0,0,204
2001,1,BAL,REG,2001_01_CHI_BAL,CHI,24,30,262,1,0,0,0,0,0,0,262,14,14.8173065056168,,0,12,3,3,0,30,54,1,2,2,3,-19.429263409198,0,0,0,0,0,24,29,262,1,0,0,0,0,14,14.836818728813,0,12,3,3,0,0,48,12,12,6,21,2,1,5,0,2,36,9,0,0,0,0,1,-3,0,0,0,6,55,4,2,1,0,3,2,2,32,3,70,1,2,1,0,37.0,0.5,0,0,1,0,0,0,0,0,0,1,0,0,37,46,,37,46,0,2,2,0,0,1.0,0,0,0,0,0,3,0,44.0,121,0,0,0,0,1,2,16,0,105
2001,1,BUF,REG,2001_01_NO_BUF,NO,16,28,160,0,3,5,-34,0,0,40,160,8,-16.8960785569765,,0,7,4,4,0,28,125,0,0,0,3,-3.88496095273877,0,4,3,1,0,16,28,160,0,0,0,40,0,8,-10.5675573562474,0,7,4,4,0,0,34,13,19,3,7,2,2,17,2,0,0,5,0,0,0,0,0,0,0,0,0,4,35,2,0,0,0,0,0,4,44,5,77,2,2,0,0,37.0,1.0,0,1,1,0,0,0,0,0,0,0,0,0,37;22,,,59,0,0,0,0,0,0,,0,0,0,0,0,4,0,51.0,177,0,0,0,1,0,3,19,0,138
2001,1,CAR,REG,2001_01_CAR_MIN,MIN,13,22,223,1,1,2,-23,0,0,7,223,9,6.60668250113631,,0,8,7,5,1,38,91,1,1,0,6,-8.54089316469617,0,3,1,0,0,13,21,223,1,1,1,7,0,9,9.87357148701231,0,8,7,5,1,1,43,7,17,2,5,1,1,2,1,3,0,4,0,0,0,0,1,0,1,0,0,7,57,3,2,0,1,2,1,3,25,3,134,1,1,0,0,23.0,1.0,0,1,0,0,0,0,0,0,0,0,0,0,23,,,23,0,0,3,3,0,0,1.0,0,0,0,0,0,6,0,59.0,294,2,0,1,0,0,5,37,0,257
2001,1,CHI,REG,2001_01_CHI_BAL,BAL,24,39,138,0,2,1,-5,1,0,36,138,10,-7.55118461272245,,0,4,1,1,0,28,56,0,2,0,4,-9.29263095654666,0,0,0,0,0,24,39,138,0,0,0,36,0,10,-5.49015892429775,0,4,1,1,0,0,44,9,9,3,6,2,0,0,0,0,0,3,0,0,0,0,3,-6,2,1,0,5,56,3,2,1,0,3,0,2,16,3,65,2,3,1,0,46.0,0.666666666666667,0,1,0,1,0,0,0,0,0,1,0,0,20;46,43,,66,43,0,0,0,0,0,,0,0,0,0,0,5,0,45.0,196,2,1,1,0,1,2,32,0,164
2001,1,CIN,REG,2001_01_NE_CIN,NE,18,27,204,1,0,1,-8,1,1,0,204,9,0.404199896887449,,0,6,5,3,0,33,157,1,1,0,9,3.56791889178567,0,5,4,2,1,18,27,204,1,0,0,0,0,9,4.72417522563556,0,6,5,3,0,0,35,1,23,4,17,0,4,17,5,0,0,4,0,0,0,0,0,0,0,0,0,3,20,4,2,0,1,2,1,1,4,3,109,3,3,0,0,47.0,1.0,0,0,2,1,0,0,0,0,0,0,0,0,36;47;33,,,116,0,0,2,2,0,0,1.0,0,0,0,0,0,4,0,35.0,131,1,0,1,0,3,0,0,0,131
2001,1,CLE,REG,2001_01_SEA_CLE,SEA,17,33,176,0,1,3,-27,0,0,30,176,5,-8.70115746343223,,0,5,2,2,0,25,90,0,0,0,8,0.324490464001428,0,1,1,0,0,17,33,176,0,0,0,30,0,5,-4.25395571551931,0,5,2,2,0,0,54,2,2,8,40,2,4,28,4,2,9,8,0,0,0,0,0,0,0,0,0,4,43,3,0,0,0,0,0,1,1,3,28,2,3,1,0,48.0,0.666666666666667,0,1,0,1,0,0,0,0,1,0,0,0,48;22,37,,70,37,0,0,0,0,0,,0,0,0,0,0,6,0,58.0,282,1,3,1,0,0,2,46,0,236
2001,1,DAL,REG,2001_01_TB_DAL,TB,9,19,34,0,2,2,-6,1,0,48,34,1,-12.0748895951027,,0,2,0,0,0,23,99,0,1,1,6,-6.84284322365895,0,5,3,1,0,9,19,34,0,0,0,48,0,1,-10.1001646592694,0,2,0,0,0,0,52,0,14,7,15,1,2,3,2,1,0,5,0,0,0,0,1,-2,1,0,0,4,32,3,1,1,0,2,1,3,18,3,131,2,2,0,0,46.0,1.0,0,1,0,1,0,0,0,0,0,0,0,0,22;46,,,68,0,0,0,0,0,0,,0,0,0,0,0,5,0,40.0,184,2,0,2,0,1,2,0,0,184
2001,1,DEN,REG,2001_01_NYG_DEN,NYG,21,29,330,3,0,0,0,0,0,0,330,13,18.5678869416531,,0,12,11,6,0,36,143,1,1,0,11,-0.487346585956402,0,5,3,1,0,21,29,330,3,0,0,0,0,13,18.5678869416531,0,12,11,6,0,0,41,2,6,7,22,0,3,13,3,0,0,7,0,0,0,0,1,0,0,0,0,6,36,5,0,1,0,1,0,3,54,2,47,1,2,1,0,37.0,0.5,0,0,1,0,0,0,0,0,0,0,0,1,37,65,,37,65,0,4,4,0,0,1.0,0,0,0,0,0,4,0,64.0,201,2,0,0,0,1,3,24,0,177
2001,1,DET,REG,2001_01_DET_GB,GB,20,39,276,0,2,7,-44,1,1,18,276,11,-11.252713867927,,0,12,8,5,1,20,56,0,0,0,1,-7.88936589988079,0,0,0,0,0,20,39,276,0,0,0,18,0,11,2.36751642229681,0,12,8,5,1,0,39,11,15,6,34,2,3,15,1,0,0,2,0,0,0,0,0,0,1,0,0,4,57,2,1,0,0,1,1,2,43,5,127,2,2,0,0,49.0,1.0,0,0,1,1,0,0,0,0,0,0,0,0,49;39,,,88,0,0,0,0,0,0,,0,0,0,0,0,4,0,41.0,156,2,0,0,0,3,1,4,0,152
2001,1,GB,REG,2001_01_DET_GB,DET,22,28,260,2,0,3,-15,1,0,0,260,14,11.8265350952672,,0,11,8,6,0,29,179,2,3,1,3,-1.92594545286556,0,3,3,2,1,22,27,260,2,0,0,0,0,14,16.4035085894094,0,11,8,6,0,0,42,11,13,8,41,1,7,44,6,2,34,9,0,0,0,0,3,-14,1,0,0,4,35,3,2,2,0,4,1,1,4,3,62,0,1,1,0,,0.0,0,0,0,0,0,0,0,0,0,1,0,0,,48,,0,48,0,4,4,0,0,1.0,0,0,0,0,0,4,0,50.0,171,1,0,0,0,2,2,43,0,128
2001,1,IND,REG,2001_01_IND_NYJ,NYJ,22,32,231,2,2,1,-9,0,0,28,231,14,12.492947809922,,0,9,4,2,0,30,154,2,0,0,7,6.45836637769414,0,5,3,2,0,22,29,231,2,0,0,28,0,14,19.0934029513155,0,9,4,2,0,1,38,19,19,3,13,1,1,7,1,0,0,2,0,1,0,0,0,0,2,95,1,2,10,1,0,1,0,1,1,4,105,4,108,1,1,0,0,37.0,1.0,0,0,1,0,0,0,0,0,0,0,0,0,37,,,37,0,0,6,6,0,0,1.0,0,0,0,0,0,3,0,65.0,151,0,0,0,1,0,2,57,0,74
2001,1,KC,REG,2001_01_OAK_KC,LV,16,37,222,1,1,1,-3,0,0,39,222,11,2.97656259926825,,0,10,3,3,1,17,35,1,2,2,2,-8.75579370706691,0,1,1,0,0,16,36,222,1,0,0,39,0,11,3.58032842588235,0,10,3,3,1,0,56,8,10,3,5,2,2,14,0,1,51,1,1,0,0,0,0,-3,2,0,0,4,25,4,0,2,0,2,2,0,0,3,55,1,2,1,0,31.0,0.5,0,0,1,0,0,0,0,0,1,0,0,0,31,37,,31,37,0,3,3,0,0,1.0,0,0,0,0,0,5,0,76.0,237,0,1,0,1,2,1,8,0,209
2001,1,MIA,REG,2001_01_MIA_TEN,TEN,12,20,225,2,0,0,0,0,0,0,225,7,14.4726651209639,,0,8,5,4,1,33,82,1,1,1,4,-11.76675812982,0,1,1,0,0,12,20,225,2,0,0,0,0,7,14.4726651209639,0,8,5,4,1,0,32,7,19,4,24,0,2,18,2,3,34,9,1,1,0,0,0,0,0,0,0,9,128,3,2,0,0,2,2,2,11,4,130,1,1,0,0,37.0,1.0,0,0,1,0,0,0,0,0,0,0,0,0,37,,,37,0,0,4,4,0,0,1.0,0,0,0,0,0,8,0,58.0,348,2,0,2,0,2,4,26,0,322
2001,1,MIN,REG,2001_01_CAR_MIN,CAR,22,38,236,1,3,1,-2,0,0,100,236,12,-6.70465973374667,,0,9,4,4,0,26,109,1,2,1,7,-0.70724162207513,0,1,0,0,0,22,37,236,1,1,1,100,0,12,-9.15437235822901,0,9,4,4,0,0,43,10,22,8,19,2,2,23,3,1,2,4,0,0,0,0,1,0,0,0,0,7,40,6,1,2,1,3,2,5,37,5,93,0,1,1,0,,0.0,0,0,0,0,0,0,0,0,0,1,0,0,,41,,0,41,0,1,2,0,1,0.5,0,0,0,0,0,5,0,55.0,234,2,0,2,0,0,3,25,0,209
2001,1,NE,REG,2001_01_NE_CIN,CIN,22,38,241,2,0,4,-17,0,0,0,241,13,5.99235453753499,,0,10,4,3,0,21,68,0,0,0,3,-5.67995039994718,0,1,0,0,0,22,38,241,2,0,0,0,0,13,9.24815056152875,0,10,4,3,0,0,42,0,14,3,8,2,1,8,0,0,0,3,0,0,0,0,0,0,1,0,0,3,15,5,0,0,0,0,0,0,0,2,57,1,1,0,0,39.0,1.0,0,0,1,0,0,0,0,0,0,0,0,0,39,,,39,0,0,2,2,0,0,1.0,0,0,0,0,0,5,0,76.0,244,0,1,2,1,0,1,4,0,220
2001,1,NO,REG,2001_01_NO_BUF,BUF,18,30,209,3,0,2,-17,1,0,0,209,9,7.28254860824742,,0,7,3,2,1,26,109,0,1,0,7,-4.92024174460676,0,4,4,1,0,18,29,209,3,0,0,0,0,9,11.8378846899031,0,7,3,2,1,0,46,7,15,12,50,0,5,34,5,3,40,6,0,2,0,0,4,0,0,0,0,4,35,2,2,2,0,4,0,3,19,3,68,1,1,0,0,31.0,1.0,0,0,1,0,0,0,0,0,0,0,0,0,31,,,31,0,0,3,3,0,0,1.0,0,0,0,0,0,5,0,50.0,219,0,0,0,1,0,4,44,0,155
2001,1,NYG,REG,2001_01_NYG_DEN,DEN,19,34,258,3,0,3,-13,0,0,0,258,11,13.184548351157,,0,9,6,4,2,19,63,0,0,0,4,-5.11815217131516,0,3,3,0,0,19,33,258,3,0,0,0,0,11,17.8388038960984,0,9,6,4,2,0,47,5,9,5,10,0,0,0,0,0,0,3,0,1,0,0,1,0,0,0,0,7,35,5,0,1,0,1,0,3,24,4,89,0,1,1,0,,0.0,0,0,0,0,0,0,0,0,0,0,0,1,,63,,0,63,0,2,3,0,1,0.666666666666667,0,0,0,0,0,8,0,90.0,441,3,2,2,1,0,3,54,0,367
2001,1,NYJ,REG,2001_01_IND_NYJ,IND,18,31,199,2,0,1,-7,0,0,0,199,8,2.35223884445191,,0,7,4,3,0,29,138,1,2,1,9,-9.40428978815908,0,4,3,0,0,18,30,199,2,0,0,0,0,8,5.46425927390851,0,7,4,3,0,0,38,18,18,3,26,0,1,9,1,2,54,4,0,1,0,0,1,-8,1,0,0,3,30,4,1,2,0,3,2,2,57,8,133,1,1,0,0,22.0,1.0,0,1,0,0,0,0,0,0,0,0,0,0,22,,,22,0,0,3,3,0,0,1.0,0,0,0,0,0,5,0,56.0,238,1,0,0,1,0,4,105,1,113
2001,1,OAK,REG,2001_01_OAK_KC,LV,31,46,341,2,1,2,-14,2,2,4,341,15,,,0,13,5,4,0,28,100,0,0,0,6,,1,2,2,1,0,31,41,341,2,0,0,4,0,15,,0,13,5,4,0,0,30,2,4,4,8,0,1,3,1,1,34,6,0,0,0,0,0,0,2,0,0,10,106,4,2,0,0,2,2,1,8,4,130,4,4,0,0,43.0,1.0,0,0,2,2,0,0,0,0,0,0,0,0,43;42;36;31,,,152,0,0,1,1,0,0,1.0,1,1,0,0,31,4,0,65.0,185,0,2,0,2,0,0,0,0,145
2001,1,PHI,REG,2001_01_STL_PHI,LA,32,48,312,2,1,5,-35,0,0,9,312,15,3.95253660435695,,0,12,4,2,0,18,57,0,1,1,4,-7.11458526013303,0,2,1,0,0,32,47,312,2,1,1,9,0,15,4.18852527601551,0,12,4,2,0,0,55,0,14,6,35,3,4,26,3,2,0,13,0,0,0,0,0,0,0,0,0,2,20,5,1,1,0,2,2,4,39,4,114,1,1,0,0,50.0,1.0,0,0,0,0,1,0,0,0,0,0,0,0,50,,,50,0,0,2,2,0,0,1.0,0,0,0,0,0,5,0,48.0,204,3,0,1,0,1,3,15,0,189
2001,1,PIT,REG,2001_01_PIT_JAX,JAX,36,63,379,3,2,4,-20,0,0,32,379,18,-9.67038126435364,,0,13,8,4,0,57,221,0,3,1,11,-4.54982563434962,0,7,5,2,0,36,61,379,3,1,1,32,0,18,-5.78667848638725,0,13,8,4,0,0,96,3,9,10,78,2,4,20,4,2,41,11,6,2,0,0,4,2,2,14,0,8,60,4,2,5,1,7,2,6,68,5,99,1,2,1,0,41.0,0.5,0,0,0,1,0,0,0,1,0,0,0,0,41,22,,41,22,0,3,3,0,0,1.0,0,0,0,0,0,11,0,56.0,451,1,0,2,2,1,6,68,0,343
2001,1,SD,REG,2001_01_WAS_SD,LAC,10,18,129,0,2,1,-7,0,0,61,129,8,,,0,8,3,1,0,46,133,2,1,1,9,,0,1,1,0,0,10,18,129,0,1,1,61,0,8,,0,8,3,1,0,1,34,6,6,2,4,1,1,2,1,2,12,9,0,0,0,0,0,0,2,0,0,5,49,1,2,0,0,2,2,4,102,1,14,3,3,0,0,48.0,1.0,0,1,1,1,0,0,0,0,0,0,0,0,21;48;32,,,101,0,0,3,3,0,0,1.0,0,0,0,0,0,3,0,52.0,121,1,1,1,0,1,0,0,0,121
2001,1,SEA,REG,2001_01_SEA_CLE,CLE,20,34,178,0,2,4,-28,0,0,37,178,7,-4.84548842037556,,0,6,3,2,0,27,101,0,1,0,7,-2.87046876358876,0,2,2,1,1,20,34,178,0,1,0,37,0,7,0.577261320743772,0,6,3,2,0,0,43,6,6,3,27,0,3,27,3,1,5,10,0,0,0,0,2,7,0,0,0,1,5,5,2,0,0,2,0,2,46,3,93,3,4,1,0,52.0,0.75,0,1,0,1,1,0,0,0,0,1,0,0,49;23;52,43,,124,43,0,0,0,0,0,,1,1,0,0,52,4,0,68.0,188,1,0,1,2,0,1,1,0,147
2001,1,SF,REG,2001_01_ATL_SF,ATL,26,40,335,1,1,2,-11,0,0,1,335,15,5.98881424847455,,0,11,6,4,3,28,105,0,0,0,5,-3.64472435822567,0,2,1,0,0,26,39,335,1,0,0,1,0,15,13.9501305529887,0,11,6,4,3,0,35,13,13,3,17,1,2,14,2,0,0,4,0,0,0,0,0,0,0,0,0,6,60,4,0,0,0,0,0,0,0,4,77,3,3,0,0,39.0,1.0,0,2,1,0,0,0,0,0,0,0,0,0,39;20;24,,,83,0,0,1,1,0,0,1.0,1,1,0,0,24,5,0,40.0,154,2,1,3,0,0,1,9,0,145
2001,1,STL,REG,2001_01_STL_PHI,PHI,28,42,308,1,2,4,-26,1,0,52,308,18,,,0,12,8,7,0,23,82,1,0,0,4,,0,1,1,1,0,28,42,308,1,0,0,52,0,18,,0,12,8,7,0,0,59,0,6,9,44,1,5,35,5,1,1,8,0,0,0,0,4,0,2,24,0,7,45,6,3,1,0,4,0,3,15,4,73,2,2,0,0,26.0,1.0,0,2,0,0,0,0,0,0,0,0,0,0,20;26,,,46,0,0,2,2,0,0,1.0,1,1,0,0,26,6,0,51.0,256,0,1,1,0,0,4,39,0,217
2001,1,TB,REG,2001_01_TB_DAL,DAL,25,34,195,0,1,2,-3,0,0,17,195,13,7.07949788515816,,0,6,3,1,0,33,71,1,1,1,3,-9.12002200406278,0,0,0,0,0,25,33,195,0,0,0,17,0,13,9.72315316021104,0,6,3,1,0,0,37,0,2,8,20,1,2,6,1,2,17,5,0,0,0,0,0,0,1,0,0,6,61,2,1,0,0,1,1,2,0,1,13,1,2,1,0,39.0,0.5,0,0,1,0,0,0,0,0,0,0,1,0,39,52,,39,52,0,1,1,0,0,1.0,0,0,0,0,0,4,0,46.0,169,2,0,0,0,1,3,18,0,151
2001,1,TEN,REG,2001_01_MIA_TEN,MIA,16,40,228,2,3,2,-18,0,0,57,228,10,-8.58191208593759,,0,10,5,3,0,25,105,0,0,0,5,-3.47835495881736,0,4,4,0,0,16,39,228,2,0,0,57,0,10,-4.31973005720626,0,10,5,3,0,0,39,6,12,7,13,2,0,0,0,0,0,3,0,0,0,0,0,0,2,14,1,12,77,6,0,0,0,0,0,4,26,3,59,1,1,0,0,51.0,1.0,0,0,0,0,1,0,0,0,0,0,0,0,51,,,51,0,0,2,3,1,0,0.666666666666667,0,0,0,0,0,8,0,49.0,316,2,1,1,1,3,2,11,0,285
2001,1,WAS,REG,2001_01_WAS_SD,LAC,15,32,119,0,2,1,-2,0,0,68,119,4,-14.0529352305457,,0,3,0,0,0,19,44,0,6,2,3,-10.8516250163059,0,1,0,0,0,15,32,119,0,0,0,68,0,4,-13.5105247989995,0,3,0,0,0,0,45,13,13,3,13,2,1,7,1,2,5,3,0,0,0,0,5,-6,2,0,0,6,69,3,1,6,0,7,2,0,0,6,155,1,1,0,0,40.0,1.0,0,0,0,1,0,0,0,0,0,0,0,0,40,,,40,0,0,0,0,0,0,,0,0,0,0,0,7,0,55.0,288,0,2,0,0,1,4,102,1,186
2001,2,ARI,REG,2001_02_DEN_ARI,DEN,16,28,242,1,1,3,-18,0,0,21,242,11,3.36926974402741,,0,10,5,4,1,18,84,1,1,1,3,-4.11034560985611,0,2,2,1,0,16,27,242,1,0,0,21,0,11,11.0973852092284,0,10,5,4,1,0,39,20,20,1,8,2,1,8,1,0,0,4,0,0,0,0,0,0,0,0,0,6,79,4,2,0,0,2,2,3,37,7,173,1,1,0,0,28.0,1.0,0,1,0,0,0,0,0,0,0,0,0,0,28,,,28,0,0,2,2,0,0,1.0,0,0,0,0,0,5,0,58.0,235,2,0,2,1,0,2,20,0,195
2001,2,ATL,REG,2001_02_CAR_ATL,CAR,13,16,271,2,1,2,-15,1,0,25,271,8,16.5546032187995,,0,8,6,3,2,28,121,1,1,1,6,-3.6659589189547,0,6,1,0,0,13,15,271,2,0,0,25,0,8,19.3307728018845,0,8,6,3,2,0,38,15,17,1,1,2,2,6,2,0,0,6,0,0,0,0,1,0,1,-6,0,1,5,2,2,0,0,2,1,1,0,4,100,1,1,0,0,25.0,1.0,0,1,0,0,0,0,0,0,0,0,0,0,25,,,25,0,0,3,3,0,0,1.0,0,0,0,0,0,2,0,42.0,67,1,0,1,0,1,0,0,0,67
2001,2,BAL,REG,2001_02_BAL_CIN,CIN,34,64,329,1,3,2,-11,0,0,8,329,17,-14.0720030344658,,0,16,4,4,1,20,64,0,1,1,4,-7.25282841961598,0,2,1,1,0,34,62,329,1,1,1,8,0,17,-16.1757811686242,0,16,4,4,1,0,41,0,16,8,30,0,2,18,2,0,0,4,0,0,0,0,0,0,1,0,0,7,45,6,3,0,0,3,3,5,44,4,84,1,1,0,0,38.0,1.0,0,0,1,0,0,0,0,0,0,0,0,0,38,,,38,0,0,1,1,0,0,1.0,0,0,0,0,0,5,0,54.0,143,4,1,1,0,1,2,0,0,143
2001,2,BUF,REG,2001_02_BUF_IND,IND,24,37,257,1,1,4,-28,0,0,21,257,13,4.44514707388852,,0,12,5,1,1,22,145,1,0,0,5,1.94374793821268,0,4,4,2,0,24,36,257,1,0,0,21,0,13,8.20538558066154,0,12,5,1,1,0,41,13,13,3,8,2,1,3,1,2,48,2,1,0,0,0,0,0,1,0,0,19,133,5,0,0,0,0,0,0,0,7,143,2,3,1,0,49.0,0.666666666666667,0,0,0,2,0,0,0,0,1,0,0,0,48;49,37,,97,37,0,2,2,0,0,1.0,0,0,0,0,0,4,0,57.0,189,2,0,1,0,0,3,16,0,173
2001,2,CAR,REG,2001_02_CAR_ATL,ATL,27,41,276,0,0,2,-6,1,0,0,276,13,10.870641787428,,0,10,7,3,0,21,89,1,1,1,5,1.43139864594559,0,2,2,0,0,27,40,276,0,0,0,0,0,13,13.6337782080116,0,10,7,3,0,0,40,7,7,4,18,2,2,15,1,1,27,2,0,0,0,0,1,0,1,0,0,7,54,6,2,0,0,2,1,0,0,4,87,3,3,0,0,31.0,1.0,0,1,2,0,0,0,0,0,0,0,0,0,30;26;31,,,87,0,0,1,1,0,0,1.0,0,0,0,0,0,2,0,52.0,73,2,1,0,0,0,1,0,0,73
2001,2,CHI,REG,2001_02_MIN_CHI,MIN,23,38,237,2,1,0,0,0,0,18,237,11,2.72778647041111,,0,12,5,3,0,19,47,0,0,0,4,-4.23018861416494,0,1,0,0,0,23,38,237,2,0,0,18,0,11,2.72778647041111,0,12,5,3,0,0,51,10,10,6,21,4,3,18,1,0,0,3,0,0,0,0,0,0,2,25,0,7,78,3,0,0,0,0,0,2,19,3,62,1,1,0,0,45.0,1.0,0,0,0,1,0,0,0,0,0,0,0,0,45,,,45,0,0,2,2,0,0,1.0,0,0,0,0,0,7,0,49.0,282,2,1,0,0,1,5,37,0,245
2001,2,CIN,REG,2001_02_BAL_CIN,BAL,19,30,154,1,0,2,-18,0,0,0,154,9,-3.39331340220053,,0,5,2,1,1,23,67,1,0,0,4,-2.92396390263457,0,2,0,0,0,19,30,154,1,0,0,0,0,9,-0.44403756201029,0,5,2,1,1,0,46,1,29,5,11,3,2,11,3,3,93,12,1,1,0,0,0,0,3,76,0,8,46,4,0,1,0,1,1,2,0,3,90,0,3,3,0,,0.0,0,0,0,0,0,0,0,0,1,2,0,0,,43;39;45,,0,127,0,3,3,0,0,1.0,0,0,0,0,0,7,0,52.0,304,1,0,0,1,1,5,44,0,240
2001,2,CLE,REG,2001_02_DET_CLE,DET,12,20,138,3,2,3,-20,0,0,17,138,7,-7.72386675416411,,0,4,4,2,0,37,139,0,0,0,7,-5.41224412515294,0,5,5,0,0,12,19,138,3,0,0,17,0,7,-2.48396516830411,0,4,4,2,0,0,40,14,14,4,24,1,3,23,3,7,78,13,0,0,0,0,0,0,0,0,0,9,50,3,0,0,0,0,0,2,15,3,61,1,2,1,0,33.0,0.5,0,0,1,0,0,0,0,0,0,1,0,0,33,46,,33,46,0,3,3,0,0,1.0,0,0,0,0,0,6,0,50.0,260,4,0,3,0,0,3,8,0,252
2001,2,DAL,REG,2001_02_SD_DAL,LAC,12,25,193,3,3,1,-5,0,0,65,193,8,-0.45807273653918,,0,7,3,2,1,26,101,0,2,2,5,-6.78863376361551,0,4,3,0,0,12,24,193,3,0,0,65,0,8,2.32511217225692,0,7,3,2,1,0,61,0,6,5,13,2,1,3,1,0,0,7,0,0,0,0,0,-1,1,0,0,3,27,5,0,2,0,2,2,0,0,5,127,0,0,0,0,,,0,0,0,0,0,0,0,0,0,0,0,0,,,,0,0,0,3,3,0,0,1.0,0,0,0,0,0,4,0,52.0,170,3,0,0,0,3,1,-2,0,172
2001,2,DEN,REG,2001_02_DEN_ARI,ARI,22,31,242,3,0,1,-8,0,0,0,242,15,13.8320518334679,,1,12,2,2,0,37,147,1,0,0,9,0.0397387904813513,0,3,2,1,0,22,29,242,3,1,0,0,0,15,18.1454111820744,1,12,2,2,0,0,35,10,10,2,11,2,3,18,3,1,21,3,0,1,0,0,1,0,2,0,0,4,32,4,2,0,1,2,0,2,20,2,53,3,3,0,0,49.0,1.0,0,0,2,1,0,0,0,0,0,0,0,0,49;31;35,,,115,0,0,3,3,0,0,1.0,0,0,0,0,0,4,0,57.0,217,0,0,0,1,0,3,37,0,160
2001,2,DET,REG,2001_02_DET_CLE,CLE,22,42,212,1,7,3,-23,0,0,206,212,10,-12.9723918037489,,0,9,4,2,0,20,82,0,0,0,5,-1.17393341675052,0,2,1,0,0,22,39,212,1,1,0,206,0,10,-6.35590889045852,0,9,4,2,0,0,45,14,14,5,25,0,3,20,3,2,26,3,1,0,0,0,1,0,0,0,0,15,115,5,1,0,0,1,0,3,8,5,128,0,0,0,0,,,0,0,0,0,0,0,0,0,0,0,0,0,,,,0,0,0,2,2,0,0,1.0,0,0,0,0,0,5,0,51.0,218,0,0,0,1,2,2,15,0,183
2001,2,GB,REG,2001_02_WAS_GB,WAS,20,31,236,3,1,1,-10,0,0,17,236,9,5.38883739142981,,0,7,5,4,1,40,160,0,0,0,12,2.1596823115251,0,5,3,0,0,20,31,236,3,1,0,17,0,9,6.67125117491302,0,7,5,4,1,0,30,11,15,4,24,2,5,36,5,1,18,4,0,0,0,0,0,0,2,44,1,3,15,3,1,0,1,1,0,5,39,1,12,3,3,0,0,32.0,1.0,0,1,2,0,0,0,0,0,0,0,0,0,28;32;30,,,90,0,0,4,4,0,0,1.0,0,0,0,0,0,3,0,45.0,117,3,0,1,0,1,1,0,0,117
2001,2,IND,REG,2001_02_BUF_IND,BUF,23,29,421,4,2,1,-3,0,0,23,421,13,16.6669604213859,,0,11,10,9,2,30,137,2,1,0,11,3.26678574690595,0,7,5,1,0,23,29,421,4,1,1,23,0,13,15.5747599062743,0,11,10,9,2,0,35,19,21,2,26,0,4,28,5,1,12,3,0,0,0,0,1,0,0,0,0,8,59,3,2,0,0,2,1,3,16,4,97,0,1,1,0,,0.0,0,0,0,0,0,0,0,0,0,1,0,0,,45,,0,45,0,6,6,0,0,1.0,0,0,0,0,0,0,0,,0,0,0,0,0,0,0,0,0,0
2001,2,KC,REG,2001_02_NYG_KC,NYG,17,34,184,0,1,1,-6,0,0,4,184,6,-10.1027377832844,,0,6,3,2,1,20,88,0,0,0,5,-1.37177532427467,0,1,1,0,0,17,33,184,0,0,0,4,0,6,-7.58894816571145,0,6,3,2,1,0,51,1,3,8,23,0,1,7,1,3,8,6,0,0,0,0,0,0,0,0,0,2,10,4,0,0,0,0,0,2,15,2,42,1,2,1,0,33.0,0.5,0,0,1,0,0,0,0,0,0,1,0,0,33,49,,33,49,0,0,0,0,0,,0,0,0,0,0,6,0,53.0,262,1,0,1,1,0,4,58,0,184
2001,2,MIA,REG,2001_02_OAK_MIA,LV,16,34,217,0,2,1,-2,0,0,29,217,12,-7.18034244204794,,0,9,4,4,0,34,144,2,0,0,7,4.30987654240755,1,2,2,0,0,16,33,217,0,0,0,29,0,12,-4.93530252905951,0,9,4,4,0,0,24,0,40,1,5,1,1,5,1,0,0,4,0,0,0,0,1,0,0,0,0,5,40,6,1,0,0,1,0,4,55,4,59,1,1,0,0,27.0,1.0,0,1,0,0,0,0,0,0,0,0,0,0,27,,,27,0,0,1,1,0,0,1.0,0,0,0,0,0,7,0,55.0,312,1,0,1,3,2,1,23,0,229
2001,2,MIN,REG,2001_02_MIN_CHI,CHI,24,37,233,1,0,3,-18,2,0,0,233,12,-0.582127979636425,,0,10,5,2,0,25,104,0,1,1,5,-6.32228712838638,0,2,0,0,0,24,37,233,1,1,1,0,0,12,2.31623024557484,0,10,5,2,0,0,41,4,4,2,7,0,0,0,0,1,0,4,0,1,0,0,3,-9,0,0,0,6,50,5,4,1,0,5,2,5,37,4,94,1,1,0,0,20.0,1.0,0,1,0,0,0,0,0,0,0,0,0,0,20,,,20,0,0,1,1,0,0,1.0,0,0,0,0,0,6,0,49.0,253,2,0,1,2,1,2,19,0,194
2001,2,NE,REG,2001_02_NYJ_NE,NYJ,23,38,205,0,2,1,-4,0,0,42,205,8,-10.2233408257016,,0,5,2,2,1,26,107,0,2,1,4,-7.38010836287867,0,3,3,0,0,23,37,205,0,1,1,42,0,8,-10.4980186444009,0,5,2,2,1,0,18,30,30,2,10,0,2,10,2,0,0,2,0,0,0,0,1,-15,0,0,0,9,85,4,3,1,1,4,2,4,44,2,50,1,1,0,0,24.0,1.0,0,1,0,0,0,0,0,0,0,0,0,0,24,,,24,0,0,0,0,0,0,,0,0,0,0,0,5,0,57.0,247,3,0,2,0,1,2,4,0,243
2001,2,NYG,REG,2001_02_NYG_KC,KC,20,34,208,0,3,1,-7,0,0,90,208,14,3.18195105562493,,0,10,3,3,0,31,98,1,1,0,6,-8.49955392169068,0,3,1,0,0,20,31,208,0,0,0,90,0,14,9.40907870621108,0,10,3,3,0,0,41,1,5,4,11,0,1,6,1,1,0,7,0,0,0,0,1,-9,0,0,0,2,15,3,0,1,0,1,0,4,58,1,23,2,2,0,0,42.0,1.0,0,0,1,1,0,0,0,0,0,0,0,0,42;34,,,76,0,0,1,1,0,0,1.0,0,0,0,0,0,4,0,53.0,175,1,1,0,1,0,2,15,0,140
2001,2,NYJ,REG,2001_02_NYJ_NE,NE,16,28,137,0,0,2,-10,0,0,0,137,6,-0.0155828240676783,,0,6,2,1,0,27,111,1,0,0,6,-1.49024019956749,0,3,2,0,0,16,25,137,0,0,0,0,0,6,5.21080035518389,0,6,2,1,0,0,19,36,36,3,22,3,1,4,1,2,47,4,0,0,0,0,0,0,2,0,0,6,49,4,0,0,0,0,0,2,4,2,63,1,1,0,0,26.0,1.0,0,1,0,0,0,0,0,0,0,0,0,0,26,,,26,0,0,1,1,0,0,1.0,0,0,0,0,0,9,0,46.0,319,1,1,2,1,1,4,44,0,255
2001,2,OAK,REG,2001_02_OAK_MIA,LV,14,25,125,0,0,1,-5,0,0,0,125,4,,,0,4,3,2,0,26,96,0,1,0,6,,0,2,1,0,0,14,25,125,0,0,0,0,0,4,,0,4,3,2,0,0,35,1,33,4,5,1,1,2,2,2,35,6,0,0,0,0,1,2,0,0,0,3,25,2,1,0,0,1,0,1,23,3,63,3,3,0,0,45.0,1.0,0,1,0,2,0,0,0,0,0,0,0,0,42;25;45,,,112,0,0,0,0,0,0,,0,0,0,0,0,7,0,62.0,345,1,0,0,2,1,4,55,0,250
2001,2,PHI,REG,2001_02_PHI_SEA,SEA,24,37,283,2,0,5,-41,0,0,0,283,10,10.282167972766,,0,8,6,5,1,31,102,1,1,1,6,-5.59410748141818,0,3,2,0,0,24,37,283,2,0,0,0,0,10,14.1732275269475,0,8,6,5,1,0,44,9,9,10,49,1,7,41,7,0,0,5,0,0,0,0,0,0,1,0,0,5,30,1,1,0,0,1,1,7,86,1,19,2,3,1,0,48.0,0.666666666666667,0,1,0,1,0,0,0,0,0,1,0,0,48;21,49,,69,49,0,3,3,0,0,1.0,0,0,0,0,0,5,0,57.0,262,2,0,0,0,0,5,17,0,245
2001,2,SD,REG,2001_02_SD_DAL,DAL,23,38,348,2,0,1,-3,0,0,0,348,17,,,0,14,6,4,1,38,130,1,2,1,7,,0,5,4,0,0,23,37,348,2,0,0,0,0,17,,0,14,6,4,1,0,37,0,0,3,12,0,1,5,1,3,45,4,0,0,0,0,1,-1,2,0,0,3,57,3,2,0,0,2,1,1,-2,3,86,4,5,1,0,43.0,0.8,0,3,0,1,0,0,0,0,0,1,0,0,22;24;23;43,41,,112,41,0,2,2,0,0,1.0,0,0,0,0,0,3,0,47.0,112,1,1,1,0,1,0,0,0,112
2001,2,SEA,REG,2001_02_PHI_SEA,PHI,9,24,62,0,0,7,-41,0,0,0,62,2,-15.5611059046389,,0,2,1,0,0,26,126,0,1,0,5,1.26255764689995,0,3,3,0,0,9,24,62,0,1,1,0,0,2,-9.06747725312398,0,2,1,0,0,0,46,16,18,5,17,1,5,41,6,0,0,6,0,0,0,0,1,-6,1,0,0,7,62,5,1,1,0,2,1,5,17,5,94,1,1,0,0,41.0,1.0,0,0,0,1,0,0,0,0,0,0,0,0,41,,,41,0,0,0,0,0,0,,0,0,0,0,0,10,0,61.0,466,1,2,0,0,1,7,86,0,380
2001,2,SF,REG,2001_02_STL_SF,LA,19,34,121,1,1,1,-5,0,0,9,121,5,-6.2322666401746,,0,4,1,1,0,25,116,2,0,0,8,4.75962409762736,0,5,1,0,0,19,34,121,1,0,0,9,0,5,-4.99916795024223,0,4,1,1,0,0,40,12,12,1,4,2,1,11,0,1,0,7,0,0,0,0,0,0,2,16,0,3,25,6,0,0,0,0,0,1,19,6,156,2,2,0,0,52.0,1.0,0,0,1,0,1,0,0,0,0,0,0,0,52;33,,,85,0,0,2,2,0,0,1.0,0,0,0,0,0,5,0,46.0,180,0,1,0,0,1,3,47,0,133
2001,2,STL,REG,2001_02_STL_SF,SF,24,35,321,3,1,1,-11,1,1,11,321,13,,,1,14,8,5,0,25,115,0,0,0,7,,0,4,4,0,0,24,35,321,3,1,1,11,0,13,,1,14,8,5,0,0,39,12,12,2,11,0,1,5,1,1,30,7,0,0,0,0,0,0,0,0,0,8,92,3,2,0,0,2,2,3,47,3,78,3,3,0,0,44.0,1.0,0,1,0,2,0,0,0,0,0,0,0,0,44;40;25,,,109,0,0,1,1,0,0,1.0,0,0,0,0,0,1,0,52.0,52,0,0,0,0,0,1,19,0,33
2001,2,TEN,REG,2001_02_TEN_JAX,JAX,38,63,450,0,0,7,-63,1,0,0,450,17,-8.06900436815334,,0,20,13,4,1,52,206,1,1,1,9,-3.20828969869763,0,4,3,2,0,38,63,450,0,2,1,0,0,17,-2.24446766613977,0,20,13,4,1,0,102,2,10,12,73,3,7,63,5,0,0,9,1,4,0,0,2,0,2,26,0,9,85,7,3,1,0,4,2,10,121,6,135,4,6,2,0,43.0,0.666666666666667,0,1,2,1,0,0,0,0,1,1,0,0,22;35;43;39,47;37,,139,84,0,1,1,0,0,1.0,0,0,0,0,0,11,0,58.0,522,2,1,0,0,0,10,121,0,401
2001,2,WAS,REG,2001_02_WAS_GB,GB,15,24,102,0,1,5,-36,0,0,10,102,4,-13.3117484764662,,0,4,1,0,0,15,71,0,0,0,4,0.971938901027897,0,2,2,0,0,15,24,102,0,1,1,10,0,4,-11.2166448126081,0,4,1,0,0,0,47,12,20,1,3,1,1,10,2,1,0,2,0,1,0,0,1,0,0,0,0,8,70,2,2,1,0,3,2,1,0,8,184,0,0,0,0,,,0,0,0,0,0,0,0,0,0,0,0,0,,,,0,0,0,0,0,0,0,,0,0,0,0,0,8,0,48.0,295,1,1,0,0,2,5,39,0,256
2001,3,ARI,REG,2001_03_ATL_ARI,ATL,23,35,276,1,3,4,-31,0,0,23,276,11,-3.48432420294345,,0,11,5,3,1,15,90,1,1,1,5,-0.735378579352982,0,4,4,1,0,23,35,276,1,0,0,23,0,11,2.84840417100349,0,11,5,3,1,0,33,23,23,3,13,0,2,18,3,0,0,2,0,0,0,0,0,0,0,0,0,3,30,3,0,1,0,1,1,0,0,4,78,0,1,1,0,,0.0,0,0,0,0,0,0,0,0,0,1,0,0,,49,,0,49,0,2,2,0,0,1.0,0,0,0,0,0,3,0,53.0,131,1,0,0,0,0,3,54,0,77
2001,3,ATL,REG,2001_03_ATL_ARI,ARI,20,28,286,3,0,2,-18,0,0,0,286,12,18.658084321687,,0,10,5,3,1,34,111,1,0,0,9,-1.1686114903423,0,3,2,0,0,20,27,286,3,0,0,0,0,12,23.340026346188,0,10,5,3,1,0,30,11,11,7,41,0,4,31,4,3,42,3,0,2,0,0,2,0,1,0,0,9,98,2,0,2,0,2,0,3,54,1,20,2,2,0,0,55.0,1.0,0,0,1,0,1,0,0,0,0,0,0,0,34;55,,,89,0,0,4,4,0,0,1.0,0,0,0,0,0,4,0,39.0,150,2,1,2,1,0,0,0,0,130
2001,3,BAL,REG,2001_03_BAL_DEN,DEN,17,30,221,2,1,0,0,0,0,0,221,9,3.18988715075714,,0,8,5,4,1,34,112,0,1,0,5,-6.37501172529301,0,4,3,1,0,17,26,221,2,0,0,0,0,9,11.5725084346329,0,8,5,4,1,0,47,2,8,4,27,1,5,24,6,2,1,7,0,0,0,0,1,-1,1,0,0,7,74,3,0,1,0,1,0,2,13,3,55,2,2,0,0,29.0,1.0,0,2,0,0,0,0,0,0,0,0,0,0,29;26,,,55,0,0,2,2,0,0,1.0,0,0,0,0,0,8,0,65.0,387,2,0,1,2,2,3,15,0,332
2001,3,BUF,REG,2001_03_PIT_BUF,PIT,16,27,148,0,1,4,-28,0,0,13,148,10,-7.58047075864054,,0,8,3,2,0,22,52,0,1,1,1,-14.4666941289974,0,1,0,0,0,16,26,148,0,1,0,13,0,10,-1.86066826564387,0,8,3,2,0,0,31,17,25,3,3,0,2,7,3,0,0,1,0,0,0,0,1,0,0,0,0,6,57,2,2,0,0,2,1,1,5,3,63,1,2,1,0,23.0,0.5,0,1,0,0,0,0,0,0,0,1,0,0,23,49,,23,49,0,0,0,0,0,,0,0,0,0,0,6,0,57.0,304,1,0,0,0,0,6,91,0,213
2001,3,CAR,REG,2001_03_GB_CAR,GB,18,30,160,1,1,3,-27,0,0,10,160,8,-2.53918856702512,,0,9,3,1,0,17,36,0,2,0,1,-8.43512965718401,0,1,0,0,0,18,29,160,1,0,0,10,0,8,0.573803253239021,0,9,3,1,0,0,53,7,7,5,17,1,0,0,0,2,11,9,0,0,0,0,2,2,0,0,0,3,35,3,1,3,0,4,2,2,22,6,110,0,0,0,0,,,0,0,0,0,0,0,0,0,0,0,0,0,,,,0,0,0,1,1,0,0,1.0,0,0,0,0,0,7,0,57.0,315,3,1,0,1,2,3,15,0,280
2001,3,CIN,REG,2001_03_CIN_SD,LAC,18,32,135,2,3,2,-9,1,0,45,135,7,-1.21983707620529,,0,3,1,1,0,26,111,0,2,1,7,-8.35778283153195,0,6,2,1,0,18,28,135,2,0,0,45,0,7,5.2037220185739,0,3,1,1,0,0,41,11,11,5,31,0,2,21,2,0,0,2,0,0,0,0,2,-8,0,0,0,7,61,4,2,1,0,3,1,2,11,3,66,0,0,0,0,,,0,0,0,0,0,0,0,0,0,0,0,0,,,,0,0,0,2,2,0,0,1.0,0,0,0,0,0,6,0,44.0,235,1,0,1,0,1,4,24,0,211
2001,3,CLE,REG,2001_03_CLE_JAX,JAX,43,71,419,1,3,5,-32,0,0,32,419,21,4.0281936967908,,0,19,8,3,0,55,193,1,4,2,11,-2.86106200822686,0,3,2,0,0,43,71,419,1,0,0,32,0,21,8.95750703177644,0,19,8,3,0,0,108,2,10,10,31,2,5,32,5,3,32,11,3,2,0,0,2,18,2,40,1,13,110,6,2,2,0,4,2,6,79,9,144,3,4,1,0,35.0,0.75,0,1,2,0,0,0,0,0,0,1,0,0,35;28;30,42,,93,42,0,4,4,0,0,1.0,0,0,0,0,0,11,0,55.0,479,3,2,0,1,2,6,79,0,380
2001,3,DAL,REG,2001_03_DAL_PHI,PHI,11,30,77,2,1,2,-16,1,1,16,77,4,-14.9508720834583,,0,3,1,1,0,30,181,0,2,1,3,-4.37614989167196,0,4,4,2,1,11,30,77,2,0,0,16,0,4,-10.3405171945701,0,3,1,1,0,0,44,0,8,5,36,2,2,17,1,0,0,6,0,1,0,0,0,0,3,0,0,6,50,2,5,0,1,5,4,5,34,6,122,2,2,0,0,43.0,1.0,0,0,0,2,0,0,0,0,0,0,0,0,41;43,,,84,0,0,0,0,0,0,,0,0,0,0,0,6,1,44.0,244,2,0,0,0,2,4,57,0,187
2001,3,DEN,REG,2001_03_BAL_DEN,BAL,17,33,191,1,2,5,-24,0,0,33,191,9,-9.71521500190358,,0,9,4,3,0,24,61,0,0,0,3,-7.57686696853489,0,1,1,0,0,17,33,191,1,1,1,33,0,9,-7.19694707747187,0,9,4,3,0,0,48,4,8,2,2,0,0,0,0,1,17,3,0,0,0,0,0,0,0,0,0,4,52,3,1,0,0,1,1,3,15,5,165,2,2,0,0,49.0,1.0,0,0,0,2,0,0,0,0,0,0,0,0,43;49,,,92,0,0,1,1,0,0,1.0,0,0,0,0,0,6,0,58.0,279,2,2,0,2,0,2,13,0,226
2001,3,GB,REG,2001_03_GB_CAR,CAR,25,39,308,3,2,0,0,0,0,21,308,19,14.4228685455757,,1,19,7,2,0,31,75,0,1,0,3,-4.98148661126692,0,2,1,0,0,25,38,308,3,0,0,21,0,19,18.2042826768603,1,19,7,2,0,0,41,1,7,5,31,1,3,27,3,1,28,5,0,1,0,0,2,-9,2,-2,0,6,45,4,1,1,0,2,0,3,15,1,24,2,3,1,0,46.0,0.666666666666667,0,0,0,2,0,0,0,0,1,0,0,0,42;46,37,,88,37,0,2,2,0,0,1.0,0,0,0,0,0,4,0,46.0,163,1,0,1,0,1,2,22,0,141
2001,3,IND,REG,2001_03_IND_NE,NE,25,43,253,1,3,3,-13,0,0,37,253,15,-14.9306382516078,,0,10,7,3,0,24,82,1,0,0,4,-1.87297630618559,0,1,0,0,0,25,43,253,1,1,1,37,0,15,-16.1015073660673,0,10,7,3,0,0,21,35,35,3,11,0,1,9,1,0,0,2,0,0,0,0,0,0,0,0,0,5,60,3,1,0,0,1,1,2,4,7,123,0,0,0,0,,,0,0,0,0,0,0,0,0,0,0,0,0,,,,0,0,0,1,1,0,0,1.0,0,0,0,0,0,6,0,61.0,275,1,0,0,2,1,3,32,0,203
2001,3,KC,REG,2001_03_KC_WAS,WAS,24,30,347,3,0,1,-1,0,0,0,347,19,25.0891502944462,,0,17,8,6,0,38,200,3,1,0,10,10.2020609551109,0,7,5,2,0,24,30,347,3,0,0,0,0,19,26.014355647046,0,17,8,6,0,0,30,8,8,6,15,0,1,9,1,1,30,4,0,0,0,0,1,0,0,0,0,7,78,1,1,0,0,1,0,3,19,3,68,1,1,0,0,33.0,1.0,0,0,1,0,0,0,0,0,0,0,0,0,33,,,33,0,0,6,6,0,0,1.0,0,0,0,0,0,3,0,40.0,102,2,1,0,0,0,2,-4,0,106
2001,3,MIA,REG,2001_03_MIA_STL,LA,19,27,204,1,2,2,-15,1,1,40,204,9,-2.97431565795841,,0,7,5,2,0,25,64,0,2,1,4,-6.06369962764438,0,1,1,0,0,19,27,204,1,0,0,40,0,9,4.69549422072897,0,7,5,2,0,0,47,7,7,4,17,1,1,10,0,0,0,3,0,0,0,0,1,0,0,0,0,5,30,1,3,0,0,3,2,1,11,6,164,1,1,0,0,26.0,1.0,0,1,0,0,0,0,0,0,0,0,0,0,26,,,26,0,0,1,1,0,0,1.0,0,0,0,0,0,3,0,52.0,123,0,0,0,0,1,2,7,0,116
2001,3,MIN,REG,2001_03_TB_MIN,TB,30,44,322,1,2,1,-10,0,0,4,322,19,10.0992782400392,,0,11,5,4,0,24,90,1,0,0,5,-0.758044163913604,0,1,1,0,0,30,44,322,1,0,0,4,0,19,11.6751641408011,0,11,5,4,0,0,31,11,15,2,2,0,1,1,1,1,2,6,0,0,0,0,0,0,0,0,0,6,36,4,0,0,0,0,0,1,8,2,42,2,2,0,0,29.0,1.0,0,2,0,0,0,0,0,0,0,0,0,0,24;29,,,53,0,0,2,2,0,0,1.0,0,0,0,0,0,1,0,37.0,37,1,0,0,0,0,1,0,0,37
2001,3,NE,REG,2001_03_IND_NE,IND,13,23,168,0,0,1,-9,0,0,0,168,10,8.83972990890815,,0,7,3,2,0,39,177,3,0,0,8,0.109106479160738,0,4,3,1,0,13,23,168,0,0,0,0,0,10,10.4171346054025,0,7,3,2,0,0,30,27,27,7,41,1,3,13,3,3,115,4,2,0,0,0,0,0,1,0,0,7,65,4,0,0,0,0,0,3,32,3,61,3,3,0,0,48.0,1.0,0,0,1,2,0,0,0,0,0,0,0,0,47;48;35,,,130,0,0,5,5,0,0,1.0,0,0,0,0,0,5,0,44.0,175,0,1,1,1,0,2,4,0,151
2001,3,NO,REG,2001_03_NO_NYG,NYG,28,54,291,1,1,4,-35,2,0,32,291,14,-5.28556663144131,,0,12,5,2,1,22,74,0,0,0,3,-0.126782821083907,0,1,1,0,0,28,50,291,1,0,0,32,0,14,3.84572188925946,0,12,5,2,1,0,34,13,13,5,26,2,5,35,4,0,0,3,0,2,0,0,2,0,1,0,0,14,92,6,2,2,2,4,0,4,9,4,115,2,2,0,0,32.0,1.0,0,0,2,0,0,0,0,0,0,0,0,0,32;30,,,62,0,0,1,1,0,0,1.0,0,0,0,0,0,8,0,54.0,312,2,2,1,1,1,3,30,0,262
2001,3,NYG,REG,2001_03_NO_NYG,NO,9,18,135,1,0,5,-35,1,0,0,135,6,0.394417740113568,,0,4,3,3,1,28,153,2,1,1,6,-0.0106509118340909,0,3,3,1,1,9,18,135,1,0,0,0,0,6,7.57116320560454,0,4,3,3,1,0,41,19,21,4,31,2,4,35,3,1,5,8,0,0,0,0,1,0,0,0,0,11,100,1,2,0,0,2,1,3,30,3,48,0,0,0,0,,,0,0,0,0,0,0,0,0,0,0,0,0,,,,0,0,0,3,3,0,0,1.0,0,0,0,0,0,8,0,63.0,372,2,2,2,0,0,4,9,0,363
2001,3,NYJ,REG,2001_03_SF_NYJ,SF,12,25,202,0,0,2,-16,1,0,0,202,9,4.04141347061193,,0,7,5,5,0,23,82,2,0,0,6,0.878453333425568,0,3,1,0,0,12,25,202,0,0,0,0,0,9,6.78384772860262,0,7,5,5,0,0,38,20,20,3,21,1,2,15,2,0,0,0,0,0,0,0,1,0,1,0,0,1,5,3,1,0,0,1,0,0,0,5,118,1,2,0,1,24.0,0.5,0,1,0,0,0,0,0,0,0,0,0,0,24,,50,24,0,50,2,2,0,0,1.0,0,0,0,0,0,4,0,47.0,153,2,1,1,0,1,1,8,0,145
2001,3,OAK,REG,2001_03_SEA_OAK,LV,22,32,251,3,0,1,0,1,1,0,251,11,,,0,10,6,4,0,25,93,1,0,0,5,,0,2,2,0,0,22,32,251,3,1,0,0,0,11,,0,10,6,4,0,0,40,14,16,7,54,2,7,37,8,1,0,5,0,0,0,0,0,0,2,26,1,12,89,4,2,0,1,2,1,3,32,3,44,1,1,0,0,20.0,1.0,0,1,0,0,0,0,0,0,0,0,0,0,20,,,20,0,0,5,5,0,0,1.0,0,0,0,0,0,6,0,64.0,267,1,0,1,2,0,3,52,0,175
2001,3,PHI,REG,2001_03_DAL_PHI,DAL,14,28,162,3,0,2,-17,1,0,0,162,7,2.99736180972049,,0,6,4,2,1,30,131,1,1,1,5,-6.4030210559722,0,2,2,1,1,14,27,162,3,0,0,0,0,7,6.87525885529557,0,6,4,2,1,0,47,0,10,5,24,5,2,16,2,1,14,12,0,1,0,0,2,-17,4,10,1,10,81,1,2,3,0,5,3,4,57,3,69,2,2,0,0,40.0,1.0,1,0,0,1,0,0,0,0,0,0,0,0,40;19,,,59,0,0,4,5,0,1,0.8,0,0,0,0,0,7,0,52.0,284,2,0,2,0,0,5,34,0,250
2001,3,PIT,REG,2001_03_PIT_BUF,BUF,15,22,107,0,0,2,-7,0,0,0,107,5,-4.73087141538069,,0,4,1,0,0,31,170,1,0,0,9,2.56769391495618,0,4,3,3,0,15,22,107,0,0,0,0,0,5,-2.46215009355016,0,4,1,0,0,0,35,8,14,9,36,2,4,28,4,1,62,2,0,1,0,0,1,0,1,63,1,12,125,2,0,1,0,1,0,6,91,1,12,2,3,1,0,52.0,0.666666666666667,0,0,1,0,1,0,0,0,1,0,0,0,30;52,33,,82,33,0,2,2,0,0,1.0,0,0,0,0,0,4,0,51.0,169,1,0,0,2,1,1,5,0,124
2001,3,SD,REG,2001_03_CIN_SD,CIN,12,19,133,1,0,2,-21,0,0,0,133,7,,,0,6,2,1,0,35,133,3,1,0,9,,0,4,3,1,0,12,19,133,1,0,0,0,0,7,,0,6,2,1,0,0,42,7,7,4,31,2,2,9,1,3,10,5,0,0,0,0,1,0,1,1,0,6,65,3,0,1,0,1,0,4,24,2,58,0,1,1,0,,0.0,0,0,0,0,0,0,0,0,1,0,0,0,,38,,0,38,0,4,4,0,0,1.0,0,0,0,0,0,6,0,49.0,241,0,4,0,0,0,2,11,0,230
2001,3,SEA,REG,2001_03_SEA_OAK,LV,25,47,343,1,1,7,-37,0,0,-8,343,15,4.6906876685278,,0,16,6,4,2,16,42,1,1,1,3,-13.5078092793701,0,1,0,0,0,25,46,343,1,0,0,-8,0,15,19.604987264396,0,16,6,4,2,0,41,11,11,3,7,2,1,0,0,0,0,2,0,1,0,0,0,0,1,0,0,5,50,5,2,0,0,2,2,3,52,5,75,0,2,2,0,,0.0,0,0,0,0,0,0,0,0,0,0,2,0,,53;55,,0,108,0,2,2,0,0,1.0,0,0,0,0,0,4,0,56.0,179,1,0,0,0,1,3,32,0,147
2001,3,SF,REG,2001_03_SF_NYJ,NYJ,16,20,141,1,0,2,-15,0,0,0,141,7,8.21283639633795,,0,7,0,0,0,43,233,0,1,0,14,2.81643451159054,0,8,7,2,0,16,20,141,1,1,1,0,0,7,6.68942502476449,0,7,0,0,0,0,24,16,18,1,3,1,2,16,2,0,0,3,0,0,0,0,1,-6,0,0,0,7,48,5,1,1,0,2,1,1,8,3,115,4,4,0,0,49.0,1.0,1,1,1,1,0,0,0,0,0,0,0,0,19;49;35;29,,,132,0,0,1,1,0,0,1.0,0,0,0,0,0,2,0,44.0,78,2,0,0,0,2,0,0,0,78
2001,3,STL,REG,2001_03_MIA_STL,LA,24,31,328,4,0,1,-10,1,0,0,328,17,,,0,14,8,5,1,27,123,2,0,0,7,,0,3,1,1,0,24,31,328,4,0,0,0,0,17,,0,14,8,5,1,0,45,8,8,6,17,3,2,15,1,2,-3,4,0,0,0,0,1,0,2,0,0,9,59,5,1,0,0,1,0,2,7,3,73,0,0,0,0,,,0,0,0,0,0,0,0,0,0,0,0,0,,,,0,0,0,6,6,0,0,1.0,0,0,0,0,0,3,0,48.0,96,0,1,1,0,0,1,11,0,85
2001,3,TB,REG,2001_03_TB_MIN,MIN,20,34,224,0,1,1,-1,0,0,15,224,10,0.226100620954021,,0,8,5,4,0,16,108,1,0,0,8,5.37390266486909,0,6,5,1,0,20,33,224,0,0,0,15,0,10,1.34612207152015,0,8,5,4,0,0,43,10,16,4,14,0,1,10,1,2,14,6,0,0,0,0,0,0,0,0,0,3,25,5,0,0,0,0,0,1,0,5,126,3,3,0,0,49.0,1.0,0,2,0,1,0,0,0,0,0,0,0,0,25;25;49,,,99,0,0,1,1,0,0,1.0,0,0,0,0,0,3,0,50.0,128,1,0,1,1,0,1,8,0,100
2001,3,WAS,REG,2001_03_KC_WAS,KC,11,27,116,1,1,1,-9,0,0,30,116,6,-5.8661046582013,,0,5,2,2,0,20,111,0,0,0,3,-0.291492556279991,0,4,4,1,0,11,26,116,1,0,0,30,0,6,-3.04417136716373,0,5,2,2,0,0,53,8,10,4,5,1,1,1,2,0,0,2,0,0,0,0,0,0,0,0,0,4,25,3,0,0,0,0,0,2,-4,7,164,2,2,0,0,30.0,1.0,0,1,1,0,0,0,0,0,0,0,0,0,30;28,,,58,0,0,1,1,0,0,1.0,0,0,0,0,0,6,0,54.0,245,1,2,1,0,0,3,19,0,226
2001,4,ARI,REG,2001_04_ARI_PHI,PHI,18,32,238,2,1,1,-6,0,0,12,238,10,7.19888314185299,,0,12,5,3,0,28,97,0,1,0,6,-1.15250993578229,0,3,1,0,0,18,29,238,2,1,0,12,0,10,9.75112559599437,0,12,5,3,0,0,42,0,22,2,12,1,2,19,1,1,25,5,0,0,0,0,3,0,1,9,1,5,40,5,2,1,0,3,0,3,24,5,87,0,1,1,0,,0.0,0,0,0,0,0,0,0,0,1,0,0,0,,30,,0,30,0,3,3,0,0,1.0,0,0,0,0,0,6,0,49.0,245,2,0,1,0,3,2,18,0,227
2001,4,ATL,REG,2001_04_CHI_ATL,CHI,19,30,261,0,3,6,-29,2,1,62,261,11,-18.4697000169013,,0,15,5,4,0,25,103,0,0,0,6,-2.96100427326284,0,3,2,0,0,19,30,261,0,1,1,62,0,11,-4.59218593820697,0,15,5,4,0,0,36,9,9,5,21,0,1,9,1,2,7,2,0,0,0,0,1,0,0,0,0,6,55,2,3,0,0,3,2,0,0,4,100,1,2,1,0,44.0,0.5,0,0,0,1,0,0,0,0,0,1,0,0,44,44,,44,44,0,0,0,0,0,,0,0,0,0,0,3,0,42.0,103,1,0,2,0,1,0,0,0,103
2001,4,BAL,REG,2001_04_TEN_BAL,TEN,15,31,259,1,0,1,-6,0,0,0,259,9,3.51842130444663,,0,10,4,3,1,40,207,2,0,0,11,3.03816451181281,0,8,7,0,0,15,29,259,1,0,0,0,0,9,6.20984163511264,0,10,4,3,1,0,34,9,9,6,19,0,3,16,4,2,9,7,0,0,0,0,0,0,0,0,0,5,30,4,0,0,0,0,0,4,28,1,14,2,2,0,0,26.0,1.0,0,2,0,0,0,0,0,0,0,0,0,0,26;25,,,51,0,0,2,2,0,0,1.0,0,0,0,0,0,6,1,51.0,257,1,0,1,4,0,1,2,0,175
2001,4,BUF,REG,2001_04_NYJ_BUF,NYJ,26,45,325,4,2,2,-14,1,1,24,325,13,2.94497536486569,,0,8,5,3,3,32,162,1,2,1,10,1.89160863496363,0,4,4,0,0,26,44,325,4,1,1,24,0,13,5.33278035800294,0,8,5,3,3,0,35,12,16,5,11,2,0,0,0,0,0,7,0,0,0,0,1,0,0,0,0,7,55,5,4,0,0,4,3,2,6,6,113,1,1,0,0,28.0,1.0,0,1,0,0,0,0,0,0,0,0,0,0,28,,,28,0,0,3,3,0,0,1.0,0,0,0,0,0,3,0,56.0,147,1,0,1,0,0,2,6,0,141
2001,4,CAR,REG,2001_04_CAR_SF,SF,29,47,275,1,3,1,0,1,0,50,275,12,-2.38939224497881,,0,13,4,1,0,16,61,0,0,0,2,-1.86761982552707,0,0,0,0,0,29,47,275,1,0,0,50,0,12,-2.79928372835275,0,13,4,1,0,0,33,25,25,2,11,1,1,9,1,1,39,6,1,1,0,0,2,2,0,0,0,8,95,6,2,0,0,2,0,3,13,4,85,0,0,0,0,,,0,0,0,0,0,0,0,0,0,0,0,0,,,,0,0,0,2,2,0,0,1.0,0,0,0,0,0,5,0,61.0,235,1,1,0,2,0,2,9,0,186
2001,4,CHI,REG,2001_04_CHI_ATL,ATL,18,27,230,2,2,1,-9,0,0,18,230,8,3.05757174082519,,0,5,4,3,1,24,79,1,0,0,5,-2.41154655936407,0,2,2,1,0,18,27,230,2,0,0,18,0,8,4.97921516909683,0,5,4,3,1,0,50,4,6,7,32,3,6,29,5,3,68,4,0,0,0,0,0,0,2,90,1,5,67,5,0,0,0,0,0,0,0,2,45,1,2,1,0,42.0,0.5,0,0,0,1,0,0,0,0,0,1,0,0,42,48,,42,48,0,4,4,0,0,1.0,0,0,0,0,0,4,0,55.0,171,2,1,1,2,0,0,0,0,131
2001,4,CIN,REG,2001_04_CIN_PIT,PIT,19,34,164,1,1,2,-15,0,0,31,164,10,-3.99174266395159,,0,9,3,2,0,21,65,0,0,0,4,-2.06485394015908,0,1,0,0,0,19,34,164,1,0,0,31,0,10,-1.03416818862781,0,9,3,2,0,0,36,17,29,3,14,1,2,13,2,0,0,3,0,0,0,0,0,0,2,0,0,6,35,2,0,0,0,0,0,1,8,5,75,0,1,1,0,,0.0,0,0,0,0,0,0,0,0,0,0,1,0,,51,,0,51,0,1,1,0,0,1.0,0,0,0,0,0,7,0,46.0,272,1,0,1,1,2,3,23,0,229
2001,4,CLE,REG,2001_04_SD_CLE,LAC,14,27,203,1,0,4,-22,0,0,0,203,9,2.32954095613619,,0,9,5,4,0,31,97,1,2,1,5,-6.19921669183532,0,5,5,0,0,14,26,203,1,1,0,0,0,9,8.01767345152272,0,9,5,4,0,0,44,5,5,7,25,0,1,6,1,0,0,8,0,0,0,0,2,0,0,0,0,6,40,3,2,1,0,3,1,4,25,4,101,2,3,1,0,31.0,0.666666666666667,0,1,1,0,0,0,0,0,0,1,0,0,31;27,48,,58,48,0,2,2,0,0,1.0,0,0,0,0,0,6,0,49.0,266,0,1,0,0,1,4,19,0,247
2001,4,DAL,REG,2001_04_DAL_OAK,LV,15,27,130,2,0,1,-7,1,0,0,130,6,0.338027535924624,,0,4,2,1,1,30,108,1,0,0,8,-1.13415772299049,0,4,3,0,0,15,26,130,2,0,0,0,0,6,2.02747153011526,0,4,2,1,1,0,42,12,12,2,4,1,1,2,1,0,0,1,0,0,0,0,1,0,2,0,0,4,29,4,1,0,0,1,0,2,70,4,109,0,2,0,2,,0.0,0,0,0,0,0,0,0,0,0,0,0,0,,,34;41,0,0,75,3,3,0,0,1.0,0,0,0,0,0,3,0,45.0,128,1,0,0,0,0,3,25,0,103
2001,4,DEN,REG,2001_04_KC_DEN,KC,11,20,121,1,1,2,-18,0,0,6,121,6,-5.01034799991551,,0,5,3,1,0,39,197,1,0,0,9,3.61986461773299,0,3,3,2,1,11,18,121,1,0,0,6,0,6,-1.73915604344013,0,5,3,1,0,0,49,2,8,5,30,0,4,28,4,4,69,10,0,0,0,0,0,0,0,0,0,8,53,3,0,0,0,0,0,0,0,3,62,2,2,0,0,48.0,1.0,0,1,0,1,0,0,0,0,0,0,0,0,48;24,,,72,0,0,2,2,0,0,1.0,0,0,0,0,0,5,0,58.0,245,2,0,0,0,0,5,49,0,196
2001,4,DET,REG,2001_04_STL_DET,LA,26,34,262,0,2,6,-33,1,1,39,262,9,-21.6608116448624,,0,9,5,5,0,18,105,0,0,0,5,-1.12776770535856,0,3,3,2,0,26,34,262,0,1,0,39,0,9,-9.70015409699408,0,9,5,5,0,0,40,3,7,4,28,1,1,7,1,0,0,1,0,0,0,0,0,0,1,0,0,8,68,2,2,0,1,2,1,0,0,6,128,0,0,0,0,,,0,0,0,0,0,0,0,0,0,0,0,0,,,,0,0,0,0,0,0,0,,0,0,0,0,0,5,0,52.0,191,0,0,2,1,0,2,13,0,158
2001,4,GB,REG,2001_04_GB_TB,TB,20,35,258,1,3,1,-5,0,0,60,258,12,-7.18185916031601,,0,7,6,4,1,22,69,0,0,0,3,-2.8084106752649,0,2,1,0,0,20,34,258,1,0,0,60,0,12,-5.14185714926228,0,7,6,4,1,0,44,8,10,4,24,1,5,30,4,0,0,2,0,0,0,0,0,0,1,0,0,4,26,6,0,0,0,0,0,3,13,0,0,1,1,0,0,35.0,1.0,0,0,1,0,0,0,0,0,0,0,0,0,35,,,35,0,0,1,1,0,0,1.0,0,0,0,0,0,4,0,58.0,182,2,0,2,0,0,2,6,0,176
2001,4,JAC,REG,2001_04_JAX_SEA,JAX,21,39,233,1,0,3,-34,0,0,0,233,14,,,0,13,5,2,0,21,57,0,2,2,3,,0,2,2,0,0,21,38,233,1,1,0,0,0,14,,0,13,5,2,0,0,41,13,15,5,16,1,2,9,2,1,0,1,0,0,0,0,1,0,1,0,0,4,24,3,3,0,0,3,2,3,45,4,79,3,4,1,0,48.0,0.75,0,0,1,2,0,0,0,0,0,0,1,0,32;48;48,52,,128,52,0,0,0,0,0,,0,0,0,0,0,4,0,58.0,178,2,0,2,0,0,2,3,0,175
2001,4,KC,REG,2001_04_KC_DEN,DEN,25,40,283,0,4,4,-28,0,0,85,283,13,-10.6974574143521,,0,13,5,2,0,17,42,0,0,0,2,-4.46356356609166,0,0,0,0,0,25,39,283,0,0,0,85,0,13,-4.07930226833443,0,13,5,2,0,0,42,3,17,4,24,0,2,18,2,1,0,3,0,0,0,0,0,0,0,0,0,2,15,4,0,0,0,0,0,5,49,3,61,2,2,0,0,35.0,1.0,0,1,1,0,0,0,0,0,0,0,0,0,23;35,,,58,0,0,0,0,0,0,,0,0,0,0,0,4,0,52.0,185,1,0,2,1,1,0,0,0,165
2001,4,MIA,REG,2001_04_NE_MIA,NE,11,21,87,1,1,0,0,0,0,5,87,6,-2.75205974198626,,0,5,0,0,0,44,209,1,0,0,13,3.81804421752369,0,5,4,0,0,11,21,87,1,0,0,5,0,6,-2.75205974198626,0,5,0,0,0,0,28,0,26,3,10,1,4,17,4,0,0,2,0,0,0,0,0,0,3,1,1,11,86,3,0,0,0,0,0,3,27,3,67,3,3,0,0,34.0,1.0,1,1,1,0,0,0,0,0,0,0,0,0,19;34;27,,,80,0,0,3,3,0,0,1.0,0,0,0,0,0,4,0,60.0,163,3,0,2,0,0,2,0,0,163
2001,4,MIN,REG,2001_04_MIN_NO,NO,23,34,332,2,1,6,-26,2,1,22,332,12,-0.0486702929483727,,0,14,10,6,1,11,34,0,0,0,3,1.78353542198613,1,0,0,0,0,23,33,332,2,1,1,22,0,12,9.20878079207614,0,14,10,6,1,0,44,15,15,1,3,1,0,0,0,1,-9,7,0,0,0,0,1,0,0,0,0,12,116,5,3,0,0,3,2,0,0,8,178,0,0,0,0,,,0,0,0,0,0,0,0,0,0,0,0,0,,,,0,0,0,1,1,0,0,1.0,0,0,0,0,0,4,0,67.0,190,0,0,0,0,0,4,50,0,140
2001,4,NE,REG,2001_04_NE_MIA,MIA,12,24,86,0,0,4,-17,1,1,0,86,4,-10.5021364240141,,0,4,0,0,0,23,80,1,1,1,5,-4.355728838098,0,0,0,0,0,12,24,86,0,0,0,0,0,4,-6.18283560109558,0,4,0,0,0,0,46,0,24,4,7,0,0,0,0,1,15,5,0,1,0,0,0,-14,0,0,0,3,20,5,1,2,0,3,3,2,0,2,42,1,1,0,0,37.0,1.0,0,0,1,0,0,0,0,0,0,0,0,0,37,,,37,0,0,1,1,0,0,1.0,0,0,0,0,0,5,0,62.0,224,0,1,0,1,0,3,27,0,177
2001,4,NO,REG,2001_04_MIN_NO,MIN,15,30,210,0,1,0,0,0,0,9,210,8,0.117725675462628,,0,6,5,3,1,37,160,1,1,0,9,-2.50133270859802,0,6,4,0,0,15,30,210,0,0,0,9,0,8,0.117725675462628,0,6,5,3,1,0,38,9,9,3,20,3,6,26,4,1,0,4,0,0,0,0,1,0,2,38,1,8,65,2,1,0,0,1,0,4,50,3,89,5,5,0,0,50.0,1.0,0,2,1,1,1,0,0,0,0,0,0,0,50;23;45;29;33,,,180,0,0,1,1,0,0,1.0,0,0,0,0,0,3,0,46.0,124,2,0,2,1,0,0,0,0,104
2001,4,NYG,REG,2001_04_WAS_NYG,WAS,15,29,177,1,2,1,-10,0,0,34,177,12,-3.48683791490124,,0,9,5,3,0,46,142,0,1,1,7,-9.30414397201479,0,3,2,1,0,15,29,177,1,1,0,34,0,12,-0.574914005224977,0,9,5,3,0,0,25,19,19,3,15,2,4,27,4,2,34,9,1,1,0,0,1,0,3,0,0,7,64,2,3,0,0,3,2,3,12,3,43,3,3,0,0,50.0,1.0,0,2,0,0,1,0,0,0,0,0,0,0,50;26;22,,,98,0,0,2,2,0,0,1.0,0,0,0,0,0,4,0,59.0,172,1,0,0,1,1,2,11,0,141
2001,4,NYJ,REG,2001_04_NYJ_BUF,BUF,15,25,173,2,0,0,0,0,0,0,173,12,4.88516487341258,,0,9,4,2,0,32,162,2,1,0,8,5.91754841609509,0,6,5,0,0,15,25,173,2,0,0,0,0,12,4.88516487341258,0,9,4,2,0,0,43,16,20,1,7,4,2,14,1,2,9,8,0,1,0,0,2,0,3,22,2,6,56,3,2,0,0,2,0,2,6,3,67,0,0,0,0,,,0,0,0,0,0,0,0,0,0,0,0,0,,,,0,0,0,6,6,0,0,1.0,0,0,0,0,0,6,0,58.0,197,4,0,3,0,1,2,6,0,191
2001,4,OAK,REG,2001_04_DAL_OAK,DAL,21,28,209,1,0,1,-2,0,0,0,209,14,,,0,7,3,3,0,34,101,3,1,1,7,,0,2,1,0,0,21,28,209,1,0,0,0,0,14,,0,7,3,3,0,0,34,16,16,4,12,1,1,7,0,0,0,3,0,0,0,0,0,-3,0,0,0,8,70,1,1,1,0,2,2,3,25,3,60,0,0,0,0,,,0,0,0,0,0,0,0,0,0,0,0,0,,,,0,0,0,4,4,0,0,1.0,0,0,0,0,0,3,0,50.0,140,0,1,0,0,0,2,70,0,70
2001,4,PHI,REG,2001_04_ARI_PHI,ARI,19,29,280,2,1,2,-19,1,1,23,280,10,-0.859957617095805,,0,9,6,5,2,30,179,0,0,0,9,3.02456465523201,0,5,4,2,0,19,28,280,2,0,0,23,0,10,10.9550828631333,0,9,6,5,2,0,50,0,8,6,13,2,1,6,1,1,14,8,0,0,0,0,1,0,0,0,0,8,58,5,1,1,0,2,1,2,18,2,33,2,2,0,0,42.0,1.0,0,1,0,1,0,0,0,0,0,0,0,0,42;28,,,70,0,0,2,2,0,0,1.0,0,0,0,0,0,5,0,64.0,207,0,0,0,1,1,3,24,0,163
2001,4,PIT,REG,2001_04_CIN_PIT,CIN,15,24,151,0,0,2,-13,0,0,0,151,6,-3.06203748300764,,0,6,4,3,0,40,275,1,3,2,13,-1.45291961164438,0,9,6,3,1,15,24,151,0,1,0,0,0,6,-0.542904799895823,0,6,4,3,0,0,31,12,20,4,21,0,2,15,2,1,26,7,0,0,0,0,2,-1,0,0,0,4,29,3,1,3,0,4,2,3,23,2,51,3,3,0,0,48.0,1.0,0,1,0,2,0,0,0,0,0,0,0,0,26;42;48,,,116,0,0,1,1,0,0,1.0,0,0,0,0,0,2,0,40.0,69,0,0,0,0,1,1,8,0,61
2001,4,SD,REG,2001_04_SD_CLE,CLE,17,37,149,0,0,1,-6,0,0,0,149,9,,,0,5,2,1,0,26,126,1,0,0,6,,0,3,2,1,1,17,36,149,0,0,0,0,0,9,,0,5,2,1,0,0,47,8,8,7,29,2,4,22,4,0,0,1,0,0,0,0,3,-17,1,0,0,6,30,4,0,3,0,3,0,4,19,5,86,3,3,0,0,38.0,1.0,0,2,1,0,0,0,0,0,0,0,0,0,22;21;38,,,81,0,0,1,1,0,0,1.0,0,0,0,0,0,7,0,50.0,285,3,1,1,0,1,4,25,0,260
2001,4,SEA,REG,2001_04_JAX_SEA,JAX,15,23,219,1,1,2,-9,0,0,40,219,11,5.64686743049196,,0,9,7,5,1,36,185,2,0,0,9,4.85814697213937,0,8,3,2,0,15,22,219,1,0,0,40,0,11,10.582728092631,0,9,7,5,1,0,35,16,18,4,20,3,3,34,4,0,0,6,0,0,0,0,0,0,2,12,0,7,60,5,1,0,0,1,1,2,3,5,104,1,2,1,0,25.0,0.5,0,1,0,0,0,0,0,0,0,1,0,0,25,40,,25,40,0,3,3,0,0,1.0,0,0,0,0,0,6,0,48.0,235,1,2,0,1,0,3,45,0,170
2001,4,SF,REG,2001_04_CAR_SF,CAR,17,31,212,2,1,1,-9,0,0,3,212,12,2.94744191239022,,0,9,4,3,0,35,150,1,1,0,8,-2.21659299806925,0,4,4,0,0,17,31,212,2,0,0,3,0,12,5.26782755683541,0,9,4,3,0,0,34,20,20,2,3,2,1,0,0,3,31,14,0,0,0,0,1,9,0,0,0,8,47,3,1,0,0,1,0,2,9,3,75,1,1,0,0,40.0,1.0,0,0,0,1,0,0,0,0,0,0,0,0,40,,,40,0,0,3,3,0,0,1.0,0,0,0,0,0,6,0,44.0,229,1,0,1,1,1,3,13,0,196
2001,4,STL,REG,2001_04_STL_DET,DET,29,37,291,3,0,1,-7,0,0,0,291,16,,,0,13,5,2,0,21,94,1,1,0,7,,0,4,3,0,0,29,36,291,3,2,1,0,0,16,,0,13,5,2,0,0,48,5,9,6,24,2,6,33,5,2,93,4,0,0,0,0,1,-12,1,17,0,3,15,4,1,2,1,3,1,2,13,1,21,0,0,0,0,,,0,0,0,0,0,0,0,0,0,0,0,0,,,,0,0,0,5,5,0,0,1.0,0,0,0,0,0,3,0,50.0,114,0,0,0,0,3,0,0,0,114
2001,4,TB,REG,2001_04_GB_TB,GB,23,29,184,0,0,5,-30,1,1,0,184,9,-4.06319709018352,,0,6,3,1,0,19,99,1,0,0,3,2.19198492425494,0,2,1,1,0,23,28,184,0,0,0,0,0,9,5.04800252475763,0,6,3,1,0,0,36,4,10,2,8,0,1,5,1,3,111,6,1,0,0,0,0,0,0,0,0,7,60,0,1,0,0,1,1,2,6,3,78,0,1,1,0,,0.0,0,0,0,0,0,0,0,0,0,0,1,0,,53,,0,53,0,2,2,0,0,1.0,0,0,0,0,0,6,0,54.0,268,2,0,0,2,1,3,13,0,215
2001,4,TEN,REG,2001_04_TEN_BAL,BAL,17,33,154,0,2,3,-16,0,0,31,154,7,-13.457028925137,,0,8,2,2,0,17,47,0,0,0,2,-6.501661698916,0,0,0,0,0,17,32,154,0,0,0,31,0,7,-7.25716327609014,0,8,2,2,0,1,40,18,20,2,3,0,1,6,2,0,0,8,0,0,0,26,0,0,0,0,0,9,107,4,0,0,0,0,0,1,2,6,136,0,1,1,0,,0.0,0,0,0,0,0,0,0,0,0,1,0,0,,46,,0,46,0,1,1,0,0,1.0,0,0,0,0,0,10,0,55.0,402,2,0,4,1,1,4,28,0,354
2001,4,WAS,REG,2001_04_WAS_NYG,NYG,13,31,151,0,2,4,-27,1,1,23,151,3,-26.4039075907834,,0,4,4,3,1,17,57,0,2,0,4,-2.29746034483567,0,0,0,0,0,13,30,151,0,1,1,23,0,3,-21.7378639029387,0,4,4,3,1,0,48,21,21,5,17,3,1,10,1,2,12,5,0,1,0,0,2,0,2,-3,0,7,53,5,2,3,0,5,3,2,11,6,159,3,3,0,0,55.0,1.0,0,0,1,1,1,0,0,0,0,0,0,0,35;55;41,,,131,0,0,0,0,0,0,,0,0,0,0,0,5,0,56.0,204,2,0,1,0,1,3,12,0,192
2001,5,ARI,REG,2001_05_ARI_CHI,CHI,20,37,216,1,0,1,-10,0,0,0,216,11,4.4276344173419,,0,9,4,4,0,25,82,0,1,1,5,-14.3913009297103,0,1,0,0,0,20,37,216,1,0,0,0,0,11,4.89416069182393,0,9,4,4,0,0,45,6,6,2,6,1,0,0,0,2,7,4,0,0,0,0,0,0,1,0,0,6,50,4,1,0,0,1,1,3,29,3,61,2,2,0,0,47.0,1.0,0,0,0,2,0,0,0,0,0,0,0,0,40;47,,,87,0,0,1,1,0,0,1.0,0,0,0,0,0,6,0,53.0,223,2,1,0,1,1,3,21,0,182
2001,5,ATL,REG,2001_05_SF_ATL,SF,19,36,268,2,1,2,-14,0,0,24,268,12,11.0483208771527,,1,10,4,3,2,24,88,1,0,0,5,-3.09575861808844,0,3,3,2,0,19,36,268,2,0,0,24,0,12,13.9625427876797,1,10,4,3,2,0,51,11,11,2,3,1,1,2,1,0,0,3,0,1,0,0,1,0,2,0,0,4,30,4,1,0,0,1,0,3,36,6,131,3,3,0,0,39.0,1.0,0,1,2,0,0,0,0,0,0,0,0,0,39;24;36,,,99,0,0,2,2,0,0,1.0,0,0,0,0,0,5,0,53.0,216,2,0,0,0,4,1,19,0,197
2001,5,BAL,REG,2001_05_BAL_GB,GB,16,31,208,1,2,1,-9,1,1,36,208,9,-4.07442134213525,,0,8,5,4,1,34,158,2,1,1,11,1.94365399560775,0,6,2,0,0,16,31,208,1,0,0,36,0,9,0.979721046147093,0,8,5,4,1,0,43,7,19,2,7,2,2,6,2,0,0,1,0,0,0,0,0,0,1,0,0,10,85,3,1,1,0,2,2,3,76,4,76,1,1,0,0,28.0,1.0,0,1,0,0,0,0,0,0,0,0,0,0,28,,,28,0,0,2,2,0,0,1.0,0,0,0,0,0,4,0,48.0,165,3,0,1,0,2,1,0,0,165
2001,5,CAR,REG,2001_05_NO_CAR,NO,21,39,196,2,1,1,-12,1,1,10,196,10,-11.1168592671222,,0,6,2,2,1,20,34,0,1,1,1,-13.6820547034731,0,1,1,0,0,21,39,196,2,2,0,10,0,10,-3.49078414982658,0,6,2,2,1,1,61,2,4,3,13,2,2,20,2,1,8,13,0,0,0,0,2,0,2,0,0,4,19,2,3,2,1,5,2,5,102,4,104,2,2,0,0,52.0,1.0,0,0,0,1,1,0,0,0,0,0,0,0,46;52,,,98,0,0,1,1,0,0,1.0,0,0,0,0,0,6,0,52.0,227,3,0,1,0,1,4,13,0,214
2001,5,CHI,REG,2001_05_ARI_CHI,ARI,15,21,116,0,2,0,0,0,0,59,116,5,-1.29617977337298,,0,3,2,1,0,32,137,1,0,0,8,1.12022235775267,0,4,2,0,0,15,21,116,0,0,0,59,0,5,-1.29617977337298,0,3,2,1,0,0,49,4,4,4,16,1,1,10,1,0,0,8,0,0,0,0,1,-9,1,69,1,5,45,4,1,1,0,2,1,3,21,3,53,2,2,0,0,46.0,1.0,0,0,0,2,0,0,0,0,0,0,0,0,46;43,,,89,0,0,2,2,0,0,1.0,0,0,0,0,0,4,0,48.0,179,1,0,1,0,0,3,29,0,150
2001,5,CIN,REG,2001_05_CLE_CIN,CLE,20,38,201,1,0,0,0,0,0,0,201,9,4.94473927135098,,1,9,4,1,0,42,199,1,1,0,11,0.741623890024148,0,8,4,3,0,20,38,201,1,1,0,0,0,9,4.94473927135098,1,9,4,1,0,0,28,0,20,3,23,1,3,23,2,0,0,2,0,0,0,0,1,-2,1,0,0,10,74,6,1,1,1,2,0,3,36,2,36,3,4,1,0,42.0,0.75,0,2,0,1,0,0,0,1,0,0,0,0,27;42;21,22,,90,22,0,1,1,0,0,1.0,0,0,0,0,0,4,0,57.0,157,2,2,0,0,0,2,4,0,153
2001,5,CLE,REG,2001_05_CLE_CIN,CIN,14,28,194,2,0,3,-23,1,0,0,194,10,2.98034579673549,,0,9,5,2,0,19,40,0,1,1,1,-8.72883453732356,0,1,1,0,0,14,28,194,2,0,0,0,0,10,8.17965879902476,0,9,5,2,0,0,54,1,23,6,11,1,0,0,0,0,0,8,0,1,0,0,2,-3,0,0,0,9,92,3,1,2,0,3,1,2,4,4,91,0,0,0,0,,,0,0,0,0,0,0,0,0,0,0,0,0,,,,0,0,0,2,2,0,0,1.0,0,0,0,0,0,8,0,55.0,367,1,0,3,2,0,3,36,0,291
2001,5,DAL,REG,2001_05_WAS_DAL,WAS,15,28,177,0,1,1,-2,0,0,16,177,8,-6.12549076393898,,0,9,6,2,0,45,211,0,0,0,12,1.39823587011507,0,5,5,2,0,15,26,177,0,0,0,16,0,8,-2.95740284900367,0,9,6,2,0,0,34,0,12,3,10,1,2,9,2,0,0,2,0,0,0,0,0,0,1,0,0,3,22,4,0,0,0,0,0,2,26,2,32,3,5,2,0,39.0,0.6,0,2,1,0,0,0,0,0,0,1,1,0,28;39;26,41;52,,93,93,0,0,0,0,0,,1,1,0,0,26,4,0,45.0,145,2,0,1,1,1,1,2,0,123
2001,5,DEN,REG,2001_05_DEN_SEA,SEA,24,36,209,2,3,3,-20,1,0,39,209,13,-5.47575362498174,,0,7,4,2,0,20,92,0,0,0,2,2.4567937986576,0,2,2,1,0,24,36,209,2,0,0,39,0,13,-1.16236685292097,0,7,4,2,0,1,39,18,18,5,22,1,2,17,2,0,0,2,0,0,0,0,1,0,1,0,0,12,148,5,1,0,0,1,0,2,92,6,136,0,0,0,0,,,0,0,0,0,0,0,0,0,0,0,0,0,,,,0,0,0,3,3,0,0,1.0,0,0,0,0,0,4,1,50.0,182,1,0,0,0,1,3,50,0,132
2001,5,DET,REG,2001_05_DET_MIN,MIN,31,41,345,3,0,4,-17,0,0,0,345,18,13.1986858712892,,0,16,7,5,0,20,129,0,1,1,7,-1.77337837546172,0,5,5,2,0,31,39,345,3,0,0,0,0,18,19.179390572019,0,16,7,5,0,0,37,9,21,8,45,0,6,46,7,1,0,1,0,0,0,0,0,0,0,0,0,8,90,6,0,1,0,1,1,2,45,5,94,2,3,1,0,51.0,0.666666666666667,1,0,0,0,1,0,0,0,0,0,0,1,19;51,65,,70,65,0,2,2,0,0,1.0,0,0,0,0,0,2,0,45.0,82,0,0,0,1,0,1,16,0,46
2001,5,GB,REG,2001_05_BAL_GB,BAL,27,34,337,3,0,2,-6,1,0,0,337,15,16.8384835464708,,0,13,5,4,2,24,60,1,1,1,5,-7.31494177365676,0,1,1,0,0,27,34,337,3,0,0,0,0,15,20.2893304546192,0,13,5,4,2,0,36,19,19,0,0,1,1,9,0,2,6,6,0,0,0,0,0,0,2,0,0,6,29,3,2,0,1,2,1,1,0,3,31,1,2,1,0,33.0,0.5,0,0,1,0,0,0,0,0,0,1,0,0,33,47,,33,47,0,4,4,0,0,1.0,0,0,0,0,0,4,0,55.0,157,0,1,0,0,0,3,76,0,81
2001,5,IND,REG,2001_05_OAK_IND,LV,26,41,241,2,2,1,-7,0,0,11,241,16,-4.79331889509868,,0,11,4,3,0,27,118,0,0,0,6,-2.59577259870991,0,3,3,0,0,26,41,241,2,0,0,11,0,16,-3.41803230770111,0,11,4,3,0,0,39,15,15,5,30,0,3,27,3,0,0,5,0,0,0,0,0,0,1,0,0,7,38,5,0,0,0,0,0,2,25,3,74,2,2,0,0,47.0,1.0,0,0,1,1,0,0,0,0,0,0,0,0,47;34,,,81,0,0,0,1,1,0,0.0,0,0,0,0,0,6,0,59.0,268,2,0,0,2,2,2,14,0,214
2001,5,KC,REG,2001_05_PIT_KC,PIT,16,33,127,0,1,4,-21,0,0,8,127,7,-18.8631054100841,,1,6,1,1,0,24,165,2,0,0,11,11.906022222247,0,6,5,3,0,16,32,127,0,0,0,8,0,7,-4.13395879133884,1,6,1,1,0,0,45,9,9,5,21,1,3,28,4,0,0,2,0,0,1,0,0,0,0,0,0,2,10,6,0,0,0,0,0,3,32,4,97,0,0,0,0,,,0,0,0,0,0,0,0,0,0,0,0,0,,,,0,0,0,1,1,0,0,1.0,0,0,0,0,0,7,0,55.0,294,5,1,0,0,2,4,25,0,269
2001,5,MIA,REG,2001_05_MIA_NYJ,NYJ,24,35,241,1,2,2,-8,0,0,41,241,12,7.51201275291925,,0,10,5,3,0,29,115,1,2,2,6,-5.37906234280672,0,2,2,2,0,24,34,241,1,0,0,41,0,12,7.87550677363134,0,10,5,3,0,0,26,16,16,2,10,1,3,28,3,0,0,4,0,0,0,0,0,0,0,0,0,6,72,4,2,0,0,2,2,2,23,3,84,1,1,0,0,26.0,1.0,0,1,0,0,0,0,0,0,0,0,0,0,26,,,26,0,0,2,2,0,0,1.0,0,0,0,0,0,3,0,45.0,120,2,0,1,0,1,1,7,0,113
2001,5,MIN,REG,2001_05_DET_MIN,DET,20,27,244,1,1,6,-46,0,0,43,244,12,3.81205312972527,,0,10,7,1,1,27,145,3,1,0,8,7.99144207203062,0,4,4,3,0,20,27,244,1,0,0,43,0,12,12.0263749678932,0,10,7,1,1,0,48,5,15,4,16,0,4,17,5,0,0,2,0,0,0,38,1,-1,1,0,0,8,70,2,0,1,0,1,0,1,16,4,113,1,1,0,0,41.0,1.0,0,0,0,1,0,0,0,0,0,0,0,0,41,,,41,0,0,4,4,0,0,1.0,0,0,0,0,0,3,0,47.0,127,0,0,0,1,0,2,45,0,62
2001,5,NE,REG,2001_05_SD_NE,LAC,33,54,364,2,0,3,-19,1,0,0,364,20,9.40496334756957,,0,15,8,5,0,24,29,1,2,1,6,-8.88963123166914,0,0,0,0,0,33,54,364,2,0,0,0,0,20,12.9659538231534,0,15,8,5,0,0,24,30,30,2,15,1,1,12,1,0,0,2,0,0,0,0,2,-1,1,9,0,7,51,5,2,1,0,3,1,1,40,6,117,3,4,1,0,44.0,0.75,0,2,0,1,0,0,0,0,0,1,0,0,26;23;44,44,,93,44,0,2,3,0,1,0.666666666666667,1,1,0,0,44,4,0,49.0,155,0,2,1,0,0,1,26,0,129
2001,5,NO,REG,2001_05_NO_CAR,CAR,14,40,180,2,1,2,-20,0,0,5,180,9,-3.91312110577822,,0,10,5,3,0,39,198,1,1,0,11,7.78248375945259,0,5,4,1,1,14,36,180,2,1,1,5,0,9,-3.31951910652921,0,10,5,3,0,0,43,2,8,2,6,3,1,12,0,1,3,7,0,3,0,0,2,-4,2,12,0,6,55,3,2,3,1,5,2,4,13,6,126,2,2,0,0,39.0,1.0,0,0,2,0,0,0,0,0,0,0,0,0,30;39,,,69,0,0,3,3,0,0,1.0,0,0,0,0,0,8,0,57.0,348,2,1,0,1,1,5,102,1,226
2001,5,NYG,REG,2001_05_NYG_STL,LA,17,32,242,1,2,3,-15,0,0,33,242,11,-4.34219332539942,,0,10,6,4,1,24,97,1,0,0,5,-3.43349350057542,0,3,2,0,0,17,32,242,1,0,0,33,0,11,-0.364605012000538,0,10,6,4,1,0,54,3,3,8,36,3,6,42,5,1,5,8,0,0,0,0,0,0,3,0,0,12,125,5,0,0,0,0,0,3,19,3,44,0,1,1,0,,0.0,0,0,0,0,0,0,0,0,0,0,1,0,,51,,0,51,0,2,2,0,0,1.0,0,0,0,0,0,8,0,59.0,319,1,2,0,1,1,4,43,0,256
2001,5,NYJ,REG,2001_05_MIA_NYJ,MIA,15,22,168,2,0,3,-28,1,0,0,168,10,4.90990204469051,,0,8,3,2,0,25,128,1,0,0,5,2.51997268281411,0,3,2,2,0,15,22,168,2,0,0,0,0,10,9.84140665608209,0,8,3,2,0,0,24,33,33,3,5,2,2,8,3,2,0,6,0,0,0,0,1,0,2,0,0,3,30,0,1,0,0,1,0,1,7,2,48,0,1,1,0,,0.0,0,0,0,0,0,0,0,0,0,1,0,0,,43,,0,43,0,3,3,0,0,1.0,0,0,0,0,0,5,0,46.0,193,1,1,1,0,1,2,23,0,170
2001,5,OAK,REG,2001_05_OAK_IND,LV,18,32,243,0,0,3,-27,0,0,0,243,13,,,0,10,5,5,0,30,101,1,1,1,5,,0,3,1,0,0,18,32,243,0,0,0,0,0,13,,0,10,5,5,0,0,44,13,13,3,10,0,1,7,1,2,39,5,0,0,0,0,0,-5,0,0,0,10,61,4,0,1,0,1,1,2,14,5,110,3,4,1,0,42.0,0.75,0,0,2,1,0,0,0,0,0,0,1,0,39;42;37,59,,118,59,0,2,2,0,0,1.0,0,0,0,0,0,5,0,59.0,262,2,1,1,1,0,2,25,0,217
2001,5,PIT,REG,2001_05_PIT_KC,KC,15,25,141,1,0,3,-28,0,0,0,141,8,-0.133909543495033,,0,8,2,1,0,35,203,0,0,0,8,3.69131532787182,0,7,4,1,0,15,24,141,1,0,0,0,0,8,5.52847526084318,0,8,2,1,0,0,45,3,5,6,33,0,4,21,4,1,61,8,1,1,0,0,1,0,0,0,0,8,67,1,1,0,0,1,0,4,25,2,32,2,2,0,0,55.0,1.0,0,0,0,1,1,0,0,0,0,0,0,0,42;55,,,97,0,0,2,2,0,0,1.0,0,0,0,0,0,5,1,60.0,221,0,1,1,0,0,3,32,0,189
2001,5,SD,REG,2001_05_SD_NE,NE,20,32,270,1,0,1,-12,0,0,0,270,11,,,0,10,7,3,1,28,85,1,1,0,6,,0,1,1,0,0,20,32,270,1,1,1,0,0,11,,0,10,7,3,1,0,31,30,30,3,13,2,3,19,2,0,0,3,0,0,0,0,1,-2,1,6,1,11,93,6,1,1,0,2,1,1,26,7,214,2,4,2,0,27.0,0.5,0,2,0,0,0,0,0,0,1,0,1,0,21;27,36;59,,48,95,0,2,2,0,0,1.0,0,0,0,0,0,4,0,52.0,172,2,1,1,0,1,1,40,0,132
2001,5,SEA,REG,2001_05_DEN_SEA,DEN,12,18,110,0,0,2,-17,0,0,0,110,6,0.430326070525358,,0,5,2,1,0,40,161,2,1,1,11,1.11034378275508,0,3,1,1,1,12,17,110,0,0,0,0,0,6,4.70777712299038,0,5,2,1,0,1,37,17,17,4,21,1,3,20,2,3,62,5,1,0,0,9,0,0,0,0,0,8,84,2,1,0,0,1,1,3,50,3,42,2,2,0,0,44.0,1.0,0,1,0,1,0,0,0,0,0,0,0,0,44;23,,,67,0,0,4,4,0,0,1.0,0,0,0,0,0,3,0,47.0,133,0,0,1,0,0,2,92,1,41
2001,5,SF,REG,2001_05_SF_ATL,ATL,27,41,332,3,0,1,-2,0,0,0,332,16,21.673473070492,,0,13,7,3,1,35,187,2,3,1,10,3.36440203853099,0,5,4,3,0,27,40,332,3,1,1,0,0,16,19.0072152753128,0,13,7,3,1,0,43,8,8,5,18,1,2,14,2,1,14,2,0,0,0,0,2,-4,0,0,0,8,70,2,1,3,0,4,2,1,19,7,134,1,1,0,0,27.0,1.0,0,1,0,0,0,0,0,0,0,0,0,0,27,,,27,0,0,4,4,0,0,1.0,0,0,0,0,0,4,0,54.0,197,2,0,1,0,0,3,36,0,161
2001,5,STL,REG,2001_05_NYG_STL,NYG,28,46,316,0,1,6,-42,1,1,37,316,14,,,0,15,10,4,0,16,41,1,2,2,1,,0,0,0,0,0,28,46,316,0,0,0,37,0,14,,0,15,10,4,0,0,41,10,10,6,19,0,3,15,3,2,19,4,0,0,0,0,0,0,0,0,0,12,89,5,3,0,0,3,3,4,43,3,56,3,3,0,0,33.0,1.0,0,2,1,0,0,0,0,0,0,0,0,0,28;33;25,,,86,0,0,0,0,0,0,,0,0,0,0,0,5,0,55.0,227,1,0,1,1,0,3,19,0,188
2001,5,TB,REG,2001_05_TB_TEN,TEN,24,50,287,3,1,1,-5,0,0,18,287,14,9.93404621671652,,0,13,7,5,0,17,24,1,0,0,3,-4.64551166875754,0,0,0,0,0,24,48,287,3,0,0,18,0,14,12.5411788312485,0,13,7,5,0,0,43,18,26,7,26,0,2,16,2,1,10,2,0,0,0,0,0,0,0,0,0,8,53,5,0,0,0,0,0,1,4,3,82,0,0,0,0,,,0,0,0,0,0,0,0,0,0,0,0,0,,,,0,0,0,4,4,0,0,1.0,0,0,0,0,0,6,0,45.0,211,1,0,1,0,1,4,49,0,162
2001,5,TEN,REG,2001_05_TB_TEN,TB,18,26,239,1,1,2,-16,0,0,6,239,10,12.3275925271031,,1,10,7,3,0,41,142,2,0,0,10,-1.96784247736616,0,4,3,2,0,18,26,239,1,0,0,6,0,10,13.8814234892656,1,10,7,3,0,0,32,7,9,5,15,0,1,5,1,1,0,8,0,0,0,0,0,0,0,0,0,12,117,4,0,0,0,0,0,4,49,4,79,3,4,1,0,49.0,0.75,0,0,0,3,0,0,0,0,0,1,0,0,44;45;49,47,,138,47,0,2,2,0,0,1.0,1,1,0,0,49,3,0,56.0,155,2,0,2,0,0,1,4,0,151
2001,5,WAS,REG,2001_05_WAS_DAL,DAL,10,18,132,1,0,2,-9,0,0,0,132,6,0.255621771713343,,0,6,3,2,0,26,103,0,2,1,4,-3.89696844870923,0,2,2,0,0,10,18,132,1,0,0,0,0,6,2.78466146349776,0,6,3,2,0,0,59,0,6,4,9,0,1,2,1,1,36,4,0,0,0,0,1,0,0,0,0,7,60,6,1,1,0,2,1,1,2,3,35,0,1,1,0,,0.0,0,0,0,0,0,0,0,0,0,1,0,0,,44,,0,44,0,1,1,0,0,1.0,0,0,0,0,0,7,0,56.0,279,4,1,1,0,3,2,26,0,253
2001,6,ARI,REG,2001_06_KC_ARI,KC,16,25,228,1,0,0,0,0,0,0,228,9,14.4128269507284,,0,9,6,4,1,37,135,2,0,0,8,0.146889908181038,0,5,4,1,0,16,25,228,1,1,1,0,0,9,8.89831109980255,0,9,6,4,1,0,30,14,14,2,19,0,1,12,1,2,22,7,0,0,0,0,0,0,0,0,0,6,50,5,2,0,0,2,2,3,14,3,90,1,1,0,0,29.0,1.0,0,1,0,0,0,0,0,0,0,0,0,0,29,,,29,0,0,3,3,0,0,1.0,0,0,0,0,0,5,0,54.0,222,1,0,1,0,1,3,26,0,196
2001,6,ATL,REG,2001_06_ATL_NO,NO,15,21,185,2,1,2,-12,0,0,7,185,8,2.25757527914961,,0,7,4,2,1,30,124,0,1,1,4,-5.94879502465136,0,4,3,2,0,15,21,185,2,0,0,7,0,8,5.51093689998379,0,7,4,2,1,0,44,16,16,7,45,1,5,36,4,1,7,8,0,0,0,0,0,0,0,0,0,5,34,4,0,1,0,1,1,3,19,3,71,2,2,0,0,38.0,1.0,0,0,2,0,0,0,0,0,0,0,0,0,31;38,,,69,0,0,2,2,0,0,1.0,0,0,0,0,0,4,0,42.0,142,0,0,0,0,2,1,0,0,142
2001,6,BAL,REG,2001_06_BAL_CLE,CLE,27,45,262,1,2,7,-54,1,1,23,262,13,-11.3487886569566,,1,9,6,3,0,27,113,0,1,0,6,-2.97871023451985,0,3,3,0,0,27,41,262,1,0,0,23,0,13,5.0447051976006,1,9,6,3,0,0,35,9,9,6,26,0,2,18,2,0,0,2,0,0,0,0,1,0,0,0,0,6,49,6,2,0,0,2,1,3,59,5,101,2,2,0,0,38.0,1.0,0,1,1,0,0,0,0,0,0,0,0,0,21;38,,,59,0,0,0,0,0,0,,0,0,0,0,0,5,0,55.0,221,2,0,0,1,2,2,4,0,197
2001,6,BUF,REG,2001_06_BUF_JAX,JAX,39,56,388,2,2,6,-37,0,0,35,388,19,8.33129599805269,,0,16,6,5,0,56,213,0,1,0,11,-3.77049509785097,0,5,5,2,0,39,55,388,2,0,0,35,0,19,14.8866698951658,0,16,6,5,0,0,98,0,12,16,77,0,6,37,6,2,0,8,2,2,0,0,2,-34,0,0,0,8,66,5,0,2,0,2,0,2,2,7,111,3,5,2,0,46.0,0.6,0,0,1,2,0,0,0,0,1,1,0,0,30;41;46,41;39,,117,80,0,2,2,0,0,1.0,0,0,0,0,0,9,0,64.0,373,3,2,0,2,3,2,2,0,331
2001,6,CAR,REG,2001_06_CAR_WAS,WAS,24,35,226,1,4,1,-8,0,0,12,226,11,-13.6728237401694,,0,10,4,2,0,25,124,1,0,0,7,2.2510336303676,0,5,3,1,0,24,31,226,1,0,0,12,0,11,-0.957227054750547,0,10,4,2,0,0,36,14,14,1,1,1,1,1,1,1,0,7,0,0,0,0,0,0,1,0,0,7,51,7,0,0,0,0,0,3,46,2,27,0,0,0,0,,,0,0,0,0,0,0,0,0,0,0,0,0,,,,0,0,0,2,2,0,0,1.0,0,0,0,0,0,6,0,72.0,335,4,0,2,1,1,2,10,0,305
2001,6,CHI,REG,2001_06_CHI_CIN,CIN,23,30,232,2,0,0,0,0,0,0,232,11,11.7837719312148,,0,10,4,4,1,32,203,1,1,0,9,8.18638417741749,0,4,4,3,1,23,30,232,2,1,1,0,0,11,7.2986969554541,0,10,4,4,1,0,44,1,11,7,31,1,2,15,1,1,43,10,0,0,0,0,1,-1,0,0,0,2,25,3,0,2,0,2,1,6,51,1,25,1,2,1,0,48.0,0.5,0,0,0,1,0,0,0,0,0,1,0,0,48,43,,48,43,0,3,3,0,0,1.0,0,0,0,0,0,3,0,53.0,145,1,0,1,1,0,1,9,0,116
2001,6,CIN,REG,2001_06_CHI_CIN,CHI,19,46,244,0,1,2,-15,1,0,9,244,13,-4.12295810061029,,0,11,6,2,0,21,35,0,0,0,3,-6.47110740136122,0,1,0,0,0,19,46,244,0,0,0,9,0,13,-2.07434788047091,0,11,6,2,0,0,48,1,15,3,5,0,0,0,0,0,0,3,0,0,0,0,1,0,1,-1,0,2,20,2,1,0,0,1,0,1,9,5,97,0,1,1,0,,0.0,0,0,0,0,0,0,0,0,1,0,0,0,,39,,0,39,0,0,0,0,0,,0,0,0,0,0,7,0,47.0,287,2,0,1,0,0,6,51,0,236
2001,6,CLE,REG,2001_06_BAL_CLE,BAL,11,18,149,2,0,2,-18,0,0,0,149,6,3.88477458791995,,0,6,3,3,0,29,88,1,0,0,3,-6.79083164452459,0,4,2,1,0,11,17,149,2,0,0,0,0,6,7.69841211393941,0,6,3,3,0,0,51,16,16,7,41,2,7,54,6,2,22,14,0,0,0,0,0,0,1,0,0,12,78,3,0,0,0,0,0,2,4,3,74,1,1,0,0,33.0,1.0,0,0,1,0,0,0,0,0,0,0,0,0,33,,,33,0,0,3,3,0,0,1.0,0,0,0,0,0,8,0,69.0,375,1,3,0,1,1,3,59,0,296
2001,6,DEN,REG,2001_06_DEN_SD,LAC,26,41,212,1,2,4,-30,0,0,41,212,10,-3.8342579627214,,0,9,1,0,0,21,81,0,1,1,8,-3.36419975294848,0,1,1,1,0,26,39,212,1,0,0,41,0,10,4.86766769112646,0,9,1,0,0,0,49,11,11,7,17,2,3,8,2,1,0,3,0,0,0,0,0,0,1,0,0,8,61,6,1,0,0,1,1,2,14,6,182,1,2,1,0,45.0,0.5,0,0,0,1,0,0,0,0,0,1,0,0,45,42,,45,42,0,1,1,0,0,1.0,0,0,0,0,0,6,0,59.0,270,2,1,1,0,0,4,47,0,223
2001,6,DET,REG,2001_06_TEN_DET,TEN,25,42,338,3,1,4,-16,0,0,9,338,15,3.51787308396442,,0,14,7,5,1,19,41,0,0,0,1,-10.6501204557135,0,0,0,0,0,25,40,338,3,0,0,9,0,15,11.9272243125261,0,14,7,5,1,0,38,3,35,5,15,1,1,10,1,2,7,7,0,0,0,0,1,-27,0,0,0,8,77,3,0,2,0,2,1,2,11,5,172,1,2,0,1,23.0,0.5,0,1,0,0,0,0,0,0,0,0,0,0,23,,40,23,0,40,3,3,0,0,1.0,0,0,0,0,0,5,0,45.0,209,3,0,0,0,2,3,1,0,208
2001,6,GB,REG,2001_06_GB_MIN,MIN,21,35,169,2,1,1,-9,0,0,10,169,9,-2.97660553878116,,0,6,1,1,0,15,74,0,0,0,1,-8.7322845584229,0,1,1,1,1,21,34,169,2,0,0,10,0,9,-0.146283117159624,0,6,1,1,0,0,52,5,5,2,6,3,2,7,1,0,0,2,0,0,0,0,2,-18,2,0,0,5,48,3,0,2,0,2,0,1,-1,6,111,0,2,2,0,,0.0,0,0,0,0,0,0,0,0,0,1,1,0,,51;42,,0,93,0,1,1,0,0,1.0,0,0,0,0,0,5,0,48.0,226,1,0,0,1,1,3,6,0,200
2001,6,IND,REG,2001_06_NE_IND,NE,22,34,335,1,0,4,-30,1,1,0,335,14,2.10153584163289,,1,11,8,4,1,34,179,0,2,1,13,-0.154745249834377,0,5,3,2,0,22,34,335,1,0,0,0,0,14,12.1907882306567,1,11,8,4,1,0,39,11,11,4,8,0,0,0,0,0,0,0,0,0,0,0,1,-1,0,0,0,4,53,3,2,1,0,3,2,1,2,6,123,3,5,0,2,42.0,0.6,0,1,0,2,0,0,0,0,0,0,0,0,42;42;24,,46;25,108,0,71,0,0,0,0,,0,0,0,0,0,2,0,52.0,86,1,0,0,0,1,1,9,0,77
2001,6,KC,REG,2001_06_KC_ARI,ARI,21,44,352,1,2,1,-12,0,0,22,352,13,-2.08229230940455,,0,14,10,7,2,20,119,0,1,0,5,1.35223688587075,0,4,3,2,1,21,41,352,1,0,0,22,0,13,0.594036956434138,0,14,10,7,2,0,36,18,18,3,8,2,0,0,0,0,0,2,0,0,0,0,1,-2,2,-4,0,10,107,4,0,1,0,1,0,3,26,2,33,3,3,0,0,49.0,1.0,0,1,1,1,0,0,0,0,0,0,0,0,49;29;33,,,111,0,0,1,1,0,0,1.0,0,0,0,0,0,5,0,51.0,214,3,0,2,0,0,3,14,0,200
2001,6,MIN,REG,2001_06_GB_MIN,GB,18,27,184,1,0,2,-7,1,1,0,184,11,6.19621665206808,,1,7,2,1,1,36,200,2,2,0,11,1.78804839673077,0,8,5,1,0,18,27,184,1,0,0,0,0,11,11.5833151572298,1,7,2,1,1,0,39,3,3,5,38,0,1,9,1,1,27,2,1,1,0,0,3,-3,0,0,0,7,54,3,3,2,0,5,2,3,6,3,26,2,2,0,0,42.0,1.0,0,0,1,1,0,0,0,0,0,0,0,0,42;36,,,78,0,0,3,3,0,0,1.0,0,0,0,0,0,3,0,49.0,130,0,0,0,1,1,1,-1,0,111
2001,6,NE,REG,2001_06_NE_IND,IND,17,21,262,4,0,0,0,0,0,0,262,12,19.7847350800457,,0,7,2,2,2,30,123,1,0,0,6,-1.86124490498332,0,4,3,1,0,17,21,262,4,0,0,0,0,12,19.7847350800457,0,7,2,2,2,0,48,18,18,5,25,2,4,30,3,0,0,3,0,0,0,35,0,0,2,0,0,4,35,3,0,0,0,0,0,1,9,5,107,1,1,0,0,43.0,1.0,0,0,0,1,0,0,0,0,0,0,0,0,43,,,43,0,0,5,5,0,0,1.0,0,0,0,0,0,3,0,41.0,109,1,0,0,0,2,1,2,0,107
2001,6,NO,REG,2001_06_ATL_NO,ATL,23,39,249,1,1,5,-36,1,0,12,249,11,-8.14677477964414,,0,9,8,4,0,24,63,0,0,0,4,-7.03408089536507,0,2,2,0,0,23,37,249,1,0,0,12,0,11,-1.47939995186152,0,9,8,4,0,0,32,17,17,4,16,0,2,12,2,1,0,4,0,0,0,0,1,0,1,0,0,3,25,5,1,0,0,1,0,1,0,5,129,2,3,0,1,31.0,0.666666666666667,0,1,1,0,0,0,0,0,0,0,0,0,23;31,,48,54,0,48,1,1,0,0,1.0,0,0,0,0,0,6,0,49.0,242,2,0,2,0,1,3,19,0,223
2001,6,NYG,REG,2001_06_PHI_NYG,PHI,21,33,162,0,0,3,-20,1,1,0,162,8,-8.7548051071372,,0,5,3,1,0,31,96,0,1,0,7,-3.81297489249846,0,2,1,0,0,21,32,162,0,0,0,0,0,8,-1.94784253911536,0,5,3,1,0,0,32,14,14,7,36,0,4,30,4,1,20,5,0,0,0,0,1,-7,0,0,0,3,31,5,1,1,0,2,1,3,30,3,59,3,4,1,0,24.0,0.75,0,3,0,0,0,0,0,0,0,1,0,0,24;21;24,49,,69,49,0,0,0,0,0,,0,0,0,0,0,6,0,60.0,256,1,2,1,0,0,3,48,0,208
2001,6,NYJ,REG,2001_06_STL_NYJ,LA,18,27,142,2,1,1,-8,0,0,21,142,9,-4.37402367347386,,0,5,2,1,0,24,132,0,0,0,4,-0.105997805367224,0,6,2,0,0,18,26,142,2,0,0,21,0,9,3.84348750405479,0,5,2,1,0,0,38,15,17,4,14,2,4,11,5,0,0,4,0,0,0,0,1,-3,2,2,0,10,66,1,0,1,0,1,0,0,0,4,131,0,0,0,0,,,0,0,0,0,0,0,0,0,0,0,0,0,,,,0,0,0,2,2,0,0,1.0,0,0,0,0,0,6,0,53.0,272,1,0,0,1,2,3,32,0,220
2001,6,PHI,REG,2001_06_PHI_NYG,NYG,15,26,154,1,1,4,-30,0,0,35,154,6,-6.41770618642067,,0,6,4,2,0,20,91,0,0,0,5,-1.75558308692281,0,2,2,1,0,15,26,154,1,0,0,35,0,6,-0.952768478662165,0,6,4,2,0,0,45,17,17,7,30,1,3,20,2,0,0,2,0,0,0,0,0,0,1,0,0,7,35,6,0,0,0,0,0,3,48,4,84,1,2,1,0,25.0,0.5,0,1,0,0,0,0,0,0,0,1,0,0,25,44,,25,44,0,1,1,0,0,1.0,0,0,0,0,0,6,0,49.0,266,2,1,1,1,0,3,30,0,216
2001,6,PIT,REG,2001_06_PIT_TB,TB,11,17,132,1,2,2,-8,0,0,65,132,8,3.51007682306226,,0,5,3,2,0,35,220,1,2,1,9,4.8590367823422,0,8,7,2,1,11,17,132,1,0,0,65,0,8,5.26514990115538,0,5,3,2,0,0,51,6,10,10,69,0,10,69,10,1,0,11,0,0,0,0,1,-2,0,0,0,1,5,2,1,1,0,2,1,2,10,2,38,1,1,0,0,35.0,1.0,0,0,1,0,0,0,0,0,0,0,0,0,35,,,35,0,0,2,2,0,0,1.0,0,0,0,0,0,2,0,39.0,76,1,1,1,0,0,0,0,0,76
2001,6,SD,REG,2001_06_DEN_SD,LAC,21,32,280,2,1,3,-8,1,0,6,280,18,,,0,17,7,3,0,32,107,0,0,0,4,,0,4,2,2,0,21,32,280,2,1,1,6,0,18,,0,17,7,3,0,1,52,5,5,6,42,1,4,30,4,2,0,5,0,0,0,0,0,0,1,7,0,5,34,3,2,0,1,2,1,4,47,2,113,2,2,0,0,51.0,1.0,0,1,0,0,1,0,0,0,0,0,0,0,21;51,,,72,0,0,3,3,0,0,1.0,0,0,0,0,0,5,0,51.0,212,2,0,0,1,2,2,14,0,178
2001,6,STL,REG,2001_06_STL_NYJ,NYJ,19,28,225,1,0,4,-11,0,0,0,225,12,,,0,11,6,4,0,34,234,2,1,1,9,,0,7,6,2,1,19,27,225,1,1,1,0,0,12,,0,11,6,4,0,0,24,18,18,3,16,0,1,8,1,1,42,1,0,0,0,0,0,0,0,0,0,4,33,4,2,0,0,2,2,3,32,1,18,2,2,0,0,47.0,1.0,0,1,0,1,0,0,0,0,0,0,0,0,47;24,,,71,0,0,4,4,0,0,1.0,0,0,0,0,0,2,0,55.0,103,1,0,1,1,0,0,0,0,83
2001,6,TB,REG,2001_06_PIT_TB,PIT,24,40,283,1,1,10,-69,0,0,37,283,15,-1.89497555621825,,0,12,9,6,0,19,64,0,0,0,4,-0.827126411255449,0,1,1,0,0,24,40,283,1,0,0,37,0,15,11.4108676669421,0,12,9,6,0,0,42,6,10,6,17,1,2,8,1,2,10,4,0,0,0,0,0,0,1,0,0,1,10,5,0,0,0,0,0,0,0,4,90,1,1,0,0,31.0,1.0,0,0,1,0,0,0,0,0,0,0,0,0,31,,,31,0,0,1,1,0,0,1.0,0,0,0,0,0,5,0,52.0,220,2,2,0,0,1,2,10,0,210
2001,6,TEN,REG,2001_06_TEN_DET,DET,16,36,237,1,2,1,-10,0,0,27,237,10,-0.809569194811407,,1,8,7,5,1,33,102,0,1,0,5,-5.97046377112886,0,3,2,1,0,16,35,237,1,0,0,27,0,10,2.28399039157339,1,8,7,5,1,1,35,7,23,5,39,0,4,16,4,1,5,7,0,0,0,69,1,0,1,0,0,5,45,5,1,0,0,1,0,3,1,4,86,4,4,0,0,46.0,1.0,0,0,2,2,0,0,0,0,0,0,0,0,38;46;30;46,,,160,0,0,1,1,0,0,1.0,1,1,0,0,46,6,0,52.0,252,1,0,0,2,2,2,11,0,201
2001,6,WAS,REG,2001_06_CAR_WAS,CAR,17,30,346,1,1,1,-1,0,0,5,346,12,8.23010794696569,,0,12,9,5,2,28,98,0,1,1,3,-8.76840020133213,0,1,1,1,0,17,28,346,1,0,0,5,0,12,11.5507864253054,0,12,9,5,2,0,45,8,8,6,23,0,1,8,1,4,82,9,1,0,0,0,0,0,0,0,0,5,50,5,1,0,0,1,1,2,10,2,35,1,2,1,0,23.0,0.5,0,1,0,0,0,0,0,0,1,0,0,0,23,32,,23,32,0,2,2,0,0,1.0,1,1,0,0,23,6,0,53.0,279,1,2,0,1,0,3,46,0,213
2001,7,ARI,REG,2001_07_ARI_DAL,DAL,25,41,233,0,2,2,-16,0,0,13,233,13,-7.56980551595683,,0,11,2,1,0,22,75,0,1,0,4,-5.24447569611948,0,3,3,1,0,25,40,233,0,1,1,13,0,13,-2.69626060445211,0,11,2,1,0,0,44,0,6,5,20,0,3,13,3,1,36,4,0,0,0,0,0,0,1,0,0,5,72,5,2,1,1,3,2,3,21,4,91,1,1,0,0,27.0,1.0,0,1,0,0,0,0,0,0,0,0,0,0,27,,,27,0,0,0,0,0,0,,0,0,0,0,0,3,0,46.0,129,0,0,0,1,0,2,15,0,94
2001,7,BAL,REG,2001_07_JAX_BAL,JAX,23,31,222,1,1,5,-31,0,0,5,222,15,1.35070398319689,,0,8,5,2,0,32,114,1,2,0,7,-2.54813980888649,0,4,2,1,0,23,31,222,1,0,0,5,0,15,8.81403702827114,0,8,5,2,0,0,32,9,9,5,24,1,3,22,3,0,0,4,0,0,0,0,2,-4,1,0,0,4,34,4,0,2,0,2,0,2,11,4,90,2,2,0,0,49.0,1.0,0,1,0,1,0,0,0,0,0,0,0,0,49;28,,,77,0,0,0,0,0,0,,0,0,0,0,0,5,0,43.0,162,3,1,2,0,2,0,0,0,162
2001,7,BUF,REG,2001_07_BUF_SD,LAC,26,39,316,1,1,4,-25,1,1,21,316,13,-1.09861342271878,,0,9,6,5,2,25,105,2,1,0,8,7.63963529252214,0,4,2,0,0,26,36,316,1,0,0,21,0,13,6.14990197842652,0,9,6,5,2,0,36,8,8,2,17,0,1,11,1,0,0,4,0,0,0,0,1,-4,0,0,0,9,68,6,1,1,0,2,1,3,32,5,121,1,3,1,1,41.0,0.333333333333333,0,0,0,1,0,0,0,0,0,1,0,0,41,45,44,41,45,44,3,3,0,0,1.0,0,0,0,0,0,4,0,44.0,164,2,0,1,1,2,0,0,0,144
2001,7,CAR,REG,2001_07_NYJ_CAR,NYJ,12,34,76,0,1,1,-6,0,0,42,76,3,-18.0084085923736,,0,2,0,0,0,21,92,0,0,0,4,-3.02879749585322,0,3,1,0,0,12,34,76,0,0,0,42,0,3,-16.2310881217127,0,2,0,0,0,0,56,3,17,7,18,1,2,9,2,3,79,4,0,0,0,0,0,0,1,94,1,5,55,4,0,0,0,0,0,2,24,4,93,2,2,0,0,45.0,1.0,0,0,0,2,0,0,0,0,0,0,0,0,45;45,,,90,0,0,0,1,1,0,0.0,0,0,0,0,0,10,1,63.0,445,4,2,0,0,2,6,59,0,386
2001,7,CHI,REG,2001_07_SF_CHI,SF,30,47,229,3,2,0,0,0,0,12,229,16,-3.00033461948624,,0,6,3,2,0,30,135,1,1,1,9,-2.45864670358412,1,6,5,0,0,30,46,229,3,0,0,12,0,16,-2.49289898775169,0,6,3,2,0,0,47,8,8,3,5,1,3,2,2,2,42,3,1,0,1,0,0,0,0,0,0,3,17,5,1,0,0,1,1,3,22,7,146,0,0,0,0,,,0,0,0,0,0,0,0,0,0,0,0,0,,,,0,0,0,3,3,0,0,1.0,0,0,0,0,0,5,0,60.0,203,3,1,1,1,0,2,4,0,179
2001,7,CIN,REG,2001_07_CIN_DET,DET,17,27,204,2,2,1,-16,0,0,15,204,10,4.33811084986524,,0,7,6,4,0,37,224,2,0,0,9,4.94019402202684,0,4,4,3,1,17,25,204,2,0,0,15,0,10,10.6519526801058,0,7,6,4,0,0,44,4,8,3,10,2,4,24,3,2,37,5,0,0,0,0,0,0,1,0,0,5,50,2,0,0,0,0,0,3,38,5,86,1,2,1,0,39.0,0.5,0,0,1,0,0,0,0,0,0,1,0,0,39,47,,39,47,0,4,4,0,0,1.0,0,0,0,0,0,3,0,51.0,137,1,0,0,0,2,1,18,0,119
2001,7,DAL,REG,2001_07_ARI_DAL,ARI,9,19,93,0,1,3,-13,0,0,39,93,5,-9.43095441654085,,0,4,2,1,0,34,145,1,0,0,9,-4.19297721236944e-05,0,6,3,0,0,9,18,93,0,0,0,39,0,5,-3.91987744488514,0,4,2,1,0,0,53,0,2,4,19,2,2,16,2,2,16,8,1,0,0,0,0,0,2,2,0,5,37,3,0,1,0,1,1,2,15,2,30,1,1,0,0,31.0,1.0,0,0,1,0,0,0,0,0,0,0,0,0,31,,,31,0,0,2,2,0,0,1.0,0,0,0,0,0,5,0,48.0,215,1,0,1,1,0,3,21,0,174
2001,7,DEN,REG,2001_07_NE_DEN,NE,19,30,283,2,2,2,-14,0,0,16,283,11,5.54294061420362,,0,11,6,5,2,29,86,1,0,0,6,-5.13347871735459,0,2,1,0,0,19,26,283,2,0,0,16,0,11,16.8588423308508,0,11,6,5,2,0,56,3,5,7,30,1,2,20,2,5,70,10,1,0,0,0,0,0,0,0,0,6,66,3,0,0,0,0,0,0,0,3,87,1,1,0,0,50.0,1.0,0,0,0,0,1,0,0,0,0,0,0,0,50,,,50,0,0,4,4,0,0,1.0,0,0,0,0,0,4,0,54.0,182,1,0,0,1,1,2,9,0,153
2001,7,DET,REG,2001_07_CIN_DET,CIN,20,35,239,2,2,4,-24,2,1,15,239,11,-13.4573396742124,,1,10,6,5,0,21,61,1,0,0,6,-0.524997617176268,0,2,1,0,0,20,32,239,2,0,0,15,0,11,-0.446395400266727,1,10,6,5,0,0,55,4,4,5,23,0,1,16,1,2,11,5,0,0,0,0,1,0,0,0,0,9,96,5,2,0,0,2,1,1,18,6,240,2,2,0,0,51.0,1.0,0,1,0,0,1,0,0,0,0,0,0,0,51;24,,,75,0,0,1,1,0,0,1.0,0,0,0,0,0,4,0,52.0,193,0,0,0,0,1,3,38,0,155
2001,7,IND,REG,2001_07_IND_KC,KC,19,30,201,2,0,3,-22,1,1,0,201,9,7.07850178487283,,1,6,4,3,1,33,194,1,0,0,7,4.97959679123596,0,3,3,2,1,19,30,201,2,0,0,0,0,9,11.1616788227592,1,6,4,3,1,1,47,5,9,4,6,0,3,10,3,3,22,9,0,0,0,0,0,0,0,0,0,7,54,2,1,0,0,1,1,2,-1,5,123,2,3,1,0,50.0,0.666666666666667,0,0,0,1,1,0,0,0,0,1,0,0,50;42,49,,92,49,0,3,3,0,0,1.0,0,0,0,0,0,5,0,54.0,239,0,0,0,0,1,4,31,0,208
2001,7,JAC,REG,2001_07_JAX_BAL,JAX,25,37,306,2,0,3,-22,0,0,0,306,12,,,0,13,5,3,0,15,81,0,0,0,4,,0,2,2,1,0,25,37,306,2,1,1,0,0,12,,0,13,5,3,0,0,43,18,18,9,37,0,5,31,7,1,0,4,0,0,0,0,0,0,0,0,0,10,70,5,1,0,0,1,1,0,0,2,59,1,1,0,0,40.0,1.0,0,0,0,1,0,0,0,0,0,0,0,0,40,,,40,0,0,2,2,0,0,1.0,0,0,0,0,0,3,0,45.0,130,2,1,0,0,0,2,11,0,119
2001,7,KC,REG,2001_07_IND_KC,IND,22,43,324,3,3,3,-10,0,0,18,324,18,-0.0162297893991745,,0,16,9,5,0,23,101,0,0,0,4,-0.969970352380071,1,2,2,0,0,22,42,324,3,0,0,18,0,18,4.964005105968,0,16,9,5,0,0,51,7,9,4,19,1,3,22,2,0,0,2,0,0,0,0,0,0,1,0,0,2,10,3,0,0,0,0,0,4,31,7,124,2,2,0,0,48.0,1.0,0,1,0,1,0,0,0,0,0,0,0,0,48;22,,,70,0,0,2,2,0,0,1.0,0,0,0,0,0,6,0,48.0,244,3,0,2,1,1,2,-1,0,225
2001,7,MIA,REG,2001_07_MIA_SEA,SEA,15,21,213,1,2,0,0,0,0,56,213,9,13.1190445140237,,0,9,3,3,1,34,76,1,1,0,6,-1.4921295600779,0,2,1,0,0,15,21,213,1,1,1,56,0,9,8.17995357344626,0,9,3,3,1,0,40,17,19,4,26,3,4,24,4,0,0,3,0,1,0,0,1,0,2,-5,1,9,57,1,2,1,0,3,2,2,11,5,109,1,1,0,0,46.0,1.0,0,0,0,1,0,0,0,0,0,0,0,0,46,,,46,0,0,3,3,0,0,1.0,0,0,0,0,0,2,0,46.0,90,0,0,0,1,0,1,0,0,70
2001,7,MIN,REG,2001_07_MIN_TB,TB,14,26,154,1,1,4,-24,0,0,16,154,5,-11.8677226993167,,0,6,4,3,1,18,65,1,1,0,3,0.852743017822038,1,2,2,0,0,14,24,154,1,0,0,16,0,5,-3.63853047335567,0,5,4,3,1,0,53,6,12,3,6,1,1,7,2,0,0,4,0,0,0,0,2,-3,1,0,0,5,40,3,1,1,0,2,0,2,24,6,109,0,0,0,0,,,0,0,0,0,0,0,0,0,0,0,0,0,,,,0,0,0,0,0,0,0,,0,0,0,0,0,5,0,51.0,214,0,0,1,1,0,3,51,0,143
2001,7,NE,REG,2001_07_NE_DEN,DEN,25,39,203,2,5,2,-20,0,0,107,203,9,-9.72388855715462,,0,6,3,1,0,24,117,0,1,0,7,2.13339108798502,0,4,3,1,0,25,37,203,2,0,0,107,0,9,-3.29687572082685,0,6,3,1,0,0,43,4,8,6,25,0,2,14,2,2,12,4,0,2,0,0,3,-3,0,0,0,7,53,3,1,2,0,3,0,2,9,6,135,2,2,0,0,44.0,1.0,0,1,0,1,0,0,0,0,0,0,0,0,24;44,,,68,0,0,2,2,0,0,1.0,0,0,0,0,0,2,0,54.0,91,1,1,0,1,0,0,0,0,71
2001,7,NO,REG,2001_07_NO_STL,LA,20,31,254,3,0,4,-16,0,0,0,254,9,6.24596338050688,,0,9,6,3,2,26,82,0,2,0,4,-7.26818062018793,0,3,3,0,0,20,31,254,3,2,2,0,0,9,3.23043699017787,0,9,6,3,2,0,49,7,7,4,12,3,2,10,2,4,94,6,0,1,0,0,3,-5,4,43,0,7,81,4,3,2,0,5,2,1,4,6,171,5,5,0,0,44.0,1.0,0,2,1,2,0,0,0,0,0,0,0,0,33;44;44;23;27,,,171,0,0,1,1,0,0,1.0,1,1,0,0,27,4,0,50.0,170,2,0,0,0,2,2,1,0,169
2001,7,NYG,REG,2001_07_NYG_WAS,WAS,32,52,346,3,1,1,0,1,0,18,346,19,7.34159214561805,,0,14,8,4,0,19,42,0,2,1,4,-8.16054021229502,0,0,0,0,0,32,52,346,3,1,0,18,0,19,7.93487901962362,0,14,8,4,0,0,46,2,2,7,37,0,4,25,4,0,0,2,0,0,0,0,2,-22,0,0,0,5,43,2,2,2,1,4,1,3,29,5,107,0,0,0,0,,,0,0,0,0,0,0,0,0,0,0,0,0,,,,0,0,0,3,3,0,0,1.0,0,0,0,0,0,6,0,45.0,221,0,2,0,2,0,2,100,1,81
2001,7,NYJ,REG,2001_07_NYJ_CAR,CAR,21,34,181,0,3,2,-9,0,0,22,181,9,-13.2983104155556,,0,6,5,2,0,34,186,0,1,0,7,-3.52235264937063,0,7,5,3,0,21,32,181,0,1,1,22,0,9,-12.5161562249414,0,6,5,2,0,1,40,1,3,4,12,0,1,6,1,1,22,8,0,0,0,7,1,0,0,0,0,3,15,3,1,1,0,2,1,6,59,3,86,2,2,0,0,43.0,1.0,0,0,1,1,0,0,0,0,0,0,0,0,43;34,,,77,0,0,1,1,0,0,1.0,0,0,0,0,0,8,0,49.0,297,5,1,4,0,1,2,24,0,273
2001,7,OAK,REG,2001_07_OAK_PHI,PHI,17,26,158,0,0,1,-6,0,0,0,158,8,,,0,6,3,2,0,47,202,2,1,0,12,,0,6,3,2,0,17,26,158,0,0,0,0,0,8,,0,6,3,2,0,0,32,1,9,5,46,1,4,16,3,0,0,7,0,0,0,0,2,0,0,0,0,7,65,2,1,1,0,2,0,4,36,2,51,2,2,0,0,42.0,1.0,0,0,1,1,0,0,0,0,0,0,0,0,42;32,,,74,0,0,2,2,0,0,1.0,0,0,0,0,0,5,0,59.0,228,4,3,0,0,1,1,42,0,186
2001,7,PHI,REG,2001_07_OAK_PHI,LV,12,27,133,0,0,4,-16,1,0,0,133,7,-11.4043451418189,,0,6,3,2,0,16,78,1,0,0,3,2.46679091831902,0,3,2,0,0,12,27,133,0,0,0,0,0,7,-5.2965582238763,0,6,3,2,0,0,63,0,10,4,10,1,1,6,1,0,0,4,0,0,0,0,1,0,0,0,0,5,31,5,1,0,0,1,0,1,42,5,117,1,1,0,0,34.0,1.0,0,0,1,0,0,0,0,0,0,0,0,0,34,,,34,0,0,1,1,0,0,1.0,0,0,0,0,0,8,0,53.0,368,0,0,0,0,4,4,36,0,332
2001,7,PIT,REG,2001_07_TEN_PIT,TEN,14,24,289,1,0,3,-17,0,0,0,289,12,13.0068687362917,,0,10,8,6,2,39,133,3,0,0,9,-2.77621984668076,0,4,3,1,0,14,24,289,1,0,0,0,0,12,16.7244678363758,0,10,8,6,2,0,37,7,13,8,29,2,3,18,3,2,3,8,0,0,0,0,0,0,2,0,0,4,20,2,0,0,0,0,0,2,31,2,31,2,3,1,0,42.0,0.666666666666667,0,1,0,1,0,0,0,0,0,1,0,0,42;27,48,,69,48,0,4,4,0,0,1.0,0,0,0,0,0,3,0,56.0,135,2,0,1,0,1,1,20,0,115
2001,7,SD,REG,2001_07_BUF_SD,LAC,21,33,254,1,0,1,-11,0,0,0,254,10,,,0,12,7,4,0,20,95,1,0,0,5,,0,4,4,1,0,21,32,254,1,0,0,0,0,10,,0,12,7,4,0,0,54,6,6,5,30,1,4,25,3,1,37,4,0,0,0,0,0,0,1,0,0,7,62,3,0,0,0,0,0,0,0,4,125,2,4,2,0,37.0,0.5,0,1,1,0,0,0,0,0,1,1,0,0,37;25,36;41,,62,77,0,3,3,0,0,1.0,0,0,0,0,0,4,0,47.0,167,0,1,0,0,0,3,32,0,135
2001,7,SEA,REG,2001_07_MIA_SEA,MIA,16,28,230,2,0,4,-24,1,0,0,230,10,9.96649297340211,,0,9,4,2,1,30,96,0,2,2,4,-11.3242567587973,0,2,0,0,0,16,28,230,2,0,0,0,0,10,14.1633799741598,0,9,4,2,1,0,34,17,17,1,11,2,0,0,0,2,0,3,0,0,0,0,1,0,2,23,0,5,40,5,3,0,0,3,2,1,0,5,101,2,4,2,0,42.0,0.5,0,0,1,1,0,0,0,1,1,0,0,0,36;42,35;28,,78,63,0,2,2,0,0,1.0,0,0,0,0,0,3,0,49.0,146,0,0,0,0,1,2,11,0,135
2001,7,SF,REG,2001_07_SF_CHI,CHI,21,29,269,2,2,3,-2,1,0,20,269,14,5.31120632308166,,0,9,4,4,1,28,83,0,0,0,5,-2.66028662325698,0,1,0,0,0,21,29,269,2,0,0,20,0,14,7.93336280247759,0,9,4,4,1,0,63,4,4,1,1,1,0,0,0,2,97,5,1,0,0,0,1,-18,1,26,1,8,78,2,1,1,1,2,0,2,4,5,93,1,2,0,1,40.0,0.5,0,0,0,1,0,0,0,0,0,0,0,0,40,,44,40,0,44,4,4,0,0,1.0,0,0,0,0,0,3,0,47.0,129,0,0,0,0,0,3,22,0,107
2001,7,STL,REG,2001_07_NO_STL,LA,30,48,436,2,4,2,-10,0,0,74,436,20,,,0,18,13,9,2,16,48,2,1,1,4,,0,2,0,0,0,30,48,436,2,2,1,74,0,20,,0,18,13,9,2,0,51,11,11,9,40,3,4,16,4,0,0,5,0,0,0,0,1,0,2,0,0,8,58,5,3,2,0,5,4,2,1,9,172,1,2,1,0,54.0,0.5,0,0,0,0,1,0,0,0,0,1,0,0,54,40,,54,40,0,4,4,0,0,1.0,0,0,0,0,0,1,0,36.0,36,0,0,0,0,0,1,4,0,32
2001,7,TB,REG,2001_07_MIN_TB,MIN,20,28,276,2,0,1,-7,0,0,0,276,14,18.3842632197258,,0,13,6,4,1,43,177,3,0,0,12,1.84210568357958,0,7,3,0,0,20,27,276,2,0,0,0,0,14,20.8330668982549,0,13,6,4,1,0,38,2,6,6,30,1,4,24,4,1,0,3,0,0,0,0,0,0,0,0,0,5,56,4,1,0,0,1,1,3,51,3,35,2,2,0,0,48.0,1.0,0,0,0,2,0,0,0,0,0,0,0,0,44;48,,,92,0,0,5,5,0,0,1.0,0,0,0,0,0,2,0,54.0,83,0,0,0,0,0,2,24,0,59
2001,7,TEN,REG,2001_07_TEN_PIT,PIT,14,23,175,1,2,3,-18,0,0,18,175,7,0.472249841992726,,0,7,4,3,1,24,57,0,1,1,6,-8.41207647268311,0,2,2,1,0,14,23,175,1,0,0,18,0,7,4.09712898402939,0,7,4,3,1,0,35,16,26,7,27,0,3,17,3,0,0,1,0,0,0,0,0,0,0,0,0,4,41,3,2,0,0,2,2,1,20,7,121,0,1,1,0,,0.0,0,0,0,0,0,0,0,0,0,1,0,0,,48,,0,48,0,1,1,0,0,1.0,0,0,0,0,0,4,0,52.0,186,2,0,1,0,1,2,31,0,155
2001,7,WAS,REG,2001_07_NYG_WAS,NYG,12,20,221,3,0,4,-25,0,0,0,221,8,10.2201649219352,,1,8,5,4,1,35,157,0,0,0,8,-2.15251012659367,0,7,3,1,0,12,20,221,3,0,0,0,0,8,14.7688028957201,1,8,5,4,1,1,49,6,6,3,20,2,1,0,0,1,0,6,0,0,0,0,0,0,1,0,0,11,76,7,0,0,0,0,0,2,100,3,57,2,2,0,0,43.0,1.0,0,1,0,1,0,0,0,0,0,0,0,0,43;20,,,63,0,0,3,3,0,0,1.0,0,0,0,0,0,6,0,47.0,231,1,1,0,0,2,3,29,0,202
2001,8,ARI,REG,2001_08_PHI_ARI,PHI,24,41,293,1,1,3,-23,0,0,40,293,18,2.29147044091951,,0,15,6,3,1,24,57,0,2,1,1,-12.4172604979831,0,0,0,0,0,24,41,293,1,0,0,40,0,18,7.49895867786836,0,15,6,3,1,0,25,18,22,3,7,0,3,19,5,1,0,4,0,0,0,0,1,0,0,0,0,1,9,3,2,0,0,2,1,4,47,3,53,0,0,0,0,,,0,0,0,0,0,0,0,0,0,0,0,0,,,,0,0,0,1,1,0,0,1.0,0,0,0,0,0,10,0,54.0,414,2,0,2,1,3,4,49,0,345
2001,8,ATL,REG,2001_08_NE_ATL,NE,10,29,151,1,1,9,-47,0,0,13,151,6,-19.6655345988052,,0,6,4,1,1,19,140,0,0,0,3,-0.694358988821664,0,3,3,2,1,10,29,151,1,0,0,13,0,6,-7.69195112725135,0,6,4,1,1,0,51,9,9,6,18,3,3,14,4,0,0,4,0,0,0,0,0,0,2,0,0,7,55,4,0,0,0,0,0,2,10,5,152,1,3,2,0,20.0,0.333333333333333,0,1,0,0,0,0,0,0,0,1,1,0,20,58;49,,20,107,0,1,1,0,0,1.0,0,0,0,0,0,6,0,47.0,227,2,1,0,1,2,2,10,0,197
2001,8,BAL,REG,2001_08_BAL_PIT,PIT,14,22,158,1,1,3,-16,0,0,28,158,7,0.951426191974426,,0,7,3,1,0,26,41,0,3,0,2,-7.51025842553485,0,0,0,0,0,14,22,158,1,0,0,28,0,7,4.07772418887773,0,7,3,1,0,0,41,15,39,4,18,3,2,11,2,0,0,4,0,0,0,0,3,-5,1,0,0,4,25,2,1,2,0,3,0,3,39,2,73,2,2,0,0,39.0,1.0,0,1,1,0,0,0,0,0,0,0,0,0,25;39,,,64,0,0,1,1,0,0,1.0,0,0,0,0,0,7,0,56.0,290,2,2,0,0,0,5,21,0,269
2001,8,BUF,REG,2001_08_IND_BUF,IND,17,33,172,1,0,6,-24,2,2,0,172,9,-17.0308336922283,,0,8,3,1,0,21,84,0,0,0,4,-4.10537276614923,0,3,1,0,0,17,29,172,1,0,0,0,0,9,-1.56471653218272,0,8,3,1,0,1,37,11,27,8,51,0,4,38,4,0,0,3,0,0,0,0,0,0,1,0,0,4,20,6,2,0,0,2,2,4,100,7,158,0,1,0,1,,0.0,0,0,0,0,0,0,0,0,0,0,0,0,,,48,0,0,48,2,2,0,0,1.0,0,0,0,0,0,6,0,53.0,262,2,1,3,1,0,1,0,0,242
2001,8,CAR,REG,2001_08_CAR_MIA,MIA,15,33,199,0,1,4,-21,1,0,3,199,7,-13.986964473448,,0,6,6,3,1,20,103,0,1,0,4,-2.54308104854742,0,4,3,0,0,15,32,199,0,0,0,3,0,7,-8.78132784151771,0,6,6,3,1,0,37,0,22,4,14,0,1,9,2,1,0,4,0,0,0,0,2,-15,0,0,0,5,44,1,1,1,0,2,0,2,12,5,113,2,3,1,0,27.0,0.666666666666667,0,2,0,0,0,0,0,0,0,0,1,0,27;20,51,,47,51,0,0,0,0,0,,0,0,0,0,0,7,0,73.0,366,2,0,1,2,1,3,40,0,286
2001,8,CHI,REG,2001_08_CLE_CHI,CLE,30,50,357,2,3,5,-43,2,1,30,357,20,-6.18577602820005,,0,16,8,4,0,32,99,1,0,0,6,-1.0816591247567,0,1,0,0,0,30,50,357,2,1,0,30,0,20,10.3814200584311,0,16,8,4,0,0,41,5,5,6,26,0,3,20,3,1,16,6,1,1,0,0,2,0,0,0,0,6,55,6,3,1,1,4,1,4,52,4,94,0,0,0,0,,,0,0,0,0,0,0,0,0,0,0,0,0,,,,0,0,0,3,3,0,0,1.0,0,0,0,0,0,5,0,52.0,223,3,0,1,0,0,4,49,0,174
2001,8,CLE,REG,2001_08_CLE_CHI,CHI,14,23,211,2,1,3,-20,0,0,-7,211,8,-0.833683163160458,,0,8,6,3,1,23,70,0,0,0,3,-4.06501659596688,0,2,2,0,0,14,23,211,2,0,0,-7,0,8,2.36701824772172,0,8,6,3,1,0,67,4,4,6,27,3,5,43,3,3,8,11,0,0,0,0,0,0,1,25,1,9,80,2,0,0,0,0,0,4,49,2,53,0,0,0,0,,,0,0,0,0,0,0,0,0,0,0,0,0,,,,0,0,0,3,3,0,0,1.0,0,0,0,0,0,8,0,54.0,316,3,0,0,2,2,4,52,0,224
2001,8,DAL,REG,2001_08_DAL_NYG,NYG,17,31,262,1,4,4,-24,0,0,62,262,12,-3.99587105744286,,0,12,9,5,0,32,86,0,0,0,3,-10.5422815281023,0,2,2,0,0,17,31,262,1,0,0,62,0,12,0.622343708993867,0,12,9,5,0,0,46,14,14,5,11,5,4,15,1,2,100,5,2,0,0,0,0,0,3,6,0,5,40,5,0,0,0,0,0,4,56,6,131,1,3,2,0,22.0,0.333333333333333,0,1,0,0,0,0,0,0,1,1,0,0,22,47;34,,22,81,0,3,3,0,0,1.0,0,0,0,0,0,5,1,57.0,221,1,1,0,2,1,1,22,0,159
2001,8,DEN,REG,2001_08_DEN_OAK,LV,26,38,271,3,2,4,-24,0,0,35,271,18,10.6215793647363,,1,14,4,1,0,23,119,0,0,0,6,1.45842820973477,1,6,6,0,0,26,37,271,3,1,0,35,0,18,14.8936769903833,1,14,4,1,0,0,42,13,13,0,0,1,0,0,0,0,0,3,0,0,0,0,0,0,1,9,0,7,71,6,0,0,1,0,0,1,3,7,162,2,3,0,1,39.0,0.666666666666667,0,1,1,0,0,0,0,0,0,0,0,0,39;21,,48,60,0,48,0,0,0,0,,0,0,0,0,0,2,0,48.0,80,1,1,0,0,1,0,0,0,80
2001,8,DET,REG,2001_08_DET_SF,SF,10,25,90,0,0,3,-17,0,0,0,90,5,-4.62649286763563,,0,5,1,1,0,21,58,0,0,0,4,-3.83371325785993,0,2,1,0,0,10,25,90,0,0,0,0,0,5,-1.66061755226229,0,5,1,1,0,0,51,12,16,2,14,2,2,14,2,2,74,3,1,0,0,0,0,0,1,0,0,8,62,4,0,0,0,0,0,0,0,4,83,2,3,1,0,45.0,0.666666666666667,0,0,1,1,0,0,0,0,0,1,0,0,39;45,43,,84,43,0,1,1,0,0,1.0,0,0,0,0,0,4,0,56.0,201,2,0,0,0,0,4,25,0,176
2001,8,GB,REG,2001_08_TB_GB,TB,16,27,180,1,2,1,-12,1,0,11,180,9,-7.72782916895812,,0,9,4,2,0,29,184,1,2,1,6,0.549330985173583,0,5,4,1,1,16,27,180,1,0,0,11,0,9,-5.7783436930622,0,9,4,2,0,1,31,4,46,6,36,1,7,44,9,0,0,6,0,0,0,0,2,-10,0,0,0,7,67,4,2,1,0,3,1,3,68,4,61,0,1,1,0,,0.0,0,0,0,0,0,0,0,0,0,1,0,0,,41,,0,41,0,3,3,0,0,1.0,0,0,0,0,0,7,0,57.0,310,0,0,0,1,3,3,32,0,258
2001,8,IND,REG,2001_08_IND_BUF,BUF,17,27,199,1,0,4,-38,0,0,0,199,9,3.07469036430166,,0,8,4,3,1,37,144,2,0,0,8,2.06527637167893,0,4,3,1,0,17,26,199,1,0,0,0,0,9,11.1622148981555,0,8,4,3,1,0,43,8,12,2,12,2,6,24,5,0,0,5,0,1,0,0,0,0,2,0,0,3,35,3,0,1,0,1,1,1,0,2,48,3,3,0,0,47.0,1.0,0,0,1,2,0,0,0,0,0,0,0,0,34;41;47,,,122,0,0,3,3,0,0,1.0,0,0,0,0,0,7,0,51.0,309,0,1,0,2,0,4,100,1,169
2001,8,JAC,REG,2001_08_JAX_TEN,TEN,21,32,261,1,1,5,-22,1,0,22,261,13,,,0,12,6,4,0,17,70,2,0,0,5,,0,2,2,0,0,21,30,261,1,0,0,22,0,13,,0,12,6,4,0,0,47,16,22,5,26,0,4,25,4,0,0,2,0,0,0,0,2,0,0,0,0,3,14,6,1,1,0,2,0,4,36,4,81,1,1,0,0,38.0,1.0,0,0,1,0,0,0,0,0,0,0,0,0,38,,,38,0,0,3,3,0,0,1.0,0,0,0,0,0,5,0,51.0,221,2,0,1,0,2,2,-1,0,222
2001,8,KC,REG,2001_08_KC_SD,LAC,14,26,186,0,1,2,-16,0,0,3,186,7,-5.017566773302,,0,8,4,2,1,39,208,3,0,0,14,13.5106048991438,0,6,5,2,0,14,26,186,0,0,0,3,0,7,-1.22192083155464,0,8,4,2,1,0,45,5,5,7,30,2,3,23,1,1,25,5,0,0,0,0,0,0,0,0,0,6,61,4,0,0,0,0,0,3,26,3,67,2,2,0,0,37.0,1.0,0,1,1,0,0,0,0,0,0,0,0,0,37;28,,,65,0,0,1,2,0,1,0.5,0,0,0,0,0,6,0,50.0,217,3,1,1,0,2,2,7,0,210
2001,8,MIA,REG,2001_08_CAR_MIA,CAR,20,33,287,1,1,1,-9,0,0,1,287,13,8.83082385723896,,0,10,5,3,2,29,59,0,0,0,3,-8.51951099815778,0,1,0,0,0,20,33,287,1,0,0,1,0,13,10.3718698368356,0,10,5,3,2,0,31,0,28,5,33,1,4,21,4,1,29,8,1,0,0,0,0,0,0,0,0,5,45,3,0,0,0,0,0,3,40,3,80,3,3,0,0,45.0,1.0,0,1,1,1,0,0,0,0,0,0,0,0,36;45;29,,,110,0,0,2,2,0,0,1.0,0,0,0,0,0,4,0,44.0,151,0,1,0,1,0,2,12,0,119
2001,8,NE,REG,2001_08_NE_ATL,ATL,21,31,250,3,0,3,-14,0,0,0,250,11,8.95795971048964,,0,12,6,3,1,34,135,0,3,2,9,-12.0707007377641,0,5,3,2,0,21,31,250,3,0,0,0,0,11,13.218504533623,0,12,6,3,1,0,40,4,6,8,36,0,9,47,10,1,17,6,0,0,0,0,1,0,0,0,0,7,60,3,3,0,0,3,2,2,10,3,48,1,1,0,0,48.0,1.0,0,0,0,1,0,0,0,0,0,0,0,0,48,,,48,0,0,3,3,0,0,1.0,0,0,0,0,0,6,0,55.0,241,1,0,1,1,2,2,10,0,211
2001,8,NO,REG,2001_08_NYJ_NO,NYJ,12,29,164,0,2,6,-26,0,0,21,164,7,-9.63300540187629,,0,6,4,4,0,27,108,1,1,1,5,-9.53833676100476,0,3,2,0,0,12,28,164,0,1,1,21,0,7,-7.58477688726271,0,6,4,4,0,0,37,13,13,3,18,2,2,15,2,1,0,3,0,0,1,0,0,0,1,0,0,8,65,6,1,1,0,2,2,1,10,6,131,0,0,0,0,,,0,0,0,0,0,0,0,0,0,0,0,0,,,,0,0,0,1,1,0,0,1.0,0,0,0,0,0,7,0,52.0,304,4,0,1,0,3,3,36,0,268
2001,8,NYG,REG,2001_08_DAL_NYG,DAL,24,34,280,3,2,4,-15,2,1,10,280,14,-8.59897468986028,,0,10,4,4,1,26,93,0,1,1,5,-7.4529385843879,0,2,1,0,0,24,34,280,3,1,0,10,0,14,-0.397474360554863,0,10,4,4,1,0,43,22,22,5,20,0,4,24,5,4,35,6,0,0,0,0,3,1,0,0,0,4,43,5,5,1,0,6,3,1,22,5,85,2,3,1,0,42.0,0.666666666666667,0,0,0,2,0,0,0,0,0,0,1,0,40;42,59,,82,59,0,3,3,0,0,1.0,1,1,0,0,42,5,0,62.0,256,1,1,0,0,0,4,56,0,200
2001,8,NYJ,REG,2001_08_NYJ_NO,NO,13,22,145,1,1,2,-15,0,0,24,145,9,0.827518343094339,,0,7,3,3,0,34,142,0,1,1,3,-7.95560044585204,0,4,4,2,0,13,21,145,1,0,0,24,0,9,5.01397872353678,0,7,3,3,0,0,42,8,8,6,27,1,6,26,6,2,17,8,0,1,0,0,0,0,2,4,0,6,56,4,2,0,1,2,1,3,36,1,31,3,4,1,0,47.0,0.75,0,1,1,1,0,0,0,0,1,0,0,0,39;47;23,35,,109,35,0,1,1,0,0,1.0,0,0,0,0,0,2,0,45.0,79,0,0,1,0,0,1,10,0,69
2001,8,OAK,REG,2001_08_DEN_OAK,LV,25,34,242,3,0,0,0,0,0,0,242,14,,,0,13,4,2,0,30,114,2,1,1,10,,0,4,2,1,0,25,33,242,3,0,0,0,0,14,,0,13,4,2,0,0,44,15,15,5,32,0,4,24,4,2,33,6,0,0,0,0,0,0,0,0,0,11,93,4,1,0,0,1,1,0,0,5,96,1,1,0,0,31.0,1.0,0,0,1,0,0,0,0,0,0,0,0,0,31,,,31,0,0,5,5,0,0,1.0,0,0,0,0,0,2,0,47.0,86,1,1,0,0,0,1,3,0,83
2001,8,PHI,REG,2001_08_PHI_ARI,ARI,19,33,238,2,1,3,-19,0,0,64,238,8,1.55429690578603,,0,8,4,4,1,22,113,0,0,0,5,0.98798829165753,0,3,3,1,0,19,32,238,2,0,0,64,0,8,6.47565533398301,0,8,4,4,1,1,43,15,15,5,28,2,3,23,3,1,2,6,0,0,0,0,0,0,1,0,0,11,92,4,0,0,0,0,0,4,49,2,118,0,0,0,0,,,0,0,0,0,0,0,0,0,0,0,0,0,,,,0,0,0,3,3,0,0,1.0,0,0,0,0,0,10,0,60.0,476,1,1,1,4,0,4,47,0,349
2001,8,PIT,REG,2001_08_BAL_PIT,BAL,22,37,236,1,0,2,-11,1,0,0,236,13,3.60374114826824,,0,13,5,1,0,35,123,0,1,0,7,-3.82916682334461,0,3,2,1,0,22,36,236,1,1,1,0,0,13,5.86456640579527,0,13,5,1,0,0,33,13,15,10,28,1,3,16,3,1,4,1,0,1,0,0,2,0,0,0,0,2,25,5,3,1,1,4,1,5,21,4,71,1,5,4,0,38.0,0.2,0,0,1,0,0,0,0,0,2,2,0,0,38,41;33;48;35,,38,157,0,1,1,0,0,1.0,0,0,0,0,0,5,0,64.0,262,1,1,0,1,0,3,39,0,203
2001,8,SD,REG,2001_08_KC_SD,KC,21,43,282,1,1,3,-23,2,0,2,282,14,,,0,12,8,5,1,20,66,1,0,0,4,,0,2,1,0,0,21,42,282,1,0,0,2,0,14,,0,12,8,5,1,0,44,13,15,2,13,0,2,16,3,1,3,6,0,0,0,0,2,0,0,0,0,4,20,4,2,0,0,2,0,2,7,5,93,2,3,1,0,48.0,0.666666666666667,0,0,1,1,0,0,0,0,0,1,0,0,48;35,43,,83,43,0,2,2,0,0,1.0,0,0,0,0,0,5,0,60.0,217,0,2,0,0,0,3,26,0,191
2001,8,SEA,REG,2001_08_SEA_WAS,WAS,14,30,248,1,3,4,-33,2,1,44,248,10,-7.66468856087886,,0,9,6,5,2,14,60,1,1,0,2,-1.26480353443185,0,1,1,1,1,14,29,248,1,0,0,44,0,10,2.8539569961722,0,9,6,5,2,0,51,15,15,3,18,0,1,13,1,1,24,2,0,0,0,0,2,-3,0,0,0,1,16,4,3,1,1,4,1,3,46,5,83,0,0,0,0,,,0,0,0,0,0,0,0,0,0,0,0,0,,,,0,0,0,2,2,0,0,1.0,0,0,0,0,0,4,0,51.0,189,1,0,0,1,1,2,15,0,154
2001,8,SF,REG,2001_08_DET_SF,DET,26,35,296,3,2,2,-14,0,0,25,296,17,5.49451613535781,,0,11,6,4,1,35,145,0,1,1,7,-0.779933084293488,0,4,2,0,0,26,33,296,3,0,0,25,0,17,12.5423300812734,0,11,6,4,1,0,31,6,6,5,16,0,3,17,3,0,0,5,0,1,0,0,1,0,0,0,0,6,83,5,2,1,1,3,1,4,25,4,66,0,2,0,2,,0.0,0,0,0,0,0,0,0,0,0,0,0,0,,,49;19,0,0,68,3,3,0,0,1.0,0,0,0,0,0,1,0,26.0,26,1,0,0,0,1,0,0,0,26
2001,8,TB,REG,2001_08_TB_GB,GB,18,30,177,2,0,7,-44,0,0,0,177,10,-3.25189503825192,,0,11,4,2,0,24,61,0,1,0,2,-5.10947186974227,0,1,1,1,0,18,30,177,2,1,0,0,0,10,7.50000898643242,0,11,4,2,0,0,30,5,35,2,13,2,1,12,0,2,55,9,0,0,0,0,1,-1,1,0,0,9,66,4,1,1,1,2,0,3,32,4,73,2,2,0,0,49.0,1.0,0,0,1,1,0,0,0,0,0,0,0,0,33;49,,,82,0,0,2,2,0,0,1.0,0,0,0,0,0,9,0,46.0,372,4,0,4,0,2,3,68,1,304
2001,8,TEN,REG,2001_08_JAX_TEN,JAX,27,34,241,2,0,4,-25,0,0,0,241,16,7.12141925711901,,0,13,3,2,0,33,146,2,0,0,10,7.38396695366828,0,3,1,0,0,27,34,241,2,0,0,0,0,16,12.4161574143057,0,13,3,2,0,0,42,6,6,5,24,1,5,22,4,1,0,4,0,0,0,0,0,0,0,0,0,8,48,2,0,0,0,0,0,2,-1,4,121,0,2,2,0,,0.0,0,0,0,0,0,0,0,0,0,1,1,0,,51;46,,0,97,0,4,4,0,0,1.0,0,0,0,0,0,4,0,63.0,230,2,0,0,0,0,4,36,0,194
2001,8,WAS,REG,2001_08_SEA_WAS,SEA,15,23,152,2,1,1,-13,0,0,33,152,9,3.76996667308047,,0,6,2,1,0,46,226,1,0,0,12,3.73692319845714,0,11,7,1,0,15,22,152,2,0,0,33,0,9,7.30339929627733,0,6,2,1,0,0,28,8,10,6,31,3,4,33,2,3,9,5,0,0,0,0,0,0,1,0,0,6,45,3,0,0,0,0,0,2,15,3,76,2,2,0,0,43.0,1.0,0,1,0,1,0,0,0,0,0,0,0,0,43;23,,,66,0,0,3,3,0,0,1.0,0,0,0,0,0,4,0,50.0,168,1,1,0,0,0,3,46,0,122
2001,9,ARI,REG,2001_09_NYG_ARI,NYG,13,26,172,1,1,2,-37,1,1,38,172,8,-4.09457061483408,,0,7,5,4,0,25,78,0,2,0,4,-3.36974739362918,0,1,1,0,0,13,26,172,1,1,1,38,0,8,-0.665365444525378,0,7,5,4,0,0,42,18,18,6,15,0,2,7,2,1,13,5,0,0,0,0,2,-1,0,0,0,4,24,4,2,2,0,4,2,2,22,4,87,1,1,0,0,32.0,1.0,0,0,1,0,0,0,0,0,0,0,0,0,32,,,32,0,0,1,1,0,0,1.0,0,0,0,0,0,5,0,54.0,204,1,1,0,0,1,3,30,0,174
2001,9,ATL,REG,2001_09_DAL_ATL,DAL,7,16,55,2,0,3,-9,1,0,0,55,5,-0.563528315695603,,0,2,0,0,0,33,155,0,1,1,5,-4.43654003854392,0,3,3,2,1,7,16,55,2,0,0,0,0,5,-1.09121854126746,0,2,0,0,0,0,46,6,8,5,50,0,3,18,4,1,8,3,0,0,0,0,1,0,1,0,0,2,10,5,2,0,0,2,1,3,139,4,102,2,3,1,0,31.0,0.666666666666667,1,0,1,0,0,0,0,0,1,0,0,0,31;19,36,,50,36,0,2,2,0,0,1.0,0,0,0,0,0,4,0,39.0,131,1,1,0,0,1,2,13,0,118
2001,9,BAL,REG,2001_09_BAL_TEN,TEN,16,28,181,1,1,3,-20,0,0,18,181,8,-1.7555054311046,,0,8,4,1,1,24,77,0,0,0,3,-5.26168304986979,0,1,1,1,0,16,28,181,1,1,1,18,0,8,-1.00725881686542,0,8,4,1,1,0,51,6,24,5,29,1,6,28,7,1,0,9,0,0,0,0,1,0,1,0,0,6,60,4,1,1,0,2,1,3,5,2,93,3,3,0,0,33.0,1.0,0,0,3,0,0,0,0,0,0,0,0,0,31;33;30,,,94,0,0,1,1,0,0,1.0,0,0,0,0,0,5,0,51.0,199,2,0,0,0,3,2,5,0,194
2001,9,BUF,REG,2001_09_BUF_NE,NE,16,33,204,1,2,5,-31,1,0,39,204,8,-6.81356240556396,,1,8,6,4,0,21,69,0,0,0,2,-3.06539865074152,0,0,0,0,0,16,31,204,1,0,0,39,0,8,-0.472443197540071,1,8,6,4,0,0,33,19,23,7,29,3,7,36,7,1,0,1,0,0,0,0,1,0,2,5,0,9,75,5,1,0,0,1,0,1,6,4,89,1,2,1,0,24.0,0.5,0,1,0,0,0,0,0,0,0,1,0,0,24,49,,24,49,0,0,0,0,0,,0,0,0,0,0,5,0,39.0,136,0,1,1,1,1,1,29,0,87
2001,9,CAR,REG,2001_09_CAR_STL,LA,15,25,126,1,2,1,-11,0,0,30,126,5,-16.7089364586327,,0,4,2,1,0,19,31,0,1,1,1,-10.2366195406648,0,1,0,0,0,15,25,126,1,0,0,30,0,5,-14.7091117354038,0,4,2,1,0,1,50,12,12,5,14,3,0,0,0,3,33,4,0,0,0,0,0,0,1,0,0,4,38,1,1,0,0,1,1,1,15,7,252,0,1,1,0,,0.0,0,0,0,0,0,0,0,0,0,0,1,0,,53,,0,53,0,2,2,0,0,1.0,0,0,0,0,0,7,0,64.0,326,0,0,0,2,2,3,31,0,255
2001,9,CHI,REG,2001_09_GB_CHI,GB,29,48,219,0,0,1,-4,1,0,0,219,14,0.366023262561416,,0,9,3,2,0,24,47,0,0,0,2,-9.0338490792783,0,2,1,0,0,29,47,219,0,1,1,0,0,14,-0.943449320453243,0,9,3,2,0,0,40,8,8,2,7,1,1,0,1,1,0,6,0,0,0,0,1,0,1,0,0,1,15,4,2,0,0,2,1,1,1,5,105,4,4,0,0,47.0,1.0,0,0,2,2,0,0,0,0,0,0,0,0,37;47;38;41,,,163,0,0,0,0,0,0,,0,0,0,0,0,5,0,55.0,233,2,0,0,0,1,4,26,0,207
2001,9,CIN,REG,2001_09_CIN_JAX,JAX,48,80,492,2,1,7,-49,1,0,6,492,26,2.93425895752528,,0,21,6,5,0,48,170,3,2,0,11,-3.66098945203703,0,4,3,0,0,48,80,492,2,0,0,6,0,26,5.43122867810683,0,21,6,5,0,0,103,1,7,9,49,2,7,49,6,1,0,8,6,1,1,0,4,-3,0,0,0,16,139,7,2,2,0,4,0,5,60,7,147,2,2,0,0,52.0,1.0,0,1,0,0,1,0,0,0,0,0,0,0,26;52,,,78,0,0,5,5,0,0,1.0,0,0,0,0,0,15,0,59.0,686,7,0,5,1,4,5,60,0,606
2001,9,CLE,REG,2001_09_PIT_CLE,PIT,18,33,160,1,0,7,-47,1,0,0,160,10,-6.78772304980727,,0,8,1,1,0,23,74,0,1,0,4,-2.92245958017884,0,2,1,0,0,18,33,160,1,0,0,0,0,10,1.1044368443015,0,8,1,1,0,0,42,22,22,4,9,2,2,7,2,0,0,9,0,0,1,0,2,0,0,0,0,5,45,4,2,0,0,2,0,2,18,5,107,1,1,0,0,40.0,1.0,0,0,0,1,0,0,0,0,0,0,0,0,40,,,40,0,0,1,1,0,0,1.0,0,0,0,0,0,9,0,50.0,376,5,2,1,0,2,4,32,0,344
2001,9,DAL,REG,2001_09_DAL_ATL,ATL,14,22,114,1,1,3,-18,0,0,16,114,7,0.444242564602709,,0,3,1,1,0,33,207,0,1,0,6,-3.30832328353975,0,3,3,3,2,14,20,114,1,0,0,16,0,7,5.13397937342753,0,3,1,1,0,0,43,5,5,2,8,2,3,9,2,0,0,4,0,1,0,0,2,-33,1,0,0,4,41,6,0,3,0,3,1,2,13,4,79,2,2,0,0,39.0,1.0,0,1,1,0,0,0,0,0,0,0,0,0,28;39,,,67,0,0,1,1,0,0,1.0,0,0,0,0,0,4,0,54.0,173,1,0,0,0,1,3,139,0,34
2001,9,DEN,REG,2001_09_SD_DEN,LAC,21,31,224,2,0,3,-3,0,0,0,224,11,8.1337595594451,,0,10,4,2,0,42,117,0,2,1,7,-18.6957108459319,0,3,1,0,0,21,31,224,2,0,0,0,0,11,10.8879793093875,0,10,4,2,0,0,31,2,8,2,23,0,1,18,1,4,24,8,0,0,0,0,0,0,1,0,0,4,20,5,1,1,1,2,1,2,26,2,76,4,4,0,0,33.0,1.0,0,3,1,0,0,0,0,0,0,0,0,0,25;29;26;33,,,113,0,0,2,2,0,0,1.0,0,0,0,0,0,6,0,62.0,319,5,0,3,0,0,3,5,0,314
2001,9,DET,REG,2001_09_TB_DET,TB,21,40,239,1,2,5,-21,0,0,27,239,10,-8.59929612770729,,0,10,5,4,0,23,52,1,1,1,6,-4.10574819747126,0,1,0,0,0,21,37,239,1,0,0,27,0,10,0.0806529824039899,0,10,5,4,0,0,41,0,30,5,20,1,2,13,1,0,0,5,0,0,0,0,0,0,1,0,0,4,30,4,1,0,0,1,1,4,37,5,79,1,1,0,0,38.0,1.0,0,0,1,0,0,0,0,0,0,0,0,0,38,,,38,0,0,2,2,0,0,1.0,0,0,0,0,0,7,0,55.0,316,1,0,0,0,1,6,134,1,182
2001,9,GB,REG,2001_09_GB_CHI,CHI,19,32,268,2,1,1,0,0,0,15,268,12,13.3462593284385,,0,11,6,4,1,23,100,0,1,1,5,-5.45944927827804,0,4,3,1,0,19,32,268,2,0,0,15,0,12,14.4015602328764,0,11,6,4,1,0,51,8,8,4,15,1,1,4,0,0,0,7,0,0,0,0,0,0,1,0,0,7,50,4,1,0,0,1,1,4,26,4,54,2,2,0,0,40.0,1.0,0,0,1,1,0,0,0,0,0,0,0,0,40;31,,,71,0,0,2,2,0,0,1.0,0,0,0,0,0,4,0,49.0,165,2,0,1,1,1,1,1,0,144
2001,9,IND,REG,2001_09_MIA_IND,MIA,20,33,253,3,2,3,-29,1,0,50,253,12,0.892983194958568,,0,10,4,3,2,25,65,0,1,1,4,-10.9149515977479,0,2,1,0,0,20,33,253,3,0,0,50,0,12,2.48218538186621,0,10,4,3,2,0,40,14,14,1,18,1,1,18,1,2,8,5,0,0,0,0,1,-3,1,0,0,5,25,3,1,1,0,2,1,3,23,6,157,1,1,0,0,25.0,1.0,0,1,0,0,0,0,0,0,0,0,0,0,25,,,25,0,0,3,3,0,0,1.0,0,0,0,0,0,6,0,54.0,261,1,0,0,1,1,4,33,0,208
2001,9,KC,REG,2001_09_KC_NYJ,NYJ,16,31,143,1,3,3,-19,1,0,24,143,9,-10.9357418329455,,0,7,2,1,0,26,100,0,1,1,7,-5.33042175049195,0,4,1,0,0,16,30,143,1,0,0,24,0,9,-1.84621871146373,0,7,2,1,0,0,36,18,18,3,9,0,0,0,0,1,0,4,0,0,0,0,2,0,1,0,0,3,25,4,1,2,0,3,1,2,21,5,84,0,0,0,0,,,0,0,0,0,0,0,0,0,0,0,0,0,,,,0,0,0,1,1,0,0,1.0,0,0,0,0,0,6,0,45.0,234,3,3,1,0,1,1,0,0,234
2001,9,MIA,REG,2001_09_MIA_IND,IND,17,30,259,2,2,1,-18,0,0,10,259,9,3.39099174006861,,0,9,5,2,1,28,134,1,0,0,5,-2.18108513820405,0,2,2,1,1,17,30,259,2,0,0,10,0,9,5.70195677145403,0,9,5,2,1,0,42,14,14,5,24,1,3,29,2,2,17,4,0,1,0,0,0,0,1,3,0,9,65,1,1,0,0,1,1,4,33,5,127,2,2,0,0,31.0,1.0,0,0,2,0,0,0,0,0,0,0,0,0,31;31,,,62,0,0,3,3,0,0,1.0,0,0,0,0,0,6,0,51.0,266,2,0,1,0,2,3,23,0,243
2001,9,MIN,REG,2001_09_MIN_PHI,PHI,21,35,285,2,1,6,-40,3,2,12,285,13,-0.714065368196327,,0,13,7,6,0,21,56,0,1,1,3,-9.64459293521941,0,1,1,0,0,21,35,285,2,0,0,12,0,13,16.0472515588626,0,13,7,6,0,0,45,0,20,2,9,1,1,8,1,0,0,9,0,0,0,0,1,0,1,0,0,7,51,5,4,0,0,4,3,0,0,9,237,1,1,0,0,43.0,1.0,0,0,0,1,0,0,0,0,0,0,0,0,43,,,43,0,0,2,2,0,0,1.0,0,0,0,0,0,4,0,50.0,148,2,1,0,0,1,2,21,0,127
2001,9,NE,REG,2001_09_BUF_NE,BUF,15,21,107,1,1,7,-36,2,1,39,107,5,-9.33945913193439,,0,3,2,1,0,31,134,2,0,0,6,4.98642348445719,0,3,2,1,1,15,20,107,1,1,1,39,0,5,0.797849819646217,0,3,2,1,0,0,29,16,18,5,29,1,5,31,5,2,23,4,0,0,0,0,1,0,0,0,0,7,75,2,3,0,0,3,2,1,29,2,47,0,2,2,0,,0.0,0,0,0,0,0,0,0,0,0,2,0,0,,43;45,,0,88,0,3,3,0,0,1.0,0,0,0,0,0,3,0,58.0,114,1,0,1,0,1,1,6,0,108
2001,9,NO,REG,2001_09_NO_SF,SF,22,37,347,2,0,1,-11,0,0,0,347,17,20.1154131227422,,1,13,8,5,2,32,152,0,1,1,7,-5.75590812112205,0,6,4,0,0,22,35,347,2,0,0,0,0,17,21.8829224958217,1,13,8,5,2,0,42,6,6,3,5,0,1,1,1,0,0,4,0,0,0,0,0,0,0,0,0,8,65,6,1,0,0,1,1,2,33,4,77,4,4,0,0,43.0,1.0,0,0,2,2,0,0,0,0,0,0,0,0,43;42;35;36,,,156,0,0,1,1,0,0,1.0,0,0,0,0,0,3,0,50.0,131,1,0,0,0,1,2,11,0,120
2001,9,NYG,REG,2001_09_NYG_ARI,ARI,15,24,155,1,1,2,-7,0,0,22,155,8,0.574387399940135,,0,8,2,2,0,41,186,1,2,0,10,3.00439056949108,0,6,5,2,0,15,23,155,1,0,0,22,0,8,5.39615331927253,0,8,2,2,0,0,28,14,14,3,14,2,2,37,1,1,0,6,0,0,0,0,2,-1,2,25,0,4,36,3,0,2,0,2,0,3,30,2,32,1,2,1,0,25.0,0.5,0,1,0,0,0,0,0,0,1,0,0,0,25,38,,25,38,0,2,2,0,0,1.0,0,0,0,0,0,5,0,39.0,146,3,2,1,0,0,2,22,0,124
2001,9,NYJ,REG,2001_09_KC_NYJ,KC,18,28,179,0,1,0,0,0,0,25,179,10,4.63720690988703,,0,8,2,1,0,37,174,3,1,1,12,-3.225303521834,0,8,4,1,0,18,28,179,0,0,0,25,0,10,4.63720690988703,0,8,2,1,0,0,32,20,22,3,10,1,3,19,3,3,18,7,0,0,0,0,0,-6,1,0,0,0,0,4,0,1,0,1,1,1,0,2,47,2,2,0,0,51.0,1.0,0,0,1,0,1,0,0,0,0,0,0,0,51;31,,,82,0,0,3,3,0,0,1.0,0,0,0,0,0,4,0,43.0,141,1,1,1,0,0,2,21,0,120
2001,9,OAK,REG,2001_09_OAK_SEA,SEA,24,38,257,2,0,2,-7,1,0,0,257,15,,,0,14,9,1,0,18,88,0,1,1,4,,0,3,2,0,0,24,36,257,2,0,0,0,0,15,,0,14,9,1,0,1,47,14,14,4,9,2,1,3,1,0,0,1,0,0,0,0,2,0,0,0,0,5,25,4,2,1,0,3,1,0,0,7,220,2,2,0,0,52.0,1.0,0,0,1,0,1,0,0,0,0,0,0,0,52;37,,,89,0,0,3,3,0,0,1.0,0,0,0,0,0,3,0,57.0,138,2,1,0,1,1,0,0,0,118
2001,9,PHI,REG,2001_09_MIN_PHI,MIN,19,29,223,3,0,1,-8,0,0,0,223,13,10.9619676596033,,0,11,7,1,0,35,272,3,0,0,17,14.8859695000574,0,13,10,2,1,19,29,223,3,1,1,0,0,13,8.71704285406881,0,11,7,1,0,0,44,0,22,4,15,4,6,40,3,1,0,9,0,0,0,0,0,0,3,0,0,2,8,2,1,0,0,1,1,2,21,4,108,2,2,0,0,36.0,1.0,0,1,1,0,0,0,0,0,0,0,0,0,36;21,,,57,0,0,6,6,0,0,1.0,0,0,0,0,0,2,0,36.0,61,2,0,0,0,2,0,0,0,61
2001,9,PIT,REG,2001_09_PIT_CLE,CLE,18,32,188,0,0,2,-7,0,0,0,188,7,1.32957551044271,,0,7,2,1,1,41,247,0,2,1,12,0.803793641262892,0,8,6,3,1,18,32,188,0,0,0,0,0,7,3.26476576200545,0,7,2,1,1,0,45,9,9,7,43,2,7,47,6,0,0,7,0,0,0,0,0,0,0,0,0,2,30,3,2,0,2,2,1,4,32,4,60,5,6,1,0,37.0,0.833333333333333,0,1,4,0,0,0,0,0,0,1,0,0,31;27;37;37;32,45,,164,45,0,0,0,0,0,,1,1,0,0,32,4,0,61.0,187,2,0,1,0,1,2,18,0,169
2001,9,SD,REG,2001_09_SD_DEN,LAC,12,31,165,1,4,1,-18,0,0,83,165,4,,,0,4,2,2,1,17,96,0,0,0,4,,0,3,3,1,0,12,30,165,1,0,0,83,0,4,,0,4,2,2,1,0,65,1,9,9,18,1,3,3,3,0,0,1,0,0,0,0,1,0,1,45,1,3,16,6,0,2,0,2,1,3,5,6,160,1,1,0,0,29.0,1.0,0,1,0,0,0,0,0,0,0,0,0,0,29,,,29,0,0,1,1,0,0,1.0,0,0,0,0,0,5,0,62.0,279,1,0,1,2,0,2,26,0,213
2001,9,SEA,REG,2001_09_OAK_SEA,LV,15,23,181,1,0,1,-3,0,0,0,181,9,6.09234684003621,,0,7,4,2,0,42,319,3,0,0,17,16.3530454332659,0,10,6,1,1,15,23,181,1,1,0,0,0,9,6.77320624325529,0,7,4,2,0,0,30,18,18,2,7,2,2,7,1,0,0,2,0,0,0,0,1,8,1,0,0,3,20,4,2,0,1,2,0,0,0,6,125,2,2,0,0,33.0,1.0,0,1,1,0,0,0,0,0,0,0,0,0,33;20,,,53,0,0,4,4,0,0,1.0,0,0,0,0,0,4,0,55.0,156,2,0,0,1,3,0,0,0,136
2001,9,SF,REG,2001_09_NO_SF,NO,21,34,252,4,0,1,-1,0,0,0,252,11,15.9721456333646,,0,9,5,3,1,26,164,0,0,0,8,-0.100905031111324,0,8,6,1,0,21,34,252,4,0,0,0,0,11,17.0616918136948,0,9,5,3,1,0,43,16,16,1,11,1,1,11,1,0,0,3,0,0,0,0,0,0,1,0,0,5,55,1,0,0,0,0,0,2,11,5,89,0,0,0,0,,,0,0,0,0,0,0,0,0,0,0,0,0,,,,0,0,0,4,4,0,0,1.0,0,0,0,0,0,6,0,64.0,260,2,1,1,1,1,2,33,0,207
2001,9,STL,REG,2001_09_CAR_STL,LA,16,22,156,1,3,0,0,0,0,77,156,8,,,0,6,4,2,0,41,337,4,1,0,12,,0,7,7,5,3,16,22,156,1,1,0,77,0,8,,0,6,4,2,0,0,33,11,11,4,19,1,1,11,1,2,31,6,0,0,0,0,2,2,1,0,0,7,48,3,3,0,0,3,1,3,31,3,64,2,2,0,0,35.0,1.0,0,1,1,0,0,0,0,0,0,0,0,0,25;35,,,60,0,0,6,6,0,0,1.0,0,0,0,0,0,2,0,39.0,75,1,0,1,0,0,1,15,0,60
2001,9,TB,REG,2001_09_TB_DET,DET,20,37,188,1,0,2,-13,1,0,0,188,10,-6.34215016654286,,0,7,3,1,0,25,99,0,0,0,5,-4.16806969488399,0,3,2,0,0,20,37,188,1,0,0,0,0,10,-1.908963603811,0,7,3,1,0,1,40,3,29,6,24,1,5,21,4,2,2,9,0,1,0,0,1,0,1,0,0,5,44,5,1,1,0,2,1,6,134,3,53,2,2,0,0,37.0,1.0,0,0,2,0,0,0,0,0,0,0,0,0,37;35,,,72,0,0,2,2,0,0,1.0,1,1,0,0,35,7,0,61.0,319,2,1,1,1,0,4,37,0,262
2001,9,TEN,REG,2001_09_BAL_TEN,BAL,27,49,256,1,1,6,-28,0,0,16,256,15,-3.88587483213382,,0,10,3,2,0,28,90,0,1,1,4,-8.59629021701403,0,0,0,0,0,27,47,256,1,0,0,16,0,15,5.17232338691358,0,10,3,2,0,0,36,8,10,7,41,1,3,20,3,1,21,8,0,0,0,0,0,0,1,0,0,7,72,5,1,0,0,1,1,2,5,5,79,1,2,1,0,27.0,0.5,0,1,0,0,0,0,0,0,0,1,0,0,27,48,,27,48,0,1,1,0,0,1.0,0,0,0,0,0,7,0,58.0,287,2,2,0,1,1,3,5,0,262
2001,10,ARI,REG,2001_10_DET_ARI,DET,21,33,334,4,1,2,-6,0,0,18,334,17,19.2598938432857,,0,11,6,5,2,26,89,1,0,0,4,-3.05320821108762,0,1,0,0,0,21,32,334,4,0,0,18,0,17,21.6827598558375,0,11,6,5,2,0,43,21,21,3,18,0,1,7,1,3,32,10,1,0,0,0,0,0,0,0,0,5,59,5,0,0,0,0,0,2,38,5,149,1,1,0,0,50.0,1.0,0,0,0,0,1,0,0,0,0,0,0,0,50,,,50,0,0,6,6,0,0,1.0,0,0,0,0,0,5,0,43.0,199,1,0,1,1,0,3,29,0,150
2001,10,ATL,REG,2001_10_ATL_GB,GB,29,50,352,2,2,3,-17,0,0,5,352,19,6.75729010315366,,0,20,7,5,0,25,82,0,0,0,5,-2.19523187860118,0,4,1,0,0,29,50,352,2,0,0,5,0,19,9.31733204171281,0,20,7,5,0,0,29,7,19,3,14,1,2,19,1,3,7,7,0,0,0,0,2,0,1,0,0,9,70,3,1,1,0,2,0,2,18,3,60,3,3,0,0,39.0,1.0,0,1,2,0,0,0,0,0,0,0,0,0,26;39;32,,,97,0,0,2,2,0,0,1.0,0,0,0,0,0,4,0,50.0,171,1,1,1,0,1,1,6,0,165
2001,10,BAL,REG,2001_10_CLE_BAL,CLE,23,44,261,2,4,2,-19,1,1,28,261,14,-16.8051915433004,,0,12,5,4,0,27,108,0,0,0,5,-0.221113956184126,0,2,1,1,0,23,43,261,2,0,0,28,0,14,-10.1138453035361,0,12,5,4,0,0,38,15,15,4,23,0,1,7,1,3,8,8,0,0,0,0,0,0,0,0,0,7,47,5,1,0,0,1,1,3,44,5,98,1,1,0,0,42.0,1.0,0,0,0,1,0,0,0,0,0,0,0,0,42,,,42,0,0,2,2,0,0,1.0,0,0,0,0,0,2,0,46.0,88,0,0,0,0,1,1,1,0,87
2001,10,BUF,REG,2001_10_SEA_BUF,SEA,28,42,316,2,0,2,-13,2,1,0,316,18,5.50233248215639,,0,13,7,4,1,22,69,0,2,1,4,-3.0486012485926,0,1,1,0,0,28,40,316,2,0,0,0,0,18,12.0771710203449,0,13,7,4,1,0,37,7,17,4,13,0,0,0,0,0,0,2,0,0,0,0,2,0,0,0,0,4,23,5,4,0,0,4,2,1,8,6,127,2,3,1,0,26.0,0.666666666666667,0,2,0,0,0,0,0,0,0,1,0,0,25;26,45,,51,45,0,2,2,0,0,1.0,0,0,0,0,0,3,0,43.0,117,1,0,0,0,2,1,4,0,113
2001,10,CAR,REG,2001_10_SF_CAR,SF,22,41,177,2,0,0,0,0,0,0,177,8,-3.08802921035374,,0,8,2,1,0,16,103,0,0,0,4,1.45140087962053,0,3,3,1,0,22,41,177,2,0,0,0,0,8,-3.08802921035374,0,8,2,1,0,0,60,2,8,2,9,0,3,9,3,2,29,5,0,2,0,0,2,0,1,0,0,8,60,5,1,1,0,2,0,5,52,4,75,3,3,0,0,41.0,1.0,0,2,0,1,0,0,0,0,0,0,0,0,25;41;28,,,94,0,0,1,1,0,0,1.0,0,0,0,0,0,7,0,68.0,304,4,0,1,1,5,0,0,0,284
2001,10,CHI,REG,2001_10_CHI_TB,TB,14,25,228,3,1,3,-22,1,0,16,228,10,10.7087228199083,,0,9,4,3,2,29,68,0,1,0,1,-9.70088909294415,0,0,0,0,0,14,25,228,3,0,0,16,0,10,11.7731368207454,0,9,4,3,2,0,58,8,10,5,14,2,2,9,2,2,14,6,0,0,0,0,2,-4,2,0,0,7,75,1,1,1,0,2,0,4,19,4,87,2,2,0,0,40.0,1.0,0,1,0,1,0,0,0,0,0,0,0,0,26;40,,,66,0,0,3,3,0,0,1.0,0,0,0,0,0,7,0,57.0,347,3,0,0,0,1,6,27,0,320
2001,10,CIN,REG,2001_10_TEN_CIN,TEN,23,41,234,1,2,1,-10,0,0,42,234,10,-3.43984056345653,,0,12,4,2,0,21,40,0,1,1,5,-8.77172310306924,0,0,0,0,0,23,40,234,1,0,0,42,0,10,-2.00380636687623,0,12,4,2,0,0,40,0,24,3,12,1,1,8,2,1,3,4,0,0,0,0,0,0,1,0,0,8,70,4,1,0,0,1,1,2,10,5,102,0,0,0,0,,,0,0,0,0,0,0,0,0,0,0,0,0,,,,0,0,0,1,1,0,0,1.0,0,0,0,0,0,6,0,47.0,233,1,0,1,1,1,3,22,0,191
2001,10,CLE,REG,2001_10_CLE_BAL,BAL,19,30,144,0,3,1,-7,0,0,23,144,7,-9.37659066832897,,0,5,3,2,0,30,95,2,0,0,7,2.81598080077674,0,3,3,1,0,19,30,144,0,0,0,23,0,7,-8.32124442547832,0,5,3,2,0,0,44,14,14,2,9,1,2,19,1,4,43,9,1,0,0,0,0,0,1,0,0,7,50,5,0,0,0,0,0,1,1,4,137,2,2,0,0,42.0,1.0,0,1,0,1,0,0,0,0,0,0,0,0,29;42,,,71,0,0,3,3,0,0,1.0,0,0,0,0,0,4,0,56.0,196,0,0,0,1,0,3,44,0,132
2001,10,DAL,REG,2001_10_PHI_DAL,PHI,11,26,102,0,2,3,-21,0,0,19,102,5,-21.4486777849783,,0,4,1,1,0,23,132,0,2,2,6,-4.77198810481851,0,5,4,1,0,11,24,102,0,0,0,19,0,5,-15.9221720382742,0,4,1,1,0,0,45,2,16,3,22,0,0,0,0,1,5,4,0,0,0,0,0,0,0,0,0,10,81,1,1,1,0,2,2,2,12,7,187,1,3,1,1,30.0,0.333333333333333,0,0,1,0,0,0,0,0,0,1,0,0,30,41,47,30,41,47,0,0,0,0,,0,0,0,0,0,5,0,50.0,169,0,2,0,0,0,3,38,0,131
2001,10,DEN,REG,2001_10_WAS_DEN,WAS,11,31,114,1,0,3,-16,1,0,0,114,6,-11.2262766952335,,0,6,3,1,0,27,88,0,0,0,3,-3.2235648250836,0,1,1,1,0,11,30,114,1,2,2,0,0,6,-9.30710365285631,0,6,3,1,0,0,47,5,11,6,29,1,3,23,3,0,0,5,0,2,0,0,1,0,3,0,0,7,57,4,2,3,2,5,2,2,0,3,55,1,1,0,0,33.0,1.0,0,0,1,0,0,0,0,0,0,0,0,0,33,,,33,0,0,1,1,0,0,1.0,0,0,0,0,0,9,0,54.0,354,1,0,1,0,1,7,54,0,300
2001,10,DET,REG,2001_10_DET_ARI,ARI,36,62,436,3,3,1,-7,0,0,27,436,22,13.8658768726816,,0,13,6,6,1,22,49,2,0,0,4,-1.06994509801734,0,1,1,0,0,36,57,436,3,0,0,27,0,22,24.7008310351592,0,13,6,6,1,0,32,17,17,4,10,0,2,6,2,1,13,6,0,1,0,0,1,0,0,0,0,6,69,3,0,1,0,1,0,3,29,8,153,1,1,0,0,49.0,1.0,0,0,0,1,0,0,0,0,0,0,0,0,49,,,49,0,0,5,5,0,0,1.0,0,0,0,0,0,3,0,62.0,148,1,0,1,0,0,2,38,0,110
2001,10,GB,REG,2001_10_ATL_GB,ATL,16,29,262,2,3,2,-19,1,1,74,262,11,-3.53186886483818,,0,10,5,3,2,19,70,0,1,0,2,-2.68570331530646,0,1,1,1,0,16,29,262,2,0,0,74,0,11,3.80026438279529,0,10,5,3,2,0,39,14,28,3,17,1,3,17,3,2,6,10,0,0,0,0,1,-2,0,0,0,3,25,5,1,1,0,2,1,1,6,5,73,2,2,0,0,45.0,1.0,0,0,1,1,0,0,0,0,0,0,0,0,39;45,,,84,0,0,2,2,0,0,1.0,0,0,0,0,0,4,0,55.0,191,2,1,1,0,0,2,18,0,173
2001,10,IND,REG,2001_10_IND_NO,NO,18,28,262,1,1,0,0,0,0,9,262,11,7.81410289973828,,0,11,4,2,1,23,77,1,0,0,4,-4.50171990046565,0,2,1,0,0,18,27,262,1,0,0,9,0,11,7.53152604791103,0,11,4,2,1,0,42,21,21,7,39,0,4,28,4,0,0,1,0,0,0,0,0,0,0,0,0,6,77,6,0,0,0,0,0,2,5,6,115,2,2,0,0,52.0,1.0,0,0,0,1,1,0,0,0,0,0,0,0,52;41,,,93,0,0,2,2,0,0,1.0,0,0,0,0,0,5,0,57.0,203,1,1,0,0,2,2,29,0,174
2001,10,JAC,REG,2001_10_JAX_PIT,JAX,17,31,225,0,0,5,-39,3,3,0,225,10,,,0,9,6,5,1,16,48,0,0,0,1,,0,1,1,1,0,17,31,225,0,0,0,0,0,10,,0,9,6,5,1,1,44,12,22,7,21,0,2,9,2,0,0,5,0,0,0,0,0,0,0,0,0,7,35,1,4,0,1,4,3,5,39,4,126,0,1,1,0,,0.0,0,0,0,0,0,0,0,0,0,1,0,0,,47,,0,47,0,1,1,0,0,1.0,0,0,0,0,0,7,0,51.0,326,3,0,1,0,2,4,25,0,301
2001,10,MIA,REG,2001_10_NYJ_MIA,NYJ,24,36,188,0,3,3,-12,1,1,24,188,10,-23.1842404655085,,0,5,1,0,0,30,78,0,1,0,5,-4.38135076424805,0,1,0,0,0,24,36,188,0,1,1,24,0,10,-19.7016107662348,0,5,1,0,0,0,28,0,16,3,13,0,0,0,0,0,0,4,0,0,0,0,1,0,0,0,0,4,21,2,3,0,0,3,2,4,57,4,71,0,1,1,0,,0.0,0,0,0,0,0,0,0,0,0,1,0,0,,42,,0,42,0,0,0,0,0,,0,0,0,0,0,6,0,47.0,243,1,1,2,0,0,3,10,0,233
2001,10,MIN,REG,2001_10_NYG_MIN,NYG,26,38,277,4,2,3,-14,1,1,11,277,15,9.54461418325081,,0,7,3,3,1,28,96,0,0,0,5,-3.54812267702073,0,4,3,0,0,26,36,277,4,0,0,11,0,15,16.9743324479205,0,7,3,3,1,0,40,7,11,6,33,3,4,24,3,2,14,6,0,0,0,0,0,0,0,0,0,9,75,3,1,0,0,1,1,3,20,5,107,0,0,0,0,,,0,0,0,0,0,0,0,0,0,0,0,0,,,,0,0,0,4,4,0,0,1.0,0,0,0,0,0,2,0,52.0,74,1,0,0,0,1,1,5,0,69
2001,10,NE,REG,2001_10_STL_NE,LA,19,27,185,1,2,2,-6,0,0,14,185,8,-5.99721502955072,,0,8,5,2,0,20,51,0,1,1,5,-4.62824547386845,0,0,0,0,0,19,27,185,1,0,0,14,0,8,-3.51736365328543,0,8,5,2,0,0,40,19,19,1,5,0,1,5,1,2,56,6,1,0,0,0,0,0,1,0,0,3,15,5,1,0,0,1,1,1,7,5,81,1,1,0,0,33.0,1.0,0,0,1,0,0,0,0,0,0,0,0,0,33,,,33,0,0,2,2,0,0,1.0,0,0,0,0,0,4,0,57.0,164,1,0,1,0,1,2,1,0,163
2001,10,NO,REG,2001_10_IND_NO,IND,19,22,249,2,0,4,-28,0,0,0,249,14,7.75603301353641,,0,10,6,5,1,37,157,2,0,0,8,1.6184393792646,0,5,3,0,0,19,22,249,2,0,0,0,0,14,13.8474977867061,0,10,6,5,1,0,35,12,12,0,0,0,0,0,0,1,40,5,0,0,0,0,0,0,0,0,0,6,51,1,0,0,0,0,0,2,29,4,124,2,2,0,0,48.0,1.0,0,0,0,2,0,0,0,0,0,0,0,0,46;48,,,94,0,0,4,4,0,0,1.0,0,0,0,0,0,2,0,43.0,82,0,0,0,0,0,2,5,0,77
2001,10,NYG,REG,2001_10_NYG_MIN,MIN,21,37,321,0,2,4,-24,2,0,33,321,12,1.74383178529648,,0,13,7,7,0,15,61,1,2,0,4,1.69705939560663,0,2,2,2,0,21,37,321,0,0,0,33,0,12,5.57606524605731,0,13,7,7,0,0,48,9,17,6,20,1,3,14,2,2,27,4,0,0,0,0,4,0,1,0,0,15,150,4,3,1,0,4,0,1,5,4,65,3,4,1,0,51.0,0.75,0,0,1,1,1,0,0,0,0,0,1,0,43;36;51,52,,130,52,0,1,1,0,0,1.0,0,0,0,0,0,3,0,62.0,149,0,0,0,0,0,3,20,0,129
2001,10,NYJ,REG,2001_10_NYJ_MIA,MIA,10,21,76,1,0,0,0,0,0,0,76,4,-1.7778169894591,,0,3,2,0,0,28,86,0,0,0,6,-8.37017851109018,0,4,3,1,0,10,21,76,1,0,0,0,0,4,-1.7778169894591,0,3,2,0,0,0,54,0,14,4,12,3,3,12,2,3,151,6,2,0,0,0,1,-5,2,0,0,1,10,3,0,1,0,1,0,3,10,1,20,1,1,0,0,43.0,1.0,0,0,0,1,0,0,0,0,0,0,0,0,43,,,43,0,0,3,3,0,0,1.0,0,0,0,0,0,8,0,54.0,386,2,1,2,1,0,4,57,0,309
2001,10,OAK,REG,2001_10_SD_OAK,LV,25,38,311,4,1,4,-18,2,0,32,311,15,,,0,15,7,5,0,28,88,0,0,0,5,,0,2,2,0,0,25,38,311,4,0,0,32,0,15,,0,15,7,5,0,0,35,13,13,2,6,0,0,0,0,1,23,8,0,0,0,0,2,0,1,11,0,2,25,2,2,0,0,2,0,2,26,4,93,2,2,0,0,25.0,1.0,0,2,0,0,0,0,0,0,0,0,0,0,24;25,,,49,0,0,4,4,0,0,1.0,0,0,0,0,0,5,0,63.0,239,2,2,0,0,0,3,23,0,216
2001,10,PHI,REG,2001_10_PHI_DAL,DAL,16,32,129,1,1,0,0,0,0,8,129,7,-3.32343145225286,,0,5,1,1,0,35,98,0,0,0,8,-3.63276839543907,0,6,3,0,0,16,30,129,1,0,0,8,0,7,-2.70002652330413,0,5,1,1,0,0,43,0,6,4,15,1,3,21,4,2,83,4,2,0,0,0,0,0,2,0,0,3,22,3,0,0,0,0,0,3,38,2,78,5,5,0,0,46.0,1.0,0,3,1,1,0,0,0,0,0,0,0,0,24;46;26;28;30,,,154,0,0,3,3,0,0,1.0,0,0,0,0,0,3,0,54.0,141,3,0,0,0,1,2,12,0,129
2001,10,PIT,REG,2001_10_JAX_PIT,JAX,21,33,266,1,0,2,-9,0,0,0,266,13,8.8875529541722,,0,10,6,4,1,34,145,1,0,0,7,-6.07804384891642,0,5,4,2,1,21,32,266,1,0,0,0,0,13,10.7634827997661,0,10,6,4,1,0,28,14,18,6,22,4,5,39,2,0,0,8,0,0,0,0,0,0,3,0,0,9,65,3,0,0,0,0,0,4,25,1,16,2,2,0,0,48.0,1.0,0,1,0,1,0,0,0,0,0,0,0,0,48;28,,,76,0,0,2,2,0,0,1.0,0,0,0,0,0,8,0,55.0,367,5,0,0,1,2,5,39,0,308
2001,10,SD,REG,2001_10_SD_OAK,LV,12,27,98,0,1,0,0,0,0,53,98,5,,,0,4,2,1,0,29,152,2,2,1,5,,0,2,1,1,1,12,26,98,0,0,0,53,0,5,,0,4,2,1,0,1,47,14,14,4,14,2,4,18,2,1,3,5,0,0,0,0,1,-6,0,0,0,5,47,4,0,2,0,2,1,3,23,7,269,1,1,0,0,26.0,1.0,0,1,0,0,0,0,0,0,0,0,0,0,26,,,26,0,0,3,3,0,0,1.0,0,0,0,0,0,7,0,62.0,278,3,3,0,0,2,2,26,0,252
2001,10,SEA,REG,2001_10_SEA_BUF,BUF,16,23,134,1,0,0,0,0,0,0,134,7,6.47569341859875,,0,4,2,1,0,32,112,1,0,0,9,-1.5904862463527,0,3,3,1,0,16,22,134,1,0,0,0,0,7,7.40348597704528,0,4,2,1,0,0,47,5,15,2,9,4,2,13,0,0,0,6,0,0,0,0,0,0,2,0,0,7,57,4,0,0,0,0,0,1,4,4,41,3,3,0,0,51.0,1.0,0,0,1,1,1,0,0,0,0,0,0,0,40;38;51,,,129,0,0,2,2,0,0,1.0,0,0,0,0,0,4,0,59.0,197,2,0,3,0,0,1,8,0,189
2001,10,SF,REG,2001_10_SF_CAR,CAR,34,54,305,3,2,3,-9,0,0,7,305,20,9.3883771592956,,1,10,3,3,1,26,121,0,0,0,4,-0.0023370061935548,0,2,1,1,0,34,54,305,3,1,1,7,0,20,8.58905448268354,1,10,3,3,1,0,39,3,11,2,5,1,0,0,0,0,0,2,0,0,0,0,0,0,0,0,0,10,70,6,0,1,0,1,1,0,0,7,147,1,1,0,0,26.0,1.0,0,1,0,0,0,0,0,0,0,0,0,0,26,,,26,0,0,2,2,0,0,1.0,1,1,0,0,26,7,0,59.0,344,2,2,0,0,0,5,52,0,292
2001,10,STL,REG,2001_10_STL_NE,LA,30,42,401,3,2,1,-5,0,0,11,401,19,,,0,21,11,5,0,28,86,0,2,1,6,,0,1,1,0,0,30,41,401,3,0,0,11,0,19,,0,21,11,5,0,0,20,26,26,3,10,1,2,6,2,2,18,3,0,0,0,0,1,-8,1,0,0,5,36,5,0,2,0,2,1,2,1,4,86,1,2,1,0,35.0,0.5,0,0,1,0,0,0,0,0,0,1,0,0,35,42,,35,42,0,3,3,0,0,1.0,0,0,0,0,0,2,0,52.0,89,2,0,1,0,0,1,7,0,82
2001,10,TB,REG,2001_10_CHI_TB,CHI,41,57,404,0,2,2,-9,0,0,32,404,21,2.06668860928627,,1,17,5,3,0,15,19,2,1,1,3,-6.51675385126146,0,0,0,0,0,41,56,404,0,1,1,32,0,21,0.903619177743552,1,17,5,3,0,0,48,5,5,5,24,1,3,22,2,1,0,7,0,2,0,0,2,0,0,0,0,3,39,5,2,2,0,4,2,6,27,5,115,3,4,1,0,38.0,0.75,0,2,1,0,0,0,0,0,0,1,0,0,25;38;26,48,,89,48,0,1,1,0,0,1.0,0,0,0,0,0,4,0,48.0,168,0,0,0,0,0,4,19,0,149
2001,10,TEN,REG,2001_10_TEN_CIN,CIN,16,25,172,1,1,1,-8,0,0,9,172,10,6.47081817924581,,0,6,3,3,0,31,129,0,2,1,2,-7.66626617568545,0,5,4,1,0,16,25,172,1,0,0,9,0,10,7.87645812803484,0,6,3,3,0,1,43,0,16,7,36,1,1,10,1,2,0,10,0,0,0,0,1,-5,1,0,0,11,93,2,1,1,0,2,1,3,22,2,125,2,2,0,0,41.0,1.0,0,0,1,1,0,0,0,0,0,0,0,0,41;37,,,78,0,0,2,2,0,0,1.0,0,0,0,0,0,6,0,60.0,270,3,0,0,2,2,2,10,0,220
2001,10,WAS,REG,2001_10_WAS_DEN,DEN,16,31,150,2,0,3,-23,0,0,0,150,10,-0.747212126385421,,0,8,1,0,0,32,118,0,3,2,6,-10.3373154181636,0,5,3,1,0,16,31,150,2,0,0,0,0,10,3.6118090886157,0,8,1,0,0,0,41,2,6,2,16,2,3,16,2,0,0,4,0,2,0,0,2,-4,2,0,0,7,54,5,1,4,0,5,3,7,54,2,36,1,1,0,0,48.0,1.0,0,0,0,1,0,0,0,0,0,0,0,0,48,,,48,0,0,2,2,0,0,1.0,0,0,0,0,0,8,0,51.0,335,5,0,2,3,1,2,0,0,275
2001,11,ARI,REG,2001_11_ARI_SD,LAC,19,31,241,1,2,3,-14,0,0,13,241,12,2.99809952708893,,0,10,6,3,0,24,71,1,0,0,5,0.127000971555931,0,1,0,0,0,19,31,241,1,0,0,13,0,12,5.56125821906608,0,10,6,3,0,0,54,7,7,1,3,1,0,0,0,0,0,1,0,0,0,0,0,0,1,0,0,3,26,3,0,0,0,0,0,2,25,4,140,2,2,0,0,42.0,1.0,1,0,0,1,0,0,0,0,0,0,0,0,18;42,,,60,0,0,2,2,0,0,1.0,1,1,0,0,42,4,0,48.0,168,1,0,0,0,1,3,6,0,162
2001,11,ATL,REG,2001_11_ATL_CAR,CAR,14,27,132,0,0,4,-38,0,0,0,132,5,-5.43954999822304,,0,6,2,2,0,33,145,1,1,0,8,1.25209304771852,0,3,3,2,1,14,27,132,0,0,0,0,0,5,1.34446735777314,0,6,2,2,0,0,47,1,11,6,23,1,4,20,5,2,6,4,0,0,0,0,1,-3,0,0,0,4,30,4,0,1,0,1,0,2,28,2,44,1,1,0,0,39.0,1.0,0,0,1,0,0,0,0,0,0,0,0,0,39,,,39,0,0,1,1,0,0,1.0,0,0,0,0,0,9,0,54.0,321,1,3,1,0,1,4,16,0,305
2001,11,BAL,REG,2001_11_BAL_JAX,JAX,44,68,518,2,1,6,-42,2,0,28,518,31,15.3206605299573,,0,27,13,8,0,61,190,4,2,1,10,-9.31618363573216,0,5,3,0,0,44,65,518,2,1,0,28,0,31,18.9813393789853,0,27,13,8,0,0,114,0,10,12,52,5,6,42,4,1,26,7,4,1,0,0,3,0,1,1,0,15,97,5,5,0,0,5,1,4,39,8,143,1,3,2,0,41.0,0.333333333333333,0,0,0,1,0,0,0,0,1,1,0,0,41,38;41,,41,79,0,6,6,0,0,1.0,0,0,0,0,0,12,0,49.0,470,3,0,1,1,6,4,39,0,411
2001,11,BUF,REG,2001_11_MIA_BUF,MIA,21,34,309,3,1,4,-14,1,0,9,309,12,9.65896601340501,,0,11,6,5,2,26,127,1,0,0,5,1.66799729474587,0,3,3,2,0,21,32,309,3,1,1,9,0,12,7.5768777129706,0,11,6,5,2,0,40,9,19,6,26,1,2,16,2,0,0,5,0,0,0,0,1,0,1,17,0,10,71,6,3,0,0,3,2,1,0,7,121,0,0,0,0,,,0,0,0,0,0,0,0,0,0,0,0,0,,,,0,0,0,3,4,1,0,0.75,0,0,0,0,0,6,0,48.0,232,1,2,0,0,0,4,39,0,193
2001,11,CAR,REG,2001_11_ATL_CAR,ATL,17,31,171,0,2,4,-20,0,0,40,171,8,-5.69555612420663,,0,7,2,1,0,28,96,1,0,0,6,-7.02107922954019,0,5,2,0,0,17,30,171,0,0,0,40,0,8,-0.0553807497490197,0,7,2,1,0,0,49,1,13,9,35,0,4,38,5,0,0,3,0,0,0,0,1,0,0,0,0,6,30,4,1,0,0,1,0,4,16,2,42,0,0,0,0,,,0,0,0,0,0,0,0,0,0,0,0,0,,,,0,0,0,1,1,0,0,1.0,0,0,0,0,0,7,0,64.0,383,2,0,1,3,1,2,28,0,295
2001,11,CHI,REG,2001_11_CHI_MIN,MIN,10,21,97,0,0,1,-4,0,0,0,97,3,-7.16162352596901,,0,4,3,2,0,30,142,1,1,1,8,-3.98662493075244,0,5,5,1,0,10,21,97,0,0,0,0,0,3,-5.45408160525866,0,4,3,2,0,0,47,8,22,4,22,1,3,17,4,1,8,8,0,0,0,0,0,-12,0,0,0,2,15,4,0,1,0,1,1,4,59,3,64,2,2,0,0,43.0,1.0,0,0,1,1,0,0,0,0,0,0,0,0,30;43,,,73,0,0,1,1,0,0,1.0,0,0,0,0,0,8,0,55.0,345,3,0,0,0,1,7,39,0,306
2001,11,CIN,REG,2001_11_CIN_CLE,CLE,13,33,125,0,5,3,-18,0,0,64,125,6,-27.5669238623752,,0,6,2,1,0,24,84,0,0,0,5,-2.65997329857782,0,3,3,0,0,13,33,125,0,2,1,64,0,6,-26.8960648673176,0,6,2,1,0,0,46,14,14,7,26,1,3,18,3,2,10,7,0,1,0,0,2,-22,1,0,0,5,26,6,2,2,0,4,2,5,126,4,77,0,2,2,0,,0.0,0,0,0,0,0,0,0,0,0,2,0,0,,43;47,,0,90,0,0,0,0,0,,0,0,0,0,0,5,0,50.0,220,3,1,2,0,1,1,4,0,216
2001,11,CLE,REG,2001_11_CIN_CLE,CIN,16,27,189,1,2,3,-18,0,0,35,189,7,-5.476195619364,,0,5,3,3,1,39,78,0,2,1,6,-13.4513091836201,0,0,0,0,0,16,27,189,1,1,0,35,0,7,-2.23614388568487,0,5,3,3,1,0,34,14,16,3,28,2,3,18,4,5,118,15,0,0,0,0,2,-4,2,0,0,2,25,3,1,3,1,4,1,1,4,1,18,4,4,0,0,33.0,1.0,0,3,1,0,0,0,0,0,0,0,0,0,23;27;23;33,,,106,0,0,0,1,1,0,0.0,0,0,0,0,0,7,0,54.0,325,0,0,0,2,0,5,126,0,159
2001,11,DAL,REG,2001_11_DEN_DAL,DEN,17,33,192,0,0,4,-28,2,1,0,192,9,-11.6410948896226,,0,7,4,4,0,16,27,2,0,0,5,-1.77328313153703,0,1,0,0,0,17,32,192,0,0,0,0,0,9,-0.618321585876402,0,7,4,4,0,1,46,0,28,3,15,0,1,11,1,1,22,5,0,1,0,0,2,0,0,0,0,5,34,6,4,0,0,4,2,5,100,6,124,1,1,0,0,43.0,1.0,0,0,0,1,0,0,0,0,0,0,0,0,43,,,43,0,0,3,3,0,0,1.0,0,0,0,0,0,8,0,52.0,364,0,0,1,2,1,4,63,0,261
2001,11,DEN,REG,2001_11_DEN_DAL,DAL,17,29,171,1,1,1,-11,0,0,10,171,9,-1.2737720784603,,0,8,2,2,0,39,119,1,0,0,8,-5.47889093702333,0,2,1,0,0,17,29,171,1,0,0,10,0,9,1.0970348658634,0,8,2,2,0,0,44,0,2,9,50,4,4,28,2,0,0,6,0,0,0,0,0,0,2,8,0,6,65,3,0,0,0,0,0,4,63,4,68,4,4,0,0,50.0,1.0,0,2,0,1,1,0,0,0,0,0,0,0,24;50;46;28,,,148,0,0,2,2,0,0,1.0,0,0,0,0,0,6,0,56.0,279,1,0,0,1,0,5,100,1,159
2001,11,DET,REG,2001_11_GB_DET,GB,17,39,207,1,1,3,-14,1,0,7,207,7,-5.85622745632274,,0,9,2,2,1,25,167,1,0,0,8,6.34536357178888,1,6,4,4,0,17,38,207,1,1,1,7,0,7,-6.21463986866722,0,9,2,2,1,0,39,2,22,4,13,2,2,17,1,0,0,2,0,0,0,0,1,0,2,8,1,11,117,3,2,0,0,2,1,1,13,6,120,2,2,0,0,54.0,1.0,0,0,1,0,1,0,0,0,0,0,0,0,33;54,,,87,0,0,1,1,0,0,1.0,0,0,0,0,0,3,0,50.0,145,1,0,0,1,1,1,6,0,119
2001,11,GB,REG,2001_11_GB_DET,DET,18,26,252,2,0,2,-17,1,1,0,252,13,5.76624649276734,,0,12,5,4,0,27,104,1,1,0,5,-2.83577746794819,0,3,2,1,0,18,26,252,2,0,0,0,0,13,14.5670063209511,0,12,5,4,0,0,39,2,22,6,19,2,3,14,2,1,35,11,0,0,1,0,1,0,1,0,0,8,63,4,2,1,0,3,2,1,6,6,113,2,2,0,0,46.0,1.0,0,0,1,1,0,0,0,0,0,0,0,0,46;39,,,85,0,0,3,3,0,0,1.0,0,0,0,0,0,4,0,60.0,186,1,0,2,1,0,1,13,0,153
2001,11,IND,REG,2001_11_SF_IND,SF,31,51,370,1,4,1,-6,1,0,74,370,21,-3.77991836291025,,0,18,7,4,0,32,127,2,2,1,9,-6.91212658130098,0,4,4,0,0,31,49,370,1,0,0,74,0,21,2.10644674761002,0,18,7,4,0,0,31,13,13,5,20,0,3,10,3,1,13,2,0,0,0,0,2,-1,0,0,0,7,80,4,2,1,0,3,1,4,24,5,109,0,1,1,0,,0.0,0,0,0,0,0,0,0,0,0,0,1,0,,54,,0,54,0,3,3,0,0,1.0,0,0,0,0,0,3,0,53.0,124,1,0,0,1,1,1,14,0,90
2001,11,KC,REG,2001_11_SEA_KC,SEA,16,26,256,0,0,3,-11,2,0,0,256,10,7.4949125486537,,0,10,6,5,1,44,188,2,0,0,12,2.80309404145521,0,4,2,0,0,16,25,256,0,0,0,0,0,10,10.7240126890474,0,10,6,5,1,0,32,7,9,4,24,0,3,23,3,0,0,3,0,0,0,0,2,1,0,0,0,3,20,3,2,0,0,2,0,4,24,2,34,2,2,0,0,26.0,1.0,0,2,0,0,0,0,0,0,0,0,0,0,23;26,,,49,0,0,1,1,0,0,1.0,0,0,0,0,0,4,0,45.0,159,1,1,1,0,1,1,10,0,149
2001,11,MIA,REG,2001_11_MIA_BUF,BUF,19,32,277,3,0,2,-16,0,0,0,277,13,13.1932849656428,,0,13,8,5,1,30,101,1,0,0,5,0.285279791751248,0,1,1,0,0,19,31,277,3,1,1,0,0,13,10.9350058746627,0,13,8,5,1,0,45,4,20,4,11,3,4,14,4,1,23,3,0,0,0,0,0,0,2,0,0,8,62,4,1,0,0,1,1,4,39,4,44,2,2,0,0,39.0,1.0,0,1,1,0,0,0,0,0,0,0,0,0,25;39,,,64,0,0,4,4,0,0,1.0,0,0,0,0,0,6,0,77.0,280,2,1,2,2,0,1,0,0,240
2001,11,MIN,REG,2001_11_CHI_MIN,CHI,26,46,209,0,1,3,-17,0,0,-7,209,10,-14.7403126318493,,0,10,3,1,0,23,124,0,1,0,5,0.213481624064905,0,3,1,0,0,26,44,209,0,1,0,-7,0,10,-10.6191768100505,0,10,3,1,0,0,37,4,12,7,16,0,1,4,1,0,0,7,0,0,0,0,2,-2,1,0,0,11,75,6,1,1,0,2,0,7,39,4,82,2,2,0,0,44.0,1.0,0,1,0,1,0,0,0,0,0,0,0,0,44;21,,,65,0,0,0,0,0,0,,0,0,0,0,0,8,0,51.0,371,1,0,0,4,0,4,59,0,232
2001,11,NE,REG,2001_11_NO_NE,NO,19,26,258,4,0,4,-17,2,0,0,258,14,13.5960242572133,,0,11,8,4,1,38,191,1,0,0,10,5.22306499548722,0,8,5,1,0,19,26,258,4,0,0,0,0,14,19.4238472573585,0,11,8,4,1,0,21,20,20,0,0,0,1,0,1,2,0,9,0,0,0,0,2,0,0,0,0,6,64,3,2,0,0,2,0,0,0,3,57,0,1,1,0,,0.0,0,0,0,0,0,0,0,0,0,1,0,0,,46,,0,46,0,4,4,0,0,1.0,0,0,0,0,0,4,0,45.0,172,3,0,2,0,0,2,16,0,156
2001,11,NO,REG,2001_11_NO_NE,NE,16,39,307,1,2,1,0,0,0,28,307,13,8.23144387037651,,0,10,7,5,2,22,121,1,1,0,6,2.58281445352475,0,4,4,1,0,16,38,307,1,0,0,28,0,13,11.8507403743865,0,10,7,5,2,0,24,34,36,5,19,2,4,17,3,0,0,1,0,0,0,0,1,4,0,0,0,5,86,5,0,1,0,1,0,2,16,6,121,1,3,1,1,31.0,0.333333333333333,0,0,1,0,0,0,0,0,0,1,0,0,31,48,43,31,48,43,2,2,0,0,1.0,0,0,0,0,0,3,0,48.0,110,1,0,1,0,2,0,0,0,110
2001,11,NYG,REG,2001_11_OAK_NYG,LV,19,38,184,0,0,3,-24,0,0,0,184,9,-9.28615112429964,,0,8,3,1,0,27,153,1,1,0,9,4.62239807652077,0,6,4,1,0,19,36,184,0,1,0,0,0,9,-2.48222613976816,0,8,3,1,0,0,26,17,19,1,2,1,1,1,0,0,0,2,0,0,0,0,1,-2,0,0,0,5,40,1,1,1,1,2,0,3,20,5,77,1,1,0,0,47.0,1.0,0,0,0,1,0,0,0,0,0,0,0,0,47,,,47,0,0,1,1,0,0,1.0,0,0,0,0,0,6,0,60.0,236,2,0,2,2,2,0,0,0,196
2001,11,OAK,REG,2001_11_OAK_NYG,LV,13,20,221,3,0,1,-1,1,0,0,221,9,,,0,7,6,4,2,32,119,1,0,0,6,,0,1,1,1,0,13,20,221,3,0,0,0,0,9,,0,7,6,4,2,0,35,17,17,4,26,1,3,24,3,0,0,6,0,0,0,0,1,0,0,0,0,4,30,1,1,0,0,1,0,0,0,3,70,0,0,0,0,,,0,0,0,0,0,0,0,0,0,0,0,0,,,,0,0,0,4,4,0,0,1.0,0,0,0,0,0,5,0,64.0,227,1,1,0,1,0,3,20,0,187
2001,11,PHI,REG,2001_11_WAS_PHI,WAS,15,27,92,0,0,0,0,0,0,0,92,2,-10.8982415565087,,0,2,0,0,0,22,94,0,0,0,3,-4.55167563672876,0,1,1,1,0,15,27,92,0,0,0,0,0,2,-10.8982415565087,0,2,0,0,0,0,54,0,22,9,25,0,2,11,2,0,0,5,0,1,0,0,1,0,0,0,0,7,52,3,1,0,0,1,0,2,10,3,41,1,1,0,0,49.0,1.0,0,0,0,1,0,0,0,0,0,0,0,0,49,,,49,0,0,0,0,0,0,,0,0,0,0,0,7,0,60.0,334,0,1,0,0,0,6,70,0,264
2001,11,PIT,REG,2001_11_PIT_TEN,TEN,19,32,254,2,0,1,-7,0,0,0,254,14,19.3371448714569,,0,13,6,5,0,31,130,1,1,0,5,-4.11276812747385,0,4,3,1,1,19,32,254,2,0,0,0,0,14,21.0834650790601,0,13,6,5,0,0,38,6,14,4,18,0,2,10,2,2,47,6,1,0,0,0,1,0,0,0,0,6,62,2,1,0,0,1,0,2,7,5,171,2,3,1,0,39.0,0.666666666666667,0,0,2,0,0,0,0,0,0,1,0,0,39;37,47,,76,47,0,4,4,0,0,1.0,0,0,0,0,0,4,0,52.0,168,0,0,1,0,1,2,22,0,146
2001,11,SD,REG,2001_11_ARI_SD,LAC,33,44,308,2,0,0,0,0,0,0,308,12,,,0,9,6,5,0,23,84,0,1,1,8,,0,3,2,0,0,33,44,308,2,0,0,0,0,12,,0,9,6,5,0,0,41,7,9,3,9,0,3,14,3,2,6,5,0,0,0,0,1,0,0,0,0,6,55,6,1,1,0,2,1,3,6,5,97,1,3,2,0,26.0,0.333333333333333,0,1,0,0,0,0,0,2,0,0,0,0,26,25;27,,26,52,0,2,2,0,0,1.0,0,0,0,0,0,3,0,56.0,153,2,0,1,0,0,2,25,0,128
2001,11,SEA,REG,2001_11_SEA_KC,KC,16,26,162,1,0,3,-23,0,0,0,162,6,-2.23575450775736,,0,6,3,2,0,17,65,0,0,0,5,-1.13610496005276,0,3,3,0,0,16,23,162,1,0,0,0,0,6,4.03714142315964,0,6,3,2,0,0,59,5,7,6,24,2,3,11,1,0,0,1,0,0,0,0,0,0,0,0,0,4,35,4,0,0,0,0,0,1,10,5,123,0,1,1,0,,0.0,0,0,0,0,0,0,0,0,0,1,0,0,,48,,0,48,0,1,1,0,0,1.0,0,0,0,0,0,7,0,51.0,299,4,1,0,1,1,4,24,0,255
2001,11,SF,REG,2001_11_SF_IND,IND,14,22,179,2,1,3,-10,0,0,14,179,9,-1.98295579260166,,0,8,4,2,0,23,171,2,0,0,6,7.83499961107737,0,6,5,3,1,14,22,179,2,0,0,14,0,9,2.9359927092125,0,8,4,2,0,0,51,18,18,7,15,2,1,6,0,4,76,7,1,0,0,0,0,0,1,0,0,8,58,1,0,0,0,0,0,1,14,4,134,2,2,0,0,46.0,1.0,0,0,1,1,0,0,0,0,0,0,0,0,30;46,,,76,0,0,4,4,0,0,1.0,0,0,0,0,0,6,0,52.0,255,3,0,0,0,2,4,24,0,231
2001,11,STL,REG,2001_11_TB_STL,LA,19,39,291,1,2,3,-22,1,1,29,291,14,,,0,10,8,7,1,19,76,0,3,2,4,,1,2,2,0,0,19,38,291,1,0,0,29,0,14,,0,10,8,7,1,0,50,10,10,8,27,0,2,12,2,1,25,4,0,0,0,0,1,-15,0,0,0,5,41,6,3,2,0,5,4,4,42,5,71,3,3,0,0,44.0,1.0,0,1,0,2,0,0,0,0,0,0,0,0,44;42;24,,,110,0,0,0,0,0,0,,0,0,0,0,0,2,0,52.0,94,0,0,1,0,0,1,5,0,89
2001,11,TB,REG,2001_11_TB_STL,LA,21,34,185,0,1,2,-12,0,0,3,185,10,0.660234907815397,,0,7,3,1,0,31,91,3,0,0,7,0.241929326706357,0,1,1,1,0,21,34,185,0,0,0,3,0,10,2.81974081328248,0,7,3,1,0,0,46,3,3,5,26,3,3,22,2,2,21,9,0,0,0,0,0,0,4,0,0,5,36,1,0,0,0,0,0,1,5,4,90,1,2,1,0,36.0,0.5,0,0,1,0,0,0,0,1,0,0,0,0,36,25,,36,25,0,3,3,0,0,1.0,0,0,0,0,0,5,0,55.0,223,0,0,0,0,1,4,42,0,181
2001,11,TEN,REG,2001_11_PIT_TEN,PIT,23,37,334,2,2,2,-10,0,0,6,334,13,-1.64986051248523,,0,12,7,6,1,21,81,1,1,0,6,0.961074614548124,0,4,3,0,0,23,37,334,2,0,0,6,0,13,0.479924696710459,0,12,7,6,1,0,32,13,25,4,20,1,1,7,1,0,0,5,0,0,0,0,1,-2,0,0,0,6,45,3,0,1,0,1,0,2,22,5,88,1,1,0,0,49.0,1.0,0,0,0,1,0,0,0,0,0,0,0,0,49,,,49,0,0,3,3,0,0,1.0,0,0,0,0,0,4,0,48.0,150,2,0,0,0,2,2,7,0,143
2001,11,WAS,REG,2001_11_WAS_PHI,PHI,12,18,96,0,0,2,-11,0,0,0,96,7,2.80873235023119,,0,5,1,1,0,45,155,1,1,0,7,-5.72257718829602,0,4,4,1,0,12,18,96,0,0,0,0,0,7,4.89522087683673,0,5,1,1,0,0,39,0,8,0,0,1,0,0,0,0,0,8,0,0,0,0,1,0,0,0,0,5,41,6,0,1,0,1,0,6,70,1,21,2,3,1,0,43.0,0.666666666666667,0,0,1,1,0,0,0,0,1,0,0,0,43;32,37,,75,37,0,1,1,0,0,1.0,0,0,0,0,0,7,0,55.0,314,1,1,1,2,1,2,10,0,264
2001,12,ARI,REG,2001_12_ARI_OAK,LV,22,38,249,1,0,1,-4,0,0,0,249,12,8.17123669511623,,0,10,7,5,1,34,145,2,1,1,8,-0.829897429920474,1,4,3,2,1,22,36,249,1,0,0,0,0,12,10.1686817883735,0,10,7,5,1,0,46,22,22,2,4,0,1,1,1,2,43,3,0,0,0,0,0,-1,1,0,0,4,30,4,0,1,0,1,1,3,87,6,97,4,5,1,0,36.0,0.8,0,2,2,0,0,0,0,0,0,1,0,0,23;26;33;36,48,,118,48,0,2,2,0,0,1.0,1,1,0,0,36,5,0,44.0,180,1,0,1,0,1,3,17,0,163
2001,12,ATL,REG,2001_12_STL_ATL,LA,21,37,217,0,1,4,-25,1,1,13,217,13,-17.2373533329371,,0,9,7,3,0,30,128,0,0,0,5,0.0938379409821879,0,4,3,1,0,21,36,217,0,0,0,13,0,13,-1.45085160552089,0,9,7,3,0,0,33,4,4,5,17,0,2,9,2,0,0,3,0,0,0,0,0,0,0,0,0,7,61,2,1,0,0,1,1,1,15,6,125,2,4,2,0,41.0,0.5,0,1,0,1,0,0,0,0,0,1,1,0,41;24,50;44,,65,94,0,0,0,0,0,,0,0,0,0,0,2,0,40.0,70,2,0,1,0,1,0,0,0,70
2001,12,BAL,REG,2001_12_IND_BAL,IND,23,39,268,2,1,0,0,0,0,4,268,14,4.27895983484565,,0,13,4,3,0,31,130,1,1,1,4,-9.49664568921435,0,2,2,2,1,23,39,268,2,1,1,4,0,14,-0.806343977674924,0,13,4,3,0,0,35,16,16,7,50,3,3,47,4,1,47,4,1,0,0,0,0,0,3,8,0,5,30,2,3,0,0,3,3,1,13,6,177,4,5,1,0,30.0,0.8,0,3,1,0,0,0,0,0,0,1,0,0,26;30;29;27,46,,112,46,0,3,3,0,0,1.0,0,0,0,0,0,4,0,46.0,148,1,0,3,1,0,0,0,0,128
2001,12,BUF,REG,2001_12_BUF_SF,SF,21,38,168,0,4,2,-6,0,0,79,168,9,-14.123803553099,,0,8,1,0,0,11,29,0,0,0,2,-4.17348175798543,0,1,1,0,0,21,36,168,0,0,0,79,0,9,-6.5752130893673,0,8,1,0,0,0,56,9,11,2,7,1,2,10,3,0,0,5,0,0,0,0,0,0,0,0,0,7,47,4,1,0,0,1,1,0,0,5,85,0,1,1,0,,0.0,0,0,0,0,0,0,0,0,0,1,0,0,,49,,0,49,0,0,0,0,0,,0,0,0,0,0,4,0,66.0,189,0,0,1,1,0,2,6,0,163
2001,12,CAR,REG,2001_12_CAR_NO,NO,11,21,161,0,1,8,-60,1,0,27,161,6,-7.52370081032977,,0,8,6,5,0,19,49,2,0,0,3,-2.17630917088103,0,1,1,0,0,11,21,161,0,0,0,27,0,6,2.40370131548725,0,8,6,5,0,0,53,15,17,5,54,0,3,23,4,1,35,8,0,0,0,0,1,0,1,0,0,3,21,6,1,0,0,1,0,1,3,6,185,3,3,0,0,51.0,1.0,0,1,0,1,1,0,0,0,0,0,0,0,47;23;51,,,121,0,0,2,2,0,0,1.0,0,0,0,0,0,6,0,70.0,326,2,0,1,0,1,4,64,0,262
2001,12,CHI,REG,2001_12_DET_CHI,DET,17,34,124,0,1,0,0,0,0,4,124,7,-10.6488085920831,,0,3,2,0,0,34,108,1,0,0,8,-0.610285290167667,0,2,1,0,0,17,34,124,0,0,0,4,0,7,-10.6488085920831,0,3,2,0,0,0,48,6,8,6,22,1,5,28,5,0,0,5,0,0,0,0,0,0,1,5,0,5,56,2,0,0,0,0,0,2,5,3,39,2,3,1,0,46.0,0.666666666666667,0,1,0,1,0,0,0,0,1,0,0,0,46;26,39,,72,39,0,1,1,0,0,1.0,0,0,0,0,0,4,0,53.0,182,2,0,0,0,2,2,3,0,179
2001,12,CIN,REG,2001_12_TB_CIN,TB,19,38,144,1,1,3,-29,1,0,20,144,10,-7.29497476959928,,0,5,1,0,0,24,86,0,2,1,5,-3.80331152470829,0,1,1,0,0,19,36,144,1,0,0,20,0,10,-0.649084064835692,0,5,1,0,0,0,60,0,10,16,47,1,6,32,6,0,0,2,0,0,0,0,2,0,1,12,0,8,47,6,3,0,0,3,1,1,8,4,75,2,2,0,0,41.0,1.0,0,1,0,1,0,0,0,0,0,0,0,0,23;41,,,64,0,0,1,1,0,0,1.0,0,0,0,0,0,5,1,50.0,192,1,0,1,1,1,2,13,0,159
2001,12,CLE,REG,2001_12_TEN_CLE,TEN,24,38,224,2,1,2,-7,0,0,9,224,10,0.0319870525272563,,0,10,4,3,0,17,65,0,2,1,4,-5.77397771623498,1,3,3,1,0,24,37,224,2,1,0,9,0,10,2.26515388104599,0,10,4,3,0,0,39,17,17,5,9,0,0,0,0,0,0,4,0,0,0,0,2,0,0,0,0,7,52,1,3,1,0,4,2,2,12,5,106,0,0,0,0,,,0,0,0,0,0,0,0,0,0,0,0,0,,,,0,0,0,1,1,0,0,1.0,0,0,0,0,0,7,0,48.0,300,1,0,1,0,1,5,33,0,267
2001,12,DAL,REG,2001_12_DAL_WAS,WAS,7,14,130,1,1,2,-8,0,0,24,130,6,4.46319510970927,,0,5,2,1,1,45,215,1,0,0,12,3.48884411169775,0,9,4,1,1,7,13,130,1,0,0,24,0,6,8.07555192538895,0,5,2,1,1,0,36,4,8,4,18,0,3,20,4,1,42,4,0,0,0,0,0,0,0,0,0,7,45,3,0,0,0,0,0,2,29,2,54,2,3,1,0,39.0,0.666666666666667,0,0,2,0,0,0,0,0,0,1,0,0,38;39,44,,77,44,0,2,2,0,0,1.0,0,0,0,0,0,3,0,43.0,115,1,0,2,0,0,1,34,0,81
2001,12,DEN,REG,2001_12_DEN_MIA,MIA,18,33,135,1,1,1,-9,1,0,-4,135,10,-10.9248957832991,,0,5,0,0,0,32,147,0,1,0,8,3.20943358016666,0,3,3,0,0,18,33,135,1,0,0,-4,0,10,-9.51288172264531,0,5,0,0,0,0,39,0,8,5,12,1,0,0,0,0,0,2,0,0,0,0,2,-1,1,0,0,5,39,3,2,1,0,3,1,2,10,4,62,1,1,0,0,45.0,1.0,0,0,0,1,0,0,0,0,0,0,0,0,45,,,45,0,0,1,1,0,0,1.0,0,0,0,0,0,6,0,61.0,286,0,1,0,1,0,4,41,0,225
2001,12,DET,REG,2001_12_DET_CHI,CHI,22,37,256,0,0,5,-28,1,1,0,256,12,3.51090185401996,,0,9,6,3,1,23,67,1,0,0,3,-4.15728429438768,0,2,1,0,0,22,37,256,0,0,0,0,0,12,11.3411256516076,0,9,6,3,1,0,47,7,7,3,6,0,0,0,0,1,0,7,0,0,0,0,1,0,0,0,0,10,79,5,1,1,0,2,1,2,3,4,87,1,4,3,0,36.0,0.25,0,0,1,0,0,0,0,0,0,3,0,0,36,45;48;40,,36,133,0,1,1,0,0,1.0,0,0,0,0,0,5,0,51.0,204,1,0,0,1,2,2,5,0,179
2001,12,GB,REG,2001_12_GB_JAX,JAX,50,87,673,4,2,6,-35,2,2,37,673,29,19.7462962212378,,1,27,14,10,3,44,99,1,0,0,5,-5.93906384952924,0,2,0,0,0,50,86,673,4,1,0,37,0,29,15.4061312857887,1,27,14,10,3,0,105,0,4,13,43,3,6,35,4,2,23,14,2,2,0,0,0,0,3,60,1,22,192,7,3,1,1,4,3,4,35,10,190,2,5,2,1,34.0,0.4,0,0,2,0,0,0,0,0,0,1,1,0,34;30,52;42,29,64,94,29,5,5,0,0,1.0,0,0,0,0,0,13,0,68.0,573,3,0,1,3,4,4,35,0,478
2001,12,IND,REG,2001_12_IND_BAL,BAL,27,48,310,2,1,3,-47,0,0,21,310,14,-4.96750426894393,,0,11,6,4,2,17,51,0,2,2,2,-10.9837656699237,0,0,0,0,0,27,45,310,2,1,1,21,0,14,-0.500646735740489,0,11,6,4,2,0,38,19,19,2,2,3,0,0,0,1,30,4,1,0,0,0,0,0,3,-91,0,6,83,4,3,0,0,3,3,0,0,9,182,2,2,0,0,33.0,1.0,0,1,1,0,0,0,0,0,0,0,0,0,33;25,,,58,0,0,3,3,0,0,1.0,0,0,0,0,0,7,0,49.0,259,1,1,3,1,1,1,13,0,226
2001,12,KC,REG,2001_12_PHI_KC,PHI,21,35,213,1,1,2,-5,0,0,39,213,10,-1.65683159834353,,0,9,4,1,0,20,83,0,0,0,6,0.56414201122243,0,2,2,0,0,21,35,213,1,1,1,39,0,10,-4.41853295176171,0,9,4,1,0,0,50,4,6,6,28,0,2,18,2,1,14,3,0,1,0,0,0,0,0,0,0,3,43,5,1,1,0,2,2,3,22,5,131,1,1,0,0,29.0,1.0,0,1,0,0,0,0,0,0,0,0,0,0,29,,,29,0,0,1,1,0,0,1.0,0,0,0,0,0,5,0,43.0,186,1,0,1,1,2,1,1,0,165
2001,12,MIA,REG,2001_12_DEN_MIA,DEN,18,28,176,1,0,0,0,0,0,0,176,6,4.25462057633558,,0,9,2,2,0,22,42,1,0,0,5,-5.37658450289746,0,2,0,0,0,18,28,176,1,1,1,0,0,6,2.04512991581578,0,9,2,2,0,0,47,0,18,3,4,2,1,9,0,1,56,10,1,0,0,0,0,0,1,0,0,7,70,3,1,0,0,1,1,4,41,3,70,0,0,0,0,,,0,0,0,0,0,0,0,0,0,0,0,0,,,,0,0,0,3,3,0,0,1.0,0,0,0,0,0,7,0,59.0,300,4,1,3,0,1,2,10,0,290
2001,12,MIN,REG,2001_12_MIN_PIT,PIT,23,32,340,2,2,0,0,0,0,42,340,10,9.75618575082711,,0,11,7,5,2,16,45,0,0,0,2,-4.40831982460804,0,1,1,0,0,23,32,340,2,0,0,42,0,10,9.75618575082711,0,11,7,5,2,0,40,19,29,3,10,2,0,0,0,1,11,2,0,0,0,0,0,0,1,0,0,5,36,6,1,0,0,1,1,1,9,4,93,1,2,1,0,25.0,0.5,0,1,0,0,0,0,0,0,1,0,0,0,25,38,,25,38,0,1,1,0,0,1.0,0,0,0,0,0,3,0,53.0,143,0,0,1,0,0,2,28,0,115
2001,12,NE,REG,2001_12_NE_NYJ,NYJ,20,28,213,0,0,3,-22,1,0,0,213,9,4.37730422255117,,0,7,4,2,2,23,73,2,0,0,5,-0.130761967797298,0,2,1,0,0,20,28,213,0,0,0,0,0,9,7.7084497648757,0,7,4,2,2,0,39,12,12,7,21,1,3,15,2,2,12,4,0,0,0,0,1,0,0,0,0,4,28,4,1,0,0,1,0,2,0,5,90,1,1,0,0,28.0,1.0,0,1,0,0,0,0,0,0,0,0,0,0,28,,,28,0,0,2,2,0,0,1.0,0,0,0,0,0,6,0,46.0,217,2,1,2,0,1,2,6,0,211
2001,12,NO,REG,2001_12_CAR_NO,CAR,26,40,330,3,1,3,-23,0,0,40,330,17,13.3995735246191,,0,14,8,5,1,34,125,0,2,1,8,-8.88956094934838,0,4,1,0,0,26,40,330,3,0,0,40,0,17,17.6929557462483,0,14,8,5,1,0,32,13,15,9,52,1,8,60,8,1,0,2,0,0,0,0,1,-35,0,0,0,10,85,6,0,2,0,2,1,4,64,6,153,2,2,0,0,42.0,1.0,0,1,0,1,0,0,0,0,0,0,0,0,42;24,,,66,0,0,3,3,0,0,1.0,0,0,0,0,0,5,0,53.0,208,0,0,1,1,2,1,3,0,185
2001,12,NYJ,REG,2001_12_NE_NYJ,NE,18,32,172,1,2,3,-15,1,0,19,172,9,-2.21198669924291,,0,4,4,4,0,28,131,0,0,0,8,-3.45471420077127,0,6,5,0,0,18,32,172,1,0,0,19,0,9,0.494632053262258,0,4,4,4,0,0,31,18,18,4,26,1,3,22,2,0,0,4,0,0,0,0,1,0,0,0,0,2,5,6,1,0,0,1,0,2,6,4,75,3,3,0,0,50.0,1.0,1,0,0,1,1,0,0,0,0,0,0,0,19;40;50,,,109,0,0,1,1,0,0,1.0,0,0,0,0,0,3,0,47.0,106,0,0,1,0,0,2,0,0,106
2001,12,OAK,REG,2001_12_ARI_OAK,LV,29,45,302,3,2,1,-1,0,0,33,302,15,,,0,11,6,3,0,32,135,1,0,0,10,,0,2,2,0,0,29,45,302,3,0,0,33,0,15,,0,11,6,3,0,0,50,14,16,6,19,0,1,4,2,0,0,3,0,0,0,0,0,0,1,0,0,8,76,3,0,1,0,1,1,3,17,7,134,1,2,0,1,24.0,0.5,0,1,0,0,0,0,0,0,0,0,0,0,24,,41,24,0,41,4,4,0,0,1.0,0,0,0,0,0,5,0,61.0,228,1,1,1,0,0,3,87,0,141
2001,12,PHI,REG,2001_12_PHI_KC,KC,18,26,269,2,1,2,-18,0,0,17,269,13,11.9131746414228,,0,11,7,5,1,36,127,0,0,0,4,-2.95788126145806,0,3,2,0,0,18,26,269,2,0,0,17,0,13,15.4283072368708,0,11,7,5,1,0,47,3,3,0,0,1,2,5,2,1,8,6,0,0,0,0,0,0,2,0,0,5,35,1,0,0,0,0,0,1,1,3,49,3,3,0,0,38.0,1.0,0,1,2,0,0,0,0,0,0,0,0,0,24;33;38,,,95,0,0,2,2,0,0,1.0,0,0,0,0,0,5,0,52.0,157,2,0,0,0,2,3,22,0,135
2001,12,PIT,REG,2001_12_MIN_PIT,MIN,13,19,157,0,1,0,0,0,0,19,157,8,4.46421815246577,,0,9,4,2,0,46,207,3,2,1,12,-0.434483804681804,0,6,6,3,1,13,19,157,0,0,0,19,0,8,4.46421815246577,0,9,4,2,0,0,32,9,13,3,7,1,0,0,0,2,35,6,0,0,0,0,1,0,1,0,0,3,30,4,2,0,0,2,1,2,28,4,54,0,1,1,0,,0.0,0,0,0,0,0,0,0,0,0,1,0,0,,40,,0,40,0,3,3,0,0,1.0,0,0,0,0,0,4,0,43.0,153,2,1,0,0,2,1,9,0,144
2001,12,SD,REG,2001_12_SD_SEA,LAC,19,33,195,0,2,1,-10,0,0,30,195,9,,,0,8,4,2,0,27,107,1,0,0,7,,0,4,3,0,0,19,33,195,0,1,1,30,0,9,,0,8,4,2,0,0,45,17,17,5,17,0,2,10,2,0,0,4,0,0,0,0,0,0,0,0,0,7,46,3,1,0,0,1,1,4,45,3,58,1,2,1,0,26.0,0.5,0,1,0,0,0,0,0,0,0,0,1,0,26,53,,26,53,0,1,1,0,0,1.0,0,0,0,0,0,5,0,48.0,190,2,0,1,1,2,1,13,0,157
2001,12,SEA,REG,2001_12_SD_SEA,LAC,19,35,202,0,0,2,-10,0,0,0,202,9,-5.00965535775103,,0,8,6,3,1,36,117,1,0,0,7,-2.20847478771177,0,1,1,0,0,19,35,202,0,0,0,0,0,9,-2.62403907668121,0,8,6,3,1,0,37,15,15,3,15,1,1,10,1,2,5,5,0,0,0,0,0,0,1,0,0,3,24,5,0,0,0,0,0,1,13,3,92,2,4,2,0,43.0,0.5,0,1,0,1,0,0,0,0,0,2,0,0,43;24,43;48,,67,91,0,1,1,0,0,1.0,1,1,0,0,24,7,0,42.0,263,1,0,2,0,1,4,45,0,218
2001,12,SF,REG,2001_12_BUF_SF,BUF,19,27,189,2,0,2,-10,0,0,0,189,12,5.93396063028281,,0,10,4,1,0,43,230,3,1,0,13,9.69567607341832,0,5,4,0,0,19,26,189,2,0,0,0,0,12,8.26461513021872,0,10,4,1,0,0,31,7,7,2,7,1,2,6,2,4,47,9,0,0,0,0,1,0,1,0,0,1,10,1,1,0,0,1,0,2,6,1,24,0,2,1,1,,0.0,0,0,0,0,0,0,0,0,1,0,0,0,,32,22,0,32,22,5,5,0,0,1.0,0,0,0,0,0,1,0,47.0,47,1,0,1,0,0,0,0,0,47
2001,12,STL,REG,2001_12_STL_ATL,ATL,17,23,342,4,0,2,-9,0,0,0,342,14,,,0,14,9,7,2,20,89,0,0,0,3,,0,3,2,0,0,17,23,342,4,0,0,0,0,14,,0,14,9,7,2,0,56,3,5,3,21,1,4,25,4,1,56,3,0,0,0,0,0,0,1,0,0,12,107,5,0,0,0,0,0,0,0,2,31,0,1,1,0,,0.0,0,0,0,0,0,0,0,0,0,1,0,0,,45,,0,45,0,5,5,0,0,1.0,0,0,0,0,0,3,0,51.0,125,1,0,1,1,0,1,15,0,90
2001,12,TB,REG,2001_12_TB_CIN,CIN,26,33,231,0,0,6,-32,0,0,0,231,13,5.60234327359869,,0,9,1,1,0,30,65,0,0,0,4,-7.82563012948743,0,3,0,0,0,26,33,231,0,1,1,0,0,13,6.37485817728377,0,9,1,1,0,1,42,1,21,5,35,3,3,29,2,1,15,4,0,0,0,11,0,0,1,0,0,7,52,3,1,0,0,1,1,2,13,3,49,3,5,2,0,48.0,0.6,0,1,1,1,0,0,0,0,0,1,1,0,38;48;21,43;51,,107,94,0,1,1,0,0,1.0,1,1,0,0,21,3,0,50.0,114,2,0,1,0,1,1,8,0,106
2001,12,TEN,REG,2001_12_TEN_CLE,CLE,13,19,272,3,0,0,0,0,0,0,272,10,20.484327245419,,0,8,5,4,3,39,111,1,1,0,2,-9.01837188948411,0,1,1,1,0,13,19,272,3,0,0,0,0,10,20.484327245419,0,8,5,4,3,0,39,7,7,4,14,3,2,7,2,1,0,7,0,0,0,0,2,0,2,0,0,9,72,5,0,2,0,2,0,5,33,2,24,1,1,0,0,29.0,1.0,0,1,0,0,0,0,0,0,0,0,0,0,29,,,29,0,0,4,4,0,0,1.0,0,0,0,0,0,6,0,53.0,222,2,0,2,0,2,2,12,0,210
2001,12,WAS,REG,2001_12_DAL_WAS,DAL,17,32,216,1,1,3,-20,0,0,13,216,9,-2.07860163695295,,0,10,3,2,0,22,81,1,1,0,5,-0.624337818822824,0,3,1,0,0,17,31,216,1,0,0,13,0,9,1.56636210737634,0,10,3,2,0,0,46,4,4,6,16,0,2,8,2,1,0,1,0,0,0,0,1,-5,0,0,0,5,36,6,0,1,0,1,0,1,34,5,124,0,0,0,0,,,0,0,0,0,0,0,0,0,0,0,0,0,,,,0,0,0,2,2,0,0,1.0,0,0,0,0,0,6,0,50.0,227,3,0,2,0,2,2,29,0,198
2001,13,ARI,REG,2001_13_WAS_ARI,WAS,20,34,253,1,1,1,-7,0,0,-3,253,11,-1.00265785995515,,0,9,7,4,1,22,80,0,1,0,4,-3.23006601067027,0,1,1,0,0,20,33,253,1,0,0,-3,0,11,0.758670588819144,0,9,7,4,1,0,40,19,19,1,9,1,1,9,1,0,0,3,0,0,0,0,1,0,0,0,0,8,49,4,0,1,0,1,0,2,6,4,65,1,2,1,0,24.0,0.5,0,1,0,0,0,0,0,0,0,1,0,0,24,44,,24,44,0,1,1,0,0,1.0,0,0,0,0,0,5,0,53.0,229,0,0,0,0,0,5,50,0,179
2001,13,ATL,REG,2001_13_NO_ATL,NO,18,32,233,0,1,9,-53,1,0,41,233,10,-6.94709105048583,,0,12,5,3,0,21,50,1,1,0,4,-3.59487769589759,0,1,1,0,0,18,32,233,0,0,0,41,0,10,3.46751248799466,0,12,5,3,0,0,38,7,9,7,34,2,3,26,4,0,0,4,0,0,0,0,2,-3,2,0,0,10,83,5,1,2,0,3,1,3,8,4,86,1,2,1,0,22.0,0.5,0,1,0,0,0,0,0,0,0,1,0,0,22,40,,22,40,0,1,1,0,0,1.0,0,0,0,0,0,5,0,55.0,257,1,0,1,0,1,3,20,0,237
2001,13,BUF,REG,2001_13_CAR_BUF,CAR,20,29,277,1,1,2,-10,0,0,6,277,11,4.0113444816618,,0,10,7,4,1,35,102,1,1,0,6,-6.33856668570661,0,3,1,0,0,20,28,277,1,0,0,6,0,11,8.01393889093946,0,10,7,4,1,0,31,14,18,2,7,2,0,0,0,1,44,7,1,0,0,0,0,0,1,0,0,9,125,4,1,0,1,1,0,2,34,5,93,2,2,0,0,27.0,1.0,0,2,0,0,0,0,0,0,0,0,0,0,20;27,,,47,0,0,1,1,0,0,1.0,0,0,0,0,0,6,0,52.0,233,0,4,0,0,1,1,12,0,221
2001,13,CAR,REG,2001_13_CAR_BUF,BUF,15,30,153,1,1,0,0,0,0,6,153,8,-4.84528572783775,,0,5,3,3,0,27,78,2,0,0,5,-2.65961272816639,0,1,0,0,0,15,30,153,1,2,1,6,0,8,-8.81471456374012,0,5,3,3,0,0,41,13,23,7,18,1,2,10,2,1,16,4,0,0,0,0,0,0,0,0,0,5,40,4,2,0,1,2,1,1,12,6,122,1,1,0,0,37.0,1.0,0,0,1,0,0,0,0,0,0,0,0,0,37,,,37,0,0,3,3,0,0,1.0,0,0,0,0,0,5,0,70.0,244,2,0,0,2,1,2,34,0,170
2001,13,CHI,REG,2001_13_CHI_GB,GB,18,33,139,0,1,0,0,0,0,24,139,7,-12.9576692426388,,0,7,0,0,0,19,50,1,0,0,3,-2.99882204050664,0,1,1,0,0,18,33,139,0,0,0,24,0,7,-12.9576692426388,0,6,0,0,0,0,36,14,26,5,29,0,2,22,2,1,41,3,0,1,0,0,1,0,0,0,0,2,15,5,0,1,0,1,0,3,18,4,92,0,1,1,0,,0.0,0,0,0,0,0,0,0,1,0,0,0,0,,23,,0,23,0,1,1,0,0,1.0,0,0,0,0,0,7,0,59.0,276,6,0,3,1,1,2,2,0,254
2001,13,CIN,REG,2001_13_JAX_CIN,JAX,16,30,147,0,1,1,-7,0,0,45,147,9,-6.11418015992967,,0,7,2,0,0,27,60,1,0,0,3,-6.57964138048851,0,0,0,0,0,16,30,147,0,0,0,45,0,9,-3.77714070811635,0,7,2,0,0,0,46,1,21,11,49,1,8,49,7,1,29,2,0,0,0,0,0,0,0,0,0,7,54,4,0,0,0,0,0,3,6,3,50,1,1,0,0,47.0,1.0,0,0,0,1,0,0,0,0,0,0,0,0,47,,,47,0,0,1,1,0,0,1.0,0,0,0,0,0,6,0,44.0,213,4,0,0,0,3,2,15,0,198
2001,13,CLE,REG,2001_13_CLE_NE,NE,20,39,244,0,3,3,-17,0,0,44,244,10,-9.42646707163853,,0,10,7,4,0,19,50,0,0,0,6,-1.21323359006783,0,0,0,0,0,20,37,244,0,1,1,44,0,10,-7.29726832666595,0,10,7,4,0,0,26,35,35,3,11,1,3,9,3,2,58,4,1,0,0,0,0,0,0,0,0,2,21,6,1,0,0,1,1,1,0,6,107,3,3,0,0,39.0,1.0,0,2,1,0,0,0,0,0,0,0,0,0,27;39;22,,,88,0,0,1,1,0,0,1.0,0,0,0,0,0,5,0,52.0,227,0,0,0,0,0,5,133,1,94
2001,13,DAL,REG,2001_13_NYG_DAL,NYG,17,26,194,1,0,2,-9,0,0,0,194,8,2.19724645142948,,0,7,5,3,1,36,104,1,0,0,6,-9.94367567725459,0,3,1,1,1,17,25,194,1,0,0,0,0,8,4.861263610809,0,7,5,3,1,0,38,0,8,2,2,1,1,2,0,1,6,5,0,0,0,0,0,0,1,0,0,6,45,3,0,0,0,0,0,4,42,4,139,2,3,1,0,41.0,0.666666666666667,0,0,1,1,0,0,0,0,0,1,0,0,38;41,48,,79,48,0,2,2,0,0,1.0,0,0,0,0,0,6,0,47.0,249,4,0,0,0,3,3,17,0,232
2001,13,DEN,REG,2001_13_SEA_DEN,SEA,21,37,158,2,1,2,-14,1,1,31,158,12,-5.9902047998487,,0,9,0,0,0,28,165,0,0,0,5,5.27560486551374,0,2,2,2,1,21,35,158,2,0,0,31,0,12,1.69690717091612,0,9,0,0,0,0,39,4,10,6,31,0,5,36,5,2,0,11,0,0,0,0,1,0,0,0,0,6,45,3,1,1,0,2,1,3,49,2,45,2,2,0,0,42.0,1.0,0,1,0,1,0,0,0,0,0,0,0,0,42;20,,,62,0,0,2,2,0,0,1.0,0,0,0,0,0,4,0,44.0,160,2,0,1,1,1,1,17,0,123
2001,13,DET,REG,2001_13_DET_TB,TB,11,25,165,0,0,3,-14,0,0,0,165,9,-1.19225712097774,,0,9,6,1,0,24,102,0,0,0,4,-4.58931837114506,0,4,3,0,0,11,24,165,0,0,0,0,0,9,5.23083100210958,0,9,6,1,0,0,49,10,14,5,23,0,4,30,5,2,22,9,0,0,0,0,0,0,0,0,0,4,28,3,1,0,0,1,1,1,5,3,92,4,4,0,0,50.0,1.0,0,0,2,1,1,0,0,0,0,0,0,0,39;30;50;42,,,161,0,0,0,0,0,0,,0,0,0,0,0,5,0,51.0,195,3,0,1,2,1,1,9,0,146
2001,13,GB,REG,2001_13_CHI_GB,CHI,15,27,207,1,1,2,-22,0,0,11,207,11,2.2060854570659,,0,8,6,4,0,36,167,1,0,0,6,-3.31730550384741,0,5,4,1,0,15,27,207,1,0,0,11,0,11,5.61726696789946,0,8,6,4,0,0,26,15,21,2,9,0,0,0,0,1,14,6,0,0,0,0,0,0,0,0,0,4,39,2,0,0,0,0,0,2,2,2,34,1,2,1,0,27.0,0.5,0,1,0,0,0,0,0,0,0,1,0,0,27,41,,27,41,0,2,2,0,0,1.0,0,0,0,0,0,7,0,52.0,287,0,1,1,2,0,3,18,0,229
2001,13,IND,REG,2001_13_IND_MIA,MIA,19,32,173,0,3,1,-3,0,0,35,173,11,-10.6548601982511,,0,10,1,0,0,18,84,0,0,0,4,1.24639861178002,0,2,2,0,0,19,30,173,0,1,1,35,0,11,-13.4734924973316,0,10,1,0,0,0,48,0,16,6,25,0,1,8,1,0,0,2,0,0,0,0,0,0,0,0,0,2,25,3,1,0,0,1,1,0,0,5,101,2,2,0,0,40.0,1.0,0,0,1,1,0,0,0,0,0,0,0,0,35;40,,,75,0,0,0,0,0,0,,0,0,0,0,0,3,0,60.0,158,0,0,0,2,0,1,7,0,111
2001,13,JAC,REG,2001_13_JAX_CIN,CIN,23,32,242,2,1,8,-49,1,0,27,242,14,,,0,14,4,3,0,25,62,0,0,0,2,,0,1,1,0,0,23,31,242,2,0,0,27,0,14,,0,14,4,3,0,0,36,1,23,3,13,0,1,7,1,1,0,5,0,0,0,0,1,0,0,0,0,7,40,3,1,0,0,1,0,2,15,3,63,0,1,1,0,,0.0,0,0,0,0,0,0,0,0,0,1,0,0,,44,,0,44,0,2,2,0,0,1.0,0,0,0,0,0,7,0,50.0,277,1,2,0,2,0,3,6,0,231
2001,13,KC,REG,2001_13_KC_OAK,LV,15,32,253,2,1,3,-10,0,0,16,253,9,3.39860248623791,,0,8,5,4,2,36,204,1,0,0,12,3.66832821626351,0,11,4,1,0,15,32,253,2,0,0,16,0,9,7.3481501854393,0,8,5,4,2,0,34,13,15,2,9,5,2,10,3,1,0,3,0,0,0,0,0,0,4,0,0,6,50,6,0,0,0,0,0,4,26,4,114,2,3,1,0,43.0,0.666666666666667,0,0,1,1,0,0,0,1,0,0,0,0,43;36,28,,79,28,0,2,2,0,0,1.0,0,0,0,0,0,6,0,43.0,214,3,0,1,0,3,2,99,1,115
2001,13,MIA,REG,2001_13_IND_MIA,IND,18,26,191,3,0,1,-8,0,0,0,191,11,12.9598061334109,,0,9,4,3,0,38,183,3,0,0,12,11.0315613818238,0,6,5,0,0,18,26,191,3,0,0,0,0,11,14.650852103834,0,9,4,3,0,0,30,0,24,3,5,1,1,3,1,3,82,7,0,0,0,0,0,0,1,1,0,4,40,2,0,0,0,0,0,1,7,1,17,0,0,0,0,,,0,0,0,0,0,0,0,0,0,0,0,0,,,,0,0,0,5,6,0,1,0.833333333333333,0,0,0,0,0,3,0,35.0,93,3,1,0,0,2,0,0,0,93
2001,13,MIN,REG,2001_13_TEN_MIN,TEN,21,31,348,4,1,0,0,0,0,15,348,16,19.291954603279,,0,13,9,6,1,25,148,2,0,0,8,5.78076295074425,0,5,4,1,0,21,30,348,4,0,0,15,0,16,23.1389366757358,0,14,9,4,1,0,51,3,11,7,36,2,4,31,4,0,0,4,0,0,0,0,0,0,2,0,0,5,35,4,0,0,0,0,0,0,0,4,90,0,0,0,0,,,0,0,0,0,0,0,0,0,0,0,0,0,,,,0,0,0,6,6,0,0,1.0,0,0,0,0,0,3,0,48.0,125,1,0,0,1,2,0,0,0,105
2001,13,NE,REG,2001_13_CLE_NE,CLE,19,28,218,0,2,3,-9,0,0,18,218,12,-9.2084979074787,,0,10,6,3,0,33,81,2,0,0,5,-3.19402117711434,0,1,1,0,0,19,27,218,0,0,0,18,0,12,-0.925395907072609,0,10,6,3,0,1,25,23,25,2,8,1,3,17,4,3,20,6,0,1,0,0,1,0,1,0,0,5,31,5,1,0,0,1,0,5,133,5,82,2,4,2,0,54.0,0.5,0,0,1,0,1,0,0,0,1,1,0,0,54;38,39;48,,92,87,0,3,3,0,0,1.0,0,0,0,0,0,4,0,47.0,164,4,0,1,0,2,1,0,0,164
2001,13,NO,REG,2001_13_NO_ATL,ATL,21,31,291,2,0,3,-26,0,0,0,291,13,15.6369044792373,,0,11,5,3,2,21,114,2,0,0,5,0.199020412634127,0,4,3,1,1,21,29,291,2,1,1,0,0,13,18.4420333446469,0,11,5,3,2,0,49,3,7,12,60,1,9,53,9,1,21,4,0,1,0,0,0,0,1,0,0,10,67,2,2,0,0,2,2,3,20,3,69,0,0,0,0,,,0,0,0,0,0,0,0,0,0,0,0,0,,,,0,0,0,4,4,0,0,1.0,0,0,0,0,0,5,0,54.0,220,3,0,1,1,0,3,8,0,192
2001,13,NYG,REG,2001_13_NYG_DAL,DAL,13,26,122,1,1,1,-2,1,0,23,122,7,-5.86274171342024,,0,5,1,1,0,24,125,0,1,0,5,-0.153498273226433,0,4,4,2,0,13,25,122,1,0,0,23,0,7,-5.00315860432687,0,5,1,1,0,0,55,0,2,10,24,0,2,9,2,0,0,1,0,1,0,0,2,0,0,0,0,2,15,4,1,2,0,3,1,3,17,5,121,2,2,0,0,41.0,1.0,0,0,1,1,0,0,0,0,0,0,0,0,35;41,,,76,0,0,1,1,0,0,1.0,0,0,0,0,0,7,0,47.0,279,3,3,0,0,0,4,42,0,237
2001,13,NYJ,REG,2001_13_NYJ_PIT,PIT,16,27,159,1,0,0,0,0,0,0,159,8,3.71239970313293,,0,8,4,0,0,19,61,0,0,0,4,-3.3926039634971,0,1,0,0,0,16,27,159,1,0,0,0,0,8,3.71239970313293,0,8,4,0,0,0,44,17,19,5,22,0,1,3,1,0,0,5,0,0,0,0,1,0,0,0,0,3,30,2,0,1,0,1,0,1,16,5,73,0,1,1,0,,0.0,0,0,0,0,0,0,0,0,0,0,1,0,,51,,0,51,0,1,1,0,0,1.0,0,0,0,0,0,5,0,47.0,195,0,0,0,1,0,4,66,0,109
2001,13,OAK,REG,2001_13_KC_OAK,LV,18,24,195,1,1,2,-10,0,0,37,195,9,,,0,6,3,2,1,26,79,2,2,2,6,,0,1,1,0,0,18,24,195,1,1,0,37,0,9,,0,6,3,2,1,1,45,18,20,4,11,0,3,10,4,1,9,6,0,0,0,0,1,0,0,0,0,5,34,1,5,0,0,5,4,2,99,5,150,0,0,0,0,,,0,0,0,0,0,0,0,0,0,0,0,0,,,,0,0,0,4,4,0,0,1.0,0,0,0,0,0,5,0,49.0,222,2,1,0,0,0,4,26,0,196
2001,13,PHI,REG,2001_13_SD_PHI,LAC,22,45,221,2,1,2,-11,1,0,34,221,12,-2.20080824713739,,0,6,4,4,0,24,63,0,0,0,2,-6.30030741661903,0,1,0,0,0,22,44,221,2,0,0,34,0,12,-1.19225929470201,0,6,4,4,0,0,50,0,10,5,21,3,2,10,2,2,5,16,0,0,0,0,1,0,2,49,1,4,30,4,1,0,0,1,0,4,69,2,43,1,1,0,0,37.0,1.0,0,0,1,0,0,0,0,0,0,0,0,0,37,,,37,0,0,3,3,0,0,1.0,0,0,0,0,0,10,0,52.0,414,4,1,2,1,2,4,48,0,346
2001,13,PIT,REG,2001_13_NYJ_PIT,NYJ,20,36,214,0,0,1,-3,0,0,0,214,12,5.14251130836903,,0,9,5,3,0,39,134,1,1,0,10,1.18788150964207,0,4,3,1,0,20,35,214,0,0,0,0,0,12,5.8112167585993,0,9,5,3,0,0,26,12,14,4,11,0,0,0,0,0,0,2,0,0,0,0,1,0,0,0,0,4,40,5,0,1,0,1,0,4,66,2,40,4,6,2,0,38.0,0.666666666666667,0,2,2,0,0,0,0,0,0,2,0,0,26;33;38;20,40;44,,117,84,0,0,1,1,0,0.0,0,0,0,0,0,2,0,35.0,69,1,0,0,0,1,1,16,0,53
2001,13,SD,REG,2001_13_SD_PHI,LAC,20,44,307,2,2,2,-10,0,0,55,307,13,,,0,12,8,5,1,27,96,0,2,2,4,,0,3,1,0,0,20,44,307,2,1,0,55,0,13,,0,12,8,5,1,0,43,0,18,6,16,1,2,11,1,1,22,15,0,0,0,0,1,0,0,0,0,7,67,5,3,0,0,3,2,4,48,3,71,0,2,2,0,,0.0,0,0,0,0,0,0,0,0,2,0,0,0,,34;37,,0,71,0,2,2,0,0,1.0,0,0,0,0,0,7,0,58.0,309,1,1,1,0,1,4,69,0,240
2001,13,SEA,REG,2001_13_SEA_DEN,DEN,17,37,243,1,2,5,-36,0,0,18,243,11,-5.6107597720668,,0,9,6,5,0,21,70,0,0,0,2,-3.88203080568928,0,2,0,0,0,17,35,243,1,0,0,18,0,11,4.6180759219594,0,9,6,5,0,0,49,1,9,4,8,1,2,14,1,1,25,4,0,0,0,0,0,0,1,3,0,5,62,4,0,0,0,0,0,1,17,5,98,0,1,1,0,,0.0,0,0,0,0,0,0,0,0,0,1,0,0,,41,,0,41,0,1,1,0,0,1.0,0,0,0,0,0,4,0,54.0,195,2,0,1,0,0,3,49,0,146
2001,13,SF,REG,2001_13_SF_STL,LA,13,36,146,0,2,1,-2,0,0,8,146,7,-13.573745186266,,0,6,4,2,0,23,76,2,0,0,5,2.15824377699755,0,1,0,0,0,13,36,146,0,0,0,8,0,7,-12.7978618452908,0,6,4,2,0,0,56,8,10,8,28,1,4,24,5,1,20,3,0,0,0,0,0,0,1,0,0,5,30,4,0,0,0,0,0,0,0,4,89,0,0,0,0,,,0,0,0,0,0,0,0,0,0,0,0,0,,,,0,0,0,2,2,0,0,1.0,0,0,0,0,0,5,0,52.0,199,0,0,0,1,1,3,46,0,133
2001,13,STL,REG,2001_13_SF_STL,SF,26,42,294,2,1,4,-24,0,0,14,294,15,,,0,12,7,5,0,30,115,1,0,0,7,,0,2,2,1,0,26,41,294,2,1,1,14,0,15,,0,12,7,5,0,0,29,11,13,0,0,0,1,2,2,2,11,5,0,0,0,0,0,0,0,0,0,7,48,5,1,0,0,1,1,3,46,2,41,2,2,0,0,39.0,1.0,0,1,1,0,0,0,0,0,0,0,0,0,22;39,,,61,0,0,3,3,0,0,1.0,0,0,0,0,0,3,0,44.0,117,0,0,0,3,0,0,0,0,57
2001,13,TB,REG,2001_13_DET_TB,DET,31,54,305,1,2,4,-30,0,0,52,305,18,1.35205218310887,,1,17,6,1,0,22,81,1,0,0,4,-0.073862083198037,0,1,1,1,0,31,52,305,1,0,0,52,0,18,8.69234484205675,1,17,6,1,0,0,32,7,17,3,12,1,3,14,4,0,0,7,0,0,0,0,0,0,1,0,0,4,59,5,0,0,0,0,0,1,9,4,79,0,0,0,0,,,0,0,0,0,0,0,0,0,0,0,0,0,,,,0,0,0,1,1,0,0,1.0,0,0,0,0,0,5,0,46.0,185,1,1,0,0,3,1,5,0,180
2001,13,TEN,REG,2001_13_TEN_MIN,MIN,25,36,302,2,0,4,-31,0,0,0,302,15,13.0798398030782,,0,11,5,5,0,29,182,1,2,2,9,-3.73687791638076,0,4,4,2,1,25,35,302,2,0,0,0,0,15,21.0222090650676,0,11,5,5,0,0,39,3,7,3,7,0,0,0,0,1,0,2,0,0,0,0,0,0,0,0,0,3,20,4,2,0,0,2,2,0,0,6,118,1,1,0,0,37.0,1.0,0,0,1,0,0,0,0,0,0,0,0,0,37,,,37,0,0,3,3,0,0,1.0,0,0,0,0,0,3,0,38.0,93,1,1,1,0,1,0,0,0,93
2001,13,WAS,REG,2001_13_WAS_ARI,ARI,19,26,210,1,0,1,-9,0,0,0,210,11,10.6308339451792,,0,7,4,3,1,35,130,1,1,0,6,-3.95698719067855,0,2,1,0,0,19,25,210,1,0,0,0,0,11,12.718470476568,0,7,4,3,1,0,33,10,10,3,14,0,1,7,1,1,43,5,0,0,0,0,1,0,0,0,0,13,99,3,1,0,0,1,0,5,50,1,15,2,4,2,0,42.0,0.5,0,1,0,1,0,0,0,0,0,2,0,0,22;42,47;44,,64,91,0,2,2,0,0,1.0,0,0,0,0,0,4,0,59.0,201,2,0,1,1,0,2,6,0,175
2001,14,ARI,REG,2001_14_ARI_NYG,NYG,27,45,207,1,0,3,-10,0,0,0,207,12,0.0249912533759515,,0,9,4,3,0,30,88,0,1,0,7,-9.23971493972931,0,3,2,0,0,27,45,207,1,0,0,0,0,12,5.11788056789333,0,9,4,3,0,0,28,15,15,7,20,1,1,8,1,0,0,2,0,0,0,0,3,-19,0,0,0,5,40,3,2,2,0,4,1,6,73,5,96,2,2,0,0,42.0,1.0,0,1,0,1,0,0,0,0,0,0,0,0,42;23,,,65,0,0,1,1,0,0,1.0,0,0,0,0,0,6,0,51.0,239,2,0,2,1,1,2,0,0,219
2001,14,ATL,REG,2001_14_ATL_IND,IND,24,40,291,2,0,6,-41,1,1,0,291,15,6.87815905541057,,0,14,6,2,1,19,66,1,1,0,2,-8.56002440591692,0,1,1,0,0,24,40,291,2,0,0,0,0,15,16.3958117033296,0,14,6,2,1,0,41,12,12,3,5,0,0,0,0,1,27,1,0,0,0,0,2,-2,0,0,0,7,83,5,2,1,0,3,1,3,79,8,211,2,2,0,0,35.0,1.0,0,0,2,0,0,0,0,0,0,0,0,0,35;32,,,67,0,0,3,3,0,0,1.0,0,0,0,0,0,4,0,46.0,169,3,0,1,0,2,1,8,0,161
2001,14,BAL,REG,2001_14_PIT_BAL,PIT,20,38,159,2,1,2,-10,0,0,12,159,8,-5.21640563639917,,0,6,1,1,0,13,58,1,1,0,5,2.3575421544374,0,3,3,0,0,20,37,159,2,0,0,12,0,8,-1.02808577718783,0,6,1,1,0,0,49,14,14,6,19,0,3,15,3,0,0,5,0,0,0,0,1,-1,0,0,0,3,35,3,0,1,0,1,0,1,62,6,163,0,1,1,0,,0.0,0,0,0,0,0,0,0,0,0,1,0,0,,48,,0,48,0,3,3,0,0,1.0,0,0,0,0,0,4,0,51.0,142,2,0,1,0,1,2,2,0,140
2001,14,BUF,REG,2001_14_NE_BUF,NE,22,44,219,0,1,1,-7,1,0,18,219,13,-3.90992993360379,,0,9,3,2,0,28,98,0,0,0,2,-7.50744144313168,0,1,1,0,0,22,44,219,0,0,0,18,0,13,-4.44150318335852,0,9,3,2,0,0,44,13,21,6,25,2,5,31,6,1,23,3,0,1,0,0,2,0,1,0,0,4,30,4,2,0,0,2,0,2,-2,5,94,3,4,1,0,41.0,0.75,0,1,0,2,0,0,0,0,0,1,0,0,41;25;41,43,,107,43,0,0,0,0,0,,0,0,0,0,0,8,0,58.0,328,1,1,1,1,0,5,40,0,268
2001,14,CHI,REG,2001_14_TB_CHI,TB,14,29,190,2,1,3,-18,0,0,13,190,6,-6.37749299369953,,0,6,4,3,1,40,207,1,0,0,13,-0.345259437162895,0,7,6,2,0,14,28,190,2,0,0,13,0,6,2.5855313380016,0,6,4,3,1,0,37,9,9,3,7,2,1,14,0,2,0,12,0,0,0,0,0,0,2,27,0,3,15,3,0,0,0,0,0,3,34,2,49,2,2,0,0,46.0,1.0,0,0,1,1,0,0,0,0,0,0,0,0,30;46,,,76,0,0,3,3,0,0,1.0,0,0,0,0,0,7,0,51.0,310,1,0,1,0,1,5,65,0,245
2001,14,CIN,REG,2001_14_CIN_NYJ,NYJ,14,23,128,0,3,0,0,0,0,87,128,8,2.80353605031269,,0,4,2,0,0,33,120,2,0,0,9,3.31920897169039,0,1,1,1,0,14,23,128,0,0,0,87,0,8,2.80353605031269,0,4,2,0,0,0,33,16,16,7,20,0,0,0,0,0,0,3,0,0,0,0,0,0,0,0,0,6,65,5,0,0,0,0,0,1,12,4,50,0,0,0,0,,,0,0,0,0,0,0,0,0,0,0,0,0,,,,0,0,0,2,2,0,0,1.0,0,0,0,0,0,4,0,42.0,152,0,0,0,0,0,4,30,0,122
2001,14,CLE,REG,2001_14_JAX_CLE,JAX,21,30,184,0,1,3,-11,1,0,8,184,8,-7.58007588358744,,0,9,2,2,1,15,47,0,0,0,3,-4.92920764611336,0,0,0,0,0,21,30,184,0,0,0,8,0,8,-4.88677059217737,0,9,2,2,1,0,48,16,16,10,46,2,8,48,6,2,97,10,1,1,0,0,1,0,1,0,0,5,72,3,2,0,0,2,1,1,-2,4,65,1,1,0,0,29.0,1.0,0,1,0,0,0,0,0,0,0,0,0,0,29,,,29,0,0,1,1,0,0,1.0,0,0,0,0,0,3,0,33.0,82,2,1,0,0,2,0,0,0,82
2001,14,DAL,REG,2001_14_DAL_SEA,SEA,14,33,135,0,1,4,-19,1,0,5,135,4,-20.0635051758628,,0,4,2,1,1,21,102,0,1,0,6,0.220035844482481,0,5,2,0,0,14,33,135,0,0,0,5,0,4,-15.0326527459448,0,4,2,1,1,0,35,24,24,3,17,0,1,13,1,0,0,1,0,1,0,0,2,-2,0,0,0,6,70,4,2,1,1,3,0,2,2,6,93,1,1,0,0,37.0,1.0,0,0,1,0,0,0,0,0,0,0,0,0,37,,,37,0,0,0,0,0,0,,0,0,0,0,0,7,0,42.0,250,2,1,2,0,3,1,12,0,238
2001,14,DEN,REG,2001_14_DEN_KC,KC,23,34,254,1,0,2,-13,0,0,0,254,15,12.8747795642492,,0,14,6,4,0,34,94,1,3,0,6,-6.72980193484223,0,1,1,0,0,23,33,254,1,1,1,0,0,15,11.1339336428026,0,14,6,4,0,0,52,3,7,9,46,1,5,33,5,1,18,2,0,0,0,0,3,-1,2,0,0,8,146,7,2,2,0,4,1,1,26,6,106,3,4,1,0,49.0,0.75,0,0,2,1,0,0,0,0,0,1,0,0,34;36;49,45,,119,45,0,2,2,0,0,1.0,0,0,0,0,0,5,0,46.0,196,1,1,0,1,1,2,17,0,159
2001,14,DET,REG,2001_14_MIN_DET,MIN,15,28,241,0,0,6,-39,0,0,0,241,10,0.648403452102538,,0,10,6,4,1,35,167,2,1,1,8,-5.85755024914397,0,5,4,1,0,15,28,241,0,0,0,0,0,10,8.88299726855334,0,10,6,4,1,0,38,0,8,4,13,0,2,9,2,2,64,6,1,0,0,0,0,0,0,0,0,13,123,2,1,0,0,1,1,3,20,4,63,2,2,0,0,44.0,1.0,0,0,1,1,0,0,0,0,0,0,0,0,44;36,,,80,0,0,3,3,0,0,1.0,0,0,0,0,0,7,0,55.0,314,2,0,0,1,0,6,41,0,253
2001,14,GB,REG,2001_14_GB_TEN,TEN,20,38,199,2,1,2,-7,1,1,-2,199,11,-1.78253200118029,,0,10,4,2,0,15,31,0,0,0,2,-4.67195789440302,0,1,1,0,0,20,36,199,2,0,0,-2,0,11,1.97092771987639,0,10,4,2,0,0,45,14,18,5,21,1,4,27,3,0,0,4,0,0,0,0,0,0,2,0,0,4,30,6,1,0,0,1,1,1,29,4,80,2,2,0,0,54.0,1.0,0,0,1,0,1,0,0,0,0,0,0,0,33;54,,,87,0,0,2,2,0,0,1.0,0,0,0,0,0,6,0,57.0,257,3,1,0,1,4,0,0,0,237
2001,14,IND,REG,2001_14_ATL_IND,ATL,23,35,325,3,1,0,0,0,0,8,325,16,11.4690388453764,,0,14,8,7,0,33,187,2,0,0,11,6.94031358403721,0,8,5,3,0,23,35,325,3,0,0,8,0,16,11.4690388453764,0,14,8,7,0,0,37,21,23,4,21,2,6,41,6,0,0,4,0,0,0,0,0,0,1,0,0,5,63,4,0,0,0,0,0,1,8,6,116,2,2,0,0,39.0,1.0,0,1,1,0,0,0,0,0,0,0,0,0,39;21,,,60,0,0,5,5,0,0,1.0,0,0,0,0,0,4,0,56.0,202,0,0,1,0,0,3,79,0,123
2001,14,JAC,REG,2001_14_JAX_CLE,JAX,20,35,202,1,2,8,-48,2,1,46,202,10,,,0,10,4,1,0,33,128,0,0,0,8,,0,5,4,0,0,20,35,202,1,0,0,46,0,10,,0,10,4,1,0,0,35,9,9,5,17,2,3,11,2,1,4,5,0,0,0,0,1,0,1,0,0,9,85,6,2,0,0,2,1,0,0,3,69,3,3,0,0,46.0,1.0,0,0,1,2,0,0,0,0,0,0,0,0,43;46;37,,,126,0,0,0,1,1,0,0.0,0,0,0,0,0,3,0,46.0,133,0,0,0,2,0,1,-2,0,95
2001,14,KC,REG,2001_14_DEN_KC,DEN,17,21,292,1,1,5,-33,0,0,25,292,11,10.6366284638947,,0,10,7,5,2,33,137,1,1,1,8,-5.41617186621929,0,7,5,0,0,17,20,292,1,0,0,25,0,11,17.5487270119205,0,10,7,5,2,0,55,4,8,4,14,2,2,13,3,0,0,3,0,0,0,0,0,0,1,20,0,9,68,4,1,1,0,2,2,2,17,6,108,4,6,2,0,51.0,0.666666666666667,0,0,1,2,1,0,0,1,0,1,0,0,51;43;41;32,28;41,,167,69,0,2,2,0,0,1.0,1,1,0,0,32,1,0,50.0,50,0,0,0,0,0,1,26,0,24
2001,14,MIA,REG,2001_14_MIA_SF,SF,16,28,149,0,3,6,-42,1,1,85,149,8,-14.8004837490735,,0,7,3,2,0,15,67,0,0,0,4,-1.41061110637384,0,1,1,1,0,16,27,149,0,0,0,85,0,8,-4.96437994536245,0,7,3,2,0,0,53,13,13,3,11,1,0,0,0,0,0,5,0,0,0,0,1,0,0,0,0,4,27,4,2,0,0,2,1,3,3,4,87,0,0,0,0,,,0,0,0,0,0,0,0,0,0,0,0,0,,,,0,0,0,0,0,0,0,,0,0,0,0,0,6,0,47.0,197,1,1,2,0,1,2,4,0,193
2001,14,MIN,REG,2001_14_MIN_DET,DET,18,38,243,2,2,2,-9,0,0,20,243,11,-5.9066584928156,,0,9,4,1,1,17,80,0,1,0,3,-1.31215701717883,0,2,2,1,0,18,36,243,2,0,0,20,0,11,-1.53064243985192,0,9,4,1,1,0,50,2,20,7,30,1,6,39,8,0,0,4,0,1,0,0,2,0,1,46,1,6,40,5,0,2,0,2,0,6,41,2,73,1,1,0,0,27.0,1.0,0,1,0,0,0,0,0,0,0,0,0,0,27,,,27,0,0,3,3,0,0,1.0,0,0,0,0,0,6,0,55.0,293,1,0,1,2,0,3,20,0,233
2001,14,NE,REG,2001_14_NE_BUF,BUF,19,35,237,0,1,5,-31,0,0,37,237,11,-6.28949695636134,,0,12,6,4,1,27,129,0,1,1,6,-3.22994548733278,0,2,2,1,0,19,34,237,0,1,0,37,0,11,0.724152601879673,0,12,6,4,1,0,45,10,12,2,6,2,1,7,0,1,21,12,0,0,0,0,0,0,0,0,0,7,60,3,2,0,1,2,1,5,40,4,88,4,4,0,0,40.0,1.0,0,2,1,1,0,0,0,0,0,0,0,0,40;32;25;23,,,120,0,0,0,0,0,0,,1,1,0,0,23,7,0,48.0,287,5,0,2,0,3,2,-2,0,289
2001,14,NO,REG,2001_14_STL_NO,LA,23,40,269,3,2,5,-27,0,0,13,269,13,-4.34581124095712,,0,11,5,4,0,19,68,0,0,0,2,-2.71309737570118,0,1,1,0,0,23,40,269,3,0,0,13,0,13,1.02480831230059,0,11,5,4,0,0,47,7,9,5,29,2,4,29,4,0,0,3,0,0,0,0,0,0,2,0,0,16,132,5,0,0,0,0,0,1,7,7,173,0,0,0,0,,,0,0,0,0,0,0,0,0,0,0,0,0,,,,0,0,0,3,3,0,0,1.0,0,0,0,0,0,5,0,54.0,236,1,0,0,0,0,5,54,0,182
2001,14,NYG,REG,2001_14_ARI_NYG,ARI,14,32,147,2,0,1,-8,0,0,0,147,10,3.00556309427975,,0,8,1,1,0,25,105,0,2,0,5,-6.79326378798578,0,4,3,1,0,14,31,147,2,0,0,0,0,10,4.63961184973505,0,8,1,1,0,0,44,25,25,4,9,2,3,10,4,0,0,5,0,1,0,0,2,-3,1,35,0,2,10,4,1,2,1,3,0,2,0,3,27,1,1,0,0,39.0,1.0,0,0,1,0,0,0,0,0,0,0,0,0,39,,,39,0,0,2,2,0,0,1.0,0,0,0,0,0,7,0,42.0,246,2,0,1,0,0,6,73,0,173
2001,14,NYJ,REG,2001_14_CIN_NYJ,CIN,17,28,196,2,0,0,0,0,0,0,196,11,10.1227363858846,,0,9,6,4,0,29,113,0,1,0,5,-3.99494257760165,0,4,3,0,0,17,28,196,2,0,0,0,0,11,10.1227363858846,0,9,6,4,0,0,23,22,22,2,6,0,0,0,0,3,72,3,0,1,0,0,2,-8,0,0,0,7,55,3,0,2,0,2,0,4,30,3,48,1,3,2,0,24.0,0.333333333333333,0,1,0,0,0,0,0,0,1,1,0,0,24,40;34,,24,74,0,0,0,0,0,,0,0,0,0,0,3,0,48.0,110,3,1,0,0,1,1,12,0,98
2001,14,OAK,REG,2001_14_OAK_SD,LV,20,28,221,1,1,2,-13,1,0,13,221,9,,,0,9,3,1,1,27,91,0,1,1,5,,0,0,0,0,0,20,28,221,1,0,0,13,0,9,,0,9,3,1,1,0,46,8,8,2,9,0,4,9,5,3,43,5,0,0,0,0,1,0,0,0,0,5,35,5,2,1,0,3,2,2,5,2,38,2,2,0,0,31.0,1.0,0,1,1,0,0,0,0,0,0,0,0,0,20;31,,,51,0,0,1,1,0,0,1.0,0,0,0,0,0,4,0,58.0,162,1,0,2,0,0,2,30,0,132
2001,14,PHI,REG,2001_14_PHI_WAS,WAS,16,34,235,2,3,2,-11,0,0,12,235,7,-4.61081474330542,,0,9,6,4,1,23,63,0,1,1,4,-6.86240036122035,0,2,1,0,0,16,32,235,2,1,0,12,0,7,5.0885903911432,0,9,6,4,1,0,52,2,8,6,24,1,2,8,2,2,15,6,0,0,0,0,1,0,1,0,0,6,45,4,2,0,0,2,1,1,9,3,50,2,2,0,0,50.0,1.0,0,0,0,1,1,0,0,0,0,0,0,0,40;50,,,90,0,0,2,2,0,0,1.0,0,0,0,0,0,6,0,54.0,293,0,0,0,0,0,6,65,0,228
2001,14,PIT,REG,2001_14_PIT_BAL,BAL,20,31,333,2,0,3,-15,0,0,0,333,8,17.9268736695445,,0,9,7,6,1,39,158,1,0,0,12,4.04245404447705,0,4,3,0,0,20,31,333,2,0,0,0,0,8,21.7921677029876,0,9,7,6,1,0,36,2,2,6,33,0,2,10,2,1,10,5,0,0,0,0,0,0,0,0,0,7,70,3,0,0,0,0,0,2,2,4,60,2,3,1,0,33.0,0.666666666666667,0,1,1,0,0,0,0,0,1,0,0,0,22;33,32,,55,32,0,2,2,0,0,1.0,0,0,0,0,0,2,0,45.0,83,0,0,0,0,1,1,62,0,21
2001,14,SD,REG,2001_14_OAK_SD,LV,19,37,215,0,3,4,-9,0,0,10,215,10,,,0,8,7,3,0,22,68,0,0,0,4,,0,0,0,0,0,19,36,215,0,0,0,10,0,10,,0,8,7,3,0,0,44,8,8,1,7,2,2,13,1,1,16,3,0,0,0,0,1,0,2,1,0,5,25,5,0,1,0,1,0,2,30,4,97,2,2,0,0,31.0,1.0,0,1,1,0,0,0,0,0,0,0,0,0,29;31,,,60,0,0,0,0,0,0,,0,0,0,0,0,5,0,50.0,198,2,0,1,0,2,2,5,0,193
2001,14,SEA,REG,2001_14_DAL_SEA,DAL,13,26,152,0,0,1,-13,0,0,0,152,7,-2.24643680090565,,0,6,3,3,0,44,173,2,0,0,12,-1.30344297480025,0,3,3,0,0,13,26,152,0,0,0,0,0,7,0.0384253682753468,0,6,3,3,0,0,40,7,7,7,25,2,4,19,3,1,38,10,1,0,1,0,1,0,0,0,0,0,0,2,0,1,0,1,0,1,12,3,51,2,2,0,0,37.0,1.0,0,1,1,0,0,0,0,0,0,0,0,0,22;37,,,59,0,0,3,3,0,0,1.0,0,0,0,0,0,4,0,58.0,188,3,0,2,0,0,2,2,0,186
2001,14,SF,REG,2001_14_MIA_SF,MIA,14,20,133,1,0,0,0,0,0,0,133,8,8.64261944753909,,0,7,1,1,0,50,152,2,1,0,11,-0.627521078771679,0,3,2,1,0,14,20,133,1,0,0,0,0,8,8.64261944753909,0,7,1,1,0,0,32,13,13,5,23,2,6,42,7,3,16,7,0,1,0,0,2,5,1,0,0,2,10,3,1,1,0,2,0,2,4,1,15,0,1,1,0,,0.0,0,0,0,0,0,0,0,0,0,1,0,0,,41,,0,41,0,3,3,0,0,1.0,0,0,0,0,0,4,0,48.0,154,0,0,0,0,1,3,3,0,151
2001,14,STL,REG,2001_14_STL_NO,NO,23,32,338,4,0,4,-29,1,0,0,338,15,,,0,14,8,7,1,25,56,0,0,0,3,,0,1,1,0,0,23,31,338,4,1,1,0,0,15,,0,14,8,7,1,0,37,15,17,7,25,0,5,27,6,2,0,10,0,0,0,0,1,0,0,0,0,11,85,6,2,1,0,3,2,5,54,3,84,2,2,0,0,43.0,1.0,0,1,0,1,0,0,0,0,0,0,0,0,43;27,,,70,0,0,4,4,0,0,1.0,0,0,0,0,0,4,0,39.0,136,2,0,0,0,3,1,7,0,129
2001,14,TB,REG,2001_14_TB_CHI,CHI,18,40,191,0,2,1,-14,1,1,44,191,6,-20.5762463134755,,0,6,2,2,1,18,61,0,0,0,4,-2.27813449560199,0,3,2,0,0,18,40,191,0,1,1,44,0,6,-21.0812327578473,0,6,2,2,1,0,50,11,11,4,19,0,3,18,3,1,18,7,0,0,0,0,1,0,0,0,0,5,36,0,2,1,0,3,2,5,65,4,94,1,1,0,0,25.0,1.0,0,1,0,0,0,0,0,0,0,0,0,0,25,,,25,0,0,0,0,0,0,,0,0,0,0,0,8,0,46.0,319,2,0,2,2,1,3,34,0,245
2001,14,TEN,REG,2001_14_GB_TEN,GB,25,36,283,2,0,4,-27,1,1,0,283,17,9.65659961785472,,1,13,5,4,0,34,167,1,1,1,6,-6.9265068464331,0,4,4,2,1,25,35,283,2,0,0,0,0,17,18.8331670013145,1,13,5,4,0,0,27,7,13,5,18,1,2,7,1,1,0,3,0,0,1,0,0,-8,1,0,0,3,24,4,1,1,0,2,2,0,0,3,48,1,2,1,0,24.0,0.5,0,1,0,0,0,0,0,0,0,1,0,0,24,44,,24,44,0,1,1,0,0,1.0,0,0,0,0,0,4,0,70.0,197,1,1,2,0,0,1,29,0,168
2001,14,WAS,REG,2001_14_PHI_WAS,PHI,17,36,213,0,2,2,-8,0,0,18,213,7,-15.957748167575,,0,7,5,4,1,29,157,0,0,0,8,0.956157587689628,0,6,4,1,0,17,34,213,0,0,0,18,0,7,-7.68990895016204,0,7,5,4,1,0,34,5,9,4,21,2,2,11,3,3,10,8,0,1,0,0,1,0,1,0,0,7,58,4,1,1,0,2,1,6,65,5,66,2,4,2,0,47.0,0.5,0,1,0,1,0,0,0,0,1,1,0,0,47;25,39;48,,72,87,0,0,0,0,0,,0,0,0,0,0,6,0,50.0,227,2,1,1,1,2,1,9,0,198
2001,15,ARI,REG,2001_15_DAL_ARI,DAL,17,31,144,0,0,1,-10,0,0,0,144,6,-6.18667999118756,,0,6,1,1,1,20,75,1,0,0,4,-0.236895998416003,0,1,1,1,0,17,31,144,0,0,0,0,0,6,-4.0656367104892,0,6,1,1,1,0,46,17,17,4,12,2,1,7,1,2,32,6,1,0,0,0,0,0,0,0,0,5,27,0,0,0,0,0,0,3,27,3,78,1,2,1,0,34.0,0.5,0,0,1,0,0,0,0,0,1,0,0,0,34,35,,34,35,0,2,2,0,0,1.0,0,0,0,0,0,8,0,51.0,331,1,0,0,1,3,4,67,0,244
2001,15,ATL,REG,2001_15_BUF_ATL,BUF,28,40,431,2,2,1,-9,0,0,0,431,15,14.1224845163841,,0,12,11,7,3,29,67,1,1,0,5,-6.0292864983785,0,0,0,0,0,28,38,431,2,0,0,0,0,15,23.304081248966,0,12,11,7,3,0,39,1,1,1,4,0,0,0,0,0,0,7,0,1,0,0,2,0,0,0,0,5,43,4,0,2,0,2,0,4,41,6,82,4,4,0,0,52.0,1.0,0,0,2,1,1,0,0,0,0,0,0,0,35;32;43;52,,,162,0,0,3,3,0,0,1.0,1,1,0,0,52,2,0,34.0,67,2,0,1,0,1,0,0,0,67
2001,15,BAL,REG,2001_15_CIN_BAL,CIN,16,30,181,0,0,5,-33,1,1,0,181,11,-10.5738117811079,,0,9,4,2,0,35,157,1,0,0,7,-4.32503201494785,0,6,3,1,0,16,29,181,0,0,0,0,0,11,-0.0623917442767143,0,9,4,2,0,0,39,18,18,3,21,2,3,22,2,3,94,16,0,1,0,0,1,0,1,0,0,3,40,2,1,1,0,2,1,7,59,1,19,3,4,1,0,43.0,0.75,0,1,0,2,0,0,0,0,1,0,0,0,43;29;43,33,,115,33,0,1,1,0,0,1.0,0,0,0,0,0,7,0,47.0,270,5,0,1,1,2,3,15,0,235
2001,15,BUF,REG,2001_15_BUF_ATL,ATL,17,31,208,1,0,0,0,0,0,0,208,8,5.91278763681431,,0,7,5,4,0,21,190,2,0,0,6,9.6885756002157,0,4,4,2,2,17,30,208,1,0,0,0,0,8,7.37246095310491,0,7,5,4,0,0,55,8,8,4,15,0,1,9,1,2,7,5,1,0,0,0,0,0,0,0,0,12,95,4,0,0,0,0,0,0,0,7,153,1,1,0,0,28.0,1.0,0,1,0,0,0,0,0,0,0,0,0,0,28,,,28,0,0,3,3,0,0,1.0,0,0,0,0,0,5,0,53.0,210,1,0,1,0,0,4,41,0,169
2001,15,CAR,REG,2001_15_STL_CAR,LA,24,51,312,1,0,1,-7,1,0,0,312,15,-0.525732377783375,,0,13,6,3,1,21,97,1,1,0,6,-3.78326500911498,0,3,2,1,0,24,51,312,1,0,0,0,0,15,1.42828506067236,0,13,6,3,1,0,52,2,4,6,24,0,3,20,3,2,40,2,0,0,0,0,2,-26,1,0,1,4,30,5,2,1,0,3,1,1,9,6,151,4,5,1,0,46.0,0.8,0,2,1,1,0,0,0,0,0,1,0,0,22;29;30;46,47,,127,47,0,2,2,0,0,1.0,0,0,0,0,0,5,0,63.0,228,2,1,0,2,0,2,6,0,182
2001,15,CHI,REG,2001_15_CHI_WAS,WAS,14,27,125,1,0,0,0,0,0,0,125,7,-1.20142316429032,,0,6,2,1,0,32,112,1,0,0,6,0.184645123459632,0,3,3,1,0,14,25,125,1,1,0,0,0,7,1.06925905465992,0,6,2,1,0,0,56,3,5,7,32,1,6,32,5,0,0,1,0,0,0,0,0,0,2,0,0,1,6,3,1,1,1,2,1,5,47,4,76,2,2,0,0,39.0,1.0,0,0,2,0,0,0,0,0,0,0,0,0,39;37,,,76,0,0,2,2,0,0,1.0,0,0,0,0,0,6,0,50.0,220,2,0,2,1,2,1,5,0,195
2001,15,CIN,REG,2001_15_CIN_BAL,BAL,16,39,153,0,3,3,-22,1,1,25,153,12,-23.5605196626275,,0,7,2,2,0,30,150,0,1,0,7,0.23172657948453,0,6,4,0,0,16,37,153,0,0,0,25,0,12,-11.7014367033262,0,7,2,2,0,0,47,17,17,6,26,1,5,33,4,0,0,9,0,0,0,0,1,0,1,0,0,6,40,5,2,0,0,2,1,3,15,3,56,0,0,0,0,,,0,0,0,0,0,0,0,0,0,0,0,0,,,,0,0,0,0,0,0,0,,0,0,0,0,0,8,0,49.0,325,0,0,0,1,0,7,59,0,246
2001,15,CLE,REG,2001_15_CLE_GB,GB,22,33,203,1,3,4,-34,1,1,71,203,10,-17.2681373220112,,0,6,5,2,1,26,168,0,0,0,6,1.29792051640106,0,5,4,1,1,22,33,203,1,1,1,71,0,10,-15.7030243217014,0,6,5,2,1,0,34,19,21,1,4,0,0,0,0,0,0,2,0,0,0,0,0,0,1,0,0,3,35,3,2,0,0,2,2,1,11,6,118,0,0,0,0,,,0,0,0,0,0,0,0,0,0,0,0,0,,,,0,0,0,1,1,0,0,1.0,0,0,0,0,0,7,0,57.0,303,1,0,4,1,0,2,24,0,259
2001,15,DAL,REG,2001_15_DAL_ARI,ARI,16,29,176,1,2,1,-7,0,0,22,176,9,-8.97440479498763,,0,7,3,1,1,40,174,0,1,1,10,-4.59062577377821,0,6,4,0,0,16,26,176,1,1,0,22,0,9,-4.65717033833206,0,7,3,1,1,0,30,11,11,4,16,0,1,10,1,0,0,4,0,0,0,0,1,0,0,0,0,9,65,5,2,0,1,2,1,4,67,3,40,1,2,1,0,27.0,0.5,0,1,0,0,0,0,0,0,0,1,0,0,27,41,,27,41,0,1,1,0,0,1.0,0,0,0,0,0,4,0,50.0,164,1,0,1,0,0,3,27,0,137
2001,15,DET,REG,2001_15_DET_PIT,PIT,12,28,118,2,1,6,-41,2,2,29,118,8,-15.2780877883591,,0,7,1,0,0,18,74,0,1,0,2,-3.86139561794698,0,2,2,2,0,12,27,118,2,0,0,29,0,8,0.650839736936783,0,7,1,0,0,0,29,24,38,4,15,0,1,12,1,0,0,6,0,0,0,0,1,0,0,0,0,2,15,6,2,1,0,3,2,0,0,8,182,0,1,1,0,,0.0,0,0,0,0,0,0,0,0,0,1,0,0,,48,,0,48,0,2,2,0,0,1.0,0,0,0,0,0,4,0,51.0,162,0,0,2,0,0,2,17,0,145
2001,15,GB,REG,2001_15_CLE_GB,CLE,18,28,139,3,0,0,0,0,0,0,139,8,5.57781588108655,,0,5,1,0,0,33,222,0,1,1,9,-0.841237307380652,0,4,4,3,2,18,28,139,3,0,0,0,0,8,5.57781588108655,0,5,1,0,0,0,40,11,25,1,7,2,4,34,4,3,110,8,1,0,0,0,0,-2,2,0,0,1,5,1,0,1,0,1,1,2,24,2,31,1,2,1,0,39.0,0.5,0,0,1,0,0,0,0,0,0,1,0,0,39,45,,39,45,0,3,4,0,1,0.75,0,0,0,0,0,6,0,62.0,266,1,1,2,0,2,1,11,0,255
2001,15,IND,REG,2001_15_NYJ_IND,NYJ,26,36,267,2,0,2,-7,0,0,0,267,11,6.25186132051009,,0,9,4,3,0,18,133,1,2,2,6,-2.99394229642293,1,4,3,1,1,26,35,267,2,0,0,0,0,11,7.74118413792882,0,9,4,3,0,0,42,19,19,3,9,0,0,0,0,2,17,10,0,0,0,0,0,0,0,0,0,2,10,5,2,0,0,2,2,1,25,7,161,2,3,1,0,50.0,0.666666666666667,0,0,0,1,1,0,0,0,0,1,0,0,50;43,45,,93,45,0,2,2,0,0,1.0,0,0,0,0,0,3,0,51.0,128,2,0,1,0,1,1,0,0,128
2001,15,JAC,REG,2001_15_JAX_MIN,JAX,17,24,217,1,0,1,-8,0,0,0,217,11,,,0,12,4,2,0,37,214,2,0,0,12,,0,7,6,3,0,17,24,217,1,0,0,0,0,11,,0,12,4,2,0,0,42,3,15,9,40,1,4,32,3,1,10,4,0,0,0,0,0,0,1,3,0,3,34,1,0,0,0,0,0,3,21,1,14,4,4,0,0,39.0,1.0,0,3,1,0,0,0,0,0,0,0,0,0,39;23;21;21,,,104,0,0,3,3,0,0,1.0,0,0,0,0,0,1,0,53.0,53,0,0,0,0,0,1,1,0,52
2001,15,KC,REG,2001_15_SD_KC,LAC,19,28,203,1,2,1,0,0,0,75,203,10,6.64027126638589,,0,9,5,3,1,32,120,1,1,0,10,0.0399538729931572,0,5,3,0,0,19,27,203,1,0,0,75,0,10,9.5132026244411,0,9,5,3,1,0,47,4,4,4,17,1,2,11,1,0,0,3,0,0,0,0,1,0,0,0,0,2,10,4,0,1,0,1,0,2,22,3,77,2,3,1,0,41.0,0.666666666666667,0,0,1,1,0,0,0,0,0,1,0,0,33;41,41,,74,41,0,2,2,0,0,1.0,0,0,0,0,0,2,0,41.0,80,0,0,0,0,1,1,10,0,70
2001,15,MIA,REG,2001_15_MIA_NE,NE,21,37,320,1,0,2,-10,0,0,0,320,14,17.540264209021,,0,14,10,5,1,19,58,0,0,0,1,-7.2876728674164,0,0,0,0,0,21,37,320,1,2,2,0,0,14,10.3985484342427,0,14,10,5,1,0,27,32,34,4,14,1,3,14,3,0,0,2,0,0,0,0,0,0,0,0,0,9,67,6,2,1,0,3,3,1,11,3,26,2,2,0,0,36.0,1.0,0,0,2,0,0,0,0,0,0,0,0,0,36;36,,,72,0,0,1,1,0,0,1.0,0,0,0,0,0,4,0,49.0,141,0,1,1,0,0,2,17,0,124
2001,15,MIN,REG,2001_15_JAX_MIN,JAX,24,42,218,0,1,4,-32,1,1,12,218,11,-8.77794358051638,,0,11,4,1,0,14,28,0,0,0,3,-7.04703988879919,0,2,0,0,0,24,39,218,0,0,0,12,0,11,2.96940839505987,0,11,4,1,0,0,46,8,16,7,16,0,1,8,1,0,0,2,0,0,0,0,1,0,0,0,0,3,33,5,1,1,0,2,1,1,1,8,155,1,1,0,0,32.0,1.0,0,0,1,0,0,0,0,0,0,0,0,0,32,,,32,0,0,0,0,0,0,,0,0,0,0,0,6,0,51.0,210,3,2,0,0,1,3,21,0,189
2001,15,NE,REG,2001_15_MIA_NE,MIA,12,20,131,1,0,3,-14,1,0,0,131,5,1.68474224961511,,0,5,3,2,0,44,196,1,0,0,12,1.56036113139858,0,4,2,1,1,12,19,131,1,0,0,0,0,5,6.54601344426311,0,5,3,2,0,0,23,21,21,2,10,2,2,10,2,0,0,4,0,0,0,0,1,0,3,0,0,7,75,2,1,0,0,1,0,2,17,3,49,2,2,0,0,32.0,1.0,0,1,1,0,0,0,0,0,0,0,0,0,32;23,,,55,0,0,2,2,0,0,1.0,0,0,0,0,0,5,0,48.0,211,2,0,2,0,2,1,11,0,200
2001,15,NO,REG,2001_15_NO_TB,TB,21,38,248,3,4,3,-18,0,0,27,248,14,-5.46933964247,,0,13,8,4,0,13,41,0,0,0,1,-3.62575825542444,0,0,0,0,0,21,37,248,3,0,0,27,0,14,-0.547203930240357,0,13,8,4,0,0,46,13,13,2,8,0,0,0,0,0,0,6,0,0,0,0,0,0,0,0,0,3,23,2,0,0,0,0,0,2,10,9,179,0,0,0,0,,,0,0,0,0,0,0,0,0,0,0,0,0,,,,0,0,0,3,3,0,0,1.0,0,0,0,0,0,5,0,43.0,189,1,0,1,1,2,1,0,0,169
2001,15,NYG,REG,2001_15_SEA_NYG,SEA,30,47,338,1,0,1,-6,1,1,0,338,17,2.38628905418773,,0,15,9,4,0,21,88,1,0,0,4,-0.607755115721375,0,3,2,1,0,30,46,338,1,0,0,0,0,17,10.541782743423,0,15,9,4,0,0,31,25,25,5,17,1,3,24,2,1,3,5,0,0,0,0,0,0,1,13,1,6,61,3,2,0,0,2,2,4,24,5,63,2,2,0,0,33.0,1.0,0,0,2,0,0,0,0,0,0,0,0,0,32;33,,,65,0,0,3,3,0,0,1.0,0,0,0,0,0,7,0,61.0,310,4,2,1,0,1,3,42,0,268
2001,15,NYJ,REG,2001_15_NYJ_IND,IND,28,48,285,2,2,0,0,0,0,55,285,15,2.39710997857685,,0,13,6,4,0,31,166,0,1,0,11,5.74532467079671,0,6,4,1,0,28,47,285,2,0,0,55,0,15,2.83163428182081,0,13,6,4,0,0,40,13,13,3,9,2,2,7,2,0,0,3,0,0,0,0,1,-6,2,0,0,2,15,3,0,1,0,1,0,1,0,5,120,5,6,1,0,48.0,0.833333333333333,0,2,0,3,0,0,0,0,0,0,1,0,47;22;48;46;24,50,,187,50,0,2,2,0,0,1.0,0,0,0,0,0,1,0,36.0,36,0,0,0,0,0,1,25,0,11
2001,15,OAK,REG,2001_15_TEN_OAK,LV,29,50,249,1,1,2,-15,0,0,21,249,14,,,0,6,3,2,1,21,77,0,0,0,5,,0,3,2,0,0,29,46,249,1,0,0,21,0,14,,0,6,3,2,1,0,34,17,19,2,13,0,3,19,4,2,35,4,0,0,0,0,0,0,0,0,0,4,66,5,0,0,0,0,0,3,24,4,76,1,4,3,0,35.0,0.25,0,0,1,0,0,0,0,0,1,2,0,0,35,40;33;42,,35,115,0,1,1,0,0,1.0,0,0,0,0,0,5,0,51.0,227,4,0,1,1,2,1,1,0,206
2001,15,PHI,REG,2001_15_PHI_SF,SF,23,34,232,0,1,3,-19,1,0,1,232,8,-4.61881494866841,,0,8,3,3,1,22,79,0,1,0,3,-5.375123704609,0,3,0,0,0,23,34,232,0,0,0,1,0,8,-2.08079155448515,0,8,3,3,1,0,39,8,8,5,17,0,2,9,2,0,0,4,0,0,0,0,2,-5,0,0,0,11,109,6,1,1,0,2,0,2,2,2,29,1,1,0,0,20.0,1.0,0,1,0,0,0,0,0,0,0,0,0,0,20,,,20,0,0,0,0,0,0,,0,0,0,0,0,7,0,59.0,335,1,0,2,2,1,2,14,0,281
2001,15,PIT,REG,2001_15_DET_PIT,DET,17,26,226,3,0,1,-12,0,0,0,226,10,9.32806701755876,,0,7,6,5,1,43,215,2,0,0,15,11.2288967584609,0,5,4,2,0,17,26,226,3,0,0,0,0,10,11.3087180851286,0,7,6,5,1,0,31,10,12,7,35,2,6,41,4,1,15,2,0,0,0,0,0,0,2,27,1,6,60,1,0,0,0,0,0,2,17,3,60,2,4,2,0,37.0,0.5,0,0,2,0,0,0,0,0,1,1,0,0,37;31,48;38,,68,86,0,5,6,1,0,0.833333333333333,0,0,0,0,0,1,0,39.0,39,1,0,0,0,1,0,0,0,39
2001,15,SD,REG,2001_15_SD_KC,KC,15,27,175,2,0,2,-11,0,0,0,175,10,,,0,8,4,3,0,29,165,0,0,0,9,,0,7,4,2,0,15,26,175,2,1,0,0,0,10,,0,8,4,3,0,0,45,6,6,6,7,0,1,0,1,2,8,3,0,0,0,0,1,2,0,0,0,7,47,4,1,0,0,1,0,1,10,5,108,1,2,1,0,27.0,0.5,0,1,0,0,0,0,0,0,0,1,0,0,27,46,,27,46,0,2,2,0,0,1.0,0,0,0,0,0,4,0,47.0,153,2,0,1,0,1,2,22,0,131
2001,15,SEA,REG,2001_15_SEA_NYG,NYG,15,26,185,1,1,3,-24,1,1,28,185,10,-2.87911762708383,,0,8,4,2,1,30,98,1,1,0,3,-4.5227087783278,0,1,1,1,0,15,25,185,1,0,0,28,0,10,7.57743461283688,0,8,4,2,1,0,36,22,22,2,5,2,1,6,0,0,0,3,0,0,0,0,1,-10,2,0,1,2,10,5,1,1,0,2,1,3,42,6,140,1,1,0,0,20.0,1.0,0,1,0,0,0,0,0,0,0,0,0,0,20,,,20,0,0,3,3,0,0,1.0,0,0,0,0,0,8,0,63.0,367,6,1,3,0,0,4,24,0,343
2001,15,SF,REG,2001_15_PHI_SF,PHI,14,24,136,1,0,2,-9,0,0,0,136,6,-1.66651985861145,,0,5,3,1,0,30,117,0,1,0,6,-0.902803514531115,0,3,1,0,0,14,23,136,1,0,0,0,0,6,1.27716092504977,0,5,3,1,0,0,38,14,14,3,20,1,3,19,2,1,0,5,0,0,0,0,1,0,0,0,0,3,15,2,0,1,0,1,0,2,14,2,26,2,2,0,0,32.0,1.0,0,1,1,0,0,0,0,0,0,0,0,0,21;32,,,53,0,0,1,1,0,0,1.0,0,0,0,0,0,6,0,47.0,246,3,1,1,0,2,2,2,0,244
2001,15,STL,REG,2001_15_STL_CAR,LA,18,24,217,2,2,3,-20,0,0,37,217,11,,,0,7,6,3,1,33,215,2,0,0,10,,0,4,4,2,1,18,24,217,2,0,0,37,0,11,,0,7,6,3,1,0,41,6,16,1,1,2,1,7,0,0,0,8,0,0,0,0,0,0,1,44,1,4,33,2,0,1,0,1,1,2,6,5,103,1,3,2,0,33.0,0.333333333333333,0,0,1,0,0,0,0,0,0,2,0,0,33,45;45,,33,90,0,5,5,0,0,1.0,0,0,0,0,0,2,0,54.0,85,1,0,1,0,0,1,9,0,76
2001,15,TB,REG,2001_15_NO_TB,NO,16,31,207,3,0,0,0,0,0,0,207,12,10.9630656755532,,0,10,7,3,0,39,157,1,0,0,10,3.41783106412925,1,5,3,0,0,16,31,207,3,0,0,0,0,12,10.9630656755532,0,10,7,3,0,0,32,13,13,3,8,0,3,18,4,4,85,7,1,0,0,0,0,0,0,0,0,5,40,2,0,0,0,0,0,1,0,2,107,4,4,0,0,32.0,1.0,0,3,1,0,0,0,0,0,0,0,0,0,20;24;32;27,,,103,0,0,4,4,0,0,1.0,0,0,0,0,0,3,0,50.0,128,1,0,0,1,0,2,10,0,98
2001,15,TEN,REG,2001_15_TEN_OAK,LV,15,27,178,1,2,3,-19,0,0,50,178,9,-2.04969987118918,,0,8,4,3,0,33,103,0,0,0,4,-2.56331022634141,0,1,1,0,0,15,27,178,1,0,0,50,0,9,2.08493838706684,0,8,4,3,0,0,46,13,15,2,9,0,2,15,3,1,13,2,0,0,0,0,0,0,0,0,0,7,54,2,0,0,0,0,0,1,1,2,29,2,2,0,0,22.0,1.0,0,2,0,0,0,0,0,0,0,0,0,0,22;21,,,43,0,0,1,1,0,0,1.0,0,0,0,0,0,5,0,50.0,208,2,0,0,0,2,3,24,0,184
2001,15,WAS,REG,2001_15_CHI_WAS,CHI,23,43,236,0,0,6,-32,1,1,0,236,11,-5.86429648629418,,0,12,3,2,0,28,89,1,0,0,6,-2.73054221216225,0,1,0,0,0,23,41,236,0,0,0,0,0,11,4.53516946522142,0,12,3,2,0,0,42,5,7,5,7,1,0,0,0,0,0,6,0,0,1,0,0,0,1,0,0,6,38,6,1,1,0,2,2,1,5,6,116,2,2,0,0,34.0,1.0,0,1,1,0,0,0,0,0,0,0,0,0,34;26,,,60,0,0,1,1,0,0,1.0,0,0,0,0,0,6,0,56.0,249,1,0,0,0,1,5,47,0,202
2001,16,ARI,REG,2001_16_ARI_CAR,CAR,12,24,173,2,0,0,0,0,0,0,173,9,7.84823867838997,,0,7,4,3,1,33,158,0,0,0,6,-2.94295526544258,0,5,4,2,0,12,23,173,2,0,0,0,0,9,8.63494437208566,0,7,4,3,1,0,54,5,13,4,10,1,0,0,0,1,23,9,0,0,0,0,0,0,1,25,1,5,30,2,0,0,0,0,0,1,9,2,44,3,3,0,0,41.0,1.0,1,1,0,1,0,0,0,0,0,0,0,0,41;18;26,,,85,0,0,3,3,0,0,1.0,0,0,0,0,0,5,0,42.0,196,2,1,0,0,1,3,60,0,136
2001,16,ATL,REG,2001_16_ATL_MIA,MIA,18,31,265,1,3,4,-29,1,1,22,265,12,-6.41100298672541,,0,9,5,4,2,37,152,1,0,0,7,-0.523853207967477,0,5,4,2,0,18,31,265,1,0,0,22,0,12,1.54653841369577,0,9,5,4,2,0,33,1,11,6,22,2,3,15,3,1,29,5,0,0,0,0,0,0,2,20,0,5,37,7,1,0,0,1,1,3,7,4,58,0,1,0,1,,0.0,0,0,0,0,0,0,0,0,0,0,0,0,,,44,0,0,44,2,2,0,0,1.0,0,0,0,0,0,4,0,49.0,168,0,1,0,0,2,1,30,0,138
2001,16,BAL,REG,2001_16_BAL_TB,TB,21,37,205,1,2,5,-38,0,0,20,205,9,-13.9411886128296,,0,8,3,1,0,26,90,0,0,0,5,-2.57036679086741,0,2,2,1,0,21,37,205,1,0,0,20,0,9,-6.12409383116076,0,8,3,1,0,0,32,11,19,2,5,0,0,0,0,0,0,6,0,0,0,0,0,0,0,0,0,8,65,3,1,0,0,1,1,3,16,6,141,1,1,0,0,24.0,1.0,0,1,0,0,0,0,0,0,0,0,0,0,24,,,24,0,0,1,1,0,0,1.0,0,0,0,0,0,7,1,50.0,271,0,1,1,1,2,2,46,0,205
2001,16,BUF,REG,2001_16_BUF_NYJ,NYJ,16,27,185,1,0,1,-9,0,0,0,185,11,7.03922755230451,,0,8,6,3,0,40,192,1,0,0,8,-2.18591934506549,0,6,5,1,0,16,26,185,1,1,0,0,0,11,11.2403270770446,0,8,6,3,0,0,32,15,15,1,4,1,0,0,0,2,17,4,0,0,0,0,1,-13,1,0,0,9,53,4,1,1,0,2,1,0,0,3,56,0,0,0,0,,,0,0,0,0,0,0,0,0,0,0,0,0,,,,0,0,0,2,2,0,0,1.0,0,0,0,0,0,6,0,47.0,179,2,0,2,0,1,3,43,0,136
2001,16,CAR,REG,2001_16_ARI_CAR,ARI,36,63,223,1,1,0,0,0,0,23,223,14,-9.29535686376758,,0,3,0,0,0,20,95,0,2,1,5,-8.16933214408346,0,2,2,0,0,36,62,223,1,0,0,23,0,14,-8.57379563351415,0,3,0,0,0,0,38,4,6,1,3,0,0,0,0,0,0,2,0,0,0,0,1,-2,0,0,0,7,81,2,1,1,0,2,1,3,60,6,67,0,2,2,0,,0.0,0,0,0,0,0,0,0,0,0,1,1,0,,44;52,,0,96,0,1,1,0,0,1.0,0,0,0,0,0,3,0,49.0,125,0,1,0,1,0,1,9,0,96
2001,16,CHI,REG,2001_16_CHI_DET,DET,17,30,252,2,0,1,-9,0,0,0,252,10,10.3420421913771,,0,9,6,5,2,30,83,0,0,0,4,-7.36813109653303,0,2,1,0,0,17,30,252,2,0,0,0,0,10,11.5378267686039,0,9,6,5,2,0,55,2,2,6,39,4,6,35,3,3,45,13,1,0,0,0,0,0,2,0,0,7,68,2,0,0,0,0,0,1,16,1,28,1,1,0,0,38.0,1.0,0,0,1,0,0,0,0,0,0,0,0,0,38,,,38,0,0,3,3,0,0,1.0,0,0,0,0,0,8,0,53.0,333,4,2,1,1,3,1,0,0,313
2001,16,CIN,REG,2001_16_PIT_CIN,PIT,35,68,411,2,1,2,-8,0,0,5,411,22,3.45389478067473,,0,19,7,4,1,29,141,0,2,1,7,-8.46493228102918,0,5,3,2,0,35,66,411,2,0,0,5,0,22,10.6438527570742,0,19,7,4,1,0,43,0,16,8,22,0,2,11,2,4,20,8,0,0,0,0,2,0,1,66,1,7,65,6,3,1,0,4,2,2,7,5,109,2,4,2,0,34.0,0.5,0,0,2,0,0,0,0,1,1,0,0,0,34;31,32;28,,65,60,0,2,3,1,0,0.666666666666667,1,1,0,0,31,2,0,45.0,80,0,0,1,1,0,0,0,0,60
2001,16,CLE,REG,2001_16_CLE_TEN,TEN,20,27,336,3,1,3,-14,0,0,11,336,13,20.1970885302419,,0,9,7,7,3,29,87,2,0,0,4,-1.70541655525213,0,1,1,1,1,20,26,336,3,0,0,11,0,13,25.694196059789,0,9,7,7,3,0,38,15,21,4,13,2,1,10,1,1,15,1,0,0,0,0,0,0,1,0,0,3,25,2,0,0,0,0,0,2,22,4,89,2,2,0,0,44.0,1.0,0,0,1,1,0,0,0,0,0,0,0,0,30;44,,,74,0,0,5,5,0,0,1.0,0,0,0,0,0,3,0,50.0,119,2,0,1,0,1,1,8,0,111
2001,16,DAL,REG,2001_16_SF_DAL,SF,15,25,241,2,0,1,-7,0,0,0,241,11,15.539467712271,,0,7,6,4,2,44,186,1,0,0,12,1.71594412837104,0,8,4,2,0,15,25,241,2,0,0,0,0,11,16.6872431886037,0,7,6,4,2,0,36,0,8,2,3,0,0,0,0,0,0,4,0,0,0,0,0,0,1,0,0,5,27,2,0,0,0,0,0,0,0,2,24,2,2,0,0,22.0,1.0,0,2,0,0,0,0,0,0,0,0,0,0,22;20,,,42,0,0,3,3,0,0,1.0,0,0,0,0,0,3,1,40.0,102,1,0,2,0,0,1,15,0,87
2001,16,DEN,REG,2001_16_OAK_DEN,LV,19,26,142,1,0,4,-17,0,0,0,142,8,1.68501096869086,,0,6,1,0,0,25,106,1,0,0,6,-1.67731730657397,0,3,2,2,0,19,26,142,1,0,0,0,0,8,4.12916292865493,0,6,1,0,0,0,54,2,8,5,18,1,3,30,2,2,21,8,0,0,0,0,0,0,1,1,0,2,11,4,0,0,0,0,0,2,19,4,93,3,3,0,0,42.0,1.0,0,2,0,1,0,0,0,0,0,0,0,0,27;25;42,,,94,0,0,2,2,0,0,1.0,0,0,0,0,0,5,0,45.0,190,1,1,0,0,2,2,17,0,173
2001,16,DET,REG,2001_16_CHI_DET,CHI,31,52,303,0,3,6,-35,3,1,42,303,14,-23.218296733452,,0,16,7,1,0,14,64,0,0,0,4,1.35877246130258,0,0,0,0,0,31,51,303,0,1,1,42,0,14,-18.8477163627977,0,16,7,1,0,0,43,1,3,4,20,0,1,9,1,0,0,5,0,0,0,0,2,0,0,0,0,5,50,6,4,0,0,4,2,1,0,4,102,0,0,0,0,,,0,0,0,0,0,0,0,0,0,0,0,0,,,,0,0,0,0,0,0,0,,0,0,0,0,0,7,0,50.0,292,3,1,0,2,3,1,16,0,236
2001,16,GB,REG,2001_16_MIN_GB,MIN,18,29,169,0,0,2,-12,1,0,0,169,9,-4.0289128217762,,0,7,3,1,0,20,56,2,0,0,2,-1.99112761719152,0,1,1,1,0,18,29,169,0,0,0,0,0,9,-1.34141993032858,0,7,3,1,0,0,43,18,24,2,3,0,1,11,1,3,61,7,1,1,0,0,1,0,0,0,0,6,60,3,2,0,0,2,1,0,0,4,101,1,1,0,0,24.0,1.0,0,1,0,0,0,0,0,0,0,0,0,0,24,,,24,0,0,3,3,0,0,1.0,0,0,0,0,0,8,0,39.0,259,3,0,3,0,1,4,13,0,246
2001,16,IND,REG,2001_16_IND_STL,LA,15,28,195,0,1,2,-17,0,0,6,195,7,-1.6508027450855,,0,6,5,5,0,22,83,2,0,0,7,0.698403995309491,0,3,3,0,0,15,27,195,0,0,0,6,0,7,2.33957844770881,0,6,5,5,0,0,50,6,8,2,2,1,2,0,1,1,11,4,0,0,0,0,0,0,0,0,0,4,38,2,0,0,0,0,0,1,17,6,127,1,1,0,0,48.0,1.0,0,0,0,1,0,0,0,0,0,0,0,0,48,,,48,0,0,2,2,0,0,1.0,0,0,0,0,0,5,0,55.0,215,1,0,0,0,1,4,54,0,161
2001,16,KC,REG,2001_16_KC_JAX,JAX,48,72,577,3,3,6,-55,2,2,28,577,27,3.11721166489519,,0,26,9,7,2,57,274,3,0,0,14,1.69051190360915,0,6,5,2,1,48,71,577,3,2,1,28,0,27,5.96553204893939,0,26,9,7,2,0,121,1,7,7,35,5,6,55,4,3,25,10,4,3,1,0,2,0,4,0,0,10,99,7,5,1,0,6,4,5,0,11,238,4,5,1,0,47.0,0.8,0,2,0,2,0,0,0,0,0,1,0,0,28;47;40;29,42,,144,42,0,6,6,0,0,1.0,0,0,0,0,0,7,0,49.0,292,2,0,1,0,1,5,0,0,292
2001,16,MIA,REG,2001_16_ATL_MIA,ATL,16,29,191,2,1,3,-15,0,0,25,191,9,-0.410910345875891,,0,8,5,3,0,20,50,0,0,0,3,-3.14734017575393,0,2,1,0,0,16,29,191,2,1,1,25,0,9,-1.22037788518355,0,8,5,3,0,0,44,0,38,3,16,1,4,29,3,3,71,8,1,1,0,0,0,0,1,3,0,5,48,4,2,0,0,2,2,1,30,3,56,0,0,0,0,,,0,0,0,0,0,0,0,0,0,0,0,0,,,,0,0,0,3,3,0,0,1.0,0,0,0,0,0,7,0,59.0,262,2,0,2,0,2,3,7,0,255
2001,16,MIN,REG,2001_16_MIN_GB,GB,11,30,114,1,3,1,-11,0,0,37,114,5,-14.0339232543765,,0,3,1,1,1,44,199,0,1,0,12,3.0038952534087,0,7,4,1,0,11,30,114,1,0,0,37,0,5,-12.1483484066839,0,3,1,1,1,0,30,11,19,6,21,2,2,12,1,0,0,2,0,0,0,0,1,-2,1,0,0,8,43,6,0,1,0,1,0,4,13,5,95,2,3,1,0,44.0,0.666666666666667,0,0,0,2,0,0,0,0,1,0,0,0,44;42,39,,86,39,0,1,1,0,0,1.0,0,0,0,0,0,5,0,59.0,186,1,1,3,1,0,0,0,0,166
2001,16,NO,REG,2001_16_WAS_NO,WAS,14,28,127,1,3,4,-14,0,0,69,127,7,-12.2769783584125,,0,3,2,2,0,23,100,0,2,1,5,-5.78990373888519,0,1,0,0,0,14,27,127,1,0,0,69,0,7,-3.43809416449667,0,3,2,2,0,0,33,21,23,3,12,0,2,4,3,1,11,3,0,0,0,0,2,-6,0,0,0,8,75,3,1,2,0,3,1,1,1,8,120,1,2,1,0,29.0,0.5,0,1,0,0,0,0,0,0,0,1,0,0,29,42,,29,42,0,1,1,0,0,1.0,0,0,0,0,0,2,0,62.0,87,0,0,2,0,0,0,0,0,87
2001,16,NYG,REG,2001_16_NYG_PHI,PHI,22,39,303,1,0,2,-12,0,0,0,303,12,2.54813800452529,,0,8,4,3,2,26,129,1,2,1,6,-1.53260995140579,1,4,3,2,0,22,39,303,1,0,0,0,0,12,6.20439363809554,0,9,4,3,2,0,42,0,12,7,30,1,4,29,3,1,0,9,0,0,0,0,1,-10,1,0,0,6,73,1,1,1,0,2,1,4,50,3,78,2,2,0,0,32.0,1.0,0,1,1,0,0,0,0,0,0,0,0,0,25;32,,,57,0,0,1,1,0,0,1.0,0,0,0,0,0,8,0,49.0,286,2,3,2,0,3,0,0,0,286
2001,16,NYJ,REG,2001_16_BUF_NYJ,BUF,19,37,227,0,2,0,0,0,0,23,227,12,-7.09583965428281,,0,10,6,3,0,23,148,0,0,0,7,4.40250945079606,0,2,2,2,1,19,35,227,0,0,0,23,0,12,-2.61739483366362,0,10,6,3,0,0,39,19,19,3,12,1,1,9,1,0,0,3,0,0,0,0,0,0,1,0,0,3,25,4,1,0,0,1,1,3,43,2,31,3,3,0,0,33.0,1.0,0,1,2,0,0,0,0,0,0,0,0,0,33;28;32,,,93,0,0,0,0,0,0,,0,0,0,0,0,2,0,59.0,82,1,0,1,1,0,0,0,0,62
2001,16,OAK,REG,2001_16_OAK_DEN,LV,35,49,313,2,2,3,-30,1,1,43,313,21,,,0,14,2,2,0,16,51,0,0,0,3,,0,0,0,0,0,35,47,313,2,0,0,43,0,21,,0,14,2,2,0,0,49,0,8,6,28,0,4,17,4,0,0,3,0,0,0,0,0,0,0,0,0,8,62,6,1,0,0,1,1,2,17,5,98,1,1,0,0,28.0,1.0,0,1,0,0,0,0,0,0,0,0,0,0,28,,,28,0,0,2,2,0,0,1.0,0,0,0,0,0,4,0,52.0,180,1,2,0,0,0,2,19,0,161
2001,16,PHI,REG,2001_16_NYG_PHI,NYG,21,39,270,3,1,4,-29,1,1,41,270,11,2.39660179459121,,0,9,4,4,1,23,120,0,1,0,7,-3.77360839121132,0,5,3,1,0,21,37,270,3,0,0,41,0,11,10.9629399873792,0,9,4,4,1,0,48,0,14,9,31,1,2,12,2,0,0,6,0,0,0,0,1,-7,1,0,0,3,25,5,1,1,0,2,1,0,0,5,125,1,2,1,0,35.0,0.5,0,0,1,0,0,0,0,0,0,1,0,0,35,43,,35,43,0,3,3,0,0,1.0,1,1,0,0,35,7,0,45.0,257,3,0,2,0,1,4,50,0,207
2001,16,PIT,REG,2001_16_PIT_CIN,CIN,19,35,251,3,4,2,-11,0,0,61,251,10,1.39866346527445,,0,8,5,5,1,28,73,0,1,1,4,-15.2839596485719,0,3,2,0,0,19,33,251,3,0,0,61,0,10,8.27364158839076,0,8,5,5,1,0,65,0,16,7,15,3,2,8,2,1,0,10,0,0,0,0,0,-9,2,15,0,7,38,3,0,1,0,1,1,0,0,4,76,1,1,0,0,38.0,1.0,0,0,1,0,0,0,0,0,0,0,0,0,38,,,38,0,0,2,3,1,0,0.666666666666667,0,0,0,0,0,6,0,48.0,228,4,1,2,0,1,2,7,0,221
2001,16,SD,REG,2001_16_SEA_SD,SEA,34,53,377,1,2,4,-31,0,0,64,377,20,,,0,15,8,4,0,16,52,0,0,0,1,,0,1,0,0,0,34,53,377,1,0,0,64,0,20,,0,15,8,4,0,0,39,7,9,4,20,1,3,21,3,0,0,1,0,0,0,0,0,0,0,0,0,10,64,5,0,0,0,0,0,4,25,4,67,5,5,0,0,41.0,1.0,0,1,2,2,0,0,0,0,0,0,0,0,32;25;40;41;36,,,174,0,0,1,1,0,0,1.0,0,0,0,0,0,5,0,51.0,221,3,0,2,0,1,2,12,0,209
2001,16,SEA,REG,2001_16_SEA_SD,LAC,14,23,267,3,0,3,-21,1,0,0,267,10,11.8707686716081,,1,9,6,4,3,25,61,0,1,0,2,-6.49223686001526,0,0,0,0,0,14,23,267,3,0,0,0,0,10,16.6804738058564,1,9,6,4,3,0,52,6,8,4,25,0,4,31,5,2,5,5,0,1,0,0,2,-6,0,0,0,4,24,3,1,2,1,3,0,2,12,6,176,1,2,1,0,54.0,0.5,0,0,0,0,1,0,0,0,0,1,0,0,54,48,,54,48,0,2,2,0,0,1.0,1,1,0,0,54,9,0,54.0,379,0,2,1,1,1,4,25,0,334
2001,16,SF,REG,2001_16_SF_DAL,DAL,21,36,229,2,0,0,0,0,0,0,229,13,8.76170664367965,,0,6,4,4,0,18,56,1,1,1,2,-5.65739701681499,0,1,0,0,0,21,34,229,2,0,0,0,0,13,10.9141277179006,0,6,4,4,0,0,53,0,2,6,25,0,1,7,1,0,0,2,0,0,0,0,0,0,0,0,0,2,10,5,0,1,0,1,1,1,15,4,77,0,1,1,0,,0.0,0,0,0,0,0,0,0,0,0,1,0,0,,46,,0,46,0,3,3,0,0,1.0,0,0,0,0,0,4,0,56.0,154,1,1,1,1,1,0,0,0,134
2001,16,STL,REG,2001_16_IND_STL,LA,23,30,359,3,1,2,0,1,0,-1,359,17,,,0,12,7,7,3,29,124,3,0,0,10,,0,3,2,0,0,23,30,359,3,0,0,-1,0,17,,0,12,7,7,3,0,35,10,10,6,24,0,2,17,2,1,0,5,0,0,0,0,1,0,0,0,0,4,48,3,1,0,0,1,0,4,54,4,83,0,0,0,0,,,0,0,0,0,0,0,0,0,0,0,0,0,,,,0,0,0,6,6,0,0,1.0,0,0,0,0,0,2,0,54.0,105,0,0,1,0,0,1,17,0,88
2001,16,TB,REG,2001_16_BAL_TB,BAL,13,29,90,0,0,0,0,0,0,0,90,5,-11.015838750988,,0,2,0,0,0,31,123,2,0,0,8,-2.80287228504312,0,4,3,1,0,13,29,90,0,0,0,0,0,5,-10.068838750988,0,2,0,0,0,0,47,7,19,4,29,1,5,38,7,2,59,9,0,0,0,7,0,0,1,0,0,3,25,1,0,0,0,0,0,2,46,2,50,3,4,1,0,42.0,0.75,0,1,1,1,0,0,0,0,0,1,0,0,42;38;24,40,,104,40,0,1,1,0,0,1.0,0,0,0,0,0,7,0,43.0,244,4,1,3,0,0,3,16,0,228
2001,16,TEN,REG,2001_16_CLE_TEN,CLE,16,26,274,2,1,1,-10,0,0,12,274,11,10.562104259996,,0,12,4,4,3,35,188,3,2,1,9,6.01284267170565,0,5,4,1,0,16,23,274,2,0,0,12,0,11,13.6203722422069,0,12,4,4,3,0,43,7,13,7,21,0,3,14,3,1,36,5,0,0,0,0,1,0,0,0,0,6,50,6,2,0,0,2,1,1,8,8,108,1,1,0,0,31.0,1.0,0,0,1,0,0,0,0,0,0,0,0,0,31,,,31,0,0,5,5,0,0,1.0,0,0,0,0,0,3,0,59.0,131,1,0,1,0,0,2,22,0,109
2001,16,WAS,REG,2001_16_WAS_NO,NO,9,15,94,0,1,2,-4,0,0,5,94,5,-0.292941629666086,,0,5,1,0,0,44,173,4,0,0,13,8.89790071590106,0,6,4,2,0,9,15,94,0,0,0,5,0,5,1.80142836801177,0,5,1,0,0,0,41,7,7,4,15,1,4,14,4,3,12,9,0,0,0,0,0,0,1,0,0,4,34,6,0,0,0,0,0,0,0,3,49,4,4,0,0,53.0,1.0,0,1,2,0,1,0,0,0,0,0,0,0,53;22;34;37,,,146,0,0,4,4,0,0,1.0,0,0,0,0,0,1,0,51.0,51,1,0,0,0,0,1,1,0,50
2001,17,ARI,REG,2001_17_ARI_WAS,WAS,11,25,154,0,1,2,-12,0,0,-1,154,7,-7.86690357454151,,0,6,3,2,1,17,45,1,2,0,3,-2.34997701185057,0,1,0,0,0,11,22,154,0,0,0,-1,0,7,-1.06776378926588,0,6,3,2,1,0,49,5,25,3,11,1,0,0,0,1,61,4,1,0,0,0,2,-1,0,0,0,1,5,5,0,2,0,2,0,3,13,5,98,1,1,0,0,26.0,1.0,0,1,0,0,0,0,0,0,0,0,0,0,26,,,26,0,0,2,2,0,0,1.0,0,0,0,0,0,6,0,45.0,226,2,0,1,1,1,3,19,0,187
2001,17,ATL,REG,2001_17_ATL_STL,LA,12,30,176,0,1,5,-17,2,2,13,176,8,-20.2821255676902,,0,9,3,2,1,21,96,0,0,0,5,1.48906257179515,0,4,4,2,0,12,30,176,0,0,0,13,0,8,-7.52510746995563,0,9,3,2,1,1,53,6,8,3,9,2,2,14,3,3,27,4,0,0,0,0,0,0,0,0,0,6,35,4,2,0,0,2,2,0,0,6,198,2,2,0,0,49.0,1.0,0,0,1,1,0,0,0,0,0,0,0,0,49;33,,,82,0,0,1,1,0,0,1.0,0,0,0,0,0,5,0,46.0,197,3,0,1,0,3,1,8,0,189
2001,17,BAL,REG,2001_17_MIN_BAL,MIN,10,27,160,0,0,2,-21,0,0,0,160,6,-5.07288935782248,,0,5,3,3,1,42,212,0,0,0,8,-6.70170282378917,0,7,4,2,0,10,27,160,0,0,0,0,0,6,-2.63283830079576,0,5,3,3,1,0,37,12,12,4,9,3,5,22,4,2,0,6,0,0,0,0,1,-11,2,8,1,2,15,3,0,1,0,1,0,3,23,1,28,4,4,0,0,38.0,1.0,0,3,1,0,0,0,0,0,0,0,0,0,21;20;38;20,,,99,0,0,1,1,0,0,1.0,0,0,0,0,0,8,0,45.0,258,1,2,0,0,0,6,56,0,202
2001,17,BUF,REG,2001_17_BUF_MIA,MIA,18,40,220,1,3,2,-9,1,0,21,220,12,-13.1138786993688,,0,12,3,3,0,17,39,0,0,0,3,-5.29088902496733,0,1,0,0,0,18,38,220,1,0,0,21,0,12,-12.2482605718542,0,12,3,3,0,0,43,0,32,4,26,1,3,23,4,0,0,3,0,0,0,0,2,0,0,0,0,5,36,3,1,1,0,2,0,1,-10,5,107,0,0,0,0,,,0,0,0,0,0,0,0,0,0,0,0,0,,,,0,0,0,1,1,0,0,1.0,0,0,0,0,0,6,0,50.0,247,0,2,0,0,0,4,72,0,175
2001,17,CAR,REG,2001_17_NE_CAR,NE,15,36,144,0,3,3,-15,1,1,16,144,7,-36.6006187659098,,0,6,3,1,0,26,193,0,1,1,8,-2.1478195732343,0,8,8,1,0,15,35,144,0,0,0,16,0,7,-28.3039397633684,0,6,3,1,0,0,44,9,19,5,11,2,1,2,0,2,57,4,0,1,0,0,1,3,1,0,0,4,37,2,1,3,0,4,3,3,9,7,122,2,2,0,0,40.0,1.0,0,1,0,1,0,0,0,0,0,0,0,0,29;40,,,69,0,0,0,0,0,0,,0,0,0,0,0,4,0,61.0,193,2,0,0,0,2,2,70,1,123
2001,17,CHI,REG,2001_17_JAX_CHI,JAX,19,29,159,1,0,1,-6,1,1,0,159,8,-2.01015363492205,,0,6,3,1,0,40,169,2,0,0,10,-0.399935857451055,0,5,3,2,0,19,29,159,1,0,0,0,0,8,2.29169773544983,0,6,3,1,0,0,39,6,6,5,44,0,4,43,4,3,95,9,0,0,0,5,0,0,0,0,0,3,14,3,1,0,0,1,1,2,25,2,30,4,4,0,0,47.0,1.0,0,3,0,1,0,0,0,0,0,0,0,0,47;23;25;22,,,117,0,0,3,3,0,0,1.0,0,0,0,0,0,3,0,38.0,98,0,0,2,1,0,0,0,0,78
2001,17,CIN,REG,2001_17_CIN_TEN,TEN,28,48,340,0,2,1,-4,0,0,12,340,16,6.98722598990151,,0,13,7,5,0,27,100,2,1,1,6,-3.99040160019649,0,2,2,1,0,28,47,340,0,0,0,12,0,16,7.09172893762643,0,13,7,5,0,0,44,4,8,6,33,2,3,35,2,0,0,5,0,1,0,0,1,0,2,0,0,5,90,3,1,1,0,2,1,1,0,3,54,3,3,0,0,34.0,1.0,0,0,3,0,0,0,0,0,0,0,0,0,30;33;34,,,97,0,0,2,2,0,0,1.0,1,1,0,0,34,4,0,38.0,139,0,0,1,1,0,2,7,0,112
2001,17,CLE,REG,2001_17_CLE_PIT,PIT,13,26,150,0,2,4,-45,0,0,38,150,6,-11.8614616341656,,0,7,5,0,0,19,68,1,0,0,5,-1.52286641896353,0,2,2,1,0,13,26,150,0,0,0,38,0,6,-5.65194301994052,0,7,5,0,0,0,31,24,28,3,15,0,2,14,2,3,19,6,0,0,0,0,0,0,0,0,0,6,70,2,1,0,0,1,1,2,16,5,84,0,0,0,0,,,0,0,0,0,0,0,0,0,0,0,0,0,,,,0,0,0,1,1,0,0,1.0,0,0,0,0,0,7,0,45.0,263,2,0,1,0,1,5,15,0,248
2001,17,DAL,REG,2001_17_DAL_DET,DET,11,26,158,0,1,0,0,0,0,41,158,7,-0.933430341538042,,0,6,4,4,0,27,106,1,0,0,5,-0.306195445274405,0,2,2,1,0,11,26,158,0,0,0,41,0,7,-0.933430341538042,0,6,4,4,0,0,43,3,15,4,5,0,0,0,0,0,0,5,0,0,0,0,0,0,0,0,0,9,99,4,0,0,0,0,0,2,9,2,54,1,1,0,0,33.0,1.0,0,0,1,0,0,0,0,0,0,0,0,0,33,,,33,0,0,1,1,0,0,1.0,0,0,0,0,0,6,0,47.0,242,3,0,0,0,2,4,23,0,219
2001,17,DEN,REG,2001_17_DEN_IND,IND,16,32,151,1,4,5,-47,1,0,28,151,8,-21.5485876557202,,0,6,3,1,0,25,115,0,0,0,9,2.58364113199059,0,3,2,0,0,16,32,151,1,0,0,28,0,8,-14.1911822224926,0,6,3,1,0,0,46,12,12,5,14,0,1,7,1,1,0,4,0,0,0,0,1,0,0,0,0,2,15,4,1,0,0,1,0,2,14,8,177,1,2,1,0,25.0,0.5,0,1,0,0,0,0,0,0,0,0,1,0,25,54,,25,54,0,1,1,0,0,1.0,0,0,0,0,0,5,0,52.0,228,3,1,1,0,1,2,37,0,191
2001,17,DET,REG,2001_17_DAL_DET,DAL,24,40,242,2,0,0,0,0,0,0,242,13,4.73289239006325,,0,11,5,3,0,28,124,0,0,0,6,-6.56311079277657,0,3,3,2,0,24,39,242,2,0,0,0,0,13,6.1462751711069,0,11,5,3,0,0,34,0,14,0,0,0,0,0,0,1,0,4,0,0,0,0,0,0,0,0,0,1,5,4,0,0,0,0,0,4,23,2,26,1,3,2,0,47.0,0.333333333333333,0,0,0,1,0,0,0,0,0,0,2,0,47,51;51,,47,102,0,0,0,0,0,,0,0,0,0,0,5,0,47.0,199,3,1,2,0,0,2,9,0,190
2001,17,GB,REG,2001_17_GB_NYG,NYG,15,30,315,2,0,1,-7,0,0,0,315,12,15.8351960479675,,0,12,6,6,3,26,105,2,2,1,5,-1.93107248051092,0,2,1,1,0,15,29,315,2,0,0,0,0,12,17.3559714535412,0,12,6,6,3,0,41,23,23,3,11,2,1,8,0,2,9,6,0,0,0,0,1,-1,1,11,0,3,15,3,0,2,0,2,1,3,8,4,138,2,3,1,0,44.0,0.666666666666667,0,0,0,2,0,0,0,0,0,1,0,0,44;43,45,,87,45,0,4,4,0,0,1.0,0,0,0,0,0,5,0,50.0,220,1,0,0,1,0,4,6,0,194
2001,17,IND,REG,2001_17_DEN_IND,DEN,16,30,191,2,1,1,-7,0,0,37,191,13,2.71388314467207,,0,10,3,2,1,35,151,0,0,0,7,-6.08211753756041,0,4,3,0,0,16,30,191,2,0,0,37,0,13,4.2010638823342,0,10,3,2,1,0,40,16,16,5,47,1,5,47,4,4,45,9,0,0,0,0,0,0,0,0,0,3,20,2,0,0,0,0,0,2,37,3,68,5,5,0,0,45.0,1.0,0,3,0,2,0,0,0,0,0,0,0,0,22;40;45;22;25,,,154,0,0,2,2,0,0,1.0,0,0,0,0,0,3,0,52.0,145,1,0,0,0,1,2,14,0,131
2001,17,JAC,REG,2001_17_JAX_CHI,JAX,19,36,189,2,3,4,-43,0,0,15,189,11,,,0,8,3,1,0,16,91,0,0,0,5,,0,2,2,1,0,19,36,189,2,0,0,15,0,11,,0,8,3,1,0,0,59,6,6,4,7,1,1,6,0,0,0,2,0,0,0,0,0,0,1,3,0,3,14,3,0,0,0,0,0,0,0,7,101,0,1,0,1,,0.0,0,0,0,0,0,0,0,0,0,0,0,0,,,36,0,0,36,1,2,1,0,0.5,0,0,0,0,0,5,0,40.0,175,1,1,1,1,0,2,25,0,130
2001,17,KC,REG,2001_17_KC_SEA,SEA,15,33,184,1,1,3,-2,1,0,21,184,10,-3.27365885686939,,1,6,4,3,1,28,126,1,0,0,6,0.422123944648774,0,3,1,1,0,15,32,184,1,0,0,21,0,10,-0.481132306249292,1,6,4,3,1,0,43,16,16,4,13,0,1,9,1,2,15,8,0,0,0,0,1,0,0,0,0,2,15,6,1,0,0,1,0,1,3,4,75,1,3,2,0,27.0,0.333333333333333,0,1,0,0,0,0,0,0,0,1,1,0,27,43;53,,27,96,0,1,1,0,0,1.0,0,0,0,0,0,6,0,42.0,238,0,1,0,0,1,4,28,0,210
2001,17,MIA,REG,2001_17_BUF_MIA,BUF,9,16,110,1,0,3,-23,0,0,0,110,6,-1.86164613361083,,0,4,3,1,0,43,202,2,1,0,12,5.7299667486305,0,9,7,1,0,9,16,110,1,0,0,0,0,6,3.13382926942237,0,4,3,1,0,0,30,0,22,6,12,1,2,9,1,3,100,9,1,0,0,0,0,0,0,0,0,7,56,3,1,0,1,1,0,4,72,2,31,2,3,1,0,22.0,0.666666666666667,0,2,0,0,0,0,0,0,0,1,0,0,22;20,49,,42,49,0,4,4,0,0,1.0,0,0,0,0,0,5,0,56.0,232,5,0,4,0,0,1,-10,0,242
2001,17,MIN,REG,2001_17_MIN_BAL,BAL,14,30,115,0,2,5,-22,1,1,39,115,5,-23.8837766270007,,0,3,1,1,0,21,86,0,0,0,5,-0.141338732733857,0,3,2,0,0,14,30,115,0,1,1,39,0,5,-16.5143167493516,0,3,1,1,0,0,41,17,17,4,23,0,2,21,2,0,0,5,0,1,0,0,1,0,0,0,0,4,42,5,3,0,0,3,2,6,56,4,60,1,1,0,0,26.0,1.0,0,1,0,0,0,0,0,0,0,0,0,0,26,,,26,0,0,0,0,0,0,,0,0,0,0,0,8,0,47.0,294,4,2,3,0,0,3,23,0,271
2001,17,NE,REG,2001_17_NE_CAR,CAR,17,29,198,1,2,1,-2,1,0,38,198,12,2.60010840290383,,0,9,5,2,0,36,102,1,1,1,4,-8.69066392752575,0,1,1,1,0,17,29,198,1,0,0,38,0,12,3.83702878805966,0,9,5,2,0,1,47,4,10,3,16,1,3,15,2,3,131,13,2,0,0,0,1,0,3,0,0,6,70,5,2,0,0,2,1,2,70,3,73,1,1,0,0,19.0,1.0,1,0,0,0,0,0,0,0,0,0,0,0,19,,,19,0,0,5,5,0,0,1.0,0,0,0,0,0,6,0,46.0,227,4,0,1,0,2,3,9,0,218
2001,17,NO,REG,2001_17_SF_NO,SF,21,34,119,0,4,3,-33,0,0,117,119,9,-17.905587876332,,0,4,1,1,0,17,40,0,4,2,2,-18.3072645847569,0,1,1,0,0,21,34,119,0,0,0,117,0,9,-13.1728701294633,0,4,1,1,0,0,50,9,9,2,7,1,2,15,1,0,0,3,0,0,0,0,1,0,1,0,0,3,23,2,3,1,0,4,2,2,3,7,182,0,0,0,0,,,0,0,0,0,0,0,0,0,0,0,0,0,,,,0,0,0,0,0,0,0,,0,0,0,0,0,5,0,43.0,198,3,0,0,0,3,2,3,0,195
2001,17,NYG,REG,2001_17_GB_NYG,GB,36,59,386,1,2,1,-8,1,1,31,386,19,2.80147428888307,,0,11,8,7,0,21,146,2,2,0,6,4.73381217474537,1,4,3,1,1,36,57,386,1,1,0,31,0,19,9.48091069471269,0,12,8,6,0,0,22,25,25,3,11,0,1,7,1,0,0,4,0,0,0,0,2,-9,1,0,0,6,64,1,2,2,1,4,1,4,6,6,101,1,2,1,0,27.0,0.5,0,1,0,0,0,0,0,0,0,0,1,0,27,55,,27,55,0,2,2,0,0,1.0,0,0,0,0,0,4,0,52.0,187,2,0,0,0,1,3,8,0,179
2001,17,NYJ,REG,2001_17_NYJ_OAK,LV,18,29,230,1,2,3,-22,1,0,25,230,10,-1.50445692955646,,0,9,5,4,1,22,94,1,1,1,4,-5.5657369052642,0,2,2,1,1,18,29,230,1,0,0,25,0,10,2.16256732978262,0,9,5,4,1,1,36,23,23,4,12,0,1,6,1,0,0,5,0,0,0,4,1,0,0,0,0,7,60,3,2,0,0,2,1,3,49,6,105,1,1,0,0,53.0,1.0,0,0,0,0,1,0,0,0,0,0,0,0,53,,,53,0,0,3,3,0,0,1.0,0,0,0,0,0,5,0,47.0,162,2,0,1,0,3,1,13,0,149
2001,17,OAK,REG,2001_17_NYJ_OAK,NYJ,23,38,224,1,0,1,-6,0,0,0,224,9,,,0,7,6,3,0,30,119,1,0,0,7,,0,2,1,0,0,23,37,224,1,0,0,0,0,9,,0,7,6,3,0,0,33,16,16,4,21,2,3,22,3,2,55,6,0,0,0,0,0,0,1,0,0,5,35,3,0,0,0,0,0,1,13,4,91,3,4,1,0,44.0,0.75,0,1,1,1,0,0,0,1,0,0,0,0,23;44;37,28,,104,28,0,1,2,1,0,0.5,0,0,0,0,0,5,1,58.0,239,0,0,0,2,0,3,49,0,150
2001,17,PHI,REG,2001_17_PHI_TB,TB,15,28,194,2,2,1,-9,0,0,18,194,10,1.55114183552914,,0,10,5,2,0,25,111,0,0,0,5,-0.4774964764365,0,4,4,0,0,15,27,194,2,0,0,18,0,10,5.11265395303608,0,10,5,2,0,0,33,19,23,4,31,1,3,29,3,1,11,2,0,0,0,0,0,0,1,0,0,11,95,1,0,0,0,0,0,4,19,4,88,1,3,2,0,47.0,0.333333333333333,0,0,0,1,0,0,0,0,1,0,1,0,47,34;50,,47,84,0,2,2,0,0,1.0,0,0,0,0,0,4,0,50.0,162,1,0,0,1,1,2,4,0,138
2001,17,PIT,REG,2001_17_CLE_PIT,CLE,14,24,169,1,3,2,-14,0,0,36,169,7,-4.65438424365129,,0,6,4,4,1,36,221,2,1,0,11,10.8820918165729,0,7,7,2,0,14,24,169,1,0,0,36,0,7,-2.04538527212571,0,6,4,4,1,0,27,14,20,5,55,1,4,45,4,2,7,5,0,1,0,0,3,-1,1,32,1,7,42,1,0,4,1,4,0,5,15,2,30,0,0,0,0,,,0,0,0,0,0,0,0,0,0,0,0,0,,,,0,0,0,4,4,0,0,1.0,0,0,0,0,0,5,0,51.0,208,3,1,0,1,1,2,16,0,172
2001,17,SEA,REG,2001_17_KC_SEA,KC,22,39,248,2,2,1,-9,0,0,25,248,11,2.35536121322458,,0,9,6,4,1,33,150,1,0,0,9,-2.54158910067054,0,4,4,1,1,22,39,248,2,0,0,25,0,11,4.32397296397631,0,9,6,4,1,0,37,16,16,1,2,1,3,2,3,1,22,8,0,0,0,0,1,0,0,0,0,4,30,4,0,1,0,1,0,4,28,3,58,0,1,1,0,,0.0,0,0,0,0,0,0,0,0,0,1,0,0,,44,,0,44,0,3,3,0,0,1.0,0,0,0,0,0,4,1,43.0,150,1,1,1,0,1,1,3,0,147
2001,17,SF,REG,2001_17_SF_NO,NO,16,23,284,4,0,2,-15,1,1,0,284,12,15.3439356979679,,0,10,7,5,2,41,138,1,0,0,9,-2.70851026158198,0,3,2,0,0,16,23,284,4,0,0,0,0,12,21.7132739601075,0,10,7,5,2,0,44,5,5,8,49,3,3,33,3,4,29,4,0,0,0,0,0,0,2,20,0,0,0,2,1,0,0,1,1,2,3,1,19,1,1,0,0,39.0,1.0,0,0,1,0,0,0,0,0,0,0,0,0,39,,,39,0,0,5,5,0,0,1.0,0,0,0,0,0,4,0,48.0,161,1,0,1,0,1,2,3,0,158
2001,17,STL,REG,2001_17_ATL_STL,LA,25,30,280,3,3,2,-14,0,0,42,280,13,,,0,10,6,3,1,29,192,1,0,0,10,,0,4,4,2,1,25,30,280,3,2,0,42,0,13,,0,10,6,3,1,0,43,3,3,7,29,2,5,17,3,1,43,4,0,0,0,0,1,0,2,0,0,1,10,3,2,0,1,2,0,1,8,3,69,1,2,1,0,24.0,0.5,0,1,0,0,0,0,0,0,0,1,0,0,24,42,,24,42,0,4,4,0,0,1.0,0,0,0,0,0,2,0,58.0,99,0,1,0,1,0,0,0,0,79
2001,17,TB,REG,2001_17_PHI_TB,PHI,22,32,194,0,1,3,-29,0,0,13,194,9,-5.12705928790951,,0,7,2,1,0,25,71,1,0,0,4,-2.29021112556802,0,2,2,0,0,22,31,194,0,0,0,13,0,9,-2.52075611828463,0,7,2,1,0,0,19,25,31,1,2,0,1,9,2,2,2,6,0,0,0,0,1,-9,0,0,0,1,10,3,1,1,0,2,1,2,4,4,74,2,2,0,0,42.0,1.0,0,1,0,1,0,0,0,0,0,0,0,0,42;23,,,65,0,0,1,1,0,0,1.0,0,0,0,0,0,6,0,54.0,231,2,1,0,1,0,4,19,0,192
2001,17,TEN,REG,2001_17_CIN_TEN,CIN,18,32,307,2,0,3,-35,1,0,0,307,12,6.00836644315859,,0,11,8,5,1,23,57,1,1,1,2,-6.71242271363735,0,0,0,0,0,18,32,307,2,0,0,0,0,12,11.9983755442081,0,11,7,5,1,0,43,11,15,2,7,1,1,4,1,2,3,6,0,1,0,0,1,0,1,7,0,11,95,5,2,1,0,3,2,2,7,6,104,0,0,0,0,,,0,0,0,0,0,0,0,0,0,0,0,0,,,,0,0,0,3,3,0,0,1.0,0,0,0,0,0,6,0,39.0,186,1,0,1,1,3,1,0,0,166
2001,17,WAS,REG,2001_17_ARI_WAS,ARI,14,26,162,1,1,0,0,0,0,8,162,10,-4.15038787447763,,0,9,2,2,0,49,178,1,2,0,12,-3.2240458261096,1,5,3,0,0,14,24,162,1,0,0,8,0,10,-2.3853783476158,0,9,2,2,0,0,31,1,9,3,14,0,2,12,2,1,0,3,0,0,0,0,3,-10,0,0,0,3,20,2,1,2,0,3,0,3,19,4,62,2,2,0,0,36.0,1.0,0,0,2,0,0,0,0,0,0,0,0,0,36;33,,,69,0,0,0,0,0,0,,0,0,0,0,0,4,0,47.0,182,2,0,0,1,0,3,13,0,149
2001,18,BAL,POST,2001_18_BAL_MIA,MIA,12,18,133,1,0,1,-12,0,0,0,133,7,6.31051785386147,,0,6,2,1,1,50,226,1,0,0,12,3.90050459528941,0,4,3,0,0,12,18,133,1,0,0,0,0,7,8.11005943443161,0,6,2,1,1,0,30,0,16,1,2,3,3,17,2,1,26,4,0,0,0,0,0,0,2,0,0,5,35,4,1,0,0,1,1,2,3,2,22,2,3,1,0,40.0,0.666666666666667,0,0,1,1,0,0,0,0,0,1,0,0,35;40,40,,75,40,0,2,2,0,0,1.0,0,0,0,0,0,4,0,51.0,182,1,1,0,1,0,2,9,0,153
2001,18,GB,POST,2001_18_SF_GB,SF,22,29,269,2,1,1,-7,0,0,26,269,14,13.7046083958705,,0,11,4,2,1,28,106,1,0,0,6,-4.19517559057567,0,3,2,0,0,22,29,269,2,0,0,26,0,14,14.8895620951082,0,11,4,2,1,0,33,15,19,4,21,1,2,14,2,1,0,7,0,1,0,0,0,0,1,0,0,3,25,2,0,1,1,1,0,1,35,3,24,2,2,0,0,45.0,1.0,0,1,0,1,0,0,0,0,0,0,0,0,26;45,,,71,0,0,1,2,0,1,0.5,0,0,0,0,0,3,0,57.0,143,2,0,3,0,0,0,0,0,143
2001,18,MIA,POST,2001_18_BAL_MIA,BAL,15,28,122,0,1,3,-17,1,1,40,122,6,-11.6749997914303,,0,5,2,1,0,15,46,0,1,1,1,-8.4703439669988,0,1,0,0,0,15,28,122,0,1,0,40,0,6,-5.76410609867889,0,5,2,1,0,0,47,0,34,6,17,1,1,12,1,0,0,2,0,0,0,0,0,0,1,0,0,6,36,3,3,0,1,3,2,2,9,5,115,1,1,0,0,33.0,1.0,0,0,1,0,0,0,0,0,0,0,0,0,33,,,33,0,0,0,0,0,0,,0,0,0,0,0,5,0,52.0,237,2,0,1,1,1,2,3,0,214
2001,18,NYJ,POST,2001_18_NYJ_OAK,LV,26,40,268,3,0,1,-3,0,0,0,268,11,9.59820854516599,,0,10,8,6,0,23,145,0,0,0,8,8.14083615073469,0,5,4,1,0,26,39,268,3,1,1,0,0,11,5.09378362730511,0,10,8,7,0,0,41,18,19,2,8,0,1,7,1,0,0,1,0,0,0,0,0,0,0,0,0,0,0,4,1,1,0,2,2,0,0,8,210,1,3,1,1,45.0,0.333333333333333,0,0,0,1,0,0,0,0,0,1,0,0,45,45,41,45,45,41,3,3,0,0,1.0,0,0,0,0,0,1,0,24.0,24,1,0,0,0,1,0,0,0,24
2001,18,OAK,POST,2001_18_NYJ_OAK,LV,23,29,294,2,0,1,-7,0,0,0,294,15,,,0,12,7,6,1,31,215,2,0,0,8,,1,3,3,2,1,23,29,294,2,0,0,0,0,15,,0,12,7,6,1,0,43,11,11,2,4,1,1,3,1,0,0,5,0,0,0,0,0,0,2,13,0,5,76,2,0,0,0,0,0,0,0,5,91,3,3,0,0,45.0,1.0,0,1,0,2,0,0,0,0,0,0,0,0,21;41;45,,,107,0,0,3,3,0,0,1.0,0,0,0,0,0,2,0,49.0,89,0,0,0,2,0,0,0,0,49
2001,18,PHI,POST,2001_18_TB_PHI,TB,16,25,194,2,1,3,-8,1,0,12,194,8,2.73003279779569,,0,6,5,4,1,29,148,1,0,0,6,3.86513771663886,0,3,2,2,0,16,24,194,2,0,0,12,0,8,7.25830082514786,0,6,5,4,1,0,49,0,16,4,14,0,1,7,1,4,59,7,1,0,0,0,1,0,0,0,0,7,59,4,1,0,0,1,0,2,10,3,52,1,1,0,0,26.0,1.0,0,1,0,0,0,0,0,0,0,0,0,0,26,,,26,0,0,4,4,0,0,1.0,0,0,0,0,0,6,0,47.0,226,3,0,1,1,1,3,10,0,196
2001,18,SF,POST,2001_18_SF_GB,GB,22,32,233,1,1,2,-14,0,0,34,233,13,6.66558559718662,,1,11,5,2,0,21,71,1,1,0,5,0.928452072374057,0,2,0,0,0,22,32,233,1,0,0,34,0,13,9.3782344916109,1,11,5,2,0,0,35,14,22,6,12,0,1,7,1,1,4,2,0,0,0,0,1,-2,0,0,0,3,30,3,1,1,0,2,1,0,0,6,112,0,1,0,1,,0.0,0,0,0,0,0,0,0,0,0,0,0,0,,,34,0,0,34,1,1,0,0,1.0,0,0,0,0,0,5,0,45.0,183,3,0,2,0,2,1,35,0,148
2001,18,TB,POST,2001_18_TB_PHI,PHI,22,36,202,0,4,1,-7,0,0,85,202,11,-12.547411808211,,0,8,4,1,1,24,63,0,0,0,3,-6.41437966190279,0,1,1,0,0,22,36,202,0,0,0,85,0,11,-10.5395738945134,0,8,4,1,1,0,38,0,26,5,13,1,3,8,2,1,9,4,0,0,0,0,1,0,0,0,0,4,28,4,0,1,0,1,0,3,10,6,138,3,3,0,0,36.0,1.0,0,1,2,0,0,0,0,0,0,0,0,0,36;32;27,,,95,0,0,0,0,0,0,,0,0,0,0,0,5,0,48.0,208,0,0,3,0,0,2,10,0,198
2001,19,BAL,POST,2001_19_BAL_PIT,PIT,18,37,153,0,3,3,-25,0,0,58,153,6,-18.2931104577124,,0,3,2,2,0,11,22,0,0,0,0,-4.16227266454371,0,0,0,0,0,18,37,153,0,1,1,58,0,6,-17.1925892517879,0,3,2,2,0,1,49,17,21,7,27,3,2,11,3,1,18,4,0,0,0,0,0,0,0,0,0,9,65,4,1,0,0,1,1,3,99,6,115,1,1,0,0,26.0,1.0,0,1,0,0,0,0,0,0,0,0,0,0,26,,,26,0,0,1,1,0,0,1.0,0,0,0,0,0,8,0,52.0,299,0,2,1,0,0,5,67,0,232
2001,19,CHI,POST,2001_19_PHI_CHI,PHI,11,22,89,0,3,2,-16,0,0,41,89,2,-15.729296759353,,0,5,0,0,0,23,111,1,0,0,6,2.17641485101755,0,2,2,1,1,11,22,89,0,0,0,41,0,2,-12.9642548627453,0,5,0,0,0,0,52,8,8,6,18,0,2,13,2,1,39,5,1,0,1,0,0,0,0,0,0,1,5,3,1,0,0,1,1,2,13,8,180,1,1,0,0,38.0,1.0,0,0,1,0,0,0,0,0,0,0,0,0,38,,,38,0,0,2,2,0,0,1.0,0,0,0,0,0,5,0,54.0,191,1,1,2,0,0,2,27,0,164
2001,19,GB,POST,2001_19_GB_STL,LA,26,44,281,2,6,2,-16,0,0,60,281,13,-28.9216212917693,,0,12,4,3,0,22,118,0,1,1,6,-3.1117584813619,0,4,3,1,1,26,44,281,2,1,1,60,0,13,-28.9352652019464,0,12,4,3,0,0,44,4,4,7,22,0,2,15,2,1,0,6,0,0,0,0,1,-2,0,0,0,3,20,1,2,1,0,3,2,1,6,7,132,1,1,0,0,28.0,1.0,0,1,0,0,0,0,0,0,0,0,0,0,28,,,28,0,0,2,2,0,0,1.0,0,0,0,0,0,3,0,46.0,131,2,0,0,0,2,1,6,0,125
2001,19,NE,POST,2001_19_OAK_NE,LV,32,52,312,0,1,2,-15,1,0,21,312,17,-0.147632347006063,,0,12,6,4,0,30,68,1,0,0,5,-7.30908700220875,0,1,1,0,0,32,51,312,0,0,0,21,0,17,3.27522125183075,0,12,6,4,0,0,19,27,27,2,7,0,1,6,1,0,0,6,0,2,0,0,3,0,0,0,0,1,15,6,3,0,0,3,0,5,49,5,95,3,3,0,0,45.0,1.0,0,2,0,1,0,0,0,0,0,0,0,0,23;45;23,,,91,0,0,1,1,0,0,1.0,1,1,0,0,23,8,0,43.0,280,1,1,2,1,3,1,-3,0,263
2001,19,OAK,POST,2001_19_OAK_NE,LV,17,31,159,1,0,1,-6,0,0,0,159,10,,,0,10,2,1,0,30,77,0,0,0,4,,0,2,1,0,0,17,31,159,1,0,0,0,0,10,,0,10,2,1,0,0,36,38,38,2,9,3,2,15,1,1,5,8,0,0,0,0,0,0,0,0,0,4,20,4,0,0,0,0,0,1,-3,4,91,2,2,0,0,45.0,1.0,0,0,1,1,0,0,0,0,0,0,0,0,38;45,,,83,0,0,1,1,0,0,1.0,0,0,0,0,0,9,0,51.0,352,1,0,2,2,0,5,49,0,263
2001,19,PHI,POST,2001_19_PHI_CHI,CHI,26,40,262,2,1,2,-13,0,0,3,262,13,5.10036827816583,,0,8,2,2,1,31,87,1,0,0,6,-1.87664381577633,0,2,2,0,0,26,39,262,2,0,0,3,0,13,8.63615738542938,0,8,2,2,1,0,41,3,3,4,19,1,2,16,2,3,33,6,0,0,0,0,0,0,1,0,0,6,60,4,0,0,0,0,0,2,27,4,84,4,4,0,0,46.0,1.0,0,1,1,2,0,0,0,0,0,0,0,0,34;23;40;46,,,143,0,0,3,3,0,0,1.0,0,0,0,0,0,4,0,49.0,166,1,0,1,0,1,2,13,0,153
2001,19,PIT,POST,2001_19_BAL_PIT,BAL,12,22,154,1,1,2,-11,0,0,2,154,8,-2.09716701836284,,0,7,4,2,0,49,154,2,2,0,11,-1.39401654280317,0,3,2,1,0,12,22,154,1,0,0,2,0,8,0.706147604791376,0,7,4,2,0,0,25,14,18,3,25,1,3,25,3,3,51,12,0,0,0,0,2,0,1,0,0,5,50,4,3,0,1,3,0,5,67,3,72,2,3,1,0,46.0,0.666666666666667,0,1,0,1,0,0,0,0,1,0,0,0,21;46,35,,67,35,0,3,3,0,0,1.0,0,0,0,0,0,6,0,47.0,242,2,1,0,1,1,3,99,1,123
2001,19,STL,POST,2001_19_GB_STL,GB,18,30,216,2,1,2,-15,0,0,34,216,8,,,0,7,5,3,1,22,91,1,0,0,5,,0,2,2,1,0,18,30,216,2,0,0,34,0,8,,0,7,5,3,1,0,46,10,10,7,26,2,2,16,2,6,161,15,0,0,0,0,0,0,2,5,0,4,30,4,0,0,0,0,0,1,6,3,76,1,1,0,0,27.0,1.0,0,1,0,0,0,0,0,0,0,0,0,0,27,,,27,0,0,6,6,0,0,1.0,0,0,0,0,0,5,0,53.0,210,2,1,2,1,0,1,6,0,184
2001,20,NE,POST,2001_20_NE_PIT,PIT,22,39,217,1,0,4,-25,0,0,0,217,11,-1.92192267099287,,0,10,3,2,0,25,67,0,0,0,4,-5.14566973393085,0,1,1,0,0,22,39,217,1,0,0,0,0,11,2.54893136953345,0,10,3,2,0,2,37,11,17,6,12,0,3,7,4,3,30,7,0,0,0,60,0,0,1,1,0,12,87,6,0,0,0,0,0,3,80,3,83,1,2,1,0,44.0,0.5,0,0,0,1,0,0,0,0,0,0,1,0,44,50,,44,50,0,3,3,0,0,1.0,0,0,0,0,0,7,0,52.0,274,2,2,1,1,0,3,29,0,225
2001,20,PHI,POST,2001_20_PHI_STL,LA,18,30,171,1,1,3,-25,1,1,18,171,9,-1.50618412213136,,0,9,2,0,0,22,110,2,0,0,7,4.07716075045755,0,3,2,2,0,18,30,171,1,0,0,18,0,9,5.98107150515805,0,9,2,0,0,0,56,5,5,4,8,2,1,2,0,0,0,3,0,0,0,0,0,0,0,0,0,2,15,6,1,0,0,1,1,2,20,7,148,1,1,0,0,46.0,1.0,0,0,0,1,0,0,0,0,0,0,0,0,46,,,46,0,0,3,3,0,0,1.0,0,0,0,0,0,4,0,48.0,157,1,0,0,0,3,1,0,0,157
2001,20,PIT,POST,2001_20_NE_PIT,NE,24,42,255,0,3,3,-7,0,0,78,255,14,-0.716328929086149,,0,13,3,1,0,22,58,2,2,1,4,-9.56562725931872,0,2,1,1,0,24,42,255,0,0,0,78,0,14,1.58825722404204,0,13,3,1,0,0,34,18,24,6,31,0,4,25,4,0,0,8,0,0,0,0,1,-3,0,0,0,3,25,5,0,2,0,2,1,3,29,5,86,1,2,0,1,30.0,0.5,0,0,1,0,0,0,0,0,0,0,0,0,30,,34,30,0,34,2,2,0,0,1.0,0,0,0,0,0,6,0,53.0,258,2,2,0,0,1,3,80,1,178
2001,20,STL,POST,2001_20_PHI_STL,PHI,22,33,212,1,0,1,-2,1,0,0,212,13,,,0,11,5,2,0,33,161,2,0,0,9,,0,4,4,3,0,22,33,212,1,0,0,0,0,13,,0,11,5,2,0,0,41,8,8,3,18,1,3,25,2,1,0,4,0,0,0,0,2,4,1,0,0,6,38,5,2,0,0,2,0,1,0,4,117,3,4,1,0,41.0,0.75,0,1,1,1,0,0,0,0,0,0,1,0,27;39;41,53,,107,53,0,2,2,0,0,1.0,0,0,0,0,0,3,0,51.0,135,1,0,0,0,1,2,20,0,115
2001,21,NE,POST,2001_21_STL_NE,LA,16,27,145,1,0,2,-11,0,0,0,145,8,-3.4275117612886,,0,6,3,2,0,25,133,0,0,0,6,0.220903329574929,0,4,3,1,0,16,23,145,1,0,0,0,0,8,-0.513019270903897,0,6,3,2,0,0,44,12,12,2,21,1,3,28,3,2,77,11,1,0,0,0,0,0,1,15,0,5,31,6,0,0,0,0,0,1,4,4,100,2,2,0,0,48.0,1.0,0,0,1,1,0,0,0,0,0,0,0,0,37;48,,,85,0,0,2,2,0,0,1.0,1,1,0,0,48,8,0,53.0,345,4,1,0,2,2,3,6,0,299
2001,21,STL,POST,2001_21_STL_NE,LA,28,44,365,1,2,3,-28,0,0,16,365,16,,,0,17,8,6,0,22,90,1,0,0,7,,0,3,3,0,0,28,43,365,1,1,1,16,0,16,,0,17,8,6,0,0,30,19,19,5,12,0,2,11,2,0,0,2,0,0,0,0,1,0,0,0,0,6,39,5,1,1,0,2,1,3,6,4,82,1,2,1,0,50.0,0.5,0,0,0,0,1,0,0,0,0,0,1,0,50,52,,50,52,0,2,2,0,0,1.0,0,0,0,0,0,4,0,49.0,159,3,1,0,1,1,1,4,0,135
